generation_parameter_id,scenario,shape,x,y,sigma,amplitude,onset,duration,rate,exponent,displacement_noise,tilt_noise,strain_noise,drift,sensor_fault
4719811d203eadb1f5e243851b7146065b46b8a1a1dca71bc82d64e40abae20d,stable_ground,exponential,-187.5,37.5,85.39732092110096,2139.9311025927886,1.8391440605113827,16.787926230107892,2.876659674897342,2.191839735442798,0.3065007228274206,0.014837152531477871,1.1078448423643917e-06,-1.363961817965055,NONE
405469f16ffde51a6713a5e2d2a06fc090ce5e59ba02c992822dd04e24175bfc,stable_ground,power,-112.5,-37.5,75.49183318107166,2144.7087106807708,0.06600113024844223,18.319043671291457,1.3457461414089138,1.6252045608237062,0.7473979170664387,0.016970987655022342,1.5390869227845238e-06,-0.007110607507507916,NONE
ba6b5a8079bd01fba1db2852b4250e1ad6e49303ced181a921421d7e66a65191,stable_ground,power,-37.5,112.5,77.10712966520951,2574.787000150532,0.5036033154211295,5.689462370824984,2.200892449292579,1.7710741901464153,0.3982828824987662,0.0074693660851602155,1.4362969187191913e-06,1.4415688860800882,NONE
8fb61b72ea1c6280fd8e54607bc49648ad54ebe0d06cca2cab060013afa0db9d,stable_ground,power,-37.5,-37.5,87.84380381517585,2765.025528377144,4.096067469491949,9.137233009793594,1.4719220030720426,1.2068071110409857,0.8588802013999779,0.012209144882251208,1.2532771835754378e-06,1.3324270963844653,NONE
921f34ee062c749ba1139b82e732411f5a4da8cb41320258e7913dfb813862dd,stable_ground,exponential,-62.5,212.5,61.047731496931036,1593.0821672969003,5.198930367603891,16.25404341944332,2.830283740411042,1.2033836019883122,0.36370032798681795,0.017761583087351006,1.5372214227435404e-07,0.7142249280921891,NONE
8521e016b212fcae4698e583d7b3a0b6c40e2bbb750303c06f6be540891db645,stable_ground,exponential,-112.5,237.5,67.52029787603745,2258.4248203480643,5.859667225462503,22.337642511817393,0.3767937251222605,1.9876131875742915,0.5643380563687618,0.014263059678773905,1.4256367949713348e-06,-0.6338711296089686,NONE
639efab984d7d2e1509fe82c0e53c8e2ddc9c244edffce0e3c438896a93af184,stable_ground,power,112.5,-87.5,53.29317355428382,1866.0310942481915,0.468044073024491,7.248196814388331,2.623015829493673,1.5715733330065973,0.31405688669824916,0.017351335000448463,1.108513935154261e-06,-0.5462754134266082,NONE
ad83405311fa4b5ab60aa83d852fbc9c37c89a92fc8bb6f219ad055b2d9a15fc,stable_ground,power,-37.5,212.5,53.62897214278034,1749.8024826337773,4.430292564414561,18.658031674513946,0.8584287724017329,1.3077190425977878,0.9358578418220398,0.008633764671382757,1.948285528883808e-07,0.8895132843593335,NONE
948e7bece038dd837d9e25dc716918c3d4b81d939f874a707c940a1ccc4a0670,stable_ground,ramp,-162.5,112.5,63.511740369794694,1464.3265949264253,4.417902301908424,10.29609345346756,2.105411174005484,1.9766237996697378,0.4454818483971503,0.011949472557719526,1.9348702452441876e-06,-0.5576037366997602,NONE
f69679839652fb54c4b78cf63fd47d2bd58f34409507bd358c5d00754c1fae0a,stable_ground,exponential,-187.5,162.5,84.0201504247982,1527.6032959121503,0.9625807427200546,10.074442703897578,1.0277696564865517,2.101633942702315,0.8254547478915197,0.01980904908290203,1.6712035761942474e-06,-1.1503162194716856,NONE
fc1e51892511c319081d047cf1f5130db1c3f29497409fd7130be3de94cf7fc8,stable_ground,exponential,-87.5,112.5,50.628210663590735,1284.3509823929785,4.840025529541039,12.559566782402943,2.389760491323972,1.2021459660868814,0.9618981859499824,0.01885000381912891,1.4791785313564178e-06,-1.245332502405583,NONE
ac0d8c037d6fe6df199297b2cbfb51611fcd27cd53a11209ef7f603912d547c8,stable_ground,ramp,237.5,-37.5,72.50750675324159,1490.029038108007,5.638907542008221,8.535155718637984,1.2355057906976625,1.3824656657052314,0.9903119581288164,0.01076149638671986,7.469903383330521e-07,0.2005340572861688,NONE
3eb41e8ba45ab3baea6b244774b4ea4b2646e38890f04aa79fa284cc9e35b66f,stable_ground,ramp,187.5,-162.5,81.33912238919217,2790.988665722632,2.504789143380118,12.322819644024143,2.6615811620301884,1.937670855212734,0.7990037529348117,0.01209486797098394,1.342022118981851e-07,1.430573054503891,NONE
6db70d447fd0005b8a7d26c538706e4c3e889e0fb0940559a8bb880cc12bf401,stable_ground,exponential,-162.5,-137.5,66.21050209111581,1756.0921673722362,2.1660585856514567,21.413326773750534,1.3896186007633908,1.651136084846516,0.40978216608456575,0.01817392895342104,7.062058160417989e-07,0.08868609624198032,NONE
23c5825a34931b46a2cb6801ee4c81898d5e45851b4413af7ecd8c3c0d09e7ab,stable_ground,power,162.5,-62.5,74.43875165626069,1830.7319722071938,0.6262240465898496,19.561268751672944,0.47209514598069074,1.3751771243741775,0.960378155364199,0.005554544740681567,1.0164105444967175e-06,-0.8226832826673685,NONE
de7c5738b090c322d0a7d5dc53ef3bc03c14e066cdfe2f4fa5f721b960fabb4f,stable_ground,power,37.5,37.5,57.138940739089726,1781.0358207090137,3.7881318950844856,10.645358474162178,0.3607793869781485,2.3918754118300436,0.6482334784012722,0.012276351166860827,1.8849241726369251e-06,-0.12482631482543693,NONE
795b8dd973e4746281f0f34031c40f6c46ec88adb00f8b1596d10036f7c496f6,stable_ground,exponential,-112.5,-37.5,62.11505166025617,1930.996505740819,2.5433950922189195,18.980679512161153,0.4370134049130916,1.4920716565984202,0.8721960524879991,0.017950771611857198,7.973217643992347e-07,1.1510508048843613,NONE
47a73f5a65a1d0fbb01ca02c911cd1ba54531e298258f7bdc62fd93d0b4275d6,stable_ground,ramp,-62.5,137.5,60.35100688037634,1983.2301797517796,2.573491981306627,20.72325821041769,2.348231562063899,1.941042765834981,0.6987671408947354,0.01930875453495059,2.596643129678891e-07,1.0135979242538649,NONE
dd02db4b33440e122d3a35aae55a2c8862e432b1ae7811b7c52c371232e09e6a,stable_ground,power,-87.5,-212.5,56.05763819824119,2070.0491394417386,0.8079465697869024,14.056581995373852,2.025514671184926,1.729042729724293,0.6191126918986702,0.019891120387889417,1.790909721064865e-06,0.528761948688476,NONE
e9d6a89d564a065f1ea28a7e9b780c20c29a79a5e8d3a07c36ac7437e91f0147,stable_ground,power,12.5,-212.5,45.5805047221418,2934.2984837466424,5.310843235938533,7.036917379072972,0.9886485141379888,2.1567745363356297,0.88031897322572,0.00841001497537266,1.6244188104319543e-06,-0.8402745438313833,NONE
1f9ab52648f5d74d1d954e0663652360cae7d2bfbd6a5edf190ffd7d44b6b046,stable_ground,power,-162.5,-212.5,69.01850487972816,1363.194724756226,5.744316676159069,13.977526816121994,1.4311367976931362,1.5141995206929184,0.38921592070054506,0.01964336092555654,9.139921564465746e-07,-0.7096558288174345,NONE
3571200df911fa8af44ec52fc04c9ae7719bfb4f4e90753730f95276c4589db5,stable_ground,exponential,62.5,-12.5,56.780025507634214,2040.6555446226012,4.016283878613546,8.109218275929292,1.8902558191326206,1.384868305924415,0.35086110732886866,0.017236941842621558,7.042828471161515e-07,-0.4070078852512704,NONE
9e140874ad1232188327eb466f5c978e5b9b72e44869bb4a4213a81b86e65ecb,stable_ground,power,-187.5,62.5,84.97039586956954,1993.0835851782508,2.539492913737819,6.715688103117426,2.3427957165449222,2.188471896987599,0.7309138439453873,0.005261694914326688,1.3084286461770098e-06,1.2622631679926726,NONE
da69509c3d37328f7c3437cda97fd22b00de409320760baf1d027e69b7effe46,stable_ground,ramp,-162.5,112.5,81.0947223598129,2916.492001409516,4.166078838249187,8.278160851781514,2.938393900881618,1.8740460705683608,0.9957353096403156,0.019764591482588134,1.1630510640304073e-06,0.41141431687030894,NONE
524cf52a37b4a2a9301f6d9fb03157f713dce98741851a6b5cc886024f92bd32,stable_ground,power,212.5,37.5,80.88114851614371,2325.3616314837345,1.127666430737819,7.912770886317745,1.7409123020699033,1.332041988514497,0.8823863841213792,0.009230716935533786,9.713074539142293e-07,-1.2215264553201792,NONE
9059e12fd6da73b14dd945f9b3181196f77f5d81a043b9721457470d08e67779,stable_ground,exponential,-212.5,-112.5,61.5898216694636,2853.530194921432,1.8313021316170903,17.532294939471285,1.7725922270090892,1.8067379046784904,0.26796411408315046,0.015462893624590027,1.854719358855699e-06,-0.18576515759015721,NONE
2419edcd789bff9ff89e3142aad7639f810c9ae902721687a37a525b2ed35ed7,stable_ground,power,12.5,-187.5,60.65112117737592,1618.7592339829355,5.15968345101628,17.365690631051265,0.988693078427968,1.937348465030951,0.4698963975554138,0.010963124714892533,1.7368325718933726e-06,-1.03057636447872,NONE
2e2f3404a9a6073e2d0d25e33bbc6fb241c1ee4ec7c31ff0e3643966378905c4,stable_ground,exponential,-187.5,87.5,74.09445922582817,2670.016156649203,1.6294065774546547,20.940031831140026,1.6001272445672772,1.2631505511420313,0.3582644306468348,0.011830183780734239,6.210255436505246e-07,1.47484985157118,NONE
a359c4e0943e5219102104f67dd5585f54e49d321fb4a91bba84c97ad47a7cfc,stable_ground,exponential,-37.5,62.5,87.69636722990047,1577.903867429123,3.5808520494836547,15.911238930737657,1.2882387909118624,2.1846044941870275,0.3645870501764244,0.008780848757923577,6.731438152396595e-07,0.6134044988962862,NONE
46bf1071442324f677f3ce19e4304940811f282b15325263d4bdd1af39df7c82,stable_ground,exponential,137.5,37.5,87.92662940177772,1891.201583369843,2.124284083497927,23.173543328791922,2.5783614715371765,1.8075012859120994,0.28905002955386006,0.012441086691563645,1.7872513492108327e-06,-0.7350206593234693,NONE
ba4e451b404932bf6f0c7bb55551a9fb634e973ee9999dc62954c9ce86837557,stable_ground,ramp,-12.5,-162.5,81.82021654027182,1758.4333120069662,2.6653308355440526,16.993766838802035,0.39618998790054233,2.302441158440282,0.4403133301452385,0.00873127239358016,1.4493446757250282e-06,-1.140534443125052,NONE
5a28c17b03dcb0a953ea0fc9892a7bc8eef3f6ccf0116c0625487635496e78a0,stable_ground,exponential,112.5,162.5,66.7495403026206,1339.4085667687882,3.2439313501388187,17.703771776112667,1.1411827314071648,1.2591883283429235,0.4156551073812722,0.010155471136509324,9.472828990146797e-07,0.6186351145141489,NONE
da6b47cc133059e0b062b6d6be45b33e541d1ecf4d92b3337ed9a51d8f490b61,stable_ground,ramp,212.5,237.5,49.04535579449279,2796.8544649707383,3.9755329873211425,16.806037035237562,2.176568561775918,1.4030796433187005,0.6910686057180726,0.011280436168505633,1.3952505191165742e-06,-0.8781113644766136,NONE
5f8aab0312054c28294e83eae7c6f4423c48af76b41177d0ad99faeef1f6036a,stable_ground,power,12.5,-112.5,54.019570417538105,2489.4781150840245,0.2897325795124772,6.329652203841752,2.20772417381318,1.799045088712584,0.75778947562714,0.008375326208622537,5.554886923497117e-07,1.0147151267823045,NONE
45a19064b9d20613e9efe2070e4ce9809c72442e737068de319905f560d2c8a4,stable_ground,power,62.5,-212.5,69.25240886736076,2050.7317258240164,2.1049013987047944,11.024905262035224,1.2277935515722085,1.3910213569731222,0.7548379176382939,0.013162201320881618,1.1161504022139888e-06,0.35681734991123504,NONE
108ab61bf07239a317ec6ba8fbd1d7f150dd75aacc62f848ad98e0445d7eb9bd,stable_ground,ramp,187.5,-187.5,52.64567239267718,1865.934394128491,1.8907721687482824,8.310974601716786,1.2473521587303116,2.1871144324873097,0.8407605414389577,0.005688217407770476,1.9859623192403468e-06,-0.4544162587620736,NONE
82ed5dc088d0bc21ca1f84eeb5d40b6ff25d52b4df1d92e74f03d1a4b975b2ec,stable_ground,exponential,-187.5,-137.5,65.2843280718875,1564.6707637530753,0.6635118866727383,9.229456219178395,2.5386931906994015,1.8337915172684909,0.5688074454088227,0.013321003270058073,1.5958626059623868e-06,0.9417898759382133,NONE
c467771e38eb770dff7982f7dfc36a42935a1e642697e2bd23be89de4cd27cb1,stable_ground,ramp,37.5,37.5,76.23725190308109,2278.3054873534707,2.5156456621858765,7.6339086850141715,1.3413913499969758,1.7054681349117482,0.867545423980555,0.005514057104211844,1.0479934988504644e-06,1.097719348017994,NONE
ccf254479666ce714b8241b4720fe69a6fb8ad658fd922f347628f87a94cf437,stable_ground,exponential,-212.5,87.5,63.826212604724,2536.690419535836,0.9269331530698579,6.231952328237387,2.4439687429739796,2.217708602298316,0.9631763363313985,0.011124677885039062,8.926647636298708e-07,-0.14571786502986706,NONE
9ebd8cd446d5a82b78c1cbbd7e8cdaae9e8a955313c2bead5eddffa2affd48fb,stable_ground,power,212.5,162.5,59.76308491112915,1669.0319934014951,0.31647830458071335,19.180418611460922,0.4732839134682745,1.409332770488412,0.37105145761482566,0.009274515833043477,1.0844958914688967e-06,-1.102171855836608,NONE
54c175ee82fdeaf7eddf7258c92229bef412bb7f78db24a5fd233bfb759a4623,slow_subsidence,exponential,87.5,-137.5,67.6752432469566,2284.062132271693,5.378718074650986,12.193797118802994,0.4,1.580621782066019,0.45209926674635126,0.012828077245909203,1.0193209601272088e-06,-0.7496917934004058,NONE
6783e1ea339ecbbee31bf053e3563dffc94de37f863f7cfa3f43daf491a905e7,slow_subsidence,power,62.5,37.5,46.350967038025004,2427.9185588470464,4.542056089092307,23.794314919931004,0.4,2.12306526969353,0.8629862067225271,0.013000475790648627,7.332559228164581e-07,-0.8556226577353513,NONE
6ff6116cfa5e28dd5b1885675f9dd6bfd51e3a414ae4de770e344153069dfcbf,slow_subsidence,power,62.5,-237.5,78.62131580247382,2195.875294697765,4.166125208438278,12.795182963138297,0.4,1.437375756932517,0.6512147848505472,0.00975934107519329,1.0570201411650422e-06,0.5648300074428779,NONE
a5c24d02e6d1304a71ca04d883e9c71b090ad1683473870cdd7afbf9309fea80,slow_subsidence,exponential,187.5,-237.5,57.02718366653517,2192.355085711301,2.761168933077356,10.153966081698155,0.4,1.2444335735076555,0.704424297218647,0.011043387080705241,1.366193655284623e-06,0.7368378125960717,NONE
3738a80f9c1011f6368a24f9143ef5cddd2733375e9cc33d3f18c930c3e36001,slow_subsidence,exponential,-112.5,12.5,64.36952270622628,1880.0893262878049,4.053213715881202,19.53833128237691,0.4,2.353723061753353,0.33722812549262393,0.010617654818089906,8.697406088695012e-07,-0.26604809334627644,NONE
ad8b459729533879f000ceba2a8adaed21fd26ee9e65a533bc7fed3f277f788b,slow_subsidence,ramp,-187.5,-12.5,84.82631612130697,1870.0893481517815,2.0590947964629516,15.449447256851427,0.4,2.326106776920427,0.7749037162161315,0.006989211037349948,6.177545764435297e-07,1.3207245299767982,NONE
2931d48eeedddc0b76c645dc9aee9c55211a98a3696205295833f7be4ee01a94,slow_subsidence,power,212.5,187.5,60.11049244425239,2921.0827447117063,5.221637342603732,8.49287959061978,0.4,2.001755302652537,0.2617197436212232,0.007625174006656749,3.4614591341878475e-07,1.259007555666786,NONE
97efc7eea28ce86cde0eddac20520123aa98a3ab35347bd0ec9bbf6eb71e39a7,slow_subsidence,power,-112.5,112.5,57.023932722856905,1378.4410438673244,4.016282117065101,22.554515832005077,0.26769485147152217,1.4342946225621007,0.592231618573643,0.018478420163623378,3.1837756117633136e-07,-1.0133339116727118,NONE
7366a5dfb0d50c3045640509efbf581a56cc153a8362c43a6800e25b813b3d7c,slow_subsidence,ramp,-162.5,62.5,60.21817731932438,2054.2675306539195,2.8672774704031756,10.59845421523868,0.4,1.4737078694072372,0.5998357553308722,0.009590294602688497,1.253549456488392e-06,0.13678362745293215,NONE
d3816d072e4796012c320415618a3edddf428fe8296d1e3877ecb78b954d692c,slow_subsidence,ramp,237.5,237.5,80.66448215718177,2309.584628894231,1.740148745063739,11.135706080658814,0.4,2.2305737190904695,0.7404770652273105,0.01301617194247801,6.01901804433585e-07,0.6804559783878621,NONE
1ae49dbad3a495743decd379041c749e02414f11781941d343ed0001262b0c51,slow_subsidence,exponential,-237.5,237.5,85.36004242775321,1734.6123299725987,1.142310425514372,22.199752523159074,0.4,1.5515624776872634,0.34247341912029117,0.012671164893100755,6.677780189365853e-07,-0.47069920985014857,NONE
bbaf1bd1898f6cd8f3ea930d6058c75779302077b04abd5b8c23652d02471bfa,slow_subsidence,power,187.5,-37.5,89.52804042993837,2021.9177215941388,4.968138386134417,22.37381107984877,0.4,1.6609670038347077,0.7761352672845382,0.007056684041912674,1.712667255882943e-06,1.4628978143906024,SPIKE
9b862abfa3873891a1bb9f276d4f395f1eecd792cafdd0dc27a97f78ff777efe,slow_subsidence,exponential,-37.5,137.5,71.51962549460248,2756.410819051933,1.0167879788678136,12.893357389907084,0.4,1.869280987066793,0.4549608168596929,0.009976268915846676,1.4706161100870127e-06,-1.2705187801448579,NONE
50586dda10cbd4288d03ea2f4b86fac59e864e4e619de64492073d7bcf3e8cda,slow_subsidence,power,-137.5,-162.5,55.65752014143144,2276.4157726536673,1.8572856612506548,12.844180490600797,0.4,1.662358483785902,0.26027014300436185,0.018430475062776272,3.882089060986729e-07,-0.15417562531748297,NONE
a2dab6da2f1f7db8ec54dfd48d8258fc5382315bda1386ac72548835b77860f0,slow_subsidence,power,-37.5,237.5,53.788207912771014,2516.450748608685,4.362631924760278,17.974587746041166,0.4,1.639162368440518,0.6769973786196553,0.011266669599055066,3.7569608466420464e-07,0.041794828700495446,NONE
24c215ae3c80601297e29a1f6521f6fdf9ad936eab878cdf3a3872d4d97dbec1,slow_subsidence,exponential,-87.5,237.5,79.7248281561498,2522.5682235609884,4.693039830650702,13.10239543857151,0.30172783583668217,2.1944527506081553,0.5687532245525917,0.005716245342112968,1.4981611815180337e-06,-1.2478153898037219,NONE
4bc9ed467874f1eece7d06eb27ee3874fa5c84d370b609229c4eb3e203cfc064,slow_subsidence,ramp,237.5,-137.5,72.71761392618684,1519.1535582434972,3.963781173489716,12.230489427082981,0.4,1.424242392484501,0.9103267082631116,0.006599403745821626,1.8127688260808737e-06,-0.2035500652190394,NONE
1f27a5ebc8359fa7511d88048d0acca582170f9d07cde6df64eb8bdd3b72614d,slow_subsidence,power,-62.5,112.5,56.2250809218847,1464.10879551904,0.40974434863810805,15.580264541146176,0.4,1.5401724630951796,0.7354174914799858,0.014045061677839482,6.638611536723578e-07,-0.4021326437892131,NONE
30bd5761f68fdd53e5890c87f2befc3367e7c504945a4851e44559f4962b5843,slow_subsidence,ramp,-112.5,-187.5,84.30736844923861,1723.821669955616,0.9975843908883542,14.343304914058919,0.4,2.005755528636079,0.7496377530993865,0.015879079932475657,1.0561499141438941e-06,0.00012494495521875315,NONE
e6b5e7d085e939e9cb7d3eefe352e49bc9af16f62317fcd821072a1ddac6d3a4,slow_subsidence,power,-237.5,-162.5,52.99742700168218,2275.243929720145,4.13889821663699,23.29306530560189,0.4,1.686177867974928,0.2979029368348133,0.01195503990564567,1.8237378787542423e-07,1.4285806985849154,NONE
1b831920895483db61577dc0059f779e1c25cbb4073298dd636fd69621b12430,slow_subsidence,power,12.5,162.5,48.89952931872371,2053.7540232399024,3.4680944255667896,17.54943063361852,0.4,2.3778425297083463,0.8422019997014933,0.010603553898874532,1.942994796773264e-06,-1.288115773544952,NONE
a10f471e62eeaccd167d2f166c3fada762a11ce80219d0b8151342a8dde53684,slow_subsidence,power,37.5,-187.5,70.98588275590635,1575.4848659161087,2.85881330357968,21.386086557561203,0.4,1.508350752308897,0.630702593424312,0.019537750005947485,1.192877452686721e-07,1.4499736069336804,NONE
38d8ddfdf833dfa4f34a0f8e5353d2c38f8fcecf33d16634e916b75b11d801bb,slow_subsidence,power,-112.5,-37.5,50.69484542111132,1992.3696438868674,4.221001804387193,10.802898433274967,0.4,1.6378929433265672,0.8786562200630342,0.010450629950286408,1.347508132644326e-06,-1.490310618847614,NONE
b1e4c2d227e697b854469a776208ba3a85b74c9e5ab6339a4facbbb6220152f5,slow_subsidence,power,162.5,37.5,86.79600340391052,2543.963158068127,3.786948463450045,4.431652107115159,0.4,2.032088474295863,0.928165220691433,0.007703077923356991,9.784757668863827e-07,1.4127241461279856,NONE
738f44ccc67fcef8dc1f0768769dfecf8ff1a3e08a6b2c4bf956590059ce26b1,slow_subsidence,exponential,-87.5,12.5,62.06160441052975,1400.9615418455257,3.619033320463365,14.080223142619838,0.22517156216869577,1.409813899222059,0.685722255434213,0.006362365244168838,6.712465690882304e-07,-1.0841172788934792,NONE
7d083589a86c622ca224a5634d8133d51164d120a5642c1aa16563f4f1aaa947,slow_subsidence,power,37.5,-87.5,67.33698332979165,2799.0739736800274,2.948959159735388,5.840318300779549,0.4,1.4247212324348708,0.6832713352406636,0.007726154539529017,1.8294122053947884e-06,-0.362570805891136,NONE
e2a903dd7763bc03c64fb8f59ac4207d5645ac2f28b44099ac9adab11e70335d,slow_subsidence,ramp,-37.5,-137.5,66.62629920647721,1723.2729164795492,4.333556376925838,23.35742395325271,0.31463218906442475,1.5319270707622263,0.7665608691592127,0.012218022181557505,1.1768594886725367e-06,1.0954152477811618,NONE
f071bd52874e1662ec2e381e085e580eec2151156d016b65e4952c3e1cb0aac3,slow_subsidence,power,87.5,-12.5,56.55145983778872,1998.153682400525,2.5643961919436196,15.128162380569112,0.4,1.2917696840073671,0.5043544301948328,0.008614597547072783,1.7214613408406951e-06,1.200038852094943,STUCK
9f96c776b57a629931913c371b8be58d4e355e3142ef8ab9b04dc52058189b3f,slow_subsidence,power,137.5,-187.5,79.73926365306417,1942.9723227402028,3.916029048227635,7.6805350911401735,0.4,1.5523824400981536,0.6930301416280932,0.014370656092944675,5.969572807542582e-07,0.8132664021299773,NONE
38f69006a1a48edca6b35ec037a38f430d5327d1fbe05865aab58c39a60bab3e,slow_subsidence,exponential,12.5,-212.5,77.72354004632886,2104.784176758856,0.8109310368952019,22.037794277142947,0.4,2.0385618232509177,0.9321468266915469,0.01252752509061597,4.905961985225513e-07,0.9591294462490674,NONE
5342b6c3a0a1d10fa210aa39bdf8d4767a5bdfbf7f0c345056affd00b8f9bb08,slow_subsidence,power,-112.5,-162.5,79.25649599823892,2477.8950807329597,3.1433217157442295,12.378649952333543,0.4,1.347876136760181,0.3624127165533901,0.009340668561382385,1.1847279267946329e-06,1.340877280307293,NONE
2d65212ad00a0f54be4ea6d42ddbf451e5ccd4e7936c63d5cda39c0061481a4a,slow_subsidence,power,87.5,112.5,87.12937697113925,2675.122751238445,4.841015691611464,9.86823044558917,0.4,2.213635397288696,0.9786209175955892,0.00718578442674069,1.2015802028444925e-06,-1.0230150106756184,NONE
850c831c91cfb5f1660854ac9cbba42b0e7f616406278e08cb7e62d7086f5fba,slow_subsidence,exponential,212.5,-37.5,56.45675782704624,1292.9080494520824,5.51781782117237,9.811036774011388,0.4,1.815120475901521,0.30540173768233525,0.018121310265999047,3.975322198979727e-07,0.4883319302363768,NONE
ae7bf43420753fce1b22b4ddeaf6b4febebe44b2f4cd0c94e83f130aa6a25578,slow_subsidence,ramp,-12.5,-87.5,65.23179339474436,1675.2108452091315,0.8183355878256922,5.403927013427002,0.3542108851433788,1.607151611367972,0.3994757566022389,0.009424068151474087,1.0961009648874278e-06,1.4813337228680035,NONE
9e9af500816985b28ff044d768725d1f14cb69925b25064e6c139ac28d2ec8f3,slow_subsidence,ramp,37.5,37.5,83.68417266405933,1413.5445736868583,4.456070903858667,14.030031319394045,0.4,1.9678638448874175,0.8007985201533209,0.009073264497923679,1.950688134242314e-06,1.131189961603468,NONE
144bdd5ef44b1e919942eb62a57658289a23c7271a9da3a72d76bbacdb15f678,slow_subsidence,ramp,187.5,212.5,87.47007705480972,1430.6145058112022,1.7049932548961466,18.41074013204415,0.4,1.5807234732151276,0.8563520274005232,0.007410546596976009,1.872772791160812e-06,0.32052353817825585,NONE
4f8a165123b992b504ec83d6609591ea1354836d0b16591e8623f4c5fde78593,slow_subsidence,power,12.5,12.5,55.03794755121081,2103.610843124256,1.7486592160719965,19.512527248328873,0.4,1.7111701584289445,0.4064266516196062,0.009292262283477197,7.361663402541265e-07,-0.6767347940295813,NONE
6bb5e1a2d9f2bb91889edbb6657c545599507a5a5637b0bc42901159f9e76afc,slow_subsidence,exponential,-12.5,-137.5,81.50699594353345,1776.12628713037,0.09709057699444545,14.02694027628047,0.4,2.129337814516514,0.9083865113547256,0.006760040949352955,1.1945841090402383e-06,-0.6990413547958664,NONE
97745c627e785480693d7fd16f507821b254fdb6e4cb37959b3e9c0470c4109b,slow_subsidence,exponential,-112.5,62.5,88.27367987691851,1829.8237443620806,2.720674841841419,4.7918542167949845,0.15250433377871317,1.7702110515233225,0.6100921735353502,0.01419958028674025,1.4034316981172448e-06,-0.9458942578126951,NONE
8e3fd8a10647a346e38e054a1236257a8311867cc5b525a8b1e7cbc8cfbeab25,slow_subsidence,exponential,112.5,162.5,56.5858343985423,1689.8772670427902,2.9801909445283394,20.751785818265667,0.4,2.0524244340006685,0.853408180617649,0.016077563427140826,5.28224449175079e-07,-0.9669118187936142,NONE
0bed332892f18590e5d6589b9b3aadfd1db29c60f9cfea5a6e8f106370e6f40a,rapid_subsidence,exponential,12.5,-137.5,67.52114242198114,1954.8612827407107,3.6027964509727948,18.253495458642377,1.5,1.4996639766116835,0.47819630168142596,0.0069997694352030146,1.4332436783087894e-06,-0.47335058196492374,NONE
bb03df28d800173bac1697d3f080dd149dd2f781f067b9f30110c91f68b60400,rapid_subsidence,exponential,112.5,162.5,63.802200436859856,1682.0846586904945,2.4977569489299225,19.75758454061803,1.7208016638195596,1.2922894318259381,0.47503060242168277,0.010136259916128725,1.38287764393872e-07,0.23253546585255314,NONE
b77e8180daac845c1e42008dc7f96951dcbacaca6a6fec1b6278c3b4713127f3,rapid_subsidence,power,-237.5,-37.5,64.89613175905053,1673.1159876971824,5.4903391484818975,13.722054429640586,1.5,1.540269447750377,0.8354352476478951,0.015856519172891995,5.734803581929116e-07,-1.155030774951261,NONE
52874359c9c520a48771611db3f44291f6558df75a1e84ada0df68ba64372b30,rapid_subsidence,exponential,-87.5,-112.5,53.391038304754986,2627.8550067226856,2.565871428900197,22.32365392438154,1.5,1.3396283290580044,0.7699294076396597,0.013913955286028696,1.297935424230763e-06,-0.3072540714346139,NONE
60e491930837da4ced0877916848865f2f359b0c6aad7bf6a22045589ff99c23,rapid_subsidence,exponential,187.5,37.5,68.76339722167275,1689.2324716513594,1.03900542527675,16.2011291326939,2.426203888590116,1.8546500313241263,0.9208742085922708,0.017326504471124847,1.7593637757966286e-06,-1.251085886253367,NONE
84a7ce7d595dee5d36a87402daa32f4f5736a8c9c7f27a2d46a92c0f3d53286d,rapid_subsidence,exponential,37.5,-12.5,80.36022699921612,2715.5977820903067,2.202149590231315,6.692760655115698,1.5,2.1000140246674746,0.5673736432090725,0.017976020654285562,4.2788433399622773e-07,0.009100404042973409,SPIKE
3705cf5e4f0f190cccb5ffa2a1e3ee53f98a02b5f22bea577668242826965f6d,rapid_subsidence,ramp,-237.5,-187.5,74.00762331503174,2889.3518279173513,0.5006748608764913,11.892457556431891,2.9725217709509493,1.3822321708319052,0.9887058158465862,0.009209447295180764,1.5526945036334329e-06,1.2971426162951611,NONE
c37211fc188ffdf4a2f095352418d9a00ea1de8ca152bc96a8ae065e05516c22,rapid_subsidence,power,-112.5,-162.5,58.31911978892657,2543.0854614547943,1.9101316172443907,18.33646815439412,2.6263602589173844,2.2698881258561046,0.2643969876479345,0.0169967953993944,3.280928114158863e-07,1.1683762162484865,NONE
ec5bbb7801920c819df1afde40fb2ea15d4cace7cf9dda67535c29a00fcadc1d,rapid_subsidence,exponential,212.5,162.5,62.49082658871743,1484.5045018635371,5.117261040502919,5.384086772285238,2.308113389847814,1.5648220930531958,0.3147322124958921,0.019394727842006753,2.588548978052556e-07,0.09912858235478073,NONE
f1d15739b472947396c7ab336339e6c1692b7b4adcb4950ddd4f2963a6ddec72,rapid_subsidence,power,-137.5,237.5,69.59504067469028,1697.6709651539647,0.04235961388448484,20.56153223377188,1.5,1.3794190309263776,0.4025566638408532,0.005859125266340053,5.41125654294683e-07,0.28415232694126535,NONE
11e9a3ab25944fa491d387e3e5ce3165edf585f30ab99818719d7a3db7e3666d,rapid_subsidence,ramp,237.5,-62.5,66.34018889815368,2184.2104441843785,4.011906574947463,13.947721016337495,2.226363967849418,1.8968354571047834,0.9171523433714764,0.017805954755443183,1.7300304244018566e-06,0.1788087160544688,NONE
f83758b38c6e408f8e5b8485cf22766ae74b413a9f11bb80f4a153ac0a798df4,rapid_subsidence,ramp,162.5,-62.5,84.41549709602688,2831.935986753243,3.608033467561835,6.365030932811576,2.208188829463311,1.7870423280064889,0.6011846641311651,0.009663078470992632,9.955318349253377e-07,-0.41305124858265774,NONE
138faf75dbbb4c933af1fbec5a8975f0cea47e8ba5d50104a189dd839d669797,rapid_subsidence,ramp,-62.5,62.5,59.262860387038735,2047.9896433392548,3.658283907992434,21.248681515840488,2.1599914648198,1.7224572830210132,0.8995263813150558,0.01858583876089315,7.784736923073021e-07,1.0973612283172942,NONE
c4587b7d65529a00040bc5cae39892d579bd8137392db517ab35b6f8d3db2b50,rapid_subsidence,power,162.5,-37.5,87.02740569779758,1811.780090188556,3.2111583948577813,19.880418818360187,1.5,1.8571957329585411,0.3282503399448618,0.013127267348542694,9.230069729529826e-07,1.0349332705017105,DRIFT
75a02606cd8ddf9b576d85febf373593230ca0ccad86ee846a972cef09143b73,rapid_subsidence,power,-187.5,87.5,84.14822173474366,2443.8968389711877,3.472481450118479,17.26482444670003,1.5,1.8781047183613495,0.5411317559301188,0.005961052928372712,1.6595995762068953e-06,0.6295292557492238,NONE
6c03aba7d3259902eb66726c3a4f6e1b4dc4b00db94dc46abe0123fff5383f1a,rapid_subsidence,exponential,-112.5,187.5,86.0885692089523,2218.373443102398,1.8406476437894141,12.159993352413977,1.5,2.3827528122152217,0.5293255223090488,0.01400691995176799,1.6560067098796566e-06,0.23399767688473105,NONE
43ded5b3fd3afd329f3769fa921c3d8a814875a765b08a0bdfe70fc36d6a997d,rapid_subsidence,exponential,-62.5,237.5,62.99077980322505,1784.9385511645617,3.6746888961512454,14.960843944986081,1.5,1.3211146143550536,0.6134772593497424,0.01600642451728165,1.8523152212168297e-06,-1.0359387646851572,NONE
91532062f17c3d62d3faa91b8dbe49caddef278e9d9206b4cff5248bbcac19ea,rapid_subsidence,power,-12.5,187.5,46.54128929542689,2839.589243038455,3.931184656520416,16.880174022886948,1.5,2.293968226374828,0.35337016344324834,0.018534874217860216,7.365846275459286e-07,-0.8768284494623266,NONE
58fcc332ff654759453c21b11838fe7a16efbe9b8acdac33a09457e7dfd4cec3,rapid_subsidence,exponential,-187.5,-212.5,54.64084476335458,1986.6449470695377,4.016104680356999,18.727179566028227,1.5,1.9383313925843029,0.3147766019200846,0.005488180208779948,8.257196152053456e-07,-0.27828810023889217,NONE
f67b6ced66a87dda1b07eaf3c24408da42098252894e74a520166ee5d1232012,rapid_subsidence,power,212.5,-137.5,65.84401134222699,1953.9383212206153,1.4004028490440783,6.962555797373665,1.5,2.3488719483198244,0.8623926721393387,0.016804905190003556,1.1873698886622033e-06,-0.8445038819376256,NONE
cab8060ee61133bbcb26493cd52a584676335fe28a65f2305b7772ebfedb3712,rapid_subsidence,ramp,62.5,-87.5,81.85658392966855,2373.4170375012695,4.91566364215218,20.555220349352606,1.5,2.2997725105144746,0.7486131990786402,0.016465018406468173,4.81242307106958e-07,0.901226501929812,NONE
4cd46531276172264e80f46d2c1b1e276084ec9b9bd10e70070f6c3b0249c231,rapid_subsidence,power,-162.5,-162.5,78.11706675651688,1678.3092679114438,1.6728088511233712,11.147831163240074,2.809846770950851,1.8606286312668938,0.7856431922386169,0.007401620980653547,3.826835332677713e-07,-0.291793234833321,NONE
be77a8f30b386521ebe234501c8207e3b3ee36469f28fbecf52da494a5bff380,rapid_subsidence,power,162.5,87.5,45.32696925894518,1785.0181948234138,4.355810551252596,9.308928761015924,1.5,1.3552581519299274,0.6621723977441597,0.00526077851696608,3.935416331371484e-07,-1.4402602598524892,DROPOUT
597313188aabc09539a7c567cbe7ec28d39425eacecc2e7c0fc370cfa8b8344f,rapid_subsidence,exponential,112.5,162.5,79.17440963484906,2475.4936153818876,2.16841375446512,6.557961273913243,1.5,1.9980972541822088,0.5137184803005677,0.019506017010302378,1.6981109825931544e-06,1.0552863844903762,NONE
3d940f4567ddaedbc9249cf32b3433fe5edad65178a075f45bc34f39f01540c1,rapid_subsidence,power,137.5,-237.5,58.023448240271364,2629.680216353356,1.714310728392169,15.144960457724922,1.5,1.38644859648109,0.593203756965196,0.006537051732887293,1.8626774771640454e-06,-0.23800315134408112,NONE
b9263276770f65d68775971c47079be08aecfbdddc98d34ed357cff11a245516,rapid_subsidence,ramp,237.5,-212.5,89.65445040827257,1763.7879424667447,5.294222357942019,4.918256773681819,1.5,2.0687549284246534,0.976240069513042,0.01215650813835427,3.111473514713248e-07,-0.3240623646912275,NONE
3b67af57d037852afff7dbca001c36b2a6a595133adda09b136827a1cd0f3067,rapid_subsidence,exponential,237.5,-112.5,56.5975529354686,1615.8926739645726,4.294170444935492,14.512387323541159,2.1294127752917404,1.2378448368178074,0.8979757901026031,0.008104224570348885,1.2484732008915163e-06,-1.3724796979136433,NONE
698e2f14d94f12f9eed5492f11dcfe56dcf395ce17063dbd9996150c93bc2598,rapid_subsidence,exponential,-137.5,-12.5,52.59144350361464,2402.9987553351893,0.7249119542948055,18.18859704301829,2.4740296287420644,1.3691734244802725,0.5159962289227368,0.019807313044894026,8.099639524911728e-07,-0.8479824273634207,NONE
53137ffa3f0dcc8f082268a8ded30c559b5da96167ff5c6d030c1dd0136dbb64,rapid_subsidence,ramp,137.5,-37.5,76.53086924332284,1575.1715603957177,5.115723552511419,12.226502580301316,1.5,1.7208457627204985,0.6589461708815658,0.014482500321933536,5.830214117369416e-07,0.5253957195210401,NONE
ad5677132eaf222a0d56659b5b933af368561eb31933e34f07c442910b285ccb,rapid_subsidence,exponential,162.5,-162.5,86.77805711615191,2291.0274553086592,5.298323689420182,17.98273754880407,2.0892166646166066,1.3722889907327305,0.40487356404019637,0.008366555238806984,5.650209156295229e-07,0.3995414122192291,SPIKE
8d98006052a926670ec7cf0874a279c64e1d02b25116af359584dd6e28b352a5,rapid_subsidence,power,62.5,-212.5,77.9452206711747,1887.992340195712,0.7284336434885021,4.338248808060735,1.5814971833842488,1.268936279212453,0.9365720549338263,0.005372415381977545,1.9101232191477986e-06,0.6649844714324639,NONE
f382b953f5421098004b796ffadef6b521fe2b0e400c9a4737c6265f47c2aa76,rapid_subsidence,power,-62.5,-137.5,50.04503527763122,2802.547050091372,0.5357545348130603,4.822827119983964,1.5,1.7056842586988699,0.6217472477712629,0.007196245223991927,2.7176131708834274e-07,0.5274252541152712,NONE
8a1b4b06baf9ad65477c23d9cf91dd16ff75ba26409b68ad4ae5ae8b300c990b,rapid_subsidence,exponential,-62.5,162.5,78.14157017032336,2314.997348859557,2.7033176260111036,22.766256404481695,1.5,1.6490878253272316,0.5599111936152674,0.01537237957082081,1.6351304156728594e-06,-1.2239737956852896,NONE
f942d89c2f62f649bf71ada9b4b3977d4eab30ce7776cf89f09aa5a6c6a2ea9f,rapid_subsidence,ramp,-37.5,-187.5,63.15063847742553,2147.8179568459186,3.7481690506112657,14.425272829029119,1.5,1.3195596375885617,0.3835348083098026,0.018478281238581105,4.85444532908494e-07,0.8720096229386668,NONE
332ff8842081464796bebd25e9a6f22bc1d2ea958bd7f139ca61a12ae2186a0a,rapid_subsidence,ramp,237.5,-162.5,48.54210278145713,1433.3581037429135,4.590757166704944,13.945276618673546,1.5,1.913212458224869,0.7491390458916615,0.010245766606905361,1.8301998165545207e-06,-0.7349709006511971,NONE
e0b3d48b18a880c75423bd8b67d0e76a107b28f9ebc14c736b84ecdf48d975b3,rapid_subsidence,exponential,37.5,137.5,58.60868393411808,1466.0052142749253,0.2996025401431015,12.706551868421794,1.5,1.7501998844832505,0.7239589879408652,0.007928454532208513,3.4482205693498724e-07,-0.7611107897527927,NONE
7d8cdce52a57c6ad6f8b003aa4774f8ae4f7049368f94518b159634adab428bc,rapid_subsidence,power,-237.5,-37.5,50.8426191321294,2576.9800934403684,0.4974116668745996,15.747906937748546,2.2560252303936346,2.257920186461613,0.6754579731240526,0.007833385185503462,1.5747883453017338e-06,-0.6459677333331997,DROPOUT
3fe46d48be23b32b14a83ece65d5cf76015dc9783c51d8b461c1d6798594c9c6,rapid_subsidence,exponential,-162.5,237.5,48.86839366510071,1270.7538757067894,2.125397748530464,12.967460487704354,1.5,1.897515018381646,0.9248430573559944,0.008032006754515885,1.1480844469870091e-06,1.0649440720642915,DROPOUT
a01d59b1ff28f9d2e45c6808cfc99583164708440e2311c74823af61bdce4c4f,rapid_subsidence,power,-37.5,237.5,45.42582734018369,2191.841132391374,3.4351232449760967,15.531519927346485,1.5,2.348119618168461,0.6115362730727287,0.016323661161836932,1.4966593083506032e-06,-0.7470485555825527,DRIFT
5e3e57cf357bee766911d2e97af6a42dac61de8a05da12ca503e3bf0b82424e5,rapid_subsidence,power,-62.5,162.5,63.187370759413,2220.041820792258,5.023145629198909,8.731484232724538,1.5,1.604099027773661,0.9683155451045541,0.008766703819567257,4.87243388902222e-07,1.333223199363538,NONE
9d21d64faa01d2c61e0872a30cee1a87c3336a08c0995d52fcba9844203a4c1d,accelerating_subsidence,ramp,-12.5,-62.5,74.25391356827436,2877.8293486252446,5.545831625487732,20.995261177503632,0.46241304631424734,1.6256766358334298,0.40468858714144795,0.014045061015979642,1.5750995812611286e-06,-0.2812170174361899,NONE
9763e9e6316545935ec4010313e0ae3d4a46540eb500e607e25bc2246094c206,accelerating_subsidence,ramp,237.5,-187.5,51.24236656640965,1859.3422992463607,1.8569759360489562,11.002396602021525,2.2215633744783916,1.8637405041386914,0.5962090184952935,0.01279178521756999,4.7451892048520354e-07,1.373178490935822,NONE
9b8b6b80564ff9d080cc6c54ed2cff5bb32e81bfa3849239ee89112987c89304,accelerating_subsidence,power,237.5,-212.5,57.323427123525256,2087.869645311558,2.449925932171875,12.691993291669117,2.949343750586975,1.561832603479723,0.36911251209510354,0.01693472610314651,4.4802200686988397e-07,0.36959621622673355,BIAS
910cc827d0f92a80a37fa65dad8a14aab29edf704fa783cc71355bbde1ce95e2,accelerating_subsidence,power,-162.5,-237.5,56.51176619821336,2119.121292771521,3.740729015074325,8.181635226434654,1.3064116366700145,1.6879440961932746,0.974264040358063,0.018112331990262,4.501581325851263e-07,0.2783447188949174,NONE
2aaceffb52eee5835e905ee816bda15b450f19984622685d14a7cdc3a48070b8,accelerating_subsidence,ramp,-237.5,-62.5,86.78336837452973,1622.2764914214922,0.015562432779432589,10.835918255919806,1.0385789014828892,1.8611303908135568,0.952295263030545,0.0072024821498508735,9.719644573778067e-07,-1.3513673985924195,NONE
81d565cff87fa0fcd445a166920006c72be3092ce2a68a9f5ab74aa8fce3c67d,accelerating_subsidence,power,212.5,-187.5,53.67098122148485,2499.3383893139344,0.8601914124756675,18.552609267921813,1.9830522741257934,2.3592969733291067,0.27627048666801224,0.019011547379426567,1.501455621296441e-06,0.9098195744378327,BIAS
3f5a1274865b06e03d79aa89bcc82d392ab38176767e520413adbb82d009c897,accelerating_subsidence,exponential,-212.5,162.5,88.89557350772982,2486.592836718405,0.1732760483983815,18.39212017060931,2.2014332825340586,2.3780347750515403,0.8577468814186754,0.01558843680072474,1.731609604701361e-06,-1.417022191670122,NONE
bc7833914327ef5fbcc3ed2ae8bb084fb5de0b0585af8f7464f0931c15e25b6d,accelerating_subsidence,ramp,-162.5,187.5,87.63908901498762,2447.5463384882382,0.3471901947516478,14.494818141623883,2.4466305547773946,2.215990630719604,0.7600580918656014,0.011471837855903845,1.6296086516743053e-06,-0.4973207142771371,NONE
7b6858dfbf0be44185325968fe2c5a7f86cf3e3bdb44a06927f11d2f5f6dea65,accelerating_subsidence,power,37.5,237.5,58.11659775503734,1863.3147083777935,1.4573635211064448,14.56764838043241,0.4117809111532681,2.379931917088581,0.8074760735120781,0.009738532445982488,1.6736819362309508e-06,-1.4801085237915348,NONE
ab2e5d699b52c7b9d50b46c8a19f9e32f5829d8cd18bcd955dc4d1aaf5666e7a,accelerating_subsidence,exponential,137.5,37.5,51.39634172910637,2024.7357323478288,4.815749302847728,23.880695282584753,0.3679660762456881,1.8707929070120006,0.733508003319145,0.009781672139471051,1.2362654988600041e-06,-0.1753016317810976,NONE
f03f940ec2f3c5463d135c67de5ea78d8d81ffff04fab651e7afe0bcd2098dda,accelerating_subsidence,ramp,137.5,37.5,79.74545709122577,2150.7957427024344,2.6118298219259843,18.12879470559614,2.0590653816701723,1.7391600342308235,0.7705910776553457,0.009809551720632156,8.885292060339291e-07,0.6160461313870361,NONE
ae7760b86935e8d54031a80737123515e5c755ada3a66a499beed8fb79c64e4f,accelerating_subsidence,power,-212.5,-237.5,69.91200710870896,1822.3300154448727,1.3094445976630156,19.94097377619582,2.7639368476638366,1.5932150431334833,0.6261348986368827,0.007880000990373908,1.8026735423355407e-06,1.1434048069524188,NONE
745c804d68c59bb16a8c46c10532926d2954ec8637b7043d7cddd2d424048609,accelerating_subsidence,power,-62.5,187.5,83.88219346229413,1419.5907008071908,1.798267663068811,12.846399489625675,0.8320642901311354,1.6739271669297313,0.6916266946956845,0.018702797744516757,9.25832403479295e-07,-1.1413598047235223,NONE
d96055778a959808f12211b911626e05034d06291273030d9b50b923c0ee6731,accelerating_subsidence,exponential,237.5,-12.5,66.95365362207264,2290.404537584586,5.722267611460993,10.38203841748213,0.14622542559533833,2.1986839895707333,0.4891486283188878,0.018764660188426346,1.1464067364497817e-07,-0.8136844938682414,NONE
dbeb06799e4891caac69558c0628129145ba6ac477de0c407c1c6a19ec2f49c1,accelerating_subsidence,power,-212.5,-162.5,85.47734802052939,2071.8675671211076,0.23662036347735094,5.990818158046639,2.1222242945435297,2.3703461530654124,0.966094563671827,0.00846354403406769,1.989157620970995e-06,0.4225934364461823,NONE
bb9b63ca31fa96c21ea9a0b50ca2ad6274276ae6546cf1c6b1158614b58595f7,accelerating_subsidence,power,-137.5,-87.5,54.88931655543725,1769.0455697859259,5.163205171515355,5.97182864374537,2.9099101431688448,2.1741675765242916,0.498333938205595,0.019189605251957304,1.5213366183851216e-07,-1.1656786881505714,NONE
a04d2ab344f814fea80a342691f0dec2efe3fa2ee7e0a6d09033fedd0adf6570,accelerating_subsidence,power,137.5,-37.5,73.09869271245071,1873.8825455462577,0.5727267837955983,20.75773711069469,1.0073291600912524,1.9958887058436459,0.34487555558863525,0.015159768503501786,1.1457378781346974e-06,-1.0905720949826823,NONE
d74fce2725f103b08f53a505a71bd0e8cacbed9ce0b9e8e8f043accff3d48d61,accelerating_subsidence,ramp,-212.5,-137.5,78.50932186683684,1668.4416795651402,5.835459996377396,11.716734301911155,0.2825022639631111,1.2211776705143602,0.6802963915095904,0.005641210762972597,3.754234177159394e-07,1.2810636598325504,NONE
1e5257cb2d02f9c47b051bff3423da47b71e3264d43459e21b7f8cf93337e958,accelerating_subsidence,exponential,112.5,-212.5,62.89654554020433,2208.280906765537,2.01338413040094,13.728061191447377,0.45195599574594586,2.173774933317187,0.7099753251756558,0.007527035757367299,1.5393209606196197e-06,-0.8412520145671051,NONE
cfb636d5ce255abf9f54a923e90a0f1811d84cf0ec1dad5b89bba4c12c4e7a99,accelerating_subsidence,power,137.5,62.5,55.62976264132416,2565.753834686909,0.8221008218060653,20.087193943222353,0.1933247113175039,1.3995715006033742,0.49067122991339884,0.01134462247421419,5.678263426947873e-07,-0.4400987527059861,NONE
5da83b42057964eba69184ce1e264108c4153f967225aa7f85ecd0761cf826d6,accelerating_subsidence,ramp,-187.5,62.5,52.54512630998321,1421.8445830273292,1.0460106168264207,8.165838921141138,1.2966822625599816,1.960529140117341,0.3938287422220157,0.006075986768918096,1.8396794748929273e-06,0.6960017219334335,NONE
0a19f7e23575366fb610aac0e1a1326a87ada83d3c31193587ad4c38e0b52857,accelerating_subsidence,exponential,-62.5,-37.5,50.791969144514056,2279.177978396483,1.7321955491580088,11.990345099474165,0.9992419011982746,1.8231345079850234,0.6124012466444562,0.013507654149212466,1.9122855444126244e-06,-0.49040970056246824,NONE
37590bf4343b84861ffe274a4cece6fe8ccd147b4727ee34980a5e62b3c943b4,accelerating_subsidence,exponential,112.5,-62.5,87.78054308919938,2057.631910515429,4.915198928168652,16.721646722504648,0.8811146911758043,1.3771260761230675,0.6096521694349689,0.013327362064412061,1.1888574766209534e-06,0.4684239237654937,NONE
998b60e155032bd9bff7cc7b7007890944487092ee6594bc7304698e70fe8782,accelerating_subsidence,exponential,187.5,187.5,70.36994879966976,2123.732393681961,5.551756368049247,13.223990017028001,1.1845873354634904,1.7926648153686566,0.6456275237574801,0.015172488149767405,2.4634111629070435e-07,-0.2529207864412021,NONE
112e385e7291c06438d3093e5c0d3934f89c8020e633f711b6fb8439c6cbe5f9,accelerating_subsidence,power,212.5,-87.5,81.43841549122118,1458.7142043960891,3.5222662553165245,6.170986082977597,2.3201097211715354,2.2396977474521855,0.8796279118296131,0.01522224519274045,1.6785681440226335e-06,1.2266695178241933,NONE
4e61d95009acc61d52e02daaf87a48dacd2647ae4902bb6bcaa2cf61e530662f,accelerating_subsidence,ramp,-137.5,112.5,76.64602120237494,1467.6318732006523,2.8949707894465275,20.868194721882283,0.8510092699951864,1.527488994856051,0.3563826737906354,0.0070533806070124635,4.394842192061709e-07,-1.235929307831327,NONE
44dd732c273c1b0b25f5d99ab4ea074d9c5c4ae56f2f4c211e16e05429357015,accelerating_subsidence,power,-137.5,12.5,78.93091029944682,2439.079777286552,3.9626655352794757,8.654463136634618,0.8118883038571026,2.0714956926265145,0.8642103166418369,0.009777751953239329,5.781193729197872e-07,-0.013345448128168402,NONE
cc0e5afa5c301c16cfa4bb669ccff58babcddfbc32147fecafa976a6ceed37a2,accelerating_subsidence,exponential,212.5,212.5,89.66129612513812,1579.517090804394,0.6218527247191448,4.902130420661129,1.6763548888088844,1.591934493691774,0.7941193032281813,0.012914369328598409,1.4031351780894845e-06,-1.2015114462904364,NONE
5d868941c820546c043a66ad474abc0fddfdbf35a51ad49d9e5270ac9e9a0fd7,accelerating_subsidence,ramp,237.5,-62.5,70.00652447808407,2918.13163922363,0.8453310062986814,19.621358693270206,0.5972460137975147,1.829974672742396,0.46843766036974266,0.010994409786281644,4.3018987055000165e-07,-0.8405362087016437,NONE
22a09fa89cab2d709e2c6a069ef998bd097ff97136492c9aa62bd62bff413245,accelerating_subsidence,ramp,162.5,-62.5,86.33910828560256,1442.9559856980263,0.9603486157557533,6.401665303382348,2.9212863573727423,2.2963344454270613,0.7175929332695675,0.010901428439169218,2.876587422093515e-07,-0.8455148361962297,NONE
531aa5979279fc986b5aed531df28d3e472f6a2fed1b5fb2d3020c3d2f825d53,accelerating_subsidence,ramp,-37.5,-237.5,66.39275976769721,2503.2947533210195,0.5114696189041865,13.930537390596442,1.2476300275145848,2.039542001650224,0.32409437630725685,0.011301663623662549,3.664705928831136e-07,-0.9609859070860542,DRIFT
f84771909c904c50a3160eddf387f478ddc19394ad722ab3aace594c82200162,accelerating_subsidence,power,237.5,-87.5,89.89671595924108,1663.9581908830373,2.373113342187194,20.638846233810295,2.405623200160905,1.3340806977339952,0.710030784253473,0.014321024447312944,1.550813694635524e-06,0.6595360180969506,NONE
a1404bb5930bf43ad468a0be8630892834822a2bbe14d49ffdd650a975ff584d,accelerating_subsidence,ramp,-112.5,137.5,72.65883284639371,1999.2264684952006,2.667562407756251,20.24984430972819,2.1222313249312195,1.455684268956519,0.8135357493427863,0.01284439768298608,4.7177668178781236e-07,-0.23846953654453718,NONE
f5f88c3894b304bd98a43e0cbbc0c27b271985ac6be0f89b1da28ba4b997836e,accelerating_subsidence,ramp,-112.5,-62.5,79.43752919709361,2514.143980362439,2.6090037362882406,12.88780535709483,2.3915095738564887,2.39337164806028,0.5831721429159081,0.015407803844795454,6.691222674103815e-07,0.3135067035853939,NONE
5134ba1a22dd25138f34e3f860fa3071407f485e2ac1099d607197990cc6b4e2,accelerating_subsidence,power,137.5,-237.5,88.87163469406137,1527.94329561129,3.4031217041952813,6.101064899810368,1.1077267679220304,2.1717824438766344,0.9953233970999487,0.007754433215229854,1.8072701530422344e-06,-0.9470307949590417,NONE
0130d9bc9c6f4dff96291e00f33abd40acc9efd00d92310bc1f39a1fbc297c3e,accelerating_subsidence,exponential,-162.5,137.5,88.97179352971432,2524.591856131009,2.8053467113874984,22.57338911092704,2.2631044876255015,2.011790423921009,0.7893026661206659,0.006296833886277801,1.9261665826959087e-06,0.45070185522070805,NONE
bf7346142b2fc36c92174516355f3d26d4a622c553197da466177e2da686596e,accelerating_subsidence,exponential,-12.5,37.5,61.49352244247226,1739.0680605183707,4.5315900570816465,14.768654726796134,2.5983181049298443,1.6130811488437136,0.9173014974953639,0.015044608964308002,8.126598356602909e-07,0.4229444529558084,STUCK
9874c5360a3ab2fe896666b4d0eb5ff9aaf89deb7cf5b042363dd0166b8dd4f7,accelerating_subsidence,power,-112.5,62.5,48.20183509388112,2925.564116478434,4.429708481356981,18.862236187901882,2.635700595914802,1.2803453150745543,0.3990750010967873,0.006580523582344237,6.50205212304236e-07,0.8849437850911499,NONE
32a2b5b37198b92b96d03e4b618091bd2ffea8c6a2bf5a9cc551bc7b049b260f,accelerating_subsidence,power,37.5,187.5,61.11584085120817,2851.211323534746,0.41321756094829465,17.02366964328253,2.9990783268596886,2.176400706036897,0.8073641550948059,0.013922385926384302,4.65388380712924e-07,0.5246456775775822,NONE
6a10e24b79cd1e77ec35ebc5bd813c005b054417407734127cf9f8b019c9c502,accelerating_subsidence,power,-37.5,12.5,67.39939374134764,1670.2710598117746,5.873816266623488,13.051666423289333,2.5470557977538015,1.73218634096389,0.5425059616387347,0.018049878652723794,9.818103039675e-07,-1.3214197767873048,NONE
5a28da264e479437cfb00c4ddca7d972eb6f39647b3a780d3a56cec6eeff195c,irregular_subsidence,ramp,87.5,87.5,87.19883330067665,2032.3690731133122,1.0484450454391292,8.399049118643532,2.395526624323436,1.5383304595393146,0.5517038384675054,0.007960162899437326,8.705857427903127e-07,-0.9362404026507988,NONE
978bb346131380f71dda2ffc25c620509c792602ba8bf10f7a0a8a345d6e8b59,irregular_subsidence,power,62.5,137.5,61.38945516919074,1475.7930476029935,5.595199176735031,6.212591054790742,0.3001287543117856,1.8184191431812775,0.9655245703880783,0.006049451744280597,1.6793913847754208e-06,-0.04348743325980542,NONE
b254333d161188e3265350f15d505a023440ee83df5e12047d48ff12fef5f0fb,irregular_subsidence,exponential,62.5,62.5,66.99261111971121,1703.963219504266,0.3762612195722894,20.490840954621824,2.7045571510998543,1.670469976106513,0.5455523667312772,0.01894508427599685,8.468708495105012e-07,-0.8764934820991863,STUCK
ca77faad3e68eeb1e9c8cf7ecdeac5ea7f6f9a09e9583e7e74e62a6e2dfe6c97,irregular_subsidence,exponential,-137.5,187.5,82.54839313214292,1270.0752279312662,0.6253690997319554,18.647951275785758,2.806675038534692,1.370165461302456,0.314175576273704,0.01619987217077499,1.6876092244093384e-06,-0.7971510889576835,NONE
71e1d74d49955de39c81892b3ead814bf6c1a4f39c2539e0b24544ecb831932a,irregular_subsidence,power,237.5,137.5,46.79391952540453,2267.3761566853777,1.65388881359585,5.557722066634721,2.7203009779401475,1.8004825683561907,0.7566812255881135,0.012349589540900829,1.1985743620963407e-06,1.2787442552484303,NONE
c154212ad23effa8e35e04bf2bdc6e9a10e953fe7f5046cca0d20d99dc090f57,irregular_subsidence,exponential,-212.5,37.5,88.13569244889479,2460.041030580112,3.547057823135169,19.316714834290966,1.0696859169162831,2.3469408827757197,0.46950642406529736,0.019236665196153163,2.1010559383846383e-07,0.06595807106765228,NONE
c4b50cad45f72659b901b2955e379272b7e6d4e0d4aeecee31efef5e488abe16,irregular_subsidence,ramp,-87.5,212.5,45.84017988204927,1525.0759037560326,5.236263108764994,22.209987515808574,0.7982467473907238,1.7842012057830055,0.4524933583198963,0.0067656824280999785,1.387857621353946e-06,0.46756887356763455,NONE
3d977088f54f041ecf753e2bcb53f8e9228099c6008e8b2435278252f7149df8,irregular_subsidence,ramp,-112.5,-162.5,61.61651156823835,2506.4956259374453,2.5648511310287985,12.644762595083776,2.9952878208104914,2.153824745655969,0.46693056521485454,0.012112409399825106,6.000285013068905e-07,-0.6292363599957432,NONE
2c22fbe23bd41240836726638d8f3ca07ebbdaa31dba24464435c88175c23896,irregular_subsidence,power,162.5,-137.5,55.78884321573901,2604.458135678538,4.523004152063811,5.892844803926064,2.819007524509226,2.071211347498142,0.9376010937704095,0.01403022439627823,1.858008883197348e-06,1.0852512472750586,NONE
76f565b05dc5d41050213131f7549ecf62ce72a77777b1d0581a105e4cb234f9,irregular_subsidence,power,12.5,162.5,79.58962170898982,1700.421819434737,1.8872866442206282,11.598135514239178,0.7118131852174717,2.361191230348413,0.8175547946427891,0.006998218830373705,9.756357482055036e-07,0.2940456791459357,NONE
7246d3a9b95e36e9dd97a254ece10ce1dd13593c55f2c432883ad7be50d8577e,irregular_subsidence,ramp,87.5,-87.5,70.59937978322758,2718.336273053795,4.605159157825797,4.166360680570485,0.26277593618051864,2.247917689151551,0.7861260634612596,0.01256080132937173,1.5906459849878924e-06,0.1840761219154614,NONE
58ebb66375d8e3ff2a1f3708ef44d149bdbb15b88e2ff9a2deb94c228e89188b,irregular_subsidence,power,-237.5,-37.5,50.517146487536465,1500.745413303401,0.5006214513242058,12.009390801732192,1.8305857134330181,1.2468425687396298,0.9123855830409073,0.015100628631776776,1.4016072226997858e-06,-0.9872036027085147,NONE
0124cd143cad8580467f9ba8df1d0f91af7df32d4c1475d53942fd22a97bfd0b,irregular_subsidence,ramp,-87.5,62.5,86.03895835800886,2618.2909892151524,3.643340433779489,21.58472715942211,0.6264458005244723,2.157876070302352,0.5332170783742538,0.012364526783138562,1.5602560758769823e-06,-1.2546430208878183,NONE
5113285e508eabc87b80170592e8841e32bf1d843c74c2f9a7d47fdc7a4bb4a6,irregular_subsidence,exponential,-212.5,-137.5,59.58711687122189,2531.904199284292,3.2013082363559504,7.905567020716314,0.6006600715641803,2.3500413865196523,0.997685391640809,0.012783957854814215,9.570583753398317e-07,-1.3980009907112585,NONE
be384dc1bc82d66757fe18b82675bee060c08b355f65b24bd3e0d6c0a89ad864,irregular_subsidence,exponential,-237.5,-237.5,49.88231632380035,2553.101124596845,0.04488398903560875,16.07389606744875,0.9528878773923413,2.372551731007812,0.930694610537602,0.009772282036767289,2.656756647344663e-07,-1.023988812523244,NONE
6c2a33ad71271b694ec0beaa127079a8caae3fbbbd4b76c3de9d37854eec71d8,irregular_subsidence,exponential,212.5,62.5,64.66913306484614,1540.508604093166,4.6645539171668435,21.901612262195854,1.243355050626588,2.157917755524119,0.7456663512851098,0.011982860935652831,4.65374029816486e-07,-0.8556823699632162,NONE
3dfb45f28ce0c87453fdd1b910d2e1303967f8b69df9853edab1f10a65c2e58c,irregular_subsidence,ramp,-187.5,162.5,80.60084541431583,1657.3096680330225,3.5191948818938505,15.446092704217056,0.9789353654040582,1.2934648717867827,0.7770841729560648,0.011038146415491426,9.810133421451216e-07,1.3821499806615627,NONE
e51bfa5472b5f31c2474e17138972f26e2d6f6e38f7d210b23af37d682a3b257,irregular_subsidence,ramp,-87.5,37.5,60.72385977163462,2111.3980745208337,5.067981346067131,7.938132440184008,0.4519326167375149,1.739885452143975,0.5101512634273713,0.012907166171469451,1.772558733123041e-06,1.1259692638657675,NONE
9c374c4c1b0e2a4a294f58a3b7bd4802766a3a80ea481b3d56f359d3ad8ab70a,irregular_subsidence,exponential,-12.5,187.5,65.96545967426405,2658.275095050541,2.342588249654685,5.139234850173403,0.621528774206891,2.307241749530337,0.6556867403058468,0.012372339061842864,5.269976822183418e-07,-1.2576741536573666,NONE
1c74cea6625d1671e5f04c01d664c959938447107936345a40dd106c7e4760a2,irregular_subsidence,ramp,187.5,12.5,52.13251880916863,1702.4578577015934,4.9191355358142435,8.109795401383252,2.592385799383459,1.6656322800190655,0.40183535305768736,0.005855461539617955,1.1777119827961718e-06,-1.4246267543688254,NONE
0ca766dbda09687b0654230052ffe771325c977d0635dbca6b42f485edf901b4,irregular_subsidence,ramp,62.5,-237.5,63.603543934792135,1633.1725969837696,4.374067435877828,7.814711531026182,1.9169335128092488,1.6735932306786072,0.36215228737206584,0.013936923410795303,7.737329530895064e-07,1.4723677987900565,STUCK
d8cd0d6f6fd39b8b328b8b704f1fcaab440695b9e38b67cf56d6d69f6f35e669,irregular_subsidence,power,-137.5,-237.5,74.42734594041407,1655.1047415354649,4.8950737899802235,14.118633545526063,1.754812642776906,1.7782369018838298,0.9168221526577431,0.01038512553827635,1.6488072814626217e-06,0.02391008828230623,NONE
345cce4111a5e3f71e3c610ac6bcc62d67154d39d1f789f676884374618300dc,irregular_subsidence,exponential,62.5,62.5,64.11902367741737,1705.995506993947,0.7193768392892814,5.520619565866497,1.2525050636793922,1.4764813169805155,0.5353603714547293,0.00569536797305469,1.5454486052814382e-06,-0.21959303714406164,NONE
d0385e68d5a213556b08c95f4ebbee41eef898d3ef28b3ecc75edea420c0725c,irregular_subsidence,power,37.5,-237.5,88.54870572126342,1794.0141052489917,2.62738314401978,21.792945310788923,1.4377969568112805,2.266281668085398,0.9063048628406083,0.007251598546932053,4.1236954175033356e-07,-0.047513122755606596,NONE
085346c8ae7c7283991065b62ab0c79fec4c87a0a30d5709dde8926b35786ccf,irregular_subsidence,ramp,37.5,-237.5,56.749786982901135,2321.847091777219,5.326525837863658,10.956291901510419,2.635923937373579,1.3183518004144756,0.5211668802265619,0.015466755642135907,1.7539723038431648e-06,0.4373615068082347,NONE
31e08939610a97cea43c67361bcd6268d6af6d86e680e305fade6213168d2652,irregular_subsidence,exponential,212.5,-212.5,66.66561049032687,1270.6491749417155,2.2241996929053967,13.133497508679406,0.2793490756808752,1.861371543170229,0.6064323675290428,0.013535217423682173,3.1473739251372033e-07,1.405464115118215,NONE
650d768618ae53446df4de7d7730f8126c75c18bf0f9e3abde0533d96362928d,irregular_subsidence,ramp,62.5,37.5,80.61483380217251,2785.8757025019822,2.117334991363266,12.467378730922817,2.1318553893918106,1.263702123755634,0.6929581254247044,0.012856866020032491,1.6821438230520906e-06,1.2131921446090206,NONE
b619a435a4d3ef89d74081a4be148fe83d41aa36889fe82f1518a2d02939038b,irregular_subsidence,power,87.5,237.5,75.33228499019846,2160.0684906739893,2.273153765594677,20.299024659613504,2.7969301951367744,1.9806843289812657,0.5556892766091689,0.017550104313726944,1.5775444742007279e-06,0.07916063040441501,NONE
d12e6a1d52aef04dac08cd5b91ee24d644206329179acbd012dd7d0b0930a7a9,irregular_subsidence,exponential,37.5,-187.5,53.07742130066611,1902.4749417070584,0.3486188008862361,18.131692458912525,2.260348909668739,2.1966711172931968,0.8107067692768773,0.006508435666387771,1.3016014683269736e-06,-0.5437186048879983,NONE
6a3ac02a26da5d8a8d8284778dfae32107d734b50abe9d80599eacc6ec0544c4,irregular_subsidence,ramp,-62.5,62.5,55.90849278499632,2666.315920787813,0.4497312997859415,7.485966360215313,2.8081414598534242,2.244205201903959,0.5379866837155944,0.018882464619246992,6.115240813525562e-07,0.295225568710488,DROPOUT
6180fd43375a327fb7967508ac88705322430578dbf42d85863327ad0ba4cecd,irregular_subsidence,exponential,-12.5,-162.5,82.2363353619017,2604.0716467450106,2.831345447129483,23.821013558773636,1.8151217504165778,1.322473135287239,0.9238897541944667,0.01537983095982064,1.8761964057600752e-06,-1.3755953289389846,NONE
dcf08d710598f5b17b50699e83c2e63c01ac6af8bbe13eea4ac3180bf130092b,irregular_subsidence,exponential,112.5,-87.5,50.66645636410373,1830.1303692661459,5.412729686123603,14.78640896741575,0.5315576094072195,1.809263394618999,0.8622486824924332,0.016402535212072036,5.679678870174964e-07,0.2411171718304287,NONE
873b885bc40a7b07f7a6cdd34fd236c93741814cbd3fa5cf19afc6632bf58dfc,irregular_subsidence,power,87.5,62.5,78.61461505478947,2743.256332226264,4.577484134090737,12.795565095458661,1.0596155034854093,1.2342262762321319,0.5605570282065245,0.019070231137537853,1.9072944174872071e-06,1.1156898099329844,NONE
5963aa674e47f8d0ed600f9bc65e9397b9fba7edce4a0ef3ff8c0650fd4fd2bd,irregular_subsidence,power,-237.5,-87.5,55.21669253116206,2917.6047269215082,2.778481918617832,12.116894611224428,0.5456410174091464,1.7741599004067696,0.7454968443475204,0.008051575251386101,1.54844954537144e-06,0.18306177438835247,NONE
8c561a23c923509ddf4bc8b50555c7d4cb6b40f624a4000ce4fd5028dc42a929,irregular_subsidence,ramp,162.5,37.5,51.544477184796165,2179.5933680584712,2.6436098808856583,5.275010296921306,0.23487807325729781,1.9507774417908754,0.37117063032820896,0.005672802233042828,6.87374766712454e-07,1.0329222001238012,NONE
9b463157e06b9816e8fe962b34f3c8b6844ed38c7309b206293006419b77abbe,irregular_subsidence,exponential,-212.5,162.5,81.0555946546806,1476.1930358687011,3.244037817753399,21.0423027091788,1.1409733818293426,2.291886336903347,0.5570383702683581,0.00847425430187657,8.191662069366106e-07,0.8628404807083873,NONE
31e86f6015b64dd7720f7e4cbfa9de87d649a55e4352a90cbd6341fc522b4f21,irregular_subsidence,exponential,-37.5,137.5,57.48290967250808,1360.616618376947,3.290302121097076,4.940634811428689,0.4570254768233501,2.3705614139816173,0.7571543547130376,0.012705554188330989,2.3253559942639468e-07,0.7685797261787058,NONE
b1403eef27f5d16634e7b780185c15fa605a4f1d987f87c6cec11253101da02d,irregular_subsidence,ramp,37.5,187.5,51.44019855802883,2707.236911217936,5.612306182145461,21.176427773055025,1.0892815623084369,2.2280560919631207,0.36023892764114623,0.0050214462436536135,1.7486784542674772e-06,-1.0054551842501427,NONE
4bf2b545c12254356624b30cf1ca23f12fd024cb94cd179b466f5da212d62ede,irregular_subsidence,power,-62.5,-12.5,73.354542859234,1906.036916612825,4.305455628005531,14.582477266924045,2.4504931492753075,2.323921136444018,0.33412170102118144,0.0057992257857533095,1.7623220591576783e-06,0.8821991661576789,NONE
4a7bc0966bbcde31c865a5a1e6250540b1f834d0634f89945001f7715095a050,irregular_subsidence,ramp,137.5,62.5,79.84030685872301,2308.6376844977794,4.949465927598861,11.432081012528688,2.0531062043914856,1.3644227189929958,0.2683677308124016,0.01848911012791445,1.1644448458686862e-07,0.11333031062933063,NONE
77cde8688184920beda60c7c9bf6526b1e8e16e2e4f2db41c50c4c0824ecded4,multiple_zones,exponential,-162.5,-137.5,47.09644998500174,1567.9549873557821,1.3321792613340413,8.001743261884807,0.4065605669925695,1.2584198942058669,0.3921140548598837,0.011135729407878697,2.0676482674207973e-07,1.3123485068717935,NONE
1010ef1ee08a059635ffa8bd8e02d0731039b4b08cf09fe940a0cb5ae1d6f485,multiple_zones,power,-187.5,-62.5,66.34389358087518,2532.1259771304867,0.5208502928954661,8.704830829457794,0.7756841026889537,1.3643030851951112,0.49915027022731706,0.01382334419102423,1.6982214140277322e-07,0.76669826696702,NONE
f44896c02310802c9b54abe7a6891bab80f31cb2c33b201427d6e95854e3b70f,multiple_zones,exponential,212.5,112.5,83.90845939148905,1500.2948352990277,2.6692100004237163,13.703307851828495,1.570857861992693,1.8455167452614456,0.8315818827710867,0.01535780932151885,1.970199682189248e-06,1.4130738557299223,NONE
61963fb4ca07fb3d2866b7806ed44a3ed1f3d5afed8cfc5af2db2336a813cbcd,multiple_zones,exponential,37.5,187.5,80.99370980989413,2231.3276484125954,4.757582309382455,17.773192161569238,2.801820800519389,1.660460913663747,0.5093878916910467,0.010295957847670617,7.204297387193349e-07,-0.3415035976351628,NONE
312dd326d905687348ec8433b053759337f07cc0e8388734235b520c58eb2a18,multiple_zones,exponential,62.5,-37.5,78.0004523554431,2110.337629456215,5.243553344718713,16.249021462172493,0.4127662575575075,1.7391823897893979,0.5872942276873071,0.018844272752515084,7.239094034007234e-07,-0.6517882295163927,NONE
a33ea65bfd56899affdc127ee20dcc542dd773524181261ea723a5ab70064afe,multiple_zones,ramp,-112.5,237.5,53.29575527839062,2003.3220523349703,0.35822187679999073,13.966627134896285,0.13579972973910112,2.373031121231668,0.9413211657615461,0.009419589492654354,5.17901024717935e-07,-0.037802069176466335,NONE
feedf0733854bd08756a0afb402caef102fa2ac6b053b0ff3582fcdbc0c1a9c2,multiple_zones,ramp,-37.5,137.5,81.54198444467399,1394.8551838716812,5.606333406191674,15.670112655024823,2.1227647696554066,2.027489182738862,0.7340298317118116,0.006586395157617696,6.70496568787464e-07,0.12907877892923847,NONE
756f2c6d9ae0f0526c3521b6128ac1da5ccd5e846dd5ebdc62d38f7564e3f22f,multiple_zones,exponential,-187.5,162.5,55.119795194541624,2893.7310273600942,3.530910822082083,12.748457522834842,1.49758153313351,1.985267521955453,0.9907303962745624,0.006950668213451561,1.7510599497896568e-06,0.24858008439885637,NONE
73b144c031170fdc98c9f4d6d3478e4dc3fd103242086de9f3f176c4096bf292,multiple_zones,power,-112.5,12.5,49.171310366150635,2839.35787918427,0.6247034669596785,23.634985946293444,2.8430866761068967,1.5255413264723412,0.842282481648198,0.018318622166159614,8.831127601335242e-07,1.2495889948277132,NONE
6a08223fc390d05aed05ce224771b1770e6378fc3003e3781ef0d6ffc715ef6b,multiple_zones,ramp,-87.5,37.5,64.29853128523118,2600.845518506952,3.8128836957205805,18.43074305800308,1.3400651022270333,2.31672417051243,0.2788077740530563,0.014629259396494555,1.0879475926106822e-06,0.7424296300780097,NONE
ea30519662eaf9b5bf15fdcff8697fd66070e342a21f53e4a2fb8bd15248acc4,multiple_zones,exponential,212.5,62.5,53.607538135235636,1432.1084947232316,3.60094365510437,23.680764875874395,2.177614585204207,1.7120075859613952,0.35403182311770287,0.008329751445230084,6.533827419202861e-07,-1.4913854772243156,SPIKE
83b4b92696f2c9df91a53c3f0c0ea0aa29a20e7a39dc4f885bbfa3c60fa020a4,multiple_zones,exponential,137.5,-187.5,53.60641114673031,1571.8937054471119,5.081266169419347,18.173712305669465,0.6728943652764088,2.0628018191443047,0.8904400268158242,0.014154994531353424,1.5563899066144405e-06,0.2530747627313772,NONE
bc0c47530a3e02f09bf8bc5068e436ea78d147f70f1c2aef133e1d4da56c8cf7,multiple_zones,power,-137.5,162.5,70.42301112886823,2497.0378633160485,0.01595849244743719,21.62857590000231,0.38392575979321547,1.9806508658874027,0.952687871246544,0.01252198099933144,5.81499547789024e-07,-0.08664617480592962,NONE
5d39826d21d0a38dd996b1ed307b4339a31f75af2217c459edb1d604c3f0d5b1,multiple_zones,ramp,187.5,-12.5,56.7916097976149,2695.467665321391,1.7507903402704794,8.619586293909384,1.906613374479732,1.2592014565171459,0.3326264782205064,0.014181666085875108,1.6379705602508035e-06,1.078059629247656,NONE
d3b10d69300c231c7b5e318bc2eaf3dfd82b9e248e1f225af873a85497b33d0f,multiple_zones,ramp,-187.5,187.5,80.16505195445049,2563.272631730913,0.3634521408097444,17.077554630034538,0.5549748025807981,1.70946246520901,0.7592213656924681,0.019333142425016745,9.175643210321416e-07,-1.301594206654142,NONE
30a10fb79bf2a16ed349079e9fb2c8ad2bae321ec53b495d935ab847ef9702a7,multiple_zones,power,-187.5,87.5,71.33547875512392,2263.7773199674853,1.5117546328002318,7.16525653527731,2.3386582675555476,1.5827764366176709,0.29928453397879595,0.007984243327915301,1.8410607614630302e-06,1.4280418667597936,NONE
b7bbbf8db3b273a9f0f905ca3308fd7eb45ca9d1395d548d7e6548d838e4d083,multiple_zones,power,162.5,-37.5,62.05451890640144,2619.5775179177513,0.9441523347552021,4.353387818405588,2.8430974704939693,1.289935273221021,0.9363784870517837,0.015778673154980244,2.7682406224697043e-07,0.5545094365920543,NONE
101a21a61265da038b87abfb6da78e7f9fb7d2531e0b926a4b3d0ad25226c99d,multiple_zones,exponential,-137.5,-12.5,74.45878041513025,2209.278056330143,1.3302259123036255,5.250107353939134,1.0700468772367693,1.3161311315296425,0.7125901046692138,0.01782823021614859,9.458938547629484e-07,-1.0662615274629546,NONE
eb46a0a8578a7f63d066030528401e716ef9a25e34e045dc7eea5271aa468253,multiple_zones,ramp,162.5,-12.5,72.86109860263157,1838.8403591086867,5.073634457697192,19.736595893384326,1.448162151865504,2.35923871246874,0.5791334789989608,0.015786448738054543,3.3132029044468777e-07,-1.1222104887699258,NONE
edb2ac9e7de4a6773476d51f3a0127f6522668f0369a57cfd5de50648b68d1f9,multiple_zones,ramp,-37.5,-187.5,52.14642238266209,2413.8532143381985,3.6343863267328107,6.613143196444511,1.9096216274867044,1.3145172270337586,0.36932754827554026,0.01679565688421663,1.8655364475892208e-06,0.9373139155214995,DRIFT
eb285b1c39b3f8943971716a3b03d83f63a6725413c5bedf062b796eaa0fe526,multiple_zones,exponential,87.5,37.5,56.88356740584635,1782.9258630023096,4.347842206495694,11.361365944495128,2.0683487182126927,2.3230485722343515,0.5700712140211963,0.009121569519916028,2.869228426069055e-07,-0.19678304249754475,NONE
e914aa1951f1bff08a5c92ea3c4fe7349089b83af48fd8fe3389b91e5077b11f,multiple_zones,power,37.5,-112.5,89.07334244177638,1479.1960821686814,3.9192939207864557,18.05313342528848,2.020401943907107,2.168405624016111,0.5614521245995886,0.015296851907910004,1.7415811962136759e-06,1.2945918684191127,NONE
148a8a8696b1b2fb41cb621e6b4c915864fa64f27877e2be776a9af7d1954dff,multiple_zones,exponential,-112.5,-162.5,79.0880396589721,1565.3733984335881,5.171803345690176,21.470427766123457,2.5782643984374225,2.3397449437993734,0.3831289697486905,0.011375017303022449,1.8932101636658277e-06,1.0014793144895557,NONE
0928a924e2ad2fc1779333d033f73331fc322e3a351fb37e92ce93b7e79837ac,multiple_zones,ramp,212.5,-137.5,55.83339194293684,2764.1679111610842,2.445131741826402,14.723304837260537,0.9669261675069051,2.3026648872061988,0.9941083096161969,0.012921920254180593,6.231532414335915e-07,1.3631865850815177,NONE
b58036b717641b5b1a8824eee7140ac50f2df07b7beec7aec67dae9468ccba6e,multiple_zones,power,-62.5,137.5,51.49184025829015,1601.0616626960577,2.952515549756873,20.933782418367876,0.4889707514134652,1.9924301207512525,0.9987088693429218,0.007664292478794568,3.1024750780595706e-07,-0.7793162562557846,NONE
0049dae8190cbce0865515def21e308b60c235ba2c988eec846e1d8566fb867b,multiple_zones,ramp,-87.5,87.5,84.71850948352751,2433.4539836067042,4.0111123761235135,21.10626198862616,2.3157379287863504,2.3463176269959973,0.39209498298946666,0.01775867892890041,1.8177385580150508e-06,-0.3620386904627114,NONE
f0d48a997efa217dab25441510c69baf731a460048447a006ab20b97c2ad9b97,multiple_zones,power,212.5,87.5,48.34127675693626,2376.620596304267,2.8803033290151214,10.610124077937243,0.6353260457772468,1.6697492724548704,0.2676768942092102,0.015126183450888066,9.109781844090572e-07,1.2054826882003464,NONE
eb59a5947df13ba7a0f93b6c30112a08fbf5dd075940887a061549282d1c4471,multiple_zones,ramp,212.5,-62.5,70.67301820764214,1531.3426526500127,0.8029305891961469,13.966838775287012,2.87726843731826,2.3296234560428313,0.5132385593526095,0.01496320973717557,1.6756177773979673e-06,-0.1907235341207948,DROPOUT
6a0aee020eaf244dca2c81432e97326e35aab5607710eefc331008cdc225ccc2,multiple_zones,power,-237.5,137.5,46.99365264977672,2763.3313052024523,5.353681852531168,20.29817513387048,2.8623246339304895,1.3124757445012545,0.7708198207092184,0.0127276750476925,1.0931531787563264e-07,-1.4069770849138583,NONE
8ea3ca168a98198839fd75843b9ac7d5baabcceb82bc605508dd504b1350dd99,multiple_zones,ramp,162.5,-87.5,61.42020156394269,1795.7699432715021,5.5001982354703856,11.521593496667682,2.0772841533895106,1.643053863790825,0.8595635323328991,0.019490834047614234,2.5281892055004817e-07,-1.094270726444361,NONE
ce463dae9569ae9acdb4f3820a56e8cc10b7fef5769036eca44df1dfa8bb9df6,multiple_zones,power,87.5,-62.5,70.93008069949471,1318.7667509439943,3.1392013086422574,5.46501270465063,0.26038830701535887,1.904955845915701,0.47291568238086423,0.015123885816409756,5.769208337049243e-07,-1.0690305943874598,NONE
c88c7961e9c8a2a3e5b0181ad23ec3738da8ab265dd5e074f939f0c734aaea04,multiple_zones,power,112.5,87.5,81.93747435263825,2628.5647734506397,0.22527623823265674,14.379116332867396,1.1211047813538244,1.6872022371851056,0.831851808499088,0.0075266253487008454,1.0325070119695664e-06,0.7834363457478041,NONE
e2a65abd0d4091a0a6d6a352aaf5d6f0f84a4b9f45afe608fd5df74c8e40bb8e,multiple_zones,exponential,212.5,-87.5,74.22075428350131,1358.4623909224035,3.109012584222544,19.655578143281243,0.9923831551198252,2.388262151829545,0.6846106205357657,0.01842148513734819,1.670681517786191e-06,-0.8682743489525868,NONE
08664fc1ec68b12c62c062e9dc96f87e1f6b9bedf88e3dc85417ce90651b9fb4,multiple_zones,exponential,-237.5,-162.5,45.90844663533182,1590.0795257607278,0.3298704673442814,5.1771907196720965,2.104464471674987,1.9563323699087418,0.59599602170994,0.012167200896141574,8.60877473988835e-07,-1.164911755409952,NONE
e52fc4b38805ac8ec10fecaf8c1fd1792a1b4caba035d83b3c0ce9e4d499ba1a,multiple_zones,power,87.5,212.5,62.43391815362075,1783.428249209023,3.345347152975596,23.306400642674955,1.6082354655991054,1.8972810110285867,0.7284511889899715,0.016657198827236687,4.988817434446973e-07,0.3309899339609119,NONE
073374a3b03c731a1edc09787c3f1836b4629d4a723047f6f9af4b16bd8a9fe0,multiple_zones,ramp,187.5,237.5,57.60910711958892,1752.1106982799017,2.55483521734397,12.21155780972925,1.4124518815734362,2.260816860871306,0.664436113460289,0.005210086682950508,3.2148206658535283e-07,-0.7967103357828601,NONE
647687f83970a3337d261f2789d4b8df4117ace120fdf7c5ddbf7079559ec4ee,multiple_zones,ramp,137.5,12.5,59.62923629555148,2339.295996332962,1.0882803672870074,22.247290018937065,1.331580839451928,1.4916957821085135,0.6763187554876328,0.005639978251489892,1.9016802701753436e-06,0.7963706724238903,NONE
f49268b8a413fc002fa30d487c510ae3b107cd9f5a2ac9291334057882bbfef3,multiple_zones,ramp,187.5,87.5,52.14783391343565,1905.3642321807356,4.559499347980177,9.316282118776721,1.1878101293087409,1.3779237148983094,0.9178595569110201,0.009486081917587505,7.143035794257815e-07,0.7022734170586568,NONE
60fe5b274a01898df685e96eb3f21175ad6d313288d163ce1e881da07ff36bd3,multiple_zones,ramp,-162.5,-37.5,49.29767563827734,2599.2713953672364,2.591505233101108,10.766021934411164,2.2695882883184866,1.4879894908531726,0.6711069218784772,0.007039608954701132,8.129925543989345e-07,-0.657686273143896,NONE
2eead3d608e672afcfae8fb25d55f76748139c805fc3955fee1420f2c2894ad4,multiple_zones,ramp,-62.5,62.5,80.16921156446213,2417.8560459022397,3.4799521666058686,18.979955217228376,2.41033181301663,1.3571157815667654,0.5774705461395526,0.01433526596585837,1.3485908707592562e-06,-1.16428610066766,NONE
af40c2d23cef6634ff41036a3bd6e53496b7815cd614d5761dfb092d50b5e0ea,sensor_bias,ramp,62.5,-37.5,81.22459228694785,2111.2249640319715,3.0385824573855027,14.067798801809664,2.110590853801725,2.2651059099347313,0.7074928741244286,0.01877510274483518,6.271102559775044e-07,1.4059994765814947,BIAS
9f335110beae4c6f6060d1aaf41315f2f3de6dc4a9ae0935e9eccda6859a5ee8,sensor_bias,exponential,137.5,-87.5,75.74965253580147,1610.9971135104092,4.514719537008416,6.529266797675815,0.5092943061116932,1.9352703802114974,0.9425851795690192,0.017355754681496645,7.478906800129748e-07,-1.0666858693993468,BIAS
1bf53b5e5d8504223c546d231440b539767d76b484c1573bd03d9d2d5b74c7e9,sensor_bias,exponential,237.5,162.5,63.53673605159295,1265.1382387208919,5.4332477339905365,7.338826553781762,2.5088710203202154,2.044095810879675,0.5651433572693672,0.007311751625212391,7.067559163147921e-07,0.8976935670579267,BIAS
6c8f9f172b1b469f3df0ace6c28356ca28a9340aebb2f90aab0251c572087360,sensor_bias,ramp,-62.5,-12.5,71.68063431910397,2707.1178878689743,1.8386583574473012,18.90593563243152,2.9320557945273262,2.309452630412651,0.8380103259187894,0.007543468512270761,1.0599952936606575e-06,-0.8318914437338361,BIAS
774a730383eb8434c67626c4926e4f727d4ea8ff2eb9977e33b72539c06a580f,sensor_bias,ramp,-137.5,-237.5,80.46173146738602,1787.8253310488067,0.45883218195284536,6.676614112794269,1.1026704530077156,1.6157979270370766,0.9384279417050609,0.006182885909145641,1.9222323822414547e-06,-1.1404584973140257,BIAS
0f6c2380aa712ea1f2afacf28380bbb65abf7008b1fa56089cddc5902d3e7832,sensor_bias,exponential,62.5,112.5,47.10260819665991,1604.0646821630148,2.479430869362189,11.353336817883706,0.6958617977337597,2.085993619088092,0.5837803706449107,0.009355102660180678,2.282623867019988e-07,1.4331149334030422,BIAS
5a2d93f74556532c432880ed562d03af64c1770039ef3402148a6838b4c7a397,sensor_bias,power,-237.5,187.5,56.15172073675221,2884.6533109964134,1.3870616226146022,19.822307151912778,1.1266922266743709,2.3681525368291356,0.9106254350586317,0.01564197337020236,3.896988266137578e-07,0.0761418876849802,BIAS
8457ba41e081f13b2c53fed25922a14bdb2cb23bb7f3db782b5c9729a5e8a910,sensor_bias,exponential,212.5,237.5,80.69927962699404,2919.3625983488555,1.9805701391648558,22.692086356845895,0.7556320433954161,1.7287575827320891,0.631629720385972,0.0054367991560049815,1.944808271545405e-06,0.3023357993675607,BIAS
2997c3519c6d697854a06227a9615e28053b56b6074812962a0b68e8d4d59ffa,sensor_bias,ramp,-237.5,212.5,83.56981951380367,1573.1223469846896,2.8322345552403116,12.228389138265548,0.16712599643700995,1.5270234731835552,0.7716452784683336,0.017240530325673162,1.8575838859502408e-06,-0.8183596932145175,BIAS
2a5165d94e518ff79c27dad7740b316de92153f89232972f1ad8a0ef05169323,sensor_bias,power,162.5,-112.5,46.142292997609076,2761.1990442792444,5.350610044951976,22.02661029394891,2.5394225689685084,1.3147071653412692,0.722164637598643,0.005562318535985435,1.0542939328185695e-06,-0.5167045768325493,BIAS
2b26eb9e360534c631134ea1c172e02815e58b6b96e326caaffb95438e8855d7,sensor_bias,power,-137.5,87.5,87.14478346995239,1385.0615958862204,0.6970236994165664,11.612526206733147,2.7929689203758565,1.3092997929750347,0.819686638866515,0.009443345469953571,1.8522464453922462e-06,0.3738408703490339,BIAS
5d22ced852ef0f3ac786c559bfefeb86c82b66f191f95ccfbc5438378ffa1925,sensor_bias,exponential,162.5,62.5,52.3928440041222,1776.0975032017361,3.1770422253084716,10.099312308011232,0.11139628436015697,1.8363941241754131,0.6005356935920925,0.0151959138876688,1.1302779378516087e-06,1.206848698411798,BIAS
7a00db0f3dda69b7fab59d0636936111495490c42440929ca1fefa19170e9cab,sensor_bias,ramp,-37.5,-12.5,89.03870684802675,2565.0658642281896,2.0650791607792893,12.095334949866277,2.066304622725911,1.5027420940133493,0.45855198896410887,0.008526409851144667,4.076085132133986e-07,0.34080225218182847,BIAS
17df62fea89d5f4b595ac21a4602e3554b1d685a9486029d9af7c5b5097e3f41,sensor_bias,power,12.5,-162.5,57.48473552584166,1414.289769460834,1.785392134403677,17.835435490077945,2.021169576788047,2.101351715539134,0.5337086203702015,0.015141189814493751,9.316756889232078e-07,0.9273252884962099,BIAS
6ae03f478601fdc6263da5d1bd3432442a029b5ef69cf8770d3932a038d230b4,sensor_bias,ramp,-62.5,-62.5,74.1950424088061,1897.7804050576888,5.220115656890334,23.981727416828974,1.5639658771766292,2.0472928099482672,0.40183389850660983,0.006687947876650628,1.0519866728780276e-06,0.1417363555275971,BIAS
8dfa23c26f360b75af50be429c42dafb54fc79067c3a6ccdb0dab1fdf79af312,sensor_bias,ramp,237.5,162.5,48.77806819235669,2939.4202845479017,4.812429225895043,6.257108105460233,1.6618713144598163,1.576101350848973,0.4306193272256402,0.011095691269503742,8.22750329235082e-07,-1.0362622637317676,BIAS
682b2fffd7362ace3695d779f71f99acee1ba0957b8eae4e013f07c94a632543,sensor_bias,exponential,-112.5,-212.5,53.90037327682816,2790.481085063388,4.157988734936351,11.713979353656562,1.1976247252390777,2.3291848394476458,0.42057681996873275,0.017992601330010682,6.398279262553873e-07,0.5687721664958801,BIAS
8747e79f25e97057da67224dd3660f326b03a3d717fd40f748638cce5a3def30,sensor_bias,ramp,-187.5,12.5,79.92308260136257,2540.490217972466,1.2152595453646065,20.178598831031643,1.2248264145958028,2.182856707312192,0.5664099507977963,0.01509099254861116,1.1920865160503733e-06,-1.394726520937094,BIAS
4e37b69abcf9c744a8423435a4bed0e68d5a42dbce44913c6e08efec5eb6e981,sensor_bias,power,-237.5,237.5,80.32615860056623,1822.2668393038036,2.385191227021684,14.721134198902359,0.8987560362367658,1.3787148115025825,0.3547334125286465,0.015230664766672647,4.997983751915585e-07,1.1431551436600071,BIAS
6b328101f82e69d856234ae6afad6bf32fb1f021bbf1c613a27c3ec4245b19f0,sensor_bias,exponential,212.5,12.5,76.15555883583953,1848.9570650483706,3.500768343011666,11.29500741097918,1.2451793443435946,2.211827234217569,0.9816267690629298,0.015771330678114415,1.1266472751326314e-06,0.44142717054119096,BIAS
625b35e2bfe8af0879ab7628be61d0795f7bb7a9c929750155284a6641b0b382,sensor_bias,power,-187.5,187.5,55.575030362290505,2130.5213796234107,1.448642566563048,22.304405323005664,1.8027756405997706,1.787957814709304,0.43481616960155084,0.014583399514673415,5.985806220899603e-07,-0.7541170973410202,BIAS
db51dec1e11a04c5103351beee3a1448439d676d85f1de1805bbe1971a3fde39,sensor_bias,ramp,112.5,-87.5,60.9049129354289,2105.469877402282,1.9725667401053268,12.611619055552676,1.4816699121295558,2.185408437176103,0.9604566229694838,0.01653825785554042,1.4622587672877697e-06,1.487225203156381,BIAS
c423ba3ec4b1b543a30cd7b0b9e01928db049ed7b03099b230349a35eda7cffb,sensor_bias,ramp,-37.5,87.5,86.12520850254131,2553.082871471183,5.05665005904414,23.803247052469434,1.3993561377004267,2.181835326523419,0.9465967756180599,0.01168891448921018,5.267948268336968e-07,-0.341033226336349,BIAS
8616c5c54eea39bc8e451b0069f97c2a3c386995988d4d92b9a51b18eb68fb23,sensor_bias,power,162.5,-212.5,84.76590705317979,1468.8796951122995,1.2794987193327054,14.496372917935881,2.533666853000039,1.7399515488005184,0.41496762241450363,0.008880883053967916,2.0250641820695803e-07,-0.786775095224966,BIAS
ed31c4424dd10fe8ceff28e548759e70891be825851779c5b17ba1d97bdc2519,sensor_bias,ramp,-162.5,12.5,83.7783884598576,1755.6286630466482,2.6984612109022663,16.48353720518798,0.9635185539069682,1.9407468667115406,0.3595635676524882,0.010070471322470262,8.671909135851382e-07,1.4396182726321056,BIAS
8ebf54a02cb9f22e7d0c5ae377ef9b66e099378ae41b81ab2e5be5f8cc741ad8,sensor_bias,power,-237.5,-12.5,65.22971278859838,1328.2452684529055,5.768978404103984,8.018725336876901,1.3006778954585017,1.342379339113685,0.34345575179952037,0.01877660816249976,1.2322346210706247e-06,-1.3710696362580688,BIAS
42aa24f18092ba2615d38d418fd65f9ad65f32a11e7ca445232e02875d5ce167,sensor_bias,power,12.5,37.5,59.25691818713374,2647.530511446904,0.014345770129634783,7.156857616530068,2.986664701601482,2.2971688854502035,0.8961728914463157,0.008644745436651509,1.0151021196241084e-07,-1.2152312062090742,BIAS
725b15f221bc8fd139af7db066004cdb99a6e437592563b2e653e27d29d7d6e2,sensor_bias,power,-37.5,-12.5,50.6159677257226,1527.7080117526177,2.5055801360974,11.982514694479717,2.2120308184548136,1.9400560348289269,0.9982965622449761,0.017073068166872055,9.230698294651275e-07,1.0291544779084267,BIAS
22cf35290ed931926a7579b1d5ce2003d4d71edb3424cac3c2dae0c68a218ddd,sensor_bias,power,62.5,62.5,45.929666157302464,2819.6010520637,1.2023177966779282,14.010655617161571,2.3382782470140224,1.5942461390099816,0.3816352723321995,0.014323873153560582,1.527742460657753e-06,0.0752920704505633,BIAS
19d239f77db55542c115253ab8899c9f9328e0e80e6fea716d9ec37670ea33e1,sensor_bias,power,212.5,212.5,61.626025731775826,2475.227458364374,2.9845107372172306,21.388098600656342,0.17658960511094776,1.6346066564622117,0.6709162413261548,0.007375769324796867,6.443504475434524e-07,-0.22642543465324128,BIAS
ddbfb6a24c1029a814dab2c7e141ce9a76a1405166af9681053c6ddcc061ac9e,sensor_bias,ramp,-12.5,-62.5,56.69561956023207,2510.115649220511,5.78918422666838,23.16672735613289,0.4805263078972844,1.8951597879267135,0.6444049928299211,0.01869790329539874,3.7532074818506914e-07,-1.215777439752363,BIAS
de23e0200d3e57a56717e113b2800eacb4796af8a92eb7283047dd15c1f674ce,sensor_bias,power,-137.5,-12.5,61.98243093349219,2822.1383463264183,5.507651719293539,16.843464931548986,2.4834834495757545,1.31351839597103,0.3935314234047856,0.011259158825807285,1.5317439583794628e-06,-0.7389038763295859,BIAS
22ffa650c86e3a75d24db2a199d6e991cd48138f81b06318c518dc3f2fa063cd,sensor_bias,ramp,12.5,62.5,58.72731326288332,1529.1004906988542,3.866235676000394,22.329222530154755,2.791601819555533,2.3424368194536003,0.9233635593188578,0.017405134549865902,1.998950217882023e-06,-0.9020838118128415,BIAS
113c9488af9e1e0fca37c6e41d00da8217dd60ad9677a614eb1c7882e34f01ed,sensor_bias,power,112.5,-87.5,73.23657078018276,2010.5593150280297,3.4858236494413317,4.707910339556412,2.774624899247512,2.061123888748797,0.35564401041349275,0.013956916962621684,1.8021476654490662e-06,0.24635101553052752,BIAS
a07ca9996b58a8d98bcbbd43b0c111375e75e2a0d788cdf1461fc911ab1bf03d,sensor_bias,ramp,12.5,87.5,77.76375923344901,2444.3917952880456,0.49377222109594654,12.779019257325478,2.1592362768058417,1.3902261906951698,0.5380145653846355,0.0067756066613479165,9.048015754141056e-07,0.20146904246534336,BIAS
b8ccd0e1cf30b4151fedbf402567658e4ed4e530edc6326bf0a09f07e923a841,sensor_bias,power,12.5,62.5,79.38793817707226,2809.121459379912,4.339311562296573,22.64797072062798,1.175073068592598,2.2926853669217433,0.8573168503495971,0.0157597854355182,6.478601187352898e-07,0.3405372614273837,BIAS
f7a13f0be63a5aec1a6fb14f7d9b633ca58d59d1e4da0f601d2db9772121871b,sensor_bias,ramp,-112.5,237.5,67.54751947533084,1265.8085167428096,1.2779994223993665,9.220591320212275,1.5814962590156147,2.113383570642064,0.2776297053253803,0.010284232852477874,6.72579856241561e-07,-0.43192461210579247,BIAS
5c049c212da623063155c234486110394f976f555cae23ee82b774627087cdf1,sensor_bias,exponential,-237.5,-12.5,65.87346583134384,1935.1216730944282,4.54877737556409,8.738845968981849,2.6699153450040116,2.332295733725371,0.9658998588979572,0.016139948025320514,6.776141771533024e-07,-1.4786585630550961,BIAS
a7990a2eaca01eb7c343025b3d28ca04928571e138d159ad5d42930d99fbbd20,sensor_bias,exponential,37.5,62.5,81.56220414108213,1658.3649955659355,4.647926271643261,17.69761483768452,2.7247832424970717,1.3119459708243546,0.8768559934322883,0.011434444050088493,3.141016753249016e-07,-0.2946812204248985,BIAS
071bc00fb67027c2fb675c00a81898b438d9232f7a49a132648a22760fb6ca99,sensor_bias,power,-212.5,-62.5,68.59057215078913,2624.151384702082,2.5760302695353436,15.003908064504728,1.4994209270175873,1.2571482399731673,0.4924198202836195,0.013219784217634369,1.101235713867049e-06,0.8033923868315178,BIAS
adff9bc5264d0f164fd83fbea66f844dc53f4e24b40e1125e5e42b81408e7c99,sensor_stuck,exponential,237.5,112.5,57.8048811381253,1382.521657505256,0.12636705167045736,14.913086889816604,2.5555783190292174,1.3359588725140663,0.8937878367656967,0.009899840747197042,1.4388332755224033e-06,0.8191606348398774,STUCK
10a9fe3d91b5678462602a5cd1976dc7511a35f6f15f0cc52d81b85ab3e8e817,sensor_stuck,exponential,112.5,-112.5,56.25389104446414,2822.5020911207125,4.562189235297541,20.71028367170849,0.9578094745192384,1.9552452258271193,0.4557648853746922,0.014676671923087891,1.3217635589757372e-06,-0.7401847523037068,STUCK
7ce0cdd7c5ef6724b9113478ad48404f73d2b83a01ee52e4677d9c81835fd5ab,sensor_stuck,exponential,87.5,162.5,84.82099198319787,1790.4710985911095,0.998306936850061,4.779969839265087,1.7740166899548082,1.9348119431110544,0.6001562236521315,0.007434190628158569,1.0060705741015658e-06,0.8657264936886888,STUCK
8ef1835d4f67324bf39e1e796277ec80bc081bd9266ed146039af1dcf7a9543a,sensor_stuck,ramp,-237.5,237.5,71.51584156213738,2666.0842564668274,0.59289437472015,10.858758217940135,1.6511080278488284,1.2183531092035798,0.9080004572645332,0.007209168103091583,7.218725138200663e-07,-0.45777564193638043,STUCK
f9a43a03be6891a8a722f59c2fd6eedd3a91a735cbefac78ec5e539bd19a7237,sensor_stuck,exponential,12.5,187.5,80.24350989945415,1903.8313126360536,1.3492795672850946,12.171364220884787,2.0201033120561425,2.395139685609181,0.5418408715552224,0.009757860807211059,5.549830546224482e-07,-0.7419338310363592,STUCK
e1dd00d5d46b589c8439e0e9deb666e87369bdb5aef36fc1294567235bb498ba,sensor_stuck,exponential,-12.5,137.5,70.56484257690816,1837.499309765228,4.1279760861535415,16.278148768691477,2.6977642235089507,1.2313288102289603,0.9526693854784505,0.019986153313936873,9.037101962695732e-07,-0.3084453006988068,STUCK
4cc879df9844b9ff0710d19012b7c2caa5be4ed24b1eb50e05e5243b913ad975,sensor_stuck,power,62.5,187.5,85.90472777150545,2284.41568122038,2.356318528134285,14.25635161809408,2.1803646486625152,2.1185598535643653,0.44726552333869085,0.012827514283909068,4.7278723371952083e-07,0.8401544232393958,STUCK
388b1b822cc0e56162ed3ce88a13890e5715c3242fb04c0b3ad11302338bae61,sensor_stuck,exponential,162.5,162.5,65.1854867185826,2603.8422060283133,5.969422762065326,23.630033734970112,0.15478502801709051,1.9579272031790136,0.4682770098030141,0.01663193418320829,1.6222834319434478e-06,-0.5214869373105154,STUCK
8eead015f0987f42fc823c232a946fabe9e799091a2a7c474a77e76c93edf308,sensor_stuck,exponential,112.5,112.5,58.543251717283574,1399.7730232368172,4.658435607050391,7.314075510037511,1.70633737530187,2.0735746737872183,0.9810398731605419,0.011172081382000282,1.1067813116218986e-06,-0.3962317002347825,STUCK
c913c6a0e9c9ac9dd9b964705c8bd8295d0a1857a5d47dac0b55a6419d0b35d9,sensor_stuck,power,62.5,-137.5,45.12040412103049,2062.631627639909,4.469101149483173,6.347527828670297,2.272233553132535,2.228407102221482,0.8127727316019961,0.014249336796994708,1.0581403885089476e-06,-0.3237467746320779,STUCK
83f824d9b0ec6b25e6f3b3dcc6752dc48c454e1cc08bb4499ef96e2dd9ed6e4c,sensor_stuck,exponential,-237.5,-137.5,85.18667050683918,1953.2119753186607,4.144769899909662,15.808806841416189,0.7680055734623197,1.8587117156811785,0.3097517663294899,0.016479061945367964,1.7240752840427714e-06,-1.030126993422248,STUCK
8142ea30e33a06bb555f65a43d1671ca8816e4f2feec37657e8228c59fda6e5b,sensor_stuck,power,12.5,-37.5,54.32028957550706,1689.2533112471754,5.79912479186131,15.878244387543377,1.6526929394182304,1.2964580556659335,0.7587924208582348,0.018102058238809574,1.1844523336817995e-06,-0.013083287151870793,STUCK
7df8ba62efc7f379d6c22dec54bbbf2cd87cecc04790b5f18d93f692150eecef,sensor_stuck,exponential,-87.5,-112.5,72.4062894973635,2023.659640384001,0.48787630326957165,22.258261483042517,1.8343964523306688,2.204265862089493,0.6184454379841824,0.01940978613796653,6.090140113950926e-07,-0.8165721699346358,STUCK
0fb46df58ed259c298b27baace7d91ff6a864ae8b561631920d85d81da090624,sensor_stuck,power,-187.5,-212.5,48.07821281117014,1392.7737222472854,3.0130809223640163,10.019318871173564,1.2297530170704392,1.4953569932131465,0.6365056803565028,0.008375921001644318,1.0294832941046988e-06,-0.9076632487549308,STUCK
a4f4da1528cb6c6f03ec3c06796be6022b78bb3adba0fc321456278dad7b311c,sensor_stuck,ramp,12.5,87.5,88.94545260182674,1945.4882477314025,2.138097490668195,8.927744522323486,1.3339904699974983,1.298938641156282,0.5094089637942611,0.011852311437426776,1.6962042104131843e-06,1.3394781266971822,STUCK
df786fa179b040d9d87e76b35a9cd2f186375e2590a417e1a4beaf1d6761686d,sensor_stuck,power,12.5,137.5,80.0294011000884,2873.488672797212,5.195261968755641,4.77331060983661,0.9332383663537679,1.6914977261103405,0.6641254014804823,0.0067445416703437846,1.3118045844133967e-06,0.09273866141343312,STUCK
4e353d11cc8bfae0448faa460d5dc0a1d9b0133b9d6c0acd9e057870479c55f5,sensor_stuck,exponential,-112.5,-62.5,50.57339133236098,2338.953041554493,2.631844977942624,18.16337119597361,0.3306292981836751,1.2209931507233318,0.9829617501453378,0.01823611908874687,1.0586816025344823e-06,0.6571770636995423,STUCK
b905ed3b0ecf9d1bce7237c2cb0c0572d0afb1f02654a26898da32693a93b657,sensor_stuck,ramp,-62.5,87.5,60.21353381284676,2319.0441409843775,5.906413641382289,7.035570374567045,0.37266911080313025,2.183674200810298,0.6927288590675801,0.01980409026121112,1.0483621924297544e-07,0.16198893487933108,STUCK
0702c0466e9f25a0e41bd76f368b32872250bebef743e732bf1ab04a2b595ceb,sensor_stuck,ramp,87.5,-37.5,87.49425506482675,1877.8642749277396,4.239929457119967,6.291549576949496,1.5219299998428106,1.5215509137446144,0.7765518761844848,0.013044223574059481,1.0882180318578806e-06,-0.09329523658225847,STUCK
369c8bfdae29e336cdcac626e27c4dddf24b2555ca7d1b42f40294d6893c8a7b,sensor_stuck,exponential,137.5,87.5,72.40690675316623,2604.577687352228,3.969252444595374,14.265102082304553,2.1241737118743944,2.298641724597077,0.5438469443011144,0.014510934320058852,1.932780721150236e-06,0.3777780178338327,STUCK
dafc29150057086fec6ebf0a640d20b2dc86207fb2006470948bcc8a123e52eb,sensor_stuck,power,112.5,-12.5,46.05465781136407,2340.2339405093103,3.7336247307996033,19.8834382454751,0.11744299331378232,2.2224570485760395,0.9676286060833663,0.01907253808424723,1.908183557218573e-06,-1.211401517667921,STUCK
7b9683369efb04c847bdced9473f2cba5f4162cf46627fdd924bb3019ab81a4a,sensor_stuck,exponential,-87.5,237.5,72.5827559942382,1715.6092166049052,2.8031225381538443,18.072268066554617,0.4367840029399046,1.6362310597572485,0.3848975023714533,0.019749135930646432,1.5386044453773448e-06,0.3459869819075072,STUCK
22ef7160fdb6c582d37634a7a16387ba8dd660a9ed4844daa3b80751d7db6e13,sensor_stuck,exponential,-187.5,87.5,89.8156679217958,2452.041656702414,5.016808190957858,17.594221768730318,1.4197773000090619,1.9300302040835284,0.5980483871632691,0.01684291469957643,7.774468682289285e-07,-0.999775352679429,STUCK
18ad22b5314bc2283a8d93e602285559af6d475bc83ba591f8310a0899d2ae10,sensor_stuck,ramp,37.5,162.5,72.34914401623124,2078.9729327854975,0.5689216779438613,11.341289540358506,0.13579045961248573,2.3889215948692257,0.6386073071499239,0.01898004917803608,1.211541766186773e-06,0.5073888607305446,STUCK
8c51bb27f98a9574139c9b14b846d9e3a95f03095dcacc892dae4f294771b4fa,sensor_stuck,ramp,12.5,37.5,87.32136008786094,1543.2571808167052,2.1731603906104042,14.968714975514207,0.5513642865958953,2.005152068637579,0.8995220023372338,0.016076164092225377,8.483617917306968e-07,1.2573692820199809,STUCK
cf60dd2bd7afaf54110a10fc041a6cfaba9753fe23635b16b7e9c7f958110e27,sensor_stuck,power,212.5,112.5,72.5644553056427,2908.838117709069,3.1167735091836324,7.883503488797652,2.7704476195631575,1.9611580307699552,0.41427862093195367,0.019490157883637938,1.3010931814358809e-06,1.1800898308459458,STUCK
b9cca82c72c92d89f79cb7c3beca88e3dee935ac901ed8f0aaee6d7bd7630424,sensor_stuck,ramp,62.5,-187.5,47.00168487863687,2001.7644481755283,5.972358545250074,21.75310527509047,2.222508174325679,1.7651522390710601,0.33543312923708835,0.006330402651348983,2.3788730495469788e-07,1.1915744566806867,STUCK
a0d73f83dcb5f9625dbdbcea71cd86e079bbfc43910649b33099fd0931bc52f0,sensor_stuck,ramp,62.5,162.5,81.67890911843332,1864.9621396363725,5.201669183060353,9.787994400442697,1.6923259010643932,1.4317388847370622,0.7405401241703177,0.008919399625364638,1.5410249110837584e-06,-1.0110659698674471,STUCK
fd1085e602c08eef2e4bdd8ff2c4ed85c1bb380fa9e6433fe903516f2252fdc4,sensor_stuck,exponential,212.5,-12.5,45.250112616374764,2207.92160163397,5.161597557199201,10.168142599278257,1.7404011508010175,1.8782912940512102,0.5456579206336123,0.007955585219315373,3.980694486581623e-07,1.0188153422127306,STUCK
191f0485f05a1ec0d37a8867e39468b7b2cb6142ed7e932e9c5536d693c6d1e5,sensor_stuck,power,-162.5,187.5,48.976075023892754,2247.9202008208435,2.049982544265519,20.521594265012766,1.0687307991280701,1.4685665366763583,0.5508956435837257,0.009541459728136406,1.1571471903637448e-07,0.6002686590675056,STUCK
d03356cb98e90f45c4ab13dc8efb91511c2888b19e4c9a8a857dce044ce355a2,sensor_stuck,ramp,-12.5,112.5,58.40948135849625,1836.4502703574763,4.761086402896382,7.029833585612341,0.16617444447651653,1.7252739220791384,0.878256841130263,0.016159348767649885,1.3693956404472226e-06,0.22928799723071625,STUCK
db646a457563b0bd399cbc248ea11ed03efbcc005d3b96de21e6a55e69fb88b4,sensor_stuck,ramp,-12.5,37.5,82.96523496289358,2321.776264113491,4.490735768573165,17.056340305868535,1.906928051543027,2.382040184543492,0.38424616542858325,0.0069762563052968305,3.049476522527342e-07,-0.8816355222676935,STUCK
48bac79407865270fe14a80ddb3336da36568faa5120920184e716b798407112,sensor_stuck,ramp,-12.5,187.5,50.586377075408215,2770.074954480232,1.4053435417605395,9.890920142478715,0.6781195815977002,2.2485725204077975,0.7698624335021731,0.014595496572814755,1.2298563201241655e-06,-0.4637115277413997,STUCK
d1ae1ad4d568af92bd0800ee2f5c5ea7fa7eaee283609f3057ecc9715a1e6396,sensor_stuck,ramp,-162.5,-12.5,56.54737459557634,1745.0281529316778,1.4258157843673833,8.240630264736449,0.5783577928203556,1.896569624078258,0.30075701003898625,0.016497389345835688,1.7624014908840662e-06,-0.2594658197555233,STUCK
0c2c92ba89d7983d2b72c8bb1609bedf5e43ea4cfabed37b6a4c18d6e7803810,sensor_stuck,ramp,-237.5,12.5,87.50861704780148,1882.436371815156,2.3237073495718317,23.70304004039263,1.6226392351173062,2.0060932903807918,0.3510998947571504,0.012029017224706206,2.424183958852154e-07,-0.8437399374561315,STUCK
a592c820ec58b77e685c13eda2f40588b4fbd09487b9b4b76a89ba84ed3a0648,sensor_stuck,exponential,-62.5,-137.5,49.39491282390748,1955.6521646585932,5.828926197513323,13.610295903763106,0.12489060200488268,2.31200572537519,0.5654889880679388,0.00618829655888886,1.6897219612555816e-06,0.5956629710740152,STUCK
af86d6756e85e347c3944321e48c07016f8bc3044f43a12817e83132d29f2926,sensor_stuck,exponential,187.5,62.5,78.55507113622696,2520.344925477806,2.153058891177155,16.120307903326232,2.2876514015801943,1.5091863304832078,0.8018602653795555,0.01029188909907784,1.4569302935182606e-06,-1.2237530916438466,STUCK
05dc1920dea4b61883942b1f33f1a81026463743782d69391f67902a35318c3d,sensor_stuck,exponential,87.5,237.5,82.7193444990341,1542.1322623738472,1.6738868560833051,22.453275177118506,0.8847437777582146,1.9316327098480282,0.6219489018512991,0.007070547158224138,1.375899591329702e-06,0.3975509957945643,STUCK
d457ab11b87bc7b447d9b00ad2e401c13fb24f7f06862c7a1492259503e08056,sensor_stuck,ramp,137.5,-37.5,81.28695465476603,2750.0770318081622,4.059950695119336,19.38209150737207,2.1862868465250775,1.694749260330259,0.8755081202693807,0.012970354681313965,1.8299532822380768e-06,-1.3704126719546381,STUCK
806ffabb899a9d7eb7fcdd4416742f875dbebbe0783ac585a81884536541e637,sensor_stuck,ramp,137.5,12.5,48.80207945149477,1327.234394446255,0.9098889593764337,22.847501842986436,0.3138429130829379,1.2360453609806181,0.8623003579183728,0.016694352859091908,1.7774994078919666e-06,-1.1678860033019094,STUCK
96bd942415c7d2699882e3cd851113ea3158680bcde1f82ab05f19525b2c5d54,sensor_dropout,power,37.5,-87.5,86.03568363068581,2770.456562246126,1.2206444453219283,7.1359183657232155,0.6229621810379634,1.4067929443370508,0.551102030234561,0.01990076423088317,9.469395663749149e-07,0.9340438448326672,DROPOUT
54dd33d0e1cd2f9184ed468e6e591a9ed8d4db1f6d06b1f4ef6847518f04aa5d,sensor_dropout,power,-12.5,212.5,81.51015331773527,1773.4245659306837,0.04769691295065859,12.08520465438734,1.7196391550497367,1.4044164509585835,0.30321385917333044,0.016535492878164873,1.966005064923076e-06,-0.5532657284522297,DROPOUT
6741d94bb74a9d7bb27d8eea990b6c676ff94451f1e12a3869cecc552ee25018,sensor_dropout,power,87.5,-112.5,81.75026622163497,2498.0808732411456,1.5049050117222267,23.33679121800691,2.1679022224736566,1.889033036403256,0.9737284344902446,0.005050814772357316,4.4708824994033004e-07,0.9381373443733183,DROPOUT
6a384a0a4b30267ab6ddbca1f83709e9a5372164ab23fd61b9586f2e1530f76a,sensor_dropout,exponential,-137.5,-187.5,68.56383119782605,2039.8352640169128,4.903107050495283,9.608898707718259,2.2479179295136578,2.33205630161252,0.9951569609766003,0.006175199608979911,8.248368045280681e-07,-0.9663736067880432,DROPOUT
2b46985f4107250c9a6ebb795d584c1d13c1e25c5e1db126e0374715127f5ba1,sensor_dropout,ramp,-187.5,212.5,46.646124405714325,1305.0075170574848,1.1208674994030488,9.024951417520748,0.9190826262686237,1.8137557847491546,0.4790188641178964,0.006835832045972583,5.749084293560914e-07,0.4780163564731016,DROPOUT
eed880f65dc29be7f6473a23acd63f7d716aa4925aa89b13d1c0d003d00ca7bc,sensor_dropout,power,-12.5,87.5,82.75522434854594,1439.4752084338618,4.2593087499664035,14.596637693731507,1.359855235197294,1.269778309639028,0.8087230299855548,0.009079952793350924,6.834916119984718e-07,1.0487052705041173,DROPOUT
96f010a419829d952e88bf8e5ff1a6599a817aeedc51e6e38dc909655a0faac9,sensor_dropout,power,-137.5,-187.5,79.72593422843235,1733.0040369171827,4.973048672126169,19.99189539748264,1.6396409653601443,1.765410724659583,0.5684948710730142,0.005524833613661212,1.91498037976349e-06,1.2448782129138825,DROPOUT
db72a51d9b8390099fe22eaa9a4b68c7db31ab1716d32ce8c6b6f8047e037c3a,sensor_dropout,ramp,87.5,137.5,60.93227283657679,2681.2929682253616,2.9646249193560306,5.079360825481787,2.7691278969933495,2.090660839183252,0.3019817854344496,0.009064350159192493,2.3105266372401554e-07,-1.1171726383416356,DROPOUT
97d20f990954a489b13557a0ab1ee1e8fcd62ccd42740b143ff169ad6c6c0ea2,sensor_dropout,ramp,37.5,-112.5,81.52975367671485,2755.8405656694767,1.7261708633751662,5.769423301846642,0.6106024590151842,1.4533602017008467,0.5530916940466772,0.014885471471411296,1.8378856886465923e-06,0.9593248932766762,DROPOUT
7fa300c26b59587f93b5b536c61b49dff22d4dfc1c76b3680122535b91210668,sensor_dropout,power,-37.5,-12.5,58.90235531161673,2735.24967701045,0.93627654890772,5.678535629348195,1.678251170084946,1.8723567317024763,0.6734443239082074,0.01610938563558788,9.270306353104078e-07,-0.8116237884768785,DROPOUT
a9bfe061c272a97a301689732d6fc8c6f8cba59888cd40fd10c3f77ce7b363a6,sensor_dropout,exponential,237.5,-87.5,59.16524994843231,2009.541015161649,1.1087934233405274,9.782110149306128,1.4420378395197735,1.2047324176786784,0.7540310699125787,0.015946163294181175,1.1600978522148928e-06,0.1825073128881306,DROPOUT
54651fc6d62b99ab084a837964c0135b30445c895dd5e9b6590412cfb817fb10,sensor_dropout,power,-62.5,-212.5,82.21242001752654,2471.2879497488043,2.5860744852338406,18.63730512816053,1.804564796191137,1.8746988715411064,0.46884473077840516,0.005153878813956877,1.1510331122831637e-06,-0.5001131237665041,DROPOUT
5135c5d49c5d73cf3e012e108ff6494daf92bf4ca3f58bb388e925c14e1ca9b5,sensor_dropout,power,12.5,-162.5,50.641042762144444,1547.7410485960154,5.746959320461066,22.76633698775705,1.7620584420748129,2.0222109672936734,0.8944809907816148,0.008160486430432988,1.4787524173585023e-07,-0.4527868103825142,DROPOUT
cb04a874eeff2281313cdcf562022851b3dea78bb317f19e215c717dc8f71d65,sensor_dropout,ramp,-112.5,187.5,46.955334346878495,1366.1676316962385,5.671438534085567,14.713334068468807,0.17521283342318297,2.2573315328951082,0.5093739405348126,0.0073821343707910865,7.985509738357891e-07,0.7711153362303323,DROPOUT
8b8e518976d8be05cd711ad962a8c59dd0d148c28d3005d3e5c44f6bee5ce931,sensor_dropout,exponential,112.5,-212.5,79.6814914753408,1853.8041187969095,5.1372403299178355,18.378057353104154,0.6152428102487691,2.2986798126641994,0.7213319521288207,0.006297220482360115,1.7399566591381884e-06,-0.868955589464289,DROPOUT
70cd47de3dd1ea44e7c72e86f208ac371b3ed5670f28c229e431502cb163b843,sensor_dropout,exponential,-87.5,-137.5,81.05861428131844,1951.4975473435177,5.869284318937215,23.604677231483485,1.98533140535522,1.3992254651796558,0.6699980611682848,0.009756875980952878,5.582424150624541e-07,0.16708658723314873,DROPOUT
6b137adc44086ed2f6ae82cc4740ee000f092e63f3c0be922377f06e21e5234d,sensor_dropout,power,-237.5,62.5,47.942556826725514,2285.7596007180564,5.486876349331931,4.5812668319909005,1.5766577391436778,1.391014925023232,0.8874691647696621,0.011975562315175148,1.0789834619147022e-06,-1.4274215922212208,DROPOUT
bfdd37e21ef2e13fbd2ae6a3a80033a8d6d848c60053894ba7c176ef580fd57b,sensor_dropout,exponential,-12.5,-112.5,65.01908675323881,1928.58321640537,0.11681349403802876,12.40084933632728,1.3681104863278715,1.5550982817769234,0.48904988804511046,0.013925193121806262,3.6741862594406516e-07,0.88570276119212,DROPOUT
c3d3da85bf5fa98bf6ef13f152917438e7135e46d102b56049bd11b416d09844,sensor_dropout,power,62.5,237.5,77.52422906719856,2691.058264612935,5.754562951412339,10.221093402617779,2.191981270118909,2.31017366970929,0.5954680448605741,0.013126936561740653,8.963653046721975e-07,-0.9992602127607313,DROPOUT
25e8396338ef6ebe45fd975fdaf3bf94fa75b500122585686300e03aed796896,sensor_dropout,exponential,137.5,-162.5,79.99656957337724,1728.1712491983685,1.453785322882619,4.18518780443058,1.1412157381987464,2.3466149597042385,0.7652369629553922,0.017614872977299332,7.449983584569158e-07,1.4965373034447604,DROPOUT
48e2ceb82f81b005ba2d834bdf7e823e113e6e2f4342301c1190076a1b9c90e7,sensor_dropout,exponential,37.5,-237.5,74.10578830320117,2806.474745256675,3.4762093709039803,12.75651127796858,1.1683306493110275,2.3203646131897773,0.9835317032623623,0.016472156147223967,1.9373743286739235e-06,-1.189519957486763,DROPOUT
2485b035461b3a5c392544dcb9653ef09d4fc6acbcec5b5dbbb039fd7f881f21,sensor_dropout,power,137.5,187.5,72.38210547338323,1726.362722147099,3.9241725553526994,4.887824076734147,0.8612657522994523,1.2177481250758442,0.5144262495422185,0.0088363244638604,1.4237065644973431e-06,0.3911154861064987,DROPOUT
16d43abdec944468402d8ea3980ab47f80b2ea966e4a6d28f79368f3bf92bb29,sensor_dropout,ramp,-87.5,237.5,53.012870626373456,1920.7393205727178,4.991092106433573,21.764753263995953,1.0677203499392516,1.847496279185369,0.3154152166362959,0.015347517411250783,6.052526046941061e-07,-1.4606430018859227,DROPOUT
d90fe3fe8ba0144bbc3f46ca9dc97b95b97a367d3f5893e7f594edd503508aa6,sensor_dropout,exponential,-187.5,137.5,66.628503547946,2013.3244653973334,3.0445724576573725,6.022414042608327,1.7355034154480786,2.2549437272517596,0.8949665039262042,0.016361431012634372,1.778722656840113e-06,-0.22104047689352424,DROPOUT
c1137516997b86dc96d93184f7d3dc63e0d6236abb23bd642b7df2017bdd4194,sensor_dropout,exponential,-62.5,-112.5,81.88976743964375,2009.7628400182114,0.9597531357282796,10.026396914832759,1.3333970380439604,1.3329945260704774,0.7492882356692765,0.01119486994167273,1.354946365301541e-06,-0.002746777177627724,DROPOUT
394ab4d049fb47002c8e2f0e3361496f5c8da93e8156ced66c84293b16156e6e,sensor_dropout,exponential,-87.5,162.5,65.40816574178768,2308.8204095862106,0.9238032076620302,10.850366921493038,0.10888627415913574,1.2559140506373823,0.3757281661245031,0.01610566056934061,1.6804292636971915e-06,0.04742414039334775,DROPOUT
9a6e5083de3a138c20e174d30703983cfcd1ee32fc8a1ad6534068bc3307f19a,sensor_dropout,power,-187.5,-137.5,80.92732338017055,1921.0401986894542,3.0073833548909708,15.764356454281247,0.6222922186936455,1.5086907269988141,0.26693339394623006,0.014942600576729572,1.2093857630483935e-06,1.3252994140180934,DROPOUT
2fd932db62fa03f673ce78e06862e4b13846f906d940a325f9d7be1fd3d627ee,sensor_dropout,power,112.5,-112.5,58.47355886859786,2655.589675663119,3.1450822718862286,14.79326433873895,2.628699104963067,1.3812609227527535,0.5001998315076487,0.014423318830526081,1.4095102228035808e-06,-0.5177747057240618,DROPOUT
53d930608c0432206ed183a52744548af4dd8bd8bef1bb88a36bbf4e5e0e0ed6,sensor_dropout,exponential,112.5,-12.5,61.90878810650061,2113.880525463341,1.6490384217114606,16.79528086161973,1.68111680577056,2.3397477816090504,0.7937376457680667,0.010742082847976949,9.172436432480627e-07,-1.425037669465369,DROPOUT
5a2efb0035bfe232fb1c072571316b1e865ecd4c0de6e6bc8613e5c38c4b46b7,sensor_dropout,exponential,162.5,187.5,64.17994948721592,2693.17407631022,2.5027510351075875,19.38607576034869,1.4655375153407642,1.9725656317807323,0.9243197471091451,0.008245910265535804,4.60632298128969e-07,-0.19418008535904396,DROPOUT
f02f15a3fd45478c43d3b95edad78654790529465f8bed3614d293047c384d25,sensor_dropout,exponential,162.5,87.5,85.454866274965,2923.917539092825,4.052856676963108,13.663795120792598,2.169671705695606,1.465241989633458,0.9141495191956226,0.016186850050031877,1.7870438275325549e-06,0.33029129687027803,DROPOUT
a4af3443183c9b5340d5d3bf84b98eedfe0841d12b5aaf44f96dffc0c5c2274c,sensor_dropout,power,-112.5,-62.5,64.43802431060945,2032.0135278229025,4.817166953765645,4.238070884238337,1.1466815508143153,1.493408862804541,0.9819315277132643,0.01601271642221224,1.40826559532731e-07,-1.186090570486939,DROPOUT
3d221602fa48d0acddc3c2e346fa712fda022482ccf295a9e180ac00258f0e6b,sensor_dropout,exponential,-187.5,112.5,70.17187501650163,2371.0572547330416,3.2293225031484587,9.841589727300596,0.9919727747580297,1.5682500192854285,0.6059799153722273,0.008172719947426159,1.9837461186159263e-06,0.9120946992261959,DROPOUT
62959e799bc45d0a680edcb8d1acebdfea50098a45f012f34162db014d25bacc,sensor_dropout,power,-237.5,62.5,46.35343912003229,1344.4442626417126,1.460797906140675,20.11216449375229,0.9374075508704947,2.342220592625667,0.8530241811282218,0.01684865490505738,4.4801070458975295e-07,-0.7565831411789444,DROPOUT
3941f34058ca2eea60f3370fe1cfbbb3b7490aa805fc554ed7162b8acc867274,sensor_dropout,power,237.5,237.5,85.46996518771206,1507.2018112888352,3.157732963453852,23.98708710015778,1.9727220475845881,2.3219720464124434,0.7984408346136974,0.016593906232161292,1.1721708018105733e-06,0.16195692285579277,DROPOUT
90b7218bc8193dcba41de1a79f85f0d755933a7c4139a752fad3417fafcefead,sensor_dropout,power,-237.5,112.5,72.51809192519194,2850.0682509890803,3.4885067545198902,6.554182947621026,2.2285887755088294,1.6415743478841556,0.8370294134842379,0.01915320734059406,5.252570606947137e-07,0.7257162065735592,DROPOUT
4b53c79e35e2051921cdf2433f87de45466c0f813642babccfa62b380de32d71,sensor_dropout,ramp,137.5,-162.5,58.894732884805826,2401.1145340273556,5.461611068300902,4.592388271620621,2.4406606256167707,1.4622754004428042,0.4640907510043938,0.007283933370675464,7.361080235130201e-07,-0.8679855478855218,DROPOUT
3cfcb28bf51e9b505edc2b27bff2d7a83a860d8c074ce570a971227562f62e28,sensor_dropout,power,-137.5,162.5,48.45068927987026,2677.2211327143405,3.5008154294258276,18.593315144182622,2.2227723763976064,1.9525641641056304,0.36557501140638793,0.00973333286545914,1.3046515512834188e-06,0.3767087747870561,DROPOUT
dff7db4990988921eefb75228c19c82c16fecb8402e3ddb1782d5db244029657,sensor_dropout,ramp,137.5,-37.5,61.489230663947374,1420.776525013163,3.0675796651909577,18.15358235096018,1.1564602761504794,2.1578535318856265,0.8938175954187306,0.007880764305031823,1.6241965252347878e-07,1.1314584156725451,DROPOUT
380bee4f74c9c00e5598b2e92d10658717b741c046bd8300a61a8d0ecf98738b,sensor_dropout,power,212.5,137.5,49.51173623221192,2130.2054260280643,2.121102394012789,4.0487335909115005,1.1123482514332832,1.4600202363087171,0.5968796387378222,0.009298323378636434,1.3582714283279634e-07,-0.4101234415542645,DROPOUT
3f9251b0826a0ef444f9be998d4760e46a4247b33a35bd0713705b05caf784a4,sensor_spike,ramp,-237.5,-37.5,77.1713203323952,1310.4860352181095,5.146438265443999,10.470742134665253,0.9516938369127425,1.3944249265762374,0.7605067154133269,0.01497869194432354,9.12667318557317e-07,1.1270047969776382,SPIKE
f4f8cb9dd949eefe146b4d62c313be49b43e9afed2efdfff490a448d8aaca2e1,sensor_spike,exponential,-12.5,212.5,58.764676543556284,2193.9353888433902,1.4898502562338976,18.970199856072284,0.14508191696877284,1.4453327327151853,0.9717111254115579,0.010408341303080293,7.969003741457262e-07,1.0687532174909276,SPIKE
59b4dac0db1a644d6b16b299a1042b97c671b7d722388c8dd2f3bc5b348774a7,sensor_spike,power,62.5,137.5,86.83222179883234,1915.806637145972,3.9419416550254356,4.074803715394629,0.9776693887995761,2.0923751345354518,0.4533772573438437,0.010254946438698925,1.754966332794674e-06,-0.7944467289230831,SPIKE
2f8323bd74223883a26d38c96fdb8b83d0cc781e98c277c22157e2f94b7fde87,sensor_spike,ramp,137.5,187.5,69.87383540045019,1537.330884874322,4.472722824469824,8.026669323110823,2.7134270078917653,1.3002946941984759,0.6721141943621317,0.013013509670014373,1.0115242531080784e-06,-0.259228875715655,SPIKE
e7778474411ca4386cf97fe6b76bdd17170956e1cc81d36e403dc3a72a2d7101,sensor_spike,ramp,-212.5,187.5,56.04674156042436,2338.39589937086,1.0970397605023603,11.003342259249914,1.2019492116645736,1.4028876215940704,0.6197960853727584,0.008677613316670725,9.220761185355129e-07,-0.9312990006792492,SPIKE
17fb1cc21dde3a16f44c7b2263554049480dfb9b2481c38e815a966b62368c27,sensor_spike,power,12.5,187.5,74.38893176882395,1493.0437462341226,3.6636920130158117,16.348635371224,0.21675825050115197,1.7217996368692479,0.6795406737772393,0.01359999463211124,1.6553922064976958e-06,0.4315861259288928,SPIKE
2e27cb2796f1cdf2113ed03ac583fadf56bf2f7beacc0ba4a05d9afe95a803dd,sensor_spike,ramp,87.5,137.5,48.70395155941474,1860.9887896119214,1.082432455956497,13.535962039333674,0.8579764226847192,1.9763023335968737,0.5714190343822043,0.005324162365595094,2.723545304480682e-07,1.482995337498977,SPIKE
1cd2e24bf6009f697867ed0989de51d6c21b513d22aaad2e42cf8551ede6f2f3,sensor_spike,exponential,-187.5,-87.5,63.00442662803734,1368.8559971602099,3.874019291219403,22.937245164380073,1.773653868656951,1.4172480954375855,0.6737694817780298,0.015817828014113106,8.570627285176574e-07,-0.3339789814119345,SPIKE
388471c89e54cf732b984244f93deccf893c64bcf49ca7afef35cff0cfdc4d38,sensor_spike,power,237.5,212.5,54.981478051373166,1762.568674834735,4.987343615720237,17.194574646990425,2.309133186182908,2.323724971517268,0.7046744269840345,0.005227391528706819,3.933308594681838e-07,0.005661967512668564,SPIKE
ea66edaef6f6d06751a9f94a0ca265ac40b1e518da9f49ef413f04137f250ed6,sensor_spike,ramp,-37.5,-162.5,51.016468635181276,1693.540198186879,0.8344861381313144,4.9683894844432235,0.1338815438247095,1.9094173228136164,0.561565761321673,0.014611295613935338,5.977222324733135e-07,0.8930337059235578,SPIKE
9cb518f5c4ede6a8fcf315646318625209107abc1b6360de6a8998a9990afdf5,sensor_spike,exponential,12.5,-187.5,84.14722693887249,2722.7475428545763,2.196818767521701,18.667107273946275,2.2463698887367123,2.144821065380465,0.7064740814138218,0.011975653601687926,1.2635862406542532e-06,0.9909455291053536,SPIKE
3de341ea15ba24dce2ee587eae22c6888c93a432e1fd213628ba985de33c4492,sensor_spike,exponential,37.5,112.5,68.39449832836453,2398.5036445676687,4.721961717006785,9.710677107624093,1.3912594383512609,1.554298699247499,0.6075294937950557,0.019495392158363288,2.7329134015354963e-07,-0.20314881339074042,SPIKE
cef5329c30950c3489c30b9f5d5cbbd8ade60b1b51e7d2c40296192761d4a028,sensor_spike,power,-62.5,-62.5,72.99434722869083,1751.4804320121684,1.8487636066063955,5.821642570549353,1.0098141582793705,1.6072181457675918,0.49581234448040357,0.012411972926548501,2.992915483062744e-07,1.3939871598645803,SPIKE
c815a37bc4e9a205b3b2f738d495ee084ad3bae0b43e1ccc2c7fb82d63e8b88a,sensor_spike,ramp,-12.5,112.5,55.47234230479665,2023.7152295703395,5.749391531357475,4.281508370206351,0.3452814069756543,1.7110211629466439,0.6523533864799927,0.017587232550474636,3.9331909989492413e-07,-0.6112577880146361,SPIKE
daeb0af9478281592f37db553ed1145481a3be8b603b00bf0186ec11b18b0cd6,sensor_spike,exponential,212.5,212.5,73.24667689669741,1713.852290982199,5.666253803343734,13.549274146736623,0.29314344461854863,2.1344086034018184,0.6517815336679393,0.012952996332571349,1.062588755118413e-06,0.9065330379546515,SPIKE
eb63e8808b7ed466422f69cfa44bbb8c5be0aa611bffc562c3620b778ace6f7c,sensor_spike,ramp,-187.5,-62.5,82.74670232364579,2716.730132439535,2.776872423371774,10.41882897096541,0.5916090164795095,2.032762185345909,0.28462658772736427,0.0073554336046531416,9.935413223736869e-07,0.5334880801219712,SPIKE
dc930d65495d5eb789d95cb2bb3241d5dacb7f26589627081dd2bc92e4eede7d,sensor_spike,ramp,37.5,-62.5,69.9357354557362,1562.7884423643195,3.4405687368300883,4.180796803350356,0.2153025302715917,1.5283492392284042,0.8568509663334399,0.01605189793976441,1.288007870227209e-07,0.7924030983880591,SPIKE
10bc061d3e3661fbe60881fb17dd6dea06927bf321110ada956ea996d366cbb1,sensor_spike,ramp,112.5,-137.5,89.78381109097309,1585.0407852307317,0.6468487887507668,18.178688067832464,1.816877922943912,1.880273561321381,0.9499682758536417,0.015696802081743712,5.47558968254373e-07,-0.3971663218195731,SPIKE
1551866407936a28b3de9d37de884275febd406d9ecce5a33cb197a93ff3b1c4,sensor_spike,power,-162.5,237.5,87.70125306660422,2910.8961430110926,0.9998315564329192,20.036344408963092,2.037382468180457,2.337967757834971,0.8634825604837506,0.01845430202523916,1.4472897151564956e-06,-0.6332982061830449,SPIKE
20c2f494e6a40856a48917b6600321987e4feb215e33d67a72091c2a70846d54,sensor_spike,exponential,37.5,62.5,73.89487638935795,1491.0028827263236,1.4234273225975123,18.033772362610712,1.4079585373913655,1.7146927414088033,0.32904218156770754,0.01639214035158274,1.4280675628114828e-06,-1.3878362501564563,SPIKE
c287ddd8df14d0d20d9265cf8e5677ccee22fdb1a04d33e901249071db890f60,sensor_spike,ramp,-137.5,-237.5,72.14880799088573,2716.1241000789373,5.420157489561658,4.332726821723577,1.4620300383960614,1.7139934530470766,0.31848926324004045,0.013843661766078978,3.047177727892482e-07,-0.9461161717423473,SPIKE
916c8c4dbc4cbbcee72b000454eb2dc72f261cbeee0003a164327de36b420c91,sensor_spike,power,137.5,-237.5,61.41770452746057,1880.5870615929866,5.985562733651619,7.059464945577837,1.4403443345289846,2.0307491942544185,0.49214081118660413,0.013883133746394445,1.1105759996718636e-06,-0.5369972225148703,SPIKE
9fed7a4d1fbbd1acacc62e6d9e9df25afc5ce898df577bf49535361839e354e9,sensor_spike,exponential,87.5,212.5,45.767385509187136,2419.6596037810737,2.220857002400015,16.50418512377435,1.647912503734756,1.8380336719358974,0.557784966418573,0.010996588251689043,6.762021905281204e-07,-0.5823505023972546,SPIKE
d520d1f4ba601f2f5e986e81d43d7f9306d25bddd5680514a39101f3249b67f1,sensor_spike,power,-137.5,-37.5,80.05182869490564,1294.1269818673816,1.3269877081824426,22.9994140582374,0.7270095481620866,1.684221337198268,0.987222195364302,0.010123506541329593,1.4134842263572976e-06,-0.30292600136445047,SPIKE
e59169e3b9d991251eedbdbfb1071df1cf49a39e5ea2cf299ea15c7ccf903bd0,sensor_spike,ramp,62.5,-62.5,46.035262977998265,2573.5024021786107,5.963645803499096,9.453880414886083,0.17907799895508028,1.6984927896429225,0.5223822750367166,0.014669310132108348,5.59948225390635e-07,0.6288630094635548,SPIKE
c980fe111647ca455accc736a08c1ddf3fcf99734e8cebf4d8dca21bac2a978b,sensor_spike,ramp,-87.5,-12.5,58.40754313067355,1634.847272150738,3.399987880889554,12.29619032281052,0.8820192648797602,2.123934853567904,0.642326887197522,0.017122883328501655,1.0268102191533015e-06,0.9351425322621182,SPIKE
67808697fabd5b9edf1ca3ba043cdb0f1f14ea7a0f72b59f156c28ff4800f9ac,sensor_spike,ramp,237.5,-162.5,68.87605027003269,1899.4609484617608,1.4771914717014691,8.10146206777746,2.3199541440598037,1.8217884544188674,0.3349438455623608,0.010002295029503441,1.7106245269141343e-06,1.4056115516463106,SPIKE
7226f05f36555206005dff5e4e0c92e24ea49643cacde93fd038a9c2f6a6fba9,sensor_spike,exponential,37.5,-237.5,49.03439957331056,2303.26228494914,5.779299455827224,9.546872413974784,0.19964309067392425,1.8309640333582757,0.4326335594845129,0.013008121733353507,1.9773821081026212e-06,0.10649708175339756,SPIKE
f3c5139996e41ef3abb808036314e106fa7c2486335b73ec8d6de35d3f5ae037,sensor_spike,power,212.5,37.5,59.22274011744688,1727.1930757637804,3.013129380035566,9.595862303056796,0.3954891008474524,1.817812324829786,0.72267569039311,0.008487875260409948,8.28135165349951e-07,-0.4841906993600428,SPIKE
0110ce56d14188ca9a0cbbe787327b6e92752587253b7737496aec91c8a39309,sensor_spike,ramp,212.5,-137.5,78.52783821729778,1551.5070971261284,3.34426122094726,13.407866950043676,2.2449204421957374,1.9785973051341923,0.716998113184156,0.01061440592183287,5.174993258259199e-07,1.1073284836827963,SPIKE
6dcd156e9b42f7acc3bb58d893be109919ffffd350dcc70058fc22f888244a9a,sensor_spike,ramp,-237.5,-187.5,67.21636243884338,2318.2460986218566,4.068813598928216,13.813971824098571,2.793540959238411,1.6154882610181673,0.3346006787127981,0.012783123966872234,1.6729800479463108e-06,1.4856234159146724,SPIKE
6a2d1769c7ff75ee309385b7096bcc12e0229b39e03dfdb3fc586b1fecbb13d2,sensor_spike,power,-37.5,37.5,89.84498156201856,1998.9192663109625,0.05109518701316795,17.855801898140456,2.1899279065285677,1.8744229507640573,0.5008748612808582,0.016951185912829313,1.898853889026645e-06,0.8808083177668339,SPIKE
c8962b7a7879d68088e124164356efe2076b1b8e6de10a8cce45be04c2385efb,sensor_spike,exponential,-62.5,-187.5,85.83255056515637,1553.0468743714985,1.6357036079742644,23.63243733223191,1.7875457661197263,2.1891543268486924,0.5344912883912515,0.01906913889643944,1.6862131901017111e-06,-1.2324001857257636,SPIKE
d8ea9e3d5a5f60042ba5212a19389bfd18e41811e0b706202fdc7e4e8724366d,sensor_spike,exponential,-12.5,-187.5,75.79614573712894,1599.8832605848006,1.0601292263920923,23.608107782636758,1.4637192717393872,1.4196748016774576,0.41564727108692767,0.008062223566519307,5.066858068721805e-07,-0.41120363316507746,SPIKE
7c5b0abf6b4ed547aa137e930d65a1e436f4251f36f0e44cbe847b7eb956ca12,sensor_spike,power,-212.5,-12.5,78.29248048323012,2129.0860363817837,5.100452817141946,12.947377520723661,0.1312684190665515,2.001145739865857,0.5608416048164893,0.01627491139705987,4.6138405329191376e-07,1.1063273463624084,SPIKE
0dbc32116bd7eed86e9b715e6a631659cda247b47ec1b68293c13838edf4c23a,sensor_spike,exponential,-212.5,112.5,52.24755724060466,2529.4662585555348,2.3363598901588234,18.9759285520334,2.606726881942748,1.5568452362429455,0.9609374295798253,0.012762107186558942,4.606598335655253e-07,0.8812939119539323,SPIKE
1db1570920d4bbeef212eb8a31822a7957288286d0208ff0302173daa66a4ce0,sensor_spike,ramp,-62.5,-137.5,48.44679099091627,1824.69042123137,2.7287494330097797,8.920005585142508,0.5328336070274662,2.3459287159106057,0.4625793279037943,0.014378745969094647,1.7848656846920156e-06,-0.35186568625888104,SPIKE
bfcb99c6ac4c11dd3c83b70d7746f84dccb2fb2d3115648d77f7e4037abbc782,sensor_spike,exponential,12.5,-187.5,69.97197468000927,2842.9576016606743,0.437527078668825,5.562684880649609,2.51597600292065,1.3487527280147515,0.6282772504690123,0.006440167308610995,1.9737365678726164e-07,-0.5393744747405571,SPIKE
908d271ce0a5851a90f985c9323319481a4f1385b034a62fcc4bce0244f86da4,sensor_spike,ramp,-87.5,-212.5,75.63807957468624,1476.5245937660193,3.7858285209842446,10.585942124450915,2.785124526360641,1.5966671839465196,0.9525397701912965,0.010390881035165571,1.936388248194109e-06,-1.493707310864215,SPIKE
e2cdc37a386cf85f31b70e6a73c572a1f23c03d9f72d6dfa94015ed9af229eeb,sensor_spike,power,12.5,-37.5,88.64338496397126,1294.2877526904329,1.4382638335709719,13.099721742879812,0.29228505057274806,2.390222055452967,0.6921078055081228,0.008319089151632481,1.517965754113757e-06,-0.7822486323683435,SPIKE
bbc6259ddcecd3be2f0f26ff91c8ccb7b3cde07689d880c60e67a60592ee12c2,sensor_drift,power,-237.5,212.5,57.45611049317588,2587.466232534572,0.035116449288002505,11.441650038917507,2.6010217447753643,1.5297626452225073,0.5869358516397403,0.005172553118585464,1.2734623616339945e-06,-0.10608716774104487,DRIFT
06acaf8573efd569a3df3f70e050a1cd2aa89c93c2909a5e130314f6ae129db4,sensor_drift,exponential,137.5,-212.5,51.95743247920574,1436.3954921676764,4.873612115008094,14.181800358076657,2.2224499844717838,1.837188034938024,0.957692930243212,0.007075443197644882,1.2155126756043993e-06,-1.0966821040350916,DRIFT
a7398c39a780df7213f47a39fe137ff2ff26b0000702ea87382e9d1ed4b6c31c,sensor_drift,exponential,162.5,-87.5,49.144097655818356,2383.4392135845246,4.260794731104323,18.06622701647944,1.9348935299962713,1.441908455001049,0.49444695397114147,0.010141740872188087,3.27197705992289e-07,-0.09883424141616992,DRIFT
3625e245e6df5d4df4cc6652ff7540b145557d349136bf809e122b23de7ab325,sensor_drift,power,62.5,12.5,51.61814217492979,1395.129332186249,0.5562211454734995,23.366138308744073,1.9608049106211953,1.4248827749211463,0.5807403849837893,0.014869750709700695,1.5810051387164833e-06,1.1141161673837674,DRIFT
fa86f31f71d4d8bd91a5dff4b527e5c5005dfe9bc4e6307ca50283786e06e63b,sensor_drift,power,-62.5,-187.5,86.073565398959,2910.0292798423184,5.9116828150648875,18.375364096793803,0.7076955670231277,1.6450259269585115,0.9784535660276065,0.007012357432546412,1.8348625368655036e-06,-1.013462653853204,DRIFT
d6b83719ae90cfd5962df551493def29777222579f8fdf229f144b55d32734e0,sensor_drift,exponential,-187.5,-137.5,84.29898196515941,2568.2415211010984,2.566977451889225,9.982935029356735,2.6517339042363397,2.3135093031187406,0.36991756132769726,0.01621295135487933,1.2380766913620383e-06,0.023957689924818615,DRIFT
7223437daa90ff4ae8a544c7ea23ac2f1ca5ac4d0303a6da6116ac9e1c1805af,sensor_drift,power,212.5,37.5,55.063537973773755,2462.3459337217414,2.7224969258268366,20.97722960790508,1.6821480297813944,1.247896389322428,0.3252013198126339,0.008371314199068166,9.551702412853594e-07,0.5925645083640642,DRIFT
269160c39152ccbfd7feefb134b5ce41ea1e53cc90c1b446ef4a93a46d47b1b3,sensor_drift,power,12.5,137.5,78.43210035421349,2608.0225077050977,5.5110645086515095,21.436531558997366,2.813609130575431,1.7447380032322535,0.5184925667306258,0.014059706522840554,9.722736550003846e-07,-0.4205116066241221,DRIFT
ce613adb6ceca5b1c396e07927fdb4d4c237248c703bf8f094334780eef17141,sensor_drift,ramp,137.5,-212.5,62.77871079923273,2131.6070379714915,1.4012941116136923,4.410478022095305,1.305479740875503,1.5656640205885017,0.5842415527386622,0.005523079876721293,1.0178689308688258e-06,0.150820357019249,DRIFT
ebdabe5a52bae8381349d547f45eacd57c549e527ee6b5136d814f15127203bf,sensor_drift,exponential,162.5,62.5,84.02404318179525,1860.1020831447438,0.27303205183267587,4.74412024389977,1.1088296011647938,2.209023592200999,0.8955672673102543,0.015519346251090511,5.721483554514035e-07,0.5515302584080793,DRIFT
1245080a7736ce5576dfbec3dbb9752f0fd65b19dd2f000ae3b0b862b42b8158,sensor_drift,power,-187.5,187.5,56.58762768636417,2775.6667473239595,1.2231962759468173,8.034303688805064,2.979605071100685,2.067472066125245,0.3421899413705324,0.01598662435113113,2.0533517696296127e-07,-0.025767309269820626,DRIFT
9777bae0cc28da87d20aa31398d286db45cc7e38ed457bbb201b5e2aebfab75b,sensor_drift,ramp,137.5,37.5,56.53642550886106,1748.4605870436596,1.4439548245310811,22.61678457108472,0.7533125456737351,1.6884745898236921,0.9275719863738787,0.007850328020539674,1.5623595142245084e-06,1.121451899881206,DRIFT
e87ce8aae7ea6a234ebff4541219f39e4b88c5195abff07031dae80d2aa9847f,sensor_drift,power,87.5,162.5,70.97742855188065,1916.830973479611,5.525357321243445,11.844137903098646,1.2467041596132935,1.6654972545898783,0.3293413024815429,0.016822470501915314,5.025476495216724e-07,1.1430038280273873,DRIFT
d636cf0dfc4a17c17fea112fb463b5cd770636870a3cddb961262bee026857d2,sensor_drift,ramp,137.5,-62.5,51.55257260426089,2879.287795671789,3.9248281684336357,9.555352248817936,2.902056084810533,2.1510591205550793,0.8942848684049349,0.008905893934414735,1.4801226886659256e-06,-0.729254931449108,DRIFT
8d9d95c33e4da0b62e241a08d744422c738a93cd1f9f24e8f4bb9eae5146c044,sensor_drift,power,-237.5,-87.5,73.80985985541537,2893.0142767035018,4.775081758212881,23.40543115072581,2.2482607688549363,2.1699304399482,0.9487519743735185,0.00796430420538127,1.9103300736569235e-06,1.2329440599394887,DRIFT
f766218ed57f641ea57cce2ac7200828cfdb5aaa8448d699e7d3ae5108255e5c,sensor_drift,exponential,-187.5,-12.5,48.46268271458946,2190.166896635368,0.5919194762758795,10.276998166678565,0.977428580041049,1.4042808792911508,0.8350188085355909,0.009687377403333277,1.9475573135833044e-06,0.9124264009937989,DRIFT
cb5a256868f19c42d909ed2f0881239d93bce89ee0bb4d2363c48e08853c783b,sensor_drift,ramp,62.5,37.5,45.28040666369111,2191.1463158576025,0.965244678731666,22.867690578038523,0.4270772072822911,2.0081686887601777,0.4047429390056946,0.018566771427786146,1.9422882694650327e-06,1.2525687672204153,DRIFT
9a9c9b487797bf1c650f038434a2b24e103baeb8c51ec76453ff0b127930f0e6,sensor_drift,ramp,-187.5,-87.5,56.83025839330106,2766.857507996312,2.722689321775656,6.554546256579044,0.9668576159765114,2.038050018134753,0.84727663820061,0.012097210781360657,9.345398633861613e-07,0.8398311992785125,DRIFT
a589418f4e6b3ef023c2e08e2a6556551caa5a4630eafd50d22fe78055812471,sensor_drift,power,-237.5,-87.5,59.452378564305334,2059.0619298136207,1.3210174538862873,14.344901838203954,0.26914123812613056,1.4633894206559706,0.7662202391714361,0.005622162300768581,1.3617700046106193e-06,0.7060536285246006,DRIFT
6cb486ccaec20a9c5efa08a93ecec2135e6ab0317338eb1894f22d6c2bf08777,sensor_drift,power,-87.5,112.5,59.65940973091167,2145.3147332386848,3.2461299423792225,6.580148187938045,0.7737384834443877,2.133730906316643,0.6834475799325724,0.01008897185576874,1.0906626523593055e-06,0.41346923754700615,DRIFT
5ad1c704e3808f0b9ab540e159e589e46c3293245ebb053153f21f36cfd54bb5,sensor_drift,power,-62.5,187.5,57.78266516468362,2448.207222368619,1.7179466664276728,14.693806940612367,0.6199189834738708,1.6251194690211992,0.41315343993027065,0.015765629534438854,8.049119732203965e-07,1.4395032184275032,DRIFT
274aa1e74a4ea853fa0632b934a53da17900091cb09dbc7e68c6a2277392d76b,sensor_drift,exponential,137.5,-237.5,61.269313137440996,2512.4619115525475,2.618161528666212,9.431328289884531,1.6660927268640164,1.2457355499594016,0.662785758715302,0.006710412580843488,1.24900611278757e-06,-0.6028914837442959,DRIFT
9c3075381f2ea7874d29445533b7de1090507133c6f4583942cfd708bcac40f9,sensor_drift,exponential,-212.5,-162.5,72.16294019074094,1329.6500658219427,0.5199711674265226,20.704960198054078,0.6554226416760018,1.5356712223799192,0.511609465855088,0.018637261014111214,1.33238598406005e-06,0.2944697111978605,DRIFT
1318221e7b115057c480a60bf1592567fab7bb3f0f6df5145befff4f53aa8040,sensor_drift,ramp,-62.5,-112.5,54.514088481023194,1418.142377713453,3.3696597048916557,15.500091828327967,2.4282018848432316,2.162404026424428,0.41557012693128487,0.011568464766612335,7.114260681921993e-07,0.6846506941504134,DRIFT
7df52a8f374e2d7cf03149686def0b49b43cc1c3e1e4484c760868d8fcccd912,sensor_drift,power,137.5,-237.5,49.10057212772315,1705.4655985616228,3.2325033675127948,14.911575509178064,2.7525748195963455,2.333273009334098,0.6976046677308069,0.012171586586513997,1.1252497835124313e-06,1.447761049147069,DRIFT
19a0dc73d4ea5233b0b98198b1f9d523bc5c86d48114f306d14f23df4b7461f7,sensor_drift,power,137.5,137.5,75.79510571881771,1952.4215800709248,2.539213988887929,23.3255529949912,2.6364919411810455,1.3726629981346363,0.9797914079004325,0.005357315877484655,1.1293356339089626e-06,-0.7168775602672037,DRIFT
31afd1bfb71abd24f65445d464f5015500c90aaae791d5e7436344b3be92a8fa,sensor_drift,power,112.5,-137.5,69.50920290827537,2804.8888697193916,5.74972868713323,10.570631264771682,0.5016603408589088,2.0258746250639605,0.8461111184054816,0.006852603082131725,1.6031524543997469e-06,-0.41343326695103766,DRIFT
ca3937ca342666c3e5ef3e8bee1d36011b33d205c4034fd31d72381d3ecd6db6,sensor_drift,exponential,-112.5,-137.5,63.444211971712434,2208.563114170343,3.514736259523004,11.603269641834213,2.270799212337824,2.1162277453062583,0.9724125228184473,0.015132404217309462,7.780926703440243e-07,-1.3282704095855908,DRIFT
8724da77ae119a4f86df9b4094a8ee034768865e20c5d7af3f8d994d24c3dc55,sensor_drift,ramp,-162.5,187.5,53.71235877774218,2507.1681575819425,0.39970272031264575,15.647357832562133,2.3689017711502807,2.091573398534057,0.7455416051009429,0.01537626713084662,1.091599526919534e-06,-1.1308186507222575,DRIFT
3534f7bed61906161b0dec3c95fa067b685e87037551635aa78b8d6cf044bf42,sensor_drift,ramp,37.5,-112.5,66.2959894876668,2423.742202208224,2.0028266969483925,10.568353007033856,1.6397224677478182,1.7629243097078346,0.9997975547477711,0.008035571507429335,5.488753253326688e-07,-1.000599260474479,DRIFT
8d0c9622a3e6fb182cd202cf82a307bd18fee5d096f6faf7dcf60da9c2f689e0,sensor_drift,power,237.5,-187.5,77.64403228664072,1525.115478090272,0.1545368015687647,18.62714124203255,1.7675485774542523,2.115299627725034,0.9153752784727809,0.01759256817915407,1.5435985594723296e-06,0.4274265302524981,DRIFT
35941a46a1f24e11202bb835ed553f0f174ca49a26e24baa47bcdbd2dcb54509,sensor_drift,power,-237.5,-62.5,76.18634139462749,1936.9345719149997,3.7676777141109534,17.636312865180763,2.997636940476015,2.2751048922895274,0.4832928496990474,0.01298209424943259,1.7731931592042454e-06,-1.1892266600407853,DRIFT
40d062fe3311c94d7a7c8aabda8fbf7d645272b170dd8fc0101a9cda0f5f20c9,sensor_drift,exponential,37.5,137.5,53.944996834424146,1441.3582512388487,2.923791592114701,19.68745186249507,1.6763656745020405,1.4951653743306512,0.27401059582950305,0.018580367026707612,1.6715141243900358e-06,-0.25112364420900235,DRIFT
20e9b2902855cb0726d6b48ea05cba25297ff1c4ab61302fa3d575e11d6329a6,sensor_drift,exponential,-137.5,137.5,55.14070524085469,1789.3042794204994,3.0249825755449375,14.618702897429523,1.4378279666421578,1.9489788490649635,0.5425485919313899,0.008554414757183722,1.0672178505355487e-06,-1.2876271943373627,DRIFT
2fabd83fc68c4a0c8d84b0dbfb09ae819ed812db3395b19e89682cdd4174949b,sensor_drift,exponential,62.5,237.5,84.50421311199537,2908.3742072150467,1.587881094209228,10.870124811166018,2.865127164839857,2.290320361340095,0.8925648184096197,0.01675653384539173,7.496228997932998e-07,-1.2968082373751115,DRIFT
7764b5afe02e6fed8bc0d78004a52aeb774f42d58b47a3b3c795f4f6bf160d81,sensor_drift,ramp,-137.5,-112.5,82.58748940214703,1428.9845502411831,4.601994631105741,6.370545895532661,2.424201829536135,1.9227286904906071,0.3113185191493631,0.017423945119021674,1.4865929965078175e-06,-0.9002977393025355,DRIFT
1471280592db7e65b36564696dc1d0ece57278bdd915ec53cb09cae81d5aa0d7,sensor_drift,ramp,62.5,-37.5,50.72812301584753,1394.2859698328643,0.4239859268075685,8.983565318303446,0.2375304543587489,2.36754124941758,0.4210606110949311,0.01442312859718074,2.7820005490621707e-07,0.9161204046899011,DRIFT
ef970ff4c6ae3006cf4cf6acf8d825c5388e4e9b2f7b481d0198c1da1431f8cb,sensor_drift,power,162.5,-12.5,49.35678611478831,1341.6234930241967,3.266209217038122,18.144635308707368,1.19725849691924,1.4529548944875603,0.277054792327467,0.014620398376897124,1.0641001646631292e-06,-1.2751816547445707,DRIFT
89a977e3838243447ab8be5d6bcecb30466fd48bb8885c2f52f577bca345dce4,sensor_drift,exponential,87.5,12.5,48.42905696239259,2067.4709944126344,2.317514603494639,8.201579165062446,0.8113516732701411,2.308679222055742,0.9517521871229253,0.016424702699251892,3.8045254058133046e-07,-0.5556592824606822,DRIFT
cac24953901ac74e6c5e9e6d5b985c5346f1a3523121fd24ebb700b964bc7d7f,sensor_drift,power,137.5,12.5,72.92846521939832,1566.0912700810106,4.945359914994984,7.375114855268673,0.9116362887356269,1.718626404380068,0.9730714116985117,0.017261113762707295,2.075173046684638e-07,-0.7357013277450701,DRIFT
3e1e57a39b89090f834a4f4531d3d88dd02f178e3b155490ad905fc5afa5ff34,slow_drift_temperature,ramp,-237.5,-187.5,69.79672346505824,2020.663580988252,5.748785553202249,5.677476387861496,1.37689623561971,2.3351820856673373,0.6106743227264172,0.012359251148263129,6.648889319343223e-07,0.6127896948782439,NONE
43dfbff903a912f3f1fa2a9ab7358e6691d48ed5977ad3479a09fb6c9745d485,slow_drift_temperature,power,-62.5,-62.5,60.25365220302765,1396.3514619452121,4.9194376600657215,16.782826890683857,1.1406550999551637,1.4973520525018917,0.42560081048249687,0.019216223591461846,1.1471746165506432e-06,-1.039020884953698,NONE
d7f02f5dcf7db45134364942a238c94aac0ca0cf992e26259673040eab7aa5ef,slow_drift_temperature,exponential,-37.5,-12.5,61.17038516673847,1421.5881345756868,5.956568762310068,12.153210246592433,1.806468106385967,1.4112417419949974,0.9598339406848878,0.011312293806969475,1.8871572345978983e-06,1.0892395526275471,NONE
c12f1fbcf1b150fc3fcac354b3688925e4abe9250770f0b0f48327eb298ab656,slow_drift_temperature,exponential,-37.5,162.5,89.99483670685086,1465.7509849477763,5.280135923066827,15.655547843138336,0.6961268648763264,2.173149062770425,0.613123288836264,0.012577856112620162,1.3971717118090784e-06,0.38951411669404845,NONE
a8e141e44480d7ee345a570e4a91e079dc77b98cf666a15253809d4de878922c,slow_drift_temperature,ramp,-212.5,37.5,58.281857444288,2471.862523906612,3.5919201754224144,5.2235105412735,0.48053320496468954,1.4672425459208853,0.9121296790956629,0.008596085766250424,1.4294305972128521e-06,-0.5403545434955739,NONE
7dee69b5f4a4e2d3c344c4af3b839fb36c4aedbb16079a55d48c0168cb89ce28,slow_drift_temperature,exponential,-12.5,-137.5,60.31986986812323,2427.8637775661646,5.618836212678954,4.563729594264304,0.1331690380686551,2.0969769845515804,0.9127974040550951,0.013751492354037328,9.061959794836821e-07,-0.21184357607115611,NONE
d68d777feed9578dfe349d83f218ee700c389efab12c67d0bfeec94ec4ba7694,slow_drift_temperature,power,-162.5,-62.5,70.786406095059,2458.5151982630027,1.460237410359386,16.449629910359285,1.565532952057129,1.8414979573323853,0.9895785095040848,0.016679140914896622,1.8857396451734032e-06,-0.8589241565074507,NONE
1c4544525aec928cd3a210ec5d86472168545fa0e95b7c6489649e5edc6b6d70,slow_drift_temperature,exponential,-187.5,87.5,87.07238822179141,2930.2955250797304,0.576376631291367,15.251795938469769,1.765406251010422,1.7990669332716915,0.5492798949924882,0.015909135540341655,1.1486708365483397e-06,-0.2582020683148053,NONE
b30273904fccc9b1b27c25cd023aeb46205759547331d168b28094b59ba7d528,slow_drift_temperature,ramp,-87.5,-37.5,75.79870276996456,1592.7168364917748,1.810935479339698,17.463542492173218,1.5879971415829508,2.3579032804782285,0.34998762396903904,0.005261343022095131,1.8756851941377273e-06,0.046220340073303556,NONE
f3c1917873d35f666900a7fd283b2deb1a5f8ada85a56e8dcbc680c535f35875,slow_drift_temperature,power,-187.5,-62.5,70.03536637214725,2284.5288013249005,2.968191893888771,14.783294385464597,1.5227360587636487,2.2650781783218426,0.5812437718781898,0.019391918739054395,4.164142404193216e-07,0.653516488154492,NONE
61f5f86e53c04166f092b27f325be6f5fce92ff07d5590093ae0a110a2de1fbc,slow_drift_temperature,ramp,237.5,-187.5,60.717611275690956,2276.5685489876255,1.067276571917036,12.221354205652505,2.49125464667861,1.371768891743867,0.9255073797718967,0.009046145456646263,1.77662651765386e-06,-1.2603620118000773,NONE
01a848b642ffc452ea4ac64a524020f05d88a200be24249f59e0952401b6db1a,slow_drift_temperature,power,212.5,-162.5,68.93275157830462,2638.77758628416,5.288480019510972,9.519863227977467,1.0819217640708143,1.6654763390223433,0.6970551137636363,0.015059135781137422,2.7514881975154997e-07,1.276382416822325,NONE
2cee0c893c3c23854bf1b118ef8fa5eb48e50b4cab5059ca74636992fe2b5ba2,slow_drift_temperature,power,37.5,-37.5,84.63206651332027,2908.917274185827,0.32703782057440023,16.970211775474546,2.10098029338193,1.2194782194455407,0.6633387578856268,0.005406192456568939,4.349373604261602e-07,-1.0451137933748935,NONE
8f443d0f4ec52382292164a211939c43fd07807e3a46959afc765187207dcd90,slow_drift_temperature,power,-12.5,-137.5,77.55145762773415,1845.6201732613142,5.923363687116694,17.30025711843167,1.1319271973404537,1.2968327810901452,0.9964082845739456,0.008860853765568236,1.7016778237435893e-06,1.2920458727465918,NONE
85f7985c81d5d0d33616840167fdb3e9e77ca2d937876b002eedeff079256fb7,slow_drift_temperature,exponential,87.5,-62.5,59.10480003662282,1637.8510713499188,1.0677570503914586,17.38028936950706,2.104231885061138,1.449076232524698,0.538186722794507,0.01333358557962663,4.2046307350795435e-07,0.6309355439862487,NONE
d6c965fec2798f1b2db8375980976514c18e424fe64d2208fc86360ff910c093,slow_drift_temperature,power,237.5,212.5,77.56057221928725,2066.822027129144,2.9161424112472254,21.093444952215815,2.741990327344153,1.383058193528072,0.3023589253827531,0.005875896505736203,1.356164613721836e-06,-0.7664516805935941,NONE
4813c5cb4a4853266a6856facf0e9c97fd835451b6e152069872799b41d89ff0,slow_drift_temperature,ramp,-212.5,-87.5,69.41545394295174,2739.747149222066,4.9194541038362285,18.990524460247837,0.5903217153057395,1.834379155908044,0.7077136694140784,0.019582369577975853,2.3218225620882622e-07,0.869073553416204,NONE
8fb4a4720bcc0a2a07215d6a4736f4b4848f2570c82c04a1652d43491778b743,slow_drift_temperature,power,212.5,-62.5,75.61818791263791,1457.4799236407332,2.8079182461207877,19.354860910789526,2.14418091053829,1.9117710949486595,0.4322058658043155,0.011561891489218516,7.394627087149354e-07,-0.8436858963460416,NONE
9d90a95776b58cba7213eacc62caf47ddd0f6a8187d79d33bbb4ab0a430b28f3,slow_drift_temperature,ramp,12.5,137.5,67.62016852405348,2881.0714864350534,0.9318256762040302,14.478118549809954,0.1731791513464116,2.151747888424469,0.5705928270483784,0.01953078186119353,3.541337670000499e-07,0.8664807700083824,NONE
f33a07342df729c0beb9b804240bbed5235b9cf52796c91822a330401046c1fb,slow_drift_temperature,ramp,137.5,-212.5,83.30683742958017,2730.8428913861667,3.6061472343060554,21.613504092338875,1.8990682653407926,2.324689721277862,0.5113267738042251,0.007902898699783174,1.5055753566892396e-06,-0.7307092541221354,NONE
fbd0e586bc6484db9dd4c36c4c5328effa800db7a0f1ab79ba997d90815c0446,slow_drift_temperature,exponential,12.5,187.5,46.690625272717945,1260.4193740406852,4.17591299927559,15.348855285251343,1.3860944433810067,1.711814366460986,0.8405273945732507,0.008442431460915757,1.041130571286026e-06,-1.2207370839777427,NONE
50866a70659fdd356799917a7fa942fa2d2776193f3ee5f40a4550ddca1f3ac9,slow_drift_temperature,power,237.5,-87.5,67.94642672308031,2517.918064295732,1.9031184356709927,13.811713783079185,1.5808307977320093,1.3682367907847968,0.9421908461142735,0.013050451141266512,4.522772599726095e-07,0.9952666299482774,NONE
f0dc15808066478e66a772c4253062e1a7018f414bfba99ee13eda8623436b96,slow_drift_temperature,exponential,37.5,-12.5,73.80656027572215,1642.2392767533622,2.7549654650785182,8.238849040830473,1.8051860054540274,1.6187052323574642,0.7431771493921999,0.010277078680781251,2.502963544698763e-07,-0.2523476046919476,NONE
f55db9069479b4a3eeccf59d0da5002dbf4531ba5e618429033b5d515499b703,slow_drift_temperature,exponential,212.5,-87.5,83.12117236449632,1461.2530136673056,1.850830260695967,22.395654904633286,0.3487924022169972,1.9712781202802139,0.30655052813032135,0.015191810347369536,1.631098003649058e-06,-0.3556766318450524,NONE
9cccbd620527c0fe94ad33dbe6bc92d4b8ac73ee1ba114280418ff93c3dd40cb,slow_drift_temperature,power,-137.5,187.5,80.25920705967195,1562.7433022631285,2.4053511549966715,18.885344687360178,0.26023419727053293,2.07045218909407,0.5821001810358133,0.007309705314457625,2.811584245004718e-07,-0.47421822988423856,NONE
296820fc828a83f12d51515c560d6a02a43134f3da13078ac2ad073c8ea53640,slow_drift_temperature,power,62.5,87.5,56.66190614937968,2104.550554626901,3.984076616936182,15.268902822949016,1.2379421257262018,1.5316105576855719,0.8381259194140651,0.010144673612134432,1.994909001761708e-06,-1.418044609332091,NONE
f1e7a10e0503e90a4b9c30df37a5b361349d41b28ed22518cf36ae6e38f64d43,slow_drift_temperature,power,-212.5,-37.5,77.1528382590402,2128.892791003249,4.775256411194445,16.302798304252505,2.505189536623545,1.8702717299420613,0.5796744409724099,0.007053464657553979,5.304132757854636e-07,-0.15400059738928773,NONE
82c0d221363b012e1736cf8e51c07f693c87d17eec73a08dccf1367d4c89cbc4,slow_drift_temperature,power,12.5,162.5,65.55633644284438,1314.903891818058,5.033048828801747,15.959974644441719,1.7649796457059055,2.2834157688814765,0.9515154696156769,0.008754148380625255,1.9228594253656266e-07,-0.25544310769893663,NONE
698ec3e42df7cfcce0c9c7095a2386a14593ae147fa816d990272c5b9799579c,slow_drift_temperature,exponential,-212.5,62.5,51.60907014374422,2391.6360172239797,3.2009433677745913,12.593075087728986,1.3748019577922743,2.3099786247052387,0.6472408572198225,0.011196827630368505,1.7309889884145334e-06,-0.012850267443250463,NONE
70a0d38107106439923b0ef3a2986ac50b804d18f1287878c67080224a1bc7a4,slow_drift_temperature,power,-37.5,237.5,74.81765542668116,2404.4504566598457,3.512732543161678,9.231097042556128,0.6228953194180646,1.3196848987441214,0.8163556077223761,0.009466679915317428,1.164302982604093e-06,-0.8385328238246099,NONE
c787baf75f8b7f29fc86a2f63202c91627188114881e887746aa7cbd26177830,slow_drift_temperature,ramp,137.5,62.5,79.20901863794019,1758.8135372607844,5.679716244097367,9.071872440209848,0.7054189651574128,1.8945089596659572,0.875601053286323,0.010823336526109804,1.0082849906129108e-07,-1.2554517927534805,NONE
cf7d644a0ae0f86ac6fec036f728d7749e356b35f9456c6fab80f829d147af9c,slow_drift_temperature,power,212.5,-112.5,81.56815673732095,1881.7644177972209,1.9032875417943345,21.174637812718544,1.6674320644518368,1.7873527643526077,0.7592857173515564,0.007262732751013974,2.1740380790453144e-07,-0.677832792701395,NONE
c101b8eae22c1476a00bd2794fea3ec3b1ec2687c6ff7ad2145a94f4030ced64,slow_drift_temperature,ramp,-187.5,-237.5,54.40784916954444,2726.5205010157015,3.084178927822946,19.716718634612572,0.1462750208285467,1.8165633320307755,0.5951473331465783,0.010858426682583557,1.532471412766676e-06,0.948292864152442,NONE
232d8ddcf3a95b5e81da65a4738d519836741af216d5d024089011324ac06613,slow_drift_temperature,ramp,-187.5,-62.5,62.93398904659929,1529.868006407567,0.33678771769161253,22.14250982523092,1.6252811427974543,1.46477963109448,0.7975619939090202,0.016294640608305225,1.5654277671404198e-06,1.3814072147453869,NONE
5ed5208387c834ec5c3a31f4315aa36052a600dba872c571ba3ed3e96bf0ef23,slow_drift_temperature,exponential,-187.5,-212.5,76.79191283847504,1748.776258695346,5.4247991879969675,12.383309204131725,1.2352671603396197,1.7940668048886317,0.8215655608396291,0.011556512543130483,1.8839568666327117e-06,0.5786976794598405,NONE
4625e7a817288db74ce1c554160901a8d3b4d1893dc9fb7388540b6ff7dd583c,slow_drift_temperature,exponential,-237.5,-37.5,51.954110538416145,1935.3268482476628,0.9304375250418799,18.993650866084028,2.4710533239321752,2.321922843662201,0.9643635099359484,0.005070147915622603,5.153086068717632e-07,0.49994904273878227,NONE
adab0d1920b56289f9325e16d67aad191fda53ef32434f1336ccd845abc07fa3,slow_drift_temperature,power,-87.5,-112.5,52.52645474587313,2697.0691808200636,0.4134704711728936,5.808738021668552,1.5426887407973533,1.2057691400901789,0.7222651604483904,0.012667165170687576,6.681210332142897e-07,-1.3931169749937968,NONE
a22c881707aa06d264d99240b954d8e121e8bd752b63f7f5cb3679cb03f646b1,slow_drift_temperature,ramp,-12.5,162.5,66.72468686102789,2273.022625987986,4.054674351797478,13.81047378063634,1.7409949779601506,2.009321806047494,0.812516758120546,0.00587928154054331,2.506033586935728e-07,-1.281634508307391,NONE
799375b7d414a152185b6c325f21ec721e4ed9995a13559f93ce2418db48aa57,slow_drift_temperature,ramp,162.5,-62.5,78.92632180023696,1507.974663136602,1.9116807970261576,18.882306777077112,0.30869062725979163,1.6604330941016252,0.9315200747358658,0.006166757810462403,1.0176568756519157e-06,0.19074903424728984,NONE
4c6a467f724b0b32a156883b6d682c67bc63aecf3826350d736f76d5dcc8bd0b,slow_drift_temperature,exponential,137.5,112.5,46.00309774802084,1356.2700008485726,4.4132234976113995,16.56525954718183,2.7550589353568777,1.8011197245199422,0.758738128032151,0.014657030721026337,1.0323101276895492e-06,0.9822953683126627,NONE
9d86090ab0ba2b9a7ccc57103af7cb9faaf8d4698a14e6d10989668d39134dd0,packet_loss,power,137.5,-212.5,50.409349672043454,2121.680816532992,5.365220583736787,16.898720782277817,2.1843935096363634,1.25591295253184,0.456466405673993,0.0054203917135462985,8.708587347509513e-07,0.3874874080302637,NONE
9878994f3cff1b40cf99fc97350470d6fad9691218cfbcb951411bd8edbdca3e,packet_loss,exponential,-12.5,-62.5,86.64303044043251,2587.6649055346616,3.5632875537726987,11.283219892516632,1.224338343720625,1.5375143953788482,0.9111446058370394,0.013005126650607905,1.061111338073671e-06,0.6880071991650946,NONE
be63447489e8991ab8d8f34c43cbc68bc57f9d28707c3244ff9f927aa9bea404,packet_loss,power,62.5,212.5,67.01939975457945,2308.933757211532,1.4232110032440857,22.001081559087236,0.3442076111051894,1.4855466065773482,0.41801198846402887,0.019595377846592956,8.426656667052392e-07,0.3453575816881572,NONE
93d415ce5e3328367c4f847fa2a86e7bc8c484576d1650d7a44005a02c51aa3e,packet_loss,ramp,-112.5,187.5,84.83297882485796,2609.5155539472075,1.6696432172880042,19.87873242648471,1.8836063725474697,1.214167187565975,0.9868570954927304,0.007724764364311593,1.840111615197554e-06,0.9369945745395868,NONE
5fa48dc7acd29c860e5244e8742b2fc2832db152ef341945bd5aead8eb2b8d82,packet_loss,power,-187.5,-237.5,55.273219158496,2581.0930353970875,0.028187044004122752,23.310740150506177,2.9449879753839774,2.0612551970418598,0.30908324957813427,0.011770939696678069,9.746598283160228e-07,1.0403718539242264,NONE
515f911b32aa3405096ef00a0c57c546c70b22b7f0cff0b60f32cb5067975a74,packet_loss,exponential,87.5,62.5,48.1816127697068,2468.888408896256,3.5912081277061,6.556333308847778,2.925833394880904,1.7470988823692322,0.5307910526364148,0.013220862475317606,1.9867273533458838e-06,1.2481550390688114,NONE
4249c7f1b9a84575bdff2238aa77522ee923aa5434f2ecf76381fa70d1b96ff4,packet_loss,ramp,-112.5,162.5,53.81092596782229,1889.3226667147012,2.822910359001229,21.19828622231023,0.7046590126382661,1.7623839332622546,0.8183042793061971,0.005015381430092138,1.99337998987541e-06,-0.28245629941084216,NONE
ed2ac087cfef88083d915df13561e76f8e45ee6431ec186e9bc47ee34b95a4e4,packet_loss,power,137.5,-212.5,61.90706449037491,1444.632506063332,5.900732156606208,7.456466681921908,0.6943374437536289,1.3044198357003955,0.9743573367826397,0.008040559751969366,8.456174479683825e-07,-0.6793961637826144,NONE
6bd3431888432edc5aaf5a0cbe873784fd63250d48ade8d5618fa960398b8d13,packet_loss,power,-37.5,62.5,55.81874704808038,1405.456386631684,0.8887370219314945,21.912101274724243,0.3353373314110317,1.567619139973093,0.5975161812200159,0.012712858075344472,1.1513422778047123e-07,1.2545605068253316,NONE
3a88ae447d4774bf8da2e33906121880843372964727b79d0e52b59ace538f75,packet_loss,power,-187.5,212.5,51.37809282338411,2002.3258432579323,3.6689462896380887,22.269349863131062,2.5751515930435844,1.5201670870736148,0.3626166147867649,0.008404550620392703,1.2046110288198416e-06,-0.019598050260920985,NONE
c04e5ef7977558ab24696729aa1588b92613789d10fb46f0154bc281ffef740a,packet_loss,exponential,-87.5,-62.5,48.79682236237768,1679.474433000908,3.135738240927329,13.23127409531544,2.837833809837231,1.9237373657854577,0.25577428591415474,0.016218255638149322,1.6141859935992003e-06,-0.1357144184065514,NONE
faac815fe8d5243f371d1700834792ad8c2b5b4da8cfdb8e3c7ff75db9dd7493,packet_loss,exponential,-162.5,212.5,54.202762061831734,2481.939023891665,1.3523182508104752,6.0226349577652485,2.2210960250162053,1.8701066093615155,0.5501308694402501,0.005250605507545639,2.584716481085171e-07,-0.24318408198611752,NONE
4fce8087e1b158573f76eeccc05306c2aaa873c746a44b942d617c78caa9cc9d,packet_loss,exponential,187.5,-37.5,87.57686230470532,2938.044566329741,1.2985265983002645,21.630519015961518,1.929550284308813,2.2876171097926408,0.6070489551577921,0.01228192124961101,4.0122703566253265e-07,-1.2343510601400514,NONE
a906e8096d584aa059ce1cecc0d40cc51ee55b289e582360f16f2f47dab87a1b,packet_loss,power,-87.5,-187.5,55.42559151950783,1586.1578298266966,5.398456352745561,10.738720381868543,2.108835928088508,1.7630495066417968,0.9302991694782052,0.019621569643305435,5.957803583398153e-07,0.5427835097435348,NONE
994cc21df75ebec27bfea161bb96bab321134459729fc7e6f878846a84d49ca5,packet_loss,power,237.5,12.5,85.42790255539924,1319.1832025895844,0.3403459607297019,22.04968650164146,1.9761077663503528,1.5415528630171182,0.9470986258908981,0.018824609675031117,1.1270673911875175e-07,0.346115326984615,NONE
bee4bdb960d7d7daab9a06dd58901bc2b692ddd0cc203211ef8dc373f0e5886c,packet_loss,ramp,187.5,-187.5,87.24121611740702,2309.5573737298805,2.878213233045659,14.317964975390794,0.6518410179536334,1.7386501790717226,0.3288526272538994,0.014601100769118225,8.774117566647625e-07,0.5639731406471263,NONE
b998db76d6e807cead49365ba46f3892d1d5c7bb3973ab61d06b42546456238a,packet_loss,exponential,-87.5,87.5,59.720459359854914,1403.6649170495543,3.855513090144283,12.801876066002878,1.3839063023801588,1.2453622990250854,0.8268972757788715,0.0189428131041778,4.0980031323478716e-07,-0.9054817438944879,NONE
ee13e09c79d3322d5792da8e2f4bdb461ce4a2785b1d737c92d214451d265e00,packet_loss,exponential,-137.5,-62.5,62.92133321043503,2101.874593309946,5.604716749169473,12.247730026005229,2.5887169833402157,1.5818105575278714,0.608991577371546,0.009304691261206175,1.4157693649347554e-06,0.8279790287121355,NONE
a46eca81ffe9ce68601c788eb969f3058c303af39f35f1fd16c9a0cd646077bb,packet_loss,ramp,-12.5,37.5,65.84280615201084,2730.16475487885,0.4837399083221037,5.149324104307623,0.8314763413662287,1.9989227313159776,0.3689674284500536,0.018644266110936343,1.8982833837276143e-06,-1.1088936303224015,NONE
1eaea6956afa155dca850437062de58a16284143283a49612d757dbd74509ea2,packet_loss,power,187.5,212.5,88.83758666327203,2413.0655953611526,2.044457347417585,21.744765573115508,1.6358829706935707,2.003641875757759,0.5193589556541943,0.016165845155041637,1.956901413278635e-06,-0.8273523962085331,NONE
22728cd6d8bf191b9b08fd213b2d68301455ea203350a427e9493a6e17b165bc,packet_loss,ramp,-212.5,112.5,74.50045375278742,1578.0051575062523,0.4609112082152278,12.953222774833758,1.8495077376588407,2.2109523935194546,0.922785104815356,0.012781761005643388,2.683713148674131e-07,0.7587466688387362,NONE
d480f92f75ec40d4b42231cd703ef0b4a06688fbb681b53daac5bc2df23a441b,packet_loss,power,37.5,237.5,53.66246573716038,2896.6527089523665,1.996973561413795,19.15958584090701,2.5570170109489427,1.2097714884359805,0.49400982552123757,0.006977938291502177,4.645568863422661e-07,-0.6346830357019787,NONE
20369137ad857b2c3303f74b278daefb49535f2e5f5a37e988faad2465de0e3b,packet_loss,ramp,37.5,62.5,52.387659480808836,1317.257305433262,0.9623151046210618,7.367608097451676,1.5555387485098995,1.9678549031524253,0.6460108823502462,0.012711867852494762,1.4088312252401373e-06,0.38574659840695924,NONE
10b595da50c567808fb94d97c88f6954ce87156ff96b10d404c866414a66036e,packet_loss,exponential,-37.5,62.5,45.670537153737804,2549.5617846182754,2.866596238996834,12.790662672819815,0.8148330934081046,1.3404811249207613,0.703180995252589,0.005195705447373905,1.8752993636254658e-06,0.7679716155844271,NONE
c23a6aa5493bda50e42fa8fc2d9948a98040824a23e4bfef358d158a81fbbb51,packet_loss,exponential,-212.5,-12.5,78.4892480731407,2124.1194315101066,4.93355264436398,8.526065553409024,0.5684767780571878,1.2795404674997408,0.5343069387273139,0.011080188122524145,5.685894598811623e-07,0.6325023175948397,NONE
7c8ce0b7fc6b78557ca4c54eef4d1616844e2ad0f9e8eea87e3d5cb32d8c551c,packet_loss,power,12.5,162.5,67.47734821170722,2098.845539799088,0.19027827234538353,12.212063940308736,1.59333597705992,1.527659030588692,0.5410731012476115,0.005659207885419544,1.9348514212957117e-06,-1.0126968560722664,NONE
79f0c926e9e08c1e6aae795ad025335073edf4e9dca26f70ca632a83d5b20bfb,packet_loss,ramp,-62.5,-112.5,65.50855728436304,1505.768776853152,2.8926335077785525,12.317550771223479,0.1844239903347763,2.3182050448761844,0.8751681485088483,0.017673826680046766,3.961622960163826e-07,-0.9267187731902858,NONE
1b632a7a5e67e9c05c04c6d5e5bc2f37993f57f1d4d32abe57a45e13d4ffbcba,packet_loss,power,-212.5,-187.5,79.19283695219416,2417.918204383042,0.15863201922510184,4.122533790332271,2.9092945862426953,1.487616317192164,0.9870220730769665,0.008886799515297139,6.282550382724288e-07,1.3325308969426908,NONE
dfe293d13cc96f9c9201191310b4d73041f81fead98a4a2ae96f392373dcf093,packet_loss,exponential,-187.5,-62.5,72.09061333186115,2051.8991773125827,3.5680798415762798,16.89439746096771,2.225703856733197,1.6839767929191576,0.87668081290268,0.016848242996089828,1.410766488526287e-07,0.3781337083896972,NONE
6ae13fdf38f1c9c50f55a59f7c861663baff6ac34157c18be7586c26ebff36fc,packet_loss,ramp,-87.5,-212.5,80.39364541972769,2418.423226981676,3.9301753910139263,7.275056527288569,1.5712707094784717,1.9602439480279137,0.7645649849817908,0.017572711687013125,1.412870524549732e-06,-0.959188077192111,NONE
e298eaf54bfc0d5595e247e6da0b51f01544f4b07682c7b53053defb66dc100d,packet_loss,ramp,37.5,-62.5,65.32959305728406,2145.4550186302336,2.036540415797369,19.76506594645373,1.9107336434569988,2.30877729393075,0.5147314194587214,0.009030740872192144,1.5355644771732294e-07,1.1825360910928053,NONE
6003c984a738b4a74a0d8ff05ec73502631982a18396925a6d69a585bdb2ea83,packet_loss,ramp,162.5,-37.5,74.2373421322909,1394.7991596213233,1.127713473271209,10.662331097084916,1.9794691049866235,1.3620299620928267,0.7659404318700662,0.017042553932096232,1.903343385047328e-06,-0.022824442813714207,NONE
dc5da4bc9f691470186713202c88cda62de32eadecff4a567f24d2a16bc0cacd,packet_loss,exponential,237.5,112.5,68.85216565201083,2397.5510044895477,4.211886056717373,14.55717523972403,1.699585800330847,1.2176834665324237,0.9968057541813053,0.013257424566919883,1.837030358719265e-06,-0.7567791141542011,NONE
8c78f91c0dd237c3ba055435f10f08bdaa03fba763b35cf52180282d722e21f1,packet_loss,power,-112.5,-237.5,55.028735638814645,1955.359510326156,5.242073762751216,18.05775392706807,1.1255947474458206,1.9041760497420153,0.7132210188329347,0.010099756812013331,4.4824780092306614e-07,0.6314886928498535,NONE
91250287be8dbdf6e8ac1749d2aacddd620334ab934d26aead579972aa6d73da,packet_loss,power,-112.5,187.5,63.052879908721124,1904.548565712802,4.140758697656272,13.432215222456353,2.6609384195251264,1.4887650937020818,0.7808820614401963,0.019706642054319958,1.595342428781849e-06,0.3584035670891089,NONE
54f6aa78f83d35f66ee50600bb9492a75ea0ec3848b7bfaf49ede693724b213b,packet_loss,ramp,-137.5,212.5,62.22159479951767,2532.987485711779,0.5449316990192608,23.555265236343285,0.9484707621348987,2.08498276439154,0.5376287816547556,0.011715495175475822,2.720713067842347e-07,0.6964760886567944,NONE
a1e4b3e7b339680d4bbc2d4f9b31d891eab442bf8b33a3cdfb3497b99b84a9f9,packet_loss,power,112.5,187.5,81.50868836837488,2877.07417257539,5.508242004223287,23.270029832497716,0.7785113311778519,1.7541647618264025,0.6002236651764645,0.005589844442604958,1.2240814782150917e-06,-0.7547658386163213,NONE
89a5c98b6ffd1a2b11bd5e6d9738bf8a2a2760cc8bced63321b11d8278b2535f,packet_loss,power,-37.5,-212.5,57.05270891775262,1798.028394962485,0.9226835394593704,18.604771688111136,0.36334561183286157,1.7277305330465715,0.8020003687276809,0.012132595320125842,1.0599444759982382e-06,0.2259964029040753,NONE
90430d78c3438b8f057d460589d1494f7f6a637b73e1c09dd5badfb1a1d9b88b,packet_loss,ramp,-87.5,-137.5,53.64980525419489,2550.033991070922,5.144548037405497,5.005953024448236,2.9632625094711593,1.7991631492116318,0.9587476099541236,0.014903901042201401,9.617540689572523e-07,1.4747250855822263,NONE
6a3334496d24594f8925c48cf3dc66de43bd01b4ecc4db0ecdc9e2d6a394a389,packet_loss,ramp,-37.5,-112.5,89.90599338807243,2683.117695536095,1.8895848335322674,13.20169554170571,1.9255313599374988,1.8048964597772055,0.2685396262459414,0.0063390021060398885,5.880621817462541e-07,-0.4638897141038001,NONE
97b34b8cec1c26e2ec01bee208497c79c633ab011da00215b0baba1c8d0ff6c7,vibration_only,power,212.5,-212.5,54.373952738549875,2160.1593691105445,3.7785440997292543,5.813982976511868,1.7027607984161,2.0705785325936503,0.628148938439475,0.008831919504534992,6.450787732320819e-07,0.3268998467227141,NONE
c7ffd7a9e32c8505e9b58abdec6eb17d171014500d9befb28ac4e959fd7889c0,vibration_only,power,212.5,12.5,49.38067085899688,2162.7486014941583,1.3994024411864834,12.712735034451969,2.149940378028214,1.7606889697622863,0.6878607625420804,0.010496630192201116,8.958168447098304e-07,1.3839864929737775,NONE
aaa0e5f424499ac2028a883f4ab4030b2a26785b30cead340d83c1a1f331713f,vibration_only,ramp,-62.5,-62.5,73.59022734195109,2195.023540758639,2.488928694008619,17.886225517327034,2.4802130610343958,2.0902358654064437,0.6786161872639435,0.00841861355032341,8.150633636118365e-07,-0.33475149068288856,NONE
b26dbc450f56a44ba0c41cc59f354e1344ee3a24edbf50b2385b61fc90cfd82e,vibration_only,exponential,237.5,162.5,50.419925249805395,1466.1381802227734,0.8414425655081161,18.387339994847487,2.473996886748972,2.333882098933618,0.8582592290368083,0.010984330398947946,1.5593480100661657e-06,-0.8774434317724238,NONE
bf1a4ada25c0722a91b6e4238ee2560eabb785507903accb94f87c60401f47a0,vibration_only,ramp,-112.5,237.5,62.35189097649431,1663.3585671635951,4.343865174245395,11.661615961794654,2.489320736370377,2.3305862181460375,0.8740092576150256,0.013863924385089401,9.705979673154516e-07,-0.7249541384195188,NONE
5ce277ff0e81e0f32fa3d1ed240c90ef079d93e981f53b16aa162ff3862374b1,vibration_only,power,-212.5,12.5,59.6948539935729,2928.8461928167435,1.470378360542867,6.616927765317469,1.7907099017857762,1.5876545409338154,0.2771162141493877,0.015319989980354195,1.4210374915803152e-06,0.4065127448171971,NONE
5dabb819768566e0c6007b8d2085e7a051bfd5ea28622d0ee289bfce6b267f88,vibration_only,exponential,37.5,-87.5,78.13213479274833,2084.6601585346693,3.024959323960913,17.876417222347662,0.7105150156800751,2.3443785881178263,0.6593566846274064,0.014262763637992617,1.744487036493419e-07,-1.0763463865585057,NONE
8e432b864f57ecd7e4d5a6bba373115ee868183f18303873f1061abd86f1e3f7,vibration_only,exponential,162.5,87.5,69.62681718243954,2650.0252422737344,1.0597269071412123,9.393878841037349,2.4392643040738795,2.391668574936533,0.9688078972162968,0.012078588274737706,2.3259165580527757e-07,-0.5767912438307874,NONE
848b80849df4977b227e84b803b04c2bfc22b862d98df80138132db7bca5edf0,vibration_only,power,187.5,-237.5,86.25256948220687,1851.5162640354858,0.11505719838200412,14.788940613724893,2.577457895510512,1.9352252056553962,0.6583709921899992,0.0056410854436775145,1.9756349243561962e-06,0.7638508590701438,NONE
65920129614db16db2b21f5268497e311f6f2b18b7ad9f1dcbb2068888382012,vibration_only,exponential,237.5,-212.5,57.526122556044314,2194.661289067469,2.8048332060762045,12.882892196959169,2.2724911772413483,1.2554040644134852,0.5181931956031589,0.013945720110923213,1.9685855988147976e-06,1.0841140111413516,NONE
ae0e407efb42fb73c14fe1824fdaba2b88ddeefc7e660834d25d4497dc29f34b,vibration_only,ramp,-137.5,-187.5,74.23653791440248,1643.181260887902,1.1442585284003608,6.275589361894137,1.8272775935854924,1.932633013187555,0.5054167914398309,0.010630804034041747,2.561553790863365e-07,-0.6616751108989369,NONE
f948f4308570afa84320580bf0c9aacf59763d44be5bc79a6bd0afcbf3481d2b,vibration_only,power,62.5,87.5,82.34683675933124,2430.2320505148623,4.440976194352571,16.92562608247679,0.8971363963380194,1.9058189300003026,0.37573483861104684,0.011841793537548887,8.730112479408743e-07,-0.14403888197972037,NONE
5c50fd97eff8e831e3a1e73ae868e27e055a636c5d2a30dd7a2a1afb41aaee23,vibration_only,exponential,237.5,62.5,76.1941646331728,1366.72968675385,0.4654871857867342,19.85603108768591,0.4971954549528275,1.3529944333251278,0.8184788476286041,0.010146502913210403,1.0967304916447039e-06,0.9762025978324186,NONE
9ef7e4eb4444a2539319fe68cb519e100f5dc6166ebebea06cf79d54c104e2e4,vibration_only,power,212.5,-37.5,56.04220998461212,2726.0485757181273,1.7005699345488725,13.211570318745546,0.708860835194523,1.8591262294596649,0.6488173785973367,0.0103897016854918,1.5826606421832148e-06,-0.3551469741475076,NONE
2db0abcac7f3769e1eddb464188538975940a9a25605cffeee53168cff4cedbe,vibration_only,exponential,-212.5,-37.5,49.72423856707502,1919.8933338119577,0.20439986660411247,5.275629645600082,2.2835497014993345,2.0673210634247203,0.9987479280367166,0.017478734876895934,1.5948162454348455e-06,-0.7584206934447398,NONE
bbce2e37368b16a2b2588819089bbd488e14b59830f5c85e78d2d385f7729478,vibration_only,exponential,-237.5,212.5,75.3123601397235,1370.3428215643135,0.5295944802888215,9.68006216543293,2.1977724601176036,1.378529254046437,0.7040514042215992,0.008053850697078499,4.4952131406629533e-07,1.210074507741501,NONE
c3dadd910cf0848067695eec4f82b2f02a0015c6ccd4f223070d25ee9fbea6e2,vibration_only,exponential,-62.5,-187.5,51.37158220659743,2163.5395833082075,0.5548632512638474,13.076530854760318,0.25791793459360557,2.3378432945857925,0.5043631942917763,0.008849070586025005,1.3761369994266577e-07,-1.4389291570816998,NONE
488eed085f3ea10efa2e9aad6262f6a7f82bd65361d36c87b23c334bf1fb6727,vibration_only,power,212.5,-12.5,60.37049179100396,1831.8906013655567,2.0663473088710154,6.288193021318616,2.6755684060345004,1.3702414682635757,0.863418562873723,0.00523570161577253,1.3712092723331049e-06,0.039575434481200156,NONE
0ea39b2dff5b1b90d59a8ff793838f4b8353929fcc46e1da8ae3ae8c9c1effdf,vibration_only,ramp,62.5,-187.5,73.31151472746114,2341.43043958509,2.3162971175786558,4.406096825565532,1.5113903753531763,1.7127365680887279,0.4453000420970581,0.00822828271503626,1.989439334666721e-07,0.19562934851619074,NONE
8fe79e3463fd4155ebc6102577bb6843efdeb2a31585ee8ae08f272bbf654e65,vibration_only,power,-62.5,-237.5,89.97671233725588,1792.894277977317,3.510292729250803,15.716985577131698,2.8866768026571443,1.8138642177336797,0.44350147568834253,0.00971379063200893,5.055536326995218e-07,0.6885772857274586,NONE
1001585adee8c46b020e307ba6c9e8ee63a0f5ab4d9fe476d8c12ea17ef3af2b,vibration_only,exponential,-112.5,37.5,55.80283593134968,1403.581241325516,0.34398581083019963,19.879936248945416,2.091080301224282,1.3674147366236695,0.7673369733756755,0.013590681030937777,1.610141341343521e-06,0.9386093536757791,NONE
1d08775fb312398f79a6b28cb85d083d6cb6ff1796198d90118588c453fac292,vibration_only,power,-112.5,-212.5,52.593779418757,1729.5928001596064,3.3077693384477143,14.219605898411233,0.6432583503658177,1.2033311523636878,0.42403885436838906,0.009926958459923621,1.1840944443110356e-06,0.6726759225232708,NONE
0b2b8ca3c9d057079917141ce4fbb0a24751fb56f77bb32b6b8accc6d1206b40,vibration_only,ramp,-162.5,237.5,55.503711782366686,1690.340208287,1.2006730460044548,13.182046201041993,0.8207847041499227,1.7167833997521467,0.9604583769835343,0.00935499172063016,1.766445384060394e-06,-1.2205614377847211,NONE
fb3907c0982598bc3d5c4e91af1d0f297605417c76d8b491dcba452ff28b5871,vibration_only,ramp,187.5,87.5,83.46672792969382,1793.9051159141882,0.198137100027016,20.440538451826022,2.1976265545739224,1.7624008711378782,0.33499994739370464,0.012555436327570547,1.7108392609131927e-06,0.6136877736533689,NONE
b5b1a75492e44d168c1bb589841a6806222cbd66e9f3a18de249932843823877,vibration_only,exponential,12.5,187.5,80.34853215783208,2220.998735320199,4.884075460655254,21.555026534105064,2.339236992913485,2.071942209461324,0.80162487056439,0.019738923448409773,1.8222526326680623e-06,1.2729531167526307,NONE
c15327a982878268e07c0c8a8acde630fbc422d73eb6b93eabcefc8bb1213cb0,vibration_only,power,212.5,87.5,74.93351906211967,1886.9284952190856,3.9689512251704566,12.715669892118393,2.7062735608865855,2.267298266854265,0.2833995781273253,0.01656708504797721,8.276728110069114e-07,0.9856720655096888,NONE
be5c15278135d5a7ba218e5bfc03a21ed16a4ed6adaafb7ece3063bf9fffe365,vibration_only,exponential,-62.5,-212.5,46.79122760941984,2614.2687786246083,5.536438532960823,12.272988154454577,1.4477879186630596,2.147567071929112,0.9556116766267118,0.005376013491809335,3.2022565000979133e-07,1.3327442609156896,NONE
498d629c0adce50b523a68e92e96e184116caa274729abe763b13782cb16ee75,vibration_only,exponential,-237.5,62.5,67.22885396640417,2356.003476953905,5.541208236135175,15.795853660504253,2.79479720199746,1.9693614672164181,0.6957108516237407,0.009144452976573488,1.1828481384080444e-06,-1.4023419410100795,NONE
d3d56be19d7b111b106ff63cfd513aa0f73fafa752868b407874dda46539125c,vibration_only,ramp,62.5,162.5,87.98236130699632,1857.5045045442919,1.168508308024417,9.504863464504295,2.9079478871197875,2.095188929482557,0.6742060787390524,0.013282564272991295,1.7970427466694654e-06,0.3551744331182578,NONE
9c7a02621175e1d7a432ca86323e3de45985090b47b69f89b3ead613c80a5bc8,vibration_only,exponential,-162.5,87.5,75.57990933505035,1901.1063495448684,0.9588278315825669,22.922789540609774,0.41325777125460295,1.2515548352313304,0.4645176422506403,0.013975894525687189,6.587997421911035e-07,-1.2248870001198888,NONE
22011e2ea5e7da0a5255f3e33cabb05f0e2977ea9dd1f6ce472c1a996864c658,vibration_only,ramp,37.5,-162.5,50.793338898973694,2886.3871912461955,5.2833169416320525,18.71296687193183,1.6895103993836402,1.9493145360620956,0.9611225086214692,0.009596673469201256,1.912357444918167e-06,-0.689242218899633,NONE
d0fbcc926794f7baf0887c122ea92c31b116054839163ccffc5742d3792883b5,vibration_only,power,-137.5,112.5,69.79950656606547,2755.0328910738303,2.76702877922683,15.094208422518877,0.17148326305529585,2.026213565304715,0.9588183005489592,0.009293063287046972,1.2050273099990202e-07,0.9952747916685997,NONE
4bb734d1639507ca28e8320066cc7d026da05c11712f8ef84281301b43dc5419,vibration_only,exponential,12.5,-62.5,61.97022728740166,1877.4711927642647,1.9697681681030093,21.46733024596321,2.6967499812273523,1.277962913932066,0.5267605470795926,0.013266090895102304,1.9652970248422043e-06,0.006164423347165271,NONE
d3eb2ec51e87e519571f4e2b35afcad9ecd42797bfb6587111c540ce1192dd83,vibration_only,ramp,12.5,12.5,60.784185003966776,2408.073559485696,0.7054476903725766,13.030337878394484,1.340195142048685,2.0567756001687325,0.8531318811654791,0.007985394125204954,1.0817311414312884e-06,-1.3052000170104578,NONE
a8fd43357106c4e57d516d6ba51452af8714ecee0384aa28a36ef0f1923c1f54,vibration_only,exponential,-162.5,187.5,45.60716477095778,2341.434174948275,4.668291233300733,6.809749398810604,1.8238048455508655,1.7262716593562053,0.9159865360971832,0.019352340548757497,1.0586091631247042e-07,-1.4163913202257357,NONE
b5bdde01ac00a131f2f9ac5d6ca8c0e2ec54fa42b1a464bb2a16b7fc1b21d184,vibration_only,ramp,-187.5,-62.5,88.53906669973665,1916.5821365678046,3.5892493537511845,13.396478226422985,1.1028451135241435,1.5212167437159905,0.6616402918429287,0.019482310541746234,1.3488150421350143e-06,0.4362843598329941,NONE
7d2bf44b9c5572b3d97c8f124499d64182e452fb00acf6882e03f3f775e145c1,vibration_only,power,-137.5,212.5,84.81990301473246,1854.6979707360276,0.7402307714577789,11.402392796805886,2.23307462343646,1.3042145121184665,0.9754812582225141,0.007461427370964911,8.017266147191955e-07,0.46830210507166004,NONE
61d4f558eee72a4fafce7ab5c93d789f4f57947ece4eb5600fb1bf7efc574137,vibration_only,power,62.5,-37.5,75.84337741427426,1997.103126167146,1.8247167244053328,11.455163512811005,1.7056538643442913,1.4191868653781694,0.2838532212405971,0.008227975495078073,1.6537203888885606e-06,-1.3232916504432608,NONE
98a13fd01dca72f1874fe0595ee77a5b1a63e23f9f3bd4d797d0295e1032441c,vibration_only,ramp,-212.5,187.5,53.81244353762207,2763.4389976701264,3.105941465560023,23.20096130466061,0.6792970973568487,1.480143400237564,0.342573634152331,0.00571515493287595,9.812916715031706e-07,-1.1961268089141357,NONE
312db56a060952d086fe2c7b83e81a347fd6e4faca5a9485895b95b39ccb9d3c,vibration_only,ramp,-162.5,-62.5,56.12871831265518,1634.0583688088034,1.3156722916952404,16.955967081880697,0.43209827967937914,1.9402393135742488,0.3468486660358427,0.014588116241762707,1.8358231305212218e-06,-0.5496190093180564,NONE
6757fa25bcec6bd212f170fcf8c15d5664081218ca6b0353638a366d6f41ac86,single_node_disturbance,exponential,212.5,-112.5,80.04230263390981,1447.3036463617595,3.997745354411183,17.155549768269584,2.964752443338927,1.9935505749457996,0.4954626782477932,0.010157506801244776,5.410645668107488e-07,-0.42072254241116935,NONE
310fd591885f182621fad8356437d83333eb847ce40929fcccda173a7f1b4ef4,single_node_disturbance,power,-112.5,-112.5,57.20850059823957,2272.0639735918858,4.010944204704343,8.625687372919876,1.0442053965972269,1.454941785714428,0.8623942631229605,0.012244020632647613,2.9183428983125604e-07,-0.5870252049302582,NONE
609ed4913560ea6ba28ddc9d7070dba2faa75cde7b7ea73a0a5516db1be88ec5,single_node_disturbance,power,12.5,162.5,64.60531063872206,2044.556393959734,1.259325563530074,16.214034730032505,1.6872265666176554,1.9638283789085933,0.7190740824138185,0.005499312533160211,8.092126737412374e-07,0.3439207653750792,NONE
d03fb6019ed04f01e999cb24c04cea9f2f3fb4fa627967d58423edbe4f403cdf,single_node_disturbance,ramp,137.5,-187.5,54.96395743593198,1409.2179927958223,4.686403069067892,6.551127596374016,0.9749766480771443,2.199176750513536,0.9293719412888569,0.019304118449462997,2.651433483277491e-07,1.1149719456652931,NONE
9c848ea05210d9f4cc36dadb67533c20c5f56cde95b1fa3c4a568aa5bed0162d,single_node_disturbance,ramp,-37.5,62.5,59.354813607232096,2535.219904633567,2.899738879080648,21.642420486408685,2.6047080298318215,2.046261922550523,0.7592687061407517,0.017628118795664085,3.24948779484717e-07,0.34788609542019744,NONE
4b61aacdb68597f41e7e73cb76323f8d52d61b81d2905ba8b3bb129e32704b6c,single_node_disturbance,exponential,112.5,162.5,71.10492972022317,1502.0850486121356,3.999216223154815,8.341896333611395,0.4007986787174494,1.2384524397552776,0.95448365511216,0.010909412936750991,4.555419809055219e-07,-0.65961225794539,NONE
3eec04cb43176076ab7dbc00f5fc1419bdf83d7b620f45f4136a59e6db509b3d,single_node_disturbance,power,-162.5,87.5,64.78301924520161,2624.6581420335065,0.46554705487198356,4.812393469937536,2.130175486855928,1.8782320848041,0.38093496733563414,0.015607738046374681,1.5918259417602065e-06,0.14060829132884733,NONE
384ec4ac3ef7595891f18a257b29b953e082d5f495bfb106d55f7f9b923dadcf,single_node_disturbance,power,-212.5,-62.5,79.74595000885076,2110.138083033297,4.05306262312533,13.68122542546305,0.26867781160377097,2.34516510190176,0.9933470099088948,0.007796335759679451,7.163497046007112e-07,0.5173884553284775,NONE
e41a034c5fd894eefa19ae977e6b28f029f2f0261f6824868e90d156770911d3,single_node_disturbance,ramp,-112.5,187.5,63.43372026422925,1294.9221681024046,5.40803209740105,10.911642178928659,1.6776995021625434,1.710371590039359,0.8656739360065608,0.013583080296837182,8.934437438332472e-07,0.3279970848321534,NONE
21e284afccab12e210e5ca7c47c4d8a2ab3ed58f9a9afe10c7201c08af4654d0,single_node_disturbance,ramp,212.5,-137.5,76.13539401216492,1997.485029266118,0.09444245166311771,18.472038141804653,0.5543651449639242,2.0928770097676734,0.2947193281949847,0.014360511222924092,1.1125079908899455e-06,0.0072950914568299385,NONE
d9857f934d15fccd7aa71cddf8f104e8dced7f2a2cacce1029f2289f9103b333,single_node_disturbance,power,137.5,87.5,64.72437593542205,1716.9219853076481,0.590490269120606,6.202731346027356,2.975171511370709,2.2292849545772473,0.6053652062701489,0.006598074153529559,1.4017321603054882e-06,-1.038590991829154,NONE
d2043c6918d6980f6226ac342468c15cafc5a9fc92fee0a63969ec5ef980b105,single_node_disturbance,ramp,-87.5,-162.5,69.58029879492767,1477.9683054187324,3.5501187503486333,22.910948085761774,2.6512922397921566,2.298811753108212,0.7160579877302853,0.00884149059233591,1.3154054514726936e-06,-1.2472074404540576,NONE
6e50a26fba1727708c0996040db8976a0e5d7c512860b879968d4988136340bd,single_node_disturbance,exponential,-12.5,12.5,52.71924879114114,1701.0284057490232,0.6001159383091357,15.071163964019625,1.7004323725235047,2.1945730326041573,0.5042004112234456,0.011608685183111662,6.212867275328601e-07,0.939270124295265,NONE
0a3fcb8f1af0b1fb47a7b7802a726ab5376d834c24f3f79db7851c904d1045a9,single_node_disturbance,exponential,137.5,187.5,66.4052497951662,1977.923683044782,3.1049807593015997,5.618822428361513,1.8677663371033304,1.948800342301509,0.2619597862948624,0.01596342879904756,4.801653347177972e-07,0.3445386059522374,NONE
6b1ad7d9e8c747ffbe86187fdfaa50fc8c1564e529c6944a78e27d67b2eacdaa,single_node_disturbance,ramp,-237.5,137.5,51.82328313008504,2812.7789179744905,4.614803251615854,19.645240504461146,0.37162442246439237,1.4887389478329198,0.8764615902829751,0.008598322205236575,1.1670557685699158e-06,0.33061129270826206,NONE
79a6ddad66014705e5cd03e5148597bc4caf949a1212ba882c1fd591e0533829,single_node_disturbance,power,-87.5,112.5,74.509002509101,2158.790829421776,0.4593549943333972,21.028859878212398,0.8762764657654641,2.2941987002244915,0.7845538881459857,0.006518624019425096,1.71254392865945e-06,1.0308110018801426,NONE
b6cb54091f64ee16100a703f1fa8bf8fc569cadf4e08e56d2302a49a89df6a87,single_node_disturbance,exponential,-87.5,-162.5,60.6177430954736,1832.6503035197043,4.231958903424049,22.75404787869141,1.2104853372764346,1.9300143592363401,0.3848654321094926,0.016070056751749356,1.434821549990666e-07,-0.44686028862187654,NONE
fb6274fce430903959c5bf47b0897e41af52c909c33aa5830d2f3b2bd54c3bc0,single_node_disturbance,ramp,-187.5,87.5,57.44989178797298,1799.120419314604,0.19747506002363746,16.707786171056398,2.993803819856689,1.3793614110504946,0.5841620135117154,0.015321732779234059,1.6734721808663898e-06,-1.0486763123555984,NONE
3e7300f920aea4174c26ec1ccc53a0221e1aa4be71b32c99bbb91b7127a3c71e,single_node_disturbance,power,37.5,187.5,49.525188922302405,1850.8824155241464,2.611089249048751,12.664302914386706,1.4377557222226673,2.363907544159333,0.42964547997776237,0.018949703945505224,6.411017067110313e-07,-0.40017744349650086,NONE
bdf26282a42ab1f30251e7d265dd4f3c0fd1b8422837026ff25c51b3290136ea,single_node_disturbance,exponential,-212.5,-112.5,78.76181262435995,1567.4686811147596,3.99401757102311,4.040470533112707,1.3991052427854807,2.0573873516286794,0.2931181738184635,0.006050334166971779,1.0838037093706573e-06,1.1962299801878644,NONE
d9ecce5291eb05be6fe0560369b065d817fff3bb5564c09d17b7243c38f80b1d,single_node_disturbance,ramp,187.5,12.5,78.04226045541402,2826.360583160935,2.0036181504106017,17.175222283421455,1.0485892707778584,1.6856619722924102,0.31528148185682847,0.006742310839410387,1.125484802194939e-06,-1.430162359017235,NONE
008edcc8d3b881289f08054875478191629725ffea38d88e840a4d267545788c,single_node_disturbance,exponential,237.5,-12.5,83.0550298214931,2437.498792110104,4.368967874364591,8.055472917767748,2.877577757979627,1.4373327886975107,0.659586145871133,0.008304775222932693,6.079749944022329e-07,1.2164423099970285,NONE
6460c80271b18ee5af033feb05290e25a963631de228ed2a2412b8d04ef177bd,single_node_disturbance,ramp,212.5,-37.5,78.34851169936196,1677.5991309906203,3.5243904380099176,14.26066841812906,0.2778728479454351,1.6452998237242211,0.9919994812393527,0.015931655772184174,6.816172482699713e-07,-0.296891432468127,NONE
e40928cd17464470739e450540b86d9d095314373af9ebb935e829514a350d0c,single_node_disturbance,ramp,137.5,-187.5,77.46533663044399,2247.112336671707,3.011051190414813,9.625203471293283,0.6254974021179235,1.2701400013249509,0.647200653151353,0.013920161063726968,2.072901529051052e-07,-0.5990438904411591,NONE
eac220389063abf97a93e81cbef4d1075841d7353a2d8c9f8a862b8d9b962471,single_node_disturbance,power,137.5,-237.5,63.022136161846014,1458.2749388637465,3.0792853024695708,11.64509666715244,1.7293550677739085,1.938621416306062,0.7055058269549767,0.013494119193639591,1.3354904085528121e-06,0.7160843866439001,NONE
0fc74435062a5514477ba4d8a8f7ae0ed56e0d5c4d6f216b04e052f56f500a18,single_node_disturbance,power,12.5,-187.5,49.0256423814921,2869.3876439030673,5.050510273144074,10.303477259107817,0.2340151485711456,1.4173431767144202,0.6261432500018158,0.01962654251980172,1.7882304694755154e-06,-0.9372509786157681,NONE
fa4c3fc1a27e282fe608c8a15b3455a97a86513c4d06a336f9dfd209746fe36f,single_node_disturbance,exponential,187.5,-37.5,87.6484303479167,1637.7941963343692,1.7420300473050547,4.470213518411691,2.6196919713071183,1.816818327100643,0.42314840661618913,0.013436599161321615,1.370500477789697e-06,-0.10231988551981153,NONE
632f9787f5a02222a336084998ffd4bef7fe842594b2b303eae69b7268b776c6,single_node_disturbance,exponential,-12.5,-37.5,82.25987613103194,2697.14313661213,4.41663902908517,18.91911755385281,1.085424742904507,1.452708778740683,0.9251957819312933,0.01812994599622397,1.1906049449775428e-07,-0.5379394265102853,NONE
82942fe8379107879b581f1ae2dfd98d0c781b9ed7cbb3d4dd1084771188de5f,single_node_disturbance,ramp,162.5,-87.5,55.19052132258367,2320.7401993555886,1.2464520290802328,19.422952065152934,1.9197175384778673,2.265467083841749,0.7546109044551725,0.005014333710280629,1.7768348769525205e-06,0.6884319757751868,NONE
32d62933bea399ec2111103dac47990cab849530e4daba468044d76a4300cb85,single_node_disturbance,power,112.5,187.5,78.12813005065642,2355.7388887830325,2.919851702351349,16.96073953433072,1.2109959204925507,2.271954797269788,0.9677470282495135,0.019047623097197888,1.8721633456396538e-07,0.32939775891423007,NONE
1a471de7ed252af701a9ed6b6063fdc625ed2238d4a9718da7b39050f59e473f,single_node_disturbance,power,-112.5,162.5,54.79117653516834,1993.8168710992863,2.707690996443846,20.46669557418923,0.38774878085841785,2.395149362997986,0.3646597986027953,0.013325287046788285,4.793006184925195e-07,-0.5866782232576273,NONE
c2a8e17da9c5e3e84ca5e228a09569fcf46639a36a80e60657074aafa77c44ec,single_node_disturbance,ramp,37.5,-37.5,57.31591432595232,2423.846983281916,4.906129156712465,21.110448967698588,2.2048708779272403,1.281850672205514,0.5434482403416687,0.01027350536831479,2.228989983855514e-07,-0.9687123072126789,NONE
79147bc9ab0ed9eadb2e2f491bbd68c63970ce7f051946c03b43a518a452ad26,single_node_disturbance,exponential,62.5,112.5,77.47441241160959,1737.6150615698475,1.9908519966834888,9.758010607545048,1.5569909242396667,1.475753300408141,0.9369740821040278,0.007502812291879858,1.4410846637511766e-06,-1.0632953647926335,NONE
01f9ac3cf3729633f9ee23cabdd8779e786e79a350a73d7a3e8472e0d932c77a,single_node_disturbance,ramp,-212.5,-137.5,78.26220715763002,2198.1511310292835,1.6621256882575859,17.814299436673107,2.6254919479753114,1.7630750099348613,0.6637277269427845,0.006411345971386122,4.116718532819249e-07,0.4013670987699297,NONE
d26673193128d28931ac75b1d3933856cd446b4fd3b6a1232e56ecd1727789bd,single_node_disturbance,power,-62.5,-87.5,64.38869732285981,1800.416000161294,0.07328529818703955,12.251421368175587,1.827525515896093,1.7140320459297276,0.6203709052649953,0.018953157421966474,3.059164373501774e-07,0.3485326095887612,NONE
2ad118c3e07f2f4b841e12cf9e2dbe5a01727cf5e06697236e0dca1e4a0a49af,single_node_disturbance,exponential,112.5,112.5,49.29449755272516,1734.5364305879602,1.9964241541602086,4.095914748009509,0.1720664001740602,1.9339091286637535,0.5558817750536079,0.01080893735868111,1.2046016797199413e-06,1.2994495251648566,NONE
e452799ae13c05c9f76dc124fd2e582999aeae615ce3acc7d7e137101c19ec43,single_node_disturbance,power,-112.5,187.5,53.31563755263907,1420.7058855918542,4.737808776623794,4.839920176501268,0.711732906715758,1.2113777137104584,0.5232169911006352,0.01626115937548367,3.59601434359012e-07,-0.9206264531491317,NONE
48f5d34fff626f410721cbf20224315393c2b32c66a22c9a989c83ab66b6d519,single_node_disturbance,power,-112.5,87.5,86.25787346580817,1307.2534402791441,4.817555785812347,11.405401261185805,1.8002705662314713,1.7387209332999074,0.5535673852315408,0.01753903183139443,1.2978175336116423e-06,0.013639074933015083,NONE
4466a2ada1ac5909a576842f17863a55c9315b7c02e035870f32b554eec61eb3,single_node_disturbance,ramp,-187.5,112.5,88.22590190028721,2739.2491559952705,5.902710648276629,17.341094434890408,0.5920436567903041,1.3737420121429083,0.6667257830936738,0.017609342353104768,9.150420647155808e-07,0.9729228637352488,NONE
6766d56a4943d037042941f488bac9cd23ff40946ad35fda032e658c1fa8032b,single_node_disturbance,power,112.5,237.5,77.96064904906778,1394.741198481854,4.266776040279852,14.06333400254892,1.5018453636833442,2.1547919888185736,0.8428410862048332,0.012667852934084808,9.224532685242218e-07,0.20436501337986113,NONE
f1e776217c0e0f41827d1aa4268734235dcd96ebf708aad97dbf044ac4607942,communication_failure,ramp,112.5,62.5,69.75219992782067,1541.420888876259,3.3376129749576195,18.465887459265385,2.023971739728889,2.0746296313296413,0.5808722890639791,0.006630778232328485,1.2474662089992107e-07,0.30884341712803975,NONE
69dbe974e1d598119c6ad37a1f57fd1997dae49433922a59e86e60366809c105,communication_failure,ramp,-87.5,87.5,64.32751477681553,1848.5755356041793,1.7735690232604937,22.0680724451674,0.17200810794819676,1.38016685827331,0.3287229833248938,0.015011077565505595,1.7201470143151733e-06,-1.324444267408215,NONE
c4dde6d9a54d7dcffa5c69efccc04fbc7395f892c332c3e46df255a5bbea2773,communication_failure,ramp,12.5,112.5,72.09855033770002,2608.528968200377,5.22385420205231,17.156665289245918,1.2468765151788954,1.5462840497999901,0.6511786528550809,0.01758452871537519,8.723419894606055e-07,0.5923652034184865,NONE
3cc67fb1db97946d47f32f055c6b8d7d83fab46f989cbf4c405fb433b342fe52,communication_failure,exponential,137.5,-212.5,47.99944463248888,2107.04581893584,3.2676210091669775,6.867246604883462,2.697549780758663,1.2022181649622865,0.28767478484574743,0.01720786811041425,1.6529308783349834e-06,-1.0678263587834183,NONE
04df87b038747bf9279ff3c24a5dd32ece31b23c8f5512dafcc5a03fe39d1168,communication_failure,exponential,-37.5,-237.5,85.44724185177041,1396.2160036182697,2.644166264452232,6.640137534069966,2.688388538169572,1.4461291011831539,0.2705355012104939,0.007760304239326486,1.8573799209513889e-06,0.8131108409656889,NONE
628b58a616c1798438189231d5231ad37cabd13fcf181e65044b1df56c1bed6f,communication_failure,exponential,212.5,-237.5,70.10977911712384,2010.28427142586,1.5977535746949763,19.38723278925285,1.3824984354086998,2.012557609895212,0.5240411360374317,0.019213505041836623,2.5375436811926554e-07,1.2969374861095222,NONE
ae7ce22f59543340315194464b3e3ea81310105cef513d4f67380d73abf2dd10,communication_failure,power,187.5,-237.5,55.60533850533741,1641.1410419081965,1.2475858771150257,10.327478980234796,1.392900552666528,2.378288099864874,0.3409630497173656,0.011997073545472015,9.443880926634357e-07,-0.4673451136199296,NONE
bdd420ba7e182201d706e892b80323564c629289461e9ba73986e7a0d87adb7b,communication_failure,ramp,137.5,187.5,46.797458628507876,1601.7545245398026,5.979320672941563,13.991101053278776,2.3909115794188,2.2880764228750996,0.5700342665418415,0.011393292958357983,1.8382978149328856e-06,-1.0710416625629189,NONE
c01d4df792bd58cbb44b8860d79f72f2fb1ed0b549bf19cef90a8a4c6dd9d9bb,communication_failure,ramp,-112.5,-187.5,63.84743358502016,2937.2655667356034,5.231877973307828,10.036867714742677,1.375403859466395,1.2731755760334085,0.9078898800401694,0.012187736174432126,1.4554869897910676e-06,0.3643190760305287,NONE
1dd49c22e4aff2c11650686d906752284ed261c7a492205a18aec1ff97a20f95,communication_failure,power,-87.5,212.5,70.18037523493317,1805.3188765615469,0.5804767875099932,17.182756567608667,2.1050410400596973,1.9897138503588498,0.3304180296815923,0.012235914804147593,1.2224933720718917e-06,-0.9478108081022077,NONE
2f255dd4201ba69860dd2ade208798793a3860ab5e2604af00481fc5b69a6dc1,communication_failure,power,-62.5,-112.5,53.83870714233456,2861.0241148544324,1.9089795434758163,8.98001171976922,2.522002810412055,1.8512400995984546,0.9810424234881375,0.018755654372745834,7.985367262276043e-07,0.46515268746855676,NONE
82e083f06c77245f692393886ed57017069ededce3db11e368f2bc5707db660b,communication_failure,power,37.5,237.5,50.942023592217986,1852.5534502253565,3.2541668284694945,16.867999789393064,0.9407409139616166,1.2642508708103726,0.9096443661018094,0.018305527074170724,6.426073616638541e-07,0.2549100569544288,NONE
1129ce35712d69b64aeb300536cd0576d02169a41ddde5802f484289d5733fdc,communication_failure,ramp,87.5,-212.5,48.77325962543323,1610.8920921257948,1.6192860269551417,18.877000114050738,2.629772428702418,2.0378324827824272,0.9164232919333895,0.01672782759059133,1.1067911157223654e-06,0.9860852851165193,NONE
d10f826116f9279baea36f324af1e6cd91befbccf87fa5ecfb471f50b6b3533a,communication_failure,exponential,-137.5,-162.5,79.79157088527135,2910.5419256398554,5.134664426937743,7.409468821145185,2.982206291260926,1.4730808039072993,0.9455312193722089,0.01395743917034493,9.948724462603436e-07,1.0368996162000843,NONE
fb5f82f9ce162b0c6e111400ad2ae518970c2985ca802190a78828301e083bd3,communication_failure,exponential,237.5,37.5,66.53855011332925,1754.9369719552856,4.352777513595967,5.725312206645051,0.19550383578532013,1.2677946297798455,0.26269270842019715,0.017940770579363444,2.70069635983159e-07,1.4586119271219,NONE
96641b5ecb87c80a7f6e7132eb421d34f85b3f0ca26757646811dcce920b37e2,communication_failure,ramp,87.5,-12.5,45.06460975656732,1504.6458084534122,3.977341160764026,17.999689943701227,0.4271566358309192,1.4735372301459473,0.5849719391818311,0.012781021726975896,4.5391594306167255e-07,0.022663147772785996,NONE
414d01c9248ef183556b8e49333f5126d56056d42930d468b5b021cf7404b2f7,communication_failure,exponential,-137.5,-187.5,67.50250775925075,2686.9468104092866,5.067776118772928,19.210547764003937,0.9063784213080298,2.2738982713046427,0.5988501127765368,0.0076399280007156565,6.916771084589492e-07,-1.3344010509139705,NONE
d534e1879ef14792baacb16be0dc01263cfe5c47b036c5fa0e5f2dfc3876ca74,communication_failure,power,-62.5,-162.5,89.95516087098686,1576.7363855500726,3.7808063290296343,21.56275690243485,1.059435998310184,1.9454873088781444,0.8238595483243625,0.019795615052584613,3.4556634729845145e-07,1.435431085350239,NONE
962f75eafd016efa7e45680b787b852e7fdcd8c1d004c9b105f50c569120c71c,communication_failure,ramp,62.5,12.5,57.65003466653669,2361.8452852271503,5.669826942731243,15.308292163106056,1.4405766546411156,1.6394372657266085,0.5334465104575652,0.014778025055068842,1.0674111799538927e-06,0.23065207402837162,NONE
13b24067a7f22f5a2a4b6ae2a9c9d55e88897eeb7c01e2da54e70d4226098655,communication_failure,ramp,212.5,-37.5,87.08490035520262,1316.487902087309,3.8638119896061296,8.745505667673775,2.428243647825424,1.70962899028326,0.3482635191426886,0.013619451112284848,1.3580165501002968e-06,-1.1511133366986792,NONE
bce5063bde8ab3c2fdeab7157fc44eadb8de60db7195fcd7f3f8d74690c0fd27,communication_failure,exponential,237.5,-62.5,59.94044528702096,1742.4840467536626,0.39755249426297334,12.85956224412423,1.8093599434181342,2.0802350729369516,0.3558780228739039,0.005497073242605454,1.3621154577317212e-06,-0.17185949506423326,NONE
5253ab9e7afd0cf06929ce96cd868d0b6ed99abe5c6e853a91a535f0b5b9b98d,communication_failure,power,37.5,37.5,79.82059925060908,2404.8112639301594,5.01360106424975,8.949543795357583,1.4681607184679484,2.182356807340558,0.6734409603157345,0.015176142882884455,1.7946920462681718e-06,-0.17094487463546804,NONE
60c61befdf3ee4e66e5b82a6b3833a2c7da7443be790c66a47646a4ba12d43ea,communication_failure,power,-62.5,-37.5,58.91235090094851,2842.2782811351244,2.0167546035282014,22.331268294392306,2.0525957799829095,1.635923568862603,0.3902787289921682,0.010875232779477441,2.090890727065129e-07,1.0355806606899316,NONE
0b990a9d7c92e6705574dd0010adf4b81fc5a5c5beb4ba6a73df490742366769,communication_failure,exponential,237.5,-112.5,55.07057083587142,1899.92446014429,4.727513435356677,10.450012850991842,0.5687797788519181,1.4842952448985924,0.8200142004857272,0.019184451131391257,1.0772989435282526e-06,1.163505189607401,NONE
ca4ef23eff0be28fe68644d1241b345011490ef539c23a245f5b22a8f741fced,communication_failure,ramp,87.5,12.5,80.60529267922927,2377.981049000554,2.051045160669414,21.033201954753384,2.25194870697141,1.6109845884094147,0.5037523778885683,0.008455561067934523,1.3365936315239252e-06,0.6985382623885869,NONE
b574e46258e733a2be4c4b127fd2b017581fcf272b2266db76de7f77fdc2f6be,communication_failure,power,-12.5,37.5,62.368419622707684,1283.2353150723452,5.863789627411338,13.448021091174702,1.7410678647659423,1.5466894323686322,0.3129598755041343,0.0168337824875189,1.5432405431281636e-06,-0.5734069902552125,NONE
b92ee7fff89638e42c29a0deacdd39e3b515a3524ffd3b9a17c9917afe1b4073,communication_failure,exponential,162.5,-12.5,74.12806543347777,1675.4945491518642,0.9628950047804152,6.39293017505717,0.46125441352904817,1.854991694408615,0.6694374174302502,0.007553254813931124,1.7774126483177808e-06,-0.815790796772506,NONE
c9308bd1f84d95100ea2ce741461542171ed17194a3e9cca02e52c04054ee6b4,communication_failure,ramp,187.5,-237.5,56.44609861957088,2156.4945854942857,2.4434172807814223,21.10674014430381,1.9900878059431497,1.7718809723236923,0.7164853430510325,0.013979476914851543,8.163341297184514e-07,0.10931444384351485,NONE
9df734f93d38953ffcd9aa86343c285c2ea9b1965bb308c701d69a27622c33ea,communication_failure,exponential,62.5,37.5,59.84517428217897,1567.6258028466486,1.938042923757195,11.267315209162504,2.307350955643008,1.6574201728986402,0.9883713631329605,0.011828010682660884,3.178034462948189e-07,-1.091625202577801,NONE
b85536539ee4593daeab8af2995f13634100ad4208098b7a8fda82b96c99f8dd,communication_failure,ramp,-12.5,187.5,82.9119332573047,1395.2180095271983,0.3099762173880114,23.886749298766052,0.7994906849891656,1.2716809548271715,0.3361963721668694,0.008602280112665455,1.5853934907972018e-06,0.3232618531831337,NONE
20a079df61a70a5ebc29923e42906d7563bab8f03343d4c7b948b7d80b01ca14,communication_failure,exponential,-12.5,-12.5,57.174945099700224,1880.8487038856022,3.9628692733724913,12.903306097921941,2.562779621844819,1.4089910532280268,0.5830000701902598,0.011846455853126638,1.3354089423478817e-06,-0.3512683371228025,NONE
67d580813eab5145d84b6ca5b47ecd859fa9b7ca08ad1d06cc1177b8f9ec41ff,communication_failure,exponential,-112.5,12.5,70.81166286071878,2473.313009089893,5.4423078712659585,9.723516423561692,2.1058309445641465,1.8588165140694826,0.8975912677689316,0.007252557288437286,1.8843462759303572e-06,1.1070024210559448,NONE
7fcc3aefb9ea4580904e511c18499b19d11a1448f2def1c1fb7665cdd6f74e7f,communication_failure,exponential,-187.5,162.5,85.37687491815396,2400.7644632693564,3.320215375020696,23.66382793379669,0.7050930775855414,1.7563837871928023,0.8559218045461259,0.00945402384029389,6.440905778274986e-07,-0.6271319837468126,NONE
f90df8aea53cfdaa481c95ee317c2e4169e95899e80d52af8229d2a3c3ef3f43,communication_failure,exponential,162.5,-212.5,78.54368515104436,2143.338296880845,2.306539260306141,11.226700142974309,1.612406524543707,2.1815367748719248,0.8036313858728323,0.008108646561205975,2.890079798127004e-07,-1.3104725127790462,NONE
3169dfb53fe2862ced2e2e9dd7a83f9fb8780f7178d1d2e48035cd697e67be46,communication_failure,ramp,62.5,12.5,64.42572949729885,2784.788238016157,1.1278204762623527,9.402144363234129,2.266023955390108,1.6984481627518557,0.8853113747161708,0.010613203955300228,1.8666893627931365e-06,-0.9770160921033209,NONE
5ac21f844515429037a8f6cfcc55bc67ee8f157f12924ffb9e70198a70772735,communication_failure,ramp,112.5,-112.5,62.58704048938674,2552.861738893022,0.3606562491416174,22.352428258593353,0.7068026030744053,2.0251620533032546,0.3804081722360151,0.013482349257270598,4.962004397033116e-07,-0.5720681741086496,NONE
3b727d23aa8079af12d7b0b2937a035012d51c90185ee0c9b9ea736bcd0f148a,communication_failure,exponential,-187.5,-237.5,78.2876437284749,2193.7545777082532,4.191357778588497,17.5505046021284,1.9524399151073204,1.2435439664530283,0.8638585646005259,0.011236698790015298,7.996941242259628e-07,1.402229377734594,NONE
00803060f41f7de4a4156002274454782a02cf34a2b6984f798b0608a97e4808,communication_failure,ramp,237.5,-237.5,49.635698771553805,2806.368313480638,2.8706839878058723,6.1063235330170516,1.463054456208647,2.246350027419058,0.26184778412298837,0.016701481618245546,1.0564099645761282e-06,-0.6280233619727574,NONE
06bac31996930ba15a7c68dccd9581f5a359e4bb43c617c632ea792128c1bb0e,communication_failure,exponential,-187.5,-112.5,66.38279712694732,1887.3669676660195,1.619427530731997,11.271846887752503,0.5336502834060689,2.232703733060226,0.6176326494358586,0.007115486866351268,1.0371172823428e-06,-0.09857177362650427,NONE
00e1b3e85dc635c75bb73acca1bdf93f888b062ea736b465590f4f574afbf421,communication_failure,power,-237.5,-112.5,84.27136015187205,2935.3517616798167,5.097083027717877,20.98560870432169,0.26201836368966797,2.0160862714741383,0.8718179986652507,0.01321308210429969,1.7308590946189148e-06,-1.1522981507862653,NONE
