index,p0,p1,p2,prediction
0,0.9999999800000006,9.999999800000005e-09,9.999999800000005e-09,NORMAL
1,0.9999999800000006,9.999999800000005e-09,9.999999800000005e-09,NORMAL
2,0.9999999800000006,9.999999800000005e-09,9.999999800000005e-09,NORMAL
3,0.9999999800000006,9.999999800000005e-09,9.999999800000005e-09,NORMAL
4,0.9999999800000006,9.999999800000005e-09,9.999999800000005e-09,NORMAL
5,0.9999999800000006,9.999999800000005e-09,9.999999800000005e-09,NORMAL
6,0.9999999800000006,9.999999800000005e-09,9.999999800000005e-09,NORMAL
7,0.9999999800000006,9.999999800000005e-09,9.999999800000005e-09,NORMAL
8,0.9999999800000006,9.999999800000005e-09,9.999999800000005e-09,NORMAL
9,0.9999999800000006,9.999999800000005e-09,9.999999800000005e-09,NORMAL
10,0.9999999800000006,9.999999800000005e-09,9.999999800000005e-09,NORMAL
11,0.9999999800000006,9.999999800000005e-09,9.999999800000005e-09,NORMAL
12,0.9999999800000006,9.999999800000005e-09,9.999999800000005e-09,NORMAL
13,0.9999999800000006,9.999999800000005e-09,9.999999800000005e-09,NORMAL
14,0.9999999800000006,9.999999800000005e-09,9.999999800000005e-09,NORMAL
15,0.9999999800000006,9.999999800000005e-09,9.999999800000005e-09,NORMAL
16,0.9999999800000006,9.999999800000005e-09,9.999999800000005e-09,NORMAL
17,0.9999999800000006,9.999999800000005e-09,9.999999800000005e-09,NORMAL
18,0.9999999800000006,9.999999800000005e-09,9.999999800000005e-09,NORMAL
19,0.9999999800000006,9.999999800000005e-09,9.999999800000005e-09,NORMAL
20,0.9999999800000006,9.999999800000005e-09,9.999999800000005e-09,NORMAL
21,0.9999999800000006,9.999999800000005e-09,9.999999800000005e-09,NORMAL
22,0.9999999800000006,9.999999800000005e-09,9.999999800000005e-09,NORMAL
23,0.9999999800000006,9.999999800000005e-09,9.999999800000005e-09,NORMAL
24,0.9999999800000006,9.999999800000005e-09,9.999999800000005e-09,NORMAL
25,0.9999999800000006,9.999999800000005e-09,9.999999800000005e-09,NORMAL
26,0.9999999800000006,9.999999800000005e-09,9.999999800000005e-09,NORMAL
27,0.9999999800000006,9.999999800000005e-09,9.999999800000005e-09,NORMAL
28,0.9999999800000006,9.999999800000005e-09,9.999999800000005e-09,NORMAL
29,0.9999999800000006,9.999999800000005e-09,9.999999800000005e-09,NORMAL
30,0.9999999800000006,9.999999800000005e-09,9.999999800000005e-09,NORMAL
31,0.9999999800000006,9.999999800000005e-09,9.999999800000005e-09,NORMAL
32,0.9999999800000006,9.999999800000005e-09,9.999999800000005e-09,NORMAL
33,0.9999999800000006,9.999999800000005e-09,9.999999800000005e-09,NORMAL
34,0.9999999800000006,9.999999800000005e-09,9.999999800000005e-09,NORMAL
35,0.9999999800000006,9.999999800000005e-09,9.999999800000005e-09,NORMAL
36,0.9993040957898353,0.0006958942171238407,9.993040957898353e-09,NORMAL
37,0.9993040957898353,0.0006958942171238407,9.993040957898353e-09,NORMAL
38,0.9993040957898353,0.0006958942171238407,9.993040957898353e-09,NORMAL
39,0.9993040957898353,0.0006958942171238407,9.993040957898353e-09,NORMAL
40,0.9993040957898353,0.0006958942171238407,9.993040957898353e-09,NORMAL
41,0.9993040957898353,0.0006958942171238407,9.993040957898353e-09,NORMAL
42,0.9993040957898353,0.0006958942171238407,9.993040957898353e-09,NORMAL
43,0.9993040957898353,0.0006958942171238407,9.993040957898353e-09,NORMAL
44,0.9993040957898353,0.0006958942171238407,9.993040957898353e-09,NORMAL
45,0.9993040957898353,0.0006958942171238407,9.993040957898353e-09,NORMAL
46,0.9993040957898353,0.0006958942171238407,9.993040957898353e-09,NORMAL
47,0.9993040957898353,0.0006958942171238407,9.993040957898353e-09,NORMAL
48,0.9993040957898353,0.0006958942171238407,9.993040957898353e-09,NORMAL
49,0.9993040957898353,0.0006958942171238407,9.993040957898353e-09,NORMAL
50,0.9993040957898353,0.0006958942171238407,9.993040957898353e-09,NORMAL
51,0.9993040957898353,0.0006958942171238407,9.993040957898353e-09,NORMAL
52,0.9993040957898353,0.0006958942171238407,9.993040957898353e-09,NORMAL
53,0.9993040957898353,0.0006958942171238407,9.993040957898353e-09,NORMAL
54,0.9993040957898353,0.0006958942171238407,9.993040957898353e-09,NORMAL
55,0.9993040957898353,0.0006958942171238407,9.993040957898353e-09,NORMAL
56,0.9993040957898353,0.0006958942171238407,9.993040957898353e-09,NORMAL
57,0.9993040957898353,0.0006958942171238407,9.993040957898353e-09,NORMAL
58,0.9993040957898353,0.0006958942171238407,9.993040957898353e-09,NORMAL
59,0.9993040957898353,0.0006958942171238407,9.993040957898353e-09,NORMAL
60,0.9993040957898353,0.0006958942171238407,9.993040957898353e-09,NORMAL
61,0.9993040957898353,0.0006958942171238407,9.993040957898353e-09,NORMAL
62,0.9993040957898353,0.0006958942171238407,9.993040957898353e-09,NORMAL
63,0.9993040957898353,0.0006958942171238407,9.993040957898353e-09,NORMAL
64,0.9993040957898353,0.0006958942171238407,9.993040957898353e-09,NORMAL
65,0.9993040957898353,0.0006958942171238407,9.993040957898353e-09,NORMAL
66,0.9993040957898353,0.0006958942171238407,9.993040957898353e-09,NORMAL
67,0.9993040957898353,0.0006958942171238407,9.993040957898353e-09,NORMAL
68,0.9993040957898353,0.0006958942171238407,9.993040957898353e-09,NORMAL
69,0.9993040957898353,0.0006958942171238407,9.993040957898353e-09,NORMAL
70,0.9993040957898353,0.0006958942171238407,9.993040957898353e-09,NORMAL
71,0.9993040957898353,0.0006958942171238407,9.993040957898353e-09,NORMAL
72,0.9999999800000006,9.999999800000005e-09,9.999999800000005e-09,NORMAL
73,0.9999999800000006,9.999999800000005e-09,9.999999800000005e-09,NORMAL
74,0.9999999800000006,9.999999800000005e-09,9.999999800000005e-09,NORMAL
75,0.9999999800000006,9.999999800000005e-09,9.999999800000005e-09,NORMAL
76,0.9999999800000006,9.999999800000005e-09,9.999999800000005e-09,NORMAL
77,0.9999999800000006,9.999999800000005e-09,9.999999800000005e-09,NORMAL
78,0.9999999800000006,9.999999800000005e-09,9.999999800000005e-09,NORMAL
79,0.9999999800000006,9.999999800000005e-09,9.999999800000005e-09,NORMAL
80,0.9999999800000006,9.999999800000005e-09,9.999999800000005e-09,NORMAL
81,0.9999999800000006,9.999999800000005e-09,9.999999800000005e-09,NORMAL
82,0.9999999800000006,9.999999800000005e-09,9.999999800000005e-09,NORMAL
83,0.9999999800000006,9.999999800000005e-09,9.999999800000005e-09,NORMAL
84,0.9999999800000006,9.999999800000005e-09,9.999999800000005e-09,NORMAL
85,0.9999999800000006,9.999999800000005e-09,9.999999800000005e-09,NORMAL
86,0.9999999800000006,9.999999800000005e-09,9.999999800000005e-09,NORMAL
87,0.9999999800000006,9.999999800000005e-09,9.999999800000005e-09,NORMAL
88,0.9999999800000006,9.999999800000005e-09,9.999999800000005e-09,NORMAL
89,0.9999999800000006,9.999999800000005e-09,9.999999800000005e-09,NORMAL
90,0.9993040957898353,0.0006958942171238407,9.993040957898353e-09,NORMAL
91,0.9993040957898353,0.0006958942171238407,9.993040957898353e-09,NORMAL
92,0.9993040957898353,0.0006958942171238407,9.993040957898353e-09,NORMAL
93,0.9993040957898353,0.0006958942171238407,9.993040957898353e-09,NORMAL
94,0.9993040957898353,0.0006958942171238407,9.993040957898353e-09,NORMAL
95,0.9993040957898353,0.0006958942171238407,9.993040957898353e-09,NORMAL
96,0.9993040957898353,0.0006958942171238407,9.993040957898353e-09,NORMAL
97,0.9993040957898353,0.0006958942171238407,9.993040957898353e-09,NORMAL
98,0.9993040957898353,0.0006958942171238407,9.993040957898353e-09,NORMAL
99,0.9993040957898353,0.0006958942171238407,9.993040957898353e-09,NORMAL
100,0.9993040957898353,0.0006958942171238407,9.993040957898353e-09,NORMAL
101,0.9993040957898353,0.0006958942171238407,9.993040957898353e-09,NORMAL
102,0.9993040957898353,0.0006958942171238407,9.993040957898353e-09,NORMAL
103,0.9993040957898353,0.0006958942171238407,9.993040957898353e-09,NORMAL
104,0.9993040957898353,0.0006958942171238407,9.993040957898353e-09,NORMAL
105,0.9993040957898353,0.0006958942171238407,9.993040957898353e-09,NORMAL
106,0.9993040957898353,0.0006958942171238407,9.993040957898353e-09,NORMAL
107,0.9993040957898353,0.0006958942171238407,9.993040957898353e-09,NORMAL
108,0.9999999800000006,9.999999800000005e-09,9.999999800000005e-09,NORMAL
109,0.9999999800000006,9.999999800000005e-09,9.999999800000005e-09,NORMAL
110,0.9999999800000006,9.999999800000005e-09,9.999999800000005e-09,NORMAL
111,0.9999999800000006,9.999999800000005e-09,9.999999800000005e-09,NORMAL
112,0.9999999800000006,9.999999800000005e-09,9.999999800000005e-09,NORMAL
113,0.9999999800000006,9.999999800000005e-09,9.999999800000005e-09,NORMAL
114,0.9999999800000006,9.999999800000005e-09,9.999999800000005e-09,NORMAL
115,0.9999999800000006,9.999999800000005e-09,9.999999800000005e-09,NORMAL
116,0.9999999800000006,9.999999800000005e-09,9.999999800000005e-09,NORMAL
117,0.9999999800000006,9.999999800000005e-09,9.999999800000005e-09,NORMAL
118,0.9999999800000006,9.999999800000005e-09,9.999999800000005e-09,NORMAL
119,0.9999999800000006,9.999999800000005e-09,9.999999800000005e-09,NORMAL
120,0.9999999800000006,9.999999800000005e-09,9.999999800000005e-09,NORMAL
121,0.9999999800000006,9.999999800000005e-09,9.999999800000005e-09,NORMAL
122,0.9999999800000006,9.999999800000005e-09,9.999999800000005e-09,NORMAL
123,0.9999999800000006,9.999999800000005e-09,9.999999800000005e-09,NORMAL
124,0.9999999800000006,9.999999800000005e-09,9.999999800000005e-09,NORMAL
125,0.9999999800000006,9.999999800000005e-09,9.999999800000005e-09,NORMAL
126,0.9999999800000006,9.999999800000005e-09,9.999999800000005e-09,NORMAL
127,0.9999999800000006,9.999999800000005e-09,9.999999800000005e-09,NORMAL
128,0.9999999800000006,9.999999800000005e-09,9.999999800000005e-09,NORMAL
129,0.9999999800000006,9.999999800000005e-09,9.999999800000005e-09,NORMAL
130,0.9999999800000006,9.999999800000005e-09,9.999999800000005e-09,NORMAL
131,0.9999999800000006,9.999999800000005e-09,9.999999800000005e-09,NORMAL
132,0.9999999800000006,9.999999800000005e-09,9.999999800000005e-09,NORMAL
133,0.9999999800000006,9.999999800000005e-09,9.999999800000005e-09,NORMAL
134,0.9999999800000006,9.999999800000005e-09,9.999999800000005e-09,NORMAL
135,0.9999999800000006,9.999999800000005e-09,9.999999800000005e-09,NORMAL
136,0.9999999800000006,9.999999800000005e-09,9.999999800000005e-09,NORMAL
137,0.9999999800000006,9.999999800000005e-09,9.999999800000005e-09,NORMAL
138,0.9999999800000006,9.999999800000005e-09,9.999999800000005e-09,NORMAL
139,0.9999999800000006,9.999999800000005e-09,9.999999800000005e-09,NORMAL
140,0.9999999800000006,9.999999800000005e-09,9.999999800000005e-09,NORMAL
141,0.9999999800000006,9.999999800000005e-09,9.999999800000005e-09,NORMAL
142,0.9999999800000006,9.999999800000005e-09,9.999999800000005e-09,NORMAL
143,0.9999999800000006,9.999999800000005e-09,9.999999800000005e-09,NORMAL
144,0.9999999800000006,9.999999800000005e-09,9.999999800000005e-09,NORMAL
145,0.9999999800000006,9.999999800000005e-09,9.999999800000005e-09,NORMAL
146,0.9999999800000006,9.999999800000005e-09,9.999999800000005e-09,NORMAL
147,0.9999999800000006,9.999999800000005e-09,9.999999800000005e-09,NORMAL
148,0.9999999800000006,9.999999800000005e-09,9.999999800000005e-09,NORMAL
149,0.9999999800000006,9.999999800000005e-09,9.999999800000005e-09,NORMAL
150,0.9999999800000006,9.999999800000005e-09,9.999999800000005e-09,NORMAL
151,0.9999999800000006,9.999999800000005e-09,9.999999800000005e-09,NORMAL
152,0.9999999800000006,9.999999800000005e-09,9.999999800000005e-09,NORMAL
153,0.9999999800000006,9.999999800000005e-09,9.999999800000005e-09,NORMAL
154,0.9999999800000006,9.999999800000005e-09,9.999999800000005e-09,NORMAL
155,0.9999999800000006,9.999999800000005e-09,9.999999800000005e-09,NORMAL
156,0.9999999800000006,9.999999800000005e-09,9.999999800000005e-09,NORMAL
157,0.9999999800000006,9.999999800000005e-09,9.999999800000005e-09,NORMAL
158,0.9999999800000006,9.999999800000005e-09,9.999999800000005e-09,NORMAL
159,0.9999999800000006,9.999999800000005e-09,9.999999800000005e-09,NORMAL
160,0.9999999800000006,9.999999800000005e-09,9.999999800000005e-09,NORMAL
161,0.9999999800000006,9.999999800000005e-09,9.999999800000005e-09,NORMAL
162,0.9999999800000006,9.999999800000005e-09,9.999999800000005e-09,NORMAL
163,0.9999999800000006,9.999999800000005e-09,9.999999800000005e-09,NORMAL
164,0.9999999800000006,9.999999800000005e-09,9.999999800000005e-09,NORMAL
165,0.9999999800000006,9.999999800000005e-09,9.999999800000005e-09,NORMAL
166,0.9999999800000006,9.999999800000005e-09,9.999999800000005e-09,NORMAL
167,0.9999999800000006,9.999999800000005e-09,9.999999800000005e-09,NORMAL
168,0.9999999800000006,9.999999800000005e-09,9.999999800000005e-09,NORMAL
169,0.9999999800000006,9.999999800000005e-09,9.999999800000005e-09,NORMAL
170,0.9999999800000006,9.999999800000005e-09,9.999999800000005e-09,NORMAL
171,0.9999999800000006,9.999999800000005e-09,9.999999800000005e-09,NORMAL
172,0.9999999800000006,9.999999800000005e-09,9.999999800000005e-09,NORMAL
173,0.9999999800000006,9.999999800000005e-09,9.999999800000005e-09,NORMAL
174,0.9999999800000006,9.999999800000005e-09,9.999999800000005e-09,NORMAL
175,0.9999999800000006,9.999999800000005e-09,9.999999800000005e-09,NORMAL
176,0.9999999800000006,9.999999800000005e-09,9.999999800000005e-09,NORMAL
177,0.9999999800000006,9.999999800000005e-09,9.999999800000005e-09,NORMAL
178,0.9999999800000006,9.999999800000005e-09,9.999999800000005e-09,NORMAL
179,0.9999999800000006,9.999999800000005e-09,9.999999800000005e-09,NORMAL
180,0.9999999800000006,9.999999800000005e-09,9.999999800000005e-09,NORMAL
181,0.9999999800000006,9.999999800000005e-09,9.999999800000005e-09,NORMAL
182,0.9999999800000006,9.999999800000005e-09,9.999999800000005e-09,NORMAL
183,0.9999999800000006,9.999999800000005e-09,9.999999800000005e-09,NORMAL
184,0.9999999800000006,9.999999800000005e-09,9.999999800000005e-09,NORMAL
185,0.9999999800000006,9.999999800000005e-09,9.999999800000005e-09,NORMAL
186,0.9999999800000006,9.999999800000005e-09,9.999999800000005e-09,NORMAL
187,0.9999999800000006,9.999999800000005e-09,9.999999800000005e-09,NORMAL
188,0.9999999800000006,9.999999800000005e-09,9.999999800000005e-09,NORMAL
189,0.9999999800000006,9.999999800000005e-09,9.999999800000005e-09,NORMAL
190,0.9999999800000006,9.999999800000005e-09,9.999999800000005e-09,NORMAL
191,0.9999999800000006,9.999999800000005e-09,9.999999800000005e-09,NORMAL
192,0.9999999800000006,9.999999800000005e-09,9.999999800000005e-09,NORMAL
193,0.9999999800000006,9.999999800000005e-09,9.999999800000005e-09,NORMAL
194,0.9999999800000006,9.999999800000005e-09,9.999999800000005e-09,NORMAL
195,0.9999999800000006,9.999999800000005e-09,9.999999800000005e-09,NORMAL
196,0.9999999800000006,9.999999800000005e-09,9.999999800000005e-09,NORMAL
197,0.9999999800000006,9.999999800000005e-09,9.999999800000005e-09,NORMAL
198,0.9999999800000006,9.999999800000005e-09,9.999999800000005e-09,NORMAL
199,0.9999999800000006,9.999999800000005e-09,9.999999800000005e-09,NORMAL
200,0.9999999800000006,9.999999800000005e-09,9.999999800000005e-09,NORMAL
201,0.9999999800000006,9.999999800000005e-09,9.999999800000005e-09,NORMAL
202,0.9999999800000006,9.999999800000005e-09,9.999999800000005e-09,NORMAL
203,0.9999999800000006,9.999999800000005e-09,9.999999800000005e-09,NORMAL
204,0.9999999800000006,9.999999800000005e-09,9.999999800000005e-09,NORMAL
205,0.9999999800000006,9.999999800000005e-09,9.999999800000005e-09,NORMAL
206,0.9999999800000006,9.999999800000005e-09,9.999999800000005e-09,NORMAL
207,0.9999999800000006,9.999999800000005e-09,9.999999800000005e-09,NORMAL
208,0.9999999800000006,9.999999800000005e-09,9.999999800000005e-09,NORMAL
209,0.9999999800000006,9.999999800000005e-09,9.999999800000005e-09,NORMAL
210,0.9999999800000006,9.999999800000005e-09,9.999999800000005e-09,NORMAL
211,0.9999999800000006,9.999999800000005e-09,9.999999800000005e-09,NORMAL
212,0.9999999800000006,9.999999800000005e-09,9.999999800000005e-09,NORMAL
213,0.9999999800000006,9.999999800000005e-09,9.999999800000005e-09,NORMAL
214,0.9999999800000006,9.999999800000005e-09,9.999999800000005e-09,NORMAL
215,0.9999999800000006,9.999999800000005e-09,9.999999800000005e-09,NORMAL
216,0.9999999800000006,9.999999800000005e-09,9.999999800000005e-09,NORMAL
217,0.9999999800000006,9.999999800000005e-09,9.999999800000005e-09,NORMAL
218,0.9999999800000006,9.999999800000005e-09,9.999999800000005e-09,NORMAL
219,0.9999999800000006,9.999999800000005e-09,9.999999800000005e-09,NORMAL
220,0.9999999800000006,9.999999800000005e-09,9.999999800000005e-09,NORMAL
221,0.9999999800000006,9.999999800000005e-09,9.999999800000005e-09,NORMAL
222,0.9999999800000006,9.999999800000005e-09,9.999999800000005e-09,NORMAL
223,0.9999999800000006,9.999999800000005e-09,9.999999800000005e-09,NORMAL
224,0.9999999800000006,9.999999800000005e-09,9.999999800000005e-09,NORMAL
225,0.9999999800000006,9.999999800000005e-09,9.999999800000005e-09,NORMAL
226,0.9999999800000006,9.999999800000005e-09,9.999999800000005e-09,NORMAL
227,0.9999999800000006,9.999999800000005e-09,9.999999800000005e-09,NORMAL
228,0.9999999800000006,9.999999800000005e-09,9.999999800000005e-09,NORMAL
229,0.9999999800000006,9.999999800000005e-09,9.999999800000005e-09,NORMAL
230,0.9999999800000006,9.999999800000005e-09,9.999999800000005e-09,NORMAL
231,0.9999999800000006,9.999999800000005e-09,9.999999800000005e-09,NORMAL
232,0.9999999800000006,9.999999800000005e-09,9.999999800000005e-09,NORMAL
233,0.9999999800000006,9.999999800000005e-09,9.999999800000005e-09,NORMAL
234,0.9999999800000006,9.999999800000005e-09,9.999999800000005e-09,NORMAL
235,0.9999999800000006,9.999999800000005e-09,9.999999800000005e-09,NORMAL
236,0.9999999800000006,9.999999800000005e-09,9.999999800000005e-09,NORMAL
237,0.9999999800000006,9.999999800000005e-09,9.999999800000005e-09,NORMAL
238,0.9999999800000006,9.999999800000005e-09,9.999999800000005e-09,NORMAL
239,0.9999999800000006,9.999999800000005e-09,9.999999800000005e-09,NORMAL
240,0.9999999800000006,9.999999800000005e-09,9.999999800000005e-09,NORMAL
241,0.9999999800000006,9.999999800000005e-09,9.999999800000005e-09,NORMAL
242,0.9999999800000006,9.999999800000005e-09,9.999999800000005e-09,NORMAL
243,0.9999999800000006,9.999999800000005e-09,9.999999800000005e-09,NORMAL
244,0.9999999800000006,9.999999800000005e-09,9.999999800000005e-09,NORMAL
245,0.9999999800000006,9.999999800000005e-09,9.999999800000005e-09,NORMAL
246,0.9999999800000006,9.999999800000005e-09,9.999999800000005e-09,NORMAL
247,0.9999999800000006,9.999999800000005e-09,9.999999800000005e-09,NORMAL
248,0.9999999800000006,9.999999800000005e-09,9.999999800000005e-09,NORMAL
249,0.9999999800000006,9.999999800000005e-09,9.999999800000005e-09,NORMAL
250,0.9999999800000006,9.999999800000005e-09,9.999999800000005e-09,NORMAL
251,0.9999999800000006,9.999999800000005e-09,9.999999800000005e-09,NORMAL
252,0.9999999800000006,9.999999800000005e-09,9.999999800000005e-09,NORMAL
253,0.9999999800000006,9.999999800000005e-09,9.999999800000005e-09,NORMAL
254,0.9999999800000006,9.999999800000005e-09,9.999999800000005e-09,NORMAL
255,0.9999999800000006,9.999999800000005e-09,9.999999800000005e-09,NORMAL
256,0.9999999800000006,9.999999800000005e-09,9.999999800000005e-09,NORMAL
257,0.9999999800000006,9.999999800000005e-09,9.999999800000005e-09,NORMAL
258,0.9999999800000006,9.999999800000005e-09,9.999999800000005e-09,NORMAL
259,0.9999999800000006,9.999999800000005e-09,9.999999800000005e-09,NORMAL
260,0.9999999800000006,9.999999800000005e-09,9.999999800000005e-09,NORMAL
261,0.9999999800000006,9.999999800000005e-09,9.999999800000005e-09,NORMAL
262,0.9999999800000006,9.999999800000005e-09,9.999999800000005e-09,NORMAL
263,0.9999999800000006,9.999999800000005e-09,9.999999800000005e-09,NORMAL
264,0.9999999800000006,9.999999800000005e-09,9.999999800000005e-09,NORMAL
265,0.9999999800000006,9.999999800000005e-09,9.999999800000005e-09,NORMAL
266,0.9999999800000006,9.999999800000005e-09,9.999999800000005e-09,NORMAL
267,0.9999999800000006,9.999999800000005e-09,9.999999800000005e-09,NORMAL
268,0.9999999800000006,9.999999800000005e-09,9.999999800000005e-09,NORMAL
269,0.9999999800000006,9.999999800000005e-09,9.999999800000005e-09,NORMAL
270,0.9999999800000006,9.999999800000005e-09,9.999999800000005e-09,NORMAL
271,0.9999999800000006,9.999999800000005e-09,9.999999800000005e-09,NORMAL
272,0.9999999800000006,9.999999800000005e-09,9.999999800000005e-09,NORMAL
273,0.9999999800000006,9.999999800000005e-09,9.999999800000005e-09,NORMAL
274,0.9999999800000006,9.999999800000005e-09,9.999999800000005e-09,NORMAL
275,0.9999999800000006,9.999999800000005e-09,9.999999800000005e-09,NORMAL
276,0.9999999800000006,9.999999800000005e-09,9.999999800000005e-09,NORMAL
277,0.9999999800000006,9.999999800000005e-09,9.999999800000005e-09,NORMAL
278,0.9999999800000006,9.999999800000005e-09,9.999999800000005e-09,NORMAL
279,0.9999999800000006,9.999999800000005e-09,9.999999800000005e-09,NORMAL
280,0.9999999800000006,9.999999800000005e-09,9.999999800000005e-09,NORMAL
281,0.9999999800000006,9.999999800000005e-09,9.999999800000005e-09,NORMAL
282,0.9999999800000006,9.999999800000005e-09,9.999999800000005e-09,NORMAL
283,0.9999999800000006,9.999999800000005e-09,9.999999800000005e-09,NORMAL
284,0.9999999800000006,9.999999800000005e-09,9.999999800000005e-09,NORMAL
285,0.9999999800000006,9.999999800000005e-09,9.999999800000005e-09,NORMAL
286,0.9999999800000006,9.999999800000005e-09,9.999999800000005e-09,NORMAL
287,0.9999999800000006,9.999999800000005e-09,9.999999800000005e-09,NORMAL
288,0.9999999800000006,9.999999800000005e-09,9.999999800000005e-09,NORMAL
289,0.9999999800000006,9.999999800000005e-09,9.999999800000005e-09,NORMAL
290,0.9999999800000006,9.999999800000005e-09,9.999999800000005e-09,NORMAL
291,0.9999999800000006,9.999999800000005e-09,9.999999800000005e-09,NORMAL
292,0.9999999800000006,9.999999800000005e-09,9.999999800000005e-09,NORMAL
293,0.9999999800000006,9.999999800000005e-09,9.999999800000005e-09,NORMAL
294,0.9999999800000006,9.999999800000005e-09,9.999999800000005e-09,NORMAL
295,0.9999999800000006,9.999999800000005e-09,9.999999800000005e-09,NORMAL
296,0.9999999800000006,9.999999800000005e-09,9.999999800000005e-09,NORMAL
297,0.9999999800000006,9.999999800000005e-09,9.999999800000005e-09,NORMAL
298,0.9999999800000006,9.999999800000005e-09,9.999999800000005e-09,NORMAL
299,0.9999999800000006,9.999999800000005e-09,9.999999800000005e-09,NORMAL
300,0.9999999800000006,9.999999800000005e-09,9.999999800000005e-09,NORMAL
301,0.9999999800000006,9.999999800000005e-09,9.999999800000005e-09,NORMAL
302,0.9999999800000006,9.999999800000005e-09,9.999999800000005e-09,NORMAL
303,0.9999999800000006,9.999999800000005e-09,9.999999800000005e-09,NORMAL
304,0.9999999800000006,9.999999800000005e-09,9.999999800000005e-09,NORMAL
305,0.9999999800000006,9.999999800000005e-09,9.999999800000005e-09,NORMAL
306,0.9999999800000006,9.999999800000005e-09,9.999999800000005e-09,NORMAL
307,0.9999999800000006,9.999999800000005e-09,9.999999800000005e-09,NORMAL
308,0.9999999800000006,9.999999800000005e-09,9.999999800000005e-09,NORMAL
309,0.9999999800000006,9.999999800000005e-09,9.999999800000005e-09,NORMAL
310,0.9999999800000006,9.999999800000005e-09,9.999999800000005e-09,NORMAL
311,0.9999999800000006,9.999999800000005e-09,9.999999800000005e-09,NORMAL
312,0.9999999800000006,9.999999800000005e-09,9.999999800000005e-09,NORMAL
313,0.9999999800000006,9.999999800000005e-09,9.999999800000005e-09,NORMAL
314,0.9999999800000006,9.999999800000005e-09,9.999999800000005e-09,NORMAL
315,0.9999999800000006,9.999999800000005e-09,9.999999800000005e-09,NORMAL
316,0.9999999800000006,9.999999800000005e-09,9.999999800000005e-09,NORMAL
317,0.9999999800000006,9.999999800000005e-09,9.999999800000005e-09,NORMAL
318,0.9999999800000006,9.999999800000005e-09,9.999999800000005e-09,NORMAL
319,0.9999999800000006,9.999999800000005e-09,9.999999800000005e-09,NORMAL
320,0.9999999800000006,9.999999800000005e-09,9.999999800000005e-09,NORMAL
321,0.9999999800000006,9.999999800000005e-09,9.999999800000005e-09,NORMAL
322,0.9999999800000006,9.999999800000005e-09,9.999999800000005e-09,NORMAL
323,0.9999999800000006,9.999999800000005e-09,9.999999800000005e-09,NORMAL
324,0.9993040957898353,0.0006958942171238407,9.993040957898353e-09,NORMAL
325,0.9993040957898353,0.0006958942171238407,9.993040957898353e-09,NORMAL
326,0.9993040957898353,0.0006958942171238407,9.993040957898353e-09,NORMAL
327,0.9993040957898353,0.0006958942171238407,9.993040957898353e-09,NORMAL
328,0.9993040957898353,0.0006958942171238407,9.993040957898353e-09,NORMAL
329,0.9993040957898353,0.0006958942171238407,9.993040957898353e-09,NORMAL
330,0.9993040957898353,0.0006958942171238407,9.993040957898353e-09,NORMAL
331,0.9993040957898353,0.0006958942171238407,9.993040957898353e-09,NORMAL
332,0.9993040957898353,0.0006958942171238407,9.993040957898353e-09,NORMAL
333,0.9993040957898353,0.0006958942171238407,9.993040957898353e-09,NORMAL
334,0.9993040957898353,0.0006958942171238407,9.993040957898353e-09,NORMAL
335,0.9993040957898353,0.0006958942171238407,9.993040957898353e-09,NORMAL
336,0.9993040957898353,0.0006958942171238407,9.993040957898353e-09,NORMAL
337,0.9993040957898353,0.0006958942171238407,9.993040957898353e-09,NORMAL
338,0.9993040957898353,0.0006958942171238407,9.993040957898353e-09,NORMAL
339,0.9993040957898353,0.0006958942171238407,9.993040957898353e-09,NORMAL
340,0.9993040957898353,0.0006958942171238407,9.993040957898353e-09,NORMAL
341,0.9993040957898353,0.0006958942171238407,9.993040957898353e-09,NORMAL
342,0.9999999800000006,9.999999800000005e-09,9.999999800000005e-09,NORMAL
343,0.9999999800000006,9.999999800000005e-09,9.999999800000005e-09,NORMAL
344,0.9999999800000006,9.999999800000005e-09,9.999999800000005e-09,NORMAL
345,0.9999999800000006,9.999999800000005e-09,9.999999800000005e-09,NORMAL
346,0.9999999800000006,9.999999800000005e-09,9.999999800000005e-09,NORMAL
347,0.9999999800000006,9.999999800000005e-09,9.999999800000005e-09,NORMAL
348,0.9999999800000006,9.999999800000005e-09,9.999999800000005e-09,NORMAL
349,0.9999999800000006,9.999999800000005e-09,9.999999800000005e-09,NORMAL
350,0.9999999800000006,9.999999800000005e-09,9.999999800000005e-09,NORMAL
351,0.9999999800000006,9.999999800000005e-09,9.999999800000005e-09,NORMAL
352,0.9999999800000006,9.999999800000005e-09,9.999999800000005e-09,NORMAL
353,0.9999999800000006,9.999999800000005e-09,9.999999800000005e-09,NORMAL
354,0.9999999800000006,9.999999800000005e-09,9.999999800000005e-09,NORMAL
355,0.9999999800000006,9.999999800000005e-09,9.999999800000005e-09,NORMAL
356,0.9999999800000006,9.999999800000005e-09,9.999999800000005e-09,NORMAL
357,0.9999999800000006,9.999999800000005e-09,9.999999800000005e-09,NORMAL
358,0.9999999800000006,9.999999800000005e-09,9.999999800000005e-09,NORMAL
359,0.9999999800000006,9.999999800000005e-09,9.999999800000005e-09,NORMAL
360,0.9993040957898353,0.0006958942171238407,9.993040957898353e-09,NORMAL
361,0.9993040957898353,0.0006958942171238407,9.993040957898353e-09,NORMAL
362,0.9993040957898353,0.0006958942171238407,9.993040957898353e-09,NORMAL
363,0.9993040957898353,0.0006958942171238407,9.993040957898353e-09,NORMAL
364,0.9993040957898353,0.0006958942171238407,9.993040957898353e-09,NORMAL
365,0.9993040957898353,0.0006958942171238407,9.993040957898353e-09,NORMAL
366,0.9993040957898353,0.0006958942171238407,9.993040957898353e-09,NORMAL
367,0.9993040957898353,0.0006958942171238407,9.993040957898353e-09,NORMAL
368,0.9993040957898353,0.0006958942171238407,9.993040957898353e-09,NORMAL
369,0.9993040957898353,0.0006958942171238407,9.993040957898353e-09,NORMAL
370,0.9993040957898353,0.0006958942171238407,9.993040957898353e-09,NORMAL
371,0.9993040957898353,0.0006958942171238407,9.993040957898353e-09,NORMAL
372,0.9993040957898353,0.0006958942171238407,9.993040957898353e-09,NORMAL
373,0.9993040957898353,0.0006958942171238407,9.993040957898353e-09,NORMAL
374,0.9993040957898353,0.0006958942171238407,9.993040957898353e-09,NORMAL
375,0.9993040957898353,0.0006958942171238407,9.993040957898353e-09,NORMAL
376,0.9993040957898353,0.0006958942171238407,9.993040957898353e-09,NORMAL
377,0.9993040957898353,0.0006958942171238407,9.993040957898353e-09,NORMAL
378,0.9999999800000006,9.999999800000005e-09,9.999999800000005e-09,NORMAL
379,0.9999999800000006,9.999999800000005e-09,9.999999800000005e-09,NORMAL
380,0.9999999800000006,9.999999800000005e-09,9.999999800000005e-09,NORMAL
381,0.9999999800000006,9.999999800000005e-09,9.999999800000005e-09,NORMAL
382,0.9999999800000006,9.999999800000005e-09,9.999999800000005e-09,NORMAL
383,0.9999999800000006,9.999999800000005e-09,9.999999800000005e-09,NORMAL
384,0.9999999800000006,9.999999800000005e-09,9.999999800000005e-09,NORMAL
385,0.9999999800000006,9.999999800000005e-09,9.999999800000005e-09,NORMAL
386,0.9999999800000006,9.999999800000005e-09,9.999999800000005e-09,NORMAL
387,0.9999999800000006,9.999999800000005e-09,9.999999800000005e-09,NORMAL
388,0.9999999800000006,9.999999800000005e-09,9.999999800000005e-09,NORMAL
389,0.9999999800000006,9.999999800000005e-09,9.999999800000005e-09,NORMAL
390,0.9999999800000006,9.999999800000005e-09,9.999999800000005e-09,NORMAL
391,0.9999999800000006,9.999999800000005e-09,9.999999800000005e-09,NORMAL
392,0.9999999800000006,9.999999800000005e-09,9.999999800000005e-09,NORMAL
393,0.9999999800000006,9.999999800000005e-09,9.999999800000005e-09,NORMAL
394,0.9999999800000006,9.999999800000005e-09,9.999999800000005e-09,NORMAL
395,0.9999999800000006,9.999999800000005e-09,9.999999800000005e-09,NORMAL
396,0.9999999800000006,9.999999800000005e-09,9.999999800000005e-09,NORMAL
397,0.9999999800000006,9.999999800000005e-09,9.999999800000005e-09,NORMAL
398,0.9999999800000006,9.999999800000005e-09,9.999999800000005e-09,NORMAL
399,0.9999999800000006,9.999999800000005e-09,9.999999800000005e-09,NORMAL
400,0.9999999800000006,9.999999800000005e-09,9.999999800000005e-09,NORMAL
401,0.9999999800000006,9.999999800000005e-09,9.999999800000005e-09,NORMAL
402,0.9999999800000006,9.999999800000005e-09,9.999999800000005e-09,NORMAL
403,0.9999999800000006,9.999999800000005e-09,9.999999800000005e-09,NORMAL
404,0.9999999800000006,9.999999800000005e-09,9.999999800000005e-09,NORMAL
405,0.9999999800000006,9.999999800000005e-09,9.999999800000005e-09,NORMAL
406,0.9999999800000006,9.999999800000005e-09,9.999999800000005e-09,NORMAL
407,0.9999999800000006,9.999999800000005e-09,9.999999800000005e-09,NORMAL
408,0.9999999800000006,9.999999800000005e-09,9.999999800000005e-09,NORMAL
409,0.9999999800000006,9.999999800000005e-09,9.999999800000005e-09,NORMAL
410,0.9999999800000006,9.999999800000005e-09,9.999999800000005e-09,NORMAL
411,0.9999999800000006,9.999999800000005e-09,9.999999800000005e-09,NORMAL
412,0.9999999800000006,9.999999800000005e-09,9.999999800000005e-09,NORMAL
413,0.9999999800000006,9.999999800000005e-09,9.999999800000005e-09,NORMAL
414,0.9999999800000006,9.999999800000005e-09,9.999999800000005e-09,NORMAL
415,0.9999999800000006,9.999999800000005e-09,9.999999800000005e-09,NORMAL
416,0.9999999800000006,9.999999800000005e-09,9.999999800000005e-09,NORMAL
417,0.9999999800000006,9.999999800000005e-09,9.999999800000005e-09,NORMAL
418,0.9999999800000006,9.999999800000005e-09,9.999999800000005e-09,NORMAL
419,0.9999999800000006,9.999999800000005e-09,9.999999800000005e-09,NORMAL
420,0.9999999800000006,9.999999800000005e-09,9.999999800000005e-09,NORMAL
421,0.9999999800000006,9.999999800000005e-09,9.999999800000005e-09,NORMAL
422,0.9999999800000006,9.999999800000005e-09,9.999999800000005e-09,NORMAL
423,0.9999999800000006,9.999999800000005e-09,9.999999800000005e-09,NORMAL
424,0.9999999800000006,9.999999800000005e-09,9.999999800000005e-09,NORMAL
425,0.9999999800000006,9.999999800000005e-09,9.999999800000005e-09,NORMAL
426,0.9999999800000006,9.999999800000005e-09,9.999999800000005e-09,NORMAL
427,0.9999999800000006,9.999999800000005e-09,9.999999800000005e-09,NORMAL
428,0.9999999800000006,9.999999800000005e-09,9.999999800000005e-09,NORMAL
429,0.9999999800000006,9.999999800000005e-09,9.999999800000005e-09,NORMAL
430,0.9999999800000006,9.999999800000005e-09,9.999999800000005e-09,NORMAL
431,0.9999999800000006,9.999999800000005e-09,9.999999800000005e-09,NORMAL
432,0.9999999800000006,9.999999800000005e-09,9.999999800000005e-09,NORMAL
433,0.9999999800000006,9.999999800000005e-09,9.999999800000005e-09,NORMAL
434,0.9999999800000006,9.999999800000005e-09,9.999999800000005e-09,NORMAL
435,0.9999999800000006,9.999999800000005e-09,9.999999800000005e-09,NORMAL
436,0.9999999800000006,9.999999800000005e-09,9.999999800000005e-09,NORMAL
437,0.9999999800000006,9.999999800000005e-09,9.999999800000005e-09,NORMAL
438,0.9999999800000006,9.999999800000005e-09,9.999999800000005e-09,NORMAL
439,0.9999999800000006,9.999999800000005e-09,9.999999800000005e-09,NORMAL
440,0.9999999800000006,9.999999800000005e-09,9.999999800000005e-09,NORMAL
441,0.9999999800000006,9.999999800000005e-09,9.999999800000005e-09,NORMAL
442,0.9999999800000006,9.999999800000005e-09,9.999999800000005e-09,NORMAL
443,0.9999999800000006,9.999999800000005e-09,9.999999800000005e-09,NORMAL
444,0.9999999800000006,9.999999800000005e-09,9.999999800000005e-09,NORMAL
445,0.9999999800000006,9.999999800000005e-09,9.999999800000005e-09,NORMAL
446,0.9999999800000006,9.999999800000005e-09,9.999999800000005e-09,NORMAL
447,0.9999999800000006,9.999999800000005e-09,9.999999800000005e-09,NORMAL
448,0.9999999800000006,9.999999800000005e-09,9.999999800000005e-09,NORMAL
449,0.9999999800000006,9.999999800000005e-09,9.999999800000005e-09,NORMAL
450,0.9999999800000006,9.999999800000005e-09,9.999999800000005e-09,NORMAL
451,0.9999999800000006,9.999999800000005e-09,9.999999800000005e-09,NORMAL
452,0.9999999800000006,9.999999800000005e-09,9.999999800000005e-09,NORMAL
453,0.9999999800000006,9.999999800000005e-09,9.999999800000005e-09,NORMAL
454,0.9999999800000006,9.999999800000005e-09,9.999999800000005e-09,NORMAL
455,0.9999999800000006,9.999999800000005e-09,9.999999800000005e-09,NORMAL
456,0.9999999800000006,9.999999800000005e-09,9.999999800000005e-09,NORMAL
457,0.9999999800000006,9.999999800000005e-09,9.999999800000005e-09,NORMAL
458,0.9999999800000006,9.999999800000005e-09,9.999999800000005e-09,NORMAL
459,0.9999999800000006,9.999999800000005e-09,9.999999800000005e-09,NORMAL
460,0.9999999800000006,9.999999800000005e-09,9.999999800000005e-09,NORMAL
461,0.9999999800000006,9.999999800000005e-09,9.999999800000005e-09,NORMAL
462,0.9999999800000006,9.999999800000005e-09,9.999999800000005e-09,NORMAL
463,0.9999999800000006,9.999999800000005e-09,9.999999800000005e-09,NORMAL
464,0.9999999800000006,9.999999800000005e-09,9.999999800000005e-09,NORMAL
465,0.9999999800000006,9.999999800000005e-09,9.999999800000005e-09,NORMAL
466,0.9999999800000006,9.999999800000005e-09,9.999999800000005e-09,NORMAL
467,0.9999999800000006,9.999999800000005e-09,9.999999800000005e-09,NORMAL
468,0.9993040957898353,0.0006958942171238407,9.993040957898353e-09,NORMAL
469,0.9993040957898353,0.0006958942171238407,9.993040957898353e-09,NORMAL
470,0.9993040957898353,0.0006958942171238407,9.993040957898353e-09,NORMAL
471,0.9993040957898353,0.0006958942171238407,9.993040957898353e-09,NORMAL
472,0.9993040957898353,0.0006958942171238407,9.993040957898353e-09,NORMAL
473,0.9993040957898353,0.0006958942171238407,9.993040957898353e-09,NORMAL
474,0.9993040957898353,0.0006958942171238407,9.993040957898353e-09,NORMAL
475,0.9993040957898353,0.0006958942171238407,9.993040957898353e-09,NORMAL
476,0.9993040957898353,0.0006958942171238407,9.993040957898353e-09,NORMAL
477,0.9993040957898353,0.0006958942171238407,9.993040957898353e-09,NORMAL
478,0.9993040957898353,0.0006958942171238407,9.993040957898353e-09,NORMAL
479,0.9993040957898353,0.0006958942171238407,9.993040957898353e-09,NORMAL
480,0.9993040957898353,0.0006958942171238407,9.993040957898353e-09,NORMAL
481,0.9993040957898353,0.0006958942171238407,9.993040957898353e-09,NORMAL
482,0.9993040957898353,0.0006958942171238407,9.993040957898353e-09,NORMAL
483,0.9993040957898353,0.0006958942171238407,9.993040957898353e-09,NORMAL
484,0.9993040957898353,0.0006958942171238407,9.993040957898353e-09,NORMAL
485,0.9993040957898353,0.0006958942171238407,9.993040957898353e-09,NORMAL
486,0.9999999800000006,9.999999800000005e-09,9.999999800000005e-09,NORMAL
487,0.9999999800000006,9.999999800000005e-09,9.999999800000005e-09,NORMAL
488,0.9999999800000006,9.999999800000005e-09,9.999999800000005e-09,NORMAL
489,0.9999999800000006,9.999999800000005e-09,9.999999800000005e-09,NORMAL
490,0.9999999800000006,9.999999800000005e-09,9.999999800000005e-09,NORMAL
491,0.9999999800000006,9.999999800000005e-09,9.999999800000005e-09,NORMAL
492,0.9999999800000006,9.999999800000005e-09,9.999999800000005e-09,NORMAL
493,0.9999999800000006,9.999999800000005e-09,9.999999800000005e-09,NORMAL
494,0.9999999800000006,9.999999800000005e-09,9.999999800000005e-09,NORMAL
495,0.9999999800000006,9.999999800000005e-09,9.999999800000005e-09,NORMAL
496,0.9999999800000006,9.999999800000005e-09,9.999999800000005e-09,NORMAL
497,0.9999999800000006,9.999999800000005e-09,9.999999800000005e-09,NORMAL
498,0.9999999800000006,9.999999800000005e-09,9.999999800000005e-09,NORMAL
499,0.9999999800000006,9.999999800000005e-09,9.999999800000005e-09,NORMAL
500,0.9999999800000006,9.999999800000005e-09,9.999999800000005e-09,NORMAL
501,0.9999999800000006,9.999999800000005e-09,9.999999800000005e-09,NORMAL
502,0.9999999800000006,9.999999800000005e-09,9.999999800000005e-09,NORMAL
503,0.9999999800000006,9.999999800000005e-09,9.999999800000005e-09,NORMAL
504,0.9999999800000006,9.999999800000005e-09,9.999999800000005e-09,NORMAL
505,0.9999999800000006,9.999999800000005e-09,9.999999800000005e-09,NORMAL
506,0.9999999800000006,9.999999800000005e-09,9.999999800000005e-09,NORMAL
507,0.9999999800000006,9.999999800000005e-09,9.999999800000005e-09,NORMAL
508,0.9999999800000006,9.999999800000005e-09,9.999999800000005e-09,NORMAL
509,0.9999999800000006,9.999999800000005e-09,9.999999800000005e-09,NORMAL
510,0.9999999800000006,9.999999800000005e-09,9.999999800000005e-09,NORMAL
511,0.9999999800000006,9.999999800000005e-09,9.999999800000005e-09,NORMAL
512,0.9999999800000006,9.999999800000005e-09,9.999999800000005e-09,NORMAL
513,0.9999999800000006,9.999999800000005e-09,9.999999800000005e-09,NORMAL
514,0.9999999800000006,9.999999800000005e-09,9.999999800000005e-09,NORMAL
515,0.9999999800000006,9.999999800000005e-09,9.999999800000005e-09,NORMAL
516,0.9999999800000006,9.999999800000005e-09,9.999999800000005e-09,NORMAL
517,0.9999999800000006,9.999999800000005e-09,9.999999800000005e-09,NORMAL
518,0.9999999800000006,9.999999800000005e-09,9.999999800000005e-09,NORMAL
519,0.9999999800000006,9.999999800000005e-09,9.999999800000005e-09,NORMAL
520,0.9999999800000006,9.999999800000005e-09,9.999999800000005e-09,NORMAL
521,0.9999999800000006,9.999999800000005e-09,9.999999800000005e-09,NORMAL
522,0.9993040957898353,0.0006958942171238407,9.993040957898353e-09,NORMAL
523,0.9993040957898353,0.0006958942171238407,9.993040957898353e-09,NORMAL
524,0.9993040957898353,0.0006958942171238407,9.993040957898353e-09,NORMAL
525,0.9993040957898353,0.0006958942171238407,9.993040957898353e-09,NORMAL
526,0.9993040957898353,0.0006958942171238407,9.993040957898353e-09,NORMAL
527,0.9993040957898353,0.0006958942171238407,9.993040957898353e-09,NORMAL
528,0.9993040957898353,0.0006958942171238407,9.993040957898353e-09,NORMAL
529,0.9993040957898353,0.0006958942171238407,9.993040957898353e-09,NORMAL
530,0.9993040957898353,0.0006958942171238407,9.993040957898353e-09,NORMAL
531,0.9993040957898353,0.0006958942171238407,9.993040957898353e-09,NORMAL
532,0.9993040957898353,0.0006958942171238407,9.993040957898353e-09,NORMAL
533,0.9993040957898353,0.0006958942171238407,9.993040957898353e-09,NORMAL
534,0.9993040957898353,0.0006958942171238407,9.993040957898353e-09,NORMAL
535,0.9993040957898353,0.0006958942171238407,9.993040957898353e-09,NORMAL
536,0.9993040957898353,0.0006958942171238407,9.993040957898353e-09,NORMAL
537,0.9993040957898353,0.0006958942171238407,9.993040957898353e-09,NORMAL
538,0.9993040957898353,0.0006958942171238407,9.993040957898353e-09,NORMAL
539,0.9993040957898353,0.0006958942171238407,9.993040957898353e-09,NORMAL
540,0.9999999800000006,9.999999800000005e-09,9.999999800000005e-09,NORMAL
541,0.9999999800000006,9.999999800000005e-09,9.999999800000005e-09,NORMAL
542,0.9999999800000006,9.999999800000005e-09,9.999999800000005e-09,NORMAL
543,0.9999999800000006,9.999999800000005e-09,9.999999800000005e-09,NORMAL
544,0.9999999800000006,9.999999800000005e-09,9.999999800000005e-09,NORMAL
545,0.9999999800000006,9.999999800000005e-09,9.999999800000005e-09,NORMAL
546,0.9999999800000006,9.999999800000005e-09,9.999999800000005e-09,NORMAL
547,0.9999999800000006,9.999999800000005e-09,9.999999800000005e-09,NORMAL
548,0.9999999800000006,9.999999800000005e-09,9.999999800000005e-09,NORMAL
549,0.9999999800000006,9.999999800000005e-09,9.999999800000005e-09,NORMAL
550,0.9999999800000006,9.999999800000005e-09,9.999999800000005e-09,NORMAL
551,0.9999999800000006,9.999999800000005e-09,9.999999800000005e-09,NORMAL
552,0.9999999800000006,9.999999800000005e-09,9.999999800000005e-09,NORMAL
553,0.9999999800000006,9.999999800000005e-09,9.999999800000005e-09,NORMAL
554,0.9999999800000006,9.999999800000005e-09,9.999999800000005e-09,NORMAL
555,0.9999999800000006,9.999999800000005e-09,9.999999800000005e-09,NORMAL
556,0.9999999800000006,9.999999800000005e-09,9.999999800000005e-09,NORMAL
557,0.9999999800000006,9.999999800000005e-09,9.999999800000005e-09,NORMAL
558,0.9993040957898353,0.0006958942171238407,9.993040957898353e-09,NORMAL
559,0.9993040957898353,0.0006958942171238407,9.993040957898353e-09,NORMAL
560,0.9993040957898353,0.0006958942171238407,9.993040957898353e-09,NORMAL
561,0.9993040957898353,0.0006958942171238407,9.993040957898353e-09,NORMAL
562,0.9993040957898353,0.0006958942171238407,9.993040957898353e-09,NORMAL
563,0.9993040957898353,0.0006958942171238407,9.993040957898353e-09,NORMAL
564,0.9993040957898353,0.0006958942171238407,9.993040957898353e-09,NORMAL
565,0.9993040957898353,0.0006958942171238407,9.993040957898353e-09,NORMAL
566,0.9993040957898353,0.0006958942171238407,9.993040957898353e-09,NORMAL
567,0.9993040957898353,0.0006958942171238407,9.993040957898353e-09,NORMAL
568,0.9993040957898353,0.0006958942171238407,9.993040957898353e-09,NORMAL
569,0.9993040957898353,0.0006958942171238407,9.993040957898353e-09,NORMAL
570,0.9993040957898353,0.0006958942171238407,9.993040957898353e-09,NORMAL
571,0.9993040957898353,0.0006958942171238407,9.993040957898353e-09,NORMAL
572,0.9993040957898353,0.0006958942171238407,9.993040957898353e-09,NORMAL
573,0.9993040957898353,0.0006958942171238407,9.993040957898353e-09,NORMAL
574,0.9993040957898353,0.0006958942171238407,9.993040957898353e-09,NORMAL
575,0.9993040957898353,0.0006958942171238407,9.993040957898353e-09,NORMAL
576,0.9999999800000006,9.999999800000005e-09,9.999999800000005e-09,NORMAL
577,0.9999999800000006,9.999999800000005e-09,9.999999800000005e-09,NORMAL
578,0.9999999800000006,9.999999800000005e-09,9.999999800000005e-09,NORMAL
579,0.9999999800000006,9.999999800000005e-09,9.999999800000005e-09,NORMAL
580,0.9999999800000006,9.999999800000005e-09,9.999999800000005e-09,NORMAL
581,0.9999999800000006,9.999999800000005e-09,9.999999800000005e-09,NORMAL
582,0.9999999800000006,9.999999800000005e-09,9.999999800000005e-09,NORMAL
583,0.9999999800000006,9.999999800000005e-09,9.999999800000005e-09,NORMAL
584,0.9999999800000006,9.999999800000005e-09,9.999999800000005e-09,NORMAL
585,0.9999999800000006,9.999999800000005e-09,9.999999800000005e-09,NORMAL
586,0.9999999800000006,9.999999800000005e-09,9.999999800000005e-09,NORMAL
587,0.9999999800000006,9.999999800000005e-09,9.999999800000005e-09,NORMAL
588,0.9999999800000006,9.999999800000005e-09,9.999999800000005e-09,NORMAL
589,0.9999999800000006,9.999999800000005e-09,9.999999800000005e-09,NORMAL
590,0.9999999800000006,9.999999800000005e-09,9.999999800000005e-09,NORMAL
591,0.9999999800000006,9.999999800000005e-09,9.999999800000005e-09,NORMAL
592,0.9999999800000006,9.999999800000005e-09,9.999999800000005e-09,NORMAL
593,0.9999999800000006,9.999999800000005e-09,9.999999800000005e-09,NORMAL
594,0.9999999800000006,9.999999800000005e-09,9.999999800000005e-09,NORMAL
595,0.9999999800000006,9.999999800000005e-09,9.999999800000005e-09,NORMAL
596,0.9999999800000006,9.999999800000005e-09,9.999999800000005e-09,NORMAL
597,0.9999999800000006,9.999999800000005e-09,9.999999800000005e-09,NORMAL
598,0.9999999800000006,9.999999800000005e-09,9.999999800000005e-09,NORMAL
599,0.9999999800000006,9.999999800000005e-09,9.999999800000005e-09,NORMAL
600,0.9999999800000006,9.999999800000005e-09,9.999999800000005e-09,NORMAL
601,0.9999999800000006,9.999999800000005e-09,9.999999800000005e-09,NORMAL
602,0.9999999800000006,9.999999800000005e-09,9.999999800000005e-09,NORMAL
603,0.9999999800000006,9.999999800000005e-09,9.999999800000005e-09,NORMAL
604,0.9999999800000006,9.999999800000005e-09,9.999999800000005e-09,NORMAL
605,0.9999999800000006,9.999999800000005e-09,9.999999800000005e-09,NORMAL
606,0.9999999800000006,9.999999800000005e-09,9.999999800000005e-09,NORMAL
607,0.9999999800000006,9.999999800000005e-09,9.999999800000005e-09,NORMAL
608,0.9999999800000006,9.999999800000005e-09,9.999999800000005e-09,NORMAL
609,0.9999999800000006,9.999999800000005e-09,9.999999800000005e-09,NORMAL
610,0.9999999800000006,9.999999800000005e-09,9.999999800000005e-09,NORMAL
611,0.9999999800000006,9.999999800000005e-09,9.999999800000005e-09,NORMAL
612,0.9999999800000006,9.999999800000005e-09,9.999999800000005e-09,NORMAL
613,0.9999999800000006,9.999999800000005e-09,9.999999800000005e-09,NORMAL
614,0.9999999800000006,9.999999800000005e-09,9.999999800000005e-09,NORMAL
615,0.9999999800000006,9.999999800000005e-09,9.999999800000005e-09,NORMAL
616,0.9999999800000006,9.999999800000005e-09,9.999999800000005e-09,NORMAL
617,0.9999999800000006,9.999999800000005e-09,9.999999800000005e-09,NORMAL
618,0.9999999800000006,9.999999800000005e-09,9.999999800000005e-09,NORMAL
619,0.9999999800000006,9.999999800000005e-09,9.999999800000005e-09,NORMAL
620,0.9999999800000006,9.999999800000005e-09,9.999999800000005e-09,NORMAL
621,0.9999999800000006,9.999999800000005e-09,9.999999800000005e-09,NORMAL
622,0.9999999800000006,9.999999800000005e-09,9.999999800000005e-09,NORMAL
623,0.9999999800000006,9.999999800000005e-09,9.999999800000005e-09,NORMAL
624,0.9999999800000006,9.999999800000005e-09,9.999999800000005e-09,NORMAL
625,0.9999999800000006,9.999999800000005e-09,9.999999800000005e-09,NORMAL
626,0.9999999800000006,9.999999800000005e-09,9.999999800000005e-09,NORMAL
627,0.9999999800000006,9.999999800000005e-09,9.999999800000005e-09,NORMAL
628,0.9999999800000006,9.999999800000005e-09,9.999999800000005e-09,NORMAL
629,0.9999999800000006,9.999999800000005e-09,9.999999800000005e-09,NORMAL
630,0.9999999800000006,9.999999800000005e-09,9.999999800000005e-09,NORMAL
631,0.9999999800000006,9.999999800000005e-09,9.999999800000005e-09,NORMAL
632,0.9999999800000006,9.999999800000005e-09,9.999999800000005e-09,NORMAL
633,0.9999999800000006,9.999999800000005e-09,9.999999800000005e-09,NORMAL
634,0.9999999800000006,9.999999800000005e-09,9.999999800000005e-09,NORMAL
635,0.9999999800000006,9.999999800000005e-09,9.999999800000005e-09,NORMAL
636,0.9999999800000006,9.999999800000005e-09,9.999999800000005e-09,NORMAL
637,0.9999999800000006,9.999999800000005e-09,9.999999800000005e-09,NORMAL
638,0.9999999800000006,9.999999800000005e-09,9.999999800000005e-09,NORMAL
639,0.9999999800000006,9.999999800000005e-09,9.999999800000005e-09,NORMAL
640,0.9999999800000006,9.999999800000005e-09,9.999999800000005e-09,NORMAL
641,0.9999999800000006,9.999999800000005e-09,9.999999800000005e-09,NORMAL
642,0.9999999800000006,9.999999800000005e-09,9.999999800000005e-09,NORMAL
643,0.9999999800000006,9.999999800000005e-09,9.999999800000005e-09,NORMAL
644,0.9999999800000006,9.999999800000005e-09,9.999999800000005e-09,NORMAL
645,0.9999999800000006,9.999999800000005e-09,9.999999800000005e-09,NORMAL
646,0.9999999800000006,9.999999800000005e-09,9.999999800000005e-09,NORMAL
647,0.9999999800000006,9.999999800000005e-09,9.999999800000005e-09,NORMAL
648,0.9999999800000006,9.999999800000005e-09,9.999999800000005e-09,NORMAL
649,0.9999999800000006,9.999999800000005e-09,9.999999800000005e-09,NORMAL
650,0.9999999800000006,9.999999800000005e-09,9.999999800000005e-09,NORMAL
651,0.9999999800000006,9.999999800000005e-09,9.999999800000005e-09,NORMAL
652,0.9999999800000006,9.999999800000005e-09,9.999999800000005e-09,NORMAL
653,0.9999999800000006,9.999999800000005e-09,9.999999800000005e-09,NORMAL
654,0.9999999800000006,9.999999800000005e-09,9.999999800000005e-09,NORMAL
655,0.9999999800000006,9.999999800000005e-09,9.999999800000005e-09,NORMAL
656,0.9999999800000006,9.999999800000005e-09,9.999999800000005e-09,NORMAL
657,0.9999999800000006,9.999999800000005e-09,9.999999800000005e-09,NORMAL
658,0.9999999800000006,9.999999800000005e-09,9.999999800000005e-09,NORMAL
659,0.9999999800000006,9.999999800000005e-09,9.999999800000005e-09,NORMAL
660,0.9999999800000006,9.999999800000005e-09,9.999999800000005e-09,NORMAL
661,0.9999999800000006,9.999999800000005e-09,9.999999800000005e-09,NORMAL
662,0.9999999800000006,9.999999800000005e-09,9.999999800000005e-09,NORMAL
663,0.9999999800000006,9.999999800000005e-09,9.999999800000005e-09,NORMAL
664,0.9999999800000006,9.999999800000005e-09,9.999999800000005e-09,NORMAL
665,0.9999999800000006,9.999999800000005e-09,9.999999800000005e-09,NORMAL
666,0.9993040957898353,0.0006958942171238407,9.993040957898353e-09,NORMAL
667,0.9993040957898353,0.0006958942171238407,9.993040957898353e-09,NORMAL
668,0.9993040957898353,0.0006958942171238407,9.993040957898353e-09,NORMAL
669,0.9993040957898353,0.0006958942171238407,9.993040957898353e-09,NORMAL
670,0.9993040957898353,0.0006958942171238407,9.993040957898353e-09,NORMAL
671,0.9993040957898353,0.0006958942171238407,9.993040957898353e-09,NORMAL
672,0.9993040957898353,0.0006958942171238407,9.993040957898353e-09,NORMAL
673,0.9993040957898353,0.0006958942171238407,9.993040957898353e-09,NORMAL
674,0.9993040957898353,0.0006958942171238407,9.993040957898353e-09,NORMAL
675,0.9993040957898353,0.0006958942171238407,9.993040957898353e-09,NORMAL
676,0.9993040957898353,0.0006958942171238407,9.993040957898353e-09,NORMAL
677,0.9993040957898353,0.0006958942171238407,9.993040957898353e-09,NORMAL
678,0.9993040957898353,0.0006958942171238407,9.993040957898353e-09,NORMAL
679,0.9993040957898353,0.0006958942171238407,9.993040957898353e-09,NORMAL
680,0.9993040957898353,0.0006958942171238407,9.993040957898353e-09,NORMAL
681,0.9993040957898353,0.0006958942171238407,9.993040957898353e-09,NORMAL
682,0.9993040957898353,0.0006958942171238407,9.993040957898353e-09,NORMAL
683,0.9993040957898353,0.0006958942171238407,9.993040957898353e-09,NORMAL
684,0.9999999800000006,9.999999800000005e-09,9.999999800000005e-09,NORMAL
685,0.9999999800000006,9.999999800000005e-09,9.999999800000005e-09,NORMAL
686,0.9999999800000006,9.999999800000005e-09,9.999999800000005e-09,NORMAL
687,0.9999999800000006,9.999999800000005e-09,9.999999800000005e-09,NORMAL
688,0.9999999800000006,9.999999800000005e-09,9.999999800000005e-09,NORMAL
689,0.9999999800000006,9.999999800000005e-09,9.999999800000005e-09,NORMAL
690,0.9999999800000006,9.999999800000005e-09,9.999999800000005e-09,NORMAL
691,0.9999999800000006,9.999999800000005e-09,9.999999800000005e-09,NORMAL
692,0.9999999800000006,9.999999800000005e-09,9.999999800000005e-09,NORMAL
693,0.9999999800000006,9.999999800000005e-09,9.999999800000005e-09,NORMAL
694,0.9999999800000006,9.999999800000005e-09,9.999999800000005e-09,NORMAL
695,0.9999999800000006,9.999999800000005e-09,9.999999800000005e-09,NORMAL
696,0.9999999800000006,9.999999800000005e-09,9.999999800000005e-09,NORMAL
697,0.9999999800000006,9.999999800000005e-09,9.999999800000005e-09,NORMAL
698,0.9999999800000006,9.999999800000005e-09,9.999999800000005e-09,NORMAL
699,0.9999999800000006,9.999999800000005e-09,9.999999800000005e-09,NORMAL
700,0.9999999800000006,9.999999800000005e-09,9.999999800000005e-09,NORMAL
701,0.9999999800000006,9.999999800000005e-09,9.999999800000005e-09,NORMAL
702,0.9993040957898353,0.0006958942171238407,9.993040957898353e-09,NORMAL
703,0.9993040957898353,0.0006958942171238407,9.993040957898353e-09,NORMAL
704,0.9993040957898353,0.0006958942171238407,9.993040957898353e-09,NORMAL
705,0.9993040957898353,0.0006958942171238407,9.993040957898353e-09,NORMAL
706,0.9993040957898353,0.0006958942171238407,9.993040957898353e-09,NORMAL
707,0.9993040957898353,0.0006958942171238407,9.993040957898353e-09,NORMAL
708,0.9993040957898353,0.0006958942171238407,9.993040957898353e-09,NORMAL
709,0.9993040957898353,0.0006958942171238407,9.993040957898353e-09,NORMAL
710,0.9993040957898353,0.0006958942171238407,9.993040957898353e-09,NORMAL
711,0.9993040957898353,0.0006958942171238407,9.993040957898353e-09,NORMAL
712,0.9993040957898353,0.0006958942171238407,9.993040957898353e-09,NORMAL
713,0.9993040957898353,0.0006958942171238407,9.993040957898353e-09,NORMAL
714,0.9993040957898353,0.0006958942171238407,9.993040957898353e-09,NORMAL
715,0.9993040957898353,0.0006958942171238407,9.993040957898353e-09,NORMAL
716,0.9993040957898353,0.0006958942171238407,9.993040957898353e-09,NORMAL
717,0.9993040957898353,0.0006958942171238407,9.993040957898353e-09,NORMAL
718,0.9993040957898353,0.0006958942171238407,9.993040957898353e-09,NORMAL
719,0.9993040957898353,0.0006958942171238407,9.993040957898353e-09,NORMAL
720,0.9999999800000006,9.999999800000005e-09,9.999999800000005e-09,NORMAL
721,0.9999999800000006,9.999999800000005e-09,9.999999800000005e-09,NORMAL
722,0.9999999800000006,9.999999800000005e-09,9.999999800000005e-09,NORMAL
723,0.30000000100000007,0.6999999890000003,9.999999800000005e-09,WARNING
724,0.09000000729999989,0.9099999827000005,9.999999800000005e-09,WARNING
725,0.027000009189999834,0.9729999808100005,9.999999800000005e-09,WARNING
726,0.00810000975699981,0.9918999802430005,9.999999800000005e-09,WARNING
727,0.0024300099270998035,0.9975699800729005,9.999999800000005e-09,WARNING
728,0.0007290099781298012,0.9992709800218705,9.999999800000005e-09,WARNING
729,0.9999999800000006,9.999999800000005e-09,9.999999800000005e-09,NORMAL
730,0.9999999800000006,9.999999800000005e-09,9.999999800000005e-09,NORMAL
731,0.30000000100000007,0.6999999890000003,9.999999800000005e-09,WARNING
732,0.09000000729999989,0.9099999827000005,9.999999800000005e-09,WARNING
733,0.027000009189999834,0.9729999808100005,9.999999800000005e-09,WARNING
734,0.00810000975699981,0.9918999802430005,9.999999800000005e-09,WARNING
735,0.0024300099270998035,0.9975699800729005,9.999999800000005e-09,WARNING
736,0.0007290099781298012,0.9992709800218705,9.999999800000005e-09,WARNING
737,0.0002187099934388004,0.9997812800065615,9.999999800000005e-09,WARNING
738,9.999999800000005e-09,0.9999999800000006,9.999999800000005e-09,WARNING
739,9.999999800000003e-09,0.30000000100000007,0.6999999890000002,CRITICAL
740,9.999999800000003e-09,0.09000000729999989,0.9099999827000003,CRITICAL
741,9.999999800000003e-09,0.027000009189999834,0.9729999808100004,CRITICAL
742,9.999999800000003e-09,0.00810000975699981,0.9918999802430004,CRITICAL
743,9.999999800000003e-09,0.0024300099270998035,0.9975699800729004,CRITICAL
744,9.999999800000003e-09,0.0007290099781298012,0.9992709800218704,CRITICAL
745,9.999999800000003e-09,0.0002187099934388004,0.9997812800065614,CRITICAL
746,9.999999800000003e-09,6.561999803150013e-05,0.9999343700019687,CRITICAL
747,9.999999800000005e-09,0.9999999800000006,9.999999800000005e-09,WARNING
748,9.999999800000003e-09,0.30000000100000007,0.6999999890000002,CRITICAL
749,9.999999800000003e-09,0.09000000729999989,0.9099999827000003,CRITICAL
750,9.999999800000003e-09,0.027000009189999834,0.9729999808100004,CRITICAL
751,9.999999800000003e-09,0.00810000975699981,0.9918999802430004,CRITICAL
752,9.999999800000003e-09,0.0024300099270998035,0.9975699800729004,CRITICAL
753,9.999999800000003e-09,0.0007290099781298012,0.9992709800218704,CRITICAL
754,9.999999800000003e-09,0.0002187099934388004,0.9997812800065614,CRITICAL
755,9.999999800000003e-09,6.561999803150013e-05,0.9999343700019687,CRITICAL
756,0.9999999800000006,9.999999800000005e-09,9.999999800000005e-09,NORMAL
757,0.9999999800000006,9.999999800000005e-09,9.999999800000005e-09,NORMAL
758,0.9999999800000006,9.999999800000005e-09,9.999999800000005e-09,NORMAL
759,0.9999999800000006,9.999999800000005e-09,9.999999800000005e-09,NORMAL
760,0.30000000100000007,0.6999999890000003,9.999999800000005e-09,WARNING
761,0.09000000729999989,0.9099999827000005,9.999999800000005e-09,WARNING
762,0.027000009189999834,0.9729999808100005,9.999999800000005e-09,WARNING
763,0.00810000975699981,0.9918999802430005,9.999999800000005e-09,WARNING
764,0.0024300099270998035,0.9975699800729005,9.999999800000005e-09,WARNING
765,0.9999999800000006,9.999999800000005e-09,9.999999800000005e-09,NORMAL
766,0.9999999800000006,9.999999800000005e-09,9.999999800000005e-09,NORMAL
767,0.9999999800000006,9.999999800000005e-09,9.999999800000005e-09,NORMAL
768,0.9999999800000006,9.999999800000005e-09,9.999999800000005e-09,NORMAL
769,0.30000000100000007,0.6999999890000003,9.999999800000005e-09,WARNING
770,0.09000000729999989,0.9099999827000005,9.999999800000005e-09,WARNING
771,0.027000009189999834,0.9729999808100005,9.999999800000005e-09,WARNING
772,0.00810000975699981,0.9918999802430005,9.999999800000005e-09,WARNING
773,0.0024300099270998035,0.9975699800729005,9.999999800000005e-09,WARNING
774,0.9999999800000006,9.999999800000005e-09,9.999999800000005e-09,NORMAL
775,0.9999999800000006,9.999999800000005e-09,9.999999800000005e-09,NORMAL
776,0.9999999800000006,9.999999800000005e-09,9.999999800000005e-09,NORMAL
777,0.9999999800000006,9.999999800000005e-09,9.999999800000005e-09,NORMAL
778,0.9999999800000006,9.999999800000005e-09,9.999999800000005e-09,NORMAL
779,0.9999999800000006,9.999999800000005e-09,9.999999800000005e-09,NORMAL
780,0.9999999800000006,9.999999800000005e-09,9.999999800000005e-09,NORMAL
781,0.9999999800000006,9.999999800000005e-09,9.999999800000005e-09,NORMAL
782,0.9999999800000006,9.999999800000005e-09,9.999999800000005e-09,NORMAL
783,0.9999999800000006,9.999999800000005e-09,9.999999800000005e-09,NORMAL
784,0.9999999800000006,9.999999800000005e-09,9.999999800000005e-09,NORMAL
785,0.9999999800000006,9.999999800000005e-09,9.999999800000005e-09,NORMAL
786,0.9999999800000006,9.999999800000005e-09,9.999999800000005e-09,NORMAL
787,0.9999999800000006,9.999999800000005e-09,9.999999800000005e-09,NORMAL
788,0.9999999800000006,9.999999800000005e-09,9.999999800000005e-09,NORMAL
789,0.9999999800000006,9.999999800000005e-09,9.999999800000005e-09,NORMAL
790,0.9999999800000006,9.999999800000005e-09,9.999999800000005e-09,NORMAL
791,0.9999999800000006,9.999999800000005e-09,9.999999800000005e-09,NORMAL
792,1.1214267062287125e-08,0.0007809378177080171,0.9992190509680249,CRITICAL
793,1.0359408789214986e-08,0.0007214072972990936,0.9992785823432921,CRITICAL
794,1.0102951307293343e-08,0.0007035481411764166,0.9992964417558723,CRITICAL
795,1.002601406271685e-08,0.0006981903943396135,0.9993017995796464,CRITICAL
796,1.0002932889343902e-08,0.0006965830702885726,0.9993034069267785,CRITICAL
797,9.996008537332018e-09,0.0006961008730732602,0.9993038891309183,CRITICAL
798,9.993931231728453e-09,0.0006959562139086666,0.9993040337921602,CRITICAL
799,9.993308040047383e-09,0.0006959128161592885,0.9993040771905327,CRITICAL
800,9.993121082543062e-09,0.0006958997968344751,0.9993040902100445,CRITICAL
801,1.1214267062287125e-08,0.0007809378177080171,0.9992190509680249,CRITICAL
802,1.0359408789214986e-08,0.0007214072972990936,0.9992785823432921,CRITICAL
803,1.0102951307293343e-08,0.0007035481411764166,0.9992964417558723,CRITICAL
804,1.002601406271685e-08,0.0006981903943396135,0.9993017995796464,CRITICAL
805,1.0002932889343902e-08,0.0006965830702885726,0.9993034069267785,CRITICAL
806,9.996008537332018e-09,0.0006961008730732602,0.9993038891309183,CRITICAL
807,9.993931231728453e-09,0.0006959562139086666,0.9993040337921602,CRITICAL
808,9.993308040047383e-09,0.0006959128161592885,0.9993040771905327,CRITICAL
809,9.993121082543062e-09,0.0006958997968344751,0.9993040902100445,CRITICAL
810,9.999999800000003e-09,9.999999800000003e-09,0.9999999800000003,CRITICAL
811,9.999999800000003e-09,9.999999800000003e-09,0.9999999800000003,CRITICAL
812,9.999999800000003e-09,9.999999800000003e-09,0.9999999800000003,CRITICAL
813,9.999999800000003e-09,9.999999800000003e-09,0.9999999800000003,CRITICAL
814,9.999999800000003e-09,9.999999800000003e-09,0.9999999800000003,CRITICAL
815,9.999999800000003e-09,9.999999800000003e-09,0.9999999800000003,CRITICAL
816,9.999999800000003e-09,9.999999800000003e-09,0.9999999800000003,CRITICAL
817,9.999999800000003e-09,9.999999800000003e-09,0.9999999800000003,CRITICAL
818,9.999999800000003e-09,9.999999800000003e-09,0.9999999800000003,CRITICAL
819,9.999999800000003e-09,9.999999800000003e-09,0.9999999800000003,CRITICAL
820,9.999999800000003e-09,9.999999800000003e-09,0.9999999800000003,CRITICAL
821,9.999999800000003e-09,9.999999800000003e-09,0.9999999800000003,CRITICAL
822,9.999999800000003e-09,9.999999800000003e-09,0.9999999800000003,CRITICAL
823,9.999999800000003e-09,9.999999800000003e-09,0.9999999800000003,CRITICAL
824,9.999999800000003e-09,9.999999800000003e-09,0.9999999800000003,CRITICAL
825,9.999999800000003e-09,9.999999800000003e-09,0.9999999800000003,CRITICAL
826,9.999999800000003e-09,9.999999800000003e-09,0.9999999800000003,CRITICAL
827,9.999999800000003e-09,9.999999800000003e-09,0.9999999800000003,CRITICAL
828,0.9993040957898353,0.0006958942171238407,9.993040957898353e-09,NORMAL
829,0.9993040957898353,0.0006958942171238407,9.993040957898353e-09,NORMAL
830,0.9993040957898353,0.0006958942171238407,9.993040957898353e-09,NORMAL
831,0.9993040957898353,0.0006958942171238407,9.993040957898353e-09,NORMAL
832,0.9993040957898353,0.0006958942171238407,9.993040957898353e-09,NORMAL
833,0.9993040957898353,0.0006958942171238407,9.993040957898353e-09,NORMAL
834,0.9993040957898353,0.0006958942171238407,9.993040957898353e-09,NORMAL
835,0.9993040957898353,0.0006958942171238407,9.993040957898353e-09,NORMAL
836,0.9993040957898353,0.0006958942171238407,9.993040957898353e-09,NORMAL
837,0.9993040957898353,0.0006958942171238407,9.993040957898353e-09,NORMAL
838,0.9993040957898353,0.0006958942171238407,9.993040957898353e-09,NORMAL
839,0.9993040957898353,0.0006958942171238407,9.993040957898353e-09,NORMAL
840,0.9993040957898353,0.0006958942171238407,9.993040957898353e-09,NORMAL
841,0.9993040957898353,0.0006958942171238407,9.993040957898353e-09,NORMAL
842,0.9993040957898353,0.0006958942171238407,9.993040957898353e-09,NORMAL
843,0.9993040957898353,0.0006958942171238407,9.993040957898353e-09,NORMAL
844,0.9993040957898353,0.0006958942171238407,9.993040957898353e-09,NORMAL
845,0.9993040957898353,0.0006958942171238407,9.993040957898353e-09,NORMAL
846,0.9999999800000006,9.999999800000005e-09,9.999999800000005e-09,NORMAL
847,0.9999999800000006,9.999999800000005e-09,9.999999800000005e-09,NORMAL
848,0.9999999800000006,9.999999800000005e-09,9.999999800000005e-09,NORMAL
849,0.9999999800000006,9.999999800000005e-09,9.999999800000005e-09,NORMAL
850,0.9999999800000006,9.999999800000005e-09,9.999999800000005e-09,NORMAL
851,0.9999999800000006,9.999999800000005e-09,9.999999800000005e-09,NORMAL
852,0.30000000100000007,0.6999999890000003,9.999999800000005e-09,WARNING
853,0.09000000729999989,0.9099999827000005,9.999999800000005e-09,WARNING
854,0.027000009189999834,0.9729999808100005,9.999999800000005e-09,WARNING
855,0.9999999800000006,9.999999800000005e-09,9.999999800000005e-09,NORMAL
856,0.9999999800000006,9.999999800000005e-09,9.999999800000005e-09,NORMAL
857,0.9999999800000006,9.999999800000005e-09,9.999999800000005e-09,NORMAL
858,0.9999999800000006,9.999999800000005e-09,9.999999800000005e-09,NORMAL
859,0.9999999800000006,9.999999800000005e-09,9.999999800000005e-09,NORMAL
860,0.9999999800000006,9.999999800000005e-09,9.999999800000005e-09,NORMAL
861,0.30000000100000007,0.6999999890000003,9.999999800000005e-09,WARNING
862,0.09000000729999989,0.9099999827000005,9.999999800000005e-09,WARNING
863,0.027000009189999834,0.9729999808100005,9.999999800000005e-09,WARNING
864,9.999999800000005e-09,0.9999999800000006,9.999999800000005e-09,WARNING
865,9.999999800000005e-09,0.9999999800000006,9.999999800000005e-09,WARNING
866,9.999999800000005e-09,0.9999999800000006,9.999999800000005e-09,WARNING
867,9.999999800000005e-09,0.9999999800000006,9.999999800000005e-09,WARNING
868,9.999999800000005e-09,0.9999999800000006,9.999999800000005e-09,WARNING
869,9.999999800000005e-09,0.9999999800000006,9.999999800000005e-09,WARNING
870,9.999999800000005e-09,0.9999999800000006,9.999999800000005e-09,WARNING
871,9.999999800000005e-09,0.9999999800000006,9.999999800000005e-09,WARNING
872,9.999999800000005e-09,0.9999999800000006,9.999999800000005e-09,WARNING
873,9.999999800000005e-09,0.9999999800000006,9.999999800000005e-09,WARNING
874,9.999999800000005e-09,0.9999999800000006,9.999999800000005e-09,WARNING
875,9.999999800000005e-09,0.9999999800000006,9.999999800000005e-09,WARNING
876,9.999999800000005e-09,0.9999999800000006,9.999999800000005e-09,WARNING
877,9.999999800000005e-09,0.9999999800000006,9.999999800000005e-09,WARNING
878,9.999999800000005e-09,0.9999999800000006,9.999999800000005e-09,WARNING
879,9.999999800000005e-09,0.9999999800000006,9.999999800000005e-09,WARNING
880,9.999999800000005e-09,0.9999999800000006,9.999999800000005e-09,WARNING
881,9.999999800000005e-09,0.9999999800000006,9.999999800000005e-09,WARNING
882,0.9993040957898353,0.0006958942171238407,9.993040957898353e-09,NORMAL
883,0.9993040957898353,0.0006958942171238407,9.993040957898353e-09,NORMAL
884,0.9993040957898353,0.0006958942171238407,9.993040957898353e-09,NORMAL
885,0.9993040957898353,0.0006958942171238407,9.993040957898353e-09,NORMAL
886,0.9993040957898353,0.0006958942171238407,9.993040957898353e-09,NORMAL
887,0.9993040957898353,0.0006958942171238407,9.993040957898353e-09,NORMAL
888,0.9993040957898353,0.0006958942171238407,9.993040957898353e-09,NORMAL
889,0.9993040957898353,0.0006958942171238407,9.993040957898353e-09,NORMAL
890,0.9993040957898353,0.0006958942171238407,9.993040957898353e-09,NORMAL
891,0.9993040957898353,0.0006958942171238407,9.993040957898353e-09,NORMAL
892,0.9993040957898353,0.0006958942171238407,9.993040957898353e-09,NORMAL
893,0.9993040957898353,0.0006958942171238407,9.993040957898353e-09,NORMAL
894,0.9993040957898353,0.0006958942171238407,9.993040957898353e-09,NORMAL
895,0.9993040957898353,0.0006958942171238407,9.993040957898353e-09,NORMAL
896,0.9993040957898353,0.0006958942171238407,9.993040957898353e-09,NORMAL
897,0.9993040957898353,0.0006958942171238407,9.993040957898353e-09,NORMAL
898,0.9993040957898353,0.0006958942171238407,9.993040957898353e-09,NORMAL
899,0.9993040957898353,0.0006958942171238407,9.993040957898353e-09,NORMAL
900,0.9999999800000006,9.999999800000005e-09,9.999999800000005e-09,NORMAL
901,0.9999999800000006,9.999999800000005e-09,9.999999800000005e-09,NORMAL
902,0.9999999800000006,9.999999800000005e-09,9.999999800000005e-09,NORMAL
903,0.9999999800000006,9.999999800000005e-09,9.999999800000005e-09,NORMAL
904,0.9999999800000006,9.999999800000005e-09,9.999999800000005e-09,NORMAL
905,0.9999999800000006,9.999999800000005e-09,9.999999800000005e-09,NORMAL
906,0.9999999800000006,9.999999800000005e-09,9.999999800000005e-09,NORMAL
907,0.9999999800000006,9.999999800000005e-09,9.999999800000005e-09,NORMAL
908,0.9999999800000006,9.999999800000005e-09,9.999999800000005e-09,NORMAL
909,0.9999999800000006,9.999999800000005e-09,9.999999800000005e-09,NORMAL
910,0.9999999800000006,9.999999800000005e-09,9.999999800000005e-09,NORMAL
911,0.9999999800000006,9.999999800000005e-09,9.999999800000005e-09,NORMAL
912,0.9999999800000006,9.999999800000005e-09,9.999999800000005e-09,NORMAL
913,0.9999999800000006,9.999999800000005e-09,9.999999800000005e-09,NORMAL
914,0.9999999800000006,9.999999800000005e-09,9.999999800000005e-09,NORMAL
915,0.9999999800000006,9.999999800000005e-09,9.999999800000005e-09,NORMAL
916,0.9999999800000006,9.999999800000005e-09,9.999999800000005e-09,NORMAL
917,0.9999999800000006,9.999999800000005e-09,9.999999800000005e-09,NORMAL
918,0.1950058911033002,0.8049940999589492,8.937750647651655e-09,WARNING
919,0.05850177433098992,0.9414982159876851,9.6813250542955e-09,WARNING
920,0.017550540135996183,0.28299519593867495,0.6994542639253288,CRITICAL
921,0.005265169035927527,0.08538568473358919,0.9093491462304832,CRITICAL
922,0.0015795577059069287,0.02610283137206345,0.9723176109220296,CRITICAL
923,0.0004738743069007492,0.008317975363605725,0.9912081503294936,CRITICAL
924,0.00014216928719889532,0.0029825185610684066,0.9968753121517328,CRITICAL
925,4.265778128833913e-05,0.0013818815203072105,0.9985754606984045,CRITICAL
926,1.2804329515172269e-05,0.0009016904080788517,0.999085505262406,CRITICAL
927,0.1941985960370065,0.8058013950243407,8.938652904660642e-09,WARNING
928,0.05825958581110182,0.9417404045073026,9.681595731398197e-09,WARNING
929,0.01747788365129916,0.283072815545085,0.6994493008036158,CRITICAL
930,0.00524337209051842,0.08540897061551221,0.9093476572939694,CRITICAL
931,0.0015730186222841966,0.026109817136640356,0.9723171642410755,CRITICAL
932,0.0004719125818139296,0.008320071092978797,0.9912080163252073,CRITICAL
933,0.00014158076967284944,0.002983147279880328,0.9968752719504468,CRITICAL
934,4.248122603052537e-05,0.0013820701359507869,0.9985754486380187,CRITICAL
935,1.2751362937828141e-05,0.0009017469927719246,0.9990855016442903,CRITICAL
936,9.999999800000003e-09,9.999999800000003e-09,0.9999999800000003,CRITICAL
937,9.999999800000003e-09,9.999999800000003e-09,0.9999999800000003,CRITICAL
938,9.999999800000003e-09,9.999999800000003e-09,0.9999999800000003,CRITICAL
939,9.999999800000003e-09,9.999999800000003e-09,0.9999999800000003,CRITICAL
940,9.999999800000003e-09,9.999999800000003e-09,0.9999999800000003,CRITICAL
941,9.999999800000003e-09,9.999999800000003e-09,0.9999999800000003,CRITICAL
942,9.999999800000003e-09,9.999999800000003e-09,0.9999999800000003,CRITICAL
943,9.999999800000003e-09,9.999999800000003e-09,0.9999999800000003,CRITICAL
944,9.999999800000003e-09,9.999999800000003e-09,0.9999999800000003,CRITICAL
945,9.999999800000003e-09,9.999999800000003e-09,0.9999999800000003,CRITICAL
946,9.999999800000003e-09,9.999999800000003e-09,0.9999999800000003,CRITICAL
947,9.999999800000003e-09,9.999999800000003e-09,0.9999999800000003,CRITICAL
948,9.999999800000003e-09,9.999999800000003e-09,0.9999999800000003,CRITICAL
949,9.999999800000003e-09,9.999999800000003e-09,0.9999999800000003,CRITICAL
950,9.999999800000003e-09,9.999999800000003e-09,0.9999999800000003,CRITICAL
951,9.999999800000003e-09,9.999999800000003e-09,0.9999999800000003,CRITICAL
952,9.999999800000003e-09,9.999999800000003e-09,0.9999999800000003,CRITICAL
953,9.999999800000003e-09,9.999999800000003e-09,0.9999999800000003,CRITICAL
954,0.9993040957898353,0.0006958942171238407,9.993040957898353e-09,NORMAL
955,0.9993040957898353,0.0006958942171238407,9.993040957898353e-09,NORMAL
956,0.9993040957898353,0.0006958942171238407,9.993040957898353e-09,NORMAL
957,0.9993040957898353,0.0006958942171238407,9.993040957898353e-09,NORMAL
958,0.9993040957898353,0.0006958942171238407,9.993040957898353e-09,NORMAL
959,0.9993040957898353,0.0006958942171238407,9.993040957898353e-09,NORMAL
960,0.9993040957898353,0.0006958942171238407,9.993040957898353e-09,NORMAL
961,0.9993040957898353,0.0006958942171238407,9.993040957898353e-09,NORMAL
962,0.9993040957898353,0.0006958942171238407,9.993040957898353e-09,NORMAL
963,0.9993040957898353,0.0006958942171238407,9.993040957898353e-09,NORMAL
964,0.9993040957898353,0.0006958942171238407,9.993040957898353e-09,NORMAL
965,0.9993040957898353,0.0006958942171238407,9.993040957898353e-09,NORMAL
966,0.9993040957898353,0.0006958942171238407,9.993040957898353e-09,NORMAL
967,0.9993040957898353,0.0006958942171238407,9.993040957898353e-09,NORMAL
968,0.9993040957898353,0.0006958942171238407,9.993040957898353e-09,NORMAL
969,0.9993040957898353,0.0006958942171238407,9.993040957898353e-09,NORMAL
970,0.9993040957898353,0.0006958942171238407,9.993040957898353e-09,NORMAL
971,0.9993040957898353,0.0006958942171238407,9.993040957898353e-09,NORMAL
972,0.9999999800000006,9.999999800000005e-09,9.999999800000005e-09,NORMAL
973,0.9999999800000006,9.999999800000005e-09,9.999999800000005e-09,NORMAL
974,0.9999999800000006,9.999999800000005e-09,9.999999800000005e-09,NORMAL
975,0.9999999800000006,9.999999800000005e-09,9.999999800000005e-09,NORMAL
976,0.9999999800000006,9.999999800000005e-09,9.999999800000005e-09,NORMAL
977,0.9999999800000006,9.999999800000005e-09,9.999999800000005e-09,NORMAL
978,0.9999999800000006,9.999999800000005e-09,9.999999800000005e-09,NORMAL
979,0.9999999800000006,9.999999800000005e-09,9.999999800000005e-09,NORMAL
980,0.9999999800000006,9.999999800000005e-09,9.999999800000005e-09,NORMAL
981,0.9999999800000006,9.999999800000005e-09,9.999999800000005e-09,NORMAL
982,0.9999999800000006,9.999999800000005e-09,9.999999800000005e-09,NORMAL
983,0.9999999800000006,9.999999800000005e-09,9.999999800000005e-09,NORMAL
984,0.9999999800000006,9.999999800000005e-09,9.999999800000005e-09,NORMAL
985,0.9999999800000006,9.999999800000005e-09,9.999999800000005e-09,NORMAL
986,0.9999999800000006,9.999999800000005e-09,9.999999800000005e-09,NORMAL
987,0.9999999800000006,9.999999800000005e-09,9.999999800000005e-09,NORMAL
988,0.9999999800000006,9.999999800000005e-09,9.999999800000005e-09,NORMAL
989,0.9999999800000006,9.999999800000005e-09,9.999999800000005e-09,NORMAL
990,0.9999999800000006,9.999999800000005e-09,9.999999800000005e-09,NORMAL
991,0.9999999800000006,9.999999800000005e-09,9.999999800000005e-09,NORMAL
992,0.9999999800000006,9.999999800000005e-09,9.999999800000005e-09,NORMAL
993,0.9999999800000006,9.999999800000005e-09,9.999999800000005e-09,NORMAL
994,0.9999999800000006,9.999999800000005e-09,9.999999800000005e-09,NORMAL
995,0.9999999800000006,9.999999800000005e-09,9.999999800000005e-09,NORMAL
996,0.9999999800000006,9.999999800000005e-09,9.999999800000005e-09,NORMAL
997,0.9999999800000006,9.999999800000005e-09,9.999999800000005e-09,NORMAL
998,0.9999999800000006,9.999999800000005e-09,9.999999800000005e-09,NORMAL
999,0.9999999800000006,9.999999800000005e-09,9.999999800000005e-09,NORMAL
1000,0.9999999800000006,9.999999800000005e-09,9.999999800000005e-09,NORMAL
1001,0.9999999800000006,9.999999800000005e-09,9.999999800000005e-09,NORMAL
1002,0.9999999800000006,9.999999800000005e-09,9.999999800000005e-09,NORMAL
1003,0.9999999800000006,9.999999800000005e-09,9.999999800000005e-09,NORMAL
1004,0.9999999800000006,9.999999800000005e-09,9.999999800000005e-09,NORMAL
1005,0.9999999800000006,9.999999800000005e-09,9.999999800000005e-09,NORMAL
1006,0.9999999800000006,9.999999800000005e-09,9.999999800000005e-09,NORMAL
1007,0.9999999800000006,9.999999800000005e-09,9.999999800000005e-09,NORMAL
1008,0.9993040957898353,0.0006958942171238407,9.993040957898353e-09,NORMAL
1009,0.9993040957898353,0.0006958942171238407,9.993040957898353e-09,NORMAL
1010,0.9993040957898353,0.0006958942171238407,9.993040957898353e-09,NORMAL
1011,0.9993040957898353,0.0006958942171238407,9.993040957898353e-09,NORMAL
1012,0.9993040957898353,0.0006958942171238407,9.993040957898353e-09,NORMAL
1013,0.9993040957898353,0.0006958942171238407,9.993040957898353e-09,NORMAL
1014,0.9993040957898353,0.0006958942171238407,9.993040957898353e-09,NORMAL
1015,0.9993040957898353,0.0006958942171238407,9.993040957898353e-09,NORMAL
1016,0.9993040957898353,0.0006958942171238407,9.993040957898353e-09,NORMAL
1017,0.9993040957898353,0.0006958942171238407,9.993040957898353e-09,NORMAL
1018,0.9993040957898353,0.0006958942171238407,9.993040957898353e-09,NORMAL
1019,0.9993040957898353,0.0006958942171238407,9.993040957898353e-09,NORMAL
1020,0.9993040957898353,0.0006958942171238407,9.993040957898353e-09,NORMAL
1021,0.9993040957898353,0.0006958942171238407,9.993040957898353e-09,NORMAL
1022,0.9993040957898353,0.0006958942171238407,9.993040957898353e-09,NORMAL
1023,0.9993040957898353,0.0006958942171238407,9.993040957898353e-09,NORMAL
1024,0.9993040957898353,0.0006958942171238407,9.993040957898353e-09,NORMAL
1025,0.9993040957898353,0.0006958942171238407,9.993040957898353e-09,NORMAL
1026,9.999999800000003e-09,9.999999800000003e-09,0.9999999800000003,CRITICAL
1027,9.999999800000003e-09,9.999999800000003e-09,0.9999999800000003,CRITICAL
1028,9.999999800000003e-09,9.999999800000003e-09,0.9999999800000003,CRITICAL
1029,9.999999800000003e-09,9.999999800000003e-09,0.9999999800000003,CRITICAL
1030,9.999999800000003e-09,9.999999800000003e-09,0.9999999800000003,CRITICAL
1031,9.999999800000003e-09,9.999999800000003e-09,0.9999999800000003,CRITICAL
1032,9.999999800000003e-09,9.999999800000003e-09,0.9999999800000003,CRITICAL
1033,9.999999800000003e-09,9.999999800000003e-09,0.9999999800000003,CRITICAL
1034,9.999999800000003e-09,9.999999800000003e-09,0.9999999800000003,CRITICAL
1035,9.999999800000003e-09,9.999999800000003e-09,0.9999999800000003,CRITICAL
1036,9.999999800000003e-09,9.999999800000003e-09,0.9999999800000003,CRITICAL
1037,9.999999800000003e-09,9.999999800000003e-09,0.9999999800000003,CRITICAL
1038,9.999999800000003e-09,9.999999800000003e-09,0.9999999800000003,CRITICAL
1039,9.999999800000003e-09,9.999999800000003e-09,0.9999999800000003,CRITICAL
1040,9.999999800000003e-09,9.999999800000003e-09,0.9999999800000003,CRITICAL
1041,9.999999800000003e-09,9.999999800000003e-09,0.9999999800000003,CRITICAL
1042,9.999999800000003e-09,9.999999800000003e-09,0.9999999800000003,CRITICAL
1043,9.999999800000003e-09,9.999999800000003e-09,0.9999999800000003,CRITICAL
1044,9.999999800000003e-09,9.999999800000003e-09,0.9999999800000003,CRITICAL
1045,9.999999800000003e-09,9.999999800000003e-09,0.9999999800000003,CRITICAL
1046,9.999999800000003e-09,9.999999800000003e-09,0.9999999800000003,CRITICAL
1047,9.999999800000003e-09,9.999999800000003e-09,0.9999999800000003,CRITICAL
1048,9.999999800000003e-09,9.999999800000003e-09,0.9999999800000003,CRITICAL
1049,9.999999800000003e-09,9.999999800000003e-09,0.9999999800000003,CRITICAL
1050,9.999999800000003e-09,9.999999800000003e-09,0.9999999800000003,CRITICAL
1051,9.999999800000003e-09,9.999999800000003e-09,0.9999999800000003,CRITICAL
1052,9.999999800000003e-09,9.999999800000003e-09,0.9999999800000003,CRITICAL
1053,9.999999800000003e-09,9.999999800000003e-09,0.9999999800000003,CRITICAL
1054,9.999999800000003e-09,9.999999800000003e-09,0.9999999800000003,CRITICAL
1055,9.999999800000003e-09,9.999999800000003e-09,0.9999999800000003,CRITICAL
1056,9.999999800000003e-09,9.999999800000003e-09,0.9999999800000003,CRITICAL
1057,9.999999800000003e-09,9.999999800000003e-09,0.9999999800000003,CRITICAL
1058,9.999999800000003e-09,9.999999800000003e-09,0.9999999800000003,CRITICAL
1059,9.999999800000003e-09,9.999999800000003e-09,0.9999999800000003,CRITICAL
1060,9.999999800000003e-09,9.999999800000003e-09,0.9999999800000003,CRITICAL
1061,9.999999800000003e-09,9.999999800000003e-09,0.9999999800000003,CRITICAL
1062,0.9999999800000006,9.999999800000005e-09,9.999999800000005e-09,NORMAL
1063,0.9999999800000006,9.999999800000005e-09,9.999999800000005e-09,NORMAL
1064,0.9999999800000006,9.999999800000005e-09,9.999999800000005e-09,NORMAL
1065,0.9999999800000006,9.999999800000005e-09,9.999999800000005e-09,NORMAL
1066,0.9999999800000006,9.999999800000005e-09,9.999999800000005e-09,NORMAL
1067,0.9999999800000006,9.999999800000005e-09,9.999999800000005e-09,NORMAL
1068,0.9999999800000006,9.999999800000005e-09,9.999999800000005e-09,NORMAL
1069,0.9999999800000006,9.999999800000005e-09,9.999999800000005e-09,NORMAL
1070,0.9999999800000006,9.999999800000005e-09,9.999999800000005e-09,NORMAL
1071,0.9999999800000006,9.999999800000005e-09,9.999999800000005e-09,NORMAL
1072,0.9999999800000006,9.999999800000005e-09,9.999999800000005e-09,NORMAL
1073,0.9999999800000006,9.999999800000005e-09,9.999999800000005e-09,NORMAL
1074,0.9999999800000006,9.999999800000005e-09,9.999999800000005e-09,NORMAL
1075,0.9999999800000006,9.999999800000005e-09,9.999999800000005e-09,NORMAL
1076,0.9999999800000006,9.999999800000005e-09,9.999999800000005e-09,NORMAL
1077,0.9999999800000006,9.999999800000005e-09,9.999999800000005e-09,NORMAL
1078,0.9999999800000006,9.999999800000005e-09,9.999999800000005e-09,NORMAL
1079,0.9999999800000006,9.999999800000005e-09,9.999999800000005e-09,NORMAL
1080,0.9999999800000006,9.999999800000005e-09,9.999999800000005e-09,NORMAL
1081,0.9999999800000006,9.999999800000005e-09,9.999999800000005e-09,NORMAL
1082,0.9999999800000006,9.999999800000005e-09,9.999999800000005e-09,NORMAL
1083,0.9999999800000006,9.999999800000005e-09,9.999999800000005e-09,NORMAL
1084,0.9999999800000006,9.999999800000005e-09,9.999999800000005e-09,NORMAL
1085,0.9999999800000006,9.999999800000005e-09,9.999999800000005e-09,NORMAL
1086,0.9999999800000006,9.999999800000005e-09,9.999999800000005e-09,NORMAL
1087,0.9999999800000006,9.999999800000005e-09,9.999999800000005e-09,NORMAL
1088,0.9999999800000006,9.999999800000005e-09,9.999999800000005e-09,NORMAL
1089,0.9999999800000006,9.999999800000005e-09,9.999999800000005e-09,NORMAL
1090,0.9999999800000006,9.999999800000005e-09,9.999999800000005e-09,NORMAL
1091,0.9999999800000006,9.999999800000005e-09,9.999999800000005e-09,NORMAL
1092,0.9999999800000006,9.999999800000005e-09,9.999999800000005e-09,NORMAL
1093,0.9999999800000006,9.999999800000005e-09,9.999999800000005e-09,NORMAL
1094,0.9999999800000006,9.999999800000005e-09,9.999999800000005e-09,NORMAL
1095,0.9999999800000006,9.999999800000005e-09,9.999999800000005e-09,NORMAL
1096,0.9999999800000006,9.999999800000005e-09,9.999999800000005e-09,NORMAL
1097,0.9999999800000006,9.999999800000005e-09,9.999999800000005e-09,NORMAL
1098,0.9999999800000006,9.999999800000005e-09,9.999999800000005e-09,NORMAL
1099,0.9999999800000006,9.999999800000005e-09,9.999999800000005e-09,NORMAL
1100,0.3000008768021052,8.858021049072133e-07,0.6999982373957899,CRITICAL
1101,0.09000027004063142,0.7000002517406319,0.20999947821873688,CRITICAL
1102,0.027000088012189293,0.9100000615221899,0.06299985046562093,CRITICAL
1103,0.008100033403656648,0.9730000044566574,0.01889996213968614,WARNING
1104,0.0024300170210968548,0.9918999873369976,0.005669995641905703,WARNING
1105,0.000729008875132252,0.6466503013957576,0.35262068972911015,CRITICAL
1106,0.0002187086625396242,0.29399508956158443,0.7057862017758759,CRITICAL
1107,0.9999999800000006,9.999999800000005e-09,9.999999800000005e-09,NORMAL
1108,0.9999999800000006,9.999999800000005e-09,9.999999800000005e-09,NORMAL
1109,0.892307680840237,0.10769230969822481,9.461538341893494e-09,NORMAL
1110,0.267692311252071,0.7323076789094678,9.838461362568052e-09,WARNING
1111,0.08030770037562117,0.9196922896728408,9.951538268770418e-09,WARNING
1112,0.024092317112686217,0.9759076729018527,9.98546134063113e-09,WARNING
1113,0.007227702133805726,0.9927722878705563,9.995638262189342e-09,WARNING
1114,0.002168317640141578,0.9978316723611673,9.998691338656805e-09,WARNING
1115,0.0006505012920424221,0.39934950085120735,0.5999999978567503,CRITICAL
1116,1.1195284577749134e-08,0.0007796159176705526,0.9992203728870448,CRITICAL
1117,1.0353714043853588e-08,0.0007210107272878543,0.9992789789189981,CRITICAL
1118,1.0101242883684925e-08,0.0007034291701730448,0.9992965607285841,CRITICAL
1119,1.0025501535634325e-08,0.0006981547030386019,0.9993018352714599,CRITICAL
1120,1.0002779131219146e-08,0.0006965723628982691,0.9993034176343226,CRITICAL
1121,9.99596240989459e-09,0.0006960976608561692,0.9993038923431814,CRITICAL
1122,9.993917393497226e-09,0.0006959552502435393,0.9993040347558391,CRITICAL
1123,9.993303888578015e-09,0.0006959125270597503,0.9993040774796365,CRITICAL
1124,9.993119837102252e-09,0.0006958997101046136,0.9993040902967756,CRITICAL
1125,1.1195284577749134e-08,0.0007796159176705526,0.9992203728870448,CRITICAL
1126,1.0353714043853588e-08,0.0007210107272878543,0.9992789789189981,CRITICAL
1127,1.0101242883684925e-08,0.0007034291701730448,0.9992965607285841,CRITICAL
1128,1.0025501535634325e-08,0.0006981547030386019,0.9993018352714599,CRITICAL
1129,1.0002779131219146e-08,0.0006965723628982691,0.9993034176343226,CRITICAL
1130,9.99596240989459e-09,0.0006960976608561692,0.9993038923431814,CRITICAL
1131,9.993917393497226e-09,0.0006959552502435393,0.9993040347558391,CRITICAL
1132,9.993303888578015e-09,0.0006959125270597503,0.9993040774796365,CRITICAL
1133,9.993119837102252e-09,0.0006958997101046136,0.9993040902967756,CRITICAL
1134,9.999999800000003e-09,9.999999800000003e-09,0.9999999800000003,CRITICAL
1135,9.999999800000003e-09,9.999999800000003e-09,0.9999999800000003,CRITICAL
1136,9.999999800000003e-09,9.999999800000003e-09,0.9999999800000003,CRITICAL
1137,9.999999800000003e-09,9.999999800000003e-09,0.9999999800000003,CRITICAL
1138,9.999999800000003e-09,9.999999800000003e-09,0.9999999800000003,CRITICAL
1139,9.999999800000003e-09,9.999999800000003e-09,0.9999999800000003,CRITICAL
1140,9.999999800000003e-09,9.999999800000003e-09,0.9999999800000003,CRITICAL
1141,9.999999800000003e-09,9.999999800000003e-09,0.9999999800000003,CRITICAL
1142,9.999999800000003e-09,9.999999800000003e-09,0.9999999800000003,CRITICAL
1143,9.999999800000003e-09,9.999999800000003e-09,0.9999999800000003,CRITICAL
1144,9.999999800000003e-09,9.999999800000003e-09,0.9999999800000003,CRITICAL
1145,9.999999800000003e-09,9.999999800000003e-09,0.9999999800000003,CRITICAL
1146,9.999999800000003e-09,9.999999800000003e-09,0.9999999800000003,CRITICAL
1147,9.999999800000003e-09,9.999999800000003e-09,0.9999999800000003,CRITICAL
1148,9.999999800000003e-09,9.999999800000003e-09,0.9999999800000003,CRITICAL
1149,9.999999800000003e-09,9.999999800000003e-09,0.9999999800000003,CRITICAL
1150,9.999999800000003e-09,9.999999800000003e-09,0.9999999800000003,CRITICAL
1151,9.999999800000003e-09,9.999999800000003e-09,0.9999999800000003,CRITICAL
1152,9.999999800000005e-09,0.9999999800000006,9.999999800000005e-09,WARNING
1153,8.037709525392866e-09,0.8037709525392867,0.19622903942300396,CRITICAL
1154,9.411312717617861e-09,0.24113129276178588,0.7588686978269015,CRITICAL
1155,9.823393675285361e-09,0.07233939482853563,0.9276605953480708,CRITICAL
1156,9.94701796258561e-09,0.021701825448560554,0.9782981646044215,CRITICAL
1157,9.984105248775687e-09,0.0065105546345680275,0.9934894353813267,CRITICAL
1158,9.995231434632708e-09,0.0019531733903702686,0.9980468166143983,CRITICAL
1159,9.998569290389815e-09,0.0005859590171109406,0.9994140309843198,CRITICAL
1160,9.999570647116948e-09,0.00017579470513314223,0.9998241952952962,CRITICAL
1161,9.999999800000005e-09,0.9999999800000006,9.999999800000005e-09,WARNING
1162,7.637616470407148e-09,0.7637616470407149,0.2362383453216688,CRITICAL
1163,9.291284801122147e-09,0.22912850111221436,0.7708714895965009,CRITICAL
1164,9.787385300336647e-09,0.06873855733366417,0.9312614328789506,CRITICAL
1165,9.936215450100996e-09,0.020621574200099115,0.9793784158636855,CRITICAL
1166,9.980864495030302e-09,0.006186479260029595,0.993813510759106,CRITICAL
1167,9.994259208509093e-09,0.0018559507780087387,0.9981440392277321,CRITICAL
1168,9.99827762255273e-09,0.0005567922334024818,0.9994431977683199,CRITICAL
1169,9.999483146765821e-09,0.00016704467002060457,0.9998329453304963,CRITICAL
1170,9.999999800000003e-09,9.999999800000003e-09,0.9999999800000003,CRITICAL
1171,9.999999800000003e-09,9.999999800000003e-09,0.9999999800000003,CRITICAL
1172,9.999999800000003e-09,9.999999800000003e-09,0.9999999800000003,CRITICAL
1173,9.999999800000003e-09,9.999999800000003e-09,0.9999999800000003,CRITICAL
1174,9.999999800000003e-09,9.999999800000003e-09,0.9999999800000003,CRITICAL
1175,9.999999800000003e-09,9.999999800000003e-09,0.9999999800000003,CRITICAL
1176,9.999999800000003e-09,9.999999800000003e-09,0.9999999800000003,CRITICAL
1177,9.999999800000003e-09,9.999999800000003e-09,0.9999999800000003,CRITICAL
1178,9.999999800000003e-09,9.999999800000003e-09,0.9999999800000003,CRITICAL
1179,9.999999800000003e-09,9.999999800000003e-09,0.9999999800000003,CRITICAL
1180,9.999999800000003e-09,9.999999800000003e-09,0.9999999800000003,CRITICAL
1181,9.999999800000003e-09,9.999999800000003e-09,0.9999999800000003,CRITICAL
1182,9.999999800000003e-09,9.999999800000003e-09,0.9999999800000003,CRITICAL
1183,9.999999800000003e-09,9.999999800000003e-09,0.9999999800000003,CRITICAL
1184,9.999999800000003e-09,9.999999800000003e-09,0.9999999800000003,CRITICAL
1185,9.999999800000003e-09,9.999999800000003e-09,0.9999999800000003,CRITICAL
1186,9.999999800000003e-09,9.999999800000003e-09,0.9999999800000003,CRITICAL
1187,9.999999800000003e-09,9.999999800000003e-09,0.9999999800000003,CRITICAL
1188,9.999999800000003e-09,9.999999800000003e-09,0.9999999800000003,CRITICAL
1189,9.999999800000003e-09,9.999999800000003e-09,0.9999999800000003,CRITICAL
1190,9.999999800000003e-09,9.999999800000003e-09,0.9999999800000003,CRITICAL
1191,9.999999800000003e-09,9.999999800000003e-09,0.9999999800000003,CRITICAL
1192,9.999999800000003e-09,9.999999800000003e-09,0.9999999800000003,CRITICAL
1193,9.999999800000003e-09,9.999999800000003e-09,0.9999999800000003,CRITICAL
1194,9.999999800000003e-09,9.999999800000003e-09,0.9999999800000003,CRITICAL
1195,9.999999800000003e-09,9.999999800000003e-09,0.9999999800000003,CRITICAL
1196,9.999999800000003e-09,9.999999800000003e-09,0.9999999800000003,CRITICAL
1197,9.999999800000003e-09,9.999999800000003e-09,0.9999999800000003,CRITICAL
1198,9.999999800000003e-09,9.999999800000003e-09,0.9999999800000003,CRITICAL
1199,9.999999800000003e-09,9.999999800000003e-09,0.9999999800000003,CRITICAL
1200,9.999999800000003e-09,9.999999800000003e-09,0.9999999800000003,CRITICAL
1201,9.999999800000003e-09,9.999999800000003e-09,0.9999999800000003,CRITICAL
1202,9.999999800000003e-09,9.999999800000003e-09,0.9999999800000003,CRITICAL
1203,9.999999800000003e-09,9.999999800000003e-09,0.9999999800000003,CRITICAL
1204,9.999999800000003e-09,9.999999800000003e-09,0.9999999800000003,CRITICAL
1205,9.999999800000003e-09,9.999999800000003e-09,0.9999999800000003,CRITICAL
1206,9.999999800000003e-09,9.999999800000003e-09,0.9999999800000003,CRITICAL
1207,9.999999800000003e-09,9.999999800000003e-09,0.9999999800000003,CRITICAL
1208,9.999999800000003e-09,9.999999800000003e-09,0.9999999800000003,CRITICAL
1209,9.999999800000003e-09,9.999999800000003e-09,0.9999999800000003,CRITICAL
1210,9.999999800000003e-09,9.999999800000003e-09,0.9999999800000003,CRITICAL
1211,9.999999800000003e-09,9.999999800000003e-09,0.9999999800000003,CRITICAL
1212,9.999999800000003e-09,9.999999800000003e-09,0.9999999800000003,CRITICAL
1213,9.999999800000003e-09,9.999999800000003e-09,0.9999999800000003,CRITICAL
1214,9.999999800000003e-09,9.999999800000003e-09,0.9999999800000003,CRITICAL
1215,9.999999800000003e-09,9.999999800000003e-09,0.9999999800000003,CRITICAL
1216,9.999999800000003e-09,9.999999800000003e-09,0.9999999800000003,CRITICAL
1217,9.999999800000003e-09,9.999999800000003e-09,0.9999999800000003,CRITICAL
1218,9.999999800000003e-09,9.999999800000003e-09,0.9999999800000003,CRITICAL
1219,9.999999800000003e-09,9.999999800000003e-09,0.9999999800000003,CRITICAL
1220,9.999999800000003e-09,9.999999800000003e-09,0.9999999800000003,CRITICAL
1221,9.999999800000003e-09,9.999999800000003e-09,0.9999999800000003,CRITICAL
1222,9.999999800000003e-09,9.999999800000003e-09,0.9999999800000003,CRITICAL
1223,9.999999800000003e-09,9.999999800000003e-09,0.9999999800000003,CRITICAL
1224,9.999999800000005e-09,0.9999999800000006,9.999999800000005e-09,WARNING
1225,9.999999800000005e-09,0.9999999800000006,9.999999800000005e-09,WARNING
1226,9.999999800000005e-09,0.9999999800000006,9.999999800000005e-09,WARNING
1227,9.999999800000005e-09,0.9999999800000006,9.999999800000005e-09,WARNING
1228,9.999999800000005e-09,0.9999999800000006,9.999999800000005e-09,WARNING
1229,9.999999800000005e-09,0.9999999800000006,9.999999800000005e-09,WARNING
1230,9.999999800000005e-09,0.9999999800000006,9.999999800000005e-09,WARNING
1231,9.999999800000005e-09,0.9999999800000006,9.999999800000005e-09,WARNING
1232,9.999999800000005e-09,0.9999999800000006,9.999999800000005e-09,WARNING
1233,9.999999800000005e-09,0.9999999800000006,9.999999800000005e-09,WARNING
1234,9.999999800000005e-09,0.9999999800000006,9.999999800000005e-09,WARNING
1235,9.999999800000005e-09,0.9999999800000006,9.999999800000005e-09,WARNING
1236,9.999999800000005e-09,0.9999999800000006,9.999999800000005e-09,WARNING
1237,9.999999800000005e-09,0.9999999800000006,9.999999800000005e-09,WARNING
1238,9.999999800000005e-09,0.9999999800000006,9.999999800000005e-09,WARNING
1239,9.999999800000005e-09,0.9999999800000006,9.999999800000005e-09,WARNING
1240,9.999999800000005e-09,0.9999999800000006,9.999999800000005e-09,WARNING
1241,9.999999800000005e-09,0.9999999800000006,9.999999800000005e-09,WARNING
1242,0.9999999800000006,9.999999800000005e-09,9.999999800000005e-09,NORMAL
1243,0.9999999800000006,9.999999800000005e-09,9.999999800000005e-09,NORMAL
1244,0.9999999800000006,9.999999800000005e-09,9.999999800000005e-09,NORMAL
1245,0.9999999800000006,9.999999800000005e-09,9.999999800000005e-09,NORMAL
1246,0.9999999800000006,9.999999800000005e-09,9.999999800000005e-09,NORMAL
1247,0.9999999800000006,9.999999800000005e-09,9.999999800000005e-09,NORMAL
1248,0.9999999800000006,9.999999800000005e-09,9.999999800000005e-09,NORMAL
1249,0.30000000100000007,0.6999999890000003,9.999999800000005e-09,WARNING
1250,0.09000000729999989,0.9099999827000005,9.999999800000005e-09,WARNING
1251,0.9999999800000006,9.999999800000005e-09,9.999999800000005e-09,NORMAL
1252,0.9999999800000006,9.999999800000005e-09,9.999999800000005e-09,NORMAL
1253,0.9999999800000006,9.999999800000005e-09,9.999999800000005e-09,NORMAL
1254,0.9999999800000006,9.999999800000005e-09,9.999999800000005e-09,NORMAL
1255,0.9999999800000006,9.999999800000005e-09,9.999999800000005e-09,NORMAL
1256,0.9999999800000006,9.999999800000005e-09,9.999999800000005e-09,NORMAL
1257,0.9999999800000006,9.999999800000005e-09,9.999999800000005e-09,NORMAL
1258,0.30000000100000007,0.6999999890000003,9.999999800000005e-09,WARNING
1259,0.09000000729999989,0.9099999827000005,9.999999800000005e-09,WARNING
1260,9.999999800000003e-09,9.999999800000003e-09,0.9999999800000003,CRITICAL
1261,9.999999800000003e-09,9.999999800000003e-09,0.9999999800000003,CRITICAL
1262,9.999999800000003e-09,9.999999800000003e-09,0.9999999800000003,CRITICAL
1263,9.999999800000003e-09,9.999999800000003e-09,0.9999999800000003,CRITICAL
1264,9.999999800000003e-09,9.999999800000003e-09,0.9999999800000003,CRITICAL
1265,9.999999800000003e-09,9.999999800000003e-09,0.9999999800000003,CRITICAL
1266,9.999999800000003e-09,9.999999800000003e-09,0.9999999800000003,CRITICAL
1267,9.999999800000003e-09,9.999999800000003e-09,0.9999999800000003,CRITICAL
1268,9.999999800000003e-09,9.999999800000003e-09,0.9999999800000003,CRITICAL
1269,9.999999800000003e-09,9.999999800000003e-09,0.9999999800000003,CRITICAL
1270,9.999999800000003e-09,9.999999800000003e-09,0.9999999800000003,CRITICAL
1271,9.999999800000003e-09,9.999999800000003e-09,0.9999999800000003,CRITICAL
1272,9.999999800000003e-09,9.999999800000003e-09,0.9999999800000003,CRITICAL
1273,9.999999800000003e-09,9.999999800000003e-09,0.9999999800000003,CRITICAL
1274,9.999999800000003e-09,9.999999800000003e-09,0.9999999800000003,CRITICAL
1275,9.999999800000003e-09,9.999999800000003e-09,0.9999999800000003,CRITICAL
1276,9.999999800000003e-09,9.999999800000003e-09,0.9999999800000003,CRITICAL
1277,9.999999800000003e-09,9.999999800000003e-09,0.9999999800000003,CRITICAL
1278,9.999999800000003e-09,9.999999800000003e-09,0.9999999800000003,CRITICAL
1279,9.999999800000003e-09,9.999999800000003e-09,0.9999999800000003,CRITICAL
1280,9.999999800000003e-09,9.999999800000003e-09,0.9999999800000003,CRITICAL
1281,9.999999800000003e-09,9.999999800000003e-09,0.9999999800000003,CRITICAL
1282,9.999999800000003e-09,9.999999800000003e-09,0.9999999800000003,CRITICAL
1283,9.999999800000003e-09,9.999999800000003e-09,0.9999999800000003,CRITICAL
1284,9.999999800000003e-09,9.999999800000003e-09,0.9999999800000003,CRITICAL
1285,9.999999800000003e-09,9.999999800000003e-09,0.9999999800000003,CRITICAL
1286,9.999999800000003e-09,9.999999800000003e-09,0.9999999800000003,CRITICAL
1287,9.999999800000003e-09,9.999999800000003e-09,0.9999999800000003,CRITICAL
1288,9.999999800000003e-09,9.999999800000003e-09,0.9999999800000003,CRITICAL
1289,9.999999800000003e-09,9.999999800000003e-09,0.9999999800000003,CRITICAL
1290,9.999999800000003e-09,9.999999800000003e-09,0.9999999800000003,CRITICAL
1291,9.999999800000003e-09,9.999999800000003e-09,0.9999999800000003,CRITICAL
1292,9.999999800000003e-09,9.999999800000003e-09,0.9999999800000003,CRITICAL
1293,9.999999800000003e-09,9.999999800000003e-09,0.9999999800000003,CRITICAL
1294,9.999999800000003e-09,9.999999800000003e-09,0.9999999800000003,CRITICAL
1295,9.999999800000003e-09,9.999999800000003e-09,0.9999999800000003,CRITICAL
1296,0.9993040957898353,0.0006958942171238407,9.993040957898353e-09,NORMAL
1297,0.9993040957898353,0.0006958942171238407,9.993040957898353e-09,NORMAL
1298,0.9993040957898353,0.0006958942171238407,9.993040957898353e-09,NORMAL
1299,0.9993040957898353,0.0006958942171238407,9.993040957898353e-09,NORMAL
1300,0.9993040957898353,0.0006958942171238407,9.993040957898353e-09,NORMAL
1301,0.9993040957898353,0.0006958942171238407,9.993040957898353e-09,NORMAL
1302,0.9993040957898353,0.0006958942171238407,9.993040957898353e-09,NORMAL
1303,0.9993040957898353,0.0006958942171238407,9.993040957898353e-09,NORMAL
1304,0.9993040957898353,0.0006958942171238407,9.993040957898353e-09,NORMAL
1305,0.9993040957898353,0.0006958942171238407,9.993040957898353e-09,NORMAL
1306,0.9993040957898353,0.0006958942171238407,9.993040957898353e-09,NORMAL
1307,0.9993040957898353,0.0006958942171238407,9.993040957898353e-09,NORMAL
1308,0.9993040957898353,0.0006958942171238407,9.993040957898353e-09,NORMAL
1309,0.9993040957898353,0.0006958942171238407,9.993040957898353e-09,NORMAL
1310,0.9993040957898353,0.0006958942171238407,9.993040957898353e-09,NORMAL
1311,0.9993040957898353,0.0006958942171238407,9.993040957898353e-09,NORMAL
1312,0.9993040957898353,0.0006958942171238407,9.993040957898353e-09,NORMAL
1313,0.9993040957898353,0.0006958942171238407,9.993040957898353e-09,NORMAL
1314,9.993040957898353e-09,0.0006958942171238407,0.9993040957898353,CRITICAL
1315,9.993040957898353e-09,0.0006958942171238407,0.9993040957898353,CRITICAL
1316,1.007126561509184e-08,0.0007013416166498495,0.9992986483120846,CRITICAL
1317,1.00165083550564e-08,0.0006975284369816434,0.99930246154651,CRITICAL
1318,1.0000081177045767e-08,0.0006963844830811815,0.9993036055168376,CRITICAL
1319,9.995153023642577e-09,0.000696041296911043,0.9993039487079359,CRITICAL
1320,1.0071899234815107e-08,0.0007013857405860102,0.9992986041875147,CRITICAL
1321,1.0094923098166866e-08,0.0007029890736885004,0.9992970008313884,CRITICAL
1322,1.0202839856418976e-08,0.000710504168274302,0.9992894856288859,CRITICAL
1323,9.993040957898353e-09,0.0006958942171238407,0.9993040957898353,CRITICAL
1324,1.007126561509184e-08,0.0007013416166498495,0.9992986483120846,CRITICAL
1325,1.00165083550564e-08,0.0006975284369816434,0.99930246154651,CRITICAL
1326,1.0000081177045767e-08,0.0006963844830811815,0.9993036055168376,CRITICAL
1327,9.995153023642577e-09,0.000696041296911043,0.9993039487079359,CRITICAL
1328,9.99367457762162e-09,0.0006959383410600013,0.9993040516652654,CRITICAL
1329,9.993231043815333e-09,0.0006959074543046889,0.9993040825524643,CRITICAL
1330,1.0071322640866934e-08,0.0007013455878041039,0.9992986443408733,CRITICAL
1331,1.0016525462788928e-08,0.0006975296283279197,0.9993024603551467,CRITICAL
1332,9.999999800000003e-09,9.999999800000003e-09,0.9999999800000003,CRITICAL
1333,9.999999800000003e-09,9.999999800000003e-09,0.9999999800000003,CRITICAL
1334,9.999999800000003e-09,9.999999800000003e-09,0.9999999800000003,CRITICAL
1335,9.999999800000003e-09,9.999999800000003e-09,0.9999999800000003,CRITICAL
1336,9.999999800000003e-09,9.999999800000003e-09,0.9999999800000003,CRITICAL
1337,9.999999800000003e-09,9.999999800000003e-09,0.9999999800000003,CRITICAL
1338,9.999999800000003e-09,9.999999800000003e-09,0.9999999800000003,CRITICAL
1339,9.999999800000003e-09,9.999999800000003e-09,0.9999999800000003,CRITICAL
1340,9.999999800000003e-09,9.999999800000003e-09,0.9999999800000003,CRITICAL
1341,9.999999800000003e-09,9.999999800000003e-09,0.9999999800000003,CRITICAL
1342,9.999999800000003e-09,9.999999800000003e-09,0.9999999800000003,CRITICAL
1343,9.999999800000003e-09,9.999999800000003e-09,0.9999999800000003,CRITICAL
1344,9.999999800000003e-09,9.999999800000003e-09,0.9999999800000003,CRITICAL
1345,9.999999800000003e-09,9.999999800000003e-09,0.9999999800000003,CRITICAL
1346,9.999999800000003e-09,9.999999800000003e-09,0.9999999800000003,CRITICAL
1347,9.999999800000003e-09,9.999999800000003e-09,0.9999999800000003,CRITICAL
1348,9.999999800000003e-09,9.999999800000003e-09,0.9999999800000003,CRITICAL
1349,9.999999800000003e-09,9.999999800000003e-09,0.9999999800000003,CRITICAL
1350,0.9999999800000006,9.999999800000005e-09,9.999999800000005e-09,NORMAL
1351,0.9999999800000006,9.999999800000005e-09,9.999999800000005e-09,NORMAL
1352,0.9999999800000006,9.999999800000005e-09,9.999999800000005e-09,NORMAL
1353,0.9999999800000006,9.999999800000005e-09,9.999999800000005e-09,NORMAL
1354,0.9999999800000006,9.999999800000005e-09,9.999999800000005e-09,NORMAL
1355,0.9999999800000006,9.999999800000005e-09,9.999999800000005e-09,NORMAL
1356,0.9999999800000006,9.999999800000005e-09,9.999999800000005e-09,NORMAL
1357,0.9999999800000006,9.999999800000005e-09,9.999999800000005e-09,NORMAL
1358,0.9999999800000006,9.999999800000005e-09,9.999999800000005e-09,NORMAL
1359,0.9999999800000006,9.999999800000005e-09,9.999999800000005e-09,NORMAL
1360,0.9999999800000006,9.999999800000005e-09,9.999999800000005e-09,NORMAL
1361,0.9999999800000006,9.999999800000005e-09,9.999999800000005e-09,NORMAL
1362,0.9999999800000006,9.999999800000005e-09,9.999999800000005e-09,NORMAL
1363,0.9999999800000006,9.999999800000005e-09,9.999999800000005e-09,NORMAL
1364,0.9999999800000006,9.999999800000005e-09,9.999999800000005e-09,NORMAL
1365,0.9999999800000006,9.999999800000005e-09,9.999999800000005e-09,NORMAL
1366,0.9999999800000006,9.999999800000005e-09,9.999999800000005e-09,NORMAL
1367,0.9999999800000006,9.999999800000005e-09,9.999999800000005e-09,NORMAL
1368,9.993040957898353e-09,0.0006958942171238407,0.9993040957898353,CRITICAL
1369,9.993040957898353e-09,0.0006958942171238407,0.9993040957898353,CRITICAL
1370,9.993040957898353e-09,0.0006958942171238407,0.9993040957898353,CRITICAL
1371,9.993040957898353e-09,0.0006958942171238407,0.9993040957898353,CRITICAL
1372,9.993040957898353e-09,0.0006958942171238407,0.9993040957898353,CRITICAL
1373,9.993040957898353e-09,0.0006958942171238407,0.9993040957898353,CRITICAL
1374,9.993040957898353e-09,0.0006958942171238407,0.9993040957898353,CRITICAL
1375,9.993040957898353e-09,0.0006958942171238407,0.9993040957898353,CRITICAL
1376,9.993040957898353e-09,0.0006958942171238407,0.9993040957898353,CRITICAL
1377,9.993040957898353e-09,0.0006958942171238407,0.9993040957898353,CRITICAL
1378,9.993040957898353e-09,0.0006958942171238407,0.9993040957898353,CRITICAL
1379,9.993040957898353e-09,0.0006958942171238407,0.9993040957898353,CRITICAL
1380,9.993040957898353e-09,0.0006958942171238407,0.9993040957898353,CRITICAL
1381,9.993040957898353e-09,0.0006958942171238407,0.9993040957898353,CRITICAL
1382,9.993040957898353e-09,0.0006958942171238407,0.9993040957898353,CRITICAL
1383,9.993040957898353e-09,0.0006958942171238407,0.9993040957898353,CRITICAL
1384,9.993040957898353e-09,0.0006958942171238407,0.9993040957898353,CRITICAL
1385,9.993040957898353e-09,0.0006958942171238407,0.9993040957898353,CRITICAL
1386,9.993040957898353e-09,0.0006958942171238407,0.9993040957898353,CRITICAL
1387,9.993040957898353e-09,0.0006958942171238407,0.9993040957898353,CRITICAL
1388,9.993040957898353e-09,0.0006958942171238407,0.9993040957898353,CRITICAL
1389,9.993040957898353e-09,0.0006958942171238407,0.9993040957898353,CRITICAL
1390,9.993040957898353e-09,0.0006958942171238407,0.9993040957898353,CRITICAL
1391,9.993040957898353e-09,0.0006958942171238407,0.9993040957898353,CRITICAL
1392,9.993040957898353e-09,0.0006958942171238407,0.9993040957898353,CRITICAL
1393,9.993040957898353e-09,0.0006958942171238407,0.9993040957898353,CRITICAL
1394,9.993040957898353e-09,0.0006958942171238407,0.9993040957898353,CRITICAL
1395,9.993040957898353e-09,0.0006958942171238407,0.9993040957898353,CRITICAL
1396,9.993040957898353e-09,0.0006958942171238407,0.9993040957898353,CRITICAL
1397,9.993040957898353e-09,0.0006958942171238407,0.9993040957898353,CRITICAL
1398,9.993040957898353e-09,0.0006958942171238407,0.9993040957898353,CRITICAL
1399,9.993040957898353e-09,0.0006958942171238407,0.9993040957898353,CRITICAL
1400,9.993040957898353e-09,0.0006958942171238407,0.9993040957898353,CRITICAL
1401,9.993040957898353e-09,0.0006958942171238407,0.9993040957898353,CRITICAL
1402,9.993040957898353e-09,0.0006958942171238407,0.9993040957898353,CRITICAL
1403,9.993040957898353e-09,0.0006958942171238407,0.9993040957898353,CRITICAL
1404,9.999999800000005e-09,0.9999999800000006,9.999999800000005e-09,CRITICAL
1405,3.566666355777807e-08,0.999999928666673,3.566666355777807e-08,CRITICAL
1406,1.769512773786227e-08,0.3004871045519886,0.6995128777528837,CRITICAL
1407,1.2303666991887529e-08,0.09063325731758329,0.9093667303787498,CRITICAL
1408,1.0686228768095107e-08,0.02767710314726168,0.9723228861665096,CRITICAL
1409,1.020099730095738e-08,0.008790256896165194,0.9912097329028375,CRITICAL
1410,1.0055427860816061e-08,0.003124203020836247,0.9968757869237359,CRITICAL
1411,1.0011757028773665e-08,0.0014243868582375628,0.9985756031300055,CRITICAL
1412,9.998655779160947e-09,0.0009144420094579573,0.9990855479918863,CRITICAL
1413,9.999999800000005e-09,0.9999999800000006,9.999999800000005e-09,CRITICAL
1414,1.931255752779348e-08,0.999999961374885,1.931255752779348e-08,CRITICAL
1415,1.278889592886689e-08,0.30048711436445225,0.6995128728466519,CRITICAL
1416,1.0831797449188916e-08,0.09063326026132237,0.9093667289068802,CRITICAL
1417,1.0244667905285522e-08,0.027677104030383405,0.9723228857249487,CRITICAL
1418,1.0068529042114504e-08,0.008790257161101711,0.9912097327703693,CRITICAL
1419,1.0015687383163198e-08,0.0031242031003172023,0.9968757868839955,CRITICAL
1420,9.999834885477808e-09,0.0014243868820818493,0.9985756031180832,CRITICAL
1421,9.99507913617219e-09,0.0009144420166112433,0.9990855479883096,CRITICAL
1422,0.9999999800000006,9.999999800000005e-09,9.999999800000005e-09,NORMAL
1423,0.9999999800000006,9.999999800000005e-09,9.999999800000005e-09,NORMAL
1424,0.9999999800000006,9.999999800000005e-09,9.999999800000005e-09,NORMAL
1425,0.9999999800000006,9.999999800000005e-09,9.999999800000005e-09,NORMAL
1426,0.9999999800000006,9.999999800000005e-09,9.999999800000005e-09,NORMAL
1427,0.9999999800000006,9.999999800000005e-09,9.999999800000005e-09,NORMAL
1428,0.9999999800000006,9.999999800000005e-09,9.999999800000005e-09,NORMAL
1429,0.9999999800000006,9.999999800000005e-09,9.999999800000005e-09,NORMAL
1430,0.9999999800000006,9.999999800000005e-09,9.999999800000005e-09,NORMAL
1431,0.9999999800000006,9.999999800000005e-09,9.999999800000005e-09,NORMAL
1432,0.9999999800000006,9.999999800000005e-09,9.999999800000005e-09,NORMAL
1433,0.9999999800000006,9.999999800000005e-09,9.999999800000005e-09,NORMAL
1434,0.9999999800000006,9.999999800000005e-09,9.999999800000005e-09,NORMAL
1435,0.9999999800000006,9.999999800000005e-09,9.999999800000005e-09,NORMAL
1436,0.9999999800000006,9.999999800000005e-09,9.999999800000005e-09,NORMAL
1437,0.9999999800000006,9.999999800000005e-09,9.999999800000005e-09,NORMAL
1438,0.9999999800000006,9.999999800000005e-09,9.999999800000005e-09,NORMAL
1439,0.9999999800000006,9.999999800000005e-09,9.999999800000005e-09,NORMAL
1440,9.999999800000003e-09,9.999999800000003e-09,0.9999999800000003,CRITICAL
1441,9.999999800000003e-09,9.999999800000003e-09,0.9999999800000003,CRITICAL
1442,9.999999800000003e-09,9.999999800000003e-09,0.9999999800000003,CRITICAL
1443,9.999999800000003e-09,9.999999800000003e-09,0.9999999800000003,CRITICAL
1444,9.999999800000003e-09,9.999999800000003e-09,0.9999999800000003,CRITICAL
1445,9.999999800000003e-09,9.999999800000003e-09,0.9999999800000003,CRITICAL
1446,9.999999800000003e-09,9.999999800000003e-09,0.9999999800000003,CRITICAL
1447,9.999999800000003e-09,9.999999800000003e-09,0.9999999800000003,CRITICAL
1448,9.999999800000003e-09,9.999999800000003e-09,0.9999999800000003,CRITICAL
1449,9.999999800000003e-09,9.999999800000003e-09,0.9999999800000003,CRITICAL
1450,9.999999800000003e-09,9.999999800000003e-09,0.9999999800000003,CRITICAL
1451,9.999999800000003e-09,9.999999800000003e-09,0.9999999800000003,CRITICAL
1452,9.999999800000003e-09,9.999999800000003e-09,0.9999999800000003,CRITICAL
1453,9.999999800000003e-09,9.999999800000003e-09,0.9999999800000003,CRITICAL
1454,9.999999800000003e-09,9.999999800000003e-09,0.9999999800000003,CRITICAL
1455,9.999999800000003e-09,9.999999800000003e-09,0.9999999800000003,CRITICAL
1456,9.999999800000003e-09,9.999999800000003e-09,0.9999999800000003,CRITICAL
1457,9.999999800000003e-09,9.999999800000003e-09,0.9999999800000003,CRITICAL
1458,0.9999999800000006,9.999999800000005e-09,9.999999800000005e-09,NORMAL
1459,0.9999999800000006,9.999999800000005e-09,9.999999800000005e-09,NORMAL
1460,0.9999999800000006,9.999999800000005e-09,9.999999800000005e-09,NORMAL
1461,0.9999999800000006,9.999999800000005e-09,9.999999800000005e-09,NORMAL
1462,0.9999999800000006,9.999999800000005e-09,9.999999800000005e-09,NORMAL
1463,0.9999999800000006,9.999999800000005e-09,9.999999800000005e-09,NORMAL
1464,0.9999999800000006,9.999999800000005e-09,9.999999800000005e-09,NORMAL
1465,0.9999999800000006,9.999999800000005e-09,9.999999800000005e-09,NORMAL
1466,0.9999999800000006,9.999999800000005e-09,9.999999800000005e-09,NORMAL
1467,0.9999999800000006,9.999999800000005e-09,9.999999800000005e-09,NORMAL
1468,0.9999999800000006,9.999999800000005e-09,9.999999800000005e-09,NORMAL
1469,0.9999999800000006,9.999999800000005e-09,9.999999800000005e-09,NORMAL
1470,0.9999999800000006,9.999999800000005e-09,9.999999800000005e-09,NORMAL
1471,0.9999999800000006,9.999999800000005e-09,9.999999800000005e-09,NORMAL
1472,0.9999999800000006,9.999999800000005e-09,9.999999800000005e-09,NORMAL
1473,0.9999999800000006,9.999999800000005e-09,9.999999800000005e-09,NORMAL
1474,0.9999999800000006,9.999999800000005e-09,9.999999800000005e-09,NORMAL
1475,0.9999999800000006,9.999999800000005e-09,9.999999800000005e-09,NORMAL
1476,0.9993040957898353,0.0006958942171238407,9.993040957898353e-09,NORMAL
1477,0.9993040957898353,0.0006958942171238407,9.993040957898353e-09,NORMAL
1478,0.9993040957898353,0.0006958942171238407,9.993040957898353e-09,NORMAL
1479,0.9993040957898353,0.0006958942171238407,9.993040957898353e-09,NORMAL
1480,0.9993040957898353,0.0006958942171238407,9.993040957898353e-09,NORMAL
1481,0.9993040957898353,0.0006958942171238407,9.993040957898353e-09,NORMAL
1482,0.9993040957898353,0.0006958942171238407,9.993040957898353e-09,NORMAL
1483,0.9993040957898353,0.0006958942171238407,9.993040957898353e-09,NORMAL
1484,0.9993040957898353,0.0006958942171238407,9.993040957898353e-09,NORMAL
1485,0.9993040957898353,0.0006958942171238407,9.993040957898353e-09,NORMAL
1486,0.9993040957898353,0.0006958942171238407,9.993040957898353e-09,NORMAL
1487,0.9993040957898353,0.0006958942171238407,9.993040957898353e-09,NORMAL
1488,0.9993040957898353,0.0006958942171238407,9.993040957898353e-09,NORMAL
1489,0.9993040957898353,0.0006958942171238407,9.993040957898353e-09,NORMAL
1490,0.9993040957898353,0.0006958942171238407,9.993040957898353e-09,NORMAL
1491,0.9993040957898353,0.0006958942171238407,9.993040957898353e-09,NORMAL
1492,0.9993040957898353,0.0006958942171238407,9.993040957898353e-09,NORMAL
1493,0.9993040957898353,0.0006958942171238407,9.993040957898353e-09,NORMAL
1494,9.999999800000005e-09,0.9999999800000006,9.999999800000005e-09,WARNING
1495,9.999999800000005e-09,0.9999999800000006,9.999999800000005e-09,WARNING
1496,8.99999988857143e-09,0.39999999314285734,0.5999999978571428,CRITICAL
1497,9.699999826571431e-09,0.12000000494285708,0.8799999853571431,CRITICAL
1498,9.909999807971431e-09,0.036000008482856984,0.9639999816071432,CRITICAL
1499,9.972999802391431e-09,0.010800009544856956,0.9891999804821432,CRITICAL
1500,9.991899800717432e-09,0.0032400098634569473,0.9967599801446432,CRITICAL
1501,9.997569800215232e-09,0.0009720099590369444,0.9990279800433932,CRITICAL
1502,9.999270800064572e-09,0.00029160998771094333,0.9997083800130182,CRITICAL
1503,9.999999800000005e-09,0.9999999800000006,9.999999800000005e-09,WARNING
1504,9.999999800000005e-09,0.9999999800000006,9.999999800000005e-09,WARNING
1505,9.999999800000005e-09,0.9999999800000006,9.999999800000005e-09,WARNING
1506,9.999999800000003e-09,0.30000000100000007,0.6999999890000002,CRITICAL
1507,9.999999800000003e-09,0.09000000729999989,0.9099999827000003,CRITICAL
1508,9.999999800000003e-09,0.027000009189999834,0.9729999808100004,CRITICAL
1509,9.999999800000003e-09,0.00810000975699981,0.9918999802430004,CRITICAL
1510,9.999999800000003e-09,0.0024300099270998035,0.9975699800729004,CRITICAL
1511,9.999999800000003e-09,0.0007290099781298012,0.9992709800218704,CRITICAL
1512,9.999999800000005e-09,0.9999999800000006,9.999999800000005e-09,WARNING
1513,9.999999800000005e-09,0.9999999800000006,9.999999800000005e-09,WARNING
1514,9.999999800000005e-09,0.9999999800000006,9.999999800000005e-09,WARNING
1515,9.999999800000005e-09,0.9999999800000006,9.999999800000005e-09,WARNING
1516,9.999999800000005e-09,0.9999999800000006,9.999999800000005e-09,WARNING
1517,9.999999800000005e-09,0.9999999800000006,9.999999800000005e-09,WARNING
1518,9.999999800000005e-09,0.9999999800000006,9.999999800000005e-09,WARNING
1519,9.999999800000005e-09,0.9999999800000006,9.999999800000005e-09,WARNING
1520,9.999999800000005e-09,0.9999999800000006,9.999999800000005e-09,WARNING
1521,9.999999800000005e-09,0.9999999800000006,9.999999800000005e-09,WARNING
1522,9.999999800000005e-09,0.9999999800000006,9.999999800000005e-09,WARNING
1523,9.999999800000005e-09,0.9999999800000006,9.999999800000005e-09,WARNING
1524,9.999999800000005e-09,0.9999999800000006,9.999999800000005e-09,WARNING
1525,9.999999800000005e-09,0.9999999800000006,9.999999800000005e-09,WARNING
1526,9.999999800000005e-09,0.9999999800000006,9.999999800000005e-09,WARNING
1527,9.999999800000005e-09,0.9999999800000006,9.999999800000005e-09,WARNING
1528,9.999999800000005e-09,0.9999999800000006,9.999999800000005e-09,WARNING
1529,9.999999800000005e-09,0.9999999800000006,9.999999800000005e-09,WARNING
1530,9.999999800000003e-09,9.999999800000003e-09,0.9999999800000003,CRITICAL
1531,9.999999800000003e-09,9.999999800000003e-09,0.9999999800000003,CRITICAL
1532,9.999999800000003e-09,9.999999800000003e-09,0.9999999800000003,CRITICAL
1533,9.999999800000003e-09,9.999999800000003e-09,0.9999999800000003,CRITICAL
1534,9.999999800000003e-09,9.999999800000003e-09,0.9999999800000003,CRITICAL
1535,9.999999800000003e-09,9.999999800000003e-09,0.9999999800000003,CRITICAL
1536,9.999999800000003e-09,9.999999800000003e-09,0.9999999800000003,CRITICAL
1537,9.999999800000003e-09,9.999999800000003e-09,0.9999999800000003,CRITICAL
1538,9.999999800000003e-09,9.999999800000003e-09,0.9999999800000003,CRITICAL
1539,9.999999800000003e-09,9.999999800000003e-09,0.9999999800000003,CRITICAL
1540,9.999999800000003e-09,9.999999800000003e-09,0.9999999800000003,CRITICAL
1541,9.999999800000003e-09,9.999999800000003e-09,0.9999999800000003,CRITICAL
1542,9.999999800000003e-09,9.999999800000003e-09,0.9999999800000003,CRITICAL
1543,9.999999800000003e-09,9.999999800000003e-09,0.9999999800000003,CRITICAL
1544,9.999999800000003e-09,9.999999800000003e-09,0.9999999800000003,CRITICAL
1545,9.999999800000003e-09,9.999999800000003e-09,0.9999999800000003,CRITICAL
1546,9.999999800000003e-09,9.999999800000003e-09,0.9999999800000003,CRITICAL
1547,9.999999800000003e-09,9.999999800000003e-09,0.9999999800000003,CRITICAL
1548,0.9999999800000006,9.999999800000005e-09,9.999999800000005e-09,NORMAL
1549,0.9999999800000006,9.999999800000005e-09,9.999999800000005e-09,NORMAL
1550,0.9999999800000006,9.999999800000005e-09,9.999999800000005e-09,NORMAL
1551,0.9999999800000006,9.999999800000005e-09,9.999999800000005e-09,NORMAL
1552,0.9999999800000006,9.999999800000005e-09,9.999999800000005e-09,NORMAL
1553,0.9999999800000006,9.999999800000005e-09,9.999999800000005e-09,NORMAL
1554,0.9999999800000006,9.999999800000005e-09,9.999999800000005e-09,NORMAL
1555,0.9999999800000006,9.999999800000005e-09,9.999999800000005e-09,NORMAL
1556,0.9999999800000006,9.999999800000005e-09,9.999999800000005e-09,NORMAL
1557,0.9999999800000006,9.999999800000005e-09,9.999999800000005e-09,NORMAL
1558,0.9999999800000006,9.999999800000005e-09,9.999999800000005e-09,NORMAL
1559,0.9999999800000006,9.999999800000005e-09,9.999999800000005e-09,NORMAL
1560,0.9999999800000006,9.999999800000005e-09,9.999999800000005e-09,NORMAL
1561,0.9999999800000006,9.999999800000005e-09,9.999999800000005e-09,NORMAL
1562,0.9999999800000006,9.999999800000005e-09,9.999999800000005e-09,NORMAL
1563,0.9999999800000006,9.999999800000005e-09,9.999999800000005e-09,NORMAL
1564,0.9999999800000006,9.999999800000005e-09,9.999999800000005e-09,NORMAL
1565,0.9999999800000006,9.999999800000005e-09,9.999999800000005e-09,NORMAL
1566,0.9993040957898353,0.0006958942171238407,9.993040957898353e-09,NORMAL
1567,0.9993040957898353,0.0006958942171238407,9.993040957898353e-09,NORMAL
1568,0.9993040957898353,0.0006958942171238407,9.993040957898353e-09,NORMAL
1569,0.9993040957898353,0.0006958942171238407,9.993040957898353e-09,NORMAL
1570,0.9993040957898353,0.0006958942171238407,9.993040957898353e-09,NORMAL
1571,0.9993040957898353,0.0006958942171238407,9.993040957898353e-09,NORMAL
1572,0.9993040957898353,0.0006958942171238407,9.993040957898353e-09,NORMAL
1573,0.9993040957898353,0.0006958942171238407,9.993040957898353e-09,NORMAL
1574,0.9993040957898353,0.0006958942171238407,9.993040957898353e-09,NORMAL
1575,0.9993040957898353,0.0006958942171238407,9.993040957898353e-09,NORMAL
1576,0.9993040957898353,0.0006958942171238407,9.993040957898353e-09,NORMAL
1577,0.9993040957898353,0.0006958942171238407,9.993040957898353e-09,NORMAL
1578,0.9993040957898353,0.0006958942171238407,9.993040957898353e-09,NORMAL
1579,0.9993040957898353,0.0006958942171238407,9.993040957898353e-09,NORMAL
1580,0.9993040957898353,0.0006958942171238407,9.993040957898353e-09,NORMAL
1581,0.9993040957898353,0.0006958942171238407,9.993040957898353e-09,NORMAL
1582,0.9993040957898353,0.0006958942171238407,9.993040957898353e-09,NORMAL
1583,0.9993040957898353,0.0006958942171238407,9.993040957898353e-09,NORMAL
1584,0.9999999800000006,9.999999800000005e-09,9.999999800000005e-09,NORMAL
1585,0.9999999800000006,9.999999800000005e-09,9.999999800000005e-09,NORMAL
1586,0.9999999800000006,9.999999800000005e-09,9.999999800000005e-09,NORMAL
1587,0.9999999800000006,9.999999800000005e-09,9.999999800000005e-09,NORMAL
1588,0.9999999800000006,9.999999800000005e-09,9.999999800000005e-09,NORMAL
1589,0.9999999800000006,9.999999800000005e-09,9.999999800000005e-09,NORMAL
1590,0.9999999800000006,9.999999800000005e-09,9.999999800000005e-09,NORMAL
1591,0.9999999800000006,9.999999800000005e-09,9.999999800000005e-09,NORMAL
1592,0.9999999800000006,9.999999800000005e-09,9.999999800000005e-09,NORMAL
1593,0.9999999800000006,9.999999800000005e-09,9.999999800000005e-09,NORMAL
1594,0.9999999800000006,9.999999800000005e-09,9.999999800000005e-09,NORMAL
1595,0.9999999800000006,9.999999800000005e-09,9.999999800000005e-09,NORMAL
1596,0.9999999800000006,9.999999800000005e-09,9.999999800000005e-09,NORMAL
1597,0.9999999800000006,9.999999800000005e-09,9.999999800000005e-09,NORMAL
1598,0.9999999800000006,9.999999800000005e-09,9.999999800000005e-09,NORMAL
1599,0.9999999800000006,9.999999800000005e-09,9.999999800000005e-09,NORMAL
1600,0.9999999800000006,9.999999800000005e-09,9.999999800000005e-09,NORMAL
1601,0.9999999800000006,9.999999800000005e-09,9.999999800000005e-09,NORMAL
1602,0.9999999800000006,9.999999800000005e-09,9.999999800000005e-09,NORMAL
1603,0.9999999800000006,9.999999800000005e-09,9.999999800000005e-09,NORMAL
1604,0.9999999800000006,9.999999800000005e-09,9.999999800000005e-09,NORMAL
1605,0.9999999800000006,9.999999800000005e-09,9.999999800000005e-09,NORMAL
1606,0.9999999800000006,9.999999800000005e-09,9.999999800000005e-09,NORMAL
1607,0.9999999800000006,9.999999800000005e-09,9.999999800000005e-09,NORMAL
1608,0.9999999800000006,9.999999800000005e-09,9.999999800000005e-09,NORMAL
1609,0.9999999800000006,9.999999800000005e-09,9.999999800000005e-09,NORMAL
1610,0.9999999800000006,9.999999800000005e-09,9.999999800000005e-09,NORMAL
1611,0.9999999800000006,9.999999800000005e-09,9.999999800000005e-09,NORMAL
1612,0.9999999800000006,9.999999800000005e-09,9.999999800000005e-09,NORMAL
1613,0.9999999800000006,9.999999800000005e-09,9.999999800000005e-09,NORMAL
1614,0.9999999800000006,9.999999800000005e-09,9.999999800000005e-09,NORMAL
1615,0.9999999800000006,9.999999800000005e-09,9.999999800000005e-09,NORMAL
1616,0.9999999800000006,9.999999800000005e-09,9.999999800000005e-09,NORMAL
1617,0.9999999800000006,9.999999800000005e-09,9.999999800000005e-09,NORMAL
1618,0.9999999800000006,9.999999800000005e-09,9.999999800000005e-09,NORMAL
1619,0.9999999800000006,9.999999800000005e-09,9.999999800000005e-09,NORMAL
1620,0.9993040957898353,0.0006958942171238407,9.993040957898353e-09,NORMAL
1621,0.9993040957898353,0.0006958942171238407,9.993040957898353e-09,NORMAL
1622,0.9993040957898353,0.0006958942171238407,9.993040957898353e-09,NORMAL
1623,0.9993040957898353,0.0006958942171238407,9.993040957898353e-09,NORMAL
1624,0.9993040957898353,0.0006958942171238407,9.993040957898353e-09,NORMAL
1625,0.9993040957898353,0.0006958942171238407,9.993040957898353e-09,NORMAL
1626,0.9993040957898353,0.0006958942171238407,9.993040957898353e-09,NORMAL
1627,0.9993040957898353,0.0006958942171238407,9.993040957898353e-09,NORMAL
1628,0.9993040957898353,0.0006958942171238407,9.993040957898353e-09,NORMAL
1629,0.9993040957898353,0.0006958942171238407,9.993040957898353e-09,NORMAL
1630,0.9993040957898353,0.0006958942171238407,9.993040957898353e-09,NORMAL
1631,0.9993040957898353,0.0006958942171238407,9.993040957898353e-09,NORMAL
1632,0.9993040957898353,0.0006958942171238407,9.993040957898353e-09,NORMAL
1633,0.9993040957898353,0.0006958942171238407,9.993040957898353e-09,NORMAL
1634,0.9993040957898353,0.0006958942171238407,9.993040957898353e-09,NORMAL
1635,0.9993040957898353,0.0006958942171238407,9.993040957898353e-09,NORMAL
1636,0.9993040957898353,0.0006958942171238407,9.993040957898353e-09,NORMAL
1637,0.9993040957898353,0.0006958942171238407,9.993040957898353e-09,NORMAL
1638,9.999999800000003e-09,9.999999800000003e-09,0.9999999800000003,CRITICAL
1639,9.999999800000003e-09,9.999999800000003e-09,0.9999999800000003,CRITICAL
1640,9.999999800000003e-09,9.999999800000003e-09,0.9999999800000003,CRITICAL
1641,9.999999800000003e-09,9.999999800000003e-09,0.9999999800000003,CRITICAL
1642,9.999999800000003e-09,9.999999800000003e-09,0.9999999800000003,CRITICAL
1643,9.999999800000003e-09,9.999999800000003e-09,0.9999999800000003,CRITICAL
1644,9.999999800000003e-09,9.999999800000003e-09,0.9999999800000003,CRITICAL
1645,9.999999800000003e-09,9.999999800000003e-09,0.9999999800000003,CRITICAL
1646,9.999999800000003e-09,9.999999800000003e-09,0.9999999800000003,CRITICAL
1647,9.999999800000003e-09,9.999999800000003e-09,0.9999999800000003,CRITICAL
1648,9.999999800000003e-09,9.999999800000003e-09,0.9999999800000003,CRITICAL
1649,9.999999800000003e-09,9.999999800000003e-09,0.9999999800000003,CRITICAL
1650,9.999999800000003e-09,9.999999800000003e-09,0.9999999800000003,CRITICAL
1651,9.999999800000003e-09,9.999999800000003e-09,0.9999999800000003,CRITICAL
1652,9.999999800000003e-09,9.999999800000003e-09,0.9999999800000003,CRITICAL
1653,9.999999800000003e-09,9.999999800000003e-09,0.9999999800000003,CRITICAL
1654,9.999999800000003e-09,9.999999800000003e-09,0.9999999800000003,CRITICAL
1655,9.999999800000003e-09,9.999999800000003e-09,0.9999999800000003,CRITICAL
1656,9.993040957898353e-09,0.0006958942171238407,0.9993040957898353,CRITICAL
1657,9.993040957898353e-09,0.0006958942171238407,0.9993040957898353,CRITICAL
1658,9.993040957898353e-09,0.0006958942171238407,0.9993040957898353,CRITICAL
1659,9.993040957898353e-09,0.0006958942171238407,0.9993040957898353,CRITICAL
1660,9.993040957898353e-09,0.0006958942171238407,0.9993040957898353,CRITICAL
1661,9.993040957898353e-09,0.0006958942171238407,0.9993040957898353,CRITICAL
1662,9.993040957898353e-09,0.0006958942171238407,0.9993040957898353,CRITICAL
1663,9.993040957898353e-09,0.0006958942171238407,0.9993040957898353,CRITICAL
1664,9.993040957898353e-09,0.0006958942171238407,0.9993040957898353,CRITICAL
1665,9.993040957898353e-09,0.0006958942171238407,0.9993040957898353,CRITICAL
1666,9.993040957898353e-09,0.0006958942171238407,0.9993040957898353,CRITICAL
1667,9.993040957898353e-09,0.0006958942171238407,0.9993040957898353,CRITICAL
1668,9.993040957898353e-09,0.0006958942171238407,0.9993040957898353,CRITICAL
1669,9.993040957898353e-09,0.0006958942171238407,0.9993040957898353,CRITICAL
1670,9.993040957898353e-09,0.0006958942171238407,0.9993040957898353,CRITICAL
1671,9.993040957898353e-09,0.0006958942171238407,0.9993040957898353,CRITICAL
1672,9.993040957898353e-09,0.0006958942171238407,0.9993040957898353,CRITICAL
1673,9.993040957898353e-09,0.0006958942171238407,0.9993040957898353,CRITICAL
1674,9.999999800000003e-09,9.999999800000003e-09,0.9999999800000003,CRITICAL
1675,9.999999800000003e-09,9.999999800000003e-09,0.9999999800000003,CRITICAL
1676,9.999999800000003e-09,9.999999800000003e-09,0.9999999800000003,CRITICAL
1677,9.999999800000003e-09,9.999999800000003e-09,0.9999999800000003,CRITICAL
1678,9.999999800000003e-09,9.999999800000003e-09,0.9999999800000003,CRITICAL
1679,9.999999800000003e-09,9.999999800000003e-09,0.9999999800000003,CRITICAL
1680,9.999999800000003e-09,9.999999800000003e-09,0.9999999800000003,CRITICAL
1681,9.999999800000003e-09,9.999999800000003e-09,0.9999999800000003,CRITICAL
1682,9.999999800000003e-09,9.999999800000003e-09,0.9999999800000003,CRITICAL
1683,9.999999800000003e-09,9.999999800000003e-09,0.9999999800000003,CRITICAL
1684,9.999999800000003e-09,9.999999800000003e-09,0.9999999800000003,CRITICAL
1685,9.999999800000003e-09,9.999999800000003e-09,0.9999999800000003,CRITICAL
1686,9.999999800000003e-09,9.999999800000003e-09,0.9999999800000003,CRITICAL
1687,9.999999800000003e-09,9.999999800000003e-09,0.9999999800000003,CRITICAL
1688,9.999999800000003e-09,9.999999800000003e-09,0.9999999800000003,CRITICAL
1689,9.999999800000003e-09,9.999999800000003e-09,0.9999999800000003,CRITICAL
1690,9.999999800000003e-09,9.999999800000003e-09,0.9999999800000003,CRITICAL
1691,9.999999800000003e-09,9.999999800000003e-09,0.9999999800000003,CRITICAL
1692,0.05273048459318759,0.9472695059341175,9.472695059341175e-09,WARNING
1693,0.01581915237795614,0.9841808377802357,9.841808377802355e-09,WARNING
1694,0.004745753537692829,0.2957991194388965,0.6994551270234107,CRITICAL
1695,0.0014237332356707758,0.08923934327783671,0.9093369234864925,CRITICAL
1696,0.00042712696582990336,0.027258928935337705,0.9723139440988324,CRITICAL
1697,0.00012814508487764156,0.008664804632588001,0.9912070502825344,CRITICAL
1698,3.8450520591963004e-05,0.003086567341763089,0.996874982137645,CRITICAL
1699,1.1542151306259431e-05,0.0014130961545156153,0.9985753616941782,CRITICAL
1700,3.4698328556990064e-06,0.0009244486110605803,0.9990720815560837,CRITICAL
1701,9.999999800000005e-09,0.9999999800000006,9.999999800000005e-09,CRITICAL
1702,9.999999800000005e-09,0.9999999800000006,9.999999800000005e-09,CRITICAL
1703,1.0824305925297201e-08,0.30054486210482595,0.6994551270708681,CRITICAL
1704,1.0242420448118008e-08,0.09065058458343449,0.9093494051741451,CRITICAL
1705,1.006785480496425e-08,0.027682301327017038,0.9723176886051281,CRITICAL
1706,1.0015485112018122e-08,0.008791816350091802,0.9912081736344232,CRITICAL
1707,9.999774204134284e-09,0.0031246708570142295,0.9968753191432116,CRITICAL
1708,9.995060931769133e-09,0.0014245272090909575,0.9985754627958481,CRITICAL
1709,1.0185982100707402e-08,0.000927877927433183,0.9990721118865846,CRITICAL
1710,9.999999800000005e-09,0.9999999800000006,9.999999800000005e-09,WARNING
1711,9.999999800000003e-09,0.30000000100000007,0.6999999890000002,CRITICAL
1712,9.999999800000003e-09,0.09000000729999989,0.9099999827000003,CRITICAL
1713,9.999999800000003e-09,0.027000009189999834,0.9729999808100004,CRITICAL
1714,9.999999800000003e-09,0.00810000975699981,0.9918999802430004,CRITICAL
1715,9.999999800000003e-09,0.0024300099270998035,0.9975699800729004,CRITICAL
1716,9.999999800000003e-09,0.0007290099781298012,0.9992709800218704,CRITICAL
1717,9.999999800000003e-09,0.0002187099934388004,0.9997812800065614,CRITICAL
1718,9.999999800000003e-09,6.561999803150013e-05,0.9999343700019687,CRITICAL
1719,9.999999800000005e-09,0.9999999800000006,9.999999800000005e-09,WARNING
1720,9.999999800000003e-09,0.30000000100000007,0.6999999890000002,CRITICAL
1721,9.999999800000003e-09,0.09000000729999989,0.9099999827000003,CRITICAL
1722,9.999999800000003e-09,0.027000009189999834,0.9729999808100004,CRITICAL
1723,9.999999800000003e-09,0.00810000975699981,0.9918999802430004,CRITICAL
1724,9.999999800000003e-09,0.0024300099270998035,0.9975699800729004,CRITICAL
1725,9.999999800000003e-09,0.0007290099781298012,0.9992709800218704,CRITICAL
1726,9.999999800000003e-09,0.0002187099934388004,0.9997812800065614,CRITICAL
1727,9.999999800000003e-09,6.561999803150013e-05,0.9999343700019687,CRITICAL
1728,0.9999999800000006,9.999999800000005e-09,9.999999800000005e-09,NORMAL
1729,0.9999999800000006,9.999999800000005e-09,9.999999800000005e-09,NORMAL
1730,0.9999999800000006,9.999999800000005e-09,9.999999800000005e-09,NORMAL
1731,0.9999999800000006,9.999999800000005e-09,9.999999800000005e-09,NORMAL
1732,0.9999999800000006,9.999999800000005e-09,9.999999800000005e-09,NORMAL
1733,0.9999999800000006,9.999999800000005e-09,9.999999800000005e-09,NORMAL
1734,0.9999999800000006,9.999999800000005e-09,9.999999800000005e-09,NORMAL
1735,0.9999999800000006,9.999999800000005e-09,9.999999800000005e-09,NORMAL
1736,0.9999999800000006,9.999999800000005e-09,9.999999800000005e-09,NORMAL
1737,0.9999999800000006,9.999999800000005e-09,9.999999800000005e-09,NORMAL
1738,0.9999999800000006,9.999999800000005e-09,9.999999800000005e-09,NORMAL
1739,0.9999999800000006,9.999999800000005e-09,9.999999800000005e-09,NORMAL
1740,0.9999999800000006,9.999999800000005e-09,9.999999800000005e-09,NORMAL
1741,0.9999999800000006,9.999999800000005e-09,9.999999800000005e-09,NORMAL
1742,0.9999999800000006,9.999999800000005e-09,9.999999800000005e-09,NORMAL
1743,0.9999999800000006,9.999999800000005e-09,9.999999800000005e-09,NORMAL
1744,0.9999999800000006,9.999999800000005e-09,9.999999800000005e-09,NORMAL
1745,0.9999999800000006,9.999999800000005e-09,9.999999800000005e-09,NORMAL
1746,0.9999999800000006,9.999999800000005e-09,9.999999800000005e-09,NORMAL
1747,0.9999999800000006,9.999999800000005e-09,9.999999800000005e-09,NORMAL
1748,0.9999999800000006,9.999999800000005e-09,9.999999800000005e-09,NORMAL
1749,0.9999999800000006,9.999999800000005e-09,9.999999800000005e-09,NORMAL
1750,0.9999999800000006,9.999999800000005e-09,9.999999800000005e-09,NORMAL
1751,0.9999999800000006,9.999999800000005e-09,9.999999800000005e-09,NORMAL
1752,0.9999999800000006,9.999999800000005e-09,9.999999800000005e-09,NORMAL
1753,0.9999999800000006,9.999999800000005e-09,9.999999800000005e-09,NORMAL
1754,0.9999999800000006,9.999999800000005e-09,9.999999800000005e-09,NORMAL
1755,0.9999999800000006,9.999999800000005e-09,9.999999800000005e-09,NORMAL
1756,0.9999999800000006,9.999999800000005e-09,9.999999800000005e-09,NORMAL
1757,0.9999999800000006,9.999999800000005e-09,9.999999800000005e-09,NORMAL
1758,0.9999999800000006,9.999999800000005e-09,9.999999800000005e-09,NORMAL
1759,0.9999999800000006,9.999999800000005e-09,9.999999800000005e-09,NORMAL
1760,0.9999999800000006,9.999999800000005e-09,9.999999800000005e-09,NORMAL
1761,0.9999999800000006,9.999999800000005e-09,9.999999800000005e-09,NORMAL
1762,0.9999999800000006,9.999999800000005e-09,9.999999800000005e-09,NORMAL
1763,0.9999999800000006,9.999999800000005e-09,9.999999800000005e-09,NORMAL
1764,0.9999999800000006,9.999999800000005e-09,9.999999800000005e-09,NORMAL
1765,0.9999999800000006,9.999999800000005e-09,9.999999800000005e-09,NORMAL
1766,0.9999999800000006,9.999999800000005e-09,9.999999800000005e-09,NORMAL
1767,0.9999999800000006,9.999999800000005e-09,9.999999800000005e-09,NORMAL
1768,0.9999999800000006,9.999999800000005e-09,9.999999800000005e-09,NORMAL
1769,0.9999999800000006,9.999999800000005e-09,9.999999800000005e-09,NORMAL
1770,0.9999999800000006,9.999999800000005e-09,9.999999800000005e-09,NORMAL
1771,0.9999999800000006,9.999999800000005e-09,9.999999800000005e-09,NORMAL
1772,0.9999999800000006,9.999999800000005e-09,9.999999800000005e-09,NORMAL
1773,0.9999999800000006,9.999999800000005e-09,9.999999800000005e-09,NORMAL
1774,0.9999999800000006,9.999999800000005e-09,9.999999800000005e-09,NORMAL
1775,0.9999999800000006,9.999999800000005e-09,9.999999800000005e-09,NORMAL
1776,0.9999999800000006,9.999999800000005e-09,9.999999800000005e-09,NORMAL
1777,0.9999999800000006,9.999999800000005e-09,9.999999800000005e-09,NORMAL
1778,0.9999999800000006,9.999999800000005e-09,9.999999800000005e-09,NORMAL
1779,0.9999999800000006,9.999999800000005e-09,9.999999800000005e-09,NORMAL
1780,0.9999999800000006,9.999999800000005e-09,9.999999800000005e-09,NORMAL
1781,0.9999999800000006,9.999999800000005e-09,9.999999800000005e-09,NORMAL
1782,0.9993040957898353,0.0006958942171238407,9.993040957898353e-09,NORMAL
1783,0.9993040957898353,0.0006958942171238407,9.993040957898353e-09,NORMAL
1784,0.9993040957898353,0.0006958942171238407,9.993040957898353e-09,NORMAL
1785,0.9993040957898353,0.0006958942171238407,9.993040957898353e-09,NORMAL
1786,0.9993040957898353,0.0006958942171238407,9.993040957898353e-09,NORMAL
1787,0.9993040957898353,0.0006958942171238407,9.993040957898353e-09,NORMAL
1788,0.9993040957898353,0.0006958942171238407,9.993040957898353e-09,NORMAL
1789,0.9993040957898353,0.0006958942171238407,9.993040957898353e-09,NORMAL
1790,0.9993040957898353,0.0006958942171238407,9.993040957898353e-09,NORMAL
1791,0.9993040957898353,0.0006958942171238407,9.993040957898353e-09,NORMAL
1792,0.9993040957898353,0.0006958942171238407,9.993040957898353e-09,NORMAL
1793,0.9993040957898353,0.0006958942171238407,9.993040957898353e-09,NORMAL
1794,0.9993040957898353,0.0006958942171238407,9.993040957898353e-09,NORMAL
1795,0.9993040957898353,0.0006958942171238407,9.993040957898353e-09,NORMAL
1796,0.9993040957898353,0.0006958942171238407,9.993040957898353e-09,NORMAL
1797,0.9993040957898353,0.0006958942171238407,9.993040957898353e-09,NORMAL
1798,0.9993040957898353,0.0006958942171238407,9.993040957898353e-09,NORMAL
1799,0.9993040957898353,0.0006958942171238407,9.993040957898353e-09,NORMAL
1800,9.999999800000003e-09,9.999999800000003e-09,0.9999999800000003,CRITICAL
1801,9.999999800000003e-09,9.999999800000003e-09,0.9999999800000003,CRITICAL
1802,9.999999800000003e-09,9.999999800000003e-09,0.9999999800000003,CRITICAL
1803,9.999999800000003e-09,9.999999800000003e-09,0.9999999800000003,CRITICAL
1804,9.999999800000003e-09,9.999999800000003e-09,0.9999999800000003,CRITICAL
1805,9.999999800000003e-09,9.999999800000003e-09,0.9999999800000003,CRITICAL
1806,9.999999800000003e-09,9.999999800000003e-09,0.9999999800000003,CRITICAL
1807,9.999999800000003e-09,9.999999800000003e-09,0.9999999800000003,CRITICAL
1808,9.999999800000003e-09,9.999999800000003e-09,0.9999999800000003,CRITICAL
1809,9.999999800000003e-09,9.999999800000003e-09,0.9999999800000003,CRITICAL
1810,9.999999800000003e-09,9.999999800000003e-09,0.9999999800000003,CRITICAL
1811,9.999999800000003e-09,9.999999800000003e-09,0.9999999800000003,CRITICAL
1812,9.999999800000003e-09,9.999999800000003e-09,0.9999999800000003,CRITICAL
1813,9.999999800000003e-09,9.999999800000003e-09,0.9999999800000003,CRITICAL
1814,9.999999800000003e-09,9.999999800000003e-09,0.9999999800000003,CRITICAL
1815,9.999999800000003e-09,9.999999800000003e-09,0.9999999800000003,CRITICAL
1816,9.999999800000003e-09,9.999999800000003e-09,0.9999999800000003,CRITICAL
1817,9.999999800000003e-09,9.999999800000003e-09,0.9999999800000003,CRITICAL
1818,0.9999999781818185,1.0909090671074385e-08,1.0909090671074385e-08,NORMAL
1819,0.30000000045454545,0.6999999892727276,1.027272706132232e-08,WARNING
1820,0.09000000713636351,0.9099999827818186,1.00818179783967e-08,WARNING
1821,0.02700000914090892,0.972999980834546,1.0024545253519013e-08,WARNING
1822,0.008100009742272535,0.9918999802503642,1.0007363436055708e-08,WARNING
1823,0.002430009922681621,0.9975699800751097,1.0002208890816715e-08,WARNING
1824,0.0007290099768043465,0.9992709800225332,1.0000662527245018e-08,WARNING
1825,0.00021870999304116398,0.9997812800067604,1.000019861817351e-08,WARNING
1826,6.561999791220922e-05,0.9999343700020284,1.0000059445452055e-08,WARNING
1827,0.9999999781818185,1.0909090671074385e-08,1.0909090671074385e-08,NORMAL
1828,0.30000000045454545,0.6999999892727276,1.027272706132232e-08,WARNING
1829,0.09000000713636351,0.9099999827818186,1.00818179783967e-08,WARNING
1830,0.02700000914090892,0.972999980834546,1.0024545253519013e-08,WARNING
1831,0.008100009742272535,0.9918999802503642,1.0007363436055708e-08,WARNING
1832,0.002430009922681621,0.9975699800751097,1.0002208890816715e-08,WARNING
1833,0.0007290099768043465,0.9992709800225332,1.0000662527245018e-08,WARNING
1834,0.00021870999304116398,0.9997812800067604,1.000019861817351e-08,WARNING
1835,6.561999791220922e-05,0.9999343700020284,1.0000059445452055e-08,WARNING
1836,0.9999999800000006,9.999999800000005e-09,9.999999800000005e-09,NORMAL
1837,0.9999999800000006,9.999999800000005e-09,9.999999800000005e-09,NORMAL
1838,0.9999999800000006,9.999999800000005e-09,9.999999800000005e-09,NORMAL
1839,0.9999999800000006,9.999999800000005e-09,9.999999800000005e-09,NORMAL
1840,0.9999999800000006,9.999999800000005e-09,9.999999800000005e-09,NORMAL
1841,0.9999999800000006,9.999999800000005e-09,9.999999800000005e-09,NORMAL
1842,0.9999999800000006,9.999999800000005e-09,9.999999800000005e-09,NORMAL
1843,0.9999999800000006,9.999999800000005e-09,9.999999800000005e-09,NORMAL
1844,0.9999999800000006,9.999999800000005e-09,9.999999800000005e-09,NORMAL
1845,0.9999999800000006,9.999999800000005e-09,9.999999800000005e-09,NORMAL
1846,0.9999999800000006,9.999999800000005e-09,9.999999800000005e-09,NORMAL
1847,0.9999999800000006,9.999999800000005e-09,9.999999800000005e-09,NORMAL
1848,0.9999999800000006,9.999999800000005e-09,9.999999800000005e-09,NORMAL
1849,0.9999999800000006,9.999999800000005e-09,9.999999800000005e-09,NORMAL
1850,0.9999999800000006,9.999999800000005e-09,9.999999800000005e-09,NORMAL
1851,0.9999999800000006,9.999999800000005e-09,9.999999800000005e-09,NORMAL
1852,0.9999999800000006,9.999999800000005e-09,9.999999800000005e-09,NORMAL
1853,0.9999999800000006,9.999999800000005e-09,9.999999800000005e-09,NORMAL
1854,9.999999800000003e-09,9.999999800000003e-09,0.9999999800000003,CRITICAL
1855,9.999999800000003e-09,9.999999800000003e-09,0.9999999800000003,CRITICAL
1856,9.999999800000003e-09,9.999999800000003e-09,0.9999999800000003,CRITICAL
1857,9.999999800000003e-09,9.999999800000003e-09,0.9999999800000003,CRITICAL
1858,9.999999800000003e-09,9.999999800000003e-09,0.9999999800000003,CRITICAL
1859,9.999999800000003e-09,9.999999800000003e-09,0.9999999800000003,CRITICAL
1860,9.999999800000003e-09,9.999999800000003e-09,0.9999999800000003,CRITICAL
1861,9.999999800000003e-09,9.999999800000003e-09,0.9999999800000003,CRITICAL
1862,9.999999800000003e-09,9.999999800000003e-09,0.9999999800000003,CRITICAL
1863,9.999999800000003e-09,9.999999800000003e-09,0.9999999800000003,CRITICAL
1864,9.999999800000003e-09,9.999999800000003e-09,0.9999999800000003,CRITICAL
1865,9.999999800000003e-09,9.999999800000003e-09,0.9999999800000003,CRITICAL
1866,9.999999800000003e-09,9.999999800000003e-09,0.9999999800000003,CRITICAL
1867,9.999999800000003e-09,9.999999800000003e-09,0.9999999800000003,CRITICAL
1868,9.999999800000003e-09,9.999999800000003e-09,0.9999999800000003,CRITICAL
1869,9.999999800000003e-09,9.999999800000003e-09,0.9999999800000003,CRITICAL
1870,9.999999800000003e-09,9.999999800000003e-09,0.9999999800000003,CRITICAL
1871,9.999999800000003e-09,9.999999800000003e-09,0.9999999800000003,CRITICAL
1872,0.9993040957898353,0.0006958942171238407,9.993040957898353e-09,NORMAL
1873,0.9993040957898353,0.0006958942171238407,9.993040957898353e-09,NORMAL
1874,0.9993040957898353,0.0006958942171238407,9.993040957898353e-09,NORMAL
1875,0.9993040957898353,0.0006958942171238407,9.993040957898353e-09,NORMAL
1876,0.9993040957898353,0.0006958942171238407,9.993040957898353e-09,NORMAL
1877,0.9993040957898353,0.0006958942171238407,9.993040957898353e-09,NORMAL
1878,0.9993040957898353,0.0006958942171238407,9.993040957898353e-09,NORMAL
1879,0.9993040957898353,0.0006958942171238407,9.993040957898353e-09,NORMAL
1880,0.9993040957898353,0.0006958942171238407,9.993040957898353e-09,NORMAL
1881,0.9993040957898353,0.0006958942171238407,9.993040957898353e-09,NORMAL
1882,0.9993040957898353,0.0006958942171238407,9.993040957898353e-09,NORMAL
1883,0.9993040957898353,0.0006958942171238407,9.993040957898353e-09,NORMAL
1884,0.9993040957898353,0.0006958942171238407,9.993040957898353e-09,NORMAL
1885,0.9993040957898353,0.0006958942171238407,9.993040957898353e-09,NORMAL
1886,0.9993040957898353,0.0006958942171238407,9.993040957898353e-09,NORMAL
1887,0.9993040957898353,0.0006958942171238407,9.993040957898353e-09,NORMAL
1888,0.9993040957898353,0.0006958942171238407,9.993040957898353e-09,NORMAL
1889,0.9993040957898353,0.0006958942171238407,9.993040957898353e-09,NORMAL
1890,0.9999999800000006,9.999999800000005e-09,9.999999800000005e-09,NORMAL
1891,0.9999999800000006,9.999999800000005e-09,9.999999800000005e-09,NORMAL
1892,0.9999999800000006,9.999999800000005e-09,9.999999800000005e-09,NORMAL
1893,0.9999999800000006,9.999999800000005e-09,9.999999800000005e-09,NORMAL
1894,0.9999999800000006,9.999999800000005e-09,9.999999800000005e-09,NORMAL
1895,0.9999999800000006,9.999999800000005e-09,9.999999800000005e-09,NORMAL
1896,0.9999999800000006,9.999999800000005e-09,9.999999800000005e-09,NORMAL
1897,0.9999999800000006,9.999999800000005e-09,9.999999800000005e-09,NORMAL
1898,0.9999999800000006,9.999999800000005e-09,9.999999800000005e-09,NORMAL
1899,0.9999999800000006,9.999999800000005e-09,9.999999800000005e-09,NORMAL
1900,0.9999999800000006,9.999999800000005e-09,9.999999800000005e-09,NORMAL
1901,0.9999999800000006,9.999999800000005e-09,9.999999800000005e-09,NORMAL
1902,0.9999999800000006,9.999999800000005e-09,9.999999800000005e-09,NORMAL
1903,0.9999999800000006,9.999999800000005e-09,9.999999800000005e-09,NORMAL
1904,0.9999999800000006,9.999999800000005e-09,9.999999800000005e-09,NORMAL
1905,0.9999999800000006,9.999999800000005e-09,9.999999800000005e-09,NORMAL
1906,0.9999999800000006,9.999999800000005e-09,9.999999800000005e-09,NORMAL
1907,0.9999999800000006,9.999999800000005e-09,9.999999800000005e-09,NORMAL
1908,0.9999999800000006,9.999999800000005e-09,9.999999800000005e-09,NORMAL
1909,0.9999999800000006,9.999999800000005e-09,9.999999800000005e-09,NORMAL
1910,0.9999999800000006,9.999999800000005e-09,9.999999800000005e-09,NORMAL
1911,0.9999999800000006,9.999999800000005e-09,9.999999800000005e-09,NORMAL
1912,0.9999999800000006,9.999999800000005e-09,9.999999800000005e-09,NORMAL
1913,0.9999999800000006,9.999999800000005e-09,9.999999800000005e-09,NORMAL
1914,0.9999999800000006,9.999999800000005e-09,9.999999800000005e-09,NORMAL
1915,0.9999999800000006,9.999999800000005e-09,9.999999800000005e-09,NORMAL
1916,0.9999999800000006,9.999999800000005e-09,9.999999800000005e-09,NORMAL
1917,0.9999999800000006,9.999999800000005e-09,9.999999800000005e-09,NORMAL
1918,0.9999999800000006,9.999999800000005e-09,9.999999800000005e-09,NORMAL
1919,0.9999999800000006,9.999999800000005e-09,9.999999800000005e-09,NORMAL
1920,0.9999999800000006,9.999999800000005e-09,9.999999800000005e-09,NORMAL
1921,0.9999999800000006,9.999999800000005e-09,9.999999800000005e-09,NORMAL
1922,0.9999999800000006,9.999999800000005e-09,9.999999800000005e-09,NORMAL
1923,0.9999999800000006,9.999999800000005e-09,9.999999800000005e-09,NORMAL
1924,0.9999999800000006,9.999999800000005e-09,9.999999800000005e-09,NORMAL
1925,0.9999999800000006,9.999999800000005e-09,9.999999800000005e-09,NORMAL
1926,9.999999800000003e-09,9.999999800000003e-09,0.9999999800000003,CRITICAL
1927,9.999999800000003e-09,9.999999800000003e-09,0.9999999800000003,CRITICAL
1928,9.999999800000003e-09,9.999999800000003e-09,0.9999999800000003,CRITICAL
1929,9.999999800000003e-09,9.999999800000003e-09,0.9999999800000003,CRITICAL
1930,9.999999800000003e-09,9.999999800000003e-09,0.9999999800000003,CRITICAL
1931,9.999999800000003e-09,9.999999800000003e-09,0.9999999800000003,CRITICAL
1932,9.999999800000003e-09,9.999999800000003e-09,0.9999999800000003,CRITICAL
1933,9.999999800000003e-09,9.999999800000003e-09,0.9999999800000003,CRITICAL
1934,9.999999800000003e-09,9.999999800000003e-09,0.9999999800000003,CRITICAL
1935,9.999999800000003e-09,9.999999800000003e-09,0.9999999800000003,CRITICAL
1936,9.999999800000003e-09,9.999999800000003e-09,0.9999999800000003,CRITICAL
1937,9.999999800000003e-09,9.999999800000003e-09,0.9999999800000003,CRITICAL
1938,9.999999800000003e-09,9.999999800000003e-09,0.9999999800000003,CRITICAL
1939,9.999999800000003e-09,9.999999800000003e-09,0.9999999800000003,CRITICAL
1940,9.999999800000003e-09,9.999999800000003e-09,0.9999999800000003,CRITICAL
1941,9.999999800000003e-09,9.999999800000003e-09,0.9999999800000003,CRITICAL
1942,9.999999800000003e-09,9.999999800000003e-09,0.9999999800000003,CRITICAL
1943,9.999999800000003e-09,9.999999800000003e-09,0.9999999800000003,CRITICAL
1944,9.999999800000003e-09,9.999999800000003e-09,0.9999999800000003,CRITICAL
1945,9.999999800000003e-09,9.999999800000003e-09,0.9999999800000003,CRITICAL
1946,9.999999800000003e-09,9.999999800000003e-09,0.9999999800000003,CRITICAL
1947,9.999999800000003e-09,9.999999800000003e-09,0.9999999800000003,CRITICAL
1948,9.999999800000003e-09,9.999999800000003e-09,0.9999999800000003,CRITICAL
1949,9.999999800000003e-09,9.999999800000003e-09,0.9999999800000003,CRITICAL
1950,9.999999800000003e-09,9.999999800000003e-09,0.9999999800000003,CRITICAL
1951,9.999999800000003e-09,9.999999800000003e-09,0.9999999800000003,CRITICAL
1952,9.999999800000003e-09,9.999999800000003e-09,0.9999999800000003,CRITICAL
1953,9.999999800000003e-09,9.999999800000003e-09,0.9999999800000003,CRITICAL
1954,9.999999800000003e-09,9.999999800000003e-09,0.9999999800000003,CRITICAL
1955,9.999999800000003e-09,9.999999800000003e-09,0.9999999800000003,CRITICAL
1956,9.999999800000003e-09,9.999999800000003e-09,0.9999999800000003,CRITICAL
1957,9.999999800000003e-09,9.999999800000003e-09,0.9999999800000003,CRITICAL
1958,9.999999800000003e-09,9.999999800000003e-09,0.9999999800000003,CRITICAL
1959,9.999999800000003e-09,9.999999800000003e-09,0.9999999800000003,CRITICAL
1960,9.999999800000003e-09,9.999999800000003e-09,0.9999999800000003,CRITICAL
1961,9.999999800000003e-09,9.999999800000003e-09,0.9999999800000003,CRITICAL
1962,9.999999800000005e-09,0.9999999800000006,9.999999800000005e-09,CRITICAL
1963,3.566666355777807e-08,0.999999928666673,3.566666355777807e-08,CRITICAL
1964,4.336666268511149e-08,0.9999999132666747,4.336666268511149e-08,CRITICAL
1965,2.0005127476062295e-08,0.30048709993198913,0.6995128800628835,CRITICAL
1966,1.2996666913347537e-08,0.09063325593158345,0.9093667310717497,CRITICAL
1967,1.0894128744533109e-08,0.027677102731461727,0.9723228863744096,CRITICAL
1968,1.026336729388878e-08,0.008790256771425208,0.9912097329652075,CRITICAL
1969,1.0074138858695482e-08,0.0031242029834142515,0.9968757869424469,CRITICAL
1970,1.0017370328137492e-08,0.0014243868470109641,0.9985756031356188,CRITICAL
1971,9.999999800000005e-09,0.9999999800000006,9.999999800000005e-09,CRITICAL
1972,9.999999800000005e-09,0.9999999800000006,9.999999800000005e-09,CRITICAL
1973,3.566666355777807e-08,0.999999928666673,3.566666355777807e-08,CRITICAL
1974,1.769512773786227e-08,0.3004871045519886,0.6995128777528837,CRITICAL
1975,1.2303666991887529e-08,0.09063325731758329,0.9093667303787498,CRITICAL
1976,1.0686228768095107e-08,0.02767710314726168,0.9723228861665096,CRITICAL
1977,1.020099730095738e-08,0.008790256896165194,0.9912097329028375,CRITICAL
1978,1.0055427860816061e-08,0.003124203020836247,0.9968757869237359,CRITICAL
1979,1.0011757028773665e-08,0.0014243868582375628,0.9985756031300055,CRITICAL
1980,4.6666662311111524e-08,0.9999999066666754,4.6666662311111524e-08,CRITICAL
1981,4.6666662311111524e-08,0.9999999066666754,4.6666662311111524e-08,CRITICAL
1982,2.1535949027522988e-08,0.999999956928102,2.1535949027522988e-08,CRITICAL
1983,3.912744832603496e-08,0.9999999217451034,3.912744832603496e-08,CRITICAL
1984,2.4889768308495033e-08,0.9999999502204632,2.4889768308495033e-08,CRITICAL
1985,4.0133594110326574e-08,0.9999999197328118,4.0133594110326574e-08,CRITICAL
1986,4.470674185087604e-08,0.9999999105865163,4.470674185087604e-08,CRITICAL
1987,4.607868617304088e-08,0.9999999078426277,4.607868617304088e-08,CRITICAL
1988,4.649026946969033e-08,0.9999999070194612,4.649026946969033e-08,CRITICAL
1989,1.6584178125155228e-08,0.9999999668316436,1.6584178125155228e-08,CRITICAL
1990,1.659041831201647e-08,0.9999999668191633,1.659041831201647e-08,CRITICAL
1991,3.764378911138301e-08,0.9999999247124218,3.764378911138301e-08,CRITICAL
1992,4.395980035119297e-08,0.9999999120803993,4.395980035119297e-08,CRITICAL
1993,2.4792284203095577e-08,0.9999999504154315,2.4792284203095577e-08,CRITICAL
1994,4.010434887870674e-08,0.9999999197913023,4.010434887870674e-08,CRITICAL
1995,2.3640229351220685e-08,0.9999999527195413,2.3640229351220685e-08,CRITICAL
1996,3.9758732423144275e-08,0.9999999204825352,3.9758732423144275e-08,CRITICAL
1997,2.4106498612471327e-08,0.9999999517870026,2.4106498612471327e-08,CRITICAL
1998,9.999999800000005e-09,0.9999999800000006,9.999999800000005e-09,CRITICAL
1999,9.999999800000005e-09,0.9999999800000006,9.999999800000005e-09,CRITICAL
2000,9.999999800000005e-09,0.9999999800000006,9.999999800000005e-09,CRITICAL
2001,9.999999800000005e-09,0.9999999800000006,9.999999800000005e-09,CRITICAL
2002,9.999999800000005e-09,0.9999999800000006,9.999999800000005e-09,CRITICAL
2003,9.999999800000005e-09,0.9999999800000006,9.999999800000005e-09,CRITICAL
2004,9.999999800000005e-09,0.9999999800000006,9.999999800000005e-09,CRITICAL
2005,9.999999800000005e-09,0.9999999800000006,9.999999800000005e-09,CRITICAL
2006,9.999999800000005e-09,0.9999999800000006,9.999999800000005e-09,CRITICAL
2007,9.999999800000005e-09,0.9999999800000006,9.999999800000005e-09,CRITICAL
2008,9.999999800000005e-09,0.9999999800000006,9.999999800000005e-09,CRITICAL
2009,9.999999800000005e-09,0.9999999800000006,9.999999800000005e-09,CRITICAL
2010,9.999999800000005e-09,0.9999999800000006,9.999999800000005e-09,CRITICAL
2011,9.999999800000005e-09,0.9999999800000006,9.999999800000005e-09,CRITICAL
2012,9.999999800000005e-09,0.9999999800000006,9.999999800000005e-09,CRITICAL
2013,9.999999800000005e-09,0.9999999800000006,9.999999800000005e-09,CRITICAL
2014,9.999999800000005e-09,0.9999999800000006,9.999999800000005e-09,CRITICAL
2015,9.999999800000005e-09,0.9999999800000006,9.999999800000005e-09,CRITICAL
2016,9.999999800000003e-09,9.999999800000003e-09,0.9999999800000003,CRITICAL
2017,9.999999800000003e-09,9.999999800000003e-09,0.9999999800000003,CRITICAL
2018,9.999999800000003e-09,9.999999800000003e-09,0.9999999800000003,CRITICAL
2019,9.999999800000003e-09,9.999999800000003e-09,0.9999999800000003,CRITICAL
2020,9.999999800000003e-09,9.999999800000003e-09,0.9999999800000003,CRITICAL
2021,9.999999800000003e-09,9.999999800000003e-09,0.9999999800000003,CRITICAL
2022,9.999999800000003e-09,9.999999800000003e-09,0.9999999800000003,CRITICAL
2023,9.999999800000003e-09,9.999999800000003e-09,0.9999999800000003,CRITICAL
2024,9.999999800000003e-09,9.999999800000003e-09,0.9999999800000003,CRITICAL
2025,9.999999800000003e-09,9.999999800000003e-09,0.9999999800000003,CRITICAL
2026,9.999999800000003e-09,9.999999800000003e-09,0.9999999800000003,CRITICAL
2027,9.999999800000003e-09,9.999999800000003e-09,0.9999999800000003,CRITICAL
2028,9.999999800000003e-09,9.999999800000003e-09,0.9999999800000003,CRITICAL
2029,9.999999800000003e-09,9.999999800000003e-09,0.9999999800000003,CRITICAL
2030,9.999999800000003e-09,9.999999800000003e-09,0.9999999800000003,CRITICAL
2031,9.999999800000003e-09,9.999999800000003e-09,0.9999999800000003,CRITICAL
2032,9.999999800000003e-09,9.999999800000003e-09,0.9999999800000003,CRITICAL
2033,9.999999800000003e-09,9.999999800000003e-09,0.9999999800000003,CRITICAL
2034,0.9999999800000006,9.999999800000005e-09,9.999999800000005e-09,NORMAL
2035,0.9999999800000006,9.999999800000005e-09,9.999999800000005e-09,NORMAL
2036,0.7096889458945552,0.2903110470085553,7.096889458945552e-09,WARNING
2037,0.21290669076836646,0.787093300102567,9.12906669768367e-09,WARNING
2038,0.06387201423050981,0.9361279760307705,9.738719869305105e-09,WARNING
2039,0.019161611269152806,0.9808383788092315,9.921615820791535e-09,WARNING
2040,0.0057484903807457025,0.9942514996427698,9.976484606237463e-09,WARNING
2041,0.001724554114223571,0.9982754358928314,9.992945241871242e-09,WARNING
2042,0.0005173732342669314,0.9994826167678499,9.997883432561376e-09,WARNING
2043,0.9999999800000006,9.999999800000005e-09,9.999999800000005e-09,NORMAL
2044,0.9999999800000006,9.999999800000005e-09,9.999999800000005e-09,NORMAL
2045,0.7472873517275638,0.25271264079956274,7.472873517275637e-09,WARNING
2046,0.22418621251826903,0.7758137782398692,9.241861915182693e-09,WARNING
2047,0.06725587075548058,0.9327441194719611,9.77255843455481e-09,WARNING
2048,0.020176768226644038,0.9798232218415888,9.931767390366447e-09,WARNING
2049,0.006053037467993072,0.993946952552477,9.979530077109937e-09,WARNING
2050,0.001815918240397782,0.9981840717657435,9.993858883132985e-09,WARNING
2051,0.0005447824721191947,0.9994552075297234,9.9981575249399e-09,WARNING
2052,0.9999999800000006,9.999999800000005e-09,9.999999800000005e-09,NORMAL
2053,0.9999999800000006,9.999999800000005e-09,9.999999800000005e-09,NORMAL
2054,0.9999999800000006,9.999999800000005e-09,9.999999800000005e-09,NORMAL
2055,0.9999999800000006,9.999999800000005e-09,9.999999800000005e-09,NORMAL
2056,0.9999999800000006,9.999999800000005e-09,9.999999800000005e-09,NORMAL
2057,0.9999999800000006,9.999999800000005e-09,9.999999800000005e-09,NORMAL
2058,0.9999999800000006,9.999999800000005e-09,9.999999800000005e-09,NORMAL
2059,0.9999999800000006,9.999999800000005e-09,9.999999800000005e-09,NORMAL
2060,0.9999999800000006,9.999999800000005e-09,9.999999800000005e-09,NORMAL
2061,0.9999999800000006,9.999999800000005e-09,9.999999800000005e-09,NORMAL
2062,0.9999999800000006,9.999999800000005e-09,9.999999800000005e-09,NORMAL
2063,0.9999999800000006,9.999999800000005e-09,9.999999800000005e-09,NORMAL
2064,0.9999999800000006,9.999999800000005e-09,9.999999800000005e-09,NORMAL
2065,0.9999999800000006,9.999999800000005e-09,9.999999800000005e-09,NORMAL
2066,0.9999999800000006,9.999999800000005e-09,9.999999800000005e-09,NORMAL
2067,0.9999999800000006,9.999999800000005e-09,9.999999800000005e-09,NORMAL
2068,0.9999999800000006,9.999999800000005e-09,9.999999800000005e-09,NORMAL
2069,0.9999999800000006,9.999999800000005e-09,9.999999800000005e-09,NORMAL
2070,4.6666662311111524e-08,0.9999999066666754,4.6666662311111524e-08,CRITICAL
2071,2.0995127363862307e-08,0.30048709795198936,0.6995128810528833,CRITICAL
2072,1.329366687968754e-08,0.09063325533758351,0.9093667313687497,CRITICAL
2073,1.098322873443511e-08,0.027677102553261747,0.9723228864635096,CRITICAL
2074,1.029009729085938e-08,0.008790256717965215,0.9912097329919376,CRITICAL
2075,1.0082157857786662e-08,0.0031242029673762533,0.996875786950466,CRITICAL
2076,1.0019776027864846e-08,0.0014243868421995646,0.9985756031380244,CRITICAL
2077,1.0001061478888302e-08,0.0009144420046465579,0.999085547994292,CRITICAL
2078,9.995447114195339e-09,0.0007614585533806559,0.9992385314511723,CRITICAL
2079,4.6666662311111524e-08,0.9999999066666754,4.6666662311111524e-08,CRITICAL
2080,2.0995127363862307e-08,0.30048709795198936,0.6995128810528833,CRITICAL
2081,1.329366687968754e-08,0.09063325533758351,0.9093667313687497,CRITICAL
2082,1.098322873443511e-08,0.027677102553261747,0.9723228864635096,CRITICAL
2083,1.029009729085938e-08,0.008790256717965215,0.9912097329919376,CRITICAL
2084,1.0082157857786662e-08,0.0031242029673762533,0.996875786950466,CRITICAL
2085,1.0019776027864846e-08,0.0014243868421995646,0.9985756031380244,CRITICAL
2086,1.0001061478888302e-08,0.0009144420046465579,0.999085547994292,CRITICAL
2087,9.995447114195339e-09,0.0007614585533806559,0.9992385314511723,CRITICAL
2088,0.9999999800000006,9.999999800000005e-09,9.999999800000005e-09,NORMAL
2089,0.9999999800000006,9.999999800000005e-09,9.999999800000005e-09,NORMAL
2090,0.9999999800000006,9.999999800000005e-09,9.999999800000005e-09,NORMAL
2091,0.9999999800000006,9.999999800000005e-09,9.999999800000005e-09,NORMAL
2092,0.9999999800000006,9.999999800000005e-09,9.999999800000005e-09,NORMAL
2093,0.9999999800000006,9.999999800000005e-09,9.999999800000005e-09,NORMAL
2094,0.9999999800000006,9.999999800000005e-09,9.999999800000005e-09,NORMAL
2095,0.9999999800000006,9.999999800000005e-09,9.999999800000005e-09,NORMAL
2096,0.9999999800000006,9.999999800000005e-09,9.999999800000005e-09,NORMAL
2097,0.9999999800000006,9.999999800000005e-09,9.999999800000005e-09,NORMAL
2098,0.9999999800000006,9.999999800000005e-09,9.999999800000005e-09,NORMAL
2099,0.9999999800000006,9.999999800000005e-09,9.999999800000005e-09,NORMAL
2100,0.9999999800000006,9.999999800000005e-09,9.999999800000005e-09,NORMAL
2101,0.9999999800000006,9.999999800000005e-09,9.999999800000005e-09,NORMAL
2102,0.9999999800000006,9.999999800000005e-09,9.999999800000005e-09,NORMAL
2103,0.9999999800000006,9.999999800000005e-09,9.999999800000005e-09,NORMAL
2104,0.9999999800000006,9.999999800000005e-09,9.999999800000005e-09,NORMAL
2105,0.9999999800000006,9.999999800000005e-09,9.999999800000005e-09,NORMAL
2106,0.9993040957898353,0.0006958942171238407,9.993040957898353e-09,NORMAL
2107,0.9993040957898353,0.0006958942171238407,9.993040957898353e-09,NORMAL
2108,0.9993040957898353,0.0006958942171238407,9.993040957898353e-09,NORMAL
2109,0.9993040957898353,0.0006958942171238407,9.993040957898353e-09,NORMAL
2110,0.9993040957898353,0.0006958942171238407,9.993040957898353e-09,NORMAL
2111,0.9993040957898353,0.0006958942171238407,9.993040957898353e-09,NORMAL
2112,0.9993040957898353,0.0006958942171238407,9.993040957898353e-09,NORMAL
2113,0.9993040957898353,0.0006958942171238407,9.993040957898353e-09,NORMAL
2114,0.9993040957898353,0.0006958942171238407,9.993040957898353e-09,NORMAL
2115,0.9993040957898353,0.0006958942171238407,9.993040957898353e-09,NORMAL
2116,0.9993040957898353,0.0006958942171238407,9.993040957898353e-09,NORMAL
2117,0.9993040957898353,0.0006958942171238407,9.993040957898353e-09,NORMAL
2118,0.9993040957898353,0.0006958942171238407,9.993040957898353e-09,NORMAL
2119,0.9993040957898353,0.0006958942171238407,9.993040957898353e-09,NORMAL
2120,0.9993040957898353,0.0006958942171238407,9.993040957898353e-09,NORMAL
2121,0.9993040957898353,0.0006958942171238407,9.993040957898353e-09,NORMAL
2122,0.9993040957898353,0.0006958942171238407,9.993040957898353e-09,NORMAL
2123,0.9993040957898353,0.0006958942171238407,9.993040957898353e-09,NORMAL
2124,0.9999999800000006,9.999999800000005e-09,9.999999800000005e-09,NORMAL
2125,0.9999999800000006,9.999999800000005e-09,9.999999800000005e-09,NORMAL
2126,0.9999999800000006,9.999999800000005e-09,9.999999800000005e-09,NORMAL
2127,0.9999999800000006,9.999999800000005e-09,9.999999800000005e-09,NORMAL
2128,0.9999999800000006,9.999999800000005e-09,9.999999800000005e-09,NORMAL
2129,0.9999999800000006,9.999999800000005e-09,9.999999800000005e-09,NORMAL
2130,0.9999999800000006,9.999999800000005e-09,9.999999800000005e-09,NORMAL
2131,0.9999999800000006,9.999999800000005e-09,9.999999800000005e-09,NORMAL
2132,0.9999999800000006,9.999999800000005e-09,9.999999800000005e-09,NORMAL
2133,0.9999999800000006,9.999999800000005e-09,9.999999800000005e-09,NORMAL
2134,0.9999999800000006,9.999999800000005e-09,9.999999800000005e-09,NORMAL
2135,0.9999999800000006,9.999999800000005e-09,9.999999800000005e-09,NORMAL
2136,0.9999999800000006,9.999999800000005e-09,9.999999800000005e-09,NORMAL
2137,0.9999999800000006,9.999999800000005e-09,9.999999800000005e-09,NORMAL
2138,0.9999999800000006,9.999999800000005e-09,9.999999800000005e-09,NORMAL
2139,0.9999999800000006,9.999999800000005e-09,9.999999800000005e-09,NORMAL
2140,0.9999999800000006,9.999999800000005e-09,9.999999800000005e-09,NORMAL
2141,0.9999999800000006,9.999999800000005e-09,9.999999800000005e-09,NORMAL
2142,0.12306305904333108,0.876936931938513,9.018156099366252e-09,WARNING
2143,0.036918924712999186,0.9630810655815543,9.70544668980988e-09,WARNING
2144,0.011075684409028428,0.289411445626453,0.6995128699645187,CRITICAL
2145,0.003322712317837199,0.0873105596399226,0.9093667280422403,CRITICAL
2146,0.0009968208697140868,0.026692775338144535,0.9723104037921413,CRITICAL
2147,0.00029905343527715305,0.008507440047611113,0.9911935065171117,CRITICAL
2148,8.972302571181646e-05,0.0030393579662700227,0.9968709190080182,CRITICAL
2149,2.692408879211272e-05,0.001411882499057632,0.9985611934121502,CRITICAL
2150,8.084401000560786e-06,0.0009231721958850415,0.9990687434031144,CRITICAL
2151,9.999999800000005e-09,0.9999999800000006,9.999999800000005e-09,CRITICAL
2152,9.999999800000005e-09,0.9999999800000006,9.999999800000005e-09,CRITICAL
2153,9.995128610528849e-09,0.3004871199519869,0.6995128700528845,CRITICAL
2154,9.993667253687502e-09,0.09063326193758277,0.9093667280687501,CRITICAL
2155,9.993228846635099e-09,0.027677104533261523,0.9723228854735098,CRITICAL
2156,9.993097324519377e-09,0.008790257311965147,0.9912097326949376,CRITICAL
2157,9.99305786788466e-09,0.0031242031455762332,0.996875786861366,CRITICAL
2158,9.993046030894247e-09,0.0014243868956595586,0.9985756031112945,CRITICAL
2159,9.993042479797122e-09,0.0009144420206845562,0.999085547986273,CRITICAL
2160,9.993040957898353e-09,0.0006958942171238407,0.9993040957898353,CRITICAL
2161,9.993040957898353e-09,0.0006958942171238407,0.9993040957898353,CRITICAL
2162,9.993040957898353e-09,0.0006958942171238407,0.9993040957898353,CRITICAL
2163,9.993040957898353e-09,0.0006958942171238407,0.9993040957898353,CRITICAL
2164,9.993040957898353e-09,0.0006958942171238407,0.9993040957898353,CRITICAL
2165,9.993040957898353e-09,0.0006958942171238407,0.9993040957898353,CRITICAL
2166,9.993040957898353e-09,0.0006958942171238407,0.9993040957898353,CRITICAL
2167,9.993040957898353e-09,0.0006958942171238407,0.9993040957898353,CRITICAL
2168,9.993040957898353e-09,0.0006958942171238407,0.9993040957898353,CRITICAL
2169,9.993040957898353e-09,0.0006958942171238407,0.9993040957898353,CRITICAL
2170,9.993040957898353e-09,0.0006958942171238407,0.9993040957898353,CRITICAL
2171,9.993040957898353e-09,0.0006958942171238407,0.9993040957898353,CRITICAL
2172,9.993040957898353e-09,0.0006958942171238407,0.9993040957898353,CRITICAL
2173,9.993040957898353e-09,0.0006958942171238407,0.9993040957898353,CRITICAL
2174,9.993040957898353e-09,0.0006958942171238407,0.9993040957898353,CRITICAL
2175,9.993040957898353e-09,0.0006958942171238407,0.9993040957898353,CRITICAL
2176,9.993040957898353e-09,0.0006958942171238407,0.9993040957898353,CRITICAL
2177,9.993040957898353e-09,0.0006958942171238407,0.9993040957898353,CRITICAL
2178,0.9999999800000006,9.999999800000005e-09,9.999999800000005e-09,NORMAL
2179,0.9999999800000006,9.999999800000005e-09,9.999999800000005e-09,NORMAL
2180,0.9999999800000006,9.999999800000005e-09,9.999999800000005e-09,NORMAL
2181,0.9999999800000006,9.999999800000005e-09,9.999999800000005e-09,NORMAL
2182,0.9999999800000006,9.999999800000005e-09,9.999999800000005e-09,NORMAL
2183,0.9999999800000006,9.999999800000005e-09,9.999999800000005e-09,NORMAL
2184,0.9999999800000006,9.999999800000005e-09,9.999999800000005e-09,NORMAL
2185,0.9999999800000006,9.999999800000005e-09,9.999999800000005e-09,NORMAL
2186,0.9999999800000006,9.999999800000005e-09,9.999999800000005e-09,NORMAL
2187,0.9999999800000006,9.999999800000005e-09,9.999999800000005e-09,NORMAL
2188,0.9999999800000006,9.999999800000005e-09,9.999999800000005e-09,NORMAL
2189,0.9999999800000006,9.999999800000005e-09,9.999999800000005e-09,NORMAL
2190,0.9999999800000006,9.999999800000005e-09,9.999999800000005e-09,NORMAL
2191,0.9999999800000006,9.999999800000005e-09,9.999999800000005e-09,NORMAL
2192,0.9999999800000006,9.999999800000005e-09,9.999999800000005e-09,NORMAL
2193,0.9999999800000006,9.999999800000005e-09,9.999999800000005e-09,NORMAL
2194,0.9999999800000006,9.999999800000005e-09,9.999999800000005e-09,NORMAL
2195,0.9999999800000006,9.999999800000005e-09,9.999999800000005e-09,NORMAL
2196,0.9993040957898353,0.0006958942171238407,9.993040957898353e-09,NORMAL
2197,0.9993040957898353,0.0006958942171238407,9.993040957898353e-09,NORMAL
2198,0.9993040957898353,0.0006958942171238407,9.993040957898353e-09,NORMAL
2199,0.9993040957898353,0.0006958942171238407,9.993040957898353e-09,NORMAL
2200,0.9993040957898353,0.0006958942171238407,9.993040957898353e-09,NORMAL
2201,0.9993040957898353,0.0006958942171238407,9.993040957898353e-09,NORMAL
2202,0.9993040957898353,0.0006958942171238407,9.993040957898353e-09,NORMAL
2203,0.9993040957898353,0.0006958942171238407,9.993040957898353e-09,NORMAL
2204,0.9993040957898353,0.0006958942171238407,9.993040957898353e-09,NORMAL
2205,0.9993040957898353,0.0006958942171238407,9.993040957898353e-09,NORMAL
2206,0.9993040957898353,0.0006958942171238407,9.993040957898353e-09,NORMAL
2207,0.9993040957898353,0.0006958942171238407,9.993040957898353e-09,NORMAL
2208,0.9993040957898353,0.0006958942171238407,9.993040957898353e-09,NORMAL
2209,0.9993040957898353,0.0006958942171238407,9.993040957898353e-09,NORMAL
2210,0.9993040957898353,0.0006958942171238407,9.993040957898353e-09,NORMAL
2211,0.9993040957898353,0.0006958942171238407,9.993040957898353e-09,NORMAL
2212,0.9993040957898353,0.0006958942171238407,9.993040957898353e-09,NORMAL
2213,0.9993040957898353,0.0006958942171238407,9.993040957898353e-09,NORMAL
2214,0.9999999800000006,9.999999800000005e-09,9.999999800000005e-09,NORMAL
2215,0.9999999800000006,9.999999800000005e-09,9.999999800000005e-09,NORMAL
2216,0.9999999800000006,9.999999800000005e-09,9.999999800000005e-09,NORMAL
2217,0.9999999800000006,9.999999800000005e-09,9.999999800000005e-09,NORMAL
2218,0.9999999800000006,9.999999800000005e-09,9.999999800000005e-09,NORMAL
2219,0.9999999800000006,9.999999800000005e-09,9.999999800000005e-09,NORMAL
2220,0.9999999800000006,9.999999800000005e-09,9.999999800000005e-09,NORMAL
2221,0.9999999800000006,9.999999800000005e-09,9.999999800000005e-09,NORMAL
2222,0.9999999800000006,9.999999800000005e-09,9.999999800000005e-09,NORMAL
2223,0.9999999800000006,9.999999800000005e-09,9.999999800000005e-09,NORMAL
2224,0.9999999800000006,9.999999800000005e-09,9.999999800000005e-09,NORMAL
2225,0.9999999800000006,9.999999800000005e-09,9.999999800000005e-09,NORMAL
2226,0.9999999800000006,9.999999800000005e-09,9.999999800000005e-09,NORMAL
2227,0.9999999800000006,9.999999800000005e-09,9.999999800000005e-09,NORMAL
2228,0.9999999800000006,9.999999800000005e-09,9.999999800000005e-09,NORMAL
2229,0.9999999800000006,9.999999800000005e-09,9.999999800000005e-09,NORMAL
2230,0.9999999800000006,9.999999800000005e-09,9.999999800000005e-09,NORMAL
2231,0.9999999800000006,9.999999800000005e-09,9.999999800000005e-09,NORMAL
2232,9.999999800000005e-09,0.9999999800000006,9.999999800000005e-09,WARNING
2233,9.999999800000005e-09,0.9999999800000006,9.999999800000005e-09,WARNING
2234,9.999999800000005e-09,0.9999999800000006,9.999999800000005e-09,WARNING
2235,9.999999800000005e-09,0.9999999800000006,9.999999800000005e-09,WARNING
2236,9.999999800000005e-09,0.9999999800000006,9.999999800000005e-09,WARNING
2237,9.999999800000005e-09,0.9999999800000006,9.999999800000005e-09,WARNING
2238,9.999999800000005e-09,0.9999999800000006,9.999999800000005e-09,WARNING
2239,9.999999800000005e-09,0.9999999800000006,9.999999800000005e-09,WARNING
2240,9.999999800000005e-09,0.9999999800000006,9.999999800000005e-09,WARNING
2241,9.999999800000005e-09,0.9999999800000006,9.999999800000005e-09,WARNING
2242,9.999999800000005e-09,0.9999999800000006,9.999999800000005e-09,WARNING
2243,9.999999800000005e-09,0.9999999800000006,9.999999800000005e-09,WARNING
2244,9.999999800000005e-09,0.9999999800000006,9.999999800000005e-09,WARNING
2245,9.999999800000005e-09,0.9999999800000006,9.999999800000005e-09,WARNING
2246,9.999999800000005e-09,0.9999999800000006,9.999999800000005e-09,WARNING
2247,9.999999800000005e-09,0.9999999800000006,9.999999800000005e-09,WARNING
2248,9.999999800000005e-09,0.9999999800000006,9.999999800000005e-09,WARNING
2249,9.999999800000005e-09,0.9999999800000006,9.999999800000005e-09,WARNING
2250,0.9999999800000006,9.999999800000005e-09,9.999999800000005e-09,NORMAL
2251,0.9999999800000006,9.999999800000005e-09,9.999999800000005e-09,NORMAL
2252,0.9999999800000006,9.999999800000005e-09,9.999999800000005e-09,NORMAL
2253,0.9999999800000006,9.999999800000005e-09,9.999999800000005e-09,NORMAL
2254,0.9999999800000006,9.999999800000005e-09,9.999999800000005e-09,NORMAL
2255,0.9999999800000006,9.999999800000005e-09,9.999999800000005e-09,NORMAL
2256,0.9999999800000006,9.999999800000005e-09,9.999999800000005e-09,NORMAL
2257,0.9999999800000006,9.999999800000005e-09,9.999999800000005e-09,NORMAL
2258,0.9999999800000006,9.999999800000005e-09,9.999999800000005e-09,NORMAL
2259,0.9999999800000006,9.999999800000005e-09,9.999999800000005e-09,NORMAL
2260,0.9999999800000006,9.999999800000005e-09,9.999999800000005e-09,NORMAL
2261,0.9999999800000006,9.999999800000005e-09,9.999999800000005e-09,NORMAL
2262,0.9999999800000006,9.999999800000005e-09,9.999999800000005e-09,NORMAL
2263,0.9999999800000006,9.999999800000005e-09,9.999999800000005e-09,NORMAL
2264,0.9999999800000006,9.999999800000005e-09,9.999999800000005e-09,NORMAL
2265,0.9999999800000006,9.999999800000005e-09,9.999999800000005e-09,NORMAL
2266,0.9999999800000006,9.999999800000005e-09,9.999999800000005e-09,NORMAL
2267,0.9999999800000006,9.999999800000005e-09,9.999999800000005e-09,NORMAL
2268,0.9999999800000006,9.999999800000005e-09,9.999999800000005e-09,NORMAL
2269,0.30000000100000007,0.6999999890000003,9.999999800000005e-09,WARNING
2270,0.09000000729999989,0.9099999827000005,9.999999800000005e-09,WARNING
2271,0.027000009189999834,0.9729999808100005,9.999999800000005e-09,WARNING
2272,0.00810000975699981,0.9918999802430005,9.999999800000005e-09,WARNING
2273,0.0024300099270998035,0.9975699800729005,9.999999800000005e-09,WARNING
2274,0.0007290099781298012,0.9992709800218705,9.999999800000005e-09,WARNING
2275,0.0002187099934388004,0.9997812800065615,9.999999800000005e-09,WARNING
2276,6.561999803150013e-05,0.9999343700019688,9.999999800000005e-09,WARNING
2277,9.999999800000005e-09,0.9999999800000006,9.999999800000005e-09,WARNING
2278,9.999999800000005e-09,0.9999999800000006,9.999999800000005e-09,WARNING
2279,9.999999800000005e-09,0.9999999800000006,9.999999800000005e-09,WARNING
2280,9.999999800000005e-09,0.9999999800000006,9.999999800000005e-09,WARNING
2281,9.999999800000005e-09,0.9999999800000006,9.999999800000005e-09,WARNING
2282,9.999999800000005e-09,0.9999999800000006,9.999999800000005e-09,WARNING
2283,9.999999800000005e-09,0.9999999800000006,9.999999800000005e-09,WARNING
2284,9.999999800000005e-09,0.9999999800000006,9.999999800000005e-09,WARNING
2285,9.999999800000005e-09,0.9999999800000006,9.999999800000005e-09,WARNING
2286,9.999999800000005e-09,0.9999999800000006,9.999999800000005e-09,WARNING
2287,9.999999800000005e-09,0.9999999800000006,9.999999800000005e-09,WARNING
2288,8.99999988857143e-09,0.39999999314285734,0.5999999978571428,CRITICAL
2289,9.699999826571431e-09,0.12000000494285708,0.8799999853571431,CRITICAL
2290,9.909999807971431e-09,0.036000008482856984,0.9639999816071432,CRITICAL
2291,9.972999802391431e-09,0.010800009544856956,0.9891999804821432,CRITICAL
2292,9.991899800717432e-09,0.0032400098634569473,0.9967599801446432,CRITICAL
2293,9.997569800215232e-09,0.0009720099590369444,0.9990279800433932,CRITICAL
2294,9.999270800064572e-09,0.00029160998771094333,0.9997083800130182,CRITICAL
2295,9.999999800000005e-09,0.9999999800000006,9.999999800000005e-09,WARNING
2296,9.999999800000005e-09,0.9999999800000006,9.999999800000005e-09,WARNING
2297,8.99999988857143e-09,0.39999999314285734,0.5999999978571428,CRITICAL
2298,9.699999826571431e-09,0.12000000494285708,0.8799999853571431,CRITICAL
2299,9.909999807971431e-09,0.036000008482856984,0.9639999816071432,CRITICAL
2300,9.972999802391431e-09,0.010800009544856956,0.9891999804821432,CRITICAL
2301,9.991899800717432e-09,0.0032400098634569473,0.9967599801446432,CRITICAL
2302,9.997569800215232e-09,0.0009720099590369444,0.9990279800433932,CRITICAL
2303,9.999270800064572e-09,0.00029160998771094333,0.9997083800130182,CRITICAL
2304,0.9999999800000006,9.999999800000005e-09,9.999999800000005e-09,NORMAL
2305,0.9999999800000006,9.999999800000005e-09,9.999999800000005e-09,NORMAL
2306,0.9999999800000006,9.999999800000005e-09,9.999999800000005e-09,NORMAL
2307,0.9999999800000006,9.999999800000005e-09,9.999999800000005e-09,NORMAL
2308,0.9999999800000006,9.999999800000005e-09,9.999999800000005e-09,NORMAL
2309,0.9999999800000006,9.999999800000005e-09,9.999999800000005e-09,NORMAL
2310,0.9999999800000006,9.999999800000005e-09,9.999999800000005e-09,NORMAL
2311,0.9999999800000006,9.999999800000005e-09,9.999999800000005e-09,NORMAL
2312,0.9999999800000006,9.999999800000005e-09,9.999999800000005e-09,NORMAL
2313,0.9999999800000006,9.999999800000005e-09,9.999999800000005e-09,NORMAL
2314,0.9999999800000006,9.999999800000005e-09,9.999999800000005e-09,NORMAL
2315,0.9999999800000006,9.999999800000005e-09,9.999999800000005e-09,NORMAL
2316,0.9999999800000006,9.999999800000005e-09,9.999999800000005e-09,NORMAL
2317,0.9999999800000006,9.999999800000005e-09,9.999999800000005e-09,NORMAL
2318,0.9999999800000006,9.999999800000005e-09,9.999999800000005e-09,NORMAL
2319,0.9999999800000006,9.999999800000005e-09,9.999999800000005e-09,NORMAL
2320,0.9999999800000006,9.999999800000005e-09,9.999999800000005e-09,NORMAL
2321,0.9999999800000006,9.999999800000005e-09,9.999999800000005e-09,NORMAL
2322,0.9993040957898353,0.0006958942171238407,9.993040957898353e-09,NORMAL
2323,0.9993040957898353,0.0006958942171238407,9.993040957898353e-09,NORMAL
2324,0.9993040957898353,0.0006958942171238407,9.993040957898353e-09,NORMAL
2325,0.9993040957898353,0.0006958942171238407,9.993040957898353e-09,NORMAL
2326,0.9993040957898353,0.0006958942171238407,9.993040957898353e-09,NORMAL
2327,0.9993040957898353,0.0006958942171238407,9.993040957898353e-09,NORMAL
2328,0.9993040957898353,0.0006958942171238407,9.993040957898353e-09,NORMAL
2329,0.9993040957898353,0.0006958942171238407,9.993040957898353e-09,NORMAL
2330,0.9993040957898353,0.0006958942171238407,9.993040957898353e-09,NORMAL
2331,0.9993040957898353,0.0006958942171238407,9.993040957898353e-09,NORMAL
2332,0.9993040957898353,0.0006958942171238407,9.993040957898353e-09,NORMAL
2333,0.9993040957898353,0.0006958942171238407,9.993040957898353e-09,NORMAL
2334,0.9993040957898353,0.0006958942171238407,9.993040957898353e-09,NORMAL
2335,0.9993040957898353,0.0006958942171238407,9.993040957898353e-09,NORMAL
2336,0.9993040957898353,0.0006958942171238407,9.993040957898353e-09,NORMAL
2337,0.9993040957898353,0.0006958942171238407,9.993040957898353e-09,NORMAL
2338,0.9993040957898353,0.0006958942171238407,9.993040957898353e-09,NORMAL
2339,0.9993040957898353,0.0006958942171238407,9.993040957898353e-09,NORMAL
2340,9.993040957898353e-09,0.0006958942171238407,0.9993040957898353,CRITICAL
2341,9.993040957898353e-09,0.0006958942171238407,0.9993040957898353,CRITICAL
2342,9.993040957898353e-09,0.0006958942171238407,0.9993040957898353,CRITICAL
2343,9.993040957898353e-09,0.0006958942171238407,0.9993040957898353,CRITICAL
2344,9.993040957898353e-09,0.0006958942171238407,0.9993040957898353,CRITICAL
2345,9.993040957898353e-09,0.0006958942171238407,0.9993040957898353,CRITICAL
2346,9.993040957898353e-09,0.0006958942171238407,0.9993040957898353,CRITICAL
2347,9.993040957898353e-09,0.0006958942171238407,0.9993040957898353,CRITICAL
2348,9.993040957898353e-09,0.0006958942171238407,0.9993040957898353,CRITICAL
2349,9.993040957898353e-09,0.0006958942171238407,0.9993040957898353,CRITICAL
2350,9.993040957898353e-09,0.0006958942171238407,0.9993040957898353,CRITICAL
2351,9.993040957898353e-09,0.0006958942171238407,0.9993040957898353,CRITICAL
2352,9.993040957898353e-09,0.0006958942171238407,0.9993040957898353,CRITICAL
2353,9.993040957898353e-09,0.0006958942171238407,0.9993040957898353,CRITICAL
2354,9.993040957898353e-09,0.0006958942171238407,0.9993040957898353,CRITICAL
2355,9.993040957898353e-09,0.0006958942171238407,0.9993040957898353,CRITICAL
2356,9.993040957898353e-09,0.0006958942171238407,0.9993040957898353,CRITICAL
2357,9.993040957898353e-09,0.0006958942171238407,0.9993040957898353,CRITICAL
2358,0.9999999800000006,9.999999800000005e-09,9.999999800000005e-09,NORMAL
2359,0.9999999800000006,9.999999800000005e-09,9.999999800000005e-09,NORMAL
2360,0.9999999800000006,9.999999800000005e-09,9.999999800000005e-09,NORMAL
2361,0.9999999800000006,9.999999800000005e-09,9.999999800000005e-09,NORMAL
2362,0.9999999800000006,9.999999800000005e-09,9.999999800000005e-09,NORMAL
2363,0.9999999800000006,9.999999800000005e-09,9.999999800000005e-09,NORMAL
2364,0.9999999800000006,9.999999800000005e-09,9.999999800000005e-09,NORMAL
2365,0.9999999800000006,9.999999800000005e-09,9.999999800000005e-09,NORMAL
2366,0.9999999800000006,9.999999800000005e-09,9.999999800000005e-09,NORMAL
2367,0.9999999800000006,9.999999800000005e-09,9.999999800000005e-09,NORMAL
2368,0.9999999800000006,9.999999800000005e-09,9.999999800000005e-09,NORMAL
2369,0.9999999800000006,9.999999800000005e-09,9.999999800000005e-09,NORMAL
2370,0.9999999800000006,9.999999800000005e-09,9.999999800000005e-09,NORMAL
2371,0.9999999800000006,9.999999800000005e-09,9.999999800000005e-09,NORMAL
2372,0.9999999800000006,9.999999800000005e-09,9.999999800000005e-09,NORMAL
2373,0.9999999800000006,9.999999800000005e-09,9.999999800000005e-09,NORMAL
2374,0.9999999800000006,9.999999800000005e-09,9.999999800000005e-09,NORMAL
2375,0.9999999800000006,9.999999800000005e-09,9.999999800000005e-09,NORMAL
2376,9.999999800000003e-09,9.999999800000003e-09,0.9999999800000003,CRITICAL
2377,9.999999800000003e-09,9.999999800000003e-09,0.9999999800000003,CRITICAL
2378,9.999999800000003e-09,9.999999800000003e-09,0.9999999800000003,CRITICAL
2379,9.999999800000003e-09,9.999999800000003e-09,0.9999999800000003,CRITICAL
2380,9.999999800000003e-09,9.999999800000003e-09,0.9999999800000003,CRITICAL
2381,9.999999800000003e-09,9.999999800000003e-09,0.9999999800000003,CRITICAL
2382,9.999999800000003e-09,9.999999800000003e-09,0.9999999800000003,CRITICAL
2383,9.999999800000003e-09,9.999999800000003e-09,0.9999999800000003,CRITICAL
2384,9.999999800000003e-09,9.999999800000003e-09,0.9999999800000003,CRITICAL
2385,9.999999800000003e-09,9.999999800000003e-09,0.9999999800000003,CRITICAL
2386,9.999999800000003e-09,9.999999800000003e-09,0.9999999800000003,CRITICAL
2387,9.999999800000003e-09,9.999999800000003e-09,0.9999999800000003,CRITICAL
2388,9.999999800000003e-09,9.999999800000003e-09,0.9999999800000003,CRITICAL
2389,9.999999800000003e-09,9.999999800000003e-09,0.9999999800000003,CRITICAL
2390,9.999999800000003e-09,9.999999800000003e-09,0.9999999800000003,CRITICAL
2391,9.999999800000003e-09,9.999999800000003e-09,0.9999999800000003,CRITICAL
2392,9.999999800000003e-09,9.999999800000003e-09,0.9999999800000003,CRITICAL
2393,9.999999800000003e-09,9.999999800000003e-09,0.9999999800000003,CRITICAL
2394,0.9999999800000006,9.999999800000005e-09,9.999999800000005e-09,NORMAL
2395,0.9999999800000006,9.999999800000005e-09,9.999999800000005e-09,NORMAL
2396,0.9999999800000006,9.999999800000005e-09,9.999999800000005e-09,NORMAL
2397,0.9999999800000006,9.999999800000005e-09,9.999999800000005e-09,NORMAL
2398,0.9999999800000006,9.999999800000005e-09,9.999999800000005e-09,NORMAL
2399,0.9999999800000006,9.999999800000005e-09,9.999999800000005e-09,NORMAL
2400,0.9999999800000006,9.999999800000005e-09,9.999999800000005e-09,NORMAL
2401,0.9999999800000006,9.999999800000005e-09,9.999999800000005e-09,NORMAL
2402,0.9999999800000006,9.999999800000005e-09,9.999999800000005e-09,NORMAL
2403,0.9999999800000006,9.999999800000005e-09,9.999999800000005e-09,NORMAL
2404,0.9999999800000006,9.999999800000005e-09,9.999999800000005e-09,NORMAL
2405,0.9999999800000006,9.999999800000005e-09,9.999999800000005e-09,NORMAL
2406,0.9999999800000006,9.999999800000005e-09,9.999999800000005e-09,NORMAL
2407,0.9999999800000006,9.999999800000005e-09,9.999999800000005e-09,NORMAL
2408,0.9999999800000006,9.999999800000005e-09,9.999999800000005e-09,NORMAL
2409,0.9999999800000006,9.999999800000005e-09,9.999999800000005e-09,NORMAL
2410,0.9999999800000006,9.999999800000005e-09,9.999999800000005e-09,NORMAL
2411,0.9999999800000006,9.999999800000005e-09,9.999999800000005e-09,NORMAL
2412,9.999999800000005e-09,0.9999999800000006,9.999999800000005e-09,CRITICAL
2413,9.999999800000005e-09,0.9999999800000006,9.999999800000005e-09,CRITICAL
2414,0.5764705864878893,0.4235294047474051,8.764705774878895e-09,WARNING
2415,0.17294118294636668,0.8270588074242219,9.629411592463672e-09,WARNING
2416,0.05188236188390987,0.948117628227267,9.888823337739105e-09,WARNING
2417,0.015564715565172823,0.9844352744681805,9.966646861321735e-09,WARNING
2418,0.5811399981574412,0.41885999308785904,8.754699893275414e-09,WARNING
2419,0.17434200644723225,0.825657983926358,9.626409827982628e-09,WARNING
2420,0.05230260893416954,0.9476973811779078,9.887922808394792e-09,WARNING
2421,9.999999800000005e-09,0.9999999800000006,9.999999800000005e-09,CRITICAL
2422,9.999999800000005e-09,0.9999999800000006,9.999999800000005e-09,CRITICAL
2423,9.999999800000005e-09,0.9999999800000006,9.999999800000005e-09,CRITICAL
2424,9.999999800000005e-09,0.9999999800000006,9.999999800000005e-09,CRITICAL
2425,9.999999800000005e-09,0.9999999800000006,9.999999800000005e-09,CRITICAL
2426,9.999999800000005e-09,0.9999999800000006,9.999999800000005e-09,CRITICAL
2427,9.999999800000005e-09,0.9999999800000006,9.999999800000005e-09,CRITICAL
2428,9.999999800000005e-09,0.9999999800000006,9.999999800000005e-09,CRITICAL
2429,9.999999800000005e-09,0.9999999800000006,9.999999800000005e-09,CRITICAL
2430,0.9999999800000006,9.999999800000005e-09,9.999999800000005e-09,NORMAL
2431,0.30000000100000007,0.6999999890000003,9.999999800000005e-09,WARNING
2432,0.09000000729999989,0.9099999827000005,9.999999800000005e-09,WARNING
2433,0.027000009189999834,0.9729999808100005,9.999999800000005e-09,WARNING
2434,0.00810000975699981,0.9918999802430005,9.999999800000005e-09,WARNING
2435,0.0024300099270998035,0.9975699800729005,9.999999800000005e-09,WARNING
2436,0.0007290099781298012,0.9992709800218705,9.999999800000005e-09,WARNING
2437,0.0002187099934388004,0.9997812800065615,9.999999800000005e-09,WARNING
2438,6.561999803150013e-05,0.9999343700019688,9.999999800000005e-09,WARNING
2439,0.9999999800000006,9.999999800000005e-09,9.999999800000005e-09,NORMAL
2440,0.30000000100000007,0.6999999890000003,9.999999800000005e-09,WARNING
2441,0.09000000729999989,0.9099999827000005,9.999999800000005e-09,WARNING
2442,0.027000009189999834,0.9729999808100005,9.999999800000005e-09,WARNING
2443,0.00810000975699981,0.9918999802430005,9.999999800000005e-09,WARNING
2444,0.0024300099270998035,0.9975699800729005,9.999999800000005e-09,WARNING
2445,0.0007290099781298012,0.9992709800218705,9.999999800000005e-09,WARNING
2446,0.0002187099934388004,0.9997812800065615,9.999999800000005e-09,WARNING
2447,6.561999803150013e-05,0.9999343700019688,9.999999800000005e-09,WARNING
2448,9.999999800000003e-09,9.999999800000003e-09,0.9999999800000003,CRITICAL
2449,9.999999800000003e-09,9.999999800000003e-09,0.9999999800000003,CRITICAL
2450,9.999999800000003e-09,9.999999800000003e-09,0.9999999800000003,CRITICAL
2451,9.999999800000003e-09,9.999999800000003e-09,0.9999999800000003,CRITICAL
2452,9.999999800000003e-09,9.999999800000003e-09,0.9999999800000003,CRITICAL
2453,9.999999800000003e-09,9.999999800000003e-09,0.9999999800000003,CRITICAL
2454,9.999999800000003e-09,9.999999800000003e-09,0.9999999800000003,CRITICAL
2455,9.999999800000003e-09,9.999999800000003e-09,0.9999999800000003,CRITICAL
2456,9.999999800000003e-09,9.999999800000003e-09,0.9999999800000003,CRITICAL
2457,9.999999800000003e-09,9.999999800000003e-09,0.9999999800000003,CRITICAL
2458,9.999999800000003e-09,9.999999800000003e-09,0.9999999800000003,CRITICAL
2459,9.999999800000003e-09,9.999999800000003e-09,0.9999999800000003,CRITICAL
2460,9.999999800000003e-09,9.999999800000003e-09,0.9999999800000003,CRITICAL
2461,9.999999800000003e-09,9.999999800000003e-09,0.9999999800000003,CRITICAL
2462,9.999999800000003e-09,9.999999800000003e-09,0.9999999800000003,CRITICAL
2463,9.999999800000003e-09,9.999999800000003e-09,0.9999999800000003,CRITICAL
2464,9.999999800000003e-09,9.999999800000003e-09,0.9999999800000003,CRITICAL
2465,9.999999800000003e-09,9.999999800000003e-09,0.9999999800000003,CRITICAL
2466,0.9993040957898353,0.0006958942171238407,9.993040957898353e-09,NORMAL
2467,0.9993040957898353,0.0006958942171238407,9.993040957898353e-09,NORMAL
2468,0.9993040957898353,0.0006958942171238407,9.993040957898353e-09,NORMAL
2469,0.9993040957898353,0.0006958942171238407,9.993040957898353e-09,NORMAL
2470,0.9993040957898353,0.0006958942171238407,9.993040957898353e-09,NORMAL
2471,0.9993040957898353,0.0006958942171238407,9.993040957898353e-09,NORMAL
2472,0.9993040957898353,0.0006958942171238407,9.993040957898353e-09,NORMAL
2473,0.9993040957898353,0.0006958942171238407,9.993040957898353e-09,NORMAL
2474,0.9993040957898353,0.0006958942171238407,9.993040957898353e-09,NORMAL
2475,0.9993040957898353,0.0006958942171238407,9.993040957898353e-09,NORMAL
2476,0.9993040957898353,0.0006958942171238407,9.993040957898353e-09,NORMAL
2477,0.9993040957898353,0.0006958942171238407,9.993040957898353e-09,NORMAL
2478,0.9993040957898353,0.0006958942171238407,9.993040957898353e-09,NORMAL
2479,0.9993040957898353,0.0006958942171238407,9.993040957898353e-09,NORMAL
2480,0.9993040957898353,0.0006958942171238407,9.993040957898353e-09,NORMAL
2481,0.9993040957898353,0.0006958942171238407,9.993040957898353e-09,NORMAL
2482,0.9993040957898353,0.0006958942171238407,9.993040957898353e-09,NORMAL
2483,0.9993040957898353,0.0006958942171238407,9.993040957898353e-09,NORMAL
2484,0.9993040957898353,0.0006958942171238407,9.993040957898353e-09,NORMAL
2485,0.9993040957898353,0.0006958942171238407,9.993040957898353e-09,NORMAL
2486,0.9993040957898353,0.0006958942171238407,9.993040957898353e-09,NORMAL
2487,0.9993040957898353,0.0006958942171238407,9.993040957898353e-09,NORMAL
2488,0.9993040957898353,0.0006958942171238407,9.993040957898353e-09,NORMAL
2489,0.9993040957898353,0.0006958942171238407,9.993040957898353e-09,NORMAL
2490,0.9993040957898353,0.0006958942171238407,9.993040957898353e-09,NORMAL
2491,0.9993040957898353,0.0006958942171238407,9.993040957898353e-09,NORMAL
2492,0.9993040957898353,0.0006958942171238407,9.993040957898353e-09,NORMAL
2493,0.9993040957898353,0.0006958942171238407,9.993040957898353e-09,NORMAL
2494,0.9993040957898353,0.0006958942171238407,9.993040957898353e-09,NORMAL
2495,0.9993040957898353,0.0006958942171238407,9.993040957898353e-09,NORMAL
2496,0.9993040957898353,0.0006958942171238407,9.993040957898353e-09,NORMAL
2497,0.9993040957898353,0.0006958942171238407,9.993040957898353e-09,NORMAL
2498,0.9993040957898353,0.0006958942171238407,9.993040957898353e-09,NORMAL
2499,0.9993040957898353,0.0006958942171238407,9.993040957898353e-09,NORMAL
2500,0.9993040957898353,0.0006958942171238407,9.993040957898353e-09,NORMAL
2501,0.9993040957898353,0.0006958942171238407,9.993040957898353e-09,NORMAL
2502,9.999999800000005e-09,0.9999999800000006,9.999999800000005e-09,WARNING
2503,9.999999800000005e-09,0.9999999800000006,9.999999800000005e-09,WARNING
2504,9.999999800000005e-09,0.9999999800000006,9.999999800000005e-09,WARNING
2505,9.999999800000003e-09,0.30000000100000007,0.6999999890000002,CRITICAL
2506,9.999999800000003e-09,0.09000000729999989,0.9099999827000003,CRITICAL
2507,9.999999800000003e-09,0.027000009189999834,0.9729999808100004,CRITICAL
2508,9.999999800000003e-09,0.00810000975699981,0.9918999802430004,CRITICAL
2509,9.999999800000003e-09,0.0024300099270998035,0.9975699800729004,CRITICAL
2510,9.999999800000003e-09,0.0007290099781298012,0.9992709800218704,CRITICAL
2511,9.999999800000005e-09,0.9999999800000006,9.999999800000005e-09,WARNING
2512,9.999999800000005e-09,0.9999999800000006,9.999999800000005e-09,WARNING
2513,9.999999800000005e-09,0.9999999800000006,9.999999800000005e-09,WARNING
2514,9.999999800000003e-09,0.30000000100000007,0.6999999890000002,CRITICAL
2515,9.999999800000003e-09,0.09000000729999989,0.9099999827000003,CRITICAL
2516,9.999999800000003e-09,0.027000009189999834,0.9729999808100004,CRITICAL
2517,9.999999800000003e-09,0.00810000975699981,0.9918999802430004,CRITICAL
2518,9.999999800000003e-09,0.0024300099270998035,0.9975699800729004,CRITICAL
2519,9.999999800000003e-09,0.0007290099781298012,0.9992709800218704,CRITICAL
2520,0.9999999800000006,9.999999800000005e-09,9.999999800000005e-09,NORMAL
2521,0.9999999800000006,9.999999800000005e-09,9.999999800000005e-09,NORMAL
2522,0.9999999800000006,9.999999800000005e-09,9.999999800000005e-09,NORMAL
2523,0.9999999800000006,9.999999800000005e-09,9.999999800000005e-09,NORMAL
2524,0.9999999800000006,9.999999800000005e-09,9.999999800000005e-09,NORMAL
2525,0.9999999800000006,9.999999800000005e-09,9.999999800000005e-09,NORMAL
2526,0.9999999800000006,9.999999800000005e-09,9.999999800000005e-09,NORMAL
2527,0.9999999800000006,9.999999800000005e-09,9.999999800000005e-09,NORMAL
2528,0.9999999800000006,9.999999800000005e-09,9.999999800000005e-09,NORMAL
2529,0.9999999800000006,9.999999800000005e-09,9.999999800000005e-09,NORMAL
2530,0.9999999800000006,9.999999800000005e-09,9.999999800000005e-09,NORMAL
2531,0.9999999800000006,9.999999800000005e-09,9.999999800000005e-09,NORMAL
2532,0.9999999800000006,9.999999800000005e-09,9.999999800000005e-09,NORMAL
2533,0.9999999800000006,9.999999800000005e-09,9.999999800000005e-09,NORMAL
2534,0.9999999800000006,9.999999800000005e-09,9.999999800000005e-09,NORMAL
2535,0.9999999800000006,9.999999800000005e-09,9.999999800000005e-09,NORMAL
2536,0.9999999800000006,9.999999800000005e-09,9.999999800000005e-09,NORMAL
2537,0.9999999800000006,9.999999800000005e-09,9.999999800000005e-09,NORMAL
2538,9.999999800000003e-09,9.999999800000003e-09,0.9999999800000003,CRITICAL
2539,9.999999800000003e-09,9.999999800000003e-09,0.9999999800000003,CRITICAL
2540,9.999999800000003e-09,9.999999800000003e-09,0.9999999800000003,CRITICAL
2541,9.999999800000003e-09,9.999999800000003e-09,0.9999999800000003,CRITICAL
2542,9.999999800000003e-09,9.999999800000003e-09,0.9999999800000003,CRITICAL
2543,9.999999800000003e-09,9.999999800000003e-09,0.9999999800000003,CRITICAL
2544,9.999999800000003e-09,9.999999800000003e-09,0.9999999800000003,CRITICAL
2545,9.999999800000003e-09,9.999999800000003e-09,0.9999999800000003,CRITICAL
2546,9.999999800000003e-09,9.999999800000003e-09,0.9999999800000003,CRITICAL
2547,9.999999800000003e-09,9.999999800000003e-09,0.9999999800000003,CRITICAL
2548,9.999999800000003e-09,9.999999800000003e-09,0.9999999800000003,CRITICAL
2549,9.999999800000003e-09,9.999999800000003e-09,0.9999999800000003,CRITICAL
2550,9.999999800000003e-09,9.999999800000003e-09,0.9999999800000003,CRITICAL
2551,9.999999800000003e-09,9.999999800000003e-09,0.9999999800000003,CRITICAL
2552,9.999999800000003e-09,9.999999800000003e-09,0.9999999800000003,CRITICAL
2553,9.999999800000003e-09,9.999999800000003e-09,0.9999999800000003,CRITICAL
2554,9.999999800000003e-09,9.999999800000003e-09,0.9999999800000003,CRITICAL
2555,9.999999800000003e-09,9.999999800000003e-09,0.9999999800000003,CRITICAL
2556,9.999999800000003e-09,9.999999800000003e-09,0.9999999800000003,CRITICAL
2557,9.999999800000003e-09,9.999999800000003e-09,0.9999999800000003,CRITICAL
2558,9.999999800000003e-09,9.999999800000003e-09,0.9999999800000003,CRITICAL
2559,9.999999800000003e-09,9.999999800000003e-09,0.9999999800000003,CRITICAL
2560,9.999999800000003e-09,9.999999800000003e-09,0.9999999800000003,CRITICAL
2561,9.999999800000003e-09,9.999999800000003e-09,0.9999999800000003,CRITICAL
2562,9.999999800000003e-09,9.999999800000003e-09,0.9999999800000003,CRITICAL
2563,9.999999800000003e-09,9.999999800000003e-09,0.9999999800000003,CRITICAL
2564,9.999999800000003e-09,9.999999800000003e-09,0.9999999800000003,CRITICAL
2565,9.999999800000003e-09,9.999999800000003e-09,0.9999999800000003,CRITICAL
2566,9.999999800000003e-09,9.999999800000003e-09,0.9999999800000003,CRITICAL
2567,9.999999800000003e-09,9.999999800000003e-09,0.9999999800000003,CRITICAL
2568,9.999999800000003e-09,9.999999800000003e-09,0.9999999800000003,CRITICAL
2569,9.999999800000003e-09,9.999999800000003e-09,0.9999999800000003,CRITICAL
2570,9.999999800000003e-09,9.999999800000003e-09,0.9999999800000003,CRITICAL
2571,9.999999800000003e-09,9.999999800000003e-09,0.9999999800000003,CRITICAL
2572,9.999999800000003e-09,9.999999800000003e-09,0.9999999800000003,CRITICAL
2573,9.999999800000003e-09,9.999999800000003e-09,0.9999999800000003,CRITICAL
2574,0.9993040957898353,0.0006958942171238407,9.993040957898353e-09,NORMAL
2575,0.9993040957898353,0.0006958942171238407,9.993040957898353e-09,NORMAL
2576,0.9993040957898353,0.0006958942171238407,9.993040957898353e-09,NORMAL
2577,0.9993040957898353,0.0006958942171238407,9.993040957898353e-09,NORMAL
2578,0.9993040957898353,0.0006958942171238407,9.993040957898353e-09,NORMAL
2579,0.9993040957898353,0.0006958942171238407,9.993040957898353e-09,NORMAL
2580,0.9993040957898353,0.0006958942171238407,9.993040957898353e-09,NORMAL
2581,0.9993040957898353,0.0006958942171238407,9.993040957898353e-09,NORMAL
2582,0.9993040957898353,0.0006958942171238407,9.993040957898353e-09,NORMAL
2583,0.9993040957898353,0.0006958942171238407,9.993040957898353e-09,NORMAL
2584,0.9993040957898353,0.0006958942171238407,9.993040957898353e-09,NORMAL
2585,0.9993040957898353,0.0006958942171238407,9.993040957898353e-09,NORMAL
2586,0.9993040957898353,0.0006958942171238407,9.993040957898353e-09,NORMAL
2587,0.9993040957898353,0.0006958942171238407,9.993040957898353e-09,NORMAL
2588,0.9993040957898353,0.0006958942171238407,9.993040957898353e-09,NORMAL
2589,0.9993040957898353,0.0006958942171238407,9.993040957898353e-09,NORMAL
2590,0.9993040957898353,0.0006958942171238407,9.993040957898353e-09,NORMAL
2591,0.9993040957898353,0.0006958942171238407,9.993040957898353e-09,NORMAL
2592,9.999999800000005e-09,0.9999999800000006,9.999999800000005e-09,WARNING
2593,9.999999800000005e-09,0.9999999800000006,9.999999800000005e-09,WARNING
2594,9.999999800000005e-09,0.9999999800000006,9.999999800000005e-09,WARNING
2595,9.999999800000005e-09,0.9999999800000006,9.999999800000005e-09,WARNING
2596,9.999999800000005e-09,0.9999999800000006,9.999999800000005e-09,WARNING
2597,9.999999800000005e-09,0.9999999800000006,9.999999800000005e-09,WARNING
2598,9.999999800000005e-09,0.9999999800000006,9.999999800000005e-09,WARNING
2599,9.999999800000005e-09,0.9999999800000006,9.999999800000005e-09,WARNING
2600,9.999999800000005e-09,0.9999999800000006,9.999999800000005e-09,WARNING
2601,9.999999800000005e-09,0.9999999800000006,9.999999800000005e-09,WARNING
2602,9.999999800000005e-09,0.9999999800000006,9.999999800000005e-09,WARNING
2603,9.999999800000005e-09,0.9999999800000006,9.999999800000005e-09,WARNING
2604,9.999999800000005e-09,0.9999999800000006,9.999999800000005e-09,WARNING
2605,9.999999800000005e-09,0.9999999800000006,9.999999800000005e-09,WARNING
2606,9.999999800000005e-09,0.9999999800000006,9.999999800000005e-09,WARNING
2607,9.999999800000005e-09,0.9999999800000006,9.999999800000005e-09,WARNING
2608,9.999999800000005e-09,0.9999999800000006,9.999999800000005e-09,WARNING
2609,9.999999800000005e-09,0.9999999800000006,9.999999800000005e-09,WARNING
2610,9.999999800000005e-09,0.9999999800000006,9.999999800000005e-09,WARNING
2611,9.999999800000003e-09,0.30000000100000007,0.6999999890000002,CRITICAL
2612,9.999999800000003e-09,0.09000000729999989,0.9099999827000003,CRITICAL
2613,9.999999800000003e-09,0.027000009189999834,0.9729999808100004,CRITICAL
2614,9.999999800000003e-09,0.00810000975699981,0.9918999802430004,CRITICAL
2615,9.999999800000003e-09,0.0024300099270998035,0.9975699800729004,CRITICAL
2616,9.999999800000003e-09,0.0007290099781298012,0.9992709800218704,CRITICAL
2617,9.999999800000003e-09,0.0002187099934388004,0.9997812800065614,CRITICAL
2618,9.999999800000003e-09,6.561999803150013e-05,0.9999343700019687,CRITICAL
2619,9.999999800000005e-09,0.9999999800000006,9.999999800000005e-09,WARNING
2620,9.999999800000003e-09,0.30000000100000007,0.6999999890000002,CRITICAL
2621,9.999999800000003e-09,0.09000000729999989,0.9099999827000003,CRITICAL
2622,9.999999800000003e-09,0.027000009189999834,0.9729999808100004,CRITICAL
2623,9.999999800000003e-09,0.00810000975699981,0.9918999802430004,CRITICAL
2624,9.999999800000003e-09,0.0024300099270998035,0.9975699800729004,CRITICAL
2625,9.999999800000003e-09,0.0007290099781298012,0.9992709800218704,CRITICAL
2626,9.999999800000003e-09,0.0002187099934388004,0.9997812800065614,CRITICAL
2627,9.999999800000003e-09,6.561999803150013e-05,0.9999343700019687,CRITICAL
2628,9.999999800000003e-09,9.999999800000003e-09,0.9999999800000003,CRITICAL
2629,9.999999800000003e-09,9.999999800000003e-09,0.9999999800000003,CRITICAL
2630,9.999999800000003e-09,9.999999800000003e-09,0.9999999800000003,CRITICAL
2631,9.999999800000003e-09,9.999999800000003e-09,0.9999999800000003,CRITICAL
2632,9.999999800000003e-09,9.999999800000003e-09,0.9999999800000003,CRITICAL
2633,9.999999800000003e-09,9.999999800000003e-09,0.9999999800000003,CRITICAL
2634,9.999999800000003e-09,9.999999800000003e-09,0.9999999800000003,CRITICAL
2635,9.999999800000003e-09,9.999999800000003e-09,0.9999999800000003,CRITICAL
2636,9.999999800000003e-09,9.999999800000003e-09,0.9999999800000003,CRITICAL
2637,9.999999800000003e-09,9.999999800000003e-09,0.9999999800000003,CRITICAL
2638,9.999999800000003e-09,9.999999800000003e-09,0.9999999800000003,CRITICAL
2639,9.999999800000003e-09,9.999999800000003e-09,0.9999999800000003,CRITICAL
2640,9.999999800000003e-09,9.999999800000003e-09,0.9999999800000003,CRITICAL
2641,9.999999800000003e-09,9.999999800000003e-09,0.9999999800000003,CRITICAL
2642,9.999999800000003e-09,9.999999800000003e-09,0.9999999800000003,CRITICAL
2643,9.999999800000003e-09,9.999999800000003e-09,0.9999999800000003,CRITICAL
2644,9.999999800000003e-09,9.999999800000003e-09,0.9999999800000003,CRITICAL
2645,9.999999800000003e-09,9.999999800000003e-09,0.9999999800000003,CRITICAL
2646,0.9999999800000006,9.999999800000005e-09,9.999999800000005e-09,NORMAL
2647,0.9999999800000006,9.999999800000005e-09,9.999999800000005e-09,NORMAL
2648,0.9999999800000006,9.999999800000005e-09,9.999999800000005e-09,NORMAL
2649,0.9999999800000006,9.999999800000005e-09,9.999999800000005e-09,NORMAL
2650,0.9999999800000006,9.999999800000005e-09,9.999999800000005e-09,NORMAL
2651,0.9999999800000006,9.999999800000005e-09,9.999999800000005e-09,NORMAL
2652,0.9999999800000006,9.999999800000005e-09,9.999999800000005e-09,NORMAL
2653,0.9999999800000006,9.999999800000005e-09,9.999999800000005e-09,NORMAL
2654,0.9999999800000006,9.999999800000005e-09,9.999999800000005e-09,NORMAL
2655,0.9999999800000006,9.999999800000005e-09,9.999999800000005e-09,NORMAL
2656,0.9999999800000006,9.999999800000005e-09,9.999999800000005e-09,NORMAL
2657,0.9999999800000006,9.999999800000005e-09,9.999999800000005e-09,NORMAL
2658,0.9999999800000006,9.999999800000005e-09,9.999999800000005e-09,NORMAL
2659,0.9999999800000006,9.999999800000005e-09,9.999999800000005e-09,NORMAL
2660,0.9999999800000006,9.999999800000005e-09,9.999999800000005e-09,NORMAL
2661,0.9999999800000006,9.999999800000005e-09,9.999999800000005e-09,NORMAL
2662,0.9999999800000006,9.999999800000005e-09,9.999999800000005e-09,NORMAL
2663,0.9999999800000006,9.999999800000005e-09,9.999999800000005e-09,NORMAL
2664,0.9993040957898353,0.0006958942171238407,9.993040957898353e-09,NORMAL
2665,0.9993040957898353,0.0006958942171238407,9.993040957898353e-09,NORMAL
2666,0.9993040957898353,0.0006958942171238407,9.993040957898353e-09,NORMAL
2667,0.9993040957898353,0.0006958942171238407,9.993040957898353e-09,NORMAL
2668,0.9993040957898353,0.0006958942171238407,9.993040957898353e-09,NORMAL
2669,0.9993040957898353,0.0006958942171238407,9.993040957898353e-09,NORMAL
2670,0.9993040957898353,0.0006958942171238407,9.993040957898353e-09,NORMAL
2671,0.9993040957898353,0.0006958942171238407,9.993040957898353e-09,NORMAL
2672,0.9993040957898353,0.0006958942171238407,9.993040957898353e-09,NORMAL
2673,0.9993040957898353,0.0006958942171238407,9.993040957898353e-09,NORMAL
2674,0.9993040957898353,0.0006958942171238407,9.993040957898353e-09,NORMAL
2675,0.9993040957898353,0.0006958942171238407,9.993040957898353e-09,NORMAL
2676,0.9993040957898353,0.0006958942171238407,9.993040957898353e-09,NORMAL
2677,0.9993040957898353,0.0006958942171238407,9.993040957898353e-09,NORMAL
2678,0.9993040957898353,0.0006958942171238407,9.993040957898353e-09,NORMAL
2679,0.9993040957898353,0.0006958942171238407,9.993040957898353e-09,NORMAL
2680,0.9993040957898353,0.0006958942171238407,9.993040957898353e-09,NORMAL
2681,0.9993040957898353,0.0006958942171238407,9.993040957898353e-09,NORMAL
2682,9.999999800000003e-09,9.999999800000003e-09,0.9999999800000003,CRITICAL
2683,9.999999800000003e-09,9.999999800000003e-09,0.9999999800000003,CRITICAL
2684,9.999999800000003e-09,9.999999800000003e-09,0.9999999800000003,CRITICAL
2685,9.999999800000003e-09,9.999999800000003e-09,0.9999999800000003,CRITICAL
2686,9.999999800000003e-09,9.999999800000003e-09,0.9999999800000003,CRITICAL
2687,9.999999800000003e-09,9.999999800000003e-09,0.9999999800000003,CRITICAL
2688,9.999999800000003e-09,9.999999800000003e-09,0.9999999800000003,CRITICAL
2689,9.999999800000003e-09,9.999999800000003e-09,0.9999999800000003,CRITICAL
2690,9.999999800000003e-09,9.999999800000003e-09,0.9999999800000003,CRITICAL
2691,9.999999800000003e-09,9.999999800000003e-09,0.9999999800000003,CRITICAL
2692,9.999999800000003e-09,9.999999800000003e-09,0.9999999800000003,CRITICAL
2693,9.999999800000003e-09,9.999999800000003e-09,0.9999999800000003,CRITICAL
2694,9.999999800000003e-09,9.999999800000003e-09,0.9999999800000003,CRITICAL
2695,9.999999800000003e-09,9.999999800000003e-09,0.9999999800000003,CRITICAL
2696,9.999999800000003e-09,9.999999800000003e-09,0.9999999800000003,CRITICAL
2697,9.999999800000003e-09,9.999999800000003e-09,0.9999999800000003,CRITICAL
2698,9.999999800000003e-09,9.999999800000003e-09,0.9999999800000003,CRITICAL
2699,9.999999800000003e-09,9.999999800000003e-09,0.9999999800000003,CRITICAL
2700,0.9993040957898353,0.0006958942171238407,9.993040957898353e-09,NORMAL
2701,0.9993040957898353,0.0006958942171238407,9.993040957898353e-09,NORMAL
2702,0.9993040957898353,0.0006958942171238407,9.993040957898353e-09,NORMAL
2703,0.9993040957898353,0.0006958942171238407,9.993040957898353e-09,NORMAL
2704,0.9993040957898353,0.0006958942171238407,9.993040957898353e-09,NORMAL
2705,0.9993040957898353,0.0006958942171238407,9.993040957898353e-09,NORMAL
2706,0.9993040957898353,0.0006958942171238407,9.993040957898353e-09,NORMAL
2707,0.9993040957898353,0.0006958942171238407,9.993040957898353e-09,NORMAL
2708,0.9993040957898353,0.0006958942171238407,9.993040957898353e-09,NORMAL
2709,0.9993040957898353,0.0006958942171238407,9.993040957898353e-09,NORMAL
2710,0.9993040957898353,0.0006958942171238407,9.993040957898353e-09,NORMAL
2711,0.9993040957898353,0.0006958942171238407,9.993040957898353e-09,NORMAL
2712,0.9993040957898353,0.0006958942171238407,9.993040957898353e-09,NORMAL
2713,0.9993040957898353,0.0006958942171238407,9.993040957898353e-09,NORMAL
2714,0.9993040957898353,0.0006958942171238407,9.993040957898353e-09,NORMAL
2715,0.9993040957898353,0.0006958942171238407,9.993040957898353e-09,NORMAL
2716,0.9993040957898353,0.0006958942171238407,9.993040957898353e-09,NORMAL
2717,0.9993040957898353,0.0006958942171238407,9.993040957898353e-09,NORMAL
2718,0.9999999800000006,9.999999800000005e-09,9.999999800000005e-09,NORMAL
2719,0.9999999800000006,9.999999800000005e-09,9.999999800000005e-09,NORMAL
2720,0.9999999787272731,1.063636340975207e-08,1.063636340975207e-08,NORMAL
2721,0.30000000061818183,0.6999999891909093,1.0190908882925625e-08,WARNING
2722,0.09000000718545442,0.9099999827572731,1.0057272524877691e-08,WARNING
2723,0.027000009155636193,0.9729999808271823,1.0017181617463311e-08,WARNING
2724,0.008100009746690718,0.9918999802481551,1.0005154345238996e-08,WARNING
2725,0.002430009924007076,0.9975699800744469,1.0001546163571702e-08,WARNING
2726,0.0007290099772019829,0.9992709800223345,1.0000463709071514e-08,WARNING
2727,0.9999999800000006,9.999999800000005e-09,9.999999800000005e-09,NORMAL
2728,0.9999999800000006,9.999999800000005e-09,9.999999800000005e-09,NORMAL
2729,0.9999999800000006,9.999999800000005e-09,9.999999800000005e-09,NORMAL
2730,0.30000000100000007,0.6999999890000003,9.999999800000005e-09,WARNING
2731,0.09000000729999989,0.9099999827000005,9.999999800000005e-09,WARNING
2732,0.027000009189999834,0.9729999808100005,9.999999800000005e-09,WARNING
2733,0.00810000975699981,0.9918999802430005,9.999999800000005e-09,WARNING
2734,0.0024300099270998035,0.9975699800729005,9.999999800000005e-09,WARNING
2735,0.0007290099781298012,0.9992709800218705,9.999999800000005e-09,WARNING
2736,9.999999800000005e-09,0.9999999800000006,9.999999800000005e-09,WARNING
2737,9.999999800000003e-09,0.30000000100000007,0.6999999890000002,CRITICAL
2738,9.999999800000003e-09,0.09000000729999989,0.9099999827000003,CRITICAL
2739,9.999999800000003e-09,0.027000009189999834,0.9729999808100004,CRITICAL
2740,9.999999800000003e-09,0.00810000975699981,0.9918999802430004,CRITICAL
2741,9.999999800000003e-09,0.0024300099270998035,0.9975699800729004,CRITICAL
2742,9.999999800000003e-09,0.0007290099781298012,0.9992709800218704,CRITICAL
2743,9.999999800000003e-09,0.0002187099934388004,0.9997812800065614,CRITICAL
2744,9.999999800000003e-09,6.561999803150013e-05,0.9999343700019687,CRITICAL
2745,9.999999800000003e-09,9.999999800000003e-09,0.9999999800000003,CRITICAL
2746,9.999999800000003e-09,9.999999800000003e-09,0.9999999800000003,CRITICAL
2747,9.999999800000003e-09,9.999999800000003e-09,0.9999999800000003,CRITICAL
2748,9.999999800000003e-09,9.999999800000003e-09,0.9999999800000003,CRITICAL
2749,9.999999800000003e-09,9.999999800000003e-09,0.9999999800000003,CRITICAL
2750,9.999999800000003e-09,9.999999800000003e-09,0.9999999800000003,CRITICAL
2751,9.999999800000003e-09,9.999999800000003e-09,0.9999999800000003,CRITICAL
2752,9.999999800000003e-09,9.999999800000003e-09,0.9999999800000003,CRITICAL
2753,9.999999800000003e-09,9.999999800000003e-09,0.9999999800000003,CRITICAL
2754,9.999999800000003e-09,9.999999800000003e-09,0.9999999800000003,CRITICAL
2755,9.999999800000003e-09,9.999999800000003e-09,0.9999999800000003,CRITICAL
2756,9.999999800000003e-09,9.999999800000003e-09,0.9999999800000003,CRITICAL
2757,9.999999800000003e-09,9.999999800000003e-09,0.9999999800000003,CRITICAL
2758,9.999999800000003e-09,9.999999800000003e-09,0.9999999800000003,CRITICAL
2759,9.999999800000003e-09,9.999999800000003e-09,0.9999999800000003,CRITICAL
2760,9.999999800000003e-09,9.999999800000003e-09,0.9999999800000003,CRITICAL
2761,9.999999800000003e-09,9.999999800000003e-09,0.9999999800000003,CRITICAL
2762,9.999999800000003e-09,9.999999800000003e-09,0.9999999800000003,CRITICAL
2763,9.999999800000003e-09,9.999999800000003e-09,0.9999999800000003,CRITICAL
2764,9.999999800000003e-09,9.999999800000003e-09,0.9999999800000003,CRITICAL
2765,9.999999800000003e-09,9.999999800000003e-09,0.9999999800000003,CRITICAL
2766,9.999999800000003e-09,9.999999800000003e-09,0.9999999800000003,CRITICAL
2767,9.999999800000003e-09,9.999999800000003e-09,0.9999999800000003,CRITICAL
2768,9.999999800000003e-09,9.999999800000003e-09,0.9999999800000003,CRITICAL
2769,9.999999800000003e-09,9.999999800000003e-09,0.9999999800000003,CRITICAL
2770,9.999999800000003e-09,9.999999800000003e-09,0.9999999800000003,CRITICAL
2771,9.999999800000003e-09,9.999999800000003e-09,0.9999999800000003,CRITICAL
2772,0.9999999800000006,9.999999800000005e-09,9.999999800000005e-09,NORMAL
2773,0.9999999800000006,9.999999800000005e-09,9.999999800000005e-09,NORMAL
2774,0.9999999800000006,9.999999800000005e-09,9.999999800000005e-09,NORMAL
2775,0.9999999800000006,9.999999800000005e-09,9.999999800000005e-09,NORMAL
2776,0.9999999800000006,9.999999800000005e-09,9.999999800000005e-09,NORMAL
2777,0.9999999800000006,9.999999800000005e-09,9.999999800000005e-09,NORMAL
2778,0.9999999800000006,9.999999800000005e-09,9.999999800000005e-09,NORMAL
2779,0.9999999800000006,9.999999800000005e-09,9.999999800000005e-09,NORMAL
2780,0.9999999800000006,9.999999800000005e-09,9.999999800000005e-09,NORMAL
2781,0.9999999800000006,9.999999800000005e-09,9.999999800000005e-09,NORMAL
2782,0.9999999800000006,9.999999800000005e-09,9.999999800000005e-09,NORMAL
2783,0.9999999800000006,9.999999800000005e-09,9.999999800000005e-09,NORMAL
2784,0.9999999800000006,9.999999800000005e-09,9.999999800000005e-09,NORMAL
2785,0.9999999800000006,9.999999800000005e-09,9.999999800000005e-09,NORMAL
2786,0.9999999800000006,9.999999800000005e-09,9.999999800000005e-09,NORMAL
2787,0.9999999800000006,9.999999800000005e-09,9.999999800000005e-09,NORMAL
2788,0.9999999800000006,9.999999800000005e-09,9.999999800000005e-09,NORMAL
2789,0.9999999800000006,9.999999800000005e-09,9.999999800000005e-09,NORMAL
2790,9.999999800000003e-09,9.999999800000003e-09,0.9999999800000003,CRITICAL
2791,9.999999800000003e-09,9.999999800000003e-09,0.9999999800000003,CRITICAL
2792,9.999999800000003e-09,9.999999800000003e-09,0.9999999800000003,CRITICAL
2793,9.999999800000003e-09,9.999999800000003e-09,0.9999999800000003,CRITICAL
2794,9.999999800000003e-09,9.999999800000003e-09,0.9999999800000003,CRITICAL
2795,9.999999800000003e-09,9.999999800000003e-09,0.9999999800000003,CRITICAL
2796,9.999999800000003e-09,9.999999800000003e-09,0.9999999800000003,CRITICAL
2797,9.999999800000003e-09,9.999999800000003e-09,0.9999999800000003,CRITICAL
2798,9.999999800000003e-09,9.999999800000003e-09,0.9999999800000003,CRITICAL
2799,9.999999800000003e-09,9.999999800000003e-09,0.9999999800000003,CRITICAL
2800,9.999999800000003e-09,9.999999800000003e-09,0.9999999800000003,CRITICAL
2801,9.999999800000003e-09,9.999999800000003e-09,0.9999999800000003,CRITICAL
2802,9.999999800000003e-09,9.999999800000003e-09,0.9999999800000003,CRITICAL
2803,9.999999800000003e-09,9.999999800000003e-09,0.9999999800000003,CRITICAL
2804,9.999999800000003e-09,9.999999800000003e-09,0.9999999800000003,CRITICAL
2805,9.999999800000003e-09,9.999999800000003e-09,0.9999999800000003,CRITICAL
2806,9.999999800000003e-09,9.999999800000003e-09,0.9999999800000003,CRITICAL
2807,9.999999800000003e-09,9.999999800000003e-09,0.9999999800000003,CRITICAL
2808,9.999999800000003e-09,9.999999800000003e-09,0.9999999800000003,CRITICAL
2809,9.999999800000003e-09,9.999999800000003e-09,0.9999999800000003,CRITICAL
2810,9.999999800000003e-09,9.999999800000003e-09,0.9999999800000003,CRITICAL
2811,9.999999800000003e-09,9.999999800000003e-09,0.9999999800000003,CRITICAL
2812,9.999999800000003e-09,9.999999800000003e-09,0.9999999800000003,CRITICAL
2813,9.999999800000003e-09,9.999999800000003e-09,0.9999999800000003,CRITICAL
2814,9.999999800000003e-09,9.999999800000003e-09,0.9999999800000003,CRITICAL
2815,9.999999800000003e-09,9.999999800000003e-09,0.9999999800000003,CRITICAL
2816,9.999999800000003e-09,9.999999800000003e-09,0.9999999800000003,CRITICAL
2817,9.999999800000003e-09,9.999999800000003e-09,0.9999999800000003,CRITICAL
2818,9.999999800000003e-09,9.999999800000003e-09,0.9999999800000003,CRITICAL
2819,9.999999800000003e-09,9.999999800000003e-09,0.9999999800000003,CRITICAL
2820,9.999999800000003e-09,9.999999800000003e-09,0.9999999800000003,CRITICAL
2821,9.999999800000003e-09,9.999999800000003e-09,0.9999999800000003,CRITICAL
2822,9.999999800000003e-09,9.999999800000003e-09,0.9999999800000003,CRITICAL
2823,9.999999800000003e-09,9.999999800000003e-09,0.9999999800000003,CRITICAL
2824,9.999999800000003e-09,9.999999800000003e-09,0.9999999800000003,CRITICAL
2825,9.999999800000003e-09,9.999999800000003e-09,0.9999999800000003,CRITICAL
2826,9.999999800000005e-09,0.9999999800000006,9.999999800000005e-09,WARNING
2827,9.999999800000005e-09,0.9999999800000006,9.999999800000005e-09,WARNING
2828,9.999999800000005e-09,0.9999999800000006,9.999999800000005e-09,WARNING
2829,8.99999988857143e-09,0.39999999314285734,0.5999999978571428,CRITICAL
2830,9.699999826571431e-09,0.12000000494285708,0.8799999853571431,CRITICAL
2831,9.909999807971431e-09,0.036000008482856984,0.9639999816071432,CRITICAL
2832,9.972999802391431e-09,0.010800009544856956,0.9891999804821432,CRITICAL
2833,9.991899800717432e-09,0.0032400098634569473,0.9967599801446432,CRITICAL
2834,9.997569800215232e-09,0.0009720099590369444,0.9990279800433932,CRITICAL
2835,9.999999800000005e-09,0.9999999800000006,9.999999800000005e-09,WARNING
2836,9.999999800000005e-09,0.9999999800000006,9.999999800000005e-09,WARNING
2837,9.999999800000005e-09,0.9999999800000006,9.999999800000005e-09,WARNING
2838,8.99999988857143e-09,0.39999999314285734,0.5999999978571428,CRITICAL
2839,9.699999826571431e-09,0.12000000494285708,0.8799999853571431,CRITICAL
2840,9.909999807971431e-09,0.036000008482856984,0.9639999816071432,CRITICAL
2841,9.972999802391431e-09,0.010800009544856956,0.9891999804821432,CRITICAL
2842,9.991899800717432e-09,0.0032400098634569473,0.9967599801446432,CRITICAL
2843,9.997569800215232e-09,0.0009720099590369444,0.9990279800433932,CRITICAL
2844,0.9993040957898353,0.0006958942171238407,9.993040957898353e-09,NORMAL
2845,0.9993040957898353,0.0006958942171238407,9.993040957898353e-09,NORMAL
2846,0.9993040957898353,0.0006958942171238407,9.993040957898353e-09,NORMAL
2847,0.6977859636509878,0.3022140273869242,8.96208804598956e-09,WARNING
2848,0.20933579609529623,0.7906641942160776,9.688626273796872e-09,WARNING
2849,0.06280074582858873,0.9371992442648236,9.906587742139065e-09,WARNING
2850,0.01884023074857648,0.9811597592794474,9.971976182641723e-09,WARNING
2851,0.0056520762245728055,0.9943479137838347,9.99159271479252e-09,WARNING
2852,0.0016956298673717017,0.9983043601351508,9.99747767443776e-09,WARNING
2853,0.9993040957898353,0.0006958942171238407,9.993040957898353e-09,NORMAL
2854,0.9993040957898353,0.0006958942171238407,9.993040957898353e-09,NORMAL
2855,0.9993040957898353,0.0006958942171238407,9.993040957898353e-09,NORMAL
2856,0.87626181222484,0.123738179012542,8.7626181222484e-09,NORMAL
2857,0.2628785506674519,0.737121439703763,9.628785296674523e-09,WARNING
2858,0.07886357220023545,0.9211364179111292,9.888635449002361e-09,WARNING
2859,0.0236590786600705,0.9763409113733392,9.966590494700711e-09,WARNING
2860,0.00709773059802101,0.9929022594120022,9.989977008410216e-09,WARNING
2861,0.0021293261794061635,0.997870663823601,9.996992962523068e-09,WARNING
2862,9.999999800000003e-09,9.999999800000003e-09,0.9999999800000003,CRITICAL
2863,9.999999800000003e-09,9.999999800000003e-09,0.9999999800000003,CRITICAL
2864,9.999999800000003e-09,9.999999800000003e-09,0.9999999800000003,CRITICAL
2865,9.999999800000003e-09,9.999999800000003e-09,0.9999999800000003,CRITICAL
2866,9.999999800000003e-09,9.999999800000003e-09,0.9999999800000003,CRITICAL
2867,9.999999800000003e-09,9.999999800000003e-09,0.9999999800000003,CRITICAL
2868,9.999999800000003e-09,9.999999800000003e-09,0.9999999800000003,CRITICAL
2869,9.999999800000003e-09,9.999999800000003e-09,0.9999999800000003,CRITICAL
2870,9.999999800000003e-09,9.999999800000003e-09,0.9999999800000003,CRITICAL
2871,9.999999800000003e-09,9.999999800000003e-09,0.9999999800000003,CRITICAL
2872,9.999999800000003e-09,9.999999800000003e-09,0.9999999800000003,CRITICAL
2873,9.999999800000003e-09,9.999999800000003e-09,0.9999999800000003,CRITICAL
2874,9.999999800000003e-09,9.999999800000003e-09,0.9999999800000003,CRITICAL
2875,9.999999800000003e-09,9.999999800000003e-09,0.9999999800000003,CRITICAL
2876,9.999999800000003e-09,9.999999800000003e-09,0.9999999800000003,CRITICAL
2877,9.999999800000003e-09,9.999999800000003e-09,0.9999999800000003,CRITICAL
2878,9.999999800000003e-09,9.999999800000003e-09,0.9999999800000003,CRITICAL
2879,9.999999800000003e-09,9.999999800000003e-09,0.9999999800000003,CRITICAL
2880,9.999999800000003e-09,9.999999800000003e-09,0.9999999800000003,CRITICAL
2881,9.999999800000003e-09,9.999999800000003e-09,0.9999999800000003,CRITICAL
2882,9.999999800000003e-09,9.999999800000003e-09,0.9999999800000003,CRITICAL
2883,9.999999800000003e-09,9.999999800000003e-09,0.9999999800000003,CRITICAL
2884,9.999999800000003e-09,9.999999800000003e-09,0.9999999800000003,CRITICAL
2885,9.999999800000003e-09,9.999999800000003e-09,0.9999999800000003,CRITICAL
2886,9.999999800000003e-09,9.999999800000003e-09,0.9999999800000003,CRITICAL
2887,9.999999800000003e-09,9.999999800000003e-09,0.9999999800000003,CRITICAL
2888,9.999999800000003e-09,9.999999800000003e-09,0.9999999800000003,CRITICAL
2889,9.999999800000003e-09,9.999999800000003e-09,0.9999999800000003,CRITICAL
2890,9.999999800000003e-09,9.999999800000003e-09,0.9999999800000003,CRITICAL
2891,9.999999800000003e-09,9.999999800000003e-09,0.9999999800000003,CRITICAL
2892,9.999999800000003e-09,9.999999800000003e-09,0.9999999800000003,CRITICAL
2893,9.999999800000003e-09,9.999999800000003e-09,0.9999999800000003,CRITICAL
2894,9.999999800000003e-09,9.999999800000003e-09,0.9999999800000003,CRITICAL
2895,9.999999800000003e-09,9.999999800000003e-09,0.9999999800000003,CRITICAL
2896,9.999999800000003e-09,9.999999800000003e-09,0.9999999800000003,CRITICAL
2897,9.999999800000003e-09,9.999999800000003e-09,0.9999999800000003,CRITICAL
2898,9.999999800000005e-09,0.9999999800000006,9.999999800000005e-09,WARNING
2899,9.999999800000003e-09,0.30000000100000007,0.6999999890000002,CRITICAL
2900,9.999999800000003e-09,0.09000000729999989,0.9099999827000003,CRITICAL
2901,9.999999800000003e-09,0.027000009189999834,0.9729999808100004,CRITICAL
2902,9.999999800000003e-09,0.00810000975699981,0.9918999802430004,CRITICAL
2903,9.999999800000003e-09,0.0024300099270998035,0.9975699800729004,CRITICAL
2904,9.999999800000003e-09,0.0007290099781298012,0.9992709800218704,CRITICAL
2905,9.999999800000003e-09,0.0002187099934388004,0.9997812800065614,CRITICAL
2906,9.999999800000003e-09,6.561999803150013e-05,0.9999343700019687,CRITICAL
2907,9.999999800000005e-09,0.9999999800000006,9.999999800000005e-09,WARNING
2908,9.999999800000003e-09,0.30000000100000007,0.6999999890000002,CRITICAL
2909,9.999999800000003e-09,0.09000000729999989,0.9099999827000003,CRITICAL
2910,9.999999800000003e-09,0.027000009189999834,0.9729999808100004,CRITICAL
2911,9.999999800000003e-09,0.00810000975699981,0.9918999802430004,CRITICAL
2912,9.999999800000003e-09,0.0024300099270998035,0.9975699800729004,CRITICAL
2913,9.999999800000003e-09,0.0007290099781298012,0.9992709800218704,CRITICAL
2914,9.999999800000003e-09,0.0002187099934388004,0.9997812800065614,CRITICAL
2915,9.999999800000003e-09,6.561999803150013e-05,0.9999343700019687,CRITICAL
2916,9.993040957898353e-09,0.0006958942171238407,0.9993040957898353,CRITICAL
2917,9.993040957898353e-09,0.0006958942171238407,0.9993040957898353,CRITICAL
2918,9.993040957898353e-09,0.0006958942171238407,0.9993040957898353,CRITICAL
2919,9.993040957898353e-09,0.0006958942171238407,0.9993040957898353,CRITICAL
2920,9.993040957898353e-09,0.0006958942171238407,0.9993040957898353,CRITICAL
2921,9.993040957898353e-09,0.0006958942171238407,0.9993040957898353,CRITICAL
2922,9.993040957898353e-09,0.0006958942171238407,0.9993040957898353,CRITICAL
2923,9.993040957898353e-09,0.0006958942171238407,0.9993040957898353,CRITICAL
2924,9.993040957898353e-09,0.0006958942171238407,0.9993040957898353,CRITICAL
2925,9.993040957898353e-09,0.0006958942171238407,0.9993040957898353,CRITICAL
2926,9.993040957898353e-09,0.0006958942171238407,0.9993040957898353,CRITICAL
2927,9.993040957898353e-09,0.0006958942171238407,0.9993040957898353,CRITICAL
2928,9.993040957898353e-09,0.0006958942171238407,0.9993040957898353,CRITICAL
2929,9.993040957898353e-09,0.0006958942171238407,0.9993040957898353,CRITICAL
2930,9.993040957898353e-09,0.0006958942171238407,0.9993040957898353,CRITICAL
2931,9.993040957898353e-09,0.0006958942171238407,0.9993040957898353,CRITICAL
2932,9.993040957898353e-09,0.0006958942171238407,0.9993040957898353,CRITICAL
2933,9.993040957898353e-09,0.0006958942171238407,0.9993040957898353,CRITICAL
2934,9.999999800000005e-09,0.9999999800000006,9.999999800000005e-09,WARNING
2935,9.999999800000005e-09,0.9999999800000006,9.999999800000005e-09,WARNING
2936,9.999999800000005e-09,0.9999999800000006,9.999999800000005e-09,WARNING
2937,9.999999800000005e-09,0.9999999800000006,9.999999800000005e-09,WARNING
2938,9.999999800000005e-09,0.9999999800000006,9.999999800000005e-09,WARNING
2939,9.999999800000005e-09,0.9999999800000006,9.999999800000005e-09,WARNING
2940,9.999999800000005e-09,0.9999999800000006,9.999999800000005e-09,WARNING
2941,9.999999800000005e-09,0.9999999800000006,9.999999800000005e-09,WARNING
2942,9.999999800000005e-09,0.9999999800000006,9.999999800000005e-09,WARNING
2943,9.999999800000005e-09,0.9999999800000006,9.999999800000005e-09,WARNING
2944,9.999999800000005e-09,0.9999999800000006,9.999999800000005e-09,WARNING
2945,9.999999800000005e-09,0.9999999800000006,9.999999800000005e-09,WARNING
2946,9.999999800000005e-09,0.9999999800000006,9.999999800000005e-09,WARNING
2947,9.999999800000005e-09,0.9999999800000006,9.999999800000005e-09,WARNING
2948,9.999999800000005e-09,0.9999999800000006,9.999999800000005e-09,WARNING
2949,9.999999800000005e-09,0.9999999800000006,9.999999800000005e-09,WARNING
2950,9.999999800000005e-09,0.9999999800000006,9.999999800000005e-09,WARNING
2951,9.999999800000005e-09,0.9999999800000006,9.999999800000005e-09,WARNING
2952,0.9993040957898353,0.0006958942171238407,9.993040957898353e-09,NORMAL
2953,0.9993040957898353,0.0006958942171238407,9.993040957898353e-09,NORMAL
2954,0.9993040957898353,0.0006958942171238407,9.993040957898353e-09,NORMAL
2955,0.9993040957898353,0.0006958942171238407,9.993040957898353e-09,NORMAL
2956,0.9993040957898353,0.0006958942171238407,9.993040957898353e-09,NORMAL
2957,0.9993040957898353,0.0006958942171238407,9.993040957898353e-09,NORMAL
2958,0.9993040957898353,0.0006958942171238407,9.993040957898353e-09,NORMAL
2959,0.9993040957898353,0.0006958942171238407,9.993040957898353e-09,NORMAL
2960,0.9993040957898353,0.0006958942171238407,9.993040957898353e-09,NORMAL
2961,0.9993040957898353,0.0006958942171238407,9.993040957898353e-09,NORMAL
2962,0.9993040957898353,0.0006958942171238407,9.993040957898353e-09,NORMAL
2963,0.9993040957898353,0.0006958942171238407,9.993040957898353e-09,NORMAL
2964,0.9993040957898353,0.0006958942171238407,9.993040957898353e-09,NORMAL
2965,0.9993040957898353,0.0006958942171238407,9.993040957898353e-09,NORMAL
2966,0.9993040957898353,0.0006958942171238407,9.993040957898353e-09,NORMAL
2967,0.9993040957898353,0.0006958942171238407,9.993040957898353e-09,NORMAL
2968,0.9993040957898353,0.0006958942171238407,9.993040957898353e-09,NORMAL
2969,0.9993040957898353,0.0006958942171238407,9.993040957898353e-09,NORMAL
2970,9.999999800000005e-09,0.9999999800000006,9.999999800000005e-09,CRITICAL
2971,9.995128610528849e-09,0.3004871199519869,0.6995128700528845,CRITICAL
2972,9.993667253687502e-09,0.09063326193758277,0.9093667280687501,CRITICAL
2973,9.993228846635099e-09,0.027677104533261523,0.9723228854735098,CRITICAL
2974,9.993097324519377e-09,0.008790257311965147,0.9912097326949376,CRITICAL
2975,9.99305786788466e-09,0.0031242031455762332,0.996875786861366,CRITICAL
2976,9.993046030894247e-09,0.0014243868956595586,0.9985756031112945,CRITICAL
2977,9.993042479797122e-09,0.0009144420206845562,0.999085547986273,CRITICAL
2978,9.993041414467983e-09,0.0007614585581920553,0.9992385314487666,CRITICAL
2979,1.5289139815383012e-08,0.9999999694217202,1.5289139815383012e-08,CRITICAL
2980,1.158187061514375e-08,0.3004871167785028,0.6995128716396266,CRITICAL
2981,1.0469689855071972e-08,0.09063326098553755,0.9093667285447726,CRITICAL
2982,1.013603562705044e-08,0.02767710424764796,0.9723228856163164,CRITICAL
2983,1.0035939358643979e-08,0.008790257226281078,0.9912097327377796,CRITICAL
2984,1.0005910478122042e-08,0.0031242031198710123,0.9968757868742185,CRITICAL
2985,9.996901813965461e-09,0.0014243868879479922,0.9985756031151503,CRITICAL
2986,9.994199214718485e-09,0.0009144420183710862,0.9990855479874298,CRITICAL
2987,9.993388434944394e-09,0.0007614585574980143,0.9992385314491137,CRITICAL
2988,0.9993040957898353,0.0006958942171238407,9.993040957898353e-09,NORMAL
2989,0.9993040957898353,0.0006958942171238407,9.993040957898353e-09,NORMAL
2990,0.9993040957898353,0.0006958942171238407,9.993040957898353e-09,NORMAL
2991,0.9993040957898353,0.0006958942171238407,9.993040957898353e-09,NORMAL
2992,0.9993040957898353,0.0006958942171238407,9.993040957898353e-09,NORMAL
2993,0.9993040957898353,0.0006958942171238407,9.993040957898353e-09,NORMAL
2994,0.9993040957898353,0.0006958942171238407,9.993040957898353e-09,NORMAL
2995,0.9993040957898353,0.0006958942171238407,9.993040957898353e-09,NORMAL
2996,0.9993040957898353,0.0006958942171238407,9.993040957898353e-09,NORMAL
2997,0.9993040957898353,0.0006958942171238407,9.993040957898353e-09,NORMAL
2998,0.9993040957898353,0.0006958942171238407,9.993040957898353e-09,NORMAL
2999,0.9993040957898353,0.0006958942171238407,9.993040957898353e-09,NORMAL
3000,0.9993040957898353,0.0006958942171238407,9.993040957898353e-09,NORMAL
3001,0.9993040957898353,0.0006958942171238407,9.993040957898353e-09,NORMAL
3002,0.9993040957898353,0.0006958942171238407,9.993040957898353e-09,NORMAL
3003,0.9993040957898353,0.0006958942171238407,9.993040957898353e-09,NORMAL
3004,0.9993040957898353,0.0006958942171238407,9.993040957898353e-09,NORMAL
3005,0.9993040957898353,0.0006958942171238407,9.993040957898353e-09,NORMAL
3006,0.9999999800000006,9.999999800000005e-09,9.999999800000005e-09,NORMAL
3007,0.9999999800000006,9.999999800000005e-09,9.999999800000005e-09,NORMAL
3008,0.9999999800000006,9.999999800000005e-09,9.999999800000005e-09,NORMAL
3009,0.30000021818417777,2.271841774945571e-07,0.6999995546316448,CRITICAL
3010,0.09000007218502543,0.6729772766760166,0.23702265113895807,CRITICAL
3011,0.027000028655507494,0.9018931690028054,0.07110680234168729,CRITICAL
3012,0.008100015596652108,0.970567936700842,0.02133204770250605,WARNING
3013,0.0024300150768327743,0.811062238083038,0.18650774684012922,CRITICAL
3014,0.0007290382266103836,0.8050446806107612,0.19422628116262852,CRITICAL
3015,0.9999999800000006,9.999999800000005e-09,9.999999800000005e-09,NORMAL
3016,0.9999999800000006,9.999999800000005e-09,9.999999800000005e-09,NORMAL
3017,0.9999999787272731,1.063636340975207e-08,1.063636340975207e-08,NORMAL
3018,0.30000003234991174,4.192263880140988e-08,0.6999999257274494,CRITICAL
3019,0.09000001670497339,0.699999998576792,0.20999998471823472,CRITICAL
3020,0.02700001201149188,0.909999985573038,0.06300000241547028,CRITICAL
3021,0.008100010420388428,0.9546940819168663,0.0372059076627453,WARNING
3022,0.0024300298556644046,0.7319006891712383,0.2656692809730974,CRITICAL
3023,0.0007290276915151616,0.5318171374190528,0.467453834889432,CRITICAL
3024,0.9993040957898353,0.0006958942171238407,9.993040957898353e-09,NORMAL
3025,0.9993040957898353,0.0006958942171238407,9.993040957898353e-09,NORMAL
3026,0.9993040957898353,0.0006958942171238407,9.993040957898353e-09,NORMAL
3027,0.9993040957898353,0.0006958942171238407,9.993040957898353e-09,NORMAL
3028,0.9993040957898353,0.0006958942171238407,9.993040957898353e-09,NORMAL
3029,0.9993040957898353,0.0006958942171238407,9.993040957898353e-09,NORMAL
3030,0.9993040957898353,0.0006958942171238407,9.993040957898353e-09,NORMAL
3031,0.9993040957898353,0.0006958942171238407,9.993040957898353e-09,NORMAL
3032,0.9993040957898353,0.0006958942171238407,9.993040957898353e-09,NORMAL
3033,0.9993040957898353,0.0006958942171238407,9.993040957898353e-09,NORMAL
3034,0.9993040957898353,0.0006958942171238407,9.993040957898353e-09,NORMAL
3035,0.9993040957898353,0.0006958942171238407,9.993040957898353e-09,NORMAL
3036,0.9993040957898353,0.0006958942171238407,9.993040957898353e-09,NORMAL
3037,0.9993040957898353,0.0006958942171238407,9.993040957898353e-09,NORMAL
3038,0.9993040957898353,0.0006958942171238407,9.993040957898353e-09,NORMAL
3039,0.9993040957898353,0.0006958942171238407,9.993040957898353e-09,NORMAL
3040,0.9993040957898353,0.0006958942171238407,9.993040957898353e-09,NORMAL
3041,0.9993040957898353,0.0006958942171238407,9.993040957898353e-09,NORMAL
3042,9.993040957898353e-09,0.0006958942171238407,0.9993040957898353,CRITICAL
3043,9.993040957898353e-09,0.0006958942171238407,0.9993040957898353,CRITICAL
3044,9.993040957898353e-09,0.0006958942171238407,0.9993040957898353,CRITICAL
3045,9.993040957898353e-09,0.0006958942171238407,0.9993040957898353,CRITICAL
3046,9.993040957898353e-09,0.0006958942171238407,0.9993040957898353,CRITICAL
3047,9.993040957898353e-09,0.0006958942171238407,0.9993040957898353,CRITICAL
3048,9.993040957898353e-09,0.0006958942171238407,0.9993040957898353,CRITICAL
3049,9.993040957898353e-09,0.0006958942171238407,0.9993040957898353,CRITICAL
3050,9.993040957898353e-09,0.0006958942171238407,0.9993040957898353,CRITICAL
3051,9.993040957898353e-09,0.0006958942171238407,0.9993040957898353,CRITICAL
3052,9.993040957898353e-09,0.0006958942171238407,0.9993040957898353,CRITICAL
3053,9.993040957898353e-09,0.0006958942171238407,0.9993040957898353,CRITICAL
3054,9.993040957898353e-09,0.0006958942171238407,0.9993040957898353,CRITICAL
3055,9.993040957898353e-09,0.0006958942171238407,0.9993040957898353,CRITICAL
3056,9.993040957898353e-09,0.0006958942171238407,0.9993040957898353,CRITICAL
3057,9.993040957898353e-09,0.0006958942171238407,0.9993040957898353,CRITICAL
3058,9.993040957898353e-09,0.0006958942171238407,0.9993040957898353,CRITICAL
3059,9.993040957898353e-09,0.0006958942171238407,0.9993040957898353,CRITICAL
3060,9.999999800000003e-09,9.999999800000003e-09,0.9999999800000003,CRITICAL
3061,9.999999800000003e-09,9.999999800000003e-09,0.9999999800000003,CRITICAL
3062,9.999999800000003e-09,9.999999800000003e-09,0.9999999800000003,CRITICAL
3063,9.999999800000003e-09,9.999999800000003e-09,0.9999999800000003,CRITICAL
3064,9.999999800000003e-09,9.999999800000003e-09,0.9999999800000003,CRITICAL
3065,9.999999800000003e-09,9.999999800000003e-09,0.9999999800000003,CRITICAL
3066,9.999999800000003e-09,9.999999800000003e-09,0.9999999800000003,CRITICAL
3067,9.999999800000003e-09,9.999999800000003e-09,0.9999999800000003,CRITICAL
3068,9.999999800000003e-09,9.999999800000003e-09,0.9999999800000003,CRITICAL
3069,9.999999800000003e-09,9.999999800000003e-09,0.9999999800000003,CRITICAL
3070,9.999999800000003e-09,9.999999800000003e-09,0.9999999800000003,CRITICAL
3071,9.999999800000003e-09,9.999999800000003e-09,0.9999999800000003,CRITICAL
3072,9.999999800000003e-09,9.999999800000003e-09,0.9999999800000003,CRITICAL
3073,9.999999800000003e-09,9.999999800000003e-09,0.9999999800000003,CRITICAL
3074,9.999999800000003e-09,9.999999800000003e-09,0.9999999800000003,CRITICAL
3075,9.999999800000003e-09,9.999999800000003e-09,0.9999999800000003,CRITICAL
3076,9.999999800000003e-09,9.999999800000003e-09,0.9999999800000003,CRITICAL
3077,9.999999800000003e-09,9.999999800000003e-09,0.9999999800000003,CRITICAL
3078,0.9999999800000006,9.999999800000005e-09,9.999999800000005e-09,NORMAL
3079,0.9999999800000006,9.999999800000005e-09,9.999999800000005e-09,NORMAL
3080,0.9999999800000006,9.999999800000005e-09,9.999999800000005e-09,NORMAL
3081,0.9999999800000006,9.999999800000005e-09,9.999999800000005e-09,NORMAL
3082,0.9999999800000006,9.999999800000005e-09,9.999999800000005e-09,NORMAL
3083,0.9999999800000006,9.999999800000005e-09,9.999999800000005e-09,NORMAL
3084,0.9999999800000006,9.999999800000005e-09,9.999999800000005e-09,NORMAL
3085,0.9999999800000006,9.999999800000005e-09,9.999999800000005e-09,NORMAL
3086,0.9999999800000006,9.999999800000005e-09,9.999999800000005e-09,NORMAL
3087,0.9999999800000006,9.999999800000005e-09,9.999999800000005e-09,NORMAL
3088,0.9999999800000006,9.999999800000005e-09,9.999999800000005e-09,NORMAL
3089,0.9999999800000006,9.999999800000005e-09,9.999999800000005e-09,NORMAL
3090,0.9999999800000006,9.999999800000005e-09,9.999999800000005e-09,NORMAL
3091,0.9999999800000006,9.999999800000005e-09,9.999999800000005e-09,NORMAL
3092,0.9999999800000006,9.999999800000005e-09,9.999999800000005e-09,NORMAL
3093,0.9999999800000006,9.999999800000005e-09,9.999999800000005e-09,NORMAL
3094,0.9999999800000006,9.999999800000005e-09,9.999999800000005e-09,NORMAL
3095,0.9999999800000006,9.999999800000005e-09,9.999999800000005e-09,NORMAL
3096,9.999999800000003e-09,9.999999800000003e-09,0.9999999800000003,CRITICAL
3097,9.999999800000003e-09,9.999999800000003e-09,0.9999999800000003,CRITICAL
3098,9.999999800000003e-09,9.999999800000003e-09,0.9999999800000003,CRITICAL
3099,9.999999800000003e-09,9.999999800000003e-09,0.9999999800000003,CRITICAL
3100,9.999999800000003e-09,9.999999800000003e-09,0.9999999800000003,CRITICAL
3101,9.999999800000003e-09,9.999999800000003e-09,0.9999999800000003,CRITICAL
3102,9.999999800000003e-09,9.999999800000003e-09,0.9999999800000003,CRITICAL
3103,9.999999800000003e-09,9.999999800000003e-09,0.9999999800000003,CRITICAL
3104,9.999999800000003e-09,9.999999800000003e-09,0.9999999800000003,CRITICAL
3105,9.999999800000003e-09,9.999999800000003e-09,0.9999999800000003,CRITICAL
3106,9.999999800000003e-09,9.999999800000003e-09,0.9999999800000003,CRITICAL
3107,9.999999800000003e-09,9.999999800000003e-09,0.9999999800000003,CRITICAL
3108,9.999999800000003e-09,9.999999800000003e-09,0.9999999800000003,CRITICAL
3109,9.999999800000003e-09,9.999999800000003e-09,0.9999999800000003,CRITICAL
3110,9.999999800000003e-09,9.999999800000003e-09,0.9999999800000003,CRITICAL
3111,9.999999800000003e-09,9.999999800000003e-09,0.9999999800000003,CRITICAL
3112,9.999999800000003e-09,9.999999800000003e-09,0.9999999800000003,CRITICAL
3113,9.999999800000003e-09,9.999999800000003e-09,0.9999999800000003,CRITICAL
3114,0.9999999800000006,9.999999800000005e-09,9.999999800000005e-09,NORMAL
3115,0.9999999800000006,9.999999800000005e-09,9.999999800000005e-09,NORMAL
3116,0.9999999800000006,9.999999800000005e-09,9.999999800000005e-09,NORMAL
3117,0.9999999800000006,9.999999800000005e-09,9.999999800000005e-09,NORMAL
3118,0.9999999800000006,9.999999800000005e-09,9.999999800000005e-09,NORMAL
3119,0.9999999800000006,9.999999800000005e-09,9.999999800000005e-09,NORMAL
3120,0.9999999800000006,9.999999800000005e-09,9.999999800000005e-09,NORMAL
3121,0.9999999800000006,9.999999800000005e-09,9.999999800000005e-09,NORMAL
3122,0.9999999800000006,9.999999800000005e-09,9.999999800000005e-09,NORMAL
3123,0.9999999800000006,9.999999800000005e-09,9.999999800000005e-09,NORMAL
3124,0.9999999800000006,9.999999800000005e-09,9.999999800000005e-09,NORMAL
3125,0.9999999800000006,9.999999800000005e-09,9.999999800000005e-09,NORMAL
3126,0.9999999800000006,9.999999800000005e-09,9.999999800000005e-09,NORMAL
3127,0.9999999800000006,9.999999800000005e-09,9.999999800000005e-09,NORMAL
3128,0.9999999800000006,9.999999800000005e-09,9.999999800000005e-09,NORMAL
3129,0.9999999800000006,9.999999800000005e-09,9.999999800000005e-09,NORMAL
3130,0.9999999800000006,9.999999800000005e-09,9.999999800000005e-09,NORMAL
3131,0.9999999800000006,9.999999800000005e-09,9.999999800000005e-09,NORMAL
3132,0.9993040957898353,0.0006958942171238407,9.993040957898353e-09,NORMAL
3133,0.9993040957898353,0.0006958942171238407,9.993040957898353e-09,NORMAL
3134,0.9993040957898353,0.0006958942171238407,9.993040957898353e-09,NORMAL
3135,0.9993040957898353,0.0006958942171238407,9.993040957898353e-09,NORMAL
3136,0.9993040957898353,0.0006958942171238407,9.993040957898353e-09,NORMAL
3137,0.9993040957898353,0.0006958942171238407,9.993040957898353e-09,NORMAL
3138,0.9993040957898353,0.0006958942171238407,9.993040957898353e-09,NORMAL
3139,0.9993040957898353,0.0006958942171238407,9.993040957898353e-09,NORMAL
3140,0.9993040957898353,0.0006958942171238407,9.993040957898353e-09,NORMAL
3141,0.9993040957898353,0.0006958942171238407,9.993040957898353e-09,NORMAL
3142,0.9993040957898353,0.0006958942171238407,9.993040957898353e-09,NORMAL
3143,0.9993040957898353,0.0006958942171238407,9.993040957898353e-09,NORMAL
3144,0.9993040957898353,0.0006958942171238407,9.993040957898353e-09,NORMAL
3145,0.9993040957898353,0.0006958942171238407,9.993040957898353e-09,NORMAL
3146,0.9993040957898353,0.0006958942171238407,9.993040957898353e-09,NORMAL
3147,0.9993040957898353,0.0006958942171238407,9.993040957898353e-09,NORMAL
3148,0.9993040957898353,0.0006958942171238407,9.993040957898353e-09,NORMAL
3149,0.9993040957898353,0.0006958942171238407,9.993040957898353e-09,NORMAL
3150,0.9999999800000006,9.999999800000005e-09,9.999999800000005e-09,NORMAL
3151,0.9999999800000006,9.999999800000005e-09,9.999999800000005e-09,NORMAL
3152,0.9999999800000006,9.999999800000005e-09,9.999999800000005e-09,NORMAL
3153,0.9999999800000006,9.999999800000005e-09,9.999999800000005e-09,NORMAL
3154,0.9999999800000006,9.999999800000005e-09,9.999999800000005e-09,NORMAL
3155,0.9999999800000006,9.999999800000005e-09,9.999999800000005e-09,NORMAL
3156,0.9999999800000006,9.999999800000005e-09,9.999999800000005e-09,NORMAL
3157,0.9999999800000006,9.999999800000005e-09,9.999999800000005e-09,NORMAL
3158,0.9999999800000006,9.999999800000005e-09,9.999999800000005e-09,NORMAL
3159,0.9999999800000006,9.999999800000005e-09,9.999999800000005e-09,NORMAL
3160,0.9999999800000006,9.999999800000005e-09,9.999999800000005e-09,NORMAL
3161,0.9999999800000006,9.999999800000005e-09,9.999999800000005e-09,NORMAL
3162,0.9999999800000006,9.999999800000005e-09,9.999999800000005e-09,NORMAL
3163,0.9999999800000006,9.999999800000005e-09,9.999999800000005e-09,NORMAL
3164,0.9999999800000006,9.999999800000005e-09,9.999999800000005e-09,NORMAL
3165,0.9999999800000006,9.999999800000005e-09,9.999999800000005e-09,NORMAL
3166,0.9999999800000006,9.999999800000005e-09,9.999999800000005e-09,NORMAL
3167,0.9999999800000006,9.999999800000005e-09,9.999999800000005e-09,NORMAL
3168,0.9993040957898353,0.0006958942171238407,9.993040957898353e-09,NORMAL
3169,0.9993040957898353,0.0006958942171238407,9.993040957898353e-09,NORMAL
3170,0.9993040957898353,0.0006958942171238407,9.993040957898353e-09,NORMAL
3171,0.9993040957898353,0.0006958942171238407,9.993040957898353e-09,NORMAL
3172,0.9993040957898353,0.0006958942171238407,9.993040957898353e-09,NORMAL
3173,0.87626181222484,0.123738179012542,8.7626181222484e-09,NORMAL
3174,0.2628785506674519,0.737121439703763,9.628785296674523e-09,WARNING
3175,0.07886357220023545,0.9211364179111292,9.888635449002361e-09,WARNING
3176,0.0236590786600705,0.9763409113733392,9.966590494700711e-09,WARNING
3177,0.9993040957898353,0.0006958942171238407,9.993040957898353e-09,NORMAL
3178,0.9993040957898353,0.0006958942171238407,9.993040957898353e-09,NORMAL
3179,0.9993040957898353,0.0006958942171238407,9.993040957898353e-09,NORMAL
3180,0.9993040957898353,0.0006958942171238407,9.993040957898353e-09,NORMAL
3181,0.9993040957898353,0.0006958942171238407,9.993040957898353e-09,NORMAL
3182,0.849826767339768,0.15017322386806922,8.792162715701542e-09,NORMAL
3183,0.2549480372019303,0.7450519531604212,9.637648674710465e-09,WARNING
3184,0.07648441816057897,0.9235155719481267,9.891294462413143e-09,WARNING
3185,0.022945332448173553,0.9770546575844384,9.967388198723945e-09,WARNING
3186,9.999999800000003e-09,9.999999800000003e-09,0.9999999800000003,CRITICAL
3187,9.999999800000003e-09,9.999999800000003e-09,0.9999999800000003,CRITICAL
3188,9.999999800000003e-09,9.999999800000003e-09,0.9999999800000003,CRITICAL
3189,9.999999800000003e-09,9.999999800000003e-09,0.9999999800000003,CRITICAL
3190,9.999999800000003e-09,9.999999800000003e-09,0.9999999800000003,CRITICAL
3191,9.999999800000003e-09,9.999999800000003e-09,0.9999999800000003,CRITICAL
3192,9.999999800000003e-09,9.999999800000003e-09,0.9999999800000003,CRITICAL
3193,9.999999800000003e-09,9.999999800000003e-09,0.9999999800000003,CRITICAL
3194,9.999999800000003e-09,9.999999800000003e-09,0.9999999800000003,CRITICAL
3195,9.999999800000003e-09,9.999999800000003e-09,0.9999999800000003,CRITICAL
3196,9.999999800000003e-09,9.999999800000003e-09,0.9999999800000003,CRITICAL
3197,9.999999800000003e-09,9.999999800000003e-09,0.9999999800000003,CRITICAL
3198,9.999999800000003e-09,9.999999800000003e-09,0.9999999800000003,CRITICAL
3199,9.999999800000003e-09,9.999999800000003e-09,0.9999999800000003,CRITICAL
3200,9.999999800000003e-09,9.999999800000003e-09,0.9999999800000003,CRITICAL
3201,9.999999800000003e-09,9.999999800000003e-09,0.9999999800000003,CRITICAL
3202,9.999999800000003e-09,9.999999800000003e-09,0.9999999800000003,CRITICAL
3203,9.999999800000003e-09,9.999999800000003e-09,0.9999999800000003,CRITICAL
3204,0.9999999800000006,9.999999800000005e-09,9.999999800000005e-09,NORMAL
3205,0.9999999800000006,9.999999800000005e-09,9.999999800000005e-09,NORMAL
3206,0.9999999800000006,9.999999800000005e-09,9.999999800000005e-09,NORMAL
3207,0.9999999800000006,9.999999800000005e-09,9.999999800000005e-09,NORMAL
3208,0.9999999800000006,9.999999800000005e-09,9.999999800000005e-09,NORMAL
3209,0.30000000100000007,0.6999999890000003,9.999999800000005e-09,WARNING
3210,0.09000000729999989,0.9099999827000005,9.999999800000005e-09,WARNING
3211,0.7269999881900003,0.27300000181000006,9.999999800000005e-09,WARNING
3212,0.21810000345699998,0.7818999865430004,9.999999800000005e-09,WARNING
3213,0.9999999800000006,9.999999800000005e-09,9.999999800000005e-09,NORMAL
3214,0.9999999800000006,9.999999800000005e-09,9.999999800000005e-09,NORMAL
3215,0.9999999800000006,9.999999800000005e-09,9.999999800000005e-09,NORMAL
3216,0.9999999800000006,9.999999800000005e-09,9.999999800000005e-09,NORMAL
3217,0.9999999800000006,9.999999800000005e-09,9.999999800000005e-09,NORMAL
3218,0.39968100328778283,0.6003189877090274,9.003189787090277e-09,WARNING
3219,0.11990430798633472,0.8800956823127086,9.700956796127086e-09,WARNING
3220,0.7359712783959008,0.2640287116938125,9.910286898838128e-09,WARNING
3221,0.22079139051877014,0.7792085995081441,9.973085929651442e-09,WARNING
3222,0.9999999800000006,9.999999800000005e-09,9.999999800000005e-09,NORMAL
3223,0.9999999800000006,9.999999800000005e-09,9.999999800000005e-09,NORMAL
3224,0.9999999800000006,9.999999800000005e-09,9.999999800000005e-09,NORMAL
3225,0.9999999800000006,9.999999800000005e-09,9.999999800000005e-09,NORMAL
3226,0.9999999800000006,9.999999800000005e-09,9.999999800000005e-09,NORMAL
3227,0.9999999800000006,9.999999800000005e-09,9.999999800000005e-09,NORMAL
3228,0.9999999800000006,9.999999800000005e-09,9.999999800000005e-09,NORMAL
3229,0.9999999800000006,9.999999800000005e-09,9.999999800000005e-09,NORMAL
3230,0.9999999800000006,9.999999800000005e-09,9.999999800000005e-09,NORMAL
3231,0.9999999800000006,9.999999800000005e-09,9.999999800000005e-09,NORMAL
3232,0.9999999800000006,9.999999800000005e-09,9.999999800000005e-09,NORMAL
3233,0.9999999800000006,9.999999800000005e-09,9.999999800000005e-09,NORMAL
3234,0.9999999800000006,9.999999800000005e-09,9.999999800000005e-09,NORMAL
3235,0.9999999800000006,9.999999800000005e-09,9.999999800000005e-09,NORMAL
3236,0.9999999800000006,9.999999800000005e-09,9.999999800000005e-09,NORMAL
3237,0.9999999800000006,9.999999800000005e-09,9.999999800000005e-09,NORMAL
3238,0.9999999800000006,9.999999800000005e-09,9.999999800000005e-09,NORMAL
3239,0.9999999800000006,9.999999800000005e-09,9.999999800000005e-09,NORMAL
3240,0.9999999800000006,9.999999800000005e-09,9.999999800000005e-09,NORMAL
3241,0.9999999800000006,9.999999800000005e-09,9.999999800000005e-09,NORMAL
3242,0.9999999800000006,9.999999800000005e-09,9.999999800000005e-09,NORMAL
3243,0.9999999800000006,9.999999800000005e-09,9.999999800000005e-09,NORMAL
3244,0.9999999800000006,9.999999800000005e-09,9.999999800000005e-09,NORMAL
3245,0.9999999800000006,9.999999800000005e-09,9.999999800000005e-09,NORMAL
3246,0.9999999800000006,9.999999800000005e-09,9.999999800000005e-09,NORMAL
3247,0.9999999800000006,9.999999800000005e-09,9.999999800000005e-09,NORMAL
3248,0.9999999800000006,9.999999800000005e-09,9.999999800000005e-09,NORMAL
3249,0.9999999800000006,9.999999800000005e-09,9.999999800000005e-09,NORMAL
3250,0.9999999800000006,9.999999800000005e-09,9.999999800000005e-09,NORMAL
3251,0.9999999800000006,9.999999800000005e-09,9.999999800000005e-09,NORMAL
3252,0.9999999800000006,9.999999800000005e-09,9.999999800000005e-09,NORMAL
3253,0.9999999800000006,9.999999800000005e-09,9.999999800000005e-09,NORMAL
3254,0.9999999800000006,9.999999800000005e-09,9.999999800000005e-09,NORMAL
3255,0.9999999800000006,9.999999800000005e-09,9.999999800000005e-09,NORMAL
3256,0.9999999800000006,9.999999800000005e-09,9.999999800000005e-09,NORMAL
3257,0.9999999800000006,9.999999800000005e-09,9.999999800000005e-09,NORMAL
3258,0.9999999800000006,9.999999800000005e-09,9.999999800000005e-09,NORMAL
3259,0.9999999800000006,9.999999800000005e-09,9.999999800000005e-09,NORMAL
3260,0.9999999800000006,9.999999800000005e-09,9.999999800000005e-09,NORMAL
3261,0.9999999800000006,9.999999800000005e-09,9.999999800000005e-09,NORMAL
3262,0.9999999800000006,9.999999800000005e-09,9.999999800000005e-09,NORMAL
3263,0.9999999800000006,9.999999800000005e-09,9.999999800000005e-09,NORMAL
3264,0.9999999800000006,9.999999800000005e-09,9.999999800000005e-09,NORMAL
3265,0.9999999800000006,9.999999800000005e-09,9.999999800000005e-09,NORMAL
3266,0.9999999800000006,9.999999800000005e-09,9.999999800000005e-09,NORMAL
3267,0.9999999800000006,9.999999800000005e-09,9.999999800000005e-09,NORMAL
3268,0.9999999800000006,9.999999800000005e-09,9.999999800000005e-09,NORMAL
3269,0.9999999800000006,9.999999800000005e-09,9.999999800000005e-09,NORMAL
3270,0.9999999800000006,9.999999800000005e-09,9.999999800000005e-09,NORMAL
3271,0.9999999800000006,9.999999800000005e-09,9.999999800000005e-09,NORMAL
3272,0.9999999800000006,9.999999800000005e-09,9.999999800000005e-09,NORMAL
3273,0.9999999800000006,9.999999800000005e-09,9.999999800000005e-09,NORMAL
3274,0.9999999800000006,9.999999800000005e-09,9.999999800000005e-09,NORMAL
3275,0.9999999800000006,9.999999800000005e-09,9.999999800000005e-09,NORMAL
3276,9.993040957898353e-09,0.0006958942171238407,0.9993040957898353,CRITICAL
3277,9.993040957898353e-09,0.0006958942171238407,0.9993040957898353,CRITICAL
3278,9.993040957898353e-09,0.0006958942171238407,0.9993040957898353,CRITICAL
3279,9.993040957898353e-09,0.0006958942171238407,0.9993040957898353,CRITICAL
3280,9.993040957898353e-09,0.0006958942171238407,0.9993040957898353,CRITICAL
3281,9.993040957898353e-09,0.0006958942171238407,0.9993040957898353,CRITICAL
3282,9.993040957898353e-09,0.0006958942171238407,0.9993040957898353,CRITICAL
3283,9.993040957898353e-09,0.0006958942171238407,0.9993040957898353,CRITICAL
3284,9.993040957898353e-09,0.0006958942171238407,0.9993040957898353,CRITICAL
3285,9.993040957898353e-09,0.0006958942171238407,0.9993040957898353,CRITICAL
3286,9.993040957898353e-09,0.0006958942171238407,0.9993040957898353,CRITICAL
3287,9.993040957898353e-09,0.0006958942171238407,0.9993040957898353,CRITICAL
3288,9.993040957898353e-09,0.0006958942171238407,0.9993040957898353,CRITICAL
3289,9.993040957898353e-09,0.0006958942171238407,0.9993040957898353,CRITICAL
3290,9.993040957898353e-09,0.0006958942171238407,0.9993040957898353,CRITICAL
3291,9.993040957898353e-09,0.0006958942171238407,0.9993040957898353,CRITICAL
3292,9.993040957898353e-09,0.0006958942171238407,0.9993040957898353,CRITICAL
3293,9.993040957898353e-09,0.0006958942171238407,0.9993040957898353,CRITICAL
3294,0.9999999800000006,9.999999800000005e-09,9.999999800000005e-09,NORMAL
3295,0.9999999800000006,9.999999800000005e-09,9.999999800000005e-09,NORMAL
3296,0.9999999800000006,9.999999800000005e-09,9.999999800000005e-09,NORMAL
3297,0.9999999800000006,9.999999800000005e-09,9.999999800000005e-09,NORMAL
3298,0.9999999787272731,1.063636340975207e-08,1.063636340975207e-08,NORMAL
3299,0.30000000061818183,0.6999999891909093,1.0190908882925625e-08,WARNING
3300,0.09000000718545442,0.9099999827572731,1.0057272524877691e-08,WARNING
3301,0.027000009155636193,0.9729999808271823,1.0017181617463311e-08,WARNING
3302,0.008100008746690807,0.39189999339101184,0.5999999978622973,CRITICAL
3303,0.9999999800000006,9.999999800000005e-09,9.999999800000005e-09,NORMAL
3304,0.9999999800000006,9.999999800000005e-09,9.999999800000005e-09,NORMAL
3305,0.9999999800000006,9.999999800000005e-09,9.999999800000005e-09,NORMAL
3306,0.9999999800000006,9.999999800000005e-09,9.999999800000005e-09,NORMAL
3307,0.30000000100000007,0.6999999890000003,9.999999800000005e-09,WARNING
3308,0.09000000729999989,0.9099999827000005,9.999999800000005e-09,WARNING
3309,0.027000009189999834,0.9729999808100005,9.999999800000005e-09,WARNING
3310,0.00810000975699981,0.9918999802430005,9.999999800000005e-09,WARNING
3311,0.002430008927099892,0.3975699932157573,0.5999999978571428,CRITICAL
3312,0.9993040957898353,0.0006958942171238407,9.993040957898353e-09,NORMAL
3313,0.9993040957898353,0.0006958942171238407,9.993040957898353e-09,NORMAL
3314,0.9993040957898353,0.0006958942171238407,9.993040957898353e-09,NORMAL
3315,0.9993040957898353,0.0006958942171238407,9.993040957898353e-09,NORMAL
3316,0.9993040957898353,0.0006958942171238407,9.993040957898353e-09,NORMAL
3317,0.9993040957898353,0.0006958942171238407,9.993040957898353e-09,NORMAL
3318,0.9993040957898353,0.0006958942171238407,9.993040957898353e-09,NORMAL
3319,0.9993040957898353,0.0006958942171238407,9.993040957898353e-09,NORMAL
3320,0.9993040957898353,0.0006958942171238407,9.993040957898353e-09,NORMAL
3321,0.9993040957898353,0.0006958942171238407,9.993040957898353e-09,NORMAL
3322,0.9993040957898353,0.0006958942171238407,9.993040957898353e-09,NORMAL
3323,0.9993040957898353,0.0006958942171238407,9.993040957898353e-09,NORMAL
3324,0.9993040957898353,0.0006958942171238407,9.993040957898353e-09,NORMAL
3325,0.9993040957898353,0.0006958942171238407,9.993040957898353e-09,NORMAL
3326,0.9993040957898353,0.0006958942171238407,9.993040957898353e-09,NORMAL
3327,0.9993040957898353,0.0006958942171238407,9.993040957898353e-09,NORMAL
3328,0.9993040957898353,0.0006958942171238407,9.993040957898353e-09,NORMAL
3329,0.9993040957898353,0.0006958942171238407,9.993040957898353e-09,NORMAL
3330,0.9993040957898353,0.0006958942171238407,9.993040957898353e-09,NORMAL
3331,0.9993040957898353,0.0006958942171238407,9.993040957898353e-09,NORMAL
3332,0.9993040957898353,0.0006958942171238407,9.993040957898353e-09,NORMAL
3333,0.9993040957898353,0.0006958942171238407,9.993040957898353e-09,NORMAL
3334,0.9993040957898353,0.0006958942171238407,9.993040957898353e-09,NORMAL
3335,0.9993040957898353,0.0006958942171238407,9.993040957898353e-09,NORMAL
3336,0.9993040957898353,0.0006958942171238407,9.993040957898353e-09,NORMAL
3337,0.9993040957898353,0.0006958942171238407,9.993040957898353e-09,NORMAL
3338,0.9993040957898353,0.0006958942171238407,9.993040957898353e-09,NORMAL
3339,0.9993040957898353,0.0006958942171238407,9.993040957898353e-09,NORMAL
3340,0.9993040957898353,0.0006958942171238407,9.993040957898353e-09,NORMAL
3341,0.9993040957898353,0.0006958942171238407,9.993040957898353e-09,NORMAL
3342,0.9993040957898353,0.0006958942171238407,9.993040957898353e-09,NORMAL
3343,0.9993040957898353,0.0006958942171238407,9.993040957898353e-09,NORMAL
3344,0.9993040957898353,0.0006958942171238407,9.993040957898353e-09,NORMAL
3345,0.9993040957898353,0.0006958942171238407,9.993040957898353e-09,NORMAL
3346,0.9993040957898353,0.0006958942171238407,9.993040957898353e-09,NORMAL
3347,0.9993040957898353,0.0006958942171238407,9.993040957898353e-09,NORMAL
3348,9.999999800000003e-09,9.999999800000003e-09,0.9999999800000003,CRITICAL
3349,9.999999800000003e-09,9.999999800000003e-09,0.9999999800000003,CRITICAL
3350,9.999999800000003e-09,9.999999800000003e-09,0.9999999800000003,CRITICAL
3351,9.999999800000003e-09,9.999999800000003e-09,0.9999999800000003,CRITICAL
3352,9.999999800000003e-09,9.999999800000003e-09,0.9999999800000003,CRITICAL
3353,9.999999800000003e-09,9.999999800000003e-09,0.9999999800000003,CRITICAL
3354,9.999999800000003e-09,9.999999800000003e-09,0.9999999800000003,CRITICAL
3355,9.999999800000003e-09,9.999999800000003e-09,0.9999999800000003,CRITICAL
3356,9.999999800000003e-09,9.999999800000003e-09,0.9999999800000003,CRITICAL
3357,9.999999800000003e-09,9.999999800000003e-09,0.9999999800000003,CRITICAL
3358,9.999999800000003e-09,9.999999800000003e-09,0.9999999800000003,CRITICAL
3359,9.999999800000003e-09,9.999999800000003e-09,0.9999999800000003,CRITICAL
3360,9.999999800000003e-09,9.999999800000003e-09,0.9999999800000003,CRITICAL
3361,9.999999800000003e-09,9.999999800000003e-09,0.9999999800000003,CRITICAL
3362,9.999999800000003e-09,9.999999800000003e-09,0.9999999800000003,CRITICAL
3363,9.999999800000003e-09,9.999999800000003e-09,0.9999999800000003,CRITICAL
3364,9.999999800000003e-09,9.999999800000003e-09,0.9999999800000003,CRITICAL
3365,9.999999800000003e-09,9.999999800000003e-09,0.9999999800000003,CRITICAL
3366,0.9999999800000006,9.999999800000005e-09,9.999999800000005e-09,NORMAL
3367,0.9999999800000006,9.999999800000005e-09,9.999999800000005e-09,NORMAL
3368,0.9999999800000006,9.999999800000005e-09,9.999999800000005e-09,NORMAL
3369,0.9999999800000006,9.999999800000005e-09,9.999999800000005e-09,NORMAL
3370,0.9999999800000006,9.999999800000005e-09,9.999999800000005e-09,NORMAL
3371,0.9999999800000006,9.999999800000005e-09,9.999999800000005e-09,NORMAL
3372,0.9999999800000006,9.999999800000005e-09,9.999999800000005e-09,NORMAL
3373,0.9999999800000006,9.999999800000005e-09,9.999999800000005e-09,NORMAL
3374,0.9999999800000006,9.999999800000005e-09,9.999999800000005e-09,NORMAL
3375,0.9999999800000006,9.999999800000005e-09,9.999999800000005e-09,NORMAL
3376,0.9999999800000006,9.999999800000005e-09,9.999999800000005e-09,NORMAL
3377,0.9999999800000006,9.999999800000005e-09,9.999999800000005e-09,NORMAL
3378,0.9999999800000006,9.999999800000005e-09,9.999999800000005e-09,NORMAL
3379,0.9999999800000006,9.999999800000005e-09,9.999999800000005e-09,NORMAL
3380,0.9999999800000006,9.999999800000005e-09,9.999999800000005e-09,NORMAL
3381,0.9999999800000006,9.999999800000005e-09,9.999999800000005e-09,NORMAL
3382,0.9999999800000006,9.999999800000005e-09,9.999999800000005e-09,NORMAL
3383,0.9999999800000006,9.999999800000005e-09,9.999999800000005e-09,NORMAL
3384,0.9999999800000006,9.999999800000005e-09,9.999999800000005e-09,NORMAL
3385,0.9999999800000006,9.999999800000005e-09,9.999999800000005e-09,NORMAL
3386,0.9999999800000006,9.999999800000005e-09,9.999999800000005e-09,NORMAL
3387,0.9999999800000006,9.999999800000005e-09,9.999999800000005e-09,NORMAL
3388,0.9999999800000006,9.999999800000005e-09,9.999999800000005e-09,NORMAL
3389,0.9999999800000006,9.999999800000005e-09,9.999999800000005e-09,NORMAL
3390,0.9999999800000006,9.999999800000005e-09,9.999999800000005e-09,NORMAL
3391,0.9999999800000006,9.999999800000005e-09,9.999999800000005e-09,NORMAL
3392,0.9999999800000006,9.999999800000005e-09,9.999999800000005e-09,NORMAL
3393,0.9999999800000006,9.999999800000005e-09,9.999999800000005e-09,NORMAL
3394,0.9999999800000006,9.999999800000005e-09,9.999999800000005e-09,NORMAL
3395,0.9999999800000006,9.999999800000005e-09,9.999999800000005e-09,NORMAL
3396,0.9999999800000006,9.999999800000005e-09,9.999999800000005e-09,NORMAL
3397,0.9999999800000006,9.999999800000005e-09,9.999999800000005e-09,NORMAL
3398,0.9999999800000006,9.999999800000005e-09,9.999999800000005e-09,NORMAL
3399,0.9999999800000006,9.999999800000005e-09,9.999999800000005e-09,NORMAL
3400,0.9999999800000006,9.999999800000005e-09,9.999999800000005e-09,NORMAL
3401,0.9999999800000006,9.999999800000005e-09,9.999999800000005e-09,NORMAL
3402,9.999999800000003e-09,9.999999800000003e-09,0.9999999800000003,CRITICAL
3403,9.999999800000003e-09,9.999999800000003e-09,0.9999999800000003,CRITICAL
3404,9.999999800000003e-09,9.999999800000003e-09,0.9999999800000003,CRITICAL
3405,9.999999800000003e-09,9.999999800000003e-09,0.9999999800000003,CRITICAL
3406,9.999999800000003e-09,9.999999800000003e-09,0.9999999800000003,CRITICAL
3407,9.999999800000003e-09,9.999999800000003e-09,0.9999999800000003,CRITICAL
3408,9.999999800000003e-09,9.999999800000003e-09,0.9999999800000003,CRITICAL
3409,9.999999800000003e-09,9.999999800000003e-09,0.9999999800000003,CRITICAL
3410,9.999999800000003e-09,9.999999800000003e-09,0.9999999800000003,CRITICAL
3411,9.999999800000003e-09,9.999999800000003e-09,0.9999999800000003,CRITICAL
3412,9.999999800000003e-09,9.999999800000003e-09,0.9999999800000003,CRITICAL
3413,9.999999800000003e-09,9.999999800000003e-09,0.9999999800000003,CRITICAL
3414,9.999999800000003e-09,9.999999800000003e-09,0.9999999800000003,CRITICAL
3415,9.999999800000003e-09,9.999999800000003e-09,0.9999999800000003,CRITICAL
3416,9.999999800000003e-09,9.999999800000003e-09,0.9999999800000003,CRITICAL
3417,8.436496551755465e-09,0.271824833587773,0.7281751579757305,CRITICAL
3418,9.530948825526643e-09,0.08154745707633176,0.9184525333927194,CRITICAL
3419,9.859284507657996e-09,0.024464244122899395,0.9755357460178161,CRITICAL
3420,9.993040957898353e-09,0.0006958942171238407,0.9993040957898353,CRITICAL
3421,9.993040957898353e-09,0.0006958942171238407,0.9993040957898353,CRITICAL
3422,9.993040957898353e-09,0.0006958942171238407,0.9993040957898353,CRITICAL
3423,9.993040957898353e-09,0.0006958942171238407,0.9993040957898353,CRITICAL
3424,9.993040957898353e-09,0.0006958942171238407,0.9993040957898353,CRITICAL
3425,9.993040957898353e-09,0.0006958942171238407,0.9993040957898353,CRITICAL
3426,9.993040957898353e-09,0.0006958942171238407,0.9993040957898353,CRITICAL
3427,9.993040957898353e-09,0.0006958942171238407,0.9993040957898353,CRITICAL
3428,9.993040957898353e-09,0.0006958942171238407,0.9993040957898353,CRITICAL
3429,9.993040957898353e-09,0.0006958942171238407,0.9993040957898353,CRITICAL
3430,9.993040957898353e-09,0.0006958942171238407,0.9993040957898353,CRITICAL
3431,9.993040957898353e-09,0.0006958942171238407,0.9993040957898353,CRITICAL
3432,9.993040957898353e-09,0.0006958942171238407,0.9993040957898353,CRITICAL
3433,9.993040957898353e-09,0.0006958942171238407,0.9993040957898353,CRITICAL
3434,9.993040957898353e-09,0.0006958942171238407,0.9993040957898353,CRITICAL
3435,9.993040957898353e-09,0.0006958942171238407,0.9993040957898353,CRITICAL
3436,9.993040957898353e-09,0.0006958942171238407,0.9993040957898353,CRITICAL
3437,9.993040957898353e-09,0.0006958942171238407,0.9993040957898353,CRITICAL
3438,0.9993040957898353,0.0006958942171238407,9.993040957898353e-09,NORMAL
3439,0.9993040957898353,0.0006958942171238407,9.993040957898353e-09,NORMAL
3440,0.9993040957898353,0.0006958942171238407,9.993040957898353e-09,NORMAL
3441,0.9993040957898353,0.0006958942171238407,9.993040957898353e-09,NORMAL
3442,0.9993040957898353,0.0006958942171238407,9.993040957898353e-09,NORMAL
3443,0.9993040957898353,0.0006958942171238407,9.993040957898353e-09,NORMAL
3444,0.9993040957898353,0.0006958942171238407,9.993040957898353e-09,NORMAL
3445,0.9993040957898353,0.0006958942171238407,9.993040957898353e-09,NORMAL
3446,0.9993040957898353,0.0006958942171238407,9.993040957898353e-09,NORMAL
3447,0.9993040957898353,0.0006958942171238407,9.993040957898353e-09,NORMAL
3448,0.9993040957898353,0.0006958942171238407,9.993040957898353e-09,NORMAL
3449,0.9993040957898353,0.0006958942171238407,9.993040957898353e-09,NORMAL
3450,0.9993040957898353,0.0006958942171238407,9.993040957898353e-09,NORMAL
3451,0.9993040957898353,0.0006958942171238407,9.993040957898353e-09,NORMAL
3452,0.9993040957898353,0.0006958942171238407,9.993040957898353e-09,NORMAL
3453,0.9993040957898353,0.0006958942171238407,9.993040957898353e-09,NORMAL
3454,0.9993040957898353,0.0006958942171238407,9.993040957898353e-09,NORMAL
3455,0.9151432067078306,0.08485678414073747,9.151432067078307e-09,NORMAL
3456,9.999999800000003e-09,9.999999800000003e-09,0.9999999800000003,CRITICAL
3457,9.999999800000003e-09,9.999999800000003e-09,0.9999999800000003,CRITICAL
3458,9.999999800000003e-09,9.999999800000003e-09,0.9999999800000003,CRITICAL
3459,9.999999800000003e-09,9.999999800000003e-09,0.9999999800000003,CRITICAL
3460,9.999999800000003e-09,9.999999800000003e-09,0.9999999800000003,CRITICAL
3461,9.999999800000003e-09,9.999999800000003e-09,0.9999999800000003,CRITICAL
3462,9.999999800000003e-09,9.999999800000003e-09,0.9999999800000003,CRITICAL
3463,9.999999800000003e-09,9.999999800000003e-09,0.9999999800000003,CRITICAL
3464,9.999999800000003e-09,9.999999800000003e-09,0.9999999800000003,CRITICAL
3465,9.999999800000003e-09,9.999999800000003e-09,0.9999999800000003,CRITICAL
3466,9.999999800000003e-09,9.999999800000003e-09,0.9999999800000003,CRITICAL
3467,9.999999800000003e-09,9.999999800000003e-09,0.9999999800000003,CRITICAL
3468,9.999999800000003e-09,9.999999800000003e-09,0.9999999800000003,CRITICAL
3469,9.999999800000003e-09,9.999999800000003e-09,0.9999999800000003,CRITICAL
3470,9.999999800000003e-09,9.999999800000003e-09,0.9999999800000003,CRITICAL
3471,9.999999800000003e-09,9.999999800000003e-09,0.9999999800000003,CRITICAL
3472,9.999999800000003e-09,9.999999800000003e-09,0.9999999800000003,CRITICAL
3473,9.999999800000003e-09,9.999999800000003e-09,0.9999999800000003,CRITICAL
3474,0.9993040957898353,0.0006958942171238407,9.993040957898353e-09,NORMAL
3475,0.9993040957898353,0.0006958942171238407,9.993040957898353e-09,NORMAL
3476,0.9993040957898353,0.0006958942171238407,9.993040957898353e-09,NORMAL
3477,0.9993040957898353,0.0006958942171238407,9.993040957898353e-09,NORMAL
3478,0.9993040957898353,0.0006958942171238407,9.993040957898353e-09,NORMAL
3479,0.9993040957898353,0.0006958942171238407,9.993040957898353e-09,NORMAL
3480,0.9993040957898353,0.0006958942171238407,9.993040957898353e-09,NORMAL
3481,0.9993040957898353,0.0006958942171238407,9.993040957898353e-09,NORMAL
3482,0.9993040957898353,0.0006958942171238407,9.993040957898353e-09,NORMAL
3483,0.9993040957898353,0.0006958942171238407,9.993040957898353e-09,NORMAL
3484,0.9993040957898353,0.0006958942171238407,9.993040957898353e-09,NORMAL
3485,0.9993040957898353,0.0006958942171238407,9.993040957898353e-09,NORMAL
3486,0.9993040957898353,0.0006958942171238407,9.993040957898353e-09,NORMAL
3487,0.9993040957898353,0.0006958942171238407,9.993040957898353e-09,NORMAL
3488,0.9993040957898353,0.0006958942171238407,9.993040957898353e-09,NORMAL
3489,0.9993040957898353,0.0006958942171238407,9.993040957898353e-09,NORMAL
3490,0.9993040957898353,0.0006958942171238407,9.993040957898353e-09,NORMAL
3491,0.9993040957898353,0.0006958942171238407,9.993040957898353e-09,NORMAL
3492,1.6615403469099795e-06,1.6615403469099795e-06,0.9999966769193062,CRITICAL
3493,0.7000004831893769,5.060984675427461e-07,0.2999990107121554,CRITICAL
3494,0.9100001309568134,1.5882954012282385e-07,0.08999971021364649,CRITICAL
3495,0.973000024014317,5.528522550659923e-08,0.026999920700457418,NORMAL
3496,0.9918999932042956,2.3585567511979775e-08,0.008099983210137086,NORMAL
3497,0.997569983961289,1.4075670113593936e-08,0.0024300019630409866,NORMAL
3498,0.991650312442895,3.7361476525519376e-08,0.008349650195628507,NORMAL
3499,0.9974950784601414,1.8844806427407884e-08,0.0025049026950520223,NORMAL
3500,0.9992485095380428,1.2653441788222369e-08,0.0007514778085154668,NORMAL
3501,2.7469083798044625e-07,2.7469083798044625e-07,0.999999450618324,CRITICAL
3502,0.7000000684072517,8.940725125413389e-08,0.2999998421854971,CRITICAL
3503,0.9100000065221758,3.382217523624017e-08,0.089999959655649,CRITICAL
3504,0.9729999866839256,1.7783016040624123e-08,0.026999995533058173,NORMAL
3505,0.9918999807324507,1.2971268281939307e-08,0.008100006296280923,NORMAL
3506,0.9975699802197355,1.0891380344581796e-08,0.0024300088888841373,NORMAL
3507,0.9992709787931936,1.0903777573126609e-08,0.000729010303028711,NORMAL
3508,0.999781278365231,1.0907496741690053e-08,0.0002187107272720831,NORMAL
3509,0.9999343695095697,1.0272248882507019e-08,6.562021818148495e-05,NORMAL
3510,0.9999999800000006,9.999999800000005e-09,9.999999800000005e-09,NORMAL
3511,0.9999999800000006,9.999999800000005e-09,9.999999800000005e-09,NORMAL
3512,0.9999999800000006,9.999999800000005e-09,9.999999800000005e-09,NORMAL
3513,0.9999999800000006,9.999999800000005e-09,9.999999800000005e-09,NORMAL
3514,0.9999999800000006,9.999999800000005e-09,9.999999800000005e-09,NORMAL
3515,0.9999999800000006,9.999999800000005e-09,9.999999800000005e-09,NORMAL
3516,0.9999999800000006,9.999999800000005e-09,9.999999800000005e-09,NORMAL
3517,0.9999999800000006,9.999999800000005e-09,9.999999800000005e-09,NORMAL
3518,0.9999999800000006,9.999999800000005e-09,9.999999800000005e-09,NORMAL
3519,0.9999999800000006,9.999999800000005e-09,9.999999800000005e-09,NORMAL
3520,0.9999999800000006,9.999999800000005e-09,9.999999800000005e-09,NORMAL
3521,0.9999999800000006,9.999999800000005e-09,9.999999800000005e-09,NORMAL
3522,0.9999999800000006,9.999999800000005e-09,9.999999800000005e-09,NORMAL
3523,0.9999999800000006,9.999999800000005e-09,9.999999800000005e-09,NORMAL
3524,0.9999999800000006,9.999999800000005e-09,9.999999800000005e-09,NORMAL
3525,0.9999999800000006,9.999999800000005e-09,9.999999800000005e-09,NORMAL
3526,0.9999999800000006,9.999999800000005e-09,9.999999800000005e-09,NORMAL
3527,0.9999999800000006,9.999999800000005e-09,9.999999800000005e-09,NORMAL
3528,0.9999999800000006,9.999999800000005e-09,9.999999800000005e-09,NORMAL
3529,0.9999999800000006,9.999999800000005e-09,9.999999800000005e-09,NORMAL
3530,0.9999999800000006,9.999999800000005e-09,9.999999800000005e-09,NORMAL
3531,0.9999999800000006,9.999999800000005e-09,9.999999800000005e-09,NORMAL
3532,0.9999999800000006,9.999999800000005e-09,9.999999800000005e-09,NORMAL
3533,0.30000000100000007,0.6999999890000003,9.999999800000005e-09,WARNING
3534,0.09000000729999989,0.9099999827000005,9.999999800000005e-09,WARNING
3535,0.027000009189999834,0.9729999808100005,9.999999800000005e-09,WARNING
3536,0.00810000975699981,0.9918999802430005,9.999999800000005e-09,WARNING
3537,0.9999999800000006,9.999999800000005e-09,9.999999800000005e-09,NORMAL
3538,0.9999999800000006,9.999999800000005e-09,9.999999800000005e-09,NORMAL
3539,0.9999999800000006,9.999999800000005e-09,9.999999800000005e-09,NORMAL
3540,0.9999999800000006,9.999999800000005e-09,9.999999800000005e-09,NORMAL
3541,0.9999999800000006,9.999999800000005e-09,9.999999800000005e-09,NORMAL
3542,0.30000000100000007,0.6999999890000003,9.999999800000005e-09,WARNING
3543,0.09000000729999989,0.9099999827000005,9.999999800000005e-09,WARNING
3544,0.027000009189999834,0.9729999808100005,9.999999800000005e-09,WARNING
3545,0.00810000975699981,0.9918999802430005,9.999999800000005e-09,WARNING
3546,0.9999999800000006,9.999999800000005e-09,9.999999800000005e-09,NORMAL
3547,0.9999999800000006,9.999999800000005e-09,9.999999800000005e-09,NORMAL
3548,0.9999999800000006,9.999999800000005e-09,9.999999800000005e-09,NORMAL
3549,0.9999999800000006,9.999999800000005e-09,9.999999800000005e-09,NORMAL
3550,0.9999999800000006,9.999999800000005e-09,9.999999800000005e-09,NORMAL
3551,0.9999999800000006,9.999999800000005e-09,9.999999800000005e-09,NORMAL
3552,0.9999999800000006,9.999999800000005e-09,9.999999800000005e-09,NORMAL
3553,0.9999999800000006,9.999999800000005e-09,9.999999800000005e-09,NORMAL
3554,0.9999999800000006,9.999999800000005e-09,9.999999800000005e-09,NORMAL
3555,0.9999999800000006,9.999999800000005e-09,9.999999800000005e-09,NORMAL
3556,0.9999999800000006,9.999999800000005e-09,9.999999800000005e-09,NORMAL
3557,0.9999999800000006,9.999999800000005e-09,9.999999800000005e-09,NORMAL
3558,0.9999999800000006,9.999999800000005e-09,9.999999800000005e-09,NORMAL
3559,0.9999999800000006,9.999999800000005e-09,9.999999800000005e-09,NORMAL
3560,0.9999999800000006,9.999999800000005e-09,9.999999800000005e-09,NORMAL
3561,0.9999999800000006,9.999999800000005e-09,9.999999800000005e-09,NORMAL
3562,0.9999999800000006,9.999999800000005e-09,9.999999800000005e-09,NORMAL
3563,0.9999999800000006,9.999999800000005e-09,9.999999800000005e-09,NORMAL
3564,9.999999800000003e-09,9.999999800000003e-09,0.9999999800000003,CRITICAL
3565,9.999999800000003e-09,9.999999800000003e-09,0.9999999800000003,CRITICAL
3566,9.999999800000003e-09,9.999999800000003e-09,0.9999999800000003,CRITICAL
3567,9.999999800000003e-09,9.999999800000003e-09,0.9999999800000003,CRITICAL
3568,9.999999800000003e-09,9.999999800000003e-09,0.9999999800000003,CRITICAL
3569,9.999999800000003e-09,9.999999800000003e-09,0.9999999800000003,CRITICAL
3570,9.999999800000003e-09,9.999999800000003e-09,0.9999999800000003,CRITICAL
3571,9.999999800000003e-09,9.999999800000003e-09,0.9999999800000003,CRITICAL
3572,9.999999800000003e-09,9.999999800000003e-09,0.9999999800000003,CRITICAL
3573,9.999999800000003e-09,9.999999800000003e-09,0.9999999800000003,CRITICAL
3574,9.999999800000003e-09,9.999999800000003e-09,0.9999999800000003,CRITICAL
3575,9.999999800000003e-09,9.999999800000003e-09,0.9999999800000003,CRITICAL
3576,9.999999800000003e-09,9.999999800000003e-09,0.9999999800000003,CRITICAL
3577,9.999999800000003e-09,9.999999800000003e-09,0.9999999800000003,CRITICAL
3578,9.999999800000003e-09,9.999999800000003e-09,0.9999999800000003,CRITICAL
3579,9.999999800000003e-09,9.999999800000003e-09,0.9999999800000003,CRITICAL
3580,9.999999800000003e-09,9.999999800000003e-09,0.9999999800000003,CRITICAL
3581,9.999999800000003e-09,9.999999800000003e-09,0.9999999800000003,CRITICAL
3582,9.999999800000003e-09,9.999999800000003e-09,0.9999999800000003,CRITICAL
3583,9.999999800000003e-09,9.999999800000003e-09,0.9999999800000003,CRITICAL
3584,9.999999800000003e-09,9.999999800000003e-09,0.9999999800000003,CRITICAL
3585,9.999999800000003e-09,9.999999800000003e-09,0.9999999800000003,CRITICAL
3586,9.999999800000003e-09,9.999999800000003e-09,0.9999999800000003,CRITICAL
3587,9.999999800000003e-09,9.999999800000003e-09,0.9999999800000003,CRITICAL
3588,9.999999800000003e-09,9.999999800000003e-09,0.9999999800000003,CRITICAL
3589,9.999999800000003e-09,9.999999800000003e-09,0.9999999800000003,CRITICAL
3590,9.999999800000003e-09,9.999999800000003e-09,0.9999999800000003,CRITICAL
3591,9.999999800000003e-09,9.999999800000003e-09,0.9999999800000003,CRITICAL
3592,9.999999800000003e-09,9.999999800000003e-09,0.9999999800000003,CRITICAL
3593,9.999999800000003e-09,9.999999800000003e-09,0.9999999800000003,CRITICAL
3594,9.999999800000003e-09,9.999999800000003e-09,0.9999999800000003,CRITICAL
3595,9.999999800000003e-09,9.999999800000003e-09,0.9999999800000003,CRITICAL
3596,9.999999800000003e-09,9.999999800000003e-09,0.9999999800000003,CRITICAL
3597,9.999999800000003e-09,9.999999800000003e-09,0.9999999800000003,CRITICAL
3598,9.999999800000003e-09,9.999999800000003e-09,0.9999999800000003,CRITICAL
3599,9.999999800000003e-09,9.999999800000003e-09,0.9999999800000003,CRITICAL
3600,0.9999999800000006,9.999999800000005e-09,9.999999800000005e-09,NORMAL
3601,0.9999999800000006,9.999999800000005e-09,9.999999800000005e-09,NORMAL
3602,0.9999999800000006,9.999999800000005e-09,9.999999800000005e-09,NORMAL
3603,0.9999999800000006,9.999999800000005e-09,9.999999800000005e-09,NORMAL
3604,0.9999999800000006,9.999999800000005e-09,9.999999800000005e-09,NORMAL
3605,0.9999999800000006,9.999999800000005e-09,9.999999800000005e-09,NORMAL
3606,0.9999999800000006,9.999999800000005e-09,9.999999800000005e-09,NORMAL
3607,0.9999999800000006,9.999999800000005e-09,9.999999800000005e-09,NORMAL
3608,0.9999999800000006,9.999999800000005e-09,9.999999800000005e-09,NORMAL
3609,0.9999999800000006,9.999999800000005e-09,9.999999800000005e-09,NORMAL
3610,0.9999999800000006,9.999999800000005e-09,9.999999800000005e-09,NORMAL
3611,0.9999999800000006,9.999999800000005e-09,9.999999800000005e-09,NORMAL
3612,0.9999999800000006,9.999999800000005e-09,9.999999800000005e-09,NORMAL
3613,0.9999999800000006,9.999999800000005e-09,9.999999800000005e-09,NORMAL
3614,0.9999999800000006,9.999999800000005e-09,9.999999800000005e-09,NORMAL
3615,0.9999999800000006,9.999999800000005e-09,9.999999800000005e-09,NORMAL
3616,0.9999999800000006,9.999999800000005e-09,9.999999800000005e-09,NORMAL
3617,0.9999999800000006,9.999999800000005e-09,9.999999800000005e-09,NORMAL
3618,9.999999800000005e-09,0.9999999800000006,9.999999800000005e-09,CRITICAL
3619,9.999999800000005e-09,0.9999999800000006,9.999999800000005e-09,CRITICAL
3620,9.999999800000005e-09,0.9999999800000006,9.999999800000005e-09,CRITICAL
3621,9.999999800000005e-09,0.9999999800000006,9.999999800000005e-09,CRITICAL
3622,9.999999800000005e-09,0.9999999800000006,9.999999800000005e-09,CRITICAL
3623,9.999999800000005e-09,0.9999999800000006,9.999999800000005e-09,CRITICAL
3624,9.999999800000005e-09,0.9999999800000006,9.999999800000005e-09,CRITICAL
3625,9.999999800000005e-09,0.9999999800000006,9.999999800000005e-09,CRITICAL
3626,9.999999800000005e-09,0.9999999800000006,9.999999800000005e-09,CRITICAL
3627,9.999999800000005e-09,0.9999999800000006,9.999999800000005e-09,CRITICAL
3628,9.999999800000005e-09,0.9999999800000006,9.999999800000005e-09,CRITICAL
3629,9.999999800000005e-09,0.9999999800000006,9.999999800000005e-09,CRITICAL
3630,9.999999800000005e-09,0.9999999800000006,9.999999800000005e-09,CRITICAL
3631,9.999999800000005e-09,0.9999999800000006,9.999999800000005e-09,CRITICAL
3632,9.999999800000005e-09,0.9999999800000006,9.999999800000005e-09,CRITICAL
3633,9.999999800000005e-09,0.9999999800000006,9.999999800000005e-09,CRITICAL
3634,9.999999800000005e-09,0.9999999800000006,9.999999800000005e-09,CRITICAL
3635,9.999999800000005e-09,0.9999999800000006,9.999999800000005e-09,CRITICAL
3636,9.993040957898353e-09,0.0006958942171238407,0.9993040957898353,CRITICAL
3637,9.993040957898353e-09,0.0006958942171238407,0.9993040957898353,CRITICAL
3638,9.993040957898353e-09,0.0006958942171238407,0.9993040957898353,CRITICAL
3639,9.993040957898353e-09,0.0006958942171238407,0.9993040957898353,CRITICAL
3640,9.993040957898353e-09,0.0006958942171238407,0.9993040957898353,CRITICAL
3641,9.993040957898353e-09,0.0006958942171238407,0.9993040957898353,CRITICAL
3642,9.993040957898353e-09,0.0006958942171238407,0.9993040957898353,CRITICAL
3643,9.993040957898353e-09,0.0006958942171238407,0.9993040957898353,CRITICAL
3644,9.993040957898353e-09,0.0006958942171238407,0.9993040957898353,CRITICAL
3645,9.993040957898353e-09,0.0006958942171238407,0.9993040957898353,CRITICAL
3646,9.993040957898353e-09,0.0006958942171238407,0.9993040957898353,CRITICAL
3647,9.993040957898353e-09,0.0006958942171238407,0.9993040957898353,CRITICAL
3648,9.993040957898353e-09,0.0006958942171238407,0.9993040957898353,CRITICAL
3649,9.993040957898353e-09,0.0006958942171238407,0.9993040957898353,CRITICAL
3650,9.993040957898353e-09,0.0006958942171238407,0.9993040957898353,CRITICAL
3651,9.993040957898353e-09,0.0006958942171238407,0.9993040957898353,CRITICAL
3652,9.993040957898353e-09,0.0006958942171238407,0.9993040957898353,CRITICAL
3653,9.993040957898353e-09,0.0006958942171238407,0.9993040957898353,CRITICAL
3654,9.999999800000003e-09,9.999999800000003e-09,0.9999999800000003,CRITICAL
3655,9.999999800000003e-09,9.999999800000003e-09,0.9999999800000003,CRITICAL
3656,9.999999800000003e-09,9.999999800000003e-09,0.9999999800000003,CRITICAL
3657,9.999999800000003e-09,9.999999800000003e-09,0.9999999800000003,CRITICAL
3658,9.999999800000003e-09,9.999999800000003e-09,0.9999999800000003,CRITICAL
3659,9.999999800000003e-09,9.999999800000003e-09,0.9999999800000003,CRITICAL
3660,9.999999800000003e-09,9.999999800000003e-09,0.9999999800000003,CRITICAL
3661,9.999999800000003e-09,9.999999800000003e-09,0.9999999800000003,CRITICAL
3662,9.999999800000003e-09,9.999999800000003e-09,0.9999999800000003,CRITICAL
3663,9.999999800000003e-09,9.999999800000003e-09,0.9999999800000003,CRITICAL
3664,9.999999800000003e-09,9.999999800000003e-09,0.9999999800000003,CRITICAL
3665,9.999999800000003e-09,9.999999800000003e-09,0.9999999800000003,CRITICAL
3666,9.999999800000003e-09,9.999999800000003e-09,0.9999999800000003,CRITICAL
3667,9.999999800000003e-09,9.999999800000003e-09,0.9999999800000003,CRITICAL
3668,9.999999800000003e-09,9.999999800000003e-09,0.9999999800000003,CRITICAL
3669,9.999999800000003e-09,9.999999800000003e-09,0.9999999800000003,CRITICAL
3670,9.999999800000003e-09,9.999999800000003e-09,0.9999999800000003,CRITICAL
3671,9.999999800000003e-09,9.999999800000003e-09,0.9999999800000003,CRITICAL
3672,9.999999800000003e-09,9.999999800000003e-09,0.9999999800000003,CRITICAL
3673,9.999999800000003e-09,9.999999800000003e-09,0.9999999800000003,CRITICAL
3674,9.999999800000003e-09,9.999999800000003e-09,0.9999999800000003,CRITICAL
3675,9.999999800000003e-09,9.999999800000003e-09,0.9999999800000003,CRITICAL
3676,9.999999800000003e-09,9.999999800000003e-09,0.9999999800000003,CRITICAL
3677,9.999999800000003e-09,9.999999800000003e-09,0.9999999800000003,CRITICAL
3678,9.999999800000003e-09,9.999999800000003e-09,0.9999999800000003,CRITICAL
3679,9.999999800000003e-09,9.999999800000003e-09,0.9999999800000003,CRITICAL
3680,9.999999800000003e-09,9.999999800000003e-09,0.9999999800000003,CRITICAL
3681,9.999999800000003e-09,9.999999800000003e-09,0.9999999800000003,CRITICAL
3682,9.999999800000003e-09,9.999999800000003e-09,0.9999999800000003,CRITICAL
3683,9.999999800000003e-09,9.999999800000003e-09,0.9999999800000003,CRITICAL
3684,9.999999800000003e-09,9.999999800000003e-09,0.9999999800000003,CRITICAL
3685,9.999999800000003e-09,9.999999800000003e-09,0.9999999800000003,CRITICAL
3686,9.999999800000003e-09,9.999999800000003e-09,0.9999999800000003,CRITICAL
3687,9.999999800000003e-09,9.999999800000003e-09,0.9999999800000003,CRITICAL
3688,9.999999800000003e-09,9.999999800000003e-09,0.9999999800000003,CRITICAL
3689,9.999999800000003e-09,9.999999800000003e-09,0.9999999800000003,CRITICAL
3690,0.9993040957898353,0.0006958942171238407,9.993040957898353e-09,NORMAL
3691,0.9993040957898353,0.0006958942171238407,9.993040957898353e-09,NORMAL
3692,0.9993040957898353,0.0006958942171238407,9.993040957898353e-09,NORMAL
3693,0.9993040957898353,0.0006958942171238407,9.993040957898353e-09,NORMAL
3694,0.9993040957898353,0.0006958942171238407,9.993040957898353e-09,NORMAL
3695,0.9993040957898353,0.0006958942171238407,9.993040957898353e-09,NORMAL
3696,0.9993040957898353,0.0006958942171238407,9.993040957898353e-09,NORMAL
3697,0.9993040957898353,0.0006958942171238407,9.993040957898353e-09,NORMAL
3698,0.9993040957898353,0.0006958942171238407,9.993040957898353e-09,NORMAL
3699,0.9993040957898353,0.0006958942171238407,9.993040957898353e-09,NORMAL
3700,0.9993040957898353,0.0006958942171238407,9.993040957898353e-09,NORMAL
3701,0.9993040957898353,0.0006958942171238407,9.993040957898353e-09,NORMAL
3702,0.9993040957898353,0.0006958942171238407,9.993040957898353e-09,NORMAL
3703,0.9993040957898353,0.0006958942171238407,9.993040957898353e-09,NORMAL
3704,0.9993040957898353,0.0006958942171238407,9.993040957898353e-09,NORMAL
3705,0.9993040957898353,0.0006958942171238407,9.993040957898353e-09,NORMAL
3706,0.9993040957898353,0.0006958942171238407,9.993040957898353e-09,NORMAL
3707,0.9993040957898353,0.0006958942171238407,9.993040957898353e-09,NORMAL
3708,9.993040957898353e-09,0.0006958942171238407,0.9993040957898353,CRITICAL
3709,9.993040957898353e-09,0.0006958942171238407,0.9993040957898353,CRITICAL
3710,9.993040957898353e-09,0.0006958942171238407,0.9993040957898353,CRITICAL
3711,9.993040957898353e-09,0.0006958942171238407,0.9993040957898353,CRITICAL
3712,9.993040957898353e-09,0.0006958942171238407,0.9993040957898353,CRITICAL
3713,9.993040957898353e-09,0.0006958942171238407,0.9993040957898353,CRITICAL
3714,9.993040957898353e-09,0.0006958942171238407,0.9993040957898353,CRITICAL
3715,9.993040957898353e-09,0.0006958942171238407,0.9993040957898353,CRITICAL
3716,9.993040957898353e-09,0.0006958942171238407,0.9993040957898353,CRITICAL
3717,9.993040957898353e-09,0.0006958942171238407,0.9993040957898353,CRITICAL
3718,9.993040957898353e-09,0.0006958942171238407,0.9993040957898353,CRITICAL
3719,9.993040957898353e-09,0.0006958942171238407,0.9993040957898353,CRITICAL
3720,9.993040957898353e-09,0.0006958942171238407,0.9993040957898353,CRITICAL
3721,9.993040957898353e-09,0.0006958942171238407,0.9993040957898353,CRITICAL
3722,9.993040957898353e-09,0.0006958942171238407,0.9993040957898353,CRITICAL
3723,9.993040957898353e-09,0.0006958942171238407,0.9993040957898353,CRITICAL
3724,9.993040957898353e-09,0.0006958942171238407,0.9993040957898353,CRITICAL
3725,9.993040957898353e-09,0.0006958942171238407,0.9993040957898353,CRITICAL
3726,0.9999999800000006,9.999999800000005e-09,9.999999800000005e-09,NORMAL
3727,0.9999999800000006,9.999999800000005e-09,9.999999800000005e-09,NORMAL
3728,0.9999999800000006,9.999999800000005e-09,9.999999800000005e-09,NORMAL
3729,0.9999999800000006,9.999999800000005e-09,9.999999800000005e-09,NORMAL
3730,0.9999999800000006,9.999999800000005e-09,9.999999800000005e-09,NORMAL
3731,0.9999999800000006,9.999999800000005e-09,9.999999800000005e-09,NORMAL
3732,0.9999999800000006,9.999999800000005e-09,9.999999800000005e-09,NORMAL
3733,0.9999999800000006,9.999999800000005e-09,9.999999800000005e-09,NORMAL
3734,0.9999999800000006,9.999999800000005e-09,9.999999800000005e-09,NORMAL
3735,0.9999999800000006,9.999999800000005e-09,9.999999800000005e-09,NORMAL
3736,0.9999999800000006,9.999999800000005e-09,9.999999800000005e-09,NORMAL
3737,0.9999999800000006,9.999999800000005e-09,9.999999800000005e-09,NORMAL
3738,0.9999999800000006,9.999999800000005e-09,9.999999800000005e-09,NORMAL
3739,0.9999999800000006,9.999999800000005e-09,9.999999800000005e-09,NORMAL
3740,0.9999999800000006,9.999999800000005e-09,9.999999800000005e-09,NORMAL
3741,0.9999999800000006,9.999999800000005e-09,9.999999800000005e-09,NORMAL
3742,0.9999999800000006,9.999999800000005e-09,9.999999800000005e-09,NORMAL
3743,0.9999999800000006,9.999999800000005e-09,9.999999800000005e-09,NORMAL
3744,9.993040957898353e-09,0.0006958942171238407,0.9993040957898353,CRITICAL
3745,9.993040957898353e-09,0.0006958942171238407,0.9993040957898353,CRITICAL
3746,9.993040957898353e-09,0.0006958942171238407,0.9993040957898353,CRITICAL
3747,9.993040957898353e-09,0.0006958942171238407,0.9993040957898353,CRITICAL
3748,9.993040957898353e-09,0.0006958942171238407,0.9993040957898353,CRITICAL
3749,9.993040957898353e-09,0.0006958942171238407,0.9993040957898353,CRITICAL
3750,9.993040957898353e-09,0.0006958942171238407,0.9993040957898353,CRITICAL
3751,9.993040957898353e-09,0.0006958942171238407,0.9993040957898353,CRITICAL
3752,9.993040957898353e-09,0.0006958942171238407,0.9993040957898353,CRITICAL
3753,9.993040957898353e-09,0.0006958942171238407,0.9993040957898353,CRITICAL
3754,9.993040957898353e-09,0.0006958942171238407,0.9993040957898353,CRITICAL
3755,9.993040957898353e-09,0.0006958942171238407,0.9993040957898353,CRITICAL
3756,9.993040957898353e-09,0.0006958942171238407,0.9993040957898353,CRITICAL
3757,9.993040957898353e-09,0.0006958942171238407,0.9993040957898353,CRITICAL
3758,9.993040957898353e-09,0.0006958942171238407,0.9993040957898353,CRITICAL
3759,9.993040957898353e-09,0.0006958942171238407,0.9993040957898353,CRITICAL
3760,9.993040957898353e-09,0.0006958942171238407,0.9993040957898353,CRITICAL
3761,9.993040957898353e-09,0.0006958942171238407,0.9993040957898353,CRITICAL
3762,9.999999800000003e-09,9.999999800000003e-09,0.9999999800000003,CRITICAL
3763,9.999999800000003e-09,9.999999800000003e-09,0.9999999800000003,CRITICAL
3764,9.999999800000003e-09,9.999999800000003e-09,0.9999999800000003,CRITICAL
3765,9.999999800000003e-09,9.999999800000003e-09,0.9999999800000003,CRITICAL
3766,9.999999800000003e-09,9.999999800000003e-09,0.9999999800000003,CRITICAL
3767,9.999999800000003e-09,9.999999800000003e-09,0.9999999800000003,CRITICAL
3768,9.999999800000003e-09,9.999999800000003e-09,0.9999999800000003,CRITICAL
3769,9.999999800000003e-09,9.999999800000003e-09,0.9999999800000003,CRITICAL
3770,9.999999800000003e-09,9.999999800000003e-09,0.9999999800000003,CRITICAL
3771,9.999999800000003e-09,9.999999800000003e-09,0.9999999800000003,CRITICAL
3772,9.999999800000003e-09,9.999999800000003e-09,0.9999999800000003,CRITICAL
3773,9.999999800000003e-09,9.999999800000003e-09,0.9999999800000003,CRITICAL
3774,9.999999800000003e-09,9.999999800000003e-09,0.9999999800000003,CRITICAL
3775,9.999999800000003e-09,9.999999800000003e-09,0.9999999800000003,CRITICAL
3776,9.999999800000003e-09,9.999999800000003e-09,0.9999999800000003,CRITICAL
3777,9.999999800000003e-09,9.999999800000003e-09,0.9999999800000003,CRITICAL
3778,9.999999800000003e-09,9.999999800000003e-09,0.9999999800000003,CRITICAL
3779,9.999999800000003e-09,9.999999800000003e-09,0.9999999800000003,CRITICAL
3780,9.993040957898353e-09,0.0006958942171238407,0.9993040957898353,CRITICAL
3781,9.993040957898353e-09,0.0006958942171238407,0.9993040957898353,CRITICAL
3782,9.993040957898353e-09,0.0006958942171238407,0.9993040957898353,CRITICAL
3783,9.993040957898353e-09,0.0006958942171238407,0.9993040957898353,CRITICAL
3784,9.993040957898353e-09,0.0006958942171238407,0.9993040957898353,CRITICAL
3785,9.993040957898353e-09,0.0006958942171238407,0.9993040957898353,CRITICAL
3786,9.993040957898353e-09,0.0006958942171238407,0.9993040957898353,CRITICAL
3787,9.993040957898353e-09,0.0006958942171238407,0.9993040957898353,CRITICAL
3788,9.993040957898353e-09,0.0006958942171238407,0.9993040957898353,CRITICAL
3789,9.993040957898353e-09,0.0006958942171238407,0.9993040957898353,CRITICAL
3790,9.993040957898353e-09,0.0006958942171238407,0.9993040957898353,CRITICAL
3791,9.993040957898353e-09,0.0006958942171238407,0.9993040957898353,CRITICAL
3792,9.993040957898353e-09,0.0006958942171238407,0.9993040957898353,CRITICAL
3793,9.993040957898353e-09,0.0006958942171238407,0.9993040957898353,CRITICAL
3794,9.993040957898353e-09,0.0006958942171238407,0.9993040957898353,CRITICAL
3795,9.993040957898353e-09,0.0006958942171238407,0.9993040957898353,CRITICAL
3796,9.993040957898353e-09,0.0006958942171238407,0.9993040957898353,CRITICAL
3797,9.993040957898353e-09,0.0006958942171238407,0.9993040957898353,CRITICAL
3798,0.9993040957898353,0.0006958942171238407,9.993040957898353e-09,NORMAL
3799,0.9993040957898353,0.0006958942171238407,9.993040957898353e-09,NORMAL
3800,0.9993040957898353,0.0006958942171238407,9.993040957898353e-09,NORMAL
3801,0.9993040957898353,0.0006958942171238407,9.993040957898353e-09,NORMAL
3802,0.9993040957898353,0.0006958942171238407,9.993040957898353e-09,NORMAL
3803,0.9993040957898353,0.0006958942171238407,9.993040957898353e-09,NORMAL
3804,0.9993040957898353,0.0006958942171238407,9.993040957898353e-09,NORMAL
3805,0.9993040957898353,0.0006958942171238407,9.993040957898353e-09,NORMAL
3806,0.9993040957898353,0.0006958942171238407,9.993040957898353e-09,NORMAL
3807,0.9993040957898353,0.0006958942171238407,9.993040957898353e-09,NORMAL
3808,0.9993040957898353,0.0006958942171238407,9.993040957898353e-09,NORMAL
3809,0.9993040957898353,0.0006958942171238407,9.993040957898353e-09,NORMAL
3810,0.9993040957898353,0.0006958942171238407,9.993040957898353e-09,NORMAL
3811,0.9993040957898353,0.0006958942171238407,9.993040957898353e-09,NORMAL
3812,0.9993040957898353,0.0006958942171238407,9.993040957898353e-09,NORMAL
3813,0.9993040957898353,0.0006958942171238407,9.993040957898353e-09,NORMAL
3814,0.9993040957898353,0.0006958942171238407,9.993040957898353e-09,NORMAL
3815,0.9993040957898353,0.0006958942171238407,9.993040957898353e-09,NORMAL
3816,0.9993040957898353,0.0006958942171238407,9.993040957898353e-09,NORMAL
3817,0.9993040957898353,0.0006958942171238407,9.993040957898353e-09,NORMAL
3818,0.9993040957898353,0.0006958942171238407,9.993040957898353e-09,NORMAL
3819,0.9993040957898353,0.0006958942171238407,9.993040957898353e-09,NORMAL
3820,0.8079845747945826,0.19201541636649072,8.838926796235951e-09,NORMAL
3821,0.2423953794383747,0.7576046109099476,9.651677898870789e-09,WARNING
3822,0.07271862083151227,0.9272813692729847,9.89550322966124e-09,WARNING
3823,0.021815593249453546,0.9781843967818957,9.968650828898375e-09,WARNING
3824,0.006544684974835925,0.9934553050345691,9.990595108669516e-09,WARNING
3825,0.9993040957898353,0.0006958942171238407,9.993040957898353e-09,NORMAL
3826,0.9993040957898353,0.0006958942171238407,9.993040957898353e-09,NORMAL
3827,0.9993040957898353,0.0006958942171238407,9.993040957898353e-09,NORMAL
3828,0.9993040957898353,0.0006958942171238407,9.993040957898353e-09,NORMAL
3829,0.31019194720204607,0.6898080429040491,9.893905033758626e-09,WARNING
3830,0.0930575911606137,0.9069423988712151,9.968171370127592e-09,WARNING
3831,0.027917284348183975,0.9720827056613649,9.990451271038281e-09,WARNING
3832,0.008375192304455053,0.9916247976984098,9.997135241311488e-09,WARNING
3833,0.0025125646913363763,0.9974874253095234,9.999140432393449e-09,WARNING
3834,9.999999800000003e-09,9.999999800000003e-09,0.9999999800000003,CRITICAL
3835,9.999999800000003e-09,9.999999800000003e-09,0.9999999800000003,CRITICAL
3836,9.999999800000003e-09,9.999999800000003e-09,0.9999999800000003,CRITICAL
3837,9.999999800000003e-09,9.999999800000003e-09,0.9999999800000003,CRITICAL
3838,9.999999800000003e-09,9.999999800000003e-09,0.9999999800000003,CRITICAL
3839,9.999999800000003e-09,9.999999800000003e-09,0.9999999800000003,CRITICAL
3840,9.999999800000003e-09,9.999999800000003e-09,0.9999999800000003,CRITICAL
3841,9.999999800000003e-09,9.999999800000003e-09,0.9999999800000003,CRITICAL
3842,9.999999800000003e-09,9.999999800000003e-09,0.9999999800000003,CRITICAL
3843,9.999999800000003e-09,9.999999800000003e-09,0.9999999800000003,CRITICAL
3844,9.999999800000003e-09,9.999999800000003e-09,0.9999999800000003,CRITICAL
3845,9.999999800000003e-09,9.999999800000003e-09,0.9999999800000003,CRITICAL
3846,9.999999800000003e-09,9.999999800000003e-09,0.9999999800000003,CRITICAL
3847,9.999999800000003e-09,9.999999800000003e-09,0.9999999800000003,CRITICAL
3848,9.999999800000003e-09,9.999999800000003e-09,0.9999999800000003,CRITICAL
3849,9.999999800000003e-09,9.999999800000003e-09,0.9999999800000003,CRITICAL
3850,9.999999800000003e-09,9.999999800000003e-09,0.9999999800000003,CRITICAL
3851,9.999999800000003e-09,9.999999800000003e-09,0.9999999800000003,CRITICAL
3852,0.9999999800000006,9.999999800000005e-09,9.999999800000005e-09,NORMAL
3853,0.9999999800000006,9.999999800000005e-09,9.999999800000005e-09,NORMAL
3854,0.9999999800000006,9.999999800000005e-09,9.999999800000005e-09,NORMAL
3855,0.9999999800000006,9.999999800000005e-09,9.999999800000005e-09,NORMAL
3856,0.9999999800000006,9.999999800000005e-09,9.999999800000005e-09,NORMAL
3857,0.9999999800000006,9.999999800000005e-09,9.999999800000005e-09,NORMAL
3858,0.9999999800000006,9.999999800000005e-09,9.999999800000005e-09,NORMAL
3859,0.9999999800000006,9.999999800000005e-09,9.999999800000005e-09,NORMAL
3860,0.9999999800000006,9.999999800000005e-09,9.999999800000005e-09,NORMAL
3861,0.9999999800000006,9.999999800000005e-09,9.999999800000005e-09,NORMAL
3862,0.9999999800000006,9.999999800000005e-09,9.999999800000005e-09,NORMAL
3863,0.9999999800000006,9.999999800000005e-09,9.999999800000005e-09,NORMAL
3864,0.9999999800000006,9.999999800000005e-09,9.999999800000005e-09,NORMAL
3865,0.9999999800000006,9.999999800000005e-09,9.999999800000005e-09,NORMAL
3866,0.9999999800000006,9.999999800000005e-09,9.999999800000005e-09,NORMAL
3867,0.9999999800000006,9.999999800000005e-09,9.999999800000005e-09,NORMAL
3868,0.9999999800000006,9.999999800000005e-09,9.999999800000005e-09,NORMAL
3869,0.9999999800000006,9.999999800000005e-09,9.999999800000005e-09,NORMAL
3870,4.6666662311111524e-08,0.9999999066666754,4.6666662311111524e-08,CRITICAL
3871,4.6666662311111524e-08,0.9999999066666754,4.6666662311111524e-08,CRITICAL
3872,4.6666662311111524e-08,0.9999999066666754,4.6666662311111524e-08,CRITICAL
3873,4.6666662311111524e-08,0.9999999066666754,4.6666662311111524e-08,CRITICAL
3874,4.6666662311111524e-08,0.9999999066666754,4.6666662311111524e-08,CRITICAL
3875,4.6666662311111524e-08,0.9999999066666754,4.6666662311111524e-08,CRITICAL
3876,3.488540844122549e-08,0.30145438772060795,0.6985455773939837,CRITICAL
3877,4.313228615014572e-08,0.7904362509828552,0.20956370588485876,CRITICAL
3878,2.74049362369628e-08,0.23813820470933564,0.7618617678857281,CRITICAL
3879,4.6666662311111524e-08,0.9999999066666754,4.6666662311111524e-08,CRITICAL
3880,4.6666662311111524e-08,0.9999999066666754,4.6666662311111524e-08,CRITICAL
3881,4.6666662311111524e-08,0.9999999066666754,4.6666662311111524e-08,CRITICAL
3882,4.6666662311111524e-08,0.9999999066666754,4.6666662311111524e-08,CRITICAL
3883,4.6666662311111524e-08,0.9999999066666754,4.6666662311111524e-08,CRITICAL
3884,4.6666662311111524e-08,0.9999999066666754,4.6666662311111524e-08,CRITICAL
3885,4.6666662311111524e-08,0.9999999066666754,4.6666662311111524e-08,CRITICAL
3886,3.876098978560098e-08,0.30172427500085697,0.6982756862381533,CRITICAL
3887,2.1208455099243565e-08,0.09118442443365288,0.908815554357892,CRITICAL
3888,9.999999800000003e-09,9.999999800000003e-09,0.9999999800000003,CRITICAL
3889,9.999999800000003e-09,9.999999800000003e-09,0.9999999800000003,CRITICAL
3890,9.999999800000003e-09,9.999999800000003e-09,0.9999999800000003,CRITICAL
3891,9.999999800000003e-09,9.999999800000003e-09,0.9999999800000003,CRITICAL
3892,9.999999800000003e-09,9.999999800000003e-09,0.9999999800000003,CRITICAL
3893,9.999999800000003e-09,9.999999800000003e-09,0.9999999800000003,CRITICAL
3894,9.999999800000003e-09,9.999999800000003e-09,0.9999999800000003,CRITICAL
3895,9.999999800000003e-09,9.999999800000003e-09,0.9999999800000003,CRITICAL
3896,9.999999800000003e-09,9.999999800000003e-09,0.9999999800000003,CRITICAL
3897,9.999999800000003e-09,9.999999800000003e-09,0.9999999800000003,CRITICAL
3898,9.999999800000003e-09,9.999999800000003e-09,0.9999999800000003,CRITICAL
3899,9.999999800000003e-09,9.999999800000003e-09,0.9999999800000003,CRITICAL
3900,9.999999800000003e-09,9.999999800000003e-09,0.9999999800000003,CRITICAL
3901,9.999999800000003e-09,9.999999800000003e-09,0.9999999800000003,CRITICAL
3902,9.999999800000003e-09,9.999999800000003e-09,0.9999999800000003,CRITICAL
3903,9.999999800000003e-09,9.999999800000003e-09,0.9999999800000003,CRITICAL
3904,9.999999800000003e-09,9.999999800000003e-09,0.9999999800000003,CRITICAL
3905,9.999999800000003e-09,9.999999800000003e-09,0.9999999800000003,CRITICAL
3906,9.999999800000003e-09,9.999999800000003e-09,0.9999999800000003,CRITICAL
3907,9.999999800000003e-09,9.999999800000003e-09,0.9999999800000003,CRITICAL
3908,9.999999800000003e-09,9.999999800000003e-09,0.9999999800000003,CRITICAL
3909,9.999999800000003e-09,9.999999800000003e-09,0.9999999800000003,CRITICAL
3910,9.999999800000003e-09,9.999999800000003e-09,0.9999999800000003,CRITICAL
3911,9.999999800000003e-09,9.999999800000003e-09,0.9999999800000003,CRITICAL
3912,9.999999800000003e-09,9.999999800000003e-09,0.9999999800000003,CRITICAL
3913,9.999999800000003e-09,9.999999800000003e-09,0.9999999800000003,CRITICAL
3914,9.999999800000003e-09,9.999999800000003e-09,0.9999999800000003,CRITICAL
3915,9.999999800000003e-09,9.999999800000003e-09,0.9999999800000003,CRITICAL
3916,9.999999800000003e-09,9.999999800000003e-09,0.9999999800000003,CRITICAL
3917,9.999999800000003e-09,9.999999800000003e-09,0.9999999800000003,CRITICAL
3918,9.999999800000003e-09,9.999999800000003e-09,0.9999999800000003,CRITICAL
3919,9.999999800000003e-09,9.999999800000003e-09,0.9999999800000003,CRITICAL
3920,9.999999800000003e-09,9.999999800000003e-09,0.9999999800000003,CRITICAL
3921,9.999999800000003e-09,9.999999800000003e-09,0.9999999800000003,CRITICAL
3922,9.999999800000003e-09,9.999999800000003e-09,0.9999999800000003,CRITICAL
3923,9.999999800000003e-09,9.999999800000003e-09,0.9999999800000003,CRITICAL
3924,9.999999800000003e-09,9.999999800000003e-09,0.9999999800000003,CRITICAL
3925,9.999999800000003e-09,9.999999800000003e-09,0.9999999800000003,CRITICAL
3926,9.999999800000003e-09,9.999999800000003e-09,0.9999999800000003,CRITICAL
3927,9.999999800000003e-09,9.999999800000003e-09,0.9999999800000003,CRITICAL
3928,9.999999800000003e-09,9.999999800000003e-09,0.9999999800000003,CRITICAL
3929,9.999999800000003e-09,9.999999800000003e-09,0.9999999800000003,CRITICAL
3930,9.999999800000003e-09,9.999999800000003e-09,0.9999999800000003,CRITICAL
3931,9.999999800000003e-09,9.999999800000003e-09,0.9999999800000003,CRITICAL
3932,9.999999800000003e-09,9.999999800000003e-09,0.9999999800000003,CRITICAL
3933,9.999999800000003e-09,9.999999800000003e-09,0.9999999800000003,CRITICAL
3934,9.999999800000003e-09,9.999999800000003e-09,0.9999999800000003,CRITICAL
3935,9.999999800000003e-09,9.999999800000003e-09,0.9999999800000003,CRITICAL
3936,9.999999800000003e-09,9.999999800000003e-09,0.9999999800000003,CRITICAL
3937,9.999999800000003e-09,9.999999800000003e-09,0.9999999800000003,CRITICAL
3938,9.999999800000003e-09,9.999999800000003e-09,0.9999999800000003,CRITICAL
3939,9.999999800000003e-09,9.999999800000003e-09,0.9999999800000003,CRITICAL
3940,9.999999800000003e-09,9.999999800000003e-09,0.9999999800000003,CRITICAL
3941,9.999999800000003e-09,9.999999800000003e-09,0.9999999800000003,CRITICAL
3942,0.9999999800000006,9.999999800000005e-09,9.999999800000005e-09,NORMAL
3943,0.9999999800000006,9.999999800000005e-09,9.999999800000005e-09,NORMAL
3944,0.9999999800000006,9.999999800000005e-09,9.999999800000005e-09,NORMAL
3945,0.9999999800000006,9.999999800000005e-09,9.999999800000005e-09,NORMAL
3946,0.9999999800000006,9.999999800000005e-09,9.999999800000005e-09,NORMAL
3947,0.9999999800000006,9.999999800000005e-09,9.999999800000005e-09,NORMAL
3948,0.9999999800000006,9.999999800000005e-09,9.999999800000005e-09,NORMAL
3949,0.9999999800000006,9.999999800000005e-09,9.999999800000005e-09,NORMAL
3950,0.9999999800000006,9.999999800000005e-09,9.999999800000005e-09,NORMAL
3951,0.9999999800000006,9.999999800000005e-09,9.999999800000005e-09,NORMAL
3952,0.9999999800000006,9.999999800000005e-09,9.999999800000005e-09,NORMAL
3953,0.9999999800000006,9.999999800000005e-09,9.999999800000005e-09,NORMAL
3954,0.9999999800000006,9.999999800000005e-09,9.999999800000005e-09,NORMAL
3955,0.9999999800000006,9.999999800000005e-09,9.999999800000005e-09,NORMAL
3956,0.9999999800000006,9.999999800000005e-09,9.999999800000005e-09,NORMAL
3957,0.9999999800000006,9.999999800000005e-09,9.999999800000005e-09,NORMAL
3958,0.9999999800000006,9.999999800000005e-09,9.999999800000005e-09,NORMAL
3959,0.9999999800000006,9.999999800000005e-09,9.999999800000005e-09,NORMAL
3960,9.993040957898353e-09,0.0006958942171238407,0.9993040957898353,CRITICAL
3961,9.993040957898353e-09,0.0006958942171238407,0.9993040957898353,CRITICAL
3962,9.993040957898353e-09,0.0006958942171238407,0.9993040957898353,CRITICAL
3963,9.993040957898353e-09,0.0006958942171238407,0.9993040957898353,CRITICAL
3964,9.993040957898353e-09,0.0006958942171238407,0.9993040957898353,CRITICAL
3965,9.993040957898353e-09,0.0006958942171238407,0.9993040957898353,CRITICAL
3966,9.993040957898353e-09,0.0006958942171238407,0.9993040957898353,CRITICAL
3967,9.993040957898353e-09,0.0006958942171238407,0.9993040957898353,CRITICAL
3968,9.993040957898353e-09,0.0006958942171238407,0.9993040957898353,CRITICAL
3969,9.993040957898353e-09,0.0006958942171238407,0.9993040957898353,CRITICAL
3970,9.993040957898353e-09,0.0006958942171238407,0.9993040957898353,CRITICAL
3971,9.993040957898353e-09,0.0006958942171238407,0.9993040957898353,CRITICAL
3972,9.993040957898353e-09,0.0006958942171238407,0.9993040957898353,CRITICAL
3973,9.993040957898353e-09,0.0006958942171238407,0.9993040957898353,CRITICAL
3974,9.993040957898353e-09,0.0006958942171238407,0.9993040957898353,CRITICAL
3975,9.993040957898353e-09,0.0006958942171238407,0.9993040957898353,CRITICAL
3976,9.993040957898353e-09,0.0006958942171238407,0.9993040957898353,CRITICAL
3977,9.993040957898353e-09,0.0006958942171238407,0.9993040957898353,CRITICAL
3978,9.999999800000003e-09,9.999999800000003e-09,0.9999999800000003,CRITICAL
3979,9.999999800000003e-09,9.999999800000003e-09,0.9999999800000003,CRITICAL
3980,9.999999800000003e-09,9.999999800000003e-09,0.9999999800000003,CRITICAL
3981,9.999999800000003e-09,9.999999800000003e-09,0.9999999800000003,CRITICAL
3982,9.999999800000003e-09,9.999999800000003e-09,0.9999999800000003,CRITICAL
3983,9.999999800000003e-09,9.999999800000003e-09,0.9999999800000003,CRITICAL
3984,9.999999800000003e-09,9.999999800000003e-09,0.9999999800000003,CRITICAL
3985,9.999999800000003e-09,9.999999800000003e-09,0.9999999800000003,CRITICAL
3986,9.999999800000003e-09,9.999999800000003e-09,0.9999999800000003,CRITICAL
3987,9.999999800000003e-09,9.999999800000003e-09,0.9999999800000003,CRITICAL
3988,9.999999800000003e-09,9.999999800000003e-09,0.9999999800000003,CRITICAL
3989,9.999999800000003e-09,9.999999800000003e-09,0.9999999800000003,CRITICAL
3990,9.999999800000003e-09,9.999999800000003e-09,0.9999999800000003,CRITICAL
3991,9.999999800000003e-09,9.999999800000003e-09,0.9999999800000003,CRITICAL
3992,9.999999800000003e-09,9.999999800000003e-09,0.9999999800000003,CRITICAL
3993,9.999999800000003e-09,9.999999800000003e-09,0.9999999800000003,CRITICAL
3994,9.999999800000003e-09,9.999999800000003e-09,0.9999999800000003,CRITICAL
3995,9.999999800000003e-09,9.999999800000003e-09,0.9999999800000003,CRITICAL
3996,9.999999800000005e-09,0.9999999800000006,9.999999800000005e-09,CRITICAL
3997,4.983761579043011e-08,0.3032616664129828,0.6967382837494014,CRITICAL
3998,2.194641340765788e-08,0.09146562587588154,0.9085343521777051,CRITICAL
3999,1.3579052692826212e-08,0.027926813714751156,0.9720731727061962,CRITICAL
4000,1.1068844478376711e-08,0.008865170066412038,0.9911348188647435,CRITICAL
4001,1.0315782014041862e-08,0.0031466769719103002,0.9968533127123077,CRITICAL
4002,1.0089863274741406e-08,0.0014311290435597786,0.998568860866577,CRITICAL
4003,1.0022087652951269e-08,0.0009164646650546221,0.9990835253128578,CRITICAL
4004,1.0001754966414228e-08,0.0007620653515030752,0.999237924646742,CRITICAL
4005,9.999999800000005e-09,0.9999999800000006,9.999999800000005e-09,CRITICAL
4006,3.816918039672382e-08,0.3024491012741453,0.6975508605566743,CRITICAL
4007,1.8445882789545996e-08,0.0912218563342303,0.908778125219887,CRITICAL
4008,1.2528893507392647e-08,0.027853682852255784,0.9721463046188508,CRITICAL
4009,1.0753796722746641e-08,0.008843230807663426,0.9911567584385399,CRITICAL
4010,1.022126768735284e-08,0.0031400951942857167,0.9968598945844467,CRITICAL
4011,1.00615089767347e-08,0.0014291545102724035,0.9985708354282187,CRITICAL
4012,1.0013581363549257e-08,0.0009158723050684096,0.9990841176813503,CRITICAL
4013,9.999203079593626e-09,0.0007618876435072114,0.9992381023572898,CRITICAL
4014,2.263297310569467e-08,0.37721621842824443,0.6227837589387824,CRITICAL
4015,1.3789891791708406e-08,0.8131648515284737,0.1868351346816346,CRITICAL
4016,1.1136967397512524e-08,0.9439494414585425,0.056050547404490246,WARNING
4017,1.0341090079253761e-08,0.9831848184375631,0.016815171221346938,WARNING
4018,1.0102326883776133e-08,0.9949554315312693,0.005044558366403942,WARNING
4019,1.0030697925132843e-08,0.9984866154593812,0.0015133745099210427,WARNING
4020,1.0009209237539856e-08,0.9995459706378147,0.00045401935297617287,WARNING
4021,1.000276263126196e-08,0.9998637771913448,0.0001362128058927119,WARNING
4022,1.0000828649378591e-08,0.9999591191574038,4.087084176767357e-05,WARNING
4023,3.254461053224785e-08,3.254461053224785e-08,0.999999934910779,CRITICAL
4024,1.6763383019674357e-08,0.6999999957633836,0.2999999874732336,CRITICAL
4025,1.2029014765902311e-08,0.9099999847290154,0.09000000324196995,CRITICAL
4026,1.0608704289770697e-08,0.972999981418705,0.02700000797259085,WARNING
4027,1.0182611146931213e-08,0.9918999804256119,0.008100009391777116,WARNING
4028,1.0054783204079367e-08,0.9975699801276839,0.002430009817532995,WARNING
4029,1.0016434821223813e-08,0.9992709800383055,0.0007290099452597587,WARNING
4030,1.0004930306367147e-08,0.999781280011492,0.00021870998357778764,WARNING
4031,1.0001478951910148e-08,0.999934370003448,6.561999507319631e-05,WARNING
4032,0.9999999800000006,9.999999800000005e-09,9.999999800000005e-09,NORMAL
4033,0.9999999800000006,9.999999800000005e-09,9.999999800000005e-09,NORMAL
4034,0.9999999800000006,9.999999800000005e-09,9.999999800000005e-09,NORMAL
4035,0.9999999800000006,9.999999800000005e-09,9.999999800000005e-09,NORMAL
4036,0.9999999800000006,9.999999800000005e-09,9.999999800000005e-09,NORMAL
4037,0.9999999800000006,9.999999800000005e-09,9.999999800000005e-09,NORMAL
4038,0.9999999800000006,9.999999800000005e-09,9.999999800000005e-09,NORMAL
4039,0.30000000100000007,0.6999999890000003,9.999999800000005e-09,WARNING
4040,0.09000000729999989,0.9099999827000005,9.999999800000005e-09,WARNING
4041,0.9999999800000006,9.999999800000005e-09,9.999999800000005e-09,NORMAL
4042,0.9999999800000006,9.999999800000005e-09,9.999999800000005e-09,NORMAL
4043,0.9999999800000006,9.999999800000005e-09,9.999999800000005e-09,NORMAL
4044,0.9999999800000006,9.999999800000005e-09,9.999999800000005e-09,NORMAL
4045,0.9999999800000006,9.999999800000005e-09,9.999999800000005e-09,NORMAL
4046,0.9999999800000006,9.999999800000005e-09,9.999999800000005e-09,NORMAL
4047,0.9999999800000006,9.999999800000005e-09,9.999999800000005e-09,NORMAL
4048,0.30000000100000007,0.6999999890000003,9.999999800000005e-09,WARNING
4049,0.09000000729999989,0.9099999827000005,9.999999800000005e-09,WARNING
4050,9.999999800000003e-09,9.999999800000003e-09,0.9999999800000003,CRITICAL
4051,9.999999800000003e-09,9.999999800000003e-09,0.9999999800000003,CRITICAL
4052,9.999999800000003e-09,9.999999800000003e-09,0.9999999800000003,CRITICAL
4053,9.999999800000003e-09,9.999999800000003e-09,0.9999999800000003,CRITICAL
4054,9.999999800000003e-09,9.999999800000003e-09,0.9999999800000003,CRITICAL
4055,9.999999800000003e-09,9.999999800000003e-09,0.9999999800000003,CRITICAL
4056,9.999999800000003e-09,9.999999800000003e-09,0.9999999800000003,CRITICAL
4057,9.999999800000003e-09,9.999999800000003e-09,0.9999999800000003,CRITICAL
4058,9.999999800000003e-09,9.999999800000003e-09,0.9999999800000003,CRITICAL
4059,9.999999800000003e-09,9.999999800000003e-09,0.9999999800000003,CRITICAL
4060,9.999999800000003e-09,9.999999800000003e-09,0.9999999800000003,CRITICAL
4061,9.999999800000003e-09,9.999999800000003e-09,0.9999999800000003,CRITICAL
4062,9.999999800000003e-09,9.999999800000003e-09,0.9999999800000003,CRITICAL
4063,9.999999800000003e-09,9.999999800000003e-09,0.9999999800000003,CRITICAL
4064,9.999999800000003e-09,9.999999800000003e-09,0.9999999800000003,CRITICAL
4065,9.999999800000003e-09,9.999999800000003e-09,0.9999999800000003,CRITICAL
4066,9.999999800000003e-09,9.999999800000003e-09,0.9999999800000003,CRITICAL
4067,9.999999800000003e-09,9.999999800000003e-09,0.9999999800000003,CRITICAL
4068,4.101522297824432e-08,0.9999999179695541,4.101522297824432e-08,CRITICAL
4069,1.9299695564002145e-08,0.30048710134285295,0.6995128793574515,CRITICAL
4070,1.2785037339729492e-08,0.09063325635484258,0.9093667308601201,CRITICAL
4071,1.0830639872447695e-08,0.027677102858439467,0.9723228863109207,CRITICAL
4072,1.0322545289456642e-08,0.008795704209044538,0.9912042854684102,CRITICAL
4073,1.0170116914559327e-08,0.0031312846142260596,0.9968687052156571,CRITICAL
4074,1.0124388402090133e-08,0.0014319587357805152,0.9985680311398311,CRITICAL
4075,1.0110669848349374e-08,0.0009221609722468518,0.9990778289170833,CRITICAL
4076,1.0106554282227147e-08,0.0007692216431867528,0.999230768250259,CRITICAL
4077,4.6666662311111524e-08,0.9999999066666754,4.6666662311111524e-08,CRITICAL
4078,2.0995127363862307e-08,0.30048709795198936,0.6995128810528833,CRITICAL
4079,1.329366687968754e-08,0.09063325533758351,0.9093667313687497,CRITICAL
4080,1.098322873443511e-08,0.027677102553261747,0.9723228864635096,CRITICAL
4081,1.0469331547299449e-08,0.008802738212146277,0.9911972513185221,CRITICAL
4082,1.021415279191217e-08,0.0031333948151565805,0.9968665949706906,CRITICAL
4083,1.0137599165295984e-08,0.0014325917960596715,0.9985673980663412,CRITICAL
4084,1.011463307731113e-08,0.0009223508903305988,0.9990776389950364,CRITICAL
4085,1.0107743250915673e-08,0.000769278618611877,0.9992307112736449,CRITICAL
4086,9.999999800000003e-09,9.999999800000003e-09,0.9999999800000003,CRITICAL
4087,0.3500000012499999,6.499999922500001e-09,0.6499999922500002,CRITICAL
4088,0.10500000737499984,8.949999836750002e-09,0.8949999836750003,CRITICAL
4089,0.03150000921249981,9.684999811025003e-09,0.9684999811025004,CRITICAL
4090,0.009450009763749804,9.905499803307504e-09,0.9905499803307504,CRITICAL
4091,0.0028350099291248017,9.971649800992254e-09,0.9971649800992254,CRITICAL
4092,0.35085050122873745,6.4914949227976765e-09,0.6491494922797676,CRITICAL
4093,0.10525515736862111,8.947448336839305e-09,0.8947448336839305,CRITICAL
4094,0.031576554210586194,9.684234361051795e-09,0.9684234361051794,CRITICAL
4095,9.999999800000003e-09,9.999999800000003e-09,0.9999999800000003,CRITICAL
4096,9.999999800000003e-09,9.999999800000003e-09,0.9999999800000003,CRITICAL
4097,0.3500000012499999,6.499999922500001e-09,0.6499999922500002,CRITICAL
4098,0.8049999863750004,8.949999836750004e-09,0.19500000467499992,CRITICAL
4099,0.9414999819125005,9.684999811025004e-09,0.058500008402499845,CRITICAL
4100,0.28245000157375005,9.905499803307504e-09,0.7175499885207502,CRITICAL
4101,0.434734998722125,6.471649923492251e-09,0.5652649948062252,CRITICAL
4102,0.13042050661663737,8.941494837047679e-09,0.8695794844418678,CRITICAL
4103,0.3891261502349912,6.182448433614304e-09,0.6108738435825604,CRITICAL
4104,0.9993040957898353,0.0006958942171238407,9.993040957898353e-09,NORMAL
4105,0.9993040957898353,0.0006958942171238407,9.993040957898353e-09,NORMAL
4106,0.9993040957898353,0.0006958942171238407,9.993040957898353e-09,NORMAL
4107,0.9993040957898353,0.0006958942171238407,9.993040957898353e-09,NORMAL
4108,0.9993040957898353,0.0006958942171238407,9.993040957898353e-09,NORMAL
4109,0.9993040957898353,0.0006958942171238407,9.993040957898353e-09,NORMAL
4110,0.9993040957898353,0.0006958942171238407,9.993040957898353e-09,NORMAL
4111,0.9993040957898353,0.0006958942171238407,9.993040957898353e-09,NORMAL
4112,0.9993040957898353,0.0006958942171238407,9.993040957898353e-09,NORMAL
4113,0.9993040957898353,0.0006958942171238407,9.993040957898353e-09,NORMAL
4114,0.9993040957898353,0.0006958942171238407,9.993040957898353e-09,NORMAL
4115,0.9993040957898353,0.0006958942171238407,9.993040957898353e-09,NORMAL
4116,0.9993040957898353,0.0006958942171238407,9.993040957898353e-09,NORMAL
4117,0.9993040957898353,0.0006958942171238407,9.993040957898353e-09,NORMAL
4118,0.9993040957898353,0.0006958942171238407,9.993040957898353e-09,NORMAL
4119,0.9993040957898353,0.0006958942171238407,9.993040957898353e-09,NORMAL
4120,0.9993040957898353,0.0006958942171238407,9.993040957898353e-09,NORMAL
4121,0.9993040957898353,0.0006958942171238407,9.993040957898353e-09,NORMAL
4122,9.993040957898353e-09,0.0006958942171238407,0.9993040957898353,CRITICAL
4123,9.993040957898353e-09,0.0006958942171238407,0.9993040957898353,CRITICAL
4124,9.993040957898353e-09,0.0006958942171238407,0.9993040957898353,CRITICAL
4125,9.993040957898353e-09,0.0006958942171238407,0.9993040957898353,CRITICAL
4126,9.993040957898353e-09,0.0006958942171238407,0.9993040957898353,CRITICAL
4127,9.993040957898353e-09,0.0006958942171238407,0.9993040957898353,CRITICAL
4128,1.0172275214338422e-08,0.0007083757113049041,0.9992916141164199,CRITICAL
4129,1.0226045491270442e-08,0.0007121201595592232,0.9992878696143952,CRITICAL
4130,1.0242176574350049e-08,0.0007132434940355188,0.9992867462637878,CRITICAL
4131,9.993040957898353e-09,0.0006958942171238407,0.9993040957898353,CRITICAL
4132,9.993040957898353e-09,0.0006958942171238407,0.9993040957898353,CRITICAL
4133,9.993040957898353e-09,0.0006958942171238407,0.9993040957898353,CRITICAL
4134,9.993040957898353e-09,0.0006958942171238407,0.9993040957898353,CRITICAL
4135,9.993040957898353e-09,0.0006958942171238407,0.9993040957898353,CRITICAL
4136,9.993040957898353e-09,0.0006958942171238407,0.9993040957898353,CRITICAL
4137,1.0172275214338422e-08,0.0007083757113049041,0.9992916141164199,CRITICAL
4138,1.0226045491270442e-08,0.0007121201595592232,0.9992878696143952,CRITICAL
4139,1.0242176574350049e-08,0.0007132434940355188,0.9992867462637878,CRITICAL
4140,9.993040957898353e-09,0.0006958942171238407,0.9993040957898353,CRITICAL
4141,9.993040957898353e-09,0.0006958942171238407,0.9993040957898353,CRITICAL
4142,9.993040957898353e-09,0.0006958942171238407,0.9993040957898353,CRITICAL
4143,9.993040957898353e-09,0.0006958942171238407,0.9993040957898353,CRITICAL
4144,9.993040957898353e-09,0.0006958942171238407,0.9993040957898353,CRITICAL
4145,9.993040957898353e-09,0.0006958942171238407,0.9993040957898353,CRITICAL
4146,1.0172275214338422e-08,0.0007083757113049041,0.9992916141164199,CRITICAL
4147,1.0237030003313956e-08,0.0007128850977238131,0.9992871046652463,CRITICAL
4148,1.0266484728271695e-08,0.0007149362624144634,0.9992850534711009,CRITICAL
4149,9.993040957898353e-09,0.0006958942171238407,0.9993040957898353,CRITICAL
4150,1.0172275214338422e-08,0.0007083757113049041,0.9992916141164199,CRITICAL
4151,1.0226045491270442e-08,0.0007121201595592232,0.9992878696143952,CRITICAL
4152,1.0062942317909981e-08,0.0007007619998544555,0.9992992279372033,CRITICAL
4153,1.0092236023095329e-08,0.000702801951469034,0.999297187956295,CRITICAL
4154,1.0022799477457446e-08,0.0006979665374273987,0.9993020234397731,CRITICAL
4155,1.0001968513766081e-08,0.0006965159132149081,0.9993034740848166,CRITICAL
4156,9.995719224658671e-09,0.0006960807259511609,0.9993039092783296,CRITICAL
4157,1.0173078694366518e-08,0.0007084316639531001,0.9992915581629682,CRITICAL
4158,9.993040957898353e-09,0.0006958942171238407,0.9993040957898353,CRITICAL
4159,9.993040957898353e-09,0.0006958942171238407,0.9993040957898353,CRITICAL
4160,9.993040957898353e-09,0.0006958942171238407,0.9993040957898353,CRITICAL
4161,9.993040957898353e-09,0.0006958942171238407,0.9993040957898353,CRITICAL
4162,9.993040957898353e-09,0.0006958942171238407,0.9993040957898353,CRITICAL
4163,9.993040957898353e-09,0.0006958942171238407,0.9993040957898353,CRITICAL
4164,9.993040957898353e-09,0.0006958942171238407,0.9993040957898353,CRITICAL
4165,9.993040957898353e-09,0.0006958942171238407,0.9993040957898353,CRITICAL
4166,9.993040957898353e-09,0.0006958942171238407,0.9993040957898353,CRITICAL
4167,9.993040957898353e-09,0.0006958942171238407,0.9993040957898353,CRITICAL
4168,9.993040957898353e-09,0.0006958942171238407,0.9993040957898353,CRITICAL
4169,9.993040957898353e-09,0.0006958942171238407,0.9993040957898353,CRITICAL
4170,9.993040957898353e-09,0.0006958942171238407,0.9993040957898353,CRITICAL
4171,9.993040957898353e-09,0.0006958942171238407,0.9993040957898353,CRITICAL
4172,9.993040957898353e-09,0.0006958942171238407,0.9993040957898353,CRITICAL
4173,9.993040957898353e-09,0.0006958942171238407,0.9993040957898353,CRITICAL
4174,9.993040957898353e-09,0.0006958942171238407,0.9993040957898353,CRITICAL
4175,9.993040957898353e-09,0.0006958942171238407,0.9993040957898353,CRITICAL
4176,9.993040957898353e-09,0.0006958942171238407,0.9993040957898353,CRITICAL
4177,9.993040957898353e-09,0.0006958942171238407,0.9993040957898353,CRITICAL
4178,9.993040957898353e-09,0.0006958942171238407,0.9993040957898353,CRITICAL
4179,9.993040957898353e-09,0.0006958942171238407,0.9993040957898353,CRITICAL
4180,9.993040957898353e-09,0.0006958942171238407,0.9993040957898353,CRITICAL
4181,9.993040957898353e-09,0.0006958942171238407,0.9993040957898353,CRITICAL
4182,9.993040957898353e-09,0.0006958942171238407,0.9993040957898353,CRITICAL
4183,9.993040957898353e-09,0.0006958942171238407,0.9993040957898353,CRITICAL
4184,9.993040957898353e-09,0.0006958942171238407,0.9993040957898353,CRITICAL
4185,9.993040957898353e-09,0.0006958942171238407,0.9993040957898353,CRITICAL
4186,9.993040957898353e-09,0.0006958942171238407,0.9993040957898353,CRITICAL
4187,9.993040957898353e-09,0.0006958942171238407,0.9993040957898353,CRITICAL
4188,9.993040957898353e-09,0.0006958942171238407,0.9993040957898353,CRITICAL
4189,9.993040957898353e-09,0.0006958942171238407,0.9993040957898353,CRITICAL
4190,9.993040957898353e-09,0.0006958942171238407,0.9993040957898353,CRITICAL
4191,9.993040957898353e-09,0.0006958942171238407,0.9993040957898353,CRITICAL
4192,9.993040957898353e-09,0.0006958942171238407,0.9993040957898353,CRITICAL
4193,9.993040957898353e-09,0.0006958942171238407,0.9993040957898353,CRITICAL
4194,0.9999999800000006,9.999999800000005e-09,9.999999800000005e-09,NORMAL
4195,0.9999999800000006,9.999999800000005e-09,9.999999800000005e-09,NORMAL
4196,0.9999999800000006,9.999999800000005e-09,9.999999800000005e-09,NORMAL
4197,0.9999999800000006,9.999999800000005e-09,9.999999800000005e-09,NORMAL
4198,0.9999999800000006,9.999999800000005e-09,9.999999800000005e-09,NORMAL
4199,0.9999999800000006,9.999999800000005e-09,9.999999800000005e-09,NORMAL
4200,0.9999999800000006,9.999999800000005e-09,9.999999800000005e-09,NORMAL
4201,0.9999999800000006,9.999999800000005e-09,9.999999800000005e-09,NORMAL
4202,0.9999999800000006,9.999999800000005e-09,9.999999800000005e-09,NORMAL
4203,0.9999999800000006,9.999999800000005e-09,9.999999800000005e-09,NORMAL
4204,0.9999999800000006,9.999999800000005e-09,9.999999800000005e-09,NORMAL
4205,0.9999999800000006,9.999999800000005e-09,9.999999800000005e-09,NORMAL
4206,0.9999999800000006,9.999999800000005e-09,9.999999800000005e-09,NORMAL
4207,0.9999999800000006,9.999999800000005e-09,9.999999800000005e-09,NORMAL
4208,0.9999999800000006,9.999999800000005e-09,9.999999800000005e-09,NORMAL
4209,0.9999999800000006,9.999999800000005e-09,9.999999800000005e-09,NORMAL
4210,0.9999999800000006,9.999999800000005e-09,9.999999800000005e-09,NORMAL
4211,0.9999999800000006,9.999999800000005e-09,9.999999800000005e-09,NORMAL
4212,0.9993040957898353,0.0006958942171238407,9.993040957898353e-09,NORMAL
4213,0.9993040957898353,0.0006958942171238407,9.993040957898353e-09,NORMAL
4214,0.9993040957898353,0.0006958942171238407,9.993040957898353e-09,NORMAL
4215,0.9993040957898353,0.0006958942171238407,9.993040957898353e-09,NORMAL
4216,0.9993040957898353,0.0006958942171238407,9.993040957898353e-09,NORMAL
4217,0.9993040957898353,0.0006958942171238407,9.993040957898353e-09,NORMAL
4218,0.9993040957898353,0.0006958942171238407,9.993040957898353e-09,NORMAL
4219,0.9993040957898353,0.0006958942171238407,9.993040957898353e-09,NORMAL
4220,0.9993040957898353,0.0006958942171238407,9.993040957898353e-09,NORMAL
4221,0.9993040957898353,0.0006958942171238407,9.993040957898353e-09,NORMAL
4222,0.9993040957898353,0.0006958942171238407,9.993040957898353e-09,NORMAL
4223,0.9993040957898353,0.0006958942171238407,9.993040957898353e-09,NORMAL
4224,0.9993040957898353,0.0006958942171238407,9.993040957898353e-09,NORMAL
4225,0.9993040957898353,0.0006958942171238407,9.993040957898353e-09,NORMAL
4226,0.9993040957898353,0.0006958942171238407,9.993040957898353e-09,NORMAL
4227,0.9993040957898353,0.0006958942171238407,9.993040957898353e-09,NORMAL
4228,0.9993040957898353,0.0006958942171238407,9.993040957898353e-09,NORMAL
4229,0.9993040957898353,0.0006958942171238407,9.993040957898353e-09,NORMAL
4230,0.9999999800000006,9.999999800000005e-09,9.999999800000005e-09,NORMAL
4231,0.9999999800000006,9.999999800000005e-09,9.999999800000005e-09,NORMAL
4232,0.9999999800000006,9.999999800000005e-09,9.999999800000005e-09,NORMAL
4233,0.9999999800000006,9.999999800000005e-09,9.999999800000005e-09,NORMAL
4234,0.9999999800000006,9.999999800000005e-09,9.999999800000005e-09,NORMAL
4235,0.9999999800000006,9.999999800000005e-09,9.999999800000005e-09,NORMAL
4236,0.9999999800000006,9.999999800000005e-09,9.999999800000005e-09,NORMAL
4237,0.9999999800000006,9.999999800000005e-09,9.999999800000005e-09,NORMAL
4238,0.9999999800000006,9.999999800000005e-09,9.999999800000005e-09,NORMAL
4239,0.9999999800000006,9.999999800000005e-09,9.999999800000005e-09,NORMAL
4240,0.9999999800000006,9.999999800000005e-09,9.999999800000005e-09,NORMAL
4241,0.9999999800000006,9.999999800000005e-09,9.999999800000005e-09,NORMAL
4242,0.9999999800000006,9.999999800000005e-09,9.999999800000005e-09,NORMAL
4243,0.9999999800000006,9.999999800000005e-09,9.999999800000005e-09,NORMAL
4244,0.9999999800000006,9.999999800000005e-09,9.999999800000005e-09,NORMAL
4245,0.9999999800000006,9.999999800000005e-09,9.999999800000005e-09,NORMAL
4246,0.9999999800000006,9.999999800000005e-09,9.999999800000005e-09,NORMAL
4247,0.9999999800000006,9.999999800000005e-09,9.999999800000005e-09,NORMAL
4248,9.999999800000003e-09,9.999999800000003e-09,0.9999999800000003,CRITICAL
4249,9.999999800000003e-09,9.999999800000003e-09,0.9999999800000003,CRITICAL
4250,9.999999800000003e-09,9.999999800000003e-09,0.9999999800000003,CRITICAL
4251,9.999999800000003e-09,9.999999800000003e-09,0.9999999800000003,CRITICAL
4252,9.999999800000003e-09,9.999999800000003e-09,0.9999999800000003,CRITICAL
4253,9.999999800000003e-09,9.999999800000003e-09,0.9999999800000003,CRITICAL
4254,9.999999800000003e-09,9.999999800000003e-09,0.9999999800000003,CRITICAL
4255,9.999999800000003e-09,9.999999800000003e-09,0.9999999800000003,CRITICAL
4256,9.999999800000003e-09,9.999999800000003e-09,0.9999999800000003,CRITICAL
4257,9.999999800000003e-09,9.999999800000003e-09,0.9999999800000003,CRITICAL
4258,9.999999800000003e-09,9.999999800000003e-09,0.9999999800000003,CRITICAL
4259,9.999999800000003e-09,9.999999800000003e-09,0.9999999800000003,CRITICAL
4260,9.999999800000003e-09,9.999999800000003e-09,0.9999999800000003,CRITICAL
4261,9.999999800000003e-09,9.999999800000003e-09,0.9999999800000003,CRITICAL
4262,9.999999800000003e-09,9.999999800000003e-09,0.9999999800000003,CRITICAL
4263,9.999999800000003e-09,9.999999800000003e-09,0.9999999800000003,CRITICAL
4264,9.999999800000003e-09,9.999999800000003e-09,0.9999999800000003,CRITICAL
4265,9.999999800000003e-09,9.999999800000003e-09,0.9999999800000003,CRITICAL
4266,9.999999800000003e-09,9.999999800000003e-09,0.9999999800000003,CRITICAL
4267,9.999999800000003e-09,9.999999800000003e-09,0.9999999800000003,CRITICAL
4268,9.999999800000003e-09,9.999999800000003e-09,0.9999999800000003,CRITICAL
4269,9.999999800000003e-09,9.999999800000003e-09,0.9999999800000003,CRITICAL
4270,9.999999800000003e-09,9.999999800000003e-09,0.9999999800000003,CRITICAL
4271,9.999999800000003e-09,9.999999800000003e-09,0.9999999800000003,CRITICAL
4272,9.999999800000003e-09,9.999999800000003e-09,0.9999999800000003,CRITICAL
4273,9.999999800000003e-09,9.999999800000003e-09,0.9999999800000003,CRITICAL
4274,9.999999800000003e-09,9.999999800000003e-09,0.9999999800000003,CRITICAL
4275,9.999999800000003e-09,9.999999800000003e-09,0.9999999800000003,CRITICAL
4276,9.999999800000003e-09,9.999999800000003e-09,0.9999999800000003,CRITICAL
4277,9.999999800000003e-09,9.999999800000003e-09,0.9999999800000003,CRITICAL
4278,9.999999800000003e-09,9.999999800000003e-09,0.9999999800000003,CRITICAL
4279,9.999999800000003e-09,9.999999800000003e-09,0.9999999800000003,CRITICAL
4280,9.999999800000003e-09,9.999999800000003e-09,0.9999999800000003,CRITICAL
4281,9.999999800000003e-09,9.999999800000003e-09,0.9999999800000003,CRITICAL
4282,9.999999800000003e-09,9.999999800000003e-09,0.9999999800000003,CRITICAL
4283,9.999999800000003e-09,9.999999800000003e-09,0.9999999800000003,CRITICAL
4284,0.9999999800000006,9.999999800000005e-09,9.999999800000005e-09,NORMAL
4285,0.9999999800000006,9.999999800000005e-09,9.999999800000005e-09,NORMAL
4286,0.9999999800000006,9.999999800000005e-09,9.999999800000005e-09,NORMAL
4287,0.9999999800000006,9.999999800000005e-09,9.999999800000005e-09,NORMAL
4288,0.9999999800000006,9.999999800000005e-09,9.999999800000005e-09,NORMAL
4289,0.9999999800000006,9.999999800000005e-09,9.999999800000005e-09,NORMAL
4290,0.9999999800000006,9.999999800000005e-09,9.999999800000005e-09,NORMAL
4291,0.9999999800000006,9.999999800000005e-09,9.999999800000005e-09,NORMAL
4292,0.9999999800000006,9.999999800000005e-09,9.999999800000005e-09,NORMAL
4293,0.9999999800000006,9.999999800000005e-09,9.999999800000005e-09,NORMAL
4294,0.9999999800000006,9.999999800000005e-09,9.999999800000005e-09,NORMAL
4295,0.9999999800000006,9.999999800000005e-09,9.999999800000005e-09,NORMAL
4296,0.9999999800000006,9.999999800000005e-09,9.999999800000005e-09,NORMAL
4297,0.9999999800000006,9.999999800000005e-09,9.999999800000005e-09,NORMAL
4298,0.9999999800000006,9.999999800000005e-09,9.999999800000005e-09,NORMAL
4299,0.9999999800000006,9.999999800000005e-09,9.999999800000005e-09,NORMAL
4300,0.9999999800000006,9.999999800000005e-09,9.999999800000005e-09,NORMAL
4301,0.9999999800000006,9.999999800000005e-09,9.999999800000005e-09,NORMAL
4302,9.999999800000003e-09,9.999999800000003e-09,0.9999999800000003,CRITICAL
4303,9.999999800000003e-09,9.999999800000003e-09,0.9999999800000003,CRITICAL
4304,9.999999800000003e-09,9.999999800000003e-09,0.9999999800000003,CRITICAL
4305,9.999999800000003e-09,9.999999800000003e-09,0.9999999800000003,CRITICAL
4306,9.999999800000003e-09,9.999999800000003e-09,0.9999999800000003,CRITICAL
4307,9.999999800000003e-09,9.999999800000003e-09,0.9999999800000003,CRITICAL
4308,9.999999800000003e-09,9.999999800000003e-09,0.9999999800000003,CRITICAL
4309,9.999999800000003e-09,9.999999800000003e-09,0.9999999800000003,CRITICAL
4310,9.999999800000003e-09,9.999999800000003e-09,0.9999999800000003,CRITICAL
4311,9.999999800000003e-09,9.999999800000003e-09,0.9999999800000003,CRITICAL
4312,9.999999800000003e-09,9.999999800000003e-09,0.9999999800000003,CRITICAL
4313,9.999999800000003e-09,9.999999800000003e-09,0.9999999800000003,CRITICAL
4314,9.999999800000003e-09,9.999999800000003e-09,0.9999999800000003,CRITICAL
4315,9.999999800000003e-09,9.999999800000003e-09,0.9999999800000003,CRITICAL
4316,9.999999800000003e-09,9.999999800000003e-09,0.9999999800000003,CRITICAL
4317,9.999999800000003e-09,9.999999800000003e-09,0.9999999800000003,CRITICAL
4318,9.999999800000003e-09,9.999999800000003e-09,0.9999999800000003,CRITICAL
4319,9.999999800000003e-09,9.999999800000003e-09,0.9999999800000003,CRITICAL
4320,0.9999999800000006,9.999999800000005e-09,9.999999800000005e-09,NORMAL
4321,0.9999999800000006,9.999999800000005e-09,9.999999800000005e-09,NORMAL
4322,0.9999999800000006,9.999999800000005e-09,9.999999800000005e-09,NORMAL
4323,0.9999999800000006,9.999999800000005e-09,9.999999800000005e-09,NORMAL
4324,0.9999999800000006,9.999999800000005e-09,9.999999800000005e-09,NORMAL
4325,0.9999999800000006,9.999999800000005e-09,9.999999800000005e-09,NORMAL
4326,0.9999999800000006,9.999999800000005e-09,9.999999800000005e-09,NORMAL
4327,0.9999999800000006,9.999999800000005e-09,9.999999800000005e-09,NORMAL
4328,0.9999999800000006,9.999999800000005e-09,9.999999800000005e-09,NORMAL
4329,0.9999999800000006,9.999999800000005e-09,9.999999800000005e-09,NORMAL
4330,0.9999999800000006,9.999999800000005e-09,9.999999800000005e-09,NORMAL
4331,0.9999999800000006,9.999999800000005e-09,9.999999800000005e-09,NORMAL
4332,0.9999999800000006,9.999999800000005e-09,9.999999800000005e-09,NORMAL
4333,0.9999999800000006,9.999999800000005e-09,9.999999800000005e-09,NORMAL
4334,0.9999999800000006,9.999999800000005e-09,9.999999800000005e-09,NORMAL
4335,0.9999999800000006,9.999999800000005e-09,9.999999800000005e-09,NORMAL
4336,0.9999999800000006,9.999999800000005e-09,9.999999800000005e-09,NORMAL
4337,0.9999999800000006,9.999999800000005e-09,9.999999800000005e-09,NORMAL
4338,0.9993040957898353,0.0006958942171238407,9.993040957898353e-09,NORMAL
4339,0.9993040957898353,0.0006958942171238407,9.993040957898353e-09,NORMAL
4340,0.9993040957898353,0.0006958942171238407,9.993040957898353e-09,NORMAL
4341,0.9993040957898353,0.0006958942171238407,9.993040957898353e-09,NORMAL
4342,0.9993040957898353,0.0006958942171238407,9.993040957898353e-09,NORMAL
4343,0.9993040957898353,0.0006958942171238407,9.993040957898353e-09,NORMAL
4344,0.9993040957898353,0.0006958942171238407,9.993040957898353e-09,NORMAL
4345,0.9993040957898353,0.0006958942171238407,9.993040957898353e-09,NORMAL
4346,0.9993040957898353,0.0006958942171238407,9.993040957898353e-09,NORMAL
4347,0.9993040957898353,0.0006958942171238407,9.993040957898353e-09,NORMAL
4348,0.9993040957898353,0.0006958942171238407,9.993040957898353e-09,NORMAL
4349,0.9993040957898353,0.0006958942171238407,9.993040957898353e-09,NORMAL
4350,0.9993040957898353,0.0006958942171238407,9.993040957898353e-09,NORMAL
4351,0.9993040957898353,0.0006958942171238407,9.993040957898353e-09,NORMAL
4352,0.9993040957898353,0.0006958942171238407,9.993040957898353e-09,NORMAL
4353,0.9993040957898353,0.0006958942171238407,9.993040957898353e-09,NORMAL
4354,0.9993040957898353,0.0006958942171238407,9.993040957898353e-09,NORMAL
4355,0.9993040957898353,0.0006958942171238407,9.993040957898353e-09,NORMAL
4356,0.9999999800000006,9.999999800000005e-09,9.999999800000005e-09,NORMAL
4357,0.9999999800000006,9.999999800000005e-09,9.999999800000005e-09,NORMAL
4358,0.9999999800000006,9.999999800000005e-09,9.999999800000005e-09,NORMAL
4359,0.9999999800000006,9.999999800000005e-09,9.999999800000005e-09,NORMAL
4360,0.9999999800000006,9.999999800000005e-09,9.999999800000005e-09,NORMAL
4361,0.9999999800000006,9.999999800000005e-09,9.999999800000005e-09,NORMAL
4362,0.9999999800000006,9.999999800000005e-09,9.999999800000005e-09,NORMAL
4363,0.9999999800000006,9.999999800000005e-09,9.999999800000005e-09,NORMAL
4364,0.9999999800000006,9.999999800000005e-09,9.999999800000005e-09,NORMAL
4365,0.9999999800000006,9.999999800000005e-09,9.999999800000005e-09,NORMAL
4366,0.9999999800000006,9.999999800000005e-09,9.999999800000005e-09,NORMAL
4367,0.9999999800000006,9.999999800000005e-09,9.999999800000005e-09,NORMAL
4368,0.9999999800000006,9.999999800000005e-09,9.999999800000005e-09,NORMAL
4369,0.9999999800000006,9.999999800000005e-09,9.999999800000005e-09,NORMAL
4370,0.9999999800000006,9.999999800000005e-09,9.999999800000005e-09,NORMAL
4371,0.9999999800000006,9.999999800000005e-09,9.999999800000005e-09,NORMAL
4372,0.9999999800000006,9.999999800000005e-09,9.999999800000005e-09,NORMAL
4373,0.9999999800000006,9.999999800000005e-09,9.999999800000005e-09,NORMAL
4374,0.9993040957898353,0.0006958942171238407,9.993040957898353e-09,NORMAL
4375,0.9993040957898353,0.0006958942171238407,9.993040957898353e-09,NORMAL
4376,0.9993040957898353,0.0006958942171238407,9.993040957898353e-09,NORMAL
4377,0.9993040957898353,0.0006958942171238407,9.993040957898353e-09,NORMAL
4378,0.9993040957898353,0.0006958942171238407,9.993040957898353e-09,NORMAL
4379,0.9993040957898353,0.0006958942171238407,9.993040957898353e-09,NORMAL
4380,0.9993040957898353,0.0006958942171238407,9.993040957898353e-09,NORMAL
4381,0.9993040957898353,0.0006958942171238407,9.993040957898353e-09,NORMAL
4382,0.9993040957898353,0.0006958942171238407,9.993040957898353e-09,NORMAL
4383,0.9993040957898353,0.0006958942171238407,9.993040957898353e-09,NORMAL
4384,0.9993040957898353,0.0006958942171238407,9.993040957898353e-09,NORMAL
4385,0.9993040957898353,0.0006958942171238407,9.993040957898353e-09,NORMAL
4386,0.9993040957898353,0.0006958942171238407,9.993040957898353e-09,NORMAL
4387,0.9993040957898353,0.0006958942171238407,9.993040957898353e-09,NORMAL
4388,0.9993040957898353,0.0006958942171238407,9.993040957898353e-09,NORMAL
4389,0.9993040957898353,0.0006958942171238407,9.993040957898353e-09,NORMAL
4390,0.9993040957898353,0.0006958942171238407,9.993040957898353e-09,NORMAL
4391,0.9993040957898353,0.0006958942171238407,9.993040957898353e-09,NORMAL
4392,0.9999999800000006,9.999999800000005e-09,9.999999800000005e-09,NORMAL
4393,0.9999999800000006,9.999999800000005e-09,9.999999800000005e-09,NORMAL
4394,0.9999999800000006,9.999999800000005e-09,9.999999800000005e-09,NORMAL
4395,0.9999999800000006,9.999999800000005e-09,9.999999800000005e-09,NORMAL
4396,0.9999999800000006,9.999999800000005e-09,9.999999800000005e-09,NORMAL
4397,0.9999999800000006,9.999999800000005e-09,9.999999800000005e-09,NORMAL
4398,0.9999999800000006,9.999999800000005e-09,9.999999800000005e-09,NORMAL
4399,0.9999999800000006,9.999999800000005e-09,9.999999800000005e-09,NORMAL
4400,0.9999999800000006,9.999999800000005e-09,9.999999800000005e-09,NORMAL
4401,0.9999999800000006,9.999999800000005e-09,9.999999800000005e-09,NORMAL
4402,0.9999999800000006,9.999999800000005e-09,9.999999800000005e-09,NORMAL
4403,0.9999999800000006,9.999999800000005e-09,9.999999800000005e-09,NORMAL
4404,0.9999999800000006,9.999999800000005e-09,9.999999800000005e-09,NORMAL
4405,0.9999999800000006,9.999999800000005e-09,9.999999800000005e-09,NORMAL
4406,0.9999999800000006,9.999999800000005e-09,9.999999800000005e-09,NORMAL
4407,0.9999999800000006,9.999999800000005e-09,9.999999800000005e-09,NORMAL
4408,0.9999999800000006,9.999999800000005e-09,9.999999800000005e-09,NORMAL
4409,0.9999999800000006,9.999999800000005e-09,9.999999800000005e-09,NORMAL
4410,0.9999999800000006,9.999999800000005e-09,9.999999800000005e-09,NORMAL
4411,0.9999999800000006,9.999999800000005e-09,9.999999800000005e-09,NORMAL
4412,0.9999999800000006,9.999999800000005e-09,9.999999800000005e-09,NORMAL
4413,0.9999999800000006,9.999999800000005e-09,9.999999800000005e-09,NORMAL
4414,0.9999999800000006,9.999999800000005e-09,9.999999800000005e-09,NORMAL
4415,0.9999999800000006,9.999999800000005e-09,9.999999800000005e-09,NORMAL
4416,0.9999999800000006,9.999999800000005e-09,9.999999800000005e-09,NORMAL
4417,0.9999999800000006,9.999999800000005e-09,9.999999800000005e-09,NORMAL
4418,0.9999999800000006,9.999999800000005e-09,9.999999800000005e-09,NORMAL
4419,0.9999999800000006,9.999999800000005e-09,9.999999800000005e-09,NORMAL
4420,0.9999999800000006,9.999999800000005e-09,9.999999800000005e-09,NORMAL
4421,0.9999999800000006,9.999999800000005e-09,9.999999800000005e-09,NORMAL
4422,0.9999999800000006,9.999999800000005e-09,9.999999800000005e-09,NORMAL
4423,0.9999999800000006,9.999999800000005e-09,9.999999800000005e-09,NORMAL
4424,0.9999999800000006,9.999999800000005e-09,9.999999800000005e-09,NORMAL
4425,0.9999999800000006,9.999999800000005e-09,9.999999800000005e-09,NORMAL
4426,0.9999999800000006,9.999999800000005e-09,9.999999800000005e-09,NORMAL
4427,0.9999999800000006,9.999999800000005e-09,9.999999800000005e-09,NORMAL
4428,0.9999999800000006,9.999999800000005e-09,9.999999800000005e-09,NORMAL
4429,0.9999999800000006,9.999999800000005e-09,9.999999800000005e-09,NORMAL
4430,0.9999999800000006,9.999999800000005e-09,9.999999800000005e-09,NORMAL
4431,0.9999999800000006,9.999999800000005e-09,9.999999800000005e-09,NORMAL
4432,0.9999999800000006,9.999999800000005e-09,9.999999800000005e-09,NORMAL
4433,0.9999999800000006,9.999999800000005e-09,9.999999800000005e-09,NORMAL
4434,0.9999999800000006,9.999999800000005e-09,9.999999800000005e-09,NORMAL
4435,0.9999999800000006,9.999999800000005e-09,9.999999800000005e-09,NORMAL
4436,0.9999999800000006,9.999999800000005e-09,9.999999800000005e-09,NORMAL
4437,0.9999999800000006,9.999999800000005e-09,9.999999800000005e-09,NORMAL
4438,0.9999999800000006,9.999999800000005e-09,9.999999800000005e-09,NORMAL
4439,0.9999999800000006,9.999999800000005e-09,9.999999800000005e-09,NORMAL
4440,0.9999999800000006,9.999999800000005e-09,9.999999800000005e-09,NORMAL
4441,0.9999999800000006,9.999999800000005e-09,9.999999800000005e-09,NORMAL
4442,0.9999999800000006,9.999999800000005e-09,9.999999800000005e-09,NORMAL
4443,0.9999999800000006,9.999999800000005e-09,9.999999800000005e-09,NORMAL
4444,0.9999999800000006,9.999999800000005e-09,9.999999800000005e-09,NORMAL
4445,0.9999999800000006,9.999999800000005e-09,9.999999800000005e-09,NORMAL
4446,0.9999999800000006,9.999999800000005e-09,9.999999800000005e-09,NORMAL
4447,0.9999999800000006,9.999999800000005e-09,9.999999800000005e-09,NORMAL
4448,0.9999999800000006,9.999999800000005e-09,9.999999800000005e-09,NORMAL
4449,0.9999999800000006,9.999999800000005e-09,9.999999800000005e-09,NORMAL
4450,0.9999999800000006,9.999999800000005e-09,9.999999800000005e-09,NORMAL
4451,0.9999999800000006,9.999999800000005e-09,9.999999800000005e-09,NORMAL
4452,0.9999999800000006,9.999999800000005e-09,9.999999800000005e-09,NORMAL
4453,0.9999999800000006,9.999999800000005e-09,9.999999800000005e-09,NORMAL
4454,0.9999999800000006,9.999999800000005e-09,9.999999800000005e-09,NORMAL
4455,0.9999999800000006,9.999999800000005e-09,9.999999800000005e-09,NORMAL
4456,0.9999999800000006,9.999999800000005e-09,9.999999800000005e-09,NORMAL
4457,0.9999999800000006,9.999999800000005e-09,9.999999800000005e-09,NORMAL
4458,0.9999999800000006,9.999999800000005e-09,9.999999800000005e-09,NORMAL
4459,0.9999999800000006,9.999999800000005e-09,9.999999800000005e-09,NORMAL
4460,0.9999999800000006,9.999999800000005e-09,9.999999800000005e-09,NORMAL
4461,0.9999999800000006,9.999999800000005e-09,9.999999800000005e-09,NORMAL
4462,0.9999999800000006,9.999999800000005e-09,9.999999800000005e-09,NORMAL
4463,0.9999999800000006,9.999999800000005e-09,9.999999800000005e-09,NORMAL
4464,0.9999999800000006,9.999999800000005e-09,9.999999800000005e-09,NORMAL
4465,0.9999999800000006,9.999999800000005e-09,9.999999800000005e-09,NORMAL
4466,0.9999999800000006,9.999999800000005e-09,9.999999800000005e-09,NORMAL
4467,0.9999999800000006,9.999999800000005e-09,9.999999800000005e-09,NORMAL
4468,0.9999999800000006,9.999999800000005e-09,9.999999800000005e-09,NORMAL
4469,0.9999999800000006,9.999999800000005e-09,9.999999800000005e-09,NORMAL
4470,0.9999999800000006,9.999999800000005e-09,9.999999800000005e-09,NORMAL
4471,0.9999999800000006,9.999999800000005e-09,9.999999800000005e-09,NORMAL
4472,0.9999999800000006,9.999999800000005e-09,9.999999800000005e-09,NORMAL
4473,0.9999999800000006,9.999999800000005e-09,9.999999800000005e-09,NORMAL
4474,0.9999999800000006,9.999999800000005e-09,9.999999800000005e-09,NORMAL
4475,0.9999999800000006,9.999999800000005e-09,9.999999800000005e-09,NORMAL
4476,0.9999999800000006,9.999999800000005e-09,9.999999800000005e-09,NORMAL
4477,0.9999999800000006,9.999999800000005e-09,9.999999800000005e-09,NORMAL
4478,0.9999999800000006,9.999999800000005e-09,9.999999800000005e-09,NORMAL
4479,0.9999999800000006,9.999999800000005e-09,9.999999800000005e-09,NORMAL
4480,0.9999999800000006,9.999999800000005e-09,9.999999800000005e-09,NORMAL
4481,0.9999999800000006,9.999999800000005e-09,9.999999800000005e-09,NORMAL
4482,0.9993040957898353,0.0006958942171238407,9.993040957898353e-09,NORMAL
4483,0.9993040957898353,0.0006958942171238407,9.993040957898353e-09,NORMAL
4484,0.9993040957898353,0.0006958942171238407,9.993040957898353e-09,NORMAL
4485,0.9993040957898353,0.0006958942171238407,9.993040957898353e-09,NORMAL
4486,0.9993040957898353,0.0006958942171238407,9.993040957898353e-09,NORMAL
4487,0.9993040957898353,0.0006958942171238407,9.993040957898353e-09,NORMAL
4488,0.9993040957898353,0.0006958942171238407,9.993040957898353e-09,NORMAL
4489,0.9993040957898353,0.0006958942171238407,9.993040957898353e-09,NORMAL
4490,0.9993040957898353,0.0006958942171238407,9.993040957898353e-09,NORMAL
4491,0.9993040957898353,0.0006958942171238407,9.993040957898353e-09,NORMAL
4492,0.9993040957898353,0.0006958942171238407,9.993040957898353e-09,NORMAL
4493,0.9993040957898353,0.0006958942171238407,9.993040957898353e-09,NORMAL
4494,0.9993040957898353,0.0006958942171238407,9.993040957898353e-09,NORMAL
4495,0.9993040957898353,0.0006958942171238407,9.993040957898353e-09,NORMAL
4496,0.9993040957898353,0.0006958942171238407,9.993040957898353e-09,NORMAL
4497,0.9993040957898353,0.0006958942171238407,9.993040957898353e-09,NORMAL
4498,0.9993040957898353,0.0006958942171238407,9.993040957898353e-09,NORMAL
4499,0.9993040957898353,0.0006958942171238407,9.993040957898353e-09,NORMAL
4500,0.9993040957898353,0.0006958942171238407,9.993040957898353e-09,NORMAL
4501,0.9993040957898353,0.0006958942171238407,9.993040957898353e-09,NORMAL
4502,0.9993040957898353,0.0006958942171238407,9.993040957898353e-09,NORMAL
4503,0.9993040957898353,0.0006958942171238407,9.993040957898353e-09,NORMAL
4504,0.9993040957898353,0.0006958942171238407,9.993040957898353e-09,NORMAL
4505,0.9993040957898353,0.0006958942171238407,9.993040957898353e-09,NORMAL
4506,0.9993040957898353,0.0006958942171238407,9.993040957898353e-09,NORMAL
4507,0.9993040957898353,0.0006958942171238407,9.993040957898353e-09,NORMAL
4508,0.9993040957898353,0.0006958942171238407,9.993040957898353e-09,NORMAL
4509,0.9993040957898353,0.0006958942171238407,9.993040957898353e-09,NORMAL
4510,0.9993040957898353,0.0006958942171238407,9.993040957898353e-09,NORMAL
4511,0.9993040957898353,0.0006958942171238407,9.993040957898353e-09,NORMAL
4512,0.9993040957898353,0.0006958942171238407,9.993040957898353e-09,NORMAL
4513,0.9993040957898353,0.0006958942171238407,9.993040957898353e-09,NORMAL
4514,0.9993040957898353,0.0006958942171238407,9.993040957898353e-09,NORMAL
4515,0.9993040957898353,0.0006958942171238407,9.993040957898353e-09,NORMAL
4516,0.9993040957898353,0.0006958942171238407,9.993040957898353e-09,NORMAL
4517,0.9993040957898353,0.0006958942171238407,9.993040957898353e-09,NORMAL
4518,0.9993040957898353,0.0006958942171238407,9.993040957898353e-09,NORMAL
4519,0.9993040957898353,0.0006958942171238407,9.993040957898353e-09,NORMAL
4520,0.9993040957898353,0.0006958942171238407,9.993040957898353e-09,NORMAL
4521,0.9993040957898353,0.0006958942171238407,9.993040957898353e-09,NORMAL
4522,0.9993040957898353,0.0006958942171238407,9.993040957898353e-09,NORMAL
4523,0.9993040957898353,0.0006958942171238407,9.993040957898353e-09,NORMAL
4524,0.9993040957898353,0.0006958942171238407,9.993040957898353e-09,NORMAL
4525,0.9993040957898353,0.0006958942171238407,9.993040957898353e-09,NORMAL
4526,0.9993040957898353,0.0006958942171238407,9.993040957898353e-09,NORMAL
4527,0.9993040957898353,0.0006958942171238407,9.993040957898353e-09,NORMAL
4528,0.9993040957898353,0.0006958942171238407,9.993040957898353e-09,NORMAL
4529,0.9993040957898353,0.0006958942171238407,9.993040957898353e-09,NORMAL
4530,0.9993040957898353,0.0006958942171238407,9.993040957898353e-09,NORMAL
4531,0.9993040957898353,0.0006958942171238407,9.993040957898353e-09,NORMAL
4532,0.9993040957898353,0.0006958942171238407,9.993040957898353e-09,NORMAL
4533,0.9993040957898353,0.0006958942171238407,9.993040957898353e-09,NORMAL
4534,0.9993040957898353,0.0006958942171238407,9.993040957898353e-09,NORMAL
4535,0.9993040957898353,0.0006958942171238407,9.993040957898353e-09,NORMAL
4536,0.9999999800000006,9.999999800000005e-09,9.999999800000005e-09,NORMAL
4537,0.9999999800000006,9.999999800000005e-09,9.999999800000005e-09,NORMAL
4538,0.9999999800000006,9.999999800000005e-09,9.999999800000005e-09,NORMAL
4539,0.9999999800000006,9.999999800000005e-09,9.999999800000005e-09,NORMAL
4540,0.9999999800000006,9.999999800000005e-09,9.999999800000005e-09,NORMAL
4541,0.9999999800000006,9.999999800000005e-09,9.999999800000005e-09,NORMAL
4542,0.9999999800000006,9.999999800000005e-09,9.999999800000005e-09,NORMAL
4543,0.9999999800000006,9.999999800000005e-09,9.999999800000005e-09,NORMAL
4544,0.9999999800000006,9.999999800000005e-09,9.999999800000005e-09,NORMAL
4545,0.9999999800000006,9.999999800000005e-09,9.999999800000005e-09,NORMAL
4546,0.9999999800000006,9.999999800000005e-09,9.999999800000005e-09,NORMAL
4547,0.9999999800000006,9.999999800000005e-09,9.999999800000005e-09,NORMAL
4548,0.9999999800000006,9.999999800000005e-09,9.999999800000005e-09,NORMAL
4549,0.9999999800000006,9.999999800000005e-09,9.999999800000005e-09,NORMAL
4550,0.9999999800000006,9.999999800000005e-09,9.999999800000005e-09,NORMAL
4551,0.9999999800000006,9.999999800000005e-09,9.999999800000005e-09,NORMAL
4552,0.9999999800000006,9.999999800000005e-09,9.999999800000005e-09,NORMAL
4553,0.9999999800000006,9.999999800000005e-09,9.999999800000005e-09,NORMAL
4554,0.9999999800000006,9.999999800000005e-09,9.999999800000005e-09,NORMAL
4555,0.9999999800000006,9.999999800000005e-09,9.999999800000005e-09,NORMAL
4556,0.9999999800000006,9.999999800000005e-09,9.999999800000005e-09,NORMAL
4557,0.9999999800000006,9.999999800000005e-09,9.999999800000005e-09,NORMAL
4558,0.9999999800000006,9.999999800000005e-09,9.999999800000005e-09,NORMAL
4559,0.9999999800000006,9.999999800000005e-09,9.999999800000005e-09,NORMAL
4560,0.9999999800000006,9.999999800000005e-09,9.999999800000005e-09,NORMAL
4561,0.9999999800000006,9.999999800000005e-09,9.999999800000005e-09,NORMAL
4562,0.9999999800000006,9.999999800000005e-09,9.999999800000005e-09,NORMAL
4563,0.9999999800000006,9.999999800000005e-09,9.999999800000005e-09,NORMAL
4564,0.9999999800000006,9.999999800000005e-09,9.999999800000005e-09,NORMAL
4565,0.9999999800000006,9.999999800000005e-09,9.999999800000005e-09,NORMAL
4566,0.9999999800000006,9.999999800000005e-09,9.999999800000005e-09,NORMAL
4567,0.9999999800000006,9.999999800000005e-09,9.999999800000005e-09,NORMAL
4568,0.9999999800000006,9.999999800000005e-09,9.999999800000005e-09,NORMAL
4569,0.9999999800000006,9.999999800000005e-09,9.999999800000005e-09,NORMAL
4570,0.9999999800000006,9.999999800000005e-09,9.999999800000005e-09,NORMAL
4571,0.9999999800000006,9.999999800000005e-09,9.999999800000005e-09,NORMAL
4572,0.9999999800000006,9.999999800000005e-09,9.999999800000005e-09,NORMAL
4573,0.9999999800000006,9.999999800000005e-09,9.999999800000005e-09,NORMAL
4574,0.9999999800000006,9.999999800000005e-09,9.999999800000005e-09,NORMAL
4575,0.9999999800000006,9.999999800000005e-09,9.999999800000005e-09,NORMAL
4576,0.9999999800000006,9.999999800000005e-09,9.999999800000005e-09,NORMAL
4577,0.9999999800000006,9.999999800000005e-09,9.999999800000005e-09,NORMAL
4578,0.9999999800000006,9.999999800000005e-09,9.999999800000005e-09,NORMAL
4579,0.9999999800000006,9.999999800000005e-09,9.999999800000005e-09,NORMAL
4580,0.9999999800000006,9.999999800000005e-09,9.999999800000005e-09,NORMAL
4581,0.9999999800000006,9.999999800000005e-09,9.999999800000005e-09,NORMAL
4582,0.9999999800000006,9.999999800000005e-09,9.999999800000005e-09,NORMAL
4583,0.9999999800000006,9.999999800000005e-09,9.999999800000005e-09,NORMAL
4584,0.9999999800000006,9.999999800000005e-09,9.999999800000005e-09,NORMAL
4585,0.9999999800000006,9.999999800000005e-09,9.999999800000005e-09,NORMAL
4586,0.9999999800000006,9.999999800000005e-09,9.999999800000005e-09,NORMAL
4587,0.9999999800000006,9.999999800000005e-09,9.999999800000005e-09,NORMAL
4588,0.9999999800000006,9.999999800000005e-09,9.999999800000005e-09,NORMAL
4589,0.9999999800000006,9.999999800000005e-09,9.999999800000005e-09,NORMAL
4590,0.9999999800000006,9.999999800000005e-09,9.999999800000005e-09,NORMAL
4591,0.9999999800000006,9.999999800000005e-09,9.999999800000005e-09,NORMAL
4592,0.9999999800000006,9.999999800000005e-09,9.999999800000005e-09,NORMAL
4593,0.9999999800000006,9.999999800000005e-09,9.999999800000005e-09,NORMAL
4594,0.9999999800000006,9.999999800000005e-09,9.999999800000005e-09,NORMAL
4595,0.9999999800000006,9.999999800000005e-09,9.999999800000005e-09,NORMAL
4596,0.9999999800000006,9.999999800000005e-09,9.999999800000005e-09,NORMAL
4597,0.9999999800000006,9.999999800000005e-09,9.999999800000005e-09,NORMAL
4598,0.9999999800000006,9.999999800000005e-09,9.999999800000005e-09,NORMAL
4599,0.9999999800000006,9.999999800000005e-09,9.999999800000005e-09,NORMAL
4600,0.9999999800000006,9.999999800000005e-09,9.999999800000005e-09,NORMAL
4601,0.9999999800000006,9.999999800000005e-09,9.999999800000005e-09,NORMAL
4602,0.9999999800000006,9.999999800000005e-09,9.999999800000005e-09,NORMAL
4603,0.9999999800000006,9.999999800000005e-09,9.999999800000005e-09,NORMAL
4604,0.9999999800000006,9.999999800000005e-09,9.999999800000005e-09,NORMAL
4605,0.9999999800000006,9.999999800000005e-09,9.999999800000005e-09,NORMAL
4606,0.9999999800000006,9.999999800000005e-09,9.999999800000005e-09,NORMAL
4607,0.9999999800000006,9.999999800000005e-09,9.999999800000005e-09,NORMAL
4608,0.9999999800000006,9.999999800000005e-09,9.999999800000005e-09,NORMAL
4609,0.9999999800000006,9.999999800000005e-09,9.999999800000005e-09,NORMAL
4610,0.9999999800000006,9.999999800000005e-09,9.999999800000005e-09,NORMAL
4611,0.9999999800000006,9.999999800000005e-09,9.999999800000005e-09,NORMAL
4612,0.9999999800000006,9.999999800000005e-09,9.999999800000005e-09,NORMAL
4613,0.9999999800000006,9.999999800000005e-09,9.999999800000005e-09,NORMAL
4614,0.9999999800000006,9.999999800000005e-09,9.999999800000005e-09,NORMAL
4615,0.9999999800000006,9.999999800000005e-09,9.999999800000005e-09,NORMAL
4616,0.9999999800000006,9.999999800000005e-09,9.999999800000005e-09,NORMAL
4617,0.9999999800000006,9.999999800000005e-09,9.999999800000005e-09,NORMAL
4618,0.9999999800000006,9.999999800000005e-09,9.999999800000005e-09,NORMAL
4619,0.9999999800000006,9.999999800000005e-09,9.999999800000005e-09,NORMAL
4620,0.9999999800000006,9.999999800000005e-09,9.999999800000005e-09,NORMAL
4621,0.9999999800000006,9.999999800000005e-09,9.999999800000005e-09,NORMAL
4622,0.9999999800000006,9.999999800000005e-09,9.999999800000005e-09,NORMAL
4623,0.9999999800000006,9.999999800000005e-09,9.999999800000005e-09,NORMAL
4624,0.9999999800000006,9.999999800000005e-09,9.999999800000005e-09,NORMAL
4625,0.9999999800000006,9.999999800000005e-09,9.999999800000005e-09,NORMAL
4626,0.9999999800000006,9.999999800000005e-09,9.999999800000005e-09,NORMAL
4627,0.9999999800000006,9.999999800000005e-09,9.999999800000005e-09,NORMAL
4628,0.9999999800000006,9.999999800000005e-09,9.999999800000005e-09,NORMAL
4629,0.9999999800000006,9.999999800000005e-09,9.999999800000005e-09,NORMAL
4630,0.9999999800000006,9.999999800000005e-09,9.999999800000005e-09,NORMAL
4631,0.9999999800000006,9.999999800000005e-09,9.999999800000005e-09,NORMAL
4632,0.9999999800000006,9.999999800000005e-09,9.999999800000005e-09,NORMAL
4633,0.9999999800000006,9.999999800000005e-09,9.999999800000005e-09,NORMAL
4634,0.9999999800000006,9.999999800000005e-09,9.999999800000005e-09,NORMAL
4635,0.9999999800000006,9.999999800000005e-09,9.999999800000005e-09,NORMAL
4636,0.9999999800000006,9.999999800000005e-09,9.999999800000005e-09,NORMAL
4637,0.9999999800000006,9.999999800000005e-09,9.999999800000005e-09,NORMAL
4638,0.9999999800000006,9.999999800000005e-09,9.999999800000005e-09,NORMAL
4639,0.9999999800000006,9.999999800000005e-09,9.999999800000005e-09,NORMAL
4640,0.9999999800000006,9.999999800000005e-09,9.999999800000005e-09,NORMAL
4641,0.9999999800000006,9.999999800000005e-09,9.999999800000005e-09,NORMAL
4642,0.9999999800000006,9.999999800000005e-09,9.999999800000005e-09,NORMAL
4643,0.9999999800000006,9.999999800000005e-09,9.999999800000005e-09,NORMAL
4644,0.9993040957898353,0.0006958942171238407,9.993040957898353e-09,NORMAL
4645,0.9993040957898353,0.0006958942171238407,9.993040957898353e-09,NORMAL
4646,0.9993040957898353,0.0006958942171238407,9.993040957898353e-09,NORMAL
4647,0.9993040957898353,0.0006958942171238407,9.993040957898353e-09,NORMAL
4648,0.9993040957898353,0.0006958942171238407,9.993040957898353e-09,NORMAL
4649,0.9993040957898353,0.0006958942171238407,9.993040957898353e-09,NORMAL
4650,0.9993040957898353,0.0006958942171238407,9.993040957898353e-09,NORMAL
4651,0.9993040957898353,0.0006958942171238407,9.993040957898353e-09,NORMAL
4652,0.9993040957898353,0.0006958942171238407,9.993040957898353e-09,NORMAL
4653,0.9993040957898353,0.0006958942171238407,9.993040957898353e-09,NORMAL
4654,0.9993040957898353,0.0006958942171238407,9.993040957898353e-09,NORMAL
4655,0.9993040957898353,0.0006958942171238407,9.993040957898353e-09,NORMAL
4656,0.9993040957898353,0.0006958942171238407,9.993040957898353e-09,NORMAL
4657,0.9993040957898353,0.0006958942171238407,9.993040957898353e-09,NORMAL
4658,0.9993040957898353,0.0006958942171238407,9.993040957898353e-09,NORMAL
4659,0.9993040957898353,0.0006958942171238407,9.993040957898353e-09,NORMAL
4660,0.9993040957898353,0.0006958942171238407,9.993040957898353e-09,NORMAL
4661,0.9993040957898353,0.0006958942171238407,9.993040957898353e-09,NORMAL
4662,0.9993040957898353,0.0006958942171238407,9.993040957898353e-09,NORMAL
4663,0.9993040957898353,0.0006958942171238407,9.993040957898353e-09,NORMAL
4664,0.9993040957898353,0.0006958942171238407,9.993040957898353e-09,NORMAL
4665,0.9993040957898353,0.0006958942171238407,9.993040957898353e-09,NORMAL
4666,0.9993040957898353,0.0006958942171238407,9.993040957898353e-09,NORMAL
4667,0.9993040957898353,0.0006958942171238407,9.993040957898353e-09,NORMAL
4668,0.9993040957898353,0.0006958942171238407,9.993040957898353e-09,NORMAL
4669,0.9993040957898353,0.0006958942171238407,9.993040957898353e-09,NORMAL
4670,0.9993040957898353,0.0006958942171238407,9.993040957898353e-09,NORMAL
4671,0.9993040957898353,0.0006958942171238407,9.993040957898353e-09,NORMAL
4672,0.9993040957898353,0.0006958942171238407,9.993040957898353e-09,NORMAL
4673,0.9993040957898353,0.0006958942171238407,9.993040957898353e-09,NORMAL
4674,0.9993040957898353,0.0006958942171238407,9.993040957898353e-09,NORMAL
4675,0.9993040957898353,0.0006958942171238407,9.993040957898353e-09,NORMAL
4676,0.9993040957898353,0.0006958942171238407,9.993040957898353e-09,NORMAL
4677,0.9993040957898353,0.0006958942171238407,9.993040957898353e-09,NORMAL
4678,0.9993040957898353,0.0006958942171238407,9.993040957898353e-09,NORMAL
4679,0.9993040957898353,0.0006958942171238407,9.993040957898353e-09,NORMAL
4680,0.9999999800000006,9.999999800000005e-09,9.999999800000005e-09,NORMAL
4681,0.9999999800000006,9.999999800000005e-09,9.999999800000005e-09,NORMAL
4682,0.9999999800000006,9.999999800000005e-09,9.999999800000005e-09,NORMAL
4683,0.9999999800000006,9.999999800000005e-09,9.999999800000005e-09,NORMAL
4684,0.9999999800000006,9.999999800000005e-09,9.999999800000005e-09,NORMAL
4685,0.9999999800000006,9.999999800000005e-09,9.999999800000005e-09,NORMAL
4686,0.9999999800000006,9.999999800000005e-09,9.999999800000005e-09,NORMAL
4687,0.9999999800000006,9.999999800000005e-09,9.999999800000005e-09,NORMAL
4688,0.9999999800000006,9.999999800000005e-09,9.999999800000005e-09,NORMAL
4689,0.9999999800000006,9.999999800000005e-09,9.999999800000005e-09,NORMAL
4690,0.9999999800000006,9.999999800000005e-09,9.999999800000005e-09,NORMAL
4691,0.9999999800000006,9.999999800000005e-09,9.999999800000005e-09,NORMAL
4692,0.9999999800000006,9.999999800000005e-09,9.999999800000005e-09,NORMAL
4693,0.9999999800000006,9.999999800000005e-09,9.999999800000005e-09,NORMAL
4694,0.9999999800000006,9.999999800000005e-09,9.999999800000005e-09,NORMAL
4695,0.9999999800000006,9.999999800000005e-09,9.999999800000005e-09,NORMAL
4696,0.9999999800000006,9.999999800000005e-09,9.999999800000005e-09,NORMAL
4697,0.9999999800000006,9.999999800000005e-09,9.999999800000005e-09,NORMAL
4698,0.9993040957898353,0.0006958942171238407,9.993040957898353e-09,NORMAL
4699,0.9993040957898353,0.0006958942171238407,9.993040957898353e-09,NORMAL
4700,0.9993040957898353,0.0006958942171238407,9.993040957898353e-09,NORMAL
4701,0.9993040957898353,0.0006958942171238407,9.993040957898353e-09,NORMAL
4702,0.9993040957898353,0.0006958942171238407,9.993040957898353e-09,NORMAL
4703,0.9993040957898353,0.0006958942171238407,9.993040957898353e-09,NORMAL
4704,0.9993040957898353,0.0006958942171238407,9.993040957898353e-09,NORMAL
4705,0.9993040957898353,0.0006958942171238407,9.993040957898353e-09,NORMAL
4706,0.9993040957898353,0.0006958942171238407,9.993040957898353e-09,NORMAL
4707,0.9993040957898353,0.0006958942171238407,9.993040957898353e-09,NORMAL
4708,0.9993040957898353,0.0006958942171238407,9.993040957898353e-09,NORMAL
4709,0.9993040957898353,0.0006958942171238407,9.993040957898353e-09,NORMAL
4710,0.9993040957898353,0.0006958942171238407,9.993040957898353e-09,NORMAL
4711,0.9993040957898353,0.0006958942171238407,9.993040957898353e-09,NORMAL
4712,0.9993040957898353,0.0006958942171238407,9.993040957898353e-09,NORMAL
4713,0.9993040957898353,0.0006958942171238407,9.993040957898353e-09,NORMAL
4714,0.9993040957898353,0.0006958942171238407,9.993040957898353e-09,NORMAL
4715,0.9993040957898353,0.0006958942171238407,9.993040957898353e-09,NORMAL
4716,0.9999999800000006,9.999999800000005e-09,9.999999800000005e-09,NORMAL
4717,0.9999999800000006,9.999999800000005e-09,9.999999800000005e-09,NORMAL
4718,0.9999999800000006,9.999999800000005e-09,9.999999800000005e-09,NORMAL
4719,0.9999999800000006,9.999999800000005e-09,9.999999800000005e-09,NORMAL
4720,0.9999999800000006,9.999999800000005e-09,9.999999800000005e-09,NORMAL
4721,0.9999999800000006,9.999999800000005e-09,9.999999800000005e-09,NORMAL
4722,0.9999999800000006,9.999999800000005e-09,9.999999800000005e-09,NORMAL
4723,0.9999999800000006,9.999999800000005e-09,9.999999800000005e-09,NORMAL
4724,0.9999999800000006,9.999999800000005e-09,9.999999800000005e-09,NORMAL
4725,0.9999999800000006,9.999999800000005e-09,9.999999800000005e-09,NORMAL
4726,0.9999999800000006,9.999999800000005e-09,9.999999800000005e-09,NORMAL
4727,0.9999999800000006,9.999999800000005e-09,9.999999800000005e-09,NORMAL
4728,0.9999999800000006,9.999999800000005e-09,9.999999800000005e-09,NORMAL
4729,0.9999999800000006,9.999999800000005e-09,9.999999800000005e-09,NORMAL
4730,0.9999999800000006,9.999999800000005e-09,9.999999800000005e-09,NORMAL
4731,0.9999999800000006,9.999999800000005e-09,9.999999800000005e-09,NORMAL
4732,0.9999999800000006,9.999999800000005e-09,9.999999800000005e-09,NORMAL
4733,0.9999999800000006,9.999999800000005e-09,9.999999800000005e-09,NORMAL
4734,0.9999999800000006,9.999999800000005e-09,9.999999800000005e-09,NORMAL
4735,0.9999999800000006,9.999999800000005e-09,9.999999800000005e-09,NORMAL
4736,0.9999999800000006,9.999999800000005e-09,9.999999800000005e-09,NORMAL
4737,0.9999999800000006,9.999999800000005e-09,9.999999800000005e-09,NORMAL
4738,0.9999999800000006,9.999999800000005e-09,9.999999800000005e-09,NORMAL
4739,0.9999999800000006,9.999999800000005e-09,9.999999800000005e-09,NORMAL
4740,0.9999999800000006,9.999999800000005e-09,9.999999800000005e-09,NORMAL
4741,0.9999999800000006,9.999999800000005e-09,9.999999800000005e-09,NORMAL
4742,0.9999999800000006,9.999999800000005e-09,9.999999800000005e-09,NORMAL
4743,0.9999999800000006,9.999999800000005e-09,9.999999800000005e-09,NORMAL
4744,0.9999999800000006,9.999999800000005e-09,9.999999800000005e-09,NORMAL
4745,0.9999999800000006,9.999999800000005e-09,9.999999800000005e-09,NORMAL
4746,0.9999999800000006,9.999999800000005e-09,9.999999800000005e-09,NORMAL
4747,0.9999999800000006,9.999999800000005e-09,9.999999800000005e-09,NORMAL
4748,0.9999999800000006,9.999999800000005e-09,9.999999800000005e-09,NORMAL
4749,0.9999999800000006,9.999999800000005e-09,9.999999800000005e-09,NORMAL
4750,0.9999999800000006,9.999999800000005e-09,9.999999800000005e-09,NORMAL
4751,0.9999999800000006,9.999999800000005e-09,9.999999800000005e-09,NORMAL
4752,0.9999999800000006,9.999999800000005e-09,9.999999800000005e-09,NORMAL
4753,0.9999999800000006,9.999999800000005e-09,9.999999800000005e-09,NORMAL
4754,0.9999999800000006,9.999999800000005e-09,9.999999800000005e-09,NORMAL
4755,0.9999999800000006,9.999999800000005e-09,9.999999800000005e-09,NORMAL
4756,0.9999999800000006,9.999999800000005e-09,9.999999800000005e-09,NORMAL
4757,0.9999999800000006,9.999999800000005e-09,9.999999800000005e-09,NORMAL
4758,0.9999999800000006,9.999999800000005e-09,9.999999800000005e-09,NORMAL
4759,0.9999999800000006,9.999999800000005e-09,9.999999800000005e-09,NORMAL
4760,0.9999999800000006,9.999999800000005e-09,9.999999800000005e-09,NORMAL
4761,0.9999999800000006,9.999999800000005e-09,9.999999800000005e-09,NORMAL
4762,0.9999999800000006,9.999999800000005e-09,9.999999800000005e-09,NORMAL
4763,0.9999999800000006,9.999999800000005e-09,9.999999800000005e-09,NORMAL
4764,0.9999999800000006,9.999999800000005e-09,9.999999800000005e-09,NORMAL
4765,0.9999999800000006,9.999999800000005e-09,9.999999800000005e-09,NORMAL
4766,0.9999999800000006,9.999999800000005e-09,9.999999800000005e-09,NORMAL
4767,0.9999999800000006,9.999999800000005e-09,9.999999800000005e-09,NORMAL
4768,0.9999999800000006,9.999999800000005e-09,9.999999800000005e-09,NORMAL
4769,0.9999999800000006,9.999999800000005e-09,9.999999800000005e-09,NORMAL
4770,0.9999999800000006,9.999999800000005e-09,9.999999800000005e-09,NORMAL
4771,0.9999999800000006,9.999999800000005e-09,9.999999800000005e-09,NORMAL
4772,0.9999999800000006,9.999999800000005e-09,9.999999800000005e-09,NORMAL
4773,0.9999999800000006,9.999999800000005e-09,9.999999800000005e-09,NORMAL
4774,0.9999999800000006,9.999999800000005e-09,9.999999800000005e-09,NORMAL
4775,0.9999999800000006,9.999999800000005e-09,9.999999800000005e-09,NORMAL
4776,0.9999999800000006,9.999999800000005e-09,9.999999800000005e-09,NORMAL
4777,0.9999999800000006,9.999999800000005e-09,9.999999800000005e-09,NORMAL
4778,0.9999999800000006,9.999999800000005e-09,9.999999800000005e-09,NORMAL
4779,0.9999999800000006,9.999999800000005e-09,9.999999800000005e-09,NORMAL
4780,0.9999999800000006,9.999999800000005e-09,9.999999800000005e-09,NORMAL
4781,0.9999999800000006,9.999999800000005e-09,9.999999800000005e-09,NORMAL
4782,0.9999999800000006,9.999999800000005e-09,9.999999800000005e-09,NORMAL
4783,0.9999999800000006,9.999999800000005e-09,9.999999800000005e-09,NORMAL
4784,0.9999999800000006,9.999999800000005e-09,9.999999800000005e-09,NORMAL
4785,0.9999999800000006,9.999999800000005e-09,9.999999800000005e-09,NORMAL
4786,0.9999999800000006,9.999999800000005e-09,9.999999800000005e-09,NORMAL
4787,0.9999999800000006,9.999999800000005e-09,9.999999800000005e-09,NORMAL
4788,0.9999999800000006,9.999999800000005e-09,9.999999800000005e-09,NORMAL
4789,0.9999999800000006,9.999999800000005e-09,9.999999800000005e-09,NORMAL
4790,0.9999999800000006,9.999999800000005e-09,9.999999800000005e-09,NORMAL
4791,0.9999999800000006,9.999999800000005e-09,9.999999800000005e-09,NORMAL
4792,0.9999999800000006,9.999999800000005e-09,9.999999800000005e-09,NORMAL
4793,0.9999999800000006,9.999999800000005e-09,9.999999800000005e-09,NORMAL
4794,0.9999999800000006,9.999999800000005e-09,9.999999800000005e-09,NORMAL
4795,0.9999999800000006,9.999999800000005e-09,9.999999800000005e-09,NORMAL
4796,0.9999999800000006,9.999999800000005e-09,9.999999800000005e-09,NORMAL
4797,0.9999999800000006,9.999999800000005e-09,9.999999800000005e-09,NORMAL
4798,0.9999999800000006,9.999999800000005e-09,9.999999800000005e-09,NORMAL
4799,0.9999999800000006,9.999999800000005e-09,9.999999800000005e-09,NORMAL
4800,0.9999999800000006,9.999999800000005e-09,9.999999800000005e-09,NORMAL
4801,0.9999999800000006,9.999999800000005e-09,9.999999800000005e-09,NORMAL
4802,0.9999999800000006,9.999999800000005e-09,9.999999800000005e-09,NORMAL
4803,0.9999999800000006,9.999999800000005e-09,9.999999800000005e-09,NORMAL
4804,0.9999999800000006,9.999999800000005e-09,9.999999800000005e-09,NORMAL
4805,0.9999999800000006,9.999999800000005e-09,9.999999800000005e-09,NORMAL
4806,0.9999999800000006,9.999999800000005e-09,9.999999800000005e-09,NORMAL
4807,0.9999999800000006,9.999999800000005e-09,9.999999800000005e-09,NORMAL
4808,0.9999999800000006,9.999999800000005e-09,9.999999800000005e-09,NORMAL
4809,0.9999999800000006,9.999999800000005e-09,9.999999800000005e-09,NORMAL
4810,0.9999999800000006,9.999999800000005e-09,9.999999800000005e-09,NORMAL
4811,0.9999999800000006,9.999999800000005e-09,9.999999800000005e-09,NORMAL
4812,0.9999999800000006,9.999999800000005e-09,9.999999800000005e-09,NORMAL
4813,0.9999999800000006,9.999999800000005e-09,9.999999800000005e-09,NORMAL
4814,0.9999999800000006,9.999999800000005e-09,9.999999800000005e-09,NORMAL
4815,0.9999999800000006,9.999999800000005e-09,9.999999800000005e-09,NORMAL
4816,0.9999999800000006,9.999999800000005e-09,9.999999800000005e-09,NORMAL
4817,0.9999999800000006,9.999999800000005e-09,9.999999800000005e-09,NORMAL
4818,0.9999999800000006,9.999999800000005e-09,9.999999800000005e-09,NORMAL
4819,0.9999999800000006,9.999999800000005e-09,9.999999800000005e-09,NORMAL
4820,0.9999999800000006,9.999999800000005e-09,9.999999800000005e-09,NORMAL
4821,0.9999999800000006,9.999999800000005e-09,9.999999800000005e-09,NORMAL
4822,0.9999999800000006,9.999999800000005e-09,9.999999800000005e-09,NORMAL
4823,0.9999999800000006,9.999999800000005e-09,9.999999800000005e-09,NORMAL
4824,0.9993040957898353,0.0006958942171238407,9.993040957898353e-09,NORMAL
4825,0.9993040957898353,0.0006958942171238407,9.993040957898353e-09,NORMAL
4826,0.9993040957898353,0.0006958942171238407,9.993040957898353e-09,NORMAL
4827,0.9993040957898353,0.0006958942171238407,9.993040957898353e-09,NORMAL
4828,0.9993040957898353,0.0006958942171238407,9.993040957898353e-09,NORMAL
4829,0.9993040957898353,0.0006958942171238407,9.993040957898353e-09,NORMAL
4830,0.9993040957898353,0.0006958942171238407,9.993040957898353e-09,NORMAL
4831,0.9993040957898353,0.0006958942171238407,9.993040957898353e-09,NORMAL
4832,0.9993040957898353,0.0006958942171238407,9.993040957898353e-09,NORMAL
4833,0.9993040957898353,0.0006958942171238407,9.993040957898353e-09,NORMAL
4834,0.9993040957898353,0.0006958942171238407,9.993040957898353e-09,NORMAL
4835,0.9993040957898353,0.0006958942171238407,9.993040957898353e-09,NORMAL
4836,0.9993040957898353,0.0006958942171238407,9.993040957898353e-09,NORMAL
4837,0.9993040957898353,0.0006958942171238407,9.993040957898353e-09,NORMAL
4838,0.9993040957898353,0.0006958942171238407,9.993040957898353e-09,NORMAL
4839,0.9993040957898353,0.0006958942171238407,9.993040957898353e-09,NORMAL
4840,0.9993040957898353,0.0006958942171238407,9.993040957898353e-09,NORMAL
4841,0.9993040957898353,0.0006958942171238407,9.993040957898353e-09,NORMAL
4842,0.9993040957898353,0.0006958942171238407,9.993040957898353e-09,NORMAL
4843,0.9993040957898353,0.0006958942171238407,9.993040957898353e-09,NORMAL
4844,0.9993040957898353,0.0006958942171238407,9.993040957898353e-09,NORMAL
4845,0.9993040957898353,0.0006958942171238407,9.993040957898353e-09,NORMAL
4846,0.9993040957898353,0.0006958942171238407,9.993040957898353e-09,NORMAL
4847,0.9993040957898353,0.0006958942171238407,9.993040957898353e-09,NORMAL
4848,0.9993040957898353,0.0006958942171238407,9.993040957898353e-09,NORMAL
4849,0.9993040957898353,0.0006958942171238407,9.993040957898353e-09,NORMAL
4850,0.9993040957898353,0.0006958942171238407,9.993040957898353e-09,NORMAL
4851,0.9993040957898353,0.0006958942171238407,9.993040957898353e-09,NORMAL
4852,0.9993040957898353,0.0006958942171238407,9.993040957898353e-09,NORMAL
4853,0.9993040957898353,0.0006958942171238407,9.993040957898353e-09,NORMAL
4854,0.9993040957898353,0.0006958942171238407,9.993040957898353e-09,NORMAL
4855,0.9993040957898353,0.0006958942171238407,9.993040957898353e-09,NORMAL
4856,0.9993040957898353,0.0006958942171238407,9.993040957898353e-09,NORMAL
4857,0.9993040957898353,0.0006958942171238407,9.993040957898353e-09,NORMAL
4858,0.9993040957898353,0.0006958942171238407,9.993040957898353e-09,NORMAL
4859,0.9993040957898353,0.0006958942171238407,9.993040957898353e-09,NORMAL
4860,0.9999999800000006,9.999999800000005e-09,9.999999800000005e-09,NORMAL
4861,0.9999999800000006,9.999999800000005e-09,9.999999800000005e-09,NORMAL
4862,0.9999999800000006,9.999999800000005e-09,9.999999800000005e-09,NORMAL
4863,0.9999999800000006,9.999999800000005e-09,9.999999800000005e-09,NORMAL
4864,0.9999999800000006,9.999999800000005e-09,9.999999800000005e-09,NORMAL
4865,0.9999999800000006,9.999999800000005e-09,9.999999800000005e-09,NORMAL
4866,0.9999999800000006,9.999999800000005e-09,9.999999800000005e-09,NORMAL
4867,0.9999999800000006,9.999999800000005e-09,9.999999800000005e-09,NORMAL
4868,0.9999999800000006,9.999999800000005e-09,9.999999800000005e-09,NORMAL
4869,0.9999999800000006,9.999999800000005e-09,9.999999800000005e-09,NORMAL
4870,0.9999999800000006,9.999999800000005e-09,9.999999800000005e-09,NORMAL
4871,0.9999999800000006,9.999999800000005e-09,9.999999800000005e-09,NORMAL
4872,0.9999999800000006,9.999999800000005e-09,9.999999800000005e-09,NORMAL
4873,0.9999999800000006,9.999999800000005e-09,9.999999800000005e-09,NORMAL
4874,0.9999999800000006,9.999999800000005e-09,9.999999800000005e-09,NORMAL
4875,0.9999999800000006,9.999999800000005e-09,9.999999800000005e-09,NORMAL
4876,0.9999999800000006,9.999999800000005e-09,9.999999800000005e-09,NORMAL
4877,0.9999999800000006,9.999999800000005e-09,9.999999800000005e-09,NORMAL
4878,0.9999999800000006,9.999999800000005e-09,9.999999800000005e-09,NORMAL
4879,0.9999999800000006,9.999999800000005e-09,9.999999800000005e-09,NORMAL
4880,0.9999999800000006,9.999999800000005e-09,9.999999800000005e-09,NORMAL
4881,0.9999999800000006,9.999999800000005e-09,9.999999800000005e-09,NORMAL
4882,0.9999999800000006,9.999999800000005e-09,9.999999800000005e-09,NORMAL
4883,0.9999999800000006,9.999999800000005e-09,9.999999800000005e-09,NORMAL
4884,0.9999999800000006,9.999999800000005e-09,9.999999800000005e-09,NORMAL
4885,0.9999999800000006,9.999999800000005e-09,9.999999800000005e-09,NORMAL
4886,0.9999999800000006,9.999999800000005e-09,9.999999800000005e-09,NORMAL
4887,0.9999999800000006,9.999999800000005e-09,9.999999800000005e-09,NORMAL
4888,0.9999999800000006,9.999999800000005e-09,9.999999800000005e-09,NORMAL
4889,0.9999999800000006,9.999999800000005e-09,9.999999800000005e-09,NORMAL
4890,0.9999999800000006,9.999999800000005e-09,9.999999800000005e-09,NORMAL
4891,0.9999999800000006,9.999999800000005e-09,9.999999800000005e-09,NORMAL
4892,0.9999999800000006,9.999999800000005e-09,9.999999800000005e-09,NORMAL
4893,0.9999999800000006,9.999999800000005e-09,9.999999800000005e-09,NORMAL
4894,0.9999999800000006,9.999999800000005e-09,9.999999800000005e-09,NORMAL
4895,0.9999999800000006,9.999999800000005e-09,9.999999800000005e-09,NORMAL
4896,0.9999999800000006,9.999999800000005e-09,9.999999800000005e-09,NORMAL
4897,0.9999999800000006,9.999999800000005e-09,9.999999800000005e-09,NORMAL
4898,0.9999999800000006,9.999999800000005e-09,9.999999800000005e-09,NORMAL
4899,0.9999999800000006,9.999999800000005e-09,9.999999800000005e-09,NORMAL
4900,0.9999999800000006,9.999999800000005e-09,9.999999800000005e-09,NORMAL
4901,0.9999999800000006,9.999999800000005e-09,9.999999800000005e-09,NORMAL
4902,0.9999999800000006,9.999999800000005e-09,9.999999800000005e-09,NORMAL
4903,0.9999999800000006,9.999999800000005e-09,9.999999800000005e-09,NORMAL
4904,0.9999999800000006,9.999999800000005e-09,9.999999800000005e-09,NORMAL
4905,0.9999999800000006,9.999999800000005e-09,9.999999800000005e-09,NORMAL
4906,0.9999999800000006,9.999999800000005e-09,9.999999800000005e-09,NORMAL
4907,0.9999999800000006,9.999999800000005e-09,9.999999800000005e-09,NORMAL
4908,0.9999999800000006,9.999999800000005e-09,9.999999800000005e-09,NORMAL
4909,0.9999999800000006,9.999999800000005e-09,9.999999800000005e-09,NORMAL
4910,0.9999999800000006,9.999999800000005e-09,9.999999800000005e-09,NORMAL
4911,0.9999999800000006,9.999999800000005e-09,9.999999800000005e-09,NORMAL
4912,0.9999999800000006,9.999999800000005e-09,9.999999800000005e-09,NORMAL
4913,0.9999999800000006,9.999999800000005e-09,9.999999800000005e-09,NORMAL
4914,0.9999999800000006,9.999999800000005e-09,9.999999800000005e-09,NORMAL
4915,0.9999999800000006,9.999999800000005e-09,9.999999800000005e-09,NORMAL
4916,0.9999999800000006,9.999999800000005e-09,9.999999800000005e-09,NORMAL
4917,0.9999999800000006,9.999999800000005e-09,9.999999800000005e-09,NORMAL
4918,0.9999999800000006,9.999999800000005e-09,9.999999800000005e-09,NORMAL
4919,0.9999999800000006,9.999999800000005e-09,9.999999800000005e-09,NORMAL
4920,0.9999999800000006,9.999999800000005e-09,9.999999800000005e-09,NORMAL
4921,0.9999999800000006,9.999999800000005e-09,9.999999800000005e-09,NORMAL
4922,0.9999999800000006,9.999999800000005e-09,9.999999800000005e-09,NORMAL
4923,0.9999999800000006,9.999999800000005e-09,9.999999800000005e-09,NORMAL
4924,0.9999999800000006,9.999999800000005e-09,9.999999800000005e-09,NORMAL
4925,0.9999999800000006,9.999999800000005e-09,9.999999800000005e-09,NORMAL
4926,0.9999999800000006,9.999999800000005e-09,9.999999800000005e-09,NORMAL
4927,0.9999999800000006,9.999999800000005e-09,9.999999800000005e-09,NORMAL
4928,0.9999999800000006,9.999999800000005e-09,9.999999800000005e-09,NORMAL
4929,0.9999999800000006,9.999999800000005e-09,9.999999800000005e-09,NORMAL
4930,0.9999999800000006,9.999999800000005e-09,9.999999800000005e-09,NORMAL
4931,0.9999999800000006,9.999999800000005e-09,9.999999800000005e-09,NORMAL
4932,0.9999999800000006,9.999999800000005e-09,9.999999800000005e-09,NORMAL
4933,0.9999999800000006,9.999999800000005e-09,9.999999800000005e-09,NORMAL
4934,0.9999999800000006,9.999999800000005e-09,9.999999800000005e-09,NORMAL
4935,0.9999999800000006,9.999999800000005e-09,9.999999800000005e-09,NORMAL
4936,0.9999999800000006,9.999999800000005e-09,9.999999800000005e-09,NORMAL
4937,0.9999999800000006,9.999999800000005e-09,9.999999800000005e-09,NORMAL
4938,0.9999999800000006,9.999999800000005e-09,9.999999800000005e-09,NORMAL
4939,0.9999999800000006,9.999999800000005e-09,9.999999800000005e-09,NORMAL
4940,0.9999999800000006,9.999999800000005e-09,9.999999800000005e-09,NORMAL
4941,0.9999999800000006,9.999999800000005e-09,9.999999800000005e-09,NORMAL
4942,0.9999999800000006,9.999999800000005e-09,9.999999800000005e-09,NORMAL
4943,0.9999999800000006,9.999999800000005e-09,9.999999800000005e-09,NORMAL
4944,0.9999999800000006,9.999999800000005e-09,9.999999800000005e-09,NORMAL
4945,0.9999999800000006,9.999999800000005e-09,9.999999800000005e-09,NORMAL
4946,0.9999999800000006,9.999999800000005e-09,9.999999800000005e-09,NORMAL
4947,0.9999999800000006,9.999999800000005e-09,9.999999800000005e-09,NORMAL
4948,0.9999999800000006,9.999999800000005e-09,9.999999800000005e-09,NORMAL
4949,0.9999999800000006,9.999999800000005e-09,9.999999800000005e-09,NORMAL
4950,0.9993040957898353,0.0006958942171238407,9.993040957898353e-09,NORMAL
4951,0.9993040957898353,0.0006958942171238407,9.993040957898353e-09,NORMAL
4952,0.9993040957898353,0.0006958942171238407,9.993040957898353e-09,NORMAL
4953,0.9993040957898353,0.0006958942171238407,9.993040957898353e-09,NORMAL
4954,0.9993040957898353,0.0006958942171238407,9.993040957898353e-09,NORMAL
4955,0.9993040957898353,0.0006958942171238407,9.993040957898353e-09,NORMAL
4956,0.9993040957898353,0.0006958942171238407,9.993040957898353e-09,NORMAL
4957,0.9993040957898353,0.0006958942171238407,9.993040957898353e-09,NORMAL
4958,0.9993040957898353,0.0006958942171238407,9.993040957898353e-09,NORMAL
4959,0.9993040957898353,0.0006958942171238407,9.993040957898353e-09,NORMAL
4960,0.9993040957898353,0.0006958942171238407,9.993040957898353e-09,NORMAL
4961,0.9993040957898353,0.0006958942171238407,9.993040957898353e-09,NORMAL
4962,0.9993040957898353,0.0006958942171238407,9.993040957898353e-09,NORMAL
4963,0.9993040957898353,0.0006958942171238407,9.993040957898353e-09,NORMAL
4964,0.9993040957898353,0.0006958942171238407,9.993040957898353e-09,NORMAL
4965,0.9993040957898353,0.0006958942171238407,9.993040957898353e-09,NORMAL
4966,0.9993040957898353,0.0006958942171238407,9.993040957898353e-09,NORMAL
4967,0.9993040957898353,0.0006958942171238407,9.993040957898353e-09,NORMAL
4968,0.9993040957898353,0.0006958942171238407,9.993040957898353e-09,NORMAL
4969,0.9993040957898353,0.0006958942171238407,9.993040957898353e-09,NORMAL
4970,0.9993040957898353,0.0006958942171238407,9.993040957898353e-09,NORMAL
4971,0.9993040957898353,0.0006958942171238407,9.993040957898353e-09,NORMAL
4972,0.9993040957898353,0.0006958942171238407,9.993040957898353e-09,NORMAL
4973,0.9993040957898353,0.0006958942171238407,9.993040957898353e-09,NORMAL
4974,0.9993040957898353,0.0006958942171238407,9.993040957898353e-09,NORMAL
4975,0.9993040957898353,0.0006958942171238407,9.993040957898353e-09,NORMAL
4976,0.9993040957898353,0.0006958942171238407,9.993040957898353e-09,NORMAL
4977,0.9993040957898353,0.0006958942171238407,9.993040957898353e-09,NORMAL
4978,0.9993040957898353,0.0006958942171238407,9.993040957898353e-09,NORMAL
4979,0.9993040957898353,0.0006958942171238407,9.993040957898353e-09,NORMAL
4980,0.9993040957898353,0.0006958942171238407,9.993040957898353e-09,NORMAL
4981,0.9993040957898353,0.0006958942171238407,9.993040957898353e-09,NORMAL
4982,0.9993040957898353,0.0006958942171238407,9.993040957898353e-09,NORMAL
4983,0.9993040957898353,0.0006958942171238407,9.993040957898353e-09,NORMAL
4984,0.9993040957898353,0.0006958942171238407,9.993040957898353e-09,NORMAL
4985,0.9993040957898353,0.0006958942171238407,9.993040957898353e-09,NORMAL
4986,0.9999999800000006,9.999999800000005e-09,9.999999800000005e-09,NORMAL
4987,0.9999999800000006,9.999999800000005e-09,9.999999800000005e-09,NORMAL
4988,0.9999999800000006,9.999999800000005e-09,9.999999800000005e-09,NORMAL
4989,0.9999999800000006,9.999999800000005e-09,9.999999800000005e-09,NORMAL
4990,0.9999999800000006,9.999999800000005e-09,9.999999800000005e-09,NORMAL
4991,0.9999999800000006,9.999999800000005e-09,9.999999800000005e-09,NORMAL
4992,0.9999999800000006,9.999999800000005e-09,9.999999800000005e-09,NORMAL
4993,0.9999999800000006,9.999999800000005e-09,9.999999800000005e-09,NORMAL
4994,0.9999999800000006,9.999999800000005e-09,9.999999800000005e-09,NORMAL
4995,0.9999999800000006,9.999999800000005e-09,9.999999800000005e-09,NORMAL
4996,0.9999999800000006,9.999999800000005e-09,9.999999800000005e-09,NORMAL
4997,0.9999999800000006,9.999999800000005e-09,9.999999800000005e-09,NORMAL
4998,0.9999999800000006,9.999999800000005e-09,9.999999800000005e-09,NORMAL
4999,0.9999999800000006,9.999999800000005e-09,9.999999800000005e-09,NORMAL
5000,0.9999999800000006,9.999999800000005e-09,9.999999800000005e-09,NORMAL
5001,0.9999999800000006,9.999999800000005e-09,9.999999800000005e-09,NORMAL
5002,0.9999999800000006,9.999999800000005e-09,9.999999800000005e-09,NORMAL
5003,0.9999999800000006,9.999999800000005e-09,9.999999800000005e-09,NORMAL
5004,0.9993040957898353,0.0006958942171238407,9.993040957898353e-09,NORMAL
5005,0.9993040957898353,0.0006958942171238407,9.993040957898353e-09,NORMAL
5006,0.9993040957898353,0.0006958942171238407,9.993040957898353e-09,NORMAL
5007,0.9993040957898353,0.0006958942171238407,9.993040957898353e-09,NORMAL
5008,0.9993040957898353,0.0006958942171238407,9.993040957898353e-09,NORMAL
5009,0.9993040957898353,0.0006958942171238407,9.993040957898353e-09,NORMAL
5010,0.9993040957898353,0.0006958942171238407,9.993040957898353e-09,NORMAL
5011,0.9993040957898353,0.0006958942171238407,9.993040957898353e-09,NORMAL
5012,0.9993040957898353,0.0006958942171238407,9.993040957898353e-09,NORMAL
5013,0.9993040957898353,0.0006958942171238407,9.993040957898353e-09,NORMAL
5014,0.9993040957898353,0.0006958942171238407,9.993040957898353e-09,NORMAL
5015,0.9993040957898353,0.0006958942171238407,9.993040957898353e-09,NORMAL
5016,0.9993040957898353,0.0006958942171238407,9.993040957898353e-09,NORMAL
5017,0.9993040957898353,0.0006958942171238407,9.993040957898353e-09,NORMAL
5018,0.9993040957898353,0.0006958942171238407,9.993040957898353e-09,NORMAL
5019,0.9993040957898353,0.0006958942171238407,9.993040957898353e-09,NORMAL
5020,0.9993040957898353,0.0006958942171238407,9.993040957898353e-09,NORMAL
5021,0.9993040957898353,0.0006958942171238407,9.993040957898353e-09,NORMAL
5022,0.9999999800000006,9.999999800000005e-09,9.999999800000005e-09,NORMAL
5023,0.9999999800000006,9.999999800000005e-09,9.999999800000005e-09,NORMAL
5024,0.9999999800000006,9.999999800000005e-09,9.999999800000005e-09,NORMAL
5025,0.9999999800000006,9.999999800000005e-09,9.999999800000005e-09,NORMAL
5026,0.9999999800000006,9.999999800000005e-09,9.999999800000005e-09,NORMAL
5027,0.9999999800000006,9.999999800000005e-09,9.999999800000005e-09,NORMAL
5028,0.9999999800000006,9.999999800000005e-09,9.999999800000005e-09,NORMAL
5029,0.9999999800000006,9.999999800000005e-09,9.999999800000005e-09,NORMAL
5030,0.9999999800000006,9.999999800000005e-09,9.999999800000005e-09,NORMAL
5031,0.9999999800000006,9.999999800000005e-09,9.999999800000005e-09,NORMAL
5032,0.9999999800000006,9.999999800000005e-09,9.999999800000005e-09,NORMAL
5033,0.9999999800000006,9.999999800000005e-09,9.999999800000005e-09,NORMAL
5034,0.9999999800000006,9.999999800000005e-09,9.999999800000005e-09,NORMAL
5035,0.9999999800000006,9.999999800000005e-09,9.999999800000005e-09,NORMAL
5036,0.9999999800000006,9.999999800000005e-09,9.999999800000005e-09,NORMAL
5037,0.9999999800000006,9.999999800000005e-09,9.999999800000005e-09,NORMAL
5038,0.9999999800000006,9.999999800000005e-09,9.999999800000005e-09,NORMAL
5039,0.9999999800000006,9.999999800000005e-09,9.999999800000005e-09,NORMAL
5040,0.9993040957898353,0.0006958942171238407,9.993040957898353e-09,NORMAL
5041,0.9993040957898353,0.0006958942171238407,9.993040957898353e-09,NORMAL
5042,0.9993040957898353,0.0006958942171238407,9.993040957898353e-09,NORMAL
5043,0.9993040957898353,0.0006958942171238407,9.993040957898353e-09,NORMAL
5044,0.9993040957898353,0.0006958942171238407,9.993040957898353e-09,NORMAL
5045,0.9993040957898353,0.0006958942171238407,9.993040957898353e-09,NORMAL
5046,0.9993040957898353,0.0006958942171238407,9.993040957898353e-09,NORMAL
5047,0.9993040957898353,0.0006958942171238407,9.993040957898353e-09,NORMAL
5048,0.9993040957898353,0.0006958942171238407,9.993040957898353e-09,NORMAL
5049,0.9993040957898353,0.0006958942171238407,9.993040957898353e-09,NORMAL
5050,0.9993040957898353,0.0006958942171238407,9.993040957898353e-09,NORMAL
5051,0.9993040957898353,0.0006958942171238407,9.993040957898353e-09,NORMAL
5052,0.9993040957898353,0.0006958942171238407,9.993040957898353e-09,NORMAL
5053,0.9993040957898353,0.0006958942171238407,9.993040957898353e-09,NORMAL
5054,0.9993040957898353,0.0006958942171238407,9.993040957898353e-09,NORMAL
5055,0.9993040957898353,0.0006958942171238407,9.993040957898353e-09,NORMAL
5056,0.9993040957898353,0.0006958942171238407,9.993040957898353e-09,NORMAL
5057,0.9993040957898353,0.0006958942171238407,9.993040957898353e-09,NORMAL
5058,0.9993040957898353,0.0006958942171238407,9.993040957898353e-09,NORMAL
5059,0.9993040957898353,0.0006958942171238407,9.993040957898353e-09,NORMAL
5060,0.9993040957898353,0.0006958942171238407,9.993040957898353e-09,NORMAL
5061,0.9993040957898353,0.0006958942171238407,9.993040957898353e-09,NORMAL
5062,0.9993040957898353,0.0006958942171238407,9.993040957898353e-09,NORMAL
5063,0.9993040957898353,0.0006958942171238407,9.993040957898353e-09,NORMAL
5064,0.9993040957898353,0.0006958942171238407,9.993040957898353e-09,NORMAL
5065,0.9993040957898353,0.0006958942171238407,9.993040957898353e-09,NORMAL
5066,0.9993040957898353,0.0006958942171238407,9.993040957898353e-09,NORMAL
5067,0.9993040957898353,0.0006958942171238407,9.993040957898353e-09,NORMAL
5068,0.9993040957898353,0.0006958942171238407,9.993040957898353e-09,NORMAL
5069,0.9993040957898353,0.0006958942171238407,9.993040957898353e-09,NORMAL
5070,0.9993040957898353,0.0006958942171238407,9.993040957898353e-09,NORMAL
5071,0.9993040957898353,0.0006958942171238407,9.993040957898353e-09,NORMAL
5072,0.9993040957898353,0.0006958942171238407,9.993040957898353e-09,NORMAL
5073,0.9993040957898353,0.0006958942171238407,9.993040957898353e-09,NORMAL
5074,0.9993040957898353,0.0006958942171238407,9.993040957898353e-09,NORMAL
5075,0.9993040957898353,0.0006958942171238407,9.993040957898353e-09,NORMAL
5076,0.9999999800000006,9.999999800000005e-09,9.999999800000005e-09,NORMAL
5077,0.9999999800000006,9.999999800000005e-09,9.999999800000005e-09,NORMAL
5078,0.9999999800000006,9.999999800000005e-09,9.999999800000005e-09,NORMAL
5079,0.9999999800000006,9.999999800000005e-09,9.999999800000005e-09,NORMAL
5080,0.9999999800000006,9.999999800000005e-09,9.999999800000005e-09,NORMAL
5081,0.9999999800000006,9.999999800000005e-09,9.999999800000005e-09,NORMAL
5082,0.9999999800000006,9.999999800000005e-09,9.999999800000005e-09,NORMAL
5083,0.9999999800000006,9.999999800000005e-09,9.999999800000005e-09,NORMAL
5084,0.9999999800000006,9.999999800000005e-09,9.999999800000005e-09,NORMAL
5085,0.9999999800000006,9.999999800000005e-09,9.999999800000005e-09,NORMAL
5086,0.9999999800000006,9.999999800000005e-09,9.999999800000005e-09,NORMAL
5087,0.9999999800000006,9.999999800000005e-09,9.999999800000005e-09,NORMAL
5088,0.9999999800000006,9.999999800000005e-09,9.999999800000005e-09,NORMAL
5089,0.9999999800000006,9.999999800000005e-09,9.999999800000005e-09,NORMAL
5090,0.9999999800000006,9.999999800000005e-09,9.999999800000005e-09,NORMAL
5091,0.9999999800000006,9.999999800000005e-09,9.999999800000005e-09,NORMAL
5092,0.9999999800000006,9.999999800000005e-09,9.999999800000005e-09,NORMAL
5093,0.9999999800000006,9.999999800000005e-09,9.999999800000005e-09,NORMAL
5094,0.9999999800000006,9.999999800000005e-09,9.999999800000005e-09,NORMAL
5095,0.9999999800000006,9.999999800000005e-09,9.999999800000005e-09,NORMAL
5096,0.9999999800000006,9.999999800000005e-09,9.999999800000005e-09,NORMAL
5097,0.9999999800000006,9.999999800000005e-09,9.999999800000005e-09,NORMAL
5098,0.9999999800000006,9.999999800000005e-09,9.999999800000005e-09,NORMAL
5099,0.9999999800000006,9.999999800000005e-09,9.999999800000005e-09,NORMAL
5100,0.9999999800000006,9.999999800000005e-09,9.999999800000005e-09,NORMAL
5101,0.9999999800000006,9.999999800000005e-09,9.999999800000005e-09,NORMAL
5102,0.9999999800000006,9.999999800000005e-09,9.999999800000005e-09,NORMAL
5103,0.9999999800000006,9.999999800000005e-09,9.999999800000005e-09,NORMAL
5104,0.9999999800000006,9.999999800000005e-09,9.999999800000005e-09,NORMAL
5105,0.9999999800000006,9.999999800000005e-09,9.999999800000005e-09,NORMAL
5106,0.9999999800000006,9.999999800000005e-09,9.999999800000005e-09,NORMAL
5107,0.9999999800000006,9.999999800000005e-09,9.999999800000005e-09,NORMAL
5108,0.9999999800000006,9.999999800000005e-09,9.999999800000005e-09,NORMAL
5109,0.9999999800000006,9.999999800000005e-09,9.999999800000005e-09,NORMAL
5110,0.9999999800000006,9.999999800000005e-09,9.999999800000005e-09,NORMAL
5111,0.9999999800000006,9.999999800000005e-09,9.999999800000005e-09,NORMAL
5112,0.9993040957898353,0.0006958942171238407,9.993040957898353e-09,NORMAL
5113,0.9993040957898353,0.0006958942171238407,9.993040957898353e-09,NORMAL
5114,0.9993040957898353,0.0006958942171238407,9.993040957898353e-09,NORMAL
5115,0.9993040957898353,0.0006958942171238407,9.993040957898353e-09,NORMAL
5116,0.9993040957898353,0.0006958942171238407,9.993040957898353e-09,NORMAL
5117,0.9993040957898353,0.0006958942171238407,9.993040957898353e-09,NORMAL
5118,0.9993040957898353,0.0006958942171238407,9.993040957898353e-09,NORMAL
5119,0.9993040957898353,0.0006958942171238407,9.993040957898353e-09,NORMAL
5120,0.9993040957898353,0.0006958942171238407,9.993040957898353e-09,NORMAL
5121,0.9993040957898353,0.0006958942171238407,9.993040957898353e-09,NORMAL
5122,0.9993040957898353,0.0006958942171238407,9.993040957898353e-09,NORMAL
5123,0.9993040957898353,0.0006958942171238407,9.993040957898353e-09,NORMAL
5124,0.9993040957898353,0.0006958942171238407,9.993040957898353e-09,NORMAL
5125,0.9993040957898353,0.0006958942171238407,9.993040957898353e-09,NORMAL
5126,0.9993040957898353,0.0006958942171238407,9.993040957898353e-09,NORMAL
5127,0.9993040957898353,0.0006958942171238407,9.993040957898353e-09,NORMAL
5128,0.9993040957898353,0.0006958942171238407,9.993040957898353e-09,NORMAL
5129,0.9993040957898353,0.0006958942171238407,9.993040957898353e-09,NORMAL
5130,0.9999999800000006,9.999999800000005e-09,9.999999800000005e-09,NORMAL
5131,0.9999999800000006,9.999999800000005e-09,9.999999800000005e-09,NORMAL
5132,0.9999999800000006,9.999999800000005e-09,9.999999800000005e-09,NORMAL
5133,0.9999999800000006,9.999999800000005e-09,9.999999800000005e-09,NORMAL
5134,0.9999999800000006,9.999999800000005e-09,9.999999800000005e-09,NORMAL
5135,0.9999999800000006,9.999999800000005e-09,9.999999800000005e-09,NORMAL
5136,0.9999999800000006,9.999999800000005e-09,9.999999800000005e-09,NORMAL
5137,0.9999999800000006,9.999999800000005e-09,9.999999800000005e-09,NORMAL
5138,0.9999999800000006,9.999999800000005e-09,9.999999800000005e-09,NORMAL
5139,0.9999999800000006,9.999999800000005e-09,9.999999800000005e-09,NORMAL
5140,0.9999999800000006,9.999999800000005e-09,9.999999800000005e-09,NORMAL
5141,0.9999999800000006,9.999999800000005e-09,9.999999800000005e-09,NORMAL
5142,0.9999999800000006,9.999999800000005e-09,9.999999800000005e-09,NORMAL
5143,0.9999999800000006,9.999999800000005e-09,9.999999800000005e-09,NORMAL
5144,0.9999999800000006,9.999999800000005e-09,9.999999800000005e-09,NORMAL
5145,0.9999999800000006,9.999999800000005e-09,9.999999800000005e-09,NORMAL
5146,0.9999999800000006,9.999999800000005e-09,9.999999800000005e-09,NORMAL
5147,0.9999999800000006,9.999999800000005e-09,9.999999800000005e-09,NORMAL
5148,0.9993040957898353,0.0006958942171238407,9.993040957898353e-09,NORMAL
5149,0.9993040957898353,0.0006958942171238407,9.993040957898353e-09,NORMAL
5150,0.9993040957898353,0.0006958942171238407,9.993040957898353e-09,NORMAL
5151,0.9993040957898353,0.0006958942171238407,9.993040957898353e-09,NORMAL
5152,0.9993040957898353,0.0006958942171238407,9.993040957898353e-09,NORMAL
5153,0.9993040957898353,0.0006958942171238407,9.993040957898353e-09,NORMAL
5154,0.9993040957898353,0.0006958942171238407,9.993040957898353e-09,NORMAL
5155,0.9993040957898353,0.0006958942171238407,9.993040957898353e-09,NORMAL
5156,0.9993040957898353,0.0006958942171238407,9.993040957898353e-09,NORMAL
5157,0.9993040957898353,0.0006958942171238407,9.993040957898353e-09,NORMAL
5158,0.9993040957898353,0.0006958942171238407,9.993040957898353e-09,NORMAL
5159,0.9993040957898353,0.0006958942171238407,9.993040957898353e-09,NORMAL
5160,0.9993040957898353,0.0006958942171238407,9.993040957898353e-09,NORMAL
5161,0.9993040957898353,0.0006958942171238407,9.993040957898353e-09,NORMAL
5162,0.9993040957898353,0.0006958942171238407,9.993040957898353e-09,NORMAL
5163,0.9993040957898353,0.0006958942171238407,9.993040957898353e-09,NORMAL
5164,0.9993040957898353,0.0006958942171238407,9.993040957898353e-09,NORMAL
5165,0.9993040957898353,0.0006958942171238407,9.993040957898353e-09,NORMAL
5166,0.9999999800000006,9.999999800000005e-09,9.999999800000005e-09,NORMAL
5167,0.9999999800000006,9.999999800000005e-09,9.999999800000005e-09,NORMAL
5168,0.9999999800000006,9.999999800000005e-09,9.999999800000005e-09,NORMAL
5169,0.9999999800000006,9.999999800000005e-09,9.999999800000005e-09,NORMAL
5170,0.9999999800000006,9.999999800000005e-09,9.999999800000005e-09,NORMAL
5171,0.9999999800000006,9.999999800000005e-09,9.999999800000005e-09,NORMAL
5172,0.9999999800000006,9.999999800000005e-09,9.999999800000005e-09,NORMAL
5173,0.9999999800000006,9.999999800000005e-09,9.999999800000005e-09,NORMAL
5174,0.9999999800000006,9.999999800000005e-09,9.999999800000005e-09,NORMAL
5175,0.9999999800000006,9.999999800000005e-09,9.999999800000005e-09,NORMAL
5176,0.9999999800000006,9.999999800000005e-09,9.999999800000005e-09,NORMAL
5177,0.9999999800000006,9.999999800000005e-09,9.999999800000005e-09,NORMAL
5178,0.9999999800000006,9.999999800000005e-09,9.999999800000005e-09,NORMAL
5179,0.9999999800000006,9.999999800000005e-09,9.999999800000005e-09,NORMAL
5180,0.9999999800000006,9.999999800000005e-09,9.999999800000005e-09,NORMAL
5181,0.9999999800000006,9.999999800000005e-09,9.999999800000005e-09,NORMAL
5182,0.9999999800000006,9.999999800000005e-09,9.999999800000005e-09,NORMAL
5183,0.9999999800000006,9.999999800000005e-09,9.999999800000005e-09,NORMAL
5184,0.9993040957898353,0.0006958942171238407,9.993040957898353e-09,NORMAL
5185,0.9993040957898353,0.0006958942171238407,9.993040957898353e-09,NORMAL
5186,0.9993040957898353,0.0006958942171238407,9.993040957898353e-09,NORMAL
5187,0.9993040957898353,0.0006958942171238407,9.993040957898353e-09,NORMAL
5188,0.9993040957898353,0.0006958942171238407,9.993040957898353e-09,NORMAL
5189,0.9993040957898353,0.0006958942171238407,9.993040957898353e-09,NORMAL
5190,0.9993040957898353,0.0006958942171238407,9.993040957898353e-09,NORMAL
5191,0.9993040957898353,0.0006958942171238407,9.993040957898353e-09,NORMAL
5192,0.9993040957898353,0.0006958942171238407,9.993040957898353e-09,NORMAL
5193,0.9993040957898353,0.0006958942171238407,9.993040957898353e-09,NORMAL
5194,0.9993040957898353,0.0006958942171238407,9.993040957898353e-09,NORMAL
5195,0.9993040957898353,0.0006958942171238407,9.993040957898353e-09,NORMAL
5196,0.9993040957898353,0.0006958942171238407,9.993040957898353e-09,NORMAL
5197,0.9993040957898353,0.0006958942171238407,9.993040957898353e-09,NORMAL
5198,0.9993040957898353,0.0006958942171238407,9.993040957898353e-09,NORMAL
5199,0.9993040957898353,0.0006958942171238407,9.993040957898353e-09,NORMAL
5200,0.9993040957898353,0.0006958942171238407,9.993040957898353e-09,NORMAL
5201,0.9993040957898353,0.0006958942171238407,9.993040957898353e-09,NORMAL
5202,0.9999999800000006,9.999999800000005e-09,9.999999800000005e-09,NORMAL
5203,0.9999999800000006,9.999999800000005e-09,9.999999800000005e-09,NORMAL
5204,0.9999999800000006,9.999999800000005e-09,9.999999800000005e-09,NORMAL
5205,0.9999999800000006,9.999999800000005e-09,9.999999800000005e-09,NORMAL
5206,0.9999999800000006,9.999999800000005e-09,9.999999800000005e-09,NORMAL
5207,0.9999999800000006,9.999999800000005e-09,9.999999800000005e-09,NORMAL
5208,0.9999999800000006,9.999999800000005e-09,9.999999800000005e-09,NORMAL
5209,0.9999999800000006,9.999999800000005e-09,9.999999800000005e-09,NORMAL
5210,0.9999999800000006,9.999999800000005e-09,9.999999800000005e-09,NORMAL
5211,0.9999999800000006,9.999999800000005e-09,9.999999800000005e-09,NORMAL
5212,0.9999999800000006,9.999999800000005e-09,9.999999800000005e-09,NORMAL
5213,0.9999999800000006,9.999999800000005e-09,9.999999800000005e-09,NORMAL
5214,0.9999999800000006,9.999999800000005e-09,9.999999800000005e-09,NORMAL
5215,0.9999999800000006,9.999999800000005e-09,9.999999800000005e-09,NORMAL
5216,0.9999999800000006,9.999999800000005e-09,9.999999800000005e-09,NORMAL
5217,0.9999999800000006,9.999999800000005e-09,9.999999800000005e-09,NORMAL
5218,0.9999999800000006,9.999999800000005e-09,9.999999800000005e-09,NORMAL
5219,0.9999999800000006,9.999999800000005e-09,9.999999800000005e-09,NORMAL
5220,0.9993040957898353,0.0006958942171238407,9.993040957898353e-09,NORMAL
5221,0.9993040957898353,0.0006958942171238407,9.993040957898353e-09,NORMAL
5222,0.9993040957898353,0.0006958942171238407,9.993040957898353e-09,NORMAL
5223,0.9993040957898353,0.0006958942171238407,9.993040957898353e-09,NORMAL
5224,0.9993040957898353,0.0006958942171238407,9.993040957898353e-09,NORMAL
5225,0.9993040957898353,0.0006958942171238407,9.993040957898353e-09,NORMAL
5226,0.9993040957898353,0.0006958942171238407,9.993040957898353e-09,NORMAL
5227,0.9993040957898353,0.0006958942171238407,9.993040957898353e-09,NORMAL
5228,0.9993040957898353,0.0006958942171238407,9.993040957898353e-09,NORMAL
5229,0.9993040957898353,0.0006958942171238407,9.993040957898353e-09,NORMAL
5230,0.9993040957898353,0.0006958942171238407,9.993040957898353e-09,NORMAL
5231,0.9993040957898353,0.0006958942171238407,9.993040957898353e-09,NORMAL
5232,0.9993040957898353,0.0006958942171238407,9.993040957898353e-09,NORMAL
5233,0.9993040957898353,0.0006958942171238407,9.993040957898353e-09,NORMAL
5234,0.9993040957898353,0.0006958942171238407,9.993040957898353e-09,NORMAL
5235,0.9993040957898353,0.0006958942171238407,9.993040957898353e-09,NORMAL
5236,0.9993040957898353,0.0006958942171238407,9.993040957898353e-09,NORMAL
5237,0.9993040957898353,0.0006958942171238407,9.993040957898353e-09,NORMAL
5238,0.9999999800000006,9.999999800000005e-09,9.999999800000005e-09,NORMAL
5239,0.9999999800000006,9.999999800000005e-09,9.999999800000005e-09,NORMAL
5240,0.9999999800000006,9.999999800000005e-09,9.999999800000005e-09,NORMAL
5241,0.9999999800000006,9.999999800000005e-09,9.999999800000005e-09,NORMAL
5242,0.9999999800000006,9.999999800000005e-09,9.999999800000005e-09,NORMAL
5243,0.9999999800000006,9.999999800000005e-09,9.999999800000005e-09,NORMAL
5244,0.9999999800000006,9.999999800000005e-09,9.999999800000005e-09,NORMAL
5245,0.9999999800000006,9.999999800000005e-09,9.999999800000005e-09,NORMAL
5246,0.9999999800000006,9.999999800000005e-09,9.999999800000005e-09,NORMAL
5247,0.9999999800000006,9.999999800000005e-09,9.999999800000005e-09,NORMAL
5248,0.9999999800000006,9.999999800000005e-09,9.999999800000005e-09,NORMAL
5249,0.9999999800000006,9.999999800000005e-09,9.999999800000005e-09,NORMAL
5250,0.9999999800000006,9.999999800000005e-09,9.999999800000005e-09,NORMAL
5251,0.9999999800000006,9.999999800000005e-09,9.999999800000005e-09,NORMAL
5252,0.9999999800000006,9.999999800000005e-09,9.999999800000005e-09,NORMAL
5253,0.9999999800000006,9.999999800000005e-09,9.999999800000005e-09,NORMAL
5254,0.9999999800000006,9.999999800000005e-09,9.999999800000005e-09,NORMAL
5255,0.9999999800000006,9.999999800000005e-09,9.999999800000005e-09,NORMAL
5256,0.9999999800000006,9.999999800000005e-09,9.999999800000005e-09,NORMAL
5257,0.9999999800000006,9.999999800000005e-09,9.999999800000005e-09,NORMAL
5258,0.9999999800000006,9.999999800000005e-09,9.999999800000005e-09,NORMAL
5259,0.9999999800000006,9.999999800000005e-09,9.999999800000005e-09,NORMAL
5260,0.9999999800000006,9.999999800000005e-09,9.999999800000005e-09,NORMAL
5261,0.9999999800000006,9.999999800000005e-09,9.999999800000005e-09,NORMAL
5262,0.9999999800000006,9.999999800000005e-09,9.999999800000005e-09,NORMAL
5263,0.9999999800000006,9.999999800000005e-09,9.999999800000005e-09,NORMAL
5264,0.9999999800000006,9.999999800000005e-09,9.999999800000005e-09,NORMAL
5265,0.9999999800000006,9.999999800000005e-09,9.999999800000005e-09,NORMAL
5266,0.9999999800000006,9.999999800000005e-09,9.999999800000005e-09,NORMAL
5267,0.9999999800000006,9.999999800000005e-09,9.999999800000005e-09,NORMAL
5268,0.9999999800000006,9.999999800000005e-09,9.999999800000005e-09,NORMAL
5269,0.9999999800000006,9.999999800000005e-09,9.999999800000005e-09,NORMAL
5270,0.9999999800000006,9.999999800000005e-09,9.999999800000005e-09,NORMAL
5271,0.9999999800000006,9.999999800000005e-09,9.999999800000005e-09,NORMAL
5272,0.9999999800000006,9.999999800000005e-09,9.999999800000005e-09,NORMAL
5273,0.9999999800000006,9.999999800000005e-09,9.999999800000005e-09,NORMAL
5274,0.9993040957898353,0.0006958942171238407,9.993040957898353e-09,NORMAL
5275,0.9993040957898353,0.0006958942171238407,9.993040957898353e-09,NORMAL
5276,0.9993040957898353,0.0006958942171238407,9.993040957898353e-09,NORMAL
5277,0.9993040957898353,0.0006958942171238407,9.993040957898353e-09,NORMAL
5278,0.9993040957898353,0.0006958942171238407,9.993040957898353e-09,NORMAL
5279,0.9993040957898353,0.0006958942171238407,9.993040957898353e-09,NORMAL
5280,0.9993040957898353,0.0006958942171238407,9.993040957898353e-09,NORMAL
5281,0.9993040957898353,0.0006958942171238407,9.993040957898353e-09,NORMAL
5282,0.9993040957898353,0.0006958942171238407,9.993040957898353e-09,NORMAL
5283,0.9993040957898353,0.0006958942171238407,9.993040957898353e-09,NORMAL
5284,0.9993040957898353,0.0006958942171238407,9.993040957898353e-09,NORMAL
5285,0.9993040957898353,0.0006958942171238407,9.993040957898353e-09,NORMAL
5286,0.9993040957898353,0.0006958942171238407,9.993040957898353e-09,NORMAL
5287,0.9993040957898353,0.0006958942171238407,9.993040957898353e-09,NORMAL
5288,0.9993040957898353,0.0006958942171238407,9.993040957898353e-09,NORMAL
5289,0.9993040957898353,0.0006958942171238407,9.993040957898353e-09,NORMAL
5290,0.9993040957898353,0.0006958942171238407,9.993040957898353e-09,NORMAL
5291,0.9993040957898353,0.0006958942171238407,9.993040957898353e-09,NORMAL
5292,0.9999999800000006,9.999999800000005e-09,9.999999800000005e-09,NORMAL
5293,0.9999999800000006,9.999999800000005e-09,9.999999800000005e-09,NORMAL
5294,0.9999999800000006,9.999999800000005e-09,9.999999800000005e-09,NORMAL
5295,0.9999999800000006,9.999999800000005e-09,9.999999800000005e-09,NORMAL
5296,0.9999999800000006,9.999999800000005e-09,9.999999800000005e-09,NORMAL
5297,0.9999999800000006,9.999999800000005e-09,9.999999800000005e-09,NORMAL
5298,0.9999999800000006,9.999999800000005e-09,9.999999800000005e-09,NORMAL
5299,0.9999999800000006,9.999999800000005e-09,9.999999800000005e-09,NORMAL
5300,0.9999999800000006,9.999999800000005e-09,9.999999800000005e-09,NORMAL
5301,0.9999999800000006,9.999999800000005e-09,9.999999800000005e-09,NORMAL
5302,0.9999999800000006,9.999999800000005e-09,9.999999800000005e-09,NORMAL
5303,0.9999999800000006,9.999999800000005e-09,9.999999800000005e-09,NORMAL
5304,0.9999999800000006,9.999999800000005e-09,9.999999800000005e-09,NORMAL
5305,0.9999999800000006,9.999999800000005e-09,9.999999800000005e-09,NORMAL
5306,0.9999999800000006,9.999999800000005e-09,9.999999800000005e-09,NORMAL
5307,0.9999999800000006,9.999999800000005e-09,9.999999800000005e-09,NORMAL
5308,0.9999999800000006,9.999999800000005e-09,9.999999800000005e-09,NORMAL
5309,0.9999999800000006,9.999999800000005e-09,9.999999800000005e-09,NORMAL
5310,0.9993040957898353,0.0006958942171238407,9.993040957898353e-09,NORMAL
5311,0.9993040957898353,0.0006958942171238407,9.993040957898353e-09,NORMAL
5312,0.9993040957898353,0.0006958942171238407,9.993040957898353e-09,NORMAL
5313,0.9993040957898353,0.0006958942171238407,9.993040957898353e-09,NORMAL
5314,0.9993040957898353,0.0006958942171238407,9.993040957898353e-09,NORMAL
5315,0.9993040957898353,0.0006958942171238407,9.993040957898353e-09,NORMAL
5316,0.9993040957898353,0.0006958942171238407,9.993040957898353e-09,NORMAL
5317,0.9993040957898353,0.0006958942171238407,9.993040957898353e-09,NORMAL
5318,0.9993040957898353,0.0006958942171238407,9.993040957898353e-09,NORMAL
5319,0.9993040957898353,0.0006958942171238407,9.993040957898353e-09,NORMAL
5320,0.9993040957898353,0.0006958942171238407,9.993040957898353e-09,NORMAL
5321,0.9993040957898353,0.0006958942171238407,9.993040957898353e-09,NORMAL
5322,0.9993040957898353,0.0006958942171238407,9.993040957898353e-09,NORMAL
5323,0.9993040957898353,0.0006958942171238407,9.993040957898353e-09,NORMAL
5324,0.9993040957898353,0.0006958942171238407,9.993040957898353e-09,NORMAL
5325,0.9993040957898353,0.0006958942171238407,9.993040957898353e-09,NORMAL
5326,0.9993040957898353,0.0006958942171238407,9.993040957898353e-09,NORMAL
5327,0.9993040957898353,0.0006958942171238407,9.993040957898353e-09,NORMAL
5328,0.9999999800000006,9.999999800000005e-09,9.999999800000005e-09,NORMAL
5329,0.9999999800000006,9.999999800000005e-09,9.999999800000005e-09,NORMAL
5330,0.9999999800000006,9.999999800000005e-09,9.999999800000005e-09,NORMAL
5331,0.9999999800000006,9.999999800000005e-09,9.999999800000005e-09,NORMAL
5332,0.9999999800000006,9.999999800000005e-09,9.999999800000005e-09,NORMAL
5333,0.9999999800000006,9.999999800000005e-09,9.999999800000005e-09,NORMAL
5334,0.9999999800000006,9.999999800000005e-09,9.999999800000005e-09,NORMAL
5335,0.9999999800000006,9.999999800000005e-09,9.999999800000005e-09,NORMAL
5336,0.9999999800000006,9.999999800000005e-09,9.999999800000005e-09,NORMAL
5337,0.9999999800000006,9.999999800000005e-09,9.999999800000005e-09,NORMAL
5338,0.9999999800000006,9.999999800000005e-09,9.999999800000005e-09,NORMAL
5339,0.9999999800000006,9.999999800000005e-09,9.999999800000005e-09,NORMAL
5340,0.9999999800000006,9.999999800000005e-09,9.999999800000005e-09,NORMAL
5341,0.9999999800000006,9.999999800000005e-09,9.999999800000005e-09,NORMAL
5342,0.9999999800000006,9.999999800000005e-09,9.999999800000005e-09,NORMAL
5343,0.9999999800000006,9.999999800000005e-09,9.999999800000005e-09,NORMAL
5344,0.9999999800000006,9.999999800000005e-09,9.999999800000005e-09,NORMAL
5345,0.9999999800000006,9.999999800000005e-09,9.999999800000005e-09,NORMAL
5346,0.9993040957898353,0.0006958942171238407,9.993040957898353e-09,NORMAL
5347,0.9993040957898353,0.0006958942171238407,9.993040957898353e-09,NORMAL
5348,0.9993040957898353,0.0006958942171238407,9.993040957898353e-09,NORMAL
5349,0.9993040957898353,0.0006958942171238407,9.993040957898353e-09,NORMAL
5350,0.9993040957898353,0.0006958942171238407,9.993040957898353e-09,NORMAL
5351,0.9993040957898353,0.0006958942171238407,9.993040957898353e-09,NORMAL
5352,0.9993040957898353,0.0006958942171238407,9.993040957898353e-09,NORMAL
5353,0.9993040957898353,0.0006958942171238407,9.993040957898353e-09,NORMAL
5354,0.9993040957898353,0.0006958942171238407,9.993040957898353e-09,NORMAL
5355,0.9993040957898353,0.0006958942171238407,9.993040957898353e-09,NORMAL
5356,0.9993040957898353,0.0006958942171238407,9.993040957898353e-09,NORMAL
5357,0.9993040957898353,0.0006958942171238407,9.993040957898353e-09,NORMAL
5358,0.9993040957898353,0.0006958942171238407,9.993040957898353e-09,NORMAL
5359,0.9993040957898353,0.0006958942171238407,9.993040957898353e-09,NORMAL
5360,0.9993040957898353,0.0006958942171238407,9.993040957898353e-09,NORMAL
5361,0.9993040957898353,0.0006958942171238407,9.993040957898353e-09,NORMAL
5362,0.9993040957898353,0.0006958942171238407,9.993040957898353e-09,NORMAL
5363,0.9993040957898353,0.0006958942171238407,9.993040957898353e-09,NORMAL
5364,0.9993040957898353,0.0006958942171238407,9.993040957898353e-09,NORMAL
5365,0.9993040957898353,0.0006958942171238407,9.993040957898353e-09,NORMAL
5366,0.9993040957898353,0.0006958942171238407,9.993040957898353e-09,NORMAL
5367,0.9993040957898353,0.0006958942171238407,9.993040957898353e-09,NORMAL
5368,0.9993040957898353,0.0006958942171238407,9.993040957898353e-09,NORMAL
5369,0.9993040957898353,0.0006958942171238407,9.993040957898353e-09,NORMAL
5370,0.9993040957898353,0.0006958942171238407,9.993040957898353e-09,NORMAL
5371,0.9993040957898353,0.0006958942171238407,9.993040957898353e-09,NORMAL
5372,0.9993040957898353,0.0006958942171238407,9.993040957898353e-09,NORMAL
5373,0.9993040957898353,0.0006958942171238407,9.993040957898353e-09,NORMAL
5374,0.9993040957898353,0.0006958942171238407,9.993040957898353e-09,NORMAL
5375,0.9993040957898353,0.0006958942171238407,9.993040957898353e-09,NORMAL
5376,0.9993040957898353,0.0006958942171238407,9.993040957898353e-09,NORMAL
5377,0.9993040957898353,0.0006958942171238407,9.993040957898353e-09,NORMAL
5378,0.9993040957898353,0.0006958942171238407,9.993040957898353e-09,NORMAL
5379,0.9993040957898353,0.0006958942171238407,9.993040957898353e-09,NORMAL
5380,0.9993040957898353,0.0006958942171238407,9.993040957898353e-09,NORMAL
5381,0.9993040957898353,0.0006958942171238407,9.993040957898353e-09,NORMAL
5382,0.9999999800000006,9.999999800000005e-09,9.999999800000005e-09,NORMAL
5383,0.9999999800000006,9.999999800000005e-09,9.999999800000005e-09,NORMAL
5384,0.9999999800000006,9.999999800000005e-09,9.999999800000005e-09,NORMAL
5385,0.9999999800000006,9.999999800000005e-09,9.999999800000005e-09,NORMAL
5386,0.9999999800000006,9.999999800000005e-09,9.999999800000005e-09,NORMAL
5387,0.9999999800000006,9.999999800000005e-09,9.999999800000005e-09,NORMAL
5388,0.9999999800000006,9.999999800000005e-09,9.999999800000005e-09,NORMAL
5389,0.9999999800000006,9.999999800000005e-09,9.999999800000005e-09,NORMAL
5390,0.9999999800000006,9.999999800000005e-09,9.999999800000005e-09,NORMAL
5391,0.9999999800000006,9.999999800000005e-09,9.999999800000005e-09,NORMAL
5392,0.9999999800000006,9.999999800000005e-09,9.999999800000005e-09,NORMAL
5393,0.9999999800000006,9.999999800000005e-09,9.999999800000005e-09,NORMAL
5394,0.9999999800000006,9.999999800000005e-09,9.999999800000005e-09,NORMAL
5395,0.9999999800000006,9.999999800000005e-09,9.999999800000005e-09,NORMAL
5396,0.9999999800000006,9.999999800000005e-09,9.999999800000005e-09,NORMAL
5397,0.9999999800000006,9.999999800000005e-09,9.999999800000005e-09,NORMAL
5398,0.9999999800000006,9.999999800000005e-09,9.999999800000005e-09,NORMAL
5399,0.9999999800000006,9.999999800000005e-09,9.999999800000005e-09,NORMAL
5400,0.9999999800000006,9.999999800000005e-09,9.999999800000005e-09,NORMAL
5401,0.9999999800000006,9.999999800000005e-09,9.999999800000005e-09,NORMAL
5402,0.9999999800000006,9.999999800000005e-09,9.999999800000005e-09,NORMAL
5403,0.9999999800000006,9.999999800000005e-09,9.999999800000005e-09,NORMAL
5404,0.9999999800000006,9.999999800000005e-09,9.999999800000005e-09,NORMAL
5405,0.9999999800000006,9.999999800000005e-09,9.999999800000005e-09,NORMAL
5406,0.9999999800000006,9.999999800000005e-09,9.999999800000005e-09,NORMAL
5407,0.9999999800000006,9.999999800000005e-09,9.999999800000005e-09,NORMAL
5408,0.9999999800000006,9.999999800000005e-09,9.999999800000005e-09,NORMAL
5409,0.9999999800000006,9.999999800000005e-09,9.999999800000005e-09,NORMAL
5410,0.9999999800000006,9.999999800000005e-09,9.999999800000005e-09,NORMAL
5411,0.9999999800000006,9.999999800000005e-09,9.999999800000005e-09,NORMAL
5412,0.9999999800000006,9.999999800000005e-09,9.999999800000005e-09,NORMAL
5413,0.9999999800000006,9.999999800000005e-09,9.999999800000005e-09,NORMAL
5414,0.9999999800000006,9.999999800000005e-09,9.999999800000005e-09,NORMAL
5415,0.9999999800000006,9.999999800000005e-09,9.999999800000005e-09,NORMAL
5416,0.9999999800000006,9.999999800000005e-09,9.999999800000005e-09,NORMAL
5417,0.9999999800000006,9.999999800000005e-09,9.999999800000005e-09,NORMAL
5418,0.9993040957898353,0.0006958942171238407,9.993040957898353e-09,NORMAL
5419,0.9993040957898353,0.0006958942171238407,9.993040957898353e-09,NORMAL
5420,0.9993040957898353,0.0006958942171238407,9.993040957898353e-09,NORMAL
5421,0.9993040957898353,0.0006958942171238407,9.993040957898353e-09,NORMAL
5422,0.9993040957898353,0.0006958942171238407,9.993040957898353e-09,NORMAL
5423,0.9993040957898353,0.0006958942171238407,9.993040957898353e-09,NORMAL
5424,0.9993040957898353,0.0006958942171238407,9.993040957898353e-09,NORMAL
5425,0.9993040957898353,0.0006958942171238407,9.993040957898353e-09,NORMAL
5426,0.9993040957898353,0.0006958942171238407,9.993040957898353e-09,NORMAL
5427,0.9993040957898353,0.0006958942171238407,9.993040957898353e-09,NORMAL
5428,0.9993040957898353,0.0006958942171238407,9.993040957898353e-09,NORMAL
5429,0.9993040957898353,0.0006958942171238407,9.993040957898353e-09,NORMAL
5430,0.9993040957898353,0.0006958942171238407,9.993040957898353e-09,NORMAL
5431,0.9993040957898353,0.0006958942171238407,9.993040957898353e-09,NORMAL
5432,0.9993040957898353,0.0006958942171238407,9.993040957898353e-09,NORMAL
5433,0.9993040957898353,0.0006958942171238407,9.993040957898353e-09,NORMAL
5434,0.9993040957898353,0.0006958942171238407,9.993040957898353e-09,NORMAL
5435,0.9993040957898353,0.0006958942171238407,9.993040957898353e-09,NORMAL
5436,0.9999999800000006,9.999999800000005e-09,9.999999800000005e-09,NORMAL
5437,0.9999999800000006,9.999999800000005e-09,9.999999800000005e-09,NORMAL
5438,0.9999999800000006,9.999999800000005e-09,9.999999800000005e-09,NORMAL
5439,0.9999999800000006,9.999999800000005e-09,9.999999800000005e-09,NORMAL
5440,0.9999999800000006,9.999999800000005e-09,9.999999800000005e-09,NORMAL
5441,0.9999999800000006,9.999999800000005e-09,9.999999800000005e-09,NORMAL
5442,0.9999999800000006,9.999999800000005e-09,9.999999800000005e-09,NORMAL
5443,0.9999999800000006,9.999999800000005e-09,9.999999800000005e-09,NORMAL
5444,0.9999999800000006,9.999999800000005e-09,9.999999800000005e-09,NORMAL
5445,0.9999999800000006,9.999999800000005e-09,9.999999800000005e-09,NORMAL
5446,0.9999999800000006,9.999999800000005e-09,9.999999800000005e-09,NORMAL
5447,0.9999999800000006,9.999999800000005e-09,9.999999800000005e-09,NORMAL
5448,0.9999999800000006,9.999999800000005e-09,9.999999800000005e-09,NORMAL
5449,0.9999999800000006,9.999999800000005e-09,9.999999800000005e-09,NORMAL
5450,0.9999999800000006,9.999999800000005e-09,9.999999800000005e-09,NORMAL
5451,0.9999999800000006,9.999999800000005e-09,9.999999800000005e-09,NORMAL
5452,0.9999999800000006,9.999999800000005e-09,9.999999800000005e-09,NORMAL
5453,0.9999999800000006,9.999999800000005e-09,9.999999800000005e-09,NORMAL
5454,0.9999999800000006,9.999999800000005e-09,9.999999800000005e-09,NORMAL
5455,0.9999999800000006,9.999999800000005e-09,9.999999800000005e-09,NORMAL
5456,0.9999999800000006,9.999999800000005e-09,9.999999800000005e-09,NORMAL
5457,0.9999999800000006,9.999999800000005e-09,9.999999800000005e-09,NORMAL
5458,0.9999999800000006,9.999999800000005e-09,9.999999800000005e-09,NORMAL
5459,0.9999999800000006,9.999999800000005e-09,9.999999800000005e-09,NORMAL
5460,0.9999999800000006,9.999999800000005e-09,9.999999800000005e-09,NORMAL
5461,0.9999999800000006,9.999999800000005e-09,9.999999800000005e-09,NORMAL
5462,0.9999999800000006,9.999999800000005e-09,9.999999800000005e-09,NORMAL
5463,0.9999999800000006,9.999999800000005e-09,9.999999800000005e-09,NORMAL
5464,0.9999999800000006,9.999999800000005e-09,9.999999800000005e-09,NORMAL
5465,0.9999999800000006,9.999999800000005e-09,9.999999800000005e-09,NORMAL
5466,0.9999999800000006,9.999999800000005e-09,9.999999800000005e-09,NORMAL
5467,0.9999999800000006,9.999999800000005e-09,9.999999800000005e-09,NORMAL
5468,0.9999999800000006,9.999999800000005e-09,9.999999800000005e-09,NORMAL
5469,0.9999999800000006,9.999999800000005e-09,9.999999800000005e-09,NORMAL
5470,0.9999999800000006,9.999999800000005e-09,9.999999800000005e-09,NORMAL
5471,0.9999999800000006,9.999999800000005e-09,9.999999800000005e-09,NORMAL
5472,0.9999999800000006,9.999999800000005e-09,9.999999800000005e-09,NORMAL
5473,0.9999999800000006,9.999999800000005e-09,9.999999800000005e-09,NORMAL
5474,0.9999999800000006,9.999999800000005e-09,9.999999800000005e-09,NORMAL
5475,0.9999999800000006,9.999999800000005e-09,9.999999800000005e-09,NORMAL
5476,0.9999999800000006,9.999999800000005e-09,9.999999800000005e-09,NORMAL
5477,0.9999999800000006,9.999999800000005e-09,9.999999800000005e-09,NORMAL
5478,0.9999999800000006,9.999999800000005e-09,9.999999800000005e-09,NORMAL
5479,0.9999999800000006,9.999999800000005e-09,9.999999800000005e-09,NORMAL
5480,0.9999999800000006,9.999999800000005e-09,9.999999800000005e-09,NORMAL
5481,0.9999999800000006,9.999999800000005e-09,9.999999800000005e-09,NORMAL
5482,0.9999999800000006,9.999999800000005e-09,9.999999800000005e-09,NORMAL
5483,0.9999999800000006,9.999999800000005e-09,9.999999800000005e-09,NORMAL
5484,0.9999999800000006,9.999999800000005e-09,9.999999800000005e-09,NORMAL
5485,0.9999999800000006,9.999999800000005e-09,9.999999800000005e-09,NORMAL
5486,0.9999999800000006,9.999999800000005e-09,9.999999800000005e-09,NORMAL
5487,0.9999999800000006,9.999999800000005e-09,9.999999800000005e-09,NORMAL
5488,0.9999999800000006,9.999999800000005e-09,9.999999800000005e-09,NORMAL
5489,0.9999999800000006,9.999999800000005e-09,9.999999800000005e-09,NORMAL
5490,0.9999999800000006,9.999999800000005e-09,9.999999800000005e-09,NORMAL
5491,0.9999999800000006,9.999999800000005e-09,9.999999800000005e-09,NORMAL
5492,0.9999999800000006,9.999999800000005e-09,9.999999800000005e-09,NORMAL
5493,0.9999999800000006,9.999999800000005e-09,9.999999800000005e-09,NORMAL
5494,0.9999999800000006,9.999999800000005e-09,9.999999800000005e-09,NORMAL
5495,0.9999999800000006,9.999999800000005e-09,9.999999800000005e-09,NORMAL
5496,0.9999999800000006,9.999999800000005e-09,9.999999800000005e-09,NORMAL
5497,0.9999999800000006,9.999999800000005e-09,9.999999800000005e-09,NORMAL
5498,0.9999999800000006,9.999999800000005e-09,9.999999800000005e-09,NORMAL
5499,0.9999999800000006,9.999999800000005e-09,9.999999800000005e-09,NORMAL
5500,0.9999999800000006,9.999999800000005e-09,9.999999800000005e-09,NORMAL
5501,0.9999999800000006,9.999999800000005e-09,9.999999800000005e-09,NORMAL
5502,0.9999999800000006,9.999999800000005e-09,9.999999800000005e-09,NORMAL
5503,0.9999999800000006,9.999999800000005e-09,9.999999800000005e-09,NORMAL
5504,0.9999999800000006,9.999999800000005e-09,9.999999800000005e-09,NORMAL
5505,0.9999999800000006,9.999999800000005e-09,9.999999800000005e-09,NORMAL
5506,0.9999999800000006,9.999999800000005e-09,9.999999800000005e-09,NORMAL
5507,0.9999999800000006,9.999999800000005e-09,9.999999800000005e-09,NORMAL
5508,0.9999999800000006,9.999999800000005e-09,9.999999800000005e-09,NORMAL
5509,0.9999999800000006,9.999999800000005e-09,9.999999800000005e-09,NORMAL
5510,0.9999999800000006,9.999999800000005e-09,9.999999800000005e-09,NORMAL
5511,0.9999999800000006,9.999999800000005e-09,9.999999800000005e-09,NORMAL
5512,0.9999999800000006,9.999999800000005e-09,9.999999800000005e-09,NORMAL
5513,0.9999999800000006,9.999999800000005e-09,9.999999800000005e-09,NORMAL
5514,0.9999999800000006,9.999999800000005e-09,9.999999800000005e-09,NORMAL
5515,0.9999999800000006,9.999999800000005e-09,9.999999800000005e-09,NORMAL
5516,0.9999999800000006,9.999999800000005e-09,9.999999800000005e-09,NORMAL
5517,0.9999999800000006,9.999999800000005e-09,9.999999800000005e-09,NORMAL
5518,0.9999999800000006,9.999999800000005e-09,9.999999800000005e-09,NORMAL
5519,0.9999999800000006,9.999999800000005e-09,9.999999800000005e-09,NORMAL
5520,0.9999999800000006,9.999999800000005e-09,9.999999800000005e-09,NORMAL
5521,0.9999999800000006,9.999999800000005e-09,9.999999800000005e-09,NORMAL
5522,0.9999999800000006,9.999999800000005e-09,9.999999800000005e-09,NORMAL
5523,0.9999999800000006,9.999999800000005e-09,9.999999800000005e-09,NORMAL
5524,0.9999999800000006,9.999999800000005e-09,9.999999800000005e-09,NORMAL
5525,0.9999999800000006,9.999999800000005e-09,9.999999800000005e-09,NORMAL
5526,0.9993040957898353,0.0006958942171238407,9.993040957898353e-09,NORMAL
5527,0.9993040957898353,0.0006958942171238407,9.993040957898353e-09,NORMAL
5528,0.9993040957898353,0.0006958942171238407,9.993040957898353e-09,NORMAL
5529,0.9993040957898353,0.0006958942171238407,9.993040957898353e-09,NORMAL
5530,0.9993040957898353,0.0006958942171238407,9.993040957898353e-09,NORMAL
5531,0.9993040957898353,0.0006958942171238407,9.993040957898353e-09,NORMAL
5532,0.9993040957898353,0.0006958942171238407,9.993040957898353e-09,NORMAL
5533,0.9993040957898353,0.0006958942171238407,9.993040957898353e-09,NORMAL
5534,0.9993040957898353,0.0006958942171238407,9.993040957898353e-09,NORMAL
5535,0.9993040957898353,0.0006958942171238407,9.993040957898353e-09,NORMAL
5536,0.9993040957898353,0.0006958942171238407,9.993040957898353e-09,NORMAL
5537,0.9993040957898353,0.0006958942171238407,9.993040957898353e-09,NORMAL
5538,0.9993040957898353,0.0006958942171238407,9.993040957898353e-09,NORMAL
5539,0.9993040957898353,0.0006958942171238407,9.993040957898353e-09,NORMAL
5540,0.9993040957898353,0.0006958942171238407,9.993040957898353e-09,NORMAL
5541,0.9993040957898353,0.0006958942171238407,9.993040957898353e-09,NORMAL
5542,0.9993040957898353,0.0006958942171238407,9.993040957898353e-09,NORMAL
5543,0.9993040957898353,0.0006958942171238407,9.993040957898353e-09,NORMAL
5544,0.9999999800000006,9.999999800000005e-09,9.999999800000005e-09,NORMAL
5545,0.9999999800000006,9.999999800000005e-09,9.999999800000005e-09,NORMAL
5546,0.9999999800000006,9.999999800000005e-09,9.999999800000005e-09,NORMAL
5547,0.9999999800000006,9.999999800000005e-09,9.999999800000005e-09,NORMAL
5548,0.9999999800000006,9.999999800000005e-09,9.999999800000005e-09,NORMAL
5549,0.9999999800000006,9.999999800000005e-09,9.999999800000005e-09,NORMAL
5550,0.9999999800000006,9.999999800000005e-09,9.999999800000005e-09,NORMAL
5551,0.9999999800000006,9.999999800000005e-09,9.999999800000005e-09,NORMAL
5552,0.9999999800000006,9.999999800000005e-09,9.999999800000005e-09,NORMAL
5553,0.9999999800000006,9.999999800000005e-09,9.999999800000005e-09,NORMAL
5554,0.9999999800000006,9.999999800000005e-09,9.999999800000005e-09,NORMAL
5555,0.9999999800000006,9.999999800000005e-09,9.999999800000005e-09,NORMAL
5556,0.9999999800000006,9.999999800000005e-09,9.999999800000005e-09,NORMAL
5557,0.9999999800000006,9.999999800000005e-09,9.999999800000005e-09,NORMAL
5558,0.9999999800000006,9.999999800000005e-09,9.999999800000005e-09,NORMAL
5559,0.9999999800000006,9.999999800000005e-09,9.999999800000005e-09,NORMAL
5560,0.9999999800000006,9.999999800000005e-09,9.999999800000005e-09,NORMAL
5561,0.9999999800000006,9.999999800000005e-09,9.999999800000005e-09,NORMAL
5562,0.9999999800000006,9.999999800000005e-09,9.999999800000005e-09,NORMAL
5563,0.9999999800000006,9.999999800000005e-09,9.999999800000005e-09,NORMAL
5564,0.9999999800000006,9.999999800000005e-09,9.999999800000005e-09,NORMAL
5565,0.9999999800000006,9.999999800000005e-09,9.999999800000005e-09,NORMAL
5566,0.9999999800000006,9.999999800000005e-09,9.999999800000005e-09,NORMAL
5567,0.9999999800000006,9.999999800000005e-09,9.999999800000005e-09,NORMAL
5568,0.9999999800000006,9.999999800000005e-09,9.999999800000005e-09,NORMAL
5569,0.9999999800000006,9.999999800000005e-09,9.999999800000005e-09,NORMAL
5570,0.9999999800000006,9.999999800000005e-09,9.999999800000005e-09,NORMAL
5571,0.9999999800000006,9.999999800000005e-09,9.999999800000005e-09,NORMAL
5572,0.9999999800000006,9.999999800000005e-09,9.999999800000005e-09,NORMAL
5573,0.9999999800000006,9.999999800000005e-09,9.999999800000005e-09,NORMAL
5574,0.9999999800000006,9.999999800000005e-09,9.999999800000005e-09,NORMAL
5575,0.9999999800000006,9.999999800000005e-09,9.999999800000005e-09,NORMAL
5576,0.9999999800000006,9.999999800000005e-09,9.999999800000005e-09,NORMAL
5577,0.9999999800000006,9.999999800000005e-09,9.999999800000005e-09,NORMAL
5578,0.9999999800000006,9.999999800000005e-09,9.999999800000005e-09,NORMAL
5579,0.9999999800000006,9.999999800000005e-09,9.999999800000005e-09,NORMAL
5580,0.9993040957898353,0.0006958942171238407,9.993040957898353e-09,NORMAL
5581,0.9993040957898353,0.0006958942171238407,9.993040957898353e-09,NORMAL
5582,0.9993040957898353,0.0006958942171238407,9.993040957898353e-09,NORMAL
5583,0.9993040957898353,0.0006958942171238407,9.993040957898353e-09,NORMAL
5584,0.9993040957898353,0.0006958942171238407,9.993040957898353e-09,NORMAL
5585,0.9993040957898353,0.0006958942171238407,9.993040957898353e-09,NORMAL
5586,0.9993040957898353,0.0006958942171238407,9.993040957898353e-09,NORMAL
5587,0.9993040957898353,0.0006958942171238407,9.993040957898353e-09,NORMAL
5588,0.9993040957898353,0.0006958942171238407,9.993040957898353e-09,NORMAL
5589,0.9993040957898353,0.0006958942171238407,9.993040957898353e-09,NORMAL
5590,0.9993040957898353,0.0006958942171238407,9.993040957898353e-09,NORMAL
5591,0.9993040957898353,0.0006958942171238407,9.993040957898353e-09,NORMAL
5592,0.9993040957898353,0.0006958942171238407,9.993040957898353e-09,NORMAL
5593,0.9993040957898353,0.0006958942171238407,9.993040957898353e-09,NORMAL
5594,0.9993040957898353,0.0006958942171238407,9.993040957898353e-09,NORMAL
5595,0.9993040957898353,0.0006958942171238407,9.993040957898353e-09,NORMAL
5596,0.9993040957898353,0.0006958942171238407,9.993040957898353e-09,NORMAL
5597,0.9993040957898353,0.0006958942171238407,9.993040957898353e-09,NORMAL
5598,0.9999999800000006,9.999999800000005e-09,9.999999800000005e-09,NORMAL
5599,0.9999999800000006,9.999999800000005e-09,9.999999800000005e-09,NORMAL
5600,0.9999999800000006,9.999999800000005e-09,9.999999800000005e-09,NORMAL
5601,0.9999999800000006,9.999999800000005e-09,9.999999800000005e-09,NORMAL
5602,0.9999999800000006,9.999999800000005e-09,9.999999800000005e-09,NORMAL
5603,0.9999999800000006,9.999999800000005e-09,9.999999800000005e-09,NORMAL
5604,0.9999999800000006,9.999999800000005e-09,9.999999800000005e-09,NORMAL
5605,0.9999999800000006,9.999999800000005e-09,9.999999800000005e-09,NORMAL
5606,0.9999999800000006,9.999999800000005e-09,9.999999800000005e-09,NORMAL
5607,0.9999999800000006,9.999999800000005e-09,9.999999800000005e-09,NORMAL
5608,0.9999999800000006,9.999999800000005e-09,9.999999800000005e-09,NORMAL
5609,0.9999999800000006,9.999999800000005e-09,9.999999800000005e-09,NORMAL
5610,0.9999999800000006,9.999999800000005e-09,9.999999800000005e-09,NORMAL
5611,0.9999999800000006,9.999999800000005e-09,9.999999800000005e-09,NORMAL
5612,0.9999999800000006,9.999999800000005e-09,9.999999800000005e-09,NORMAL
5613,0.9999999800000006,9.999999800000005e-09,9.999999800000005e-09,NORMAL
5614,0.9999999800000006,9.999999800000005e-09,9.999999800000005e-09,NORMAL
5615,0.9999999800000006,9.999999800000005e-09,9.999999800000005e-09,NORMAL
5616,0.9999999800000006,9.999999800000005e-09,9.999999800000005e-09,NORMAL
5617,0.9999999800000006,9.999999800000005e-09,9.999999800000005e-09,NORMAL
5618,0.9999999800000006,9.999999800000005e-09,9.999999800000005e-09,NORMAL
5619,0.9999999800000006,9.999999800000005e-09,9.999999800000005e-09,NORMAL
5620,0.9999999800000006,9.999999800000005e-09,9.999999800000005e-09,NORMAL
5621,0.9999999800000006,9.999999800000005e-09,9.999999800000005e-09,NORMAL
5622,0.9999999800000006,9.999999800000005e-09,9.999999800000005e-09,NORMAL
5623,0.9999999800000006,9.999999800000005e-09,9.999999800000005e-09,NORMAL
5624,0.9999999800000006,9.999999800000005e-09,9.999999800000005e-09,NORMAL
5625,0.9999999800000006,9.999999800000005e-09,9.999999800000005e-09,NORMAL
5626,0.9999999800000006,9.999999800000005e-09,9.999999800000005e-09,NORMAL
5627,0.9999999800000006,9.999999800000005e-09,9.999999800000005e-09,NORMAL
5628,0.9999999800000006,9.999999800000005e-09,9.999999800000005e-09,NORMAL
5629,0.9999999800000006,9.999999800000005e-09,9.999999800000005e-09,NORMAL
5630,0.9999999800000006,9.999999800000005e-09,9.999999800000005e-09,NORMAL
5631,0.9999999800000006,9.999999800000005e-09,9.999999800000005e-09,NORMAL
5632,0.9999999800000006,9.999999800000005e-09,9.999999800000005e-09,NORMAL
5633,0.9999999800000006,9.999999800000005e-09,9.999999800000005e-09,NORMAL
5634,0.9993040957898353,0.0006958942171238407,9.993040957898353e-09,NORMAL
5635,0.9993040957898353,0.0006958942171238407,9.993040957898353e-09,NORMAL
5636,0.9993040957898353,0.0006958942171238407,9.993040957898353e-09,NORMAL
5637,0.9993040957898353,0.0006958942171238407,9.993040957898353e-09,NORMAL
5638,0.9993040957898353,0.0006958942171238407,9.993040957898353e-09,NORMAL
5639,0.9993040957898353,0.0006958942171238407,9.993040957898353e-09,NORMAL
5640,0.9993040957898353,0.0006958942171238407,9.993040957898353e-09,NORMAL
5641,0.9993040957898353,0.0006958942171238407,9.993040957898353e-09,NORMAL
5642,0.9993040957898353,0.0006958942171238407,9.993040957898353e-09,NORMAL
5643,0.9993040957898353,0.0006958942171238407,9.993040957898353e-09,NORMAL
5644,0.9993040957898353,0.0006958942171238407,9.993040957898353e-09,NORMAL
5645,0.9993040957898353,0.0006958942171238407,9.993040957898353e-09,NORMAL
5646,0.9993040957898353,0.0006958942171238407,9.993040957898353e-09,NORMAL
5647,0.9993040957898353,0.0006958942171238407,9.993040957898353e-09,NORMAL
5648,0.9993040957898353,0.0006958942171238407,9.993040957898353e-09,NORMAL
5649,0.9993040957898353,0.0006958942171238407,9.993040957898353e-09,NORMAL
5650,0.9993040957898353,0.0006958942171238407,9.993040957898353e-09,NORMAL
5651,0.9993040957898353,0.0006958942171238407,9.993040957898353e-09,NORMAL
5652,0.9993040957898353,0.0006958942171238407,9.993040957898353e-09,NORMAL
5653,0.9993040957898353,0.0006958942171238407,9.993040957898353e-09,NORMAL
5654,0.9993040957898353,0.0006958942171238407,9.993040957898353e-09,NORMAL
5655,0.9993040957898353,0.0006958942171238407,9.993040957898353e-09,NORMAL
5656,0.9993040957898353,0.0006958942171238407,9.993040957898353e-09,NORMAL
5657,0.9993040957898353,0.0006958942171238407,9.993040957898353e-09,NORMAL
5658,0.9993040957898353,0.0006958942171238407,9.993040957898353e-09,NORMAL
5659,0.9993040957898353,0.0006958942171238407,9.993040957898353e-09,NORMAL
5660,0.9993040957898353,0.0006958942171238407,9.993040957898353e-09,NORMAL
5661,0.9993040957898353,0.0006958942171238407,9.993040957898353e-09,NORMAL
5662,0.9993040957898353,0.0006958942171238407,9.993040957898353e-09,NORMAL
5663,0.9993040957898353,0.0006958942171238407,9.993040957898353e-09,NORMAL
5664,0.9993040957898353,0.0006958942171238407,9.993040957898353e-09,NORMAL
5665,0.9993040957898353,0.0006958942171238407,9.993040957898353e-09,NORMAL
5666,0.9993040957898353,0.0006958942171238407,9.993040957898353e-09,NORMAL
5667,0.9993040957898353,0.0006958942171238407,9.993040957898353e-09,NORMAL
5668,0.9993040957898353,0.0006958942171238407,9.993040957898353e-09,NORMAL
5669,0.9993040957898353,0.0006958942171238407,9.993040957898353e-09,NORMAL
5670,0.9993040957898353,0.0006958942171238407,9.993040957898353e-09,NORMAL
5671,0.9993040957898353,0.0006958942171238407,9.993040957898353e-09,NORMAL
5672,0.9993040957898353,0.0006958942171238407,9.993040957898353e-09,NORMAL
5673,0.9993040957898353,0.0006958942171238407,9.993040957898353e-09,NORMAL
5674,0.9993040957898353,0.0006958942171238407,9.993040957898353e-09,NORMAL
5675,0.9993040957898353,0.0006958942171238407,9.993040957898353e-09,NORMAL
5676,0.9993040957898353,0.0006958942171238407,9.993040957898353e-09,NORMAL
5677,0.9993040957898353,0.0006958942171238407,9.993040957898353e-09,NORMAL
5678,0.9993040957898353,0.0006958942171238407,9.993040957898353e-09,NORMAL
5679,0.9993040957898353,0.0006958942171238407,9.993040957898353e-09,NORMAL
5680,0.9993040957898353,0.0006958942171238407,9.993040957898353e-09,NORMAL
5681,0.9993040957898353,0.0006958942171238407,9.993040957898353e-09,NORMAL
5682,0.9993040957898353,0.0006958942171238407,9.993040957898353e-09,NORMAL
5683,0.9993040957898353,0.0006958942171238407,9.993040957898353e-09,NORMAL
5684,0.9993040957898353,0.0006958942171238407,9.993040957898353e-09,NORMAL
5685,0.9993040957898353,0.0006958942171238407,9.993040957898353e-09,NORMAL
5686,0.9993040957898353,0.0006958942171238407,9.993040957898353e-09,NORMAL
5687,0.9993040957898353,0.0006958942171238407,9.993040957898353e-09,NORMAL
5688,0.9993040957898353,0.0006958942171238407,9.993040957898353e-09,NORMAL
5689,0.9993040957898353,0.0006958942171238407,9.993040957898353e-09,NORMAL
5690,0.9993040957898353,0.0006958942171238407,9.993040957898353e-09,NORMAL
5691,0.9993040957898353,0.0006958942171238407,9.993040957898353e-09,NORMAL
5692,0.9993040957898353,0.0006958942171238407,9.993040957898353e-09,NORMAL
5693,0.9993040957898353,0.0006958942171238407,9.993040957898353e-09,NORMAL
5694,0.9993040957898353,0.0006958942171238407,9.993040957898353e-09,NORMAL
5695,0.9993040957898353,0.0006958942171238407,9.993040957898353e-09,NORMAL
5696,0.9993040957898353,0.0006958942171238407,9.993040957898353e-09,NORMAL
5697,0.9993040957898353,0.0006958942171238407,9.993040957898353e-09,NORMAL
5698,0.9993040957898353,0.0006958942171238407,9.993040957898353e-09,NORMAL
5699,0.9993040957898353,0.0006958942171238407,9.993040957898353e-09,NORMAL
5700,0.9993040957898353,0.0006958942171238407,9.993040957898353e-09,NORMAL
5701,0.9993040957898353,0.0006958942171238407,9.993040957898353e-09,NORMAL
5702,0.9993040957898353,0.0006958942171238407,9.993040957898353e-09,NORMAL
5703,0.9993040957898353,0.0006958942171238407,9.993040957898353e-09,NORMAL
5704,0.9993040957898353,0.0006958942171238407,9.993040957898353e-09,NORMAL
5705,0.9993040957898353,0.0006958942171238407,9.993040957898353e-09,NORMAL
5706,0.9993040957898353,0.0006958942171238407,9.993040957898353e-09,NORMAL
5707,0.9993040957898353,0.0006958942171238407,9.993040957898353e-09,NORMAL
5708,0.9993040957898353,0.0006958942171238407,9.993040957898353e-09,NORMAL
5709,0.9993040957898353,0.0006958942171238407,9.993040957898353e-09,NORMAL
5710,0.9993040957898353,0.0006958942171238407,9.993040957898353e-09,NORMAL
5711,0.9993040957898353,0.0006958942171238407,9.993040957898353e-09,NORMAL
5712,0.9993040957898353,0.0006958942171238407,9.993040957898353e-09,NORMAL
5713,0.9993040957898353,0.0006958942171238407,9.993040957898353e-09,NORMAL
5714,0.9993040957898353,0.0006958942171238407,9.993040957898353e-09,NORMAL
5715,0.9993040957898353,0.0006958942171238407,9.993040957898353e-09,NORMAL
5716,0.9993040957898353,0.0006958942171238407,9.993040957898353e-09,NORMAL
5717,0.9993040957898353,0.0006958942171238407,9.993040957898353e-09,NORMAL
5718,0.9993040957898353,0.0006958942171238407,9.993040957898353e-09,NORMAL
5719,0.9993040957898353,0.0006958942171238407,9.993040957898353e-09,NORMAL
5720,0.9993040957898353,0.0006958942171238407,9.993040957898353e-09,NORMAL
5721,0.9993040957898353,0.0006958942171238407,9.993040957898353e-09,NORMAL
5722,0.9993040957898353,0.0006958942171238407,9.993040957898353e-09,NORMAL
5723,0.9993040957898353,0.0006958942171238407,9.993040957898353e-09,NORMAL
5724,0.9993040957898353,0.0006958942171238407,9.993040957898353e-09,NORMAL
5725,0.9993040957898353,0.0006958942171238407,9.993040957898353e-09,NORMAL
5726,0.9993040957898353,0.0006958942171238407,9.993040957898353e-09,NORMAL
5727,0.9993040957898353,0.0006958942171238407,9.993040957898353e-09,NORMAL
5728,0.9993040957898353,0.0006958942171238407,9.993040957898353e-09,NORMAL
5729,0.9993040957898353,0.0006958942171238407,9.993040957898353e-09,NORMAL
5730,0.9993040957898353,0.0006958942171238407,9.993040957898353e-09,NORMAL
5731,0.9993040957898353,0.0006958942171238407,9.993040957898353e-09,NORMAL
5732,0.9993040957898353,0.0006958942171238407,9.993040957898353e-09,NORMAL
5733,0.9993040957898353,0.0006958942171238407,9.993040957898353e-09,NORMAL
5734,0.9993040957898353,0.0006958942171238407,9.993040957898353e-09,NORMAL
5735,0.9993040957898353,0.0006958942171238407,9.993040957898353e-09,NORMAL
5736,0.9993040957898353,0.0006958942171238407,9.993040957898353e-09,NORMAL
5737,0.9993040957898353,0.0006958942171238407,9.993040957898353e-09,NORMAL
5738,0.9993040957898353,0.0006958942171238407,9.993040957898353e-09,NORMAL
5739,0.9993040957898353,0.0006958942171238407,9.993040957898353e-09,NORMAL
5740,0.9993040957898353,0.0006958942171238407,9.993040957898353e-09,NORMAL
5741,0.9993040957898353,0.0006958942171238407,9.993040957898353e-09,NORMAL
5742,0.9993040957898353,0.0006958942171238407,9.993040957898353e-09,NORMAL
5743,0.9993040957898353,0.0006958942171238407,9.993040957898353e-09,NORMAL
5744,0.9993040957898353,0.0006958942171238407,9.993040957898353e-09,NORMAL
5745,0.9993040957898353,0.0006958942171238407,9.993040957898353e-09,NORMAL
5746,0.9993040957898353,0.0006958942171238407,9.993040957898353e-09,NORMAL
5747,0.9993040957898353,0.0006958942171238407,9.993040957898353e-09,NORMAL
5748,0.9993040957898353,0.0006958942171238407,9.993040957898353e-09,NORMAL
5749,0.9993040957898353,0.0006958942171238407,9.993040957898353e-09,NORMAL
5750,0.9993040957898353,0.0006958942171238407,9.993040957898353e-09,NORMAL
5751,0.9993040957898353,0.0006958942171238407,9.993040957898353e-09,NORMAL
5752,0.9993040957898353,0.0006958942171238407,9.993040957898353e-09,NORMAL
5753,0.9993040957898353,0.0006958942171238407,9.993040957898353e-09,NORMAL
5754,0.9993040957898353,0.0006958942171238407,9.993040957898353e-09,NORMAL
5755,0.9993040957898353,0.0006958942171238407,9.993040957898353e-09,NORMAL
5756,0.9993040957898353,0.0006958942171238407,9.993040957898353e-09,NORMAL
5757,0.9993040957898353,0.0006958942171238407,9.993040957898353e-09,NORMAL
5758,0.9993040957898353,0.0006958942171238407,9.993040957898353e-09,NORMAL
5759,0.9993040957898353,0.0006958942171238407,9.993040957898353e-09,NORMAL
5760,0.9993040957898353,0.0006958942171238407,9.993040957898353e-09,NORMAL
5761,0.9993040957898353,0.0006958942171238407,9.993040957898353e-09,NORMAL
5762,0.9993040957898353,0.0006958942171238407,9.993040957898353e-09,NORMAL
5763,0.9993040957898353,0.0006958942171238407,9.993040957898353e-09,NORMAL
5764,0.9993040957898353,0.0006958942171238407,9.993040957898353e-09,NORMAL
5765,0.9993040957898353,0.0006958942171238407,9.993040957898353e-09,NORMAL
5766,0.9993040957898353,0.0006958942171238407,9.993040957898353e-09,NORMAL
5767,0.9993040957898353,0.0006958942171238407,9.993040957898353e-09,NORMAL
5768,0.9993040957898353,0.0006958942171238407,9.993040957898353e-09,NORMAL
5769,0.9993040957898353,0.0006958942171238407,9.993040957898353e-09,NORMAL
5770,0.9993040957898353,0.0006958942171238407,9.993040957898353e-09,NORMAL
5771,0.9993040957898353,0.0006958942171238407,9.993040957898353e-09,NORMAL
5772,0.9993040957898353,0.0006958942171238407,9.993040957898353e-09,NORMAL
5773,0.9993040957898353,0.0006958942171238407,9.993040957898353e-09,NORMAL
5774,0.9993040957898353,0.0006958942171238407,9.993040957898353e-09,NORMAL
5775,0.9993040957898353,0.0006958942171238407,9.993040957898353e-09,NORMAL
5776,0.9993040957898353,0.0006958942171238407,9.993040957898353e-09,NORMAL
5777,0.9993040957898353,0.0006958942171238407,9.993040957898353e-09,NORMAL
5778,0.9999999800000006,9.999999800000005e-09,9.999999800000005e-09,NORMAL
5779,0.9999999800000006,9.999999800000005e-09,9.999999800000005e-09,NORMAL
5780,0.9999999800000006,9.999999800000005e-09,9.999999800000005e-09,NORMAL
5781,0.9999999800000006,9.999999800000005e-09,9.999999800000005e-09,NORMAL
5782,0.9999999800000006,9.999999800000005e-09,9.999999800000005e-09,NORMAL
5783,0.9999999800000006,9.999999800000005e-09,9.999999800000005e-09,NORMAL
5784,0.9999999800000006,9.999999800000005e-09,9.999999800000005e-09,NORMAL
5785,0.9999999800000006,9.999999800000005e-09,9.999999800000005e-09,NORMAL
5786,0.9999999800000006,9.999999800000005e-09,9.999999800000005e-09,NORMAL
5787,0.9999999800000006,9.999999800000005e-09,9.999999800000005e-09,NORMAL
5788,0.9999999800000006,9.999999800000005e-09,9.999999800000005e-09,NORMAL
5789,0.9999999800000006,9.999999800000005e-09,9.999999800000005e-09,NORMAL
5790,0.9999999800000006,9.999999800000005e-09,9.999999800000005e-09,NORMAL
5791,0.9999999800000006,9.999999800000005e-09,9.999999800000005e-09,NORMAL
5792,0.9999999800000006,9.999999800000005e-09,9.999999800000005e-09,NORMAL
5793,0.9999999800000006,9.999999800000005e-09,9.999999800000005e-09,NORMAL
5794,0.9999999800000006,9.999999800000005e-09,9.999999800000005e-09,NORMAL
5795,0.9999999800000006,9.999999800000005e-09,9.999999800000005e-09,NORMAL
5796,0.9999999800000006,9.999999800000005e-09,9.999999800000005e-09,NORMAL
5797,0.9999999800000006,9.999999800000005e-09,9.999999800000005e-09,NORMAL
5798,0.9999999800000006,9.999999800000005e-09,9.999999800000005e-09,NORMAL
5799,0.9999999800000006,9.999999800000005e-09,9.999999800000005e-09,NORMAL
5800,0.9999999800000006,9.999999800000005e-09,9.999999800000005e-09,NORMAL
5801,0.9999999800000006,9.999999800000005e-09,9.999999800000005e-09,NORMAL
5802,0.9999999800000006,9.999999800000005e-09,9.999999800000005e-09,NORMAL
5803,0.9999999800000006,9.999999800000005e-09,9.999999800000005e-09,NORMAL
5804,0.9999999800000006,9.999999800000005e-09,9.999999800000005e-09,NORMAL
5805,0.9999999800000006,9.999999800000005e-09,9.999999800000005e-09,NORMAL
5806,0.9999999800000006,9.999999800000005e-09,9.999999800000005e-09,NORMAL
5807,0.9999999800000006,9.999999800000005e-09,9.999999800000005e-09,NORMAL
5808,0.9999999800000006,9.999999800000005e-09,9.999999800000005e-09,NORMAL
5809,0.6499999922500002,6.499999922500002e-09,0.3500000012499999,CRITICAL
5810,0.8949999836750004,8.949999836750004e-09,0.10500000737499984,CRITICAL
5811,0.9684999811025006,9.684999811025004e-09,0.03150000921249981,CRITICAL
5812,0.9905499803307506,9.905499803307504e-09,0.009450009763749804,CRITICAL
5813,0.9971649800992255,9.971649800992255e-09,0.0028350099291248017,CRITICAL
5814,0.9993040957898353,0.0006958942171238407,9.993040957898353e-09,NORMAL
5815,0.9993040957898353,0.0006958942171238407,9.993040957898353e-09,NORMAL
5816,0.9993040957898353,0.0006958942171238407,9.993040957898353e-09,NORMAL
5817,0.9993040957898353,0.0006958942171238407,9.993040957898353e-09,NORMAL
5818,0.9993040957898353,0.0006958942171238407,9.993040957898353e-09,NORMAL
5819,0.9993040957898353,0.0006958942171238407,9.993040957898353e-09,NORMAL
5820,0.9993040957898353,0.0006958942171238407,9.993040957898353e-09,NORMAL
5821,0.9993040957898353,0.0006958942171238407,9.993040957898353e-09,NORMAL
5822,0.9993040957898353,0.0006958942171238407,9.993040957898353e-09,NORMAL
5823,0.9993040957898353,0.0006958942171238407,9.993040957898353e-09,NORMAL
5824,0.9993040957898353,0.0006958942171238407,9.993040957898353e-09,NORMAL
5825,0.9993040957898353,0.0006958942171238407,9.993040957898353e-09,NORMAL
5826,0.9993040957898353,0.0006958942171238407,9.993040957898353e-09,NORMAL
5827,0.9993040957898353,0.0006958942171238407,9.993040957898353e-09,NORMAL
5828,0.9993040957898353,0.0006958942171238407,9.993040957898353e-09,NORMAL
5829,0.9993040957898353,0.0006958942171238407,9.993040957898353e-09,NORMAL
5830,0.9993040957898353,0.0006958942171238407,9.993040957898353e-09,NORMAL
5831,0.9993040957898353,0.0006958942171238407,9.993040957898353e-09,NORMAL
5832,0.9999999800000006,9.999999800000005e-09,9.999999800000005e-09,NORMAL
5833,0.9999999800000006,9.999999800000005e-09,9.999999800000005e-09,NORMAL
5834,0.9999999800000006,9.999999800000005e-09,9.999999800000005e-09,NORMAL
5835,0.9999999800000006,9.999999800000005e-09,9.999999800000005e-09,NORMAL
5836,0.9999999800000006,9.999999800000005e-09,9.999999800000005e-09,NORMAL
5837,0.9999999800000006,9.999999800000005e-09,9.999999800000005e-09,NORMAL
5838,0.9999999800000006,9.999999800000005e-09,9.999999800000005e-09,NORMAL
5839,0.9999999800000006,9.999999800000005e-09,9.999999800000005e-09,NORMAL
5840,0.9999999800000006,9.999999800000005e-09,9.999999800000005e-09,NORMAL
5841,0.9999999800000006,9.999999800000005e-09,9.999999800000005e-09,NORMAL
5842,0.9999999800000006,9.999999800000005e-09,9.999999800000005e-09,NORMAL
5843,0.9999999800000006,9.999999800000005e-09,9.999999800000005e-09,NORMAL
5844,0.9999999800000006,9.999999800000005e-09,9.999999800000005e-09,NORMAL
5845,0.9999999800000006,9.999999800000005e-09,9.999999800000005e-09,NORMAL
5846,0.9999999800000006,9.999999800000005e-09,9.999999800000005e-09,NORMAL
5847,0.9999999800000006,9.999999800000005e-09,9.999999800000005e-09,NORMAL
5848,0.9999999800000006,9.999999800000005e-09,9.999999800000005e-09,NORMAL
5849,0.9999999800000006,9.999999800000005e-09,9.999999800000005e-09,NORMAL
5850,0.9993040957898353,0.0006958942171238407,9.993040957898353e-09,NORMAL
5851,0.9993040957898353,0.0006958942171238407,9.993040957898353e-09,NORMAL
5852,0.9993040957898353,0.0006958942171238407,9.993040957898353e-09,NORMAL
5853,0.9993040957898353,0.0006958942171238407,9.993040957898353e-09,NORMAL
5854,0.9993040957898353,0.0006958942171238407,9.993040957898353e-09,NORMAL
5855,0.9993040957898353,0.0006958942171238407,9.993040957898353e-09,NORMAL
5856,0.9993040957898353,0.0006958942171238407,9.993040957898353e-09,NORMAL
5857,0.9993040957898353,0.0006958942171238407,9.993040957898353e-09,NORMAL
5858,0.9993040957898353,0.0006958942171238407,9.993040957898353e-09,NORMAL
5859,0.9993040957898353,0.0006958942171238407,9.993040957898353e-09,NORMAL
5860,0.9993040957898353,0.0006958942171238407,9.993040957898353e-09,NORMAL
5861,0.9993040957898353,0.0006958942171238407,9.993040957898353e-09,NORMAL
5862,0.9993040957898353,0.0006958942171238407,9.993040957898353e-09,NORMAL
5863,0.9993040957898353,0.0006958942171238407,9.993040957898353e-09,NORMAL
5864,0.9993040957898353,0.0006958942171238407,9.993040957898353e-09,NORMAL
5865,0.9993040957898353,0.0006958942171238407,9.993040957898353e-09,NORMAL
5866,0.9993040957898353,0.0006958942171238407,9.993040957898353e-09,NORMAL
5867,0.9993040957898353,0.0006958942171238407,9.993040957898353e-09,NORMAL
5868,0.9999999800000006,9.999999800000005e-09,9.999999800000005e-09,NORMAL
5869,0.9999999800000006,9.999999800000005e-09,9.999999800000005e-09,NORMAL
5870,0.9999999800000006,9.999999800000005e-09,9.999999800000005e-09,NORMAL
5871,0.9999999800000006,9.999999800000005e-09,9.999999800000005e-09,NORMAL
5872,0.9999999800000006,9.999999800000005e-09,9.999999800000005e-09,NORMAL
5873,0.9999999800000006,9.999999800000005e-09,9.999999800000005e-09,NORMAL
5874,0.9999999800000006,9.999999800000005e-09,9.999999800000005e-09,NORMAL
5875,0.9999999800000006,9.999999800000005e-09,9.999999800000005e-09,NORMAL
5876,0.9999999800000006,9.999999800000005e-09,9.999999800000005e-09,NORMAL
5877,0.9999999800000006,9.999999800000005e-09,9.999999800000005e-09,NORMAL
5878,0.9999999800000006,9.999999800000005e-09,9.999999800000005e-09,NORMAL
5879,0.9999999800000006,9.999999800000005e-09,9.999999800000005e-09,NORMAL
5880,0.9999999800000006,9.999999800000005e-09,9.999999800000005e-09,NORMAL
5881,0.9999999800000006,9.999999800000005e-09,9.999999800000005e-09,NORMAL
5882,0.9999999800000006,9.999999800000005e-09,9.999999800000005e-09,NORMAL
5883,0.9999999800000006,9.999999800000005e-09,9.999999800000005e-09,NORMAL
5884,0.9999999800000006,9.999999800000005e-09,9.999999800000005e-09,NORMAL
5885,0.9999999800000006,9.999999800000005e-09,9.999999800000005e-09,NORMAL
5886,0.9999999800000006,9.999999800000005e-09,9.999999800000005e-09,NORMAL
5887,0.9999999800000006,9.999999800000005e-09,9.999999800000005e-09,NORMAL
5888,0.9999999800000006,9.999999800000005e-09,9.999999800000005e-09,NORMAL
5889,0.9999999800000006,9.999999800000005e-09,9.999999800000005e-09,NORMAL
5890,0.9999999800000006,9.999999800000005e-09,9.999999800000005e-09,NORMAL
5891,0.9999999800000006,9.999999800000005e-09,9.999999800000005e-09,NORMAL
5892,0.9999999800000006,9.999999800000005e-09,9.999999800000005e-09,NORMAL
5893,0.9999999800000006,9.999999800000005e-09,9.999999800000005e-09,NORMAL
5894,0.9999999800000006,9.999999800000005e-09,9.999999800000005e-09,NORMAL
5895,0.9999999800000006,9.999999800000005e-09,9.999999800000005e-09,NORMAL
5896,0.9999999800000006,9.999999800000005e-09,9.999999800000005e-09,NORMAL
5897,0.9999999800000006,9.999999800000005e-09,9.999999800000005e-09,NORMAL
5898,0.9999999800000006,9.999999800000005e-09,9.999999800000005e-09,NORMAL
5899,0.9999999800000006,9.999999800000005e-09,9.999999800000005e-09,NORMAL
5900,0.9999999800000006,9.999999800000005e-09,9.999999800000005e-09,NORMAL
5901,0.9999999800000006,9.999999800000005e-09,9.999999800000005e-09,NORMAL
5902,0.9999999800000006,9.999999800000005e-09,9.999999800000005e-09,NORMAL
5903,0.9999999800000006,9.999999800000005e-09,9.999999800000005e-09,NORMAL
5904,0.9993040957898353,0.0006958942171238407,9.993040957898353e-09,NORMAL
5905,0.9993040957898353,0.0006958942171238407,9.993040957898353e-09,NORMAL
5906,0.9993040957898353,0.0006958942171238407,9.993040957898353e-09,NORMAL
5907,0.9993040957898353,0.0006958942171238407,9.993040957898353e-09,NORMAL
5908,0.9993040957898353,0.0006958942171238407,9.993040957898353e-09,NORMAL
5909,0.9993040957898353,0.0006958942171238407,9.993040957898353e-09,NORMAL
5910,0.9993040957898353,0.0006958942171238407,9.993040957898353e-09,NORMAL
5911,0.9993040957898353,0.0006958942171238407,9.993040957898353e-09,NORMAL
5912,0.9993040957898353,0.0006958942171238407,9.993040957898353e-09,NORMAL
5913,0.9993040957898353,0.0006958942171238407,9.993040957898353e-09,NORMAL
5914,0.9993040957898353,0.0006958942171238407,9.993040957898353e-09,NORMAL
5915,0.9993040957898353,0.0006958942171238407,9.993040957898353e-09,NORMAL
5916,0.9993040957898353,0.0006958942171238407,9.993040957898353e-09,NORMAL
5917,0.9993040957898353,0.0006958942171238407,9.993040957898353e-09,NORMAL
5918,0.9993040957898353,0.0006958942171238407,9.993040957898353e-09,NORMAL
5919,0.9993040957898353,0.0006958942171238407,9.993040957898353e-09,NORMAL
5920,0.9993040957898353,0.0006958942171238407,9.993040957898353e-09,NORMAL
5921,0.9993040957898353,0.0006958942171238407,9.993040957898353e-09,NORMAL
5922,0.9999999800000006,9.999999800000005e-09,9.999999800000005e-09,NORMAL
5923,0.9999999800000006,9.999999800000005e-09,9.999999800000005e-09,NORMAL
5924,0.9999999800000006,9.999999800000005e-09,9.999999800000005e-09,NORMAL
5925,0.9999999800000006,9.999999800000005e-09,9.999999800000005e-09,NORMAL
5926,0.9999999800000006,9.999999800000005e-09,9.999999800000005e-09,NORMAL
5927,0.9999999800000006,9.999999800000005e-09,9.999999800000005e-09,NORMAL
5928,0.9999999800000006,9.999999800000005e-09,9.999999800000005e-09,NORMAL
5929,0.9999999800000006,9.999999800000005e-09,9.999999800000005e-09,NORMAL
5930,0.9999999800000006,9.999999800000005e-09,9.999999800000005e-09,NORMAL
5931,0.9999999800000006,9.999999800000005e-09,9.999999800000005e-09,NORMAL
5932,0.9999999800000006,9.999999800000005e-09,9.999999800000005e-09,NORMAL
5933,0.9999999800000006,9.999999800000005e-09,9.999999800000005e-09,NORMAL
5934,0.9999999800000006,9.999999800000005e-09,9.999999800000005e-09,NORMAL
5935,0.9999999800000006,9.999999800000005e-09,9.999999800000005e-09,NORMAL
5936,0.9999999800000006,9.999999800000005e-09,9.999999800000005e-09,NORMAL
5937,0.9999999800000006,9.999999800000005e-09,9.999999800000005e-09,NORMAL
5938,0.9999999800000006,9.999999800000005e-09,9.999999800000005e-09,NORMAL
5939,0.9999999800000006,9.999999800000005e-09,9.999999800000005e-09,NORMAL
5940,0.9999999800000006,9.999999800000005e-09,9.999999800000005e-09,NORMAL
5941,0.9999999800000006,9.999999800000005e-09,9.999999800000005e-09,NORMAL
5942,0.9999999800000006,9.999999800000005e-09,9.999999800000005e-09,NORMAL
5943,0.9999999800000006,9.999999800000005e-09,9.999999800000005e-09,NORMAL
5944,0.9999999800000006,9.999999800000005e-09,9.999999800000005e-09,NORMAL
5945,0.9999999800000006,9.999999800000005e-09,9.999999800000005e-09,NORMAL
5946,0.9999999800000006,9.999999800000005e-09,9.999999800000005e-09,NORMAL
5947,0.9999999800000006,9.999999800000005e-09,9.999999800000005e-09,NORMAL
5948,0.9999999800000006,9.999999800000005e-09,9.999999800000005e-09,NORMAL
5949,0.9999999800000006,9.999999800000005e-09,9.999999800000005e-09,NORMAL
5950,0.9999999800000006,9.999999800000005e-09,9.999999800000005e-09,NORMAL
5951,0.9999999800000006,9.999999800000005e-09,9.999999800000005e-09,NORMAL
5952,0.9999999800000006,9.999999800000005e-09,9.999999800000005e-09,NORMAL
5953,0.9999999800000006,9.999999800000005e-09,9.999999800000005e-09,NORMAL
5954,0.9999999800000006,9.999999800000005e-09,9.999999800000005e-09,NORMAL
5955,0.9999999800000006,9.999999800000005e-09,9.999999800000005e-09,NORMAL
5956,0.9999999800000006,9.999999800000005e-09,9.999999800000005e-09,NORMAL
5957,0.9999999800000006,9.999999800000005e-09,9.999999800000005e-09,NORMAL
5958,0.9993040957898353,0.0006958942171238407,9.993040957898353e-09,NORMAL
5959,0.9993040957898353,0.0006958942171238407,9.993040957898353e-09,NORMAL
5960,0.9993040957898353,0.0006958942171238407,9.993040957898353e-09,NORMAL
5961,0.9993040957898353,0.0006958942171238407,9.993040957898353e-09,NORMAL
5962,0.9993040957898353,0.0006958942171238407,9.993040957898353e-09,NORMAL
5963,0.9993040957898353,0.0006958942171238407,9.993040957898353e-09,NORMAL
5964,0.9993040957898353,0.0006958942171238407,9.993040957898353e-09,NORMAL
5965,0.9993040957898353,0.0006958942171238407,9.993040957898353e-09,NORMAL
5966,0.9993040957898353,0.0006958942171238407,9.993040957898353e-09,NORMAL
5967,0.9993040957898353,0.0006958942171238407,9.993040957898353e-09,NORMAL
5968,0.9993040957898353,0.0006958942171238407,9.993040957898353e-09,NORMAL
5969,0.9993040957898353,0.0006958942171238407,9.993040957898353e-09,NORMAL
5970,0.9993040957898353,0.0006958942171238407,9.993040957898353e-09,NORMAL
5971,0.9993040957898353,0.0006958942171238407,9.993040957898353e-09,NORMAL
5972,0.9993040957898353,0.0006958942171238407,9.993040957898353e-09,NORMAL
5973,0.9993040957898353,0.0006958942171238407,9.993040957898353e-09,NORMAL
5974,0.9993040957898353,0.0006958942171238407,9.993040957898353e-09,NORMAL
5975,0.9993040957898353,0.0006958942171238407,9.993040957898353e-09,NORMAL
5976,0.9993040957898353,0.0006958942171238407,9.993040957898353e-09,NORMAL
5977,0.9993040957898353,0.0006958942171238407,9.993040957898353e-09,NORMAL
5978,0.9993040957898353,0.0006958942171238407,9.993040957898353e-09,NORMAL
5979,0.9993040957898353,0.0006958942171238407,9.993040957898353e-09,NORMAL
5980,0.9993040957898353,0.0006958942171238407,9.993040957898353e-09,NORMAL
5981,0.9993040957898353,0.0006958942171238407,9.993040957898353e-09,NORMAL
5982,0.9993040957898353,0.0006958942171238407,9.993040957898353e-09,NORMAL
5983,0.9993040957898353,0.0006958942171238407,9.993040957898353e-09,NORMAL
5984,0.9993040957898353,0.0006958942171238407,9.993040957898353e-09,NORMAL
5985,0.9993040957898353,0.0006958942171238407,9.993040957898353e-09,NORMAL
5986,0.9993040957898353,0.0006958942171238407,9.993040957898353e-09,NORMAL
5987,0.9993040957898353,0.0006958942171238407,9.993040957898353e-09,NORMAL
5988,0.9993040957898353,0.0006958942171238407,9.993040957898353e-09,NORMAL
5989,0.9993040957898353,0.0006958942171238407,9.993040957898353e-09,NORMAL
5990,0.9993040957898353,0.0006958942171238407,9.993040957898353e-09,NORMAL
5991,0.9993040957898353,0.0006958942171238407,9.993040957898353e-09,NORMAL
5992,0.9993040957898353,0.0006958942171238407,9.993040957898353e-09,NORMAL
5993,0.9993040957898353,0.0006958942171238407,9.993040957898353e-09,NORMAL
5994,0.9999999800000006,9.999999800000005e-09,9.999999800000005e-09,NORMAL
5995,0.9999999800000006,9.999999800000005e-09,9.999999800000005e-09,NORMAL
5996,0.9999999800000006,9.999999800000005e-09,9.999999800000005e-09,NORMAL
5997,0.9999999800000006,9.999999800000005e-09,9.999999800000005e-09,NORMAL
5998,0.9999999800000006,9.999999800000005e-09,9.999999800000005e-09,NORMAL
5999,0.9999999800000006,9.999999800000005e-09,9.999999800000005e-09,NORMAL
6000,0.9999999800000006,9.999999800000005e-09,9.999999800000005e-09,NORMAL
6001,0.9999999800000006,9.999999800000005e-09,9.999999800000005e-09,NORMAL
6002,0.9999999800000006,9.999999800000005e-09,9.999999800000005e-09,NORMAL
6003,0.9999999800000006,9.999999800000005e-09,9.999999800000005e-09,NORMAL
6004,0.9999999800000006,9.999999800000005e-09,9.999999800000005e-09,NORMAL
6005,0.9999999800000006,9.999999800000005e-09,9.999999800000005e-09,NORMAL
6006,0.9999999800000006,9.999999800000005e-09,9.999999800000005e-09,NORMAL
6007,0.9999999800000006,9.999999800000005e-09,9.999999800000005e-09,NORMAL
6008,0.9999999800000006,9.999999800000005e-09,9.999999800000005e-09,NORMAL
6009,0.9999999800000006,9.999999800000005e-09,9.999999800000005e-09,NORMAL
6010,0.9999999800000006,9.999999800000005e-09,9.999999800000005e-09,NORMAL
6011,0.9999999800000006,9.999999800000005e-09,9.999999800000005e-09,NORMAL
6012,0.9993040957898353,0.0006958942171238407,9.993040957898353e-09,NORMAL
6013,0.9993040957898353,0.0006958942171238407,9.993040957898353e-09,NORMAL
6014,0.9993040957898353,0.0006958942171238407,9.993040957898353e-09,NORMAL
6015,0.9993040957898353,0.0006958942171238407,9.993040957898353e-09,NORMAL
6016,0.9993040957898353,0.0006958942171238407,9.993040957898353e-09,NORMAL
6017,0.9993040957898353,0.0006958942171238407,9.993040957898353e-09,NORMAL
6018,0.9993040957898353,0.0006958942171238407,9.993040957898353e-09,NORMAL
6019,0.9993040957898353,0.0006958942171238407,9.993040957898353e-09,NORMAL
6020,0.9993040957898353,0.0006958942171238407,9.993040957898353e-09,NORMAL
6021,0.9993040957898353,0.0006958942171238407,9.993040957898353e-09,NORMAL
6022,0.9993040957898353,0.0006958942171238407,9.993040957898353e-09,NORMAL
6023,0.9993040957898353,0.0006958942171238407,9.993040957898353e-09,NORMAL
6024,0.9993040957898353,0.0006958942171238407,9.993040957898353e-09,NORMAL
6025,0.9993040957898353,0.0006958942171238407,9.993040957898353e-09,NORMAL
6026,0.9993040957898353,0.0006958942171238407,9.993040957898353e-09,NORMAL
6027,0.9993040957898353,0.0006958942171238407,9.993040957898353e-09,NORMAL
6028,0.9993040957898353,0.0006958942171238407,9.993040957898353e-09,NORMAL
6029,0.9993040957898353,0.0006958942171238407,9.993040957898353e-09,NORMAL
6030,0.9999999800000006,9.999999800000005e-09,9.999999800000005e-09,NORMAL
6031,0.9999999800000006,9.999999800000005e-09,9.999999800000005e-09,NORMAL
6032,0.9999999800000006,9.999999800000005e-09,9.999999800000005e-09,NORMAL
6033,0.9999999800000006,9.999999800000005e-09,9.999999800000005e-09,NORMAL
6034,0.9999999800000006,9.999999800000005e-09,9.999999800000005e-09,NORMAL
6035,0.9999999800000006,9.999999800000005e-09,9.999999800000005e-09,NORMAL
6036,0.9999999800000006,9.999999800000005e-09,9.999999800000005e-09,NORMAL
6037,0.9999999800000006,9.999999800000005e-09,9.999999800000005e-09,NORMAL
6038,0.9999999800000006,9.999999800000005e-09,9.999999800000005e-09,NORMAL
6039,0.9999999800000006,9.999999800000005e-09,9.999999800000005e-09,NORMAL
6040,0.9999999800000006,9.999999800000005e-09,9.999999800000005e-09,NORMAL
6041,0.9999999800000006,9.999999800000005e-09,9.999999800000005e-09,NORMAL
6042,0.9999999800000006,9.999999800000005e-09,9.999999800000005e-09,NORMAL
6043,0.9999999800000006,9.999999800000005e-09,9.999999800000005e-09,NORMAL
6044,0.9999999800000006,9.999999800000005e-09,9.999999800000005e-09,NORMAL
6045,0.9999999800000006,9.999999800000005e-09,9.999999800000005e-09,NORMAL
6046,0.9999999800000006,9.999999800000005e-09,9.999999800000005e-09,NORMAL
6047,0.9999999800000006,9.999999800000005e-09,9.999999800000005e-09,NORMAL
6048,0.9999999800000006,9.999999800000005e-09,9.999999800000005e-09,NORMAL
6049,0.9999999800000006,9.999999800000005e-09,9.999999800000005e-09,NORMAL
6050,0.9999999800000006,9.999999800000005e-09,9.999999800000005e-09,NORMAL
6051,0.9999999800000006,9.999999800000005e-09,9.999999800000005e-09,NORMAL
6052,0.9999999800000006,9.999999800000005e-09,9.999999800000005e-09,NORMAL
6053,0.9999999800000006,9.999999800000005e-09,9.999999800000005e-09,NORMAL
6054,0.9999999800000006,9.999999800000005e-09,9.999999800000005e-09,NORMAL
6055,0.9999999800000006,9.999999800000005e-09,9.999999800000005e-09,NORMAL
6056,0.9999999800000006,9.999999800000005e-09,9.999999800000005e-09,NORMAL
6057,0.9999999800000006,9.999999800000005e-09,9.999999800000005e-09,NORMAL
6058,0.9999999800000006,9.999999800000005e-09,9.999999800000005e-09,NORMAL
6059,0.9999999800000006,9.999999800000005e-09,9.999999800000005e-09,NORMAL
6060,0.9999999800000006,9.999999800000005e-09,9.999999800000005e-09,NORMAL
6061,0.9999999800000006,9.999999800000005e-09,9.999999800000005e-09,NORMAL
6062,0.9999999800000006,9.999999800000005e-09,9.999999800000005e-09,NORMAL
6063,0.9999999800000006,9.999999800000005e-09,9.999999800000005e-09,NORMAL
6064,0.9999999800000006,9.999999800000005e-09,9.999999800000005e-09,NORMAL
6065,0.9999999800000006,9.999999800000005e-09,9.999999800000005e-09,NORMAL
6066,0.9999999800000006,9.999999800000005e-09,9.999999800000005e-09,NORMAL
6067,0.9999999800000006,9.999999800000005e-09,9.999999800000005e-09,NORMAL
6068,0.9999999800000006,9.999999800000005e-09,9.999999800000005e-09,NORMAL
6069,0.9999999800000006,9.999999800000005e-09,9.999999800000005e-09,NORMAL
6070,0.9999999800000006,9.999999800000005e-09,9.999999800000005e-09,NORMAL
6071,0.9999999800000006,9.999999800000005e-09,9.999999800000005e-09,NORMAL
6072,0.9999999800000006,9.999999800000005e-09,9.999999800000005e-09,NORMAL
6073,0.9999999800000006,9.999999800000005e-09,9.999999800000005e-09,NORMAL
6074,0.9999999800000006,9.999999800000005e-09,9.999999800000005e-09,NORMAL
6075,0.9999999800000006,9.999999800000005e-09,9.999999800000005e-09,NORMAL
6076,0.9999999800000006,9.999999800000005e-09,9.999999800000005e-09,NORMAL
6077,0.9999999800000006,9.999999800000005e-09,9.999999800000005e-09,NORMAL
6078,0.9999999800000006,9.999999800000005e-09,9.999999800000005e-09,NORMAL
6079,0.9999999800000006,9.999999800000005e-09,9.999999800000005e-09,NORMAL
6080,0.9999999800000006,9.999999800000005e-09,9.999999800000005e-09,NORMAL
6081,0.9999999800000006,9.999999800000005e-09,9.999999800000005e-09,NORMAL
6082,0.9999999800000006,9.999999800000005e-09,9.999999800000005e-09,NORMAL
6083,0.9999999800000006,9.999999800000005e-09,9.999999800000005e-09,NORMAL
6084,0.9999999800000006,9.999999800000005e-09,9.999999800000005e-09,NORMAL
6085,0.9999999800000006,9.999999800000005e-09,9.999999800000005e-09,NORMAL
6086,0.9999999800000006,9.999999800000005e-09,9.999999800000005e-09,NORMAL
6087,0.9999999800000006,9.999999800000005e-09,9.999999800000005e-09,NORMAL
6088,0.9999999800000006,9.999999800000005e-09,9.999999800000005e-09,NORMAL
6089,0.9999999800000006,9.999999800000005e-09,9.999999800000005e-09,NORMAL
6090,0.9999999800000006,9.999999800000005e-09,9.999999800000005e-09,NORMAL
6091,0.9999999800000006,9.999999800000005e-09,9.999999800000005e-09,NORMAL
6092,0.9999999800000006,9.999999800000005e-09,9.999999800000005e-09,NORMAL
6093,0.9999999800000006,9.999999800000005e-09,9.999999800000005e-09,NORMAL
6094,0.9999999800000006,9.999999800000005e-09,9.999999800000005e-09,NORMAL
6095,0.9999999800000006,9.999999800000005e-09,9.999999800000005e-09,NORMAL
6096,0.9999999800000006,9.999999800000005e-09,9.999999800000005e-09,NORMAL
6097,0.9999999800000006,9.999999800000005e-09,9.999999800000005e-09,NORMAL
6098,0.9999999800000006,9.999999800000005e-09,9.999999800000005e-09,NORMAL
6099,0.9999999800000006,9.999999800000005e-09,9.999999800000005e-09,NORMAL
6100,0.9999999800000006,9.999999800000005e-09,9.999999800000005e-09,NORMAL
6101,0.9999999800000006,9.999999800000005e-09,9.999999800000005e-09,NORMAL
6102,0.9993040957898353,0.0006958942171238407,9.993040957898353e-09,NORMAL
6103,0.9993040957898353,0.0006958942171238407,9.993040957898353e-09,NORMAL
6104,0.9993040957898353,0.0006958942171238407,9.993040957898353e-09,NORMAL
6105,0.9993040957898353,0.0006958942171238407,9.993040957898353e-09,NORMAL
6106,0.9993040957898353,0.0006958942171238407,9.993040957898353e-09,NORMAL
6107,0.9993040957898353,0.0006958942171238407,9.993040957898353e-09,NORMAL
6108,0.9993040957898353,0.0006958942171238407,9.993040957898353e-09,NORMAL
6109,0.9993040957898353,0.0006958942171238407,9.993040957898353e-09,NORMAL
6110,0.9993040957898353,0.0006958942171238407,9.993040957898353e-09,NORMAL
6111,0.9993040957898353,0.0006958942171238407,9.993040957898353e-09,NORMAL
6112,0.9993040957898353,0.0006958942171238407,9.993040957898353e-09,NORMAL
6113,0.9993040957898353,0.0006958942171238407,9.993040957898353e-09,NORMAL
6114,0.9993040957898353,0.0006958942171238407,9.993040957898353e-09,NORMAL
6115,0.9993040957898353,0.0006958942171238407,9.993040957898353e-09,NORMAL
6116,0.9993040957898353,0.0006958942171238407,9.993040957898353e-09,NORMAL
6117,0.9993040957898353,0.0006958942171238407,9.993040957898353e-09,NORMAL
6118,0.9993040957898353,0.0006958942171238407,9.993040957898353e-09,NORMAL
6119,0.9993040957898353,0.0006958942171238407,9.993040957898353e-09,NORMAL
6120,0.9993040957898353,0.0006958942171238407,9.993040957898353e-09,NORMAL
6121,0.9993040957898353,0.0006958942171238407,9.993040957898353e-09,NORMAL
6122,0.9993040957898353,0.0006958942171238407,9.993040957898353e-09,NORMAL
6123,0.9993040957898353,0.0006958942171238407,9.993040957898353e-09,NORMAL
6124,0.9993040957898353,0.0006958942171238407,9.993040957898353e-09,NORMAL
6125,0.9993040957898353,0.0006958942171238407,9.993040957898353e-09,NORMAL
6126,0.9993040957898353,0.0006958942171238407,9.993040957898353e-09,NORMAL
6127,0.9993040957898353,0.0006958942171238407,9.993040957898353e-09,NORMAL
6128,0.9993040957898353,0.0006958942171238407,9.993040957898353e-09,NORMAL
6129,0.9993040957898353,0.0006958942171238407,9.993040957898353e-09,NORMAL
6130,0.9993040957898353,0.0006958942171238407,9.993040957898353e-09,NORMAL
6131,0.9993040957898353,0.0006958942171238407,9.993040957898353e-09,NORMAL
6132,0.9993040957898353,0.0006958942171238407,9.993040957898353e-09,NORMAL
6133,0.9993040957898353,0.0006958942171238407,9.993040957898353e-09,NORMAL
6134,0.9993040957898353,0.0006958942171238407,9.993040957898353e-09,NORMAL
6135,0.9993040957898353,0.0006958942171238407,9.993040957898353e-09,NORMAL
6136,0.9993040957898353,0.0006958942171238407,9.993040957898353e-09,NORMAL
6137,0.9993040957898353,0.0006958942171238407,9.993040957898353e-09,NORMAL
6138,0.9999999800000006,9.999999800000005e-09,9.999999800000005e-09,NORMAL
6139,0.9999999800000006,9.999999800000005e-09,9.999999800000005e-09,NORMAL
6140,0.9999999800000006,9.999999800000005e-09,9.999999800000005e-09,NORMAL
6141,0.9999999800000006,9.999999800000005e-09,9.999999800000005e-09,NORMAL
6142,0.9999999800000006,9.999999800000005e-09,9.999999800000005e-09,NORMAL
6143,0.9999999800000006,9.999999800000005e-09,9.999999800000005e-09,NORMAL
6144,0.9999999800000006,9.999999800000005e-09,9.999999800000005e-09,NORMAL
6145,0.9999999800000006,9.999999800000005e-09,9.999999800000005e-09,NORMAL
6146,0.9999999800000006,9.999999800000005e-09,9.999999800000005e-09,NORMAL
6147,0.9999999800000006,9.999999800000005e-09,9.999999800000005e-09,NORMAL
6148,0.9999999800000006,9.999999800000005e-09,9.999999800000005e-09,NORMAL
6149,0.9999999800000006,9.999999800000005e-09,9.999999800000005e-09,NORMAL
6150,0.9999999800000006,9.999999800000005e-09,9.999999800000005e-09,NORMAL
6151,0.9999999800000006,9.999999800000005e-09,9.999999800000005e-09,NORMAL
6152,0.9999999800000006,9.999999800000005e-09,9.999999800000005e-09,NORMAL
6153,0.9999999800000006,9.999999800000005e-09,9.999999800000005e-09,NORMAL
6154,0.9999999800000006,9.999999800000005e-09,9.999999800000005e-09,NORMAL
6155,0.9999999800000006,9.999999800000005e-09,9.999999800000005e-09,NORMAL
6156,0.9999999800000006,9.999999800000005e-09,9.999999800000005e-09,NORMAL
6157,0.9999999800000006,9.999999800000005e-09,9.999999800000005e-09,NORMAL
6158,0.9999999800000006,9.999999800000005e-09,9.999999800000005e-09,NORMAL
6159,0.9999999800000006,9.999999800000005e-09,9.999999800000005e-09,NORMAL
6160,0.9999999800000006,9.999999800000005e-09,9.999999800000005e-09,NORMAL
6161,0.9999999800000006,9.999999800000005e-09,9.999999800000005e-09,NORMAL
6162,0.9999999800000006,9.999999800000005e-09,9.999999800000005e-09,NORMAL
6163,0.9999999800000006,9.999999800000005e-09,9.999999800000005e-09,NORMAL
6164,0.9999999800000006,9.999999800000005e-09,9.999999800000005e-09,NORMAL
6165,0.9999999800000006,9.999999800000005e-09,9.999999800000005e-09,NORMAL
6166,0.9999999800000006,9.999999800000005e-09,9.999999800000005e-09,NORMAL
6167,0.9999999800000006,9.999999800000005e-09,9.999999800000005e-09,NORMAL
6168,0.9999999800000006,9.999999800000005e-09,9.999999800000005e-09,NORMAL
6169,0.9999999800000006,9.999999800000005e-09,9.999999800000005e-09,NORMAL
6170,0.9999999800000006,9.999999800000005e-09,9.999999800000005e-09,NORMAL
6171,0.9999999800000006,9.999999800000005e-09,9.999999800000005e-09,NORMAL
6172,0.9999999800000006,9.999999800000005e-09,9.999999800000005e-09,NORMAL
6173,0.9999999800000006,9.999999800000005e-09,9.999999800000005e-09,NORMAL
6174,0.9999999800000006,9.999999800000005e-09,9.999999800000005e-09,NORMAL
6175,0.9999999800000006,9.999999800000005e-09,9.999999800000005e-09,NORMAL
6176,0.9999999800000006,9.999999800000005e-09,9.999999800000005e-09,NORMAL
6177,0.9999999800000006,9.999999800000005e-09,9.999999800000005e-09,NORMAL
6178,0.9999999800000006,9.999999800000005e-09,9.999999800000005e-09,NORMAL
6179,0.9999999800000006,9.999999800000005e-09,9.999999800000005e-09,NORMAL
6180,0.9999999800000006,9.999999800000005e-09,9.999999800000005e-09,NORMAL
6181,0.9999999800000006,9.999999800000005e-09,9.999999800000005e-09,NORMAL
6182,0.9999999800000006,9.999999800000005e-09,9.999999800000005e-09,NORMAL
6183,0.9999999800000006,9.999999800000005e-09,9.999999800000005e-09,NORMAL
6184,0.9999999800000006,9.999999800000005e-09,9.999999800000005e-09,NORMAL
6185,0.9999999800000006,9.999999800000005e-09,9.999999800000005e-09,NORMAL
6186,0.9999999800000006,9.999999800000005e-09,9.999999800000005e-09,NORMAL
6187,0.9999999800000006,9.999999800000005e-09,9.999999800000005e-09,NORMAL
6188,0.9999999800000006,9.999999800000005e-09,9.999999800000005e-09,NORMAL
6189,0.9999999800000006,9.999999800000005e-09,9.999999800000005e-09,NORMAL
6190,0.9999999800000006,9.999999800000005e-09,9.999999800000005e-09,NORMAL
6191,0.9999999800000006,9.999999800000005e-09,9.999999800000005e-09,NORMAL
6192,0.9993040957898353,0.0006958942171238407,9.993040957898353e-09,NORMAL
6193,0.9993040957898353,0.0006958942171238407,9.993040957898353e-09,NORMAL
6194,0.9993040957898353,0.0006958942171238407,9.993040957898353e-09,NORMAL
6195,0.9993040957898353,0.0006958942171238407,9.993040957898353e-09,NORMAL
6196,0.9993040957898353,0.0006958942171238407,9.993040957898353e-09,NORMAL
6197,0.9993040957898353,0.0006958942171238407,9.993040957898353e-09,NORMAL
6198,0.9993040957898353,0.0006958942171238407,9.993040957898353e-09,NORMAL
6199,0.9993040957898353,0.0006958942171238407,9.993040957898353e-09,NORMAL
6200,0.9993040957898353,0.0006958942171238407,9.993040957898353e-09,NORMAL
6201,0.9993040957898353,0.0006958942171238407,9.993040957898353e-09,NORMAL
6202,0.9993040957898353,0.0006958942171238407,9.993040957898353e-09,NORMAL
6203,0.9993040957898353,0.0006958942171238407,9.993040957898353e-09,NORMAL
6204,0.9993040957898353,0.0006958942171238407,9.993040957898353e-09,NORMAL
6205,0.9993040957898353,0.0006958942171238407,9.993040957898353e-09,NORMAL
6206,0.9993040957898353,0.0006958942171238407,9.993040957898353e-09,NORMAL
6207,0.9993040957898353,0.0006958942171238407,9.993040957898353e-09,NORMAL
6208,0.9993040957898353,0.0006958942171238407,9.993040957898353e-09,NORMAL
6209,0.9993040957898353,0.0006958942171238407,9.993040957898353e-09,NORMAL
6210,0.9993040957898353,0.0006958942171238407,9.993040957898353e-09,NORMAL
6211,0.9993040957898353,0.0006958942171238407,9.993040957898353e-09,NORMAL
6212,0.9993040957898353,0.0006958942171238407,9.993040957898353e-09,NORMAL
6213,0.9993040957898353,0.0006958942171238407,9.993040957898353e-09,NORMAL
6214,0.9993040957898353,0.0006958942171238407,9.993040957898353e-09,NORMAL
6215,0.9993040957898353,0.0006958942171238407,9.993040957898353e-09,NORMAL
6216,0.9993040957898353,0.0006958942171238407,9.993040957898353e-09,NORMAL
6217,0.9993040957898353,0.0006958942171238407,9.993040957898353e-09,NORMAL
6218,0.9993040957898353,0.0006958942171238407,9.993040957898353e-09,NORMAL
6219,0.9993040957898353,0.0006958942171238407,9.993040957898353e-09,NORMAL
6220,0.9993040957898353,0.0006958942171238407,9.993040957898353e-09,NORMAL
6221,0.9993040957898353,0.0006958942171238407,9.993040957898353e-09,NORMAL
6222,0.9993040957898353,0.0006958942171238407,9.993040957898353e-09,NORMAL
6223,0.9993040957898353,0.0006958942171238407,9.993040957898353e-09,NORMAL
6224,0.9993040957898353,0.0006958942171238407,9.993040957898353e-09,NORMAL
6225,0.9993040957898353,0.0006958942171238407,9.993040957898353e-09,NORMAL
6226,0.9993040957898353,0.0006958942171238407,9.993040957898353e-09,NORMAL
6227,0.9993040957898353,0.0006958942171238407,9.993040957898353e-09,NORMAL
6228,0.9999999800000006,9.999999800000005e-09,9.999999800000005e-09,NORMAL
6229,0.9999999800000006,9.999999800000005e-09,9.999999800000005e-09,NORMAL
6230,0.9999999800000006,9.999999800000005e-09,9.999999800000005e-09,NORMAL
6231,0.9999999800000006,9.999999800000005e-09,9.999999800000005e-09,NORMAL
6232,0.9999999800000006,9.999999800000005e-09,9.999999800000005e-09,NORMAL
6233,0.9999999800000006,9.999999800000005e-09,9.999999800000005e-09,NORMAL
6234,0.9999999800000006,9.999999800000005e-09,9.999999800000005e-09,NORMAL
6235,0.9999999800000006,9.999999800000005e-09,9.999999800000005e-09,NORMAL
6236,0.9999999800000006,9.999999800000005e-09,9.999999800000005e-09,NORMAL
6237,0.9999999800000006,9.999999800000005e-09,9.999999800000005e-09,NORMAL
6238,0.9999999800000006,9.999999800000005e-09,9.999999800000005e-09,NORMAL
6239,0.9999999800000006,9.999999800000005e-09,9.999999800000005e-09,NORMAL
6240,0.9999999800000006,9.999999800000005e-09,9.999999800000005e-09,NORMAL
6241,0.9999999800000006,9.999999800000005e-09,9.999999800000005e-09,NORMAL
6242,0.9999999800000006,9.999999800000005e-09,9.999999800000005e-09,NORMAL
6243,0.9999999800000006,9.999999800000005e-09,9.999999800000005e-09,NORMAL
6244,0.9999999800000006,9.999999800000005e-09,9.999999800000005e-09,NORMAL
6245,0.9999999800000006,9.999999800000005e-09,9.999999800000005e-09,NORMAL
6246,0.9999999800000006,9.999999800000005e-09,9.999999800000005e-09,NORMAL
6247,0.9999999800000006,9.999999800000005e-09,9.999999800000005e-09,NORMAL
6248,0.9999999800000006,9.999999800000005e-09,9.999999800000005e-09,NORMAL
6249,0.9999999800000006,9.999999800000005e-09,9.999999800000005e-09,NORMAL
6250,0.9999999800000006,9.999999800000005e-09,9.999999800000005e-09,NORMAL
6251,0.9999999800000006,9.999999800000005e-09,9.999999800000005e-09,NORMAL
6252,0.9999999800000006,9.999999800000005e-09,9.999999800000005e-09,NORMAL
6253,0.9999999800000006,9.999999800000005e-09,9.999999800000005e-09,NORMAL
6254,0.9999999800000006,9.999999800000005e-09,9.999999800000005e-09,NORMAL
6255,0.9999999800000006,9.999999800000005e-09,9.999999800000005e-09,NORMAL
6256,0.9999999800000006,9.999999800000005e-09,9.999999800000005e-09,NORMAL
6257,0.9999999800000006,9.999999800000005e-09,9.999999800000005e-09,NORMAL
6258,0.9999999800000006,9.999999800000005e-09,9.999999800000005e-09,NORMAL
6259,0.9999999800000006,9.999999800000005e-09,9.999999800000005e-09,NORMAL
6260,0.9999999800000006,9.999999800000005e-09,9.999999800000005e-09,NORMAL
6261,0.9999999800000006,9.999999800000005e-09,9.999999800000005e-09,NORMAL
6262,0.9999999800000006,9.999999800000005e-09,9.999999800000005e-09,NORMAL
6263,0.9999999800000006,9.999999800000005e-09,9.999999800000005e-09,NORMAL
6264,0.9999999800000006,9.999999800000005e-09,9.999999800000005e-09,NORMAL
6265,0.9999999800000006,9.999999800000005e-09,9.999999800000005e-09,NORMAL
6266,0.9999999800000006,9.999999800000005e-09,9.999999800000005e-09,NORMAL
6267,0.9999999800000006,9.999999800000005e-09,9.999999800000005e-09,NORMAL
6268,0.9999999800000006,9.999999800000005e-09,9.999999800000005e-09,NORMAL
6269,0.9999999800000006,9.999999800000005e-09,9.999999800000005e-09,NORMAL
6270,0.9999999800000006,9.999999800000005e-09,9.999999800000005e-09,NORMAL
6271,0.9999999800000006,9.999999800000005e-09,9.999999800000005e-09,NORMAL
6272,0.9999999800000006,9.999999800000005e-09,9.999999800000005e-09,NORMAL
6273,0.9999999800000006,9.999999800000005e-09,9.999999800000005e-09,NORMAL
6274,0.9999999800000006,9.999999800000005e-09,9.999999800000005e-09,NORMAL
6275,0.9999999800000006,9.999999800000005e-09,9.999999800000005e-09,NORMAL
6276,0.9999999800000006,9.999999800000005e-09,9.999999800000005e-09,NORMAL
6277,0.9999999800000006,9.999999800000005e-09,9.999999800000005e-09,NORMAL
6278,0.9999999800000006,9.999999800000005e-09,9.999999800000005e-09,NORMAL
6279,0.9999999800000006,9.999999800000005e-09,9.999999800000005e-09,NORMAL
6280,0.9999999800000006,9.999999800000005e-09,9.999999800000005e-09,NORMAL
6281,0.9999999800000006,9.999999800000005e-09,9.999999800000005e-09,NORMAL
6282,0.9993040957898353,0.0006958942171238407,9.993040957898353e-09,NORMAL
6283,0.9993040957898353,0.0006958942171238407,9.993040957898353e-09,NORMAL
6284,0.9993040957898353,0.0006958942171238407,9.993040957898353e-09,NORMAL
6285,0.9993040957898353,0.0006958942171238407,9.993040957898353e-09,NORMAL
6286,0.9993040957898353,0.0006958942171238407,9.993040957898353e-09,NORMAL
6287,0.9993040957898353,0.0006958942171238407,9.993040957898353e-09,NORMAL
6288,0.9993040957898353,0.0006958942171238407,9.993040957898353e-09,NORMAL
6289,0.9993040957898353,0.0006958942171238407,9.993040957898353e-09,NORMAL
6290,0.9993040957898353,0.0006958942171238407,9.993040957898353e-09,NORMAL
6291,0.9993040957898353,0.0006958942171238407,9.993040957898353e-09,NORMAL
6292,0.9993040957898353,0.0006958942171238407,9.993040957898353e-09,NORMAL
6293,0.9993040957898353,0.0006958942171238407,9.993040957898353e-09,NORMAL
6294,0.9993040957898353,0.0006958942171238407,9.993040957898353e-09,NORMAL
6295,0.9993040957898353,0.0006958942171238407,9.993040957898353e-09,NORMAL
6296,0.9993040957898353,0.0006958942171238407,9.993040957898353e-09,NORMAL
6297,0.9993040957898353,0.0006958942171238407,9.993040957898353e-09,NORMAL
6298,0.9993040957898353,0.0006958942171238407,9.993040957898353e-09,NORMAL
6299,0.9993040957898353,0.0006958942171238407,9.993040957898353e-09,NORMAL
6300,0.9999999800000006,9.999999800000005e-09,9.999999800000005e-09,NORMAL
6301,0.9999999800000006,9.999999800000005e-09,9.999999800000005e-09,NORMAL
6302,0.9999999800000006,9.999999800000005e-09,9.999999800000005e-09,NORMAL
6303,0.9999999800000006,9.999999800000005e-09,9.999999800000005e-09,NORMAL
6304,0.9999999800000006,9.999999800000005e-09,9.999999800000005e-09,NORMAL
6305,0.9999999800000006,9.999999800000005e-09,9.999999800000005e-09,NORMAL
6306,0.9999999800000006,9.999999800000005e-09,9.999999800000005e-09,NORMAL
6307,0.9999999800000006,9.999999800000005e-09,9.999999800000005e-09,NORMAL
6308,0.9999999800000006,9.999999800000005e-09,9.999999800000005e-09,NORMAL
6309,0.9999999800000006,9.999999800000005e-09,9.999999800000005e-09,NORMAL
6310,0.9999999800000006,9.999999800000005e-09,9.999999800000005e-09,NORMAL
6311,0.9999999800000006,9.999999800000005e-09,9.999999800000005e-09,NORMAL
6312,0.9999999800000006,9.999999800000005e-09,9.999999800000005e-09,NORMAL
6313,0.9999999800000006,9.999999800000005e-09,9.999999800000005e-09,NORMAL
6314,0.9999999800000006,9.999999800000005e-09,9.999999800000005e-09,NORMAL
6315,0.9999999800000006,9.999999800000005e-09,9.999999800000005e-09,NORMAL
6316,0.9999999800000006,9.999999800000005e-09,9.999999800000005e-09,NORMAL
6317,0.9999999800000006,9.999999800000005e-09,9.999999800000005e-09,NORMAL
6318,0.9993040957898353,0.0006958942171238407,9.993040957898353e-09,NORMAL
6319,0.9993040957898353,0.0006958942171238407,9.993040957898353e-09,NORMAL
6320,0.9993040957898353,0.0006958942171238407,9.993040957898353e-09,NORMAL
6321,0.9993040957898353,0.0006958942171238407,9.993040957898353e-09,NORMAL
6322,0.9993040957898353,0.0006958942171238407,9.993040957898353e-09,NORMAL
6323,0.9993040957898353,0.0006958942171238407,9.993040957898353e-09,NORMAL
6324,0.9993040957898353,0.0006958942171238407,9.993040957898353e-09,NORMAL
6325,0.9993040957898353,0.0006958942171238407,9.993040957898353e-09,NORMAL
6326,0.9993040957898353,0.0006958942171238407,9.993040957898353e-09,NORMAL
6327,0.9993040957898353,0.0006958942171238407,9.993040957898353e-09,NORMAL
6328,0.9993040957898353,0.0006958942171238407,9.993040957898353e-09,NORMAL
6329,0.9993040957898353,0.0006958942171238407,9.993040957898353e-09,NORMAL
6330,0.9993040957898353,0.0006958942171238407,9.993040957898353e-09,NORMAL
6331,0.9993040957898353,0.0006958942171238407,9.993040957898353e-09,NORMAL
6332,0.9993040957898353,0.0006958942171238407,9.993040957898353e-09,NORMAL
6333,0.9993040957898353,0.0006958942171238407,9.993040957898353e-09,NORMAL
6334,0.9993040957898353,0.0006958942171238407,9.993040957898353e-09,NORMAL
6335,0.9993040957898353,0.0006958942171238407,9.993040957898353e-09,NORMAL
6336,0.9999999800000006,9.999999800000005e-09,9.999999800000005e-09,NORMAL
6337,0.9999999800000006,9.999999800000005e-09,9.999999800000005e-09,NORMAL
6338,0.9999999800000006,9.999999800000005e-09,9.999999800000005e-09,NORMAL
6339,0.9999999800000006,9.999999800000005e-09,9.999999800000005e-09,NORMAL
6340,0.9999999800000006,9.999999800000005e-09,9.999999800000005e-09,NORMAL
6341,0.9999999800000006,9.999999800000005e-09,9.999999800000005e-09,NORMAL
6342,0.9999999800000006,9.999999800000005e-09,9.999999800000005e-09,NORMAL
6343,0.9999999800000006,9.999999800000005e-09,9.999999800000005e-09,NORMAL
6344,0.9999999800000006,9.999999800000005e-09,9.999999800000005e-09,NORMAL
6345,0.9999999800000006,9.999999800000005e-09,9.999999800000005e-09,NORMAL
6346,0.9999999800000006,9.999999800000005e-09,9.999999800000005e-09,NORMAL
6347,0.9999999800000006,9.999999800000005e-09,9.999999800000005e-09,NORMAL
6348,0.9999999800000006,9.999999800000005e-09,9.999999800000005e-09,NORMAL
6349,0.9999999800000006,9.999999800000005e-09,9.999999800000005e-09,NORMAL
6350,0.9999999800000006,9.999999800000005e-09,9.999999800000005e-09,NORMAL
6351,0.9999999800000006,9.999999800000005e-09,9.999999800000005e-09,NORMAL
6352,0.9999999800000006,9.999999800000005e-09,9.999999800000005e-09,NORMAL
6353,0.9999999800000006,9.999999800000005e-09,9.999999800000005e-09,NORMAL
6354,0.9999999800000006,9.999999800000005e-09,9.999999800000005e-09,NORMAL
6355,0.9999999800000006,9.999999800000005e-09,9.999999800000005e-09,NORMAL
6356,0.9999999800000006,9.999999800000005e-09,9.999999800000005e-09,NORMAL
6357,0.9999999800000006,9.999999800000005e-09,9.999999800000005e-09,NORMAL
6358,0.9999999800000006,9.999999800000005e-09,9.999999800000005e-09,NORMAL
6359,0.9999999800000006,9.999999800000005e-09,9.999999800000005e-09,NORMAL
6360,0.9999999800000006,9.999999800000005e-09,9.999999800000005e-09,NORMAL
6361,0.6499999922500002,6.499999922500002e-09,0.3500000012499999,CRITICAL
6362,0.8949999836750004,8.949999836750004e-09,0.10500000737499984,CRITICAL
6363,0.9999999800000006,9.999999800000005e-09,9.999999800000005e-09,NORMAL
6364,0.9999999800000006,9.999999800000005e-09,9.999999800000005e-09,NORMAL
6365,0.9999999800000006,9.999999800000005e-09,9.999999800000005e-09,NORMAL
6366,0.9999999800000006,9.999999800000005e-09,9.999999800000005e-09,NORMAL
6367,0.9999999800000006,9.999999800000005e-09,9.999999800000005e-09,NORMAL
6368,0.9999999800000006,9.999999800000005e-09,9.999999800000005e-09,NORMAL
6369,0.9999999800000006,9.999999800000005e-09,9.999999800000005e-09,NORMAL
6370,0.9999999800000006,9.999999800000005e-09,9.999999800000005e-09,NORMAL
6371,0.9999999800000006,9.999999800000005e-09,9.999999800000005e-09,NORMAL
6372,0.9999999800000006,9.999999800000005e-09,9.999999800000005e-09,NORMAL
6373,0.9999999800000006,9.999999800000005e-09,9.999999800000005e-09,NORMAL
6374,0.9999999800000006,9.999999800000005e-09,9.999999800000005e-09,NORMAL
6375,0.9999999800000006,9.999999800000005e-09,9.999999800000005e-09,NORMAL
6376,0.9999999800000006,9.999999800000005e-09,9.999999800000005e-09,NORMAL
6377,0.9999999800000006,9.999999800000005e-09,9.999999800000005e-09,NORMAL
6378,0.9999999800000006,9.999999800000005e-09,9.999999800000005e-09,NORMAL
6379,0.9999999800000006,9.999999800000005e-09,9.999999800000005e-09,NORMAL
6380,0.9999999800000006,9.999999800000005e-09,9.999999800000005e-09,NORMAL
6381,0.9999999800000006,9.999999800000005e-09,9.999999800000005e-09,NORMAL
6382,0.9999999800000006,9.999999800000005e-09,9.999999800000005e-09,NORMAL
6383,0.9999999800000006,9.999999800000005e-09,9.999999800000005e-09,NORMAL
6384,0.9999999800000006,9.999999800000005e-09,9.999999800000005e-09,NORMAL
6385,0.9999999800000006,9.999999800000005e-09,9.999999800000005e-09,NORMAL
6386,0.9999999800000006,9.999999800000005e-09,9.999999800000005e-09,NORMAL
6387,0.9999999800000006,9.999999800000005e-09,9.999999800000005e-09,NORMAL
6388,0.9999999800000006,9.999999800000005e-09,9.999999800000005e-09,NORMAL
6389,0.9999999800000006,9.999999800000005e-09,9.999999800000005e-09,NORMAL
6390,0.9999999800000006,9.999999800000005e-09,9.999999800000005e-09,NORMAL
6391,0.9999999800000006,9.999999800000005e-09,9.999999800000005e-09,NORMAL
6392,0.9999999800000006,9.999999800000005e-09,9.999999800000005e-09,NORMAL
6393,0.9999999800000006,9.999999800000005e-09,9.999999800000005e-09,NORMAL
6394,0.9999999800000006,9.999999800000005e-09,9.999999800000005e-09,NORMAL
6395,0.9999999800000006,9.999999800000005e-09,9.999999800000005e-09,NORMAL
6396,0.9999999800000006,9.999999800000005e-09,9.999999800000005e-09,NORMAL
6397,0.9999999800000006,9.999999800000005e-09,9.999999800000005e-09,NORMAL
6398,0.9999999800000006,9.999999800000005e-09,9.999999800000005e-09,NORMAL
6399,0.9999999800000006,9.999999800000005e-09,9.999999800000005e-09,NORMAL
6400,0.9999999800000006,9.999999800000005e-09,9.999999800000005e-09,NORMAL
6401,0.9999999800000006,9.999999800000005e-09,9.999999800000005e-09,NORMAL
6402,0.9999999800000006,9.999999800000005e-09,9.999999800000005e-09,NORMAL
6403,0.9999999800000006,9.999999800000005e-09,9.999999800000005e-09,NORMAL
6404,0.9999999800000006,9.999999800000005e-09,9.999999800000005e-09,NORMAL
6405,0.9999999800000006,9.999999800000005e-09,9.999999800000005e-09,NORMAL
6406,0.9999999800000006,9.999999800000005e-09,9.999999800000005e-09,NORMAL
6407,0.9999999800000006,9.999999800000005e-09,9.999999800000005e-09,NORMAL
6408,0.9993040957898353,0.0006958942171238407,9.993040957898353e-09,NORMAL
6409,0.9993040957898353,0.0006958942171238407,9.993040957898353e-09,NORMAL
6410,0.9993040957898353,0.0006958942171238407,9.993040957898353e-09,NORMAL
6411,0.9993040957898353,0.0006958942171238407,9.993040957898353e-09,NORMAL
6412,0.9993040957898353,0.0006958942171238407,9.993040957898353e-09,NORMAL
6413,0.9993040957898353,0.0006958942171238407,9.993040957898353e-09,NORMAL
6414,0.9993040957898353,0.0006958942171238407,9.993040957898353e-09,NORMAL
6415,0.9993040957898353,0.0006958942171238407,9.993040957898353e-09,NORMAL
6416,0.9993040957898353,0.0006958942171238407,9.993040957898353e-09,NORMAL
6417,0.9993040957898353,0.0006958942171238407,9.993040957898353e-09,NORMAL
6418,0.9993040957898353,0.0006958942171238407,9.993040957898353e-09,NORMAL
6419,0.9993040957898353,0.0006958942171238407,9.993040957898353e-09,NORMAL
6420,0.9993040957898353,0.0006958942171238407,9.993040957898353e-09,NORMAL
6421,0.9993040957898353,0.0006958942171238407,9.993040957898353e-09,NORMAL
6422,0.9993040957898353,0.0006958942171238407,9.993040957898353e-09,NORMAL
6423,0.9993040957898353,0.0006958942171238407,9.993040957898353e-09,NORMAL
6424,0.9993040957898353,0.0006958942171238407,9.993040957898353e-09,NORMAL
6425,0.9993040957898353,0.0006958942171238407,9.993040957898353e-09,NORMAL
6426,0.9999999800000006,9.999999800000005e-09,9.999999800000005e-09,NORMAL
6427,0.9999999800000006,9.999999800000005e-09,9.999999800000005e-09,NORMAL
6428,0.9999999800000006,9.999999800000005e-09,9.999999800000005e-09,NORMAL
6429,0.9999999800000006,9.999999800000005e-09,9.999999800000005e-09,NORMAL
6430,0.9999999800000006,9.999999800000005e-09,9.999999800000005e-09,NORMAL
6431,0.9999999800000006,9.999999800000005e-09,9.999999800000005e-09,NORMAL
6432,0.9999999800000006,9.999999800000005e-09,9.999999800000005e-09,NORMAL
6433,0.9999999800000006,9.999999800000005e-09,9.999999800000005e-09,NORMAL
6434,0.9999999800000006,9.999999800000005e-09,9.999999800000005e-09,NORMAL
6435,0.9999999800000006,9.999999800000005e-09,9.999999800000005e-09,NORMAL
6436,0.9999999800000006,9.999999800000005e-09,9.999999800000005e-09,NORMAL
6437,0.9999999800000006,9.999999800000005e-09,9.999999800000005e-09,NORMAL
6438,0.9999999800000006,9.999999800000005e-09,9.999999800000005e-09,NORMAL
6439,0.9999999800000006,9.999999800000005e-09,9.999999800000005e-09,NORMAL
6440,0.9999999800000006,9.999999800000005e-09,9.999999800000005e-09,NORMAL
6441,0.9999999800000006,9.999999800000005e-09,9.999999800000005e-09,NORMAL
6442,0.9999999800000006,9.999999800000005e-09,9.999999800000005e-09,NORMAL
6443,0.9999999800000006,9.999999800000005e-09,9.999999800000005e-09,NORMAL
6444,0.9999999800000006,9.999999800000005e-09,9.999999800000005e-09,NORMAL
6445,0.9999999800000006,9.999999800000005e-09,9.999999800000005e-09,NORMAL
6446,0.9999999800000006,9.999999800000005e-09,9.999999800000005e-09,NORMAL
6447,0.9999999800000006,9.999999800000005e-09,9.999999800000005e-09,NORMAL
6448,0.9999999800000006,9.999999800000005e-09,9.999999800000005e-09,NORMAL
6449,0.9999999800000006,9.999999800000005e-09,9.999999800000005e-09,NORMAL
6450,0.9999999800000006,9.999999800000005e-09,9.999999800000005e-09,NORMAL
6451,0.9999999800000006,9.999999800000005e-09,9.999999800000005e-09,NORMAL
6452,0.9999999800000006,9.999999800000005e-09,9.999999800000005e-09,NORMAL
6453,0.9999999800000006,9.999999800000005e-09,9.999999800000005e-09,NORMAL
6454,0.9999999800000006,9.999999800000005e-09,9.999999800000005e-09,NORMAL
6455,0.9999999800000006,9.999999800000005e-09,9.999999800000005e-09,NORMAL
6456,0.9999999800000006,9.999999800000005e-09,9.999999800000005e-09,NORMAL
6457,0.9999999800000006,9.999999800000005e-09,9.999999800000005e-09,NORMAL
6458,0.9999999800000006,9.999999800000005e-09,9.999999800000005e-09,NORMAL
6459,0.9999999800000006,9.999999800000005e-09,9.999999800000005e-09,NORMAL
6460,0.9999999800000006,9.999999800000005e-09,9.999999800000005e-09,NORMAL
6461,0.9999999800000006,9.999999800000005e-09,9.999999800000005e-09,NORMAL
6462,0.9993040957898353,0.0006958942171238407,9.993040957898353e-09,NORMAL
6463,0.9993040957898353,0.0006958942171238407,9.993040957898353e-09,NORMAL
6464,0.9993040957898353,0.0006958942171238407,9.993040957898353e-09,NORMAL
6465,0.9993040957898353,0.0006958942171238407,9.993040957898353e-09,NORMAL
6466,0.9993040957898353,0.0006958942171238407,9.993040957898353e-09,NORMAL
6467,0.9993040957898353,0.0006958942171238407,9.993040957898353e-09,NORMAL
6468,0.9993040957898353,0.0006958942171238407,9.993040957898353e-09,NORMAL
6469,0.9993040957898353,0.0006958942171238407,9.993040957898353e-09,NORMAL
6470,0.9993040957898353,0.0006958942171238407,9.993040957898353e-09,NORMAL
6471,0.9993040957898353,0.0006958942171238407,9.993040957898353e-09,NORMAL
6472,0.9993040957898353,0.0006958942171238407,9.993040957898353e-09,NORMAL
6473,0.9993040957898353,0.0006958942171238407,9.993040957898353e-09,NORMAL
6474,0.9993040957898353,0.0006958942171238407,9.993040957898353e-09,NORMAL
6475,0.9993040957898353,0.0006958942171238407,9.993040957898353e-09,NORMAL
6476,0.9993040957898353,0.0006958942171238407,9.993040957898353e-09,NORMAL
6477,0.9993040957898353,0.0006958942171238407,9.993040957898353e-09,NORMAL
6478,0.9993040957898353,0.0006958942171238407,9.993040957898353e-09,NORMAL
6479,0.9993040957898353,0.0006958942171238407,9.993040957898353e-09,NORMAL
6480,0.9999999800000006,9.999999800000005e-09,9.999999800000005e-09,NORMAL
6481,0.9999999800000006,9.999999800000005e-09,9.999999800000005e-09,NORMAL
6482,0.9999999800000006,9.999999800000005e-09,9.999999800000005e-09,NORMAL
6483,0.9999999800000006,9.999999800000005e-09,9.999999800000005e-09,NORMAL
6484,0.9999999800000006,9.999999800000005e-09,9.999999800000005e-09,NORMAL
6485,0.9999999800000006,9.999999800000005e-09,9.999999800000005e-09,NORMAL
6486,0.9999999800000006,9.999999800000005e-09,9.999999800000005e-09,NORMAL
6487,0.9999999800000006,9.999999800000005e-09,9.999999800000005e-09,NORMAL
6488,0.9999999800000006,9.999999800000005e-09,9.999999800000005e-09,NORMAL
6489,0.9999999800000006,9.999999800000005e-09,9.999999800000005e-09,NORMAL
6490,0.9999999800000006,9.999999800000005e-09,9.999999800000005e-09,NORMAL
6491,0.9999999800000006,9.999999800000005e-09,9.999999800000005e-09,NORMAL
6492,0.9999999800000006,9.999999800000005e-09,9.999999800000005e-09,NORMAL
6493,0.9999999800000006,9.999999800000005e-09,9.999999800000005e-09,NORMAL
6494,0.9999999800000006,9.999999800000005e-09,9.999999800000005e-09,NORMAL
6495,0.9999999800000006,9.999999800000005e-09,9.999999800000005e-09,NORMAL
6496,0.9999999800000006,9.999999800000005e-09,9.999999800000005e-09,NORMAL
6497,0.9999999800000006,9.999999800000005e-09,9.999999800000005e-09,NORMAL
6498,0.9999999800000006,9.999999800000005e-09,9.999999800000005e-09,NORMAL
6499,0.9999999800000006,9.999999800000005e-09,9.999999800000005e-09,NORMAL
6500,0.9999999800000006,9.999999800000005e-09,9.999999800000005e-09,NORMAL
6501,0.9999999800000006,9.999999800000005e-09,9.999999800000005e-09,NORMAL
6502,0.9999999800000006,9.999999800000005e-09,9.999999800000005e-09,NORMAL
6503,0.9999999800000006,9.999999800000005e-09,9.999999800000005e-09,NORMAL
6504,0.9999999800000006,9.999999800000005e-09,9.999999800000005e-09,NORMAL
6505,0.9999999800000006,9.999999800000005e-09,9.999999800000005e-09,NORMAL
6506,0.9999999800000006,9.999999800000005e-09,9.999999800000005e-09,NORMAL
6507,0.9999999800000006,9.999999800000005e-09,9.999999800000005e-09,NORMAL
6508,0.9999999800000006,9.999999800000005e-09,9.999999800000005e-09,NORMAL
6509,0.9999999800000006,9.999999800000005e-09,9.999999800000005e-09,NORMAL
6510,0.9999999800000006,9.999999800000005e-09,9.999999800000005e-09,NORMAL
6511,0.9999999800000006,9.999999800000005e-09,9.999999800000005e-09,NORMAL
6512,0.9999999800000006,9.999999800000005e-09,9.999999800000005e-09,NORMAL
6513,0.9999999800000006,9.999999800000005e-09,9.999999800000005e-09,NORMAL
6514,0.9999999800000006,9.999999800000005e-09,9.999999800000005e-09,NORMAL
6515,0.9999999800000006,9.999999800000005e-09,9.999999800000005e-09,NORMAL
6516,0.9999999800000006,9.999999800000005e-09,9.999999800000005e-09,NORMAL
6517,0.9999999800000006,9.999999800000005e-09,9.999999800000005e-09,NORMAL
6518,0.9999999800000006,9.999999800000005e-09,9.999999800000005e-09,NORMAL
6519,0.9999999800000006,9.999999800000005e-09,9.999999800000005e-09,NORMAL
6520,0.9999999800000006,9.999999800000005e-09,9.999999800000005e-09,NORMAL
6521,0.9999999800000006,9.999999800000005e-09,9.999999800000005e-09,NORMAL
6522,0.9999999800000006,9.999999800000005e-09,9.999999800000005e-09,NORMAL
6523,0.9999999800000006,9.999999800000005e-09,9.999999800000005e-09,NORMAL
6524,0.9999999800000006,9.999999800000005e-09,9.999999800000005e-09,NORMAL
6525,0.9999999800000006,9.999999800000005e-09,9.999999800000005e-09,NORMAL
6526,0.9999999800000006,9.999999800000005e-09,9.999999800000005e-09,NORMAL
6527,0.9999999800000006,9.999999800000005e-09,9.999999800000005e-09,NORMAL
6528,0.9999999800000006,9.999999800000005e-09,9.999999800000005e-09,NORMAL
6529,0.9999999800000006,9.999999800000005e-09,9.999999800000005e-09,NORMAL
6530,0.9999999800000006,9.999999800000005e-09,9.999999800000005e-09,NORMAL
6531,0.9999999800000006,9.999999800000005e-09,9.999999800000005e-09,NORMAL
6532,0.9999999800000006,9.999999800000005e-09,9.999999800000005e-09,NORMAL
6533,0.9999999800000006,9.999999800000005e-09,9.999999800000005e-09,NORMAL
6534,0.9999999800000006,9.999999800000005e-09,9.999999800000005e-09,NORMAL
6535,0.9999999800000006,9.999999800000005e-09,9.999999800000005e-09,NORMAL
6536,0.9999999800000006,9.999999800000005e-09,9.999999800000005e-09,NORMAL
6537,0.9999999800000006,9.999999800000005e-09,9.999999800000005e-09,NORMAL
6538,0.9999999800000006,9.999999800000005e-09,9.999999800000005e-09,NORMAL
6539,0.9999999800000006,9.999999800000005e-09,9.999999800000005e-09,NORMAL
6540,0.9999999800000006,9.999999800000005e-09,9.999999800000005e-09,NORMAL
6541,0.9999999800000006,9.999999800000005e-09,9.999999800000005e-09,NORMAL
6542,0.9999999800000006,9.999999800000005e-09,9.999999800000005e-09,NORMAL
6543,0.9999999800000006,9.999999800000005e-09,9.999999800000005e-09,NORMAL
6544,0.9999999800000006,9.999999800000005e-09,9.999999800000005e-09,NORMAL
6545,0.9999999800000006,9.999999800000005e-09,9.999999800000005e-09,NORMAL
6546,0.9999999800000006,9.999999800000005e-09,9.999999800000005e-09,NORMAL
6547,0.9999999800000006,9.999999800000005e-09,9.999999800000005e-09,NORMAL
6548,0.9999999800000006,9.999999800000005e-09,9.999999800000005e-09,NORMAL
6549,0.9999999800000006,9.999999800000005e-09,9.999999800000005e-09,NORMAL
6550,0.9999999800000006,9.999999800000005e-09,9.999999800000005e-09,NORMAL
6551,0.9999999800000006,9.999999800000005e-09,9.999999800000005e-09,NORMAL
6552,0.9999999800000006,9.999999800000005e-09,9.999999800000005e-09,NORMAL
6553,0.9999999800000006,9.999999800000005e-09,9.999999800000005e-09,NORMAL
6554,0.9999999800000006,9.999999800000005e-09,9.999999800000005e-09,NORMAL
6555,0.9999999800000006,9.999999800000005e-09,9.999999800000005e-09,NORMAL
6556,0.9999999800000006,9.999999800000005e-09,9.999999800000005e-09,NORMAL
6557,0.9999999800000006,9.999999800000005e-09,9.999999800000005e-09,NORMAL
6558,0.9999999800000006,9.999999800000005e-09,9.999999800000005e-09,NORMAL
6559,0.9999999800000006,9.999999800000005e-09,9.999999800000005e-09,NORMAL
6560,0.9999999800000006,9.999999800000005e-09,9.999999800000005e-09,NORMAL
6561,0.9999999800000006,9.999999800000005e-09,9.999999800000005e-09,NORMAL
6562,0.9999999800000006,9.999999800000005e-09,9.999999800000005e-09,NORMAL
6563,0.9999999800000006,9.999999800000005e-09,9.999999800000005e-09,NORMAL
6564,0.9999999800000006,9.999999800000005e-09,9.999999800000005e-09,NORMAL
6565,0.9999999800000006,9.999999800000005e-09,9.999999800000005e-09,NORMAL
6566,0.9999999800000006,9.999999800000005e-09,9.999999800000005e-09,NORMAL
6567,0.9999999800000006,9.999999800000005e-09,9.999999800000005e-09,NORMAL
6568,0.9999999800000006,9.999999800000005e-09,9.999999800000005e-09,NORMAL
6569,0.9999999800000006,9.999999800000005e-09,9.999999800000005e-09,NORMAL
6570,0.9993040957898353,0.0006958942171238407,9.993040957898353e-09,NORMAL
6571,0.9993040957898353,0.0006958942171238407,9.993040957898353e-09,NORMAL
6572,0.9993040957898353,0.0006958942171238407,9.993040957898353e-09,NORMAL
6573,0.9993040957898353,0.0006958942171238407,9.993040957898353e-09,NORMAL
6574,0.9993040957898353,0.0006958942171238407,9.993040957898353e-09,NORMAL
6575,0.9993040957898353,0.0006958942171238407,9.993040957898353e-09,NORMAL
6576,0.9993040957898353,0.0006958942171238407,9.993040957898353e-09,NORMAL
6577,0.9993040957898353,0.0006958942171238407,9.993040957898353e-09,NORMAL
6578,0.9993040957898353,0.0006958942171238407,9.993040957898353e-09,NORMAL
6579,0.9993040957898353,0.0006958942171238407,9.993040957898353e-09,NORMAL
6580,0.9993040957898353,0.0006958942171238407,9.993040957898353e-09,NORMAL
6581,0.9993040957898353,0.0006958942171238407,9.993040957898353e-09,NORMAL
6582,0.9993040957898353,0.0006958942171238407,9.993040957898353e-09,NORMAL
6583,0.9993040957898353,0.0006958942171238407,9.993040957898353e-09,NORMAL
6584,0.9993040957898353,0.0006958942171238407,9.993040957898353e-09,NORMAL
6585,0.9993040957898353,0.0006958942171238407,9.993040957898353e-09,NORMAL
6586,0.9993040957898353,0.0006958942171238407,9.993040957898353e-09,NORMAL
6587,0.9993040957898353,0.0006958942171238407,9.993040957898353e-09,NORMAL
6588,0.9993040957898353,0.0006958942171238407,9.993040957898353e-09,NORMAL
6589,0.9993040957898353,0.0006958942171238407,9.993040957898353e-09,NORMAL
6590,0.9993040957898353,0.0006958942171238407,9.993040957898353e-09,NORMAL
6591,0.9993040957898353,0.0006958942171238407,9.993040957898353e-09,NORMAL
6592,0.9993040957898353,0.0006958942171238407,9.993040957898353e-09,NORMAL
6593,0.9993040957898353,0.0006958942171238407,9.993040957898353e-09,NORMAL
6594,0.9993040957898353,0.0006958942171238407,9.993040957898353e-09,NORMAL
6595,0.9993040957898353,0.0006958942171238407,9.993040957898353e-09,NORMAL
6596,0.9993040957898353,0.0006958942171238407,9.993040957898353e-09,NORMAL
6597,0.9993040957898353,0.0006958942171238407,9.993040957898353e-09,NORMAL
6598,0.9993040957898353,0.0006958942171238407,9.993040957898353e-09,NORMAL
6599,0.9993040957898353,0.0006958942171238407,9.993040957898353e-09,NORMAL
6600,0.9993040957898353,0.0006958942171238407,9.993040957898353e-09,NORMAL
6601,0.9993040957898353,0.0006958942171238407,9.993040957898353e-09,NORMAL
6602,0.9993040957898353,0.0006958942171238407,9.993040957898353e-09,NORMAL
6603,0.9993040957898353,0.0006958942171238407,9.993040957898353e-09,NORMAL
6604,0.9993040957898353,0.0006958942171238407,9.993040957898353e-09,NORMAL
6605,0.9993040957898353,0.0006958942171238407,9.993040957898353e-09,NORMAL
6606,0.9999999800000006,9.999999800000005e-09,9.999999800000005e-09,NORMAL
6607,0.9999999800000006,9.999999800000005e-09,9.999999800000005e-09,NORMAL
6608,0.9999999800000006,9.999999800000005e-09,9.999999800000005e-09,NORMAL
6609,0.9999999800000006,9.999999800000005e-09,9.999999800000005e-09,NORMAL
6610,0.9999999800000006,9.999999800000005e-09,9.999999800000005e-09,NORMAL
6611,0.9999999800000006,9.999999800000005e-09,9.999999800000005e-09,NORMAL
6612,0.9999999800000006,9.999999800000005e-09,9.999999800000005e-09,NORMAL
6613,0.9999999800000006,9.999999800000005e-09,9.999999800000005e-09,NORMAL
6614,0.9999999800000006,9.999999800000005e-09,9.999999800000005e-09,NORMAL
6615,0.9999999800000006,9.999999800000005e-09,9.999999800000005e-09,NORMAL
6616,0.9999999800000006,9.999999800000005e-09,9.999999800000005e-09,NORMAL
6617,0.9999999800000006,9.999999800000005e-09,9.999999800000005e-09,NORMAL
6618,0.9999999800000006,9.999999800000005e-09,9.999999800000005e-09,NORMAL
6619,0.9999999800000006,9.999999800000005e-09,9.999999800000005e-09,NORMAL
6620,0.9999999800000006,9.999999800000005e-09,9.999999800000005e-09,NORMAL
6621,0.9999999800000006,9.999999800000005e-09,9.999999800000005e-09,NORMAL
6622,0.9999999800000006,9.999999800000005e-09,9.999999800000005e-09,NORMAL
6623,0.9999999800000006,9.999999800000005e-09,9.999999800000005e-09,NORMAL
6624,0.9999999800000006,9.999999800000005e-09,9.999999800000005e-09,NORMAL
6625,0.9999999800000006,9.999999800000005e-09,9.999999800000005e-09,NORMAL
6626,0.9999999800000006,9.999999800000005e-09,9.999999800000005e-09,NORMAL
6627,0.9999999800000006,9.999999800000005e-09,9.999999800000005e-09,NORMAL
6628,0.9999999800000006,9.999999800000005e-09,9.999999800000005e-09,NORMAL
6629,0.9999999800000006,9.999999800000005e-09,9.999999800000005e-09,NORMAL
6630,0.9999999800000006,9.999999800000005e-09,9.999999800000005e-09,NORMAL
6631,0.9999999800000006,9.999999800000005e-09,9.999999800000005e-09,NORMAL
6632,0.9999999800000006,9.999999800000005e-09,9.999999800000005e-09,NORMAL
6633,0.9999999800000006,9.999999800000005e-09,9.999999800000005e-09,NORMAL
6634,0.9999999800000006,9.999999800000005e-09,9.999999800000005e-09,NORMAL
6635,0.9999999800000006,9.999999800000005e-09,9.999999800000005e-09,NORMAL
6636,0.9999999800000006,9.999999800000005e-09,9.999999800000005e-09,NORMAL
6637,0.9999999800000006,9.999999800000005e-09,9.999999800000005e-09,NORMAL
6638,0.9999999800000006,9.999999800000005e-09,9.999999800000005e-09,NORMAL
6639,0.9999999800000006,9.999999800000005e-09,9.999999800000005e-09,NORMAL
6640,0.9999999800000006,9.999999800000005e-09,9.999999800000005e-09,NORMAL
6641,0.9999999800000006,9.999999800000005e-09,9.999999800000005e-09,NORMAL
6642,0.9999999800000006,9.999999800000005e-09,9.999999800000005e-09,NORMAL
6643,0.9999999800000006,9.999999800000005e-09,9.999999800000005e-09,NORMAL
6644,0.9999999800000006,9.999999800000005e-09,9.999999800000005e-09,NORMAL
6645,0.9999999800000006,9.999999800000005e-09,9.999999800000005e-09,NORMAL
6646,0.9999999800000006,9.999999800000005e-09,9.999999800000005e-09,NORMAL
6647,0.9999999800000006,9.999999800000005e-09,9.999999800000005e-09,NORMAL
6648,0.9999999800000006,9.999999800000005e-09,9.999999800000005e-09,NORMAL
6649,0.9999999800000006,9.999999800000005e-09,9.999999800000005e-09,NORMAL
6650,0.9999999800000006,9.999999800000005e-09,9.999999800000005e-09,NORMAL
6651,0.9999999800000006,9.999999800000005e-09,9.999999800000005e-09,NORMAL
6652,0.9999999800000006,9.999999800000005e-09,9.999999800000005e-09,NORMAL
6653,0.9999999800000006,9.999999800000005e-09,9.999999800000005e-09,NORMAL
6654,0.9999999800000006,9.999999800000005e-09,9.999999800000005e-09,NORMAL
6655,0.9999999800000006,9.999999800000005e-09,9.999999800000005e-09,NORMAL
6656,0.9999999800000006,9.999999800000005e-09,9.999999800000005e-09,NORMAL
6657,0.9999999800000006,9.999999800000005e-09,9.999999800000005e-09,NORMAL
6658,0.9999999800000006,9.999999800000005e-09,9.999999800000005e-09,NORMAL
6659,0.9999999800000006,9.999999800000005e-09,9.999999800000005e-09,NORMAL
6660,0.9999999800000006,9.999999800000005e-09,9.999999800000005e-09,NORMAL
6661,0.9999999800000006,9.999999800000005e-09,9.999999800000005e-09,NORMAL
6662,0.9999999800000006,9.999999800000005e-09,9.999999800000005e-09,NORMAL
6663,0.9999999800000006,9.999999800000005e-09,9.999999800000005e-09,NORMAL
6664,0.9999999800000006,9.999999800000005e-09,9.999999800000005e-09,NORMAL
6665,0.9999999800000006,9.999999800000005e-09,9.999999800000005e-09,NORMAL
6666,0.9999999800000006,9.999999800000005e-09,9.999999800000005e-09,NORMAL
6667,0.9999999800000006,9.999999800000005e-09,9.999999800000005e-09,NORMAL
6668,0.9999999800000006,9.999999800000005e-09,9.999999800000005e-09,NORMAL
6669,0.9999999800000006,9.999999800000005e-09,9.999999800000005e-09,NORMAL
6670,0.9999999800000006,9.999999800000005e-09,9.999999800000005e-09,NORMAL
6671,0.9999999800000006,9.999999800000005e-09,9.999999800000005e-09,NORMAL
6672,0.9999999800000006,9.999999800000005e-09,9.999999800000005e-09,NORMAL
6673,0.9999999800000006,9.999999800000005e-09,9.999999800000005e-09,NORMAL
6674,0.9999999800000006,9.999999800000005e-09,9.999999800000005e-09,NORMAL
6675,0.9999999800000006,9.999999800000005e-09,9.999999800000005e-09,NORMAL
6676,0.9999999800000006,9.999999800000005e-09,9.999999800000005e-09,NORMAL
6677,0.9999999800000006,9.999999800000005e-09,9.999999800000005e-09,NORMAL
6678,0.9993040957898353,0.0006958942171238407,9.993040957898353e-09,NORMAL
6679,0.9993040957898353,0.0006958942171238407,9.993040957898353e-09,NORMAL
6680,0.9993040957898353,0.0006958942171238407,9.993040957898353e-09,NORMAL
6681,0.9993040957898353,0.0006958942171238407,9.993040957898353e-09,NORMAL
6682,0.9993040957898353,0.0006958942171238407,9.993040957898353e-09,NORMAL
6683,0.9993040957898353,0.0006958942171238407,9.993040957898353e-09,NORMAL
6684,0.9993040957898353,0.0006958942171238407,9.993040957898353e-09,NORMAL
6685,0.9993040957898353,0.0006958942171238407,9.993040957898353e-09,NORMAL
6686,0.9993040957898353,0.0006958942171238407,9.993040957898353e-09,NORMAL
6687,0.9993040957898353,0.0006958942171238407,9.993040957898353e-09,NORMAL
6688,0.9993040957898353,0.0006958942171238407,9.993040957898353e-09,NORMAL
6689,0.9993040957898353,0.0006958942171238407,9.993040957898353e-09,NORMAL
6690,0.9993040957898353,0.0006958942171238407,9.993040957898353e-09,NORMAL
6691,0.9993040957898353,0.0006958942171238407,9.993040957898353e-09,NORMAL
6692,0.9993040957898353,0.0006958942171238407,9.993040957898353e-09,NORMAL
6693,0.9993040957898353,0.0006958942171238407,9.993040957898353e-09,NORMAL
6694,0.9993040957898353,0.0006958942171238407,9.993040957898353e-09,NORMAL
6695,0.9993040957898353,0.0006958942171238407,9.993040957898353e-09,NORMAL
6696,0.9999999800000006,9.999999800000005e-09,9.999999800000005e-09,NORMAL
6697,0.9999999800000006,9.999999800000005e-09,9.999999800000005e-09,NORMAL
6698,0.9999999800000006,9.999999800000005e-09,9.999999800000005e-09,NORMAL
6699,0.9999999800000006,9.999999800000005e-09,9.999999800000005e-09,NORMAL
6700,0.9999999800000006,9.999999800000005e-09,9.999999800000005e-09,NORMAL
6701,0.9999999800000006,9.999999800000005e-09,9.999999800000005e-09,NORMAL
6702,0.9999999800000006,9.999999800000005e-09,9.999999800000005e-09,NORMAL
6703,0.9999999800000006,9.999999800000005e-09,9.999999800000005e-09,NORMAL
6704,0.9999999800000006,9.999999800000005e-09,9.999999800000005e-09,NORMAL
6705,0.9999999800000006,9.999999800000005e-09,9.999999800000005e-09,NORMAL
6706,0.9999999800000006,9.999999800000005e-09,9.999999800000005e-09,NORMAL
6707,0.9999999800000006,9.999999800000005e-09,9.999999800000005e-09,NORMAL
6708,0.9999999800000006,9.999999800000005e-09,9.999999800000005e-09,NORMAL
6709,0.9999999800000006,9.999999800000005e-09,9.999999800000005e-09,NORMAL
6710,0.9999999800000006,9.999999800000005e-09,9.999999800000005e-09,NORMAL
6711,0.9999999800000006,9.999999800000005e-09,9.999999800000005e-09,NORMAL
6712,0.9999999800000006,9.999999800000005e-09,9.999999800000005e-09,NORMAL
6713,0.9999999800000006,9.999999800000005e-09,9.999999800000005e-09,NORMAL
6714,0.9999999800000006,9.999999800000005e-09,9.999999800000005e-09,NORMAL
6715,0.9999999800000006,9.999999800000005e-09,9.999999800000005e-09,NORMAL
6716,0.9999999800000006,9.999999800000005e-09,9.999999800000005e-09,NORMAL
6717,0.9999999800000006,9.999999800000005e-09,9.999999800000005e-09,NORMAL
6718,0.9999999800000006,9.999999800000005e-09,9.999999800000005e-09,NORMAL
6719,0.9999999800000006,9.999999800000005e-09,9.999999800000005e-09,NORMAL
6720,0.9999999800000006,9.999999800000005e-09,9.999999800000005e-09,NORMAL
6721,0.9999999800000006,9.999999800000005e-09,9.999999800000005e-09,NORMAL
6722,0.9999999800000006,9.999999800000005e-09,9.999999800000005e-09,NORMAL
6723,0.9999999800000006,9.999999800000005e-09,9.999999800000005e-09,NORMAL
6724,0.9999999800000006,9.999999800000005e-09,9.999999800000005e-09,NORMAL
6725,0.9999999800000006,9.999999800000005e-09,9.999999800000005e-09,NORMAL
6726,0.9999999800000006,9.999999800000005e-09,9.999999800000005e-09,NORMAL
6727,0.9999999800000006,9.999999800000005e-09,9.999999800000005e-09,NORMAL
6728,0.9999999800000006,9.999999800000005e-09,9.999999800000005e-09,NORMAL
6729,0.9999999800000006,9.999999800000005e-09,9.999999800000005e-09,NORMAL
6730,0.9999999800000006,9.999999800000005e-09,9.999999800000005e-09,NORMAL
6731,0.9999999800000006,9.999999800000005e-09,9.999999800000005e-09,NORMAL
6732,0.9993040957898353,0.0006958942171238407,9.993040957898353e-09,NORMAL
6733,0.9993040957898353,0.0006958942171238407,9.993040957898353e-09,NORMAL
6734,0.9993040957898353,0.0006958942171238407,9.993040957898353e-09,NORMAL
6735,0.9993040957898353,0.0006958942171238407,9.993040957898353e-09,NORMAL
6736,0.9993040957898353,0.0006958942171238407,9.993040957898353e-09,NORMAL
6737,0.9993040957898353,0.0006958942171238407,9.993040957898353e-09,NORMAL
6738,0.9993040957898353,0.0006958942171238407,9.993040957898353e-09,NORMAL
6739,0.9993040957898353,0.0006958942171238407,9.993040957898353e-09,NORMAL
6740,0.9993040957898353,0.0006958942171238407,9.993040957898353e-09,NORMAL
6741,0.9993040957898353,0.0006958942171238407,9.993040957898353e-09,NORMAL
6742,0.9993040957898353,0.0006958942171238407,9.993040957898353e-09,NORMAL
6743,0.9993040957898353,0.0006958942171238407,9.993040957898353e-09,NORMAL
6744,0.9993040957898353,0.0006958942171238407,9.993040957898353e-09,NORMAL
6745,0.9993040957898353,0.0006958942171238407,9.993040957898353e-09,NORMAL
6746,0.9993040957898353,0.0006958942171238407,9.993040957898353e-09,NORMAL
6747,0.9993040957898353,0.0006958942171238407,9.993040957898353e-09,NORMAL
6748,0.9993040957898353,0.0006958942171238407,9.993040957898353e-09,NORMAL
6749,0.9993040957898353,0.0006958942171238407,9.993040957898353e-09,NORMAL
6750,0.9993040957898353,0.0006958942171238407,9.993040957898353e-09,NORMAL
6751,0.9993040957898353,0.0006958942171238407,9.993040957898353e-09,NORMAL
6752,0.9993040957898353,0.0006958942171238407,9.993040957898353e-09,NORMAL
6753,0.9993040957898353,0.0006958942171238407,9.993040957898353e-09,NORMAL
6754,0.9993040957898353,0.0006958942171238407,9.993040957898353e-09,NORMAL
6755,0.9993040957898353,0.0006958942171238407,9.993040957898353e-09,NORMAL
6756,0.9993040957898353,0.0006958942171238407,9.993040957898353e-09,NORMAL
6757,0.9993040957898353,0.0006958942171238407,9.993040957898353e-09,NORMAL
6758,0.9993040957898353,0.0006958942171238407,9.993040957898353e-09,NORMAL
6759,0.9993040957898353,0.0006958942171238407,9.993040957898353e-09,NORMAL
6760,0.9993040957898353,0.0006958942171238407,9.993040957898353e-09,NORMAL
6761,0.9993040957898353,0.0006958942171238407,9.993040957898353e-09,NORMAL
6762,0.9993040957898353,0.0006958942171238407,9.993040957898353e-09,NORMAL
6763,0.9993040957898353,0.0006958942171238407,9.993040957898353e-09,NORMAL
6764,0.9993040957898353,0.0006958942171238407,9.993040957898353e-09,NORMAL
6765,0.9993040957898353,0.0006958942171238407,9.993040957898353e-09,NORMAL
6766,0.9993040957898353,0.0006958942171238407,9.993040957898353e-09,NORMAL
6767,0.9993040957898353,0.0006958942171238407,9.993040957898353e-09,NORMAL
6768,0.9999999800000006,9.999999800000005e-09,9.999999800000005e-09,NORMAL
6769,0.9999999800000006,9.999999800000005e-09,9.999999800000005e-09,NORMAL
6770,0.9999999800000006,9.999999800000005e-09,9.999999800000005e-09,NORMAL
6771,0.9999999800000006,9.999999800000005e-09,9.999999800000005e-09,NORMAL
6772,0.9999999800000006,9.999999800000005e-09,9.999999800000005e-09,NORMAL
6773,0.9999999800000006,9.999999800000005e-09,9.999999800000005e-09,NORMAL
6774,0.9999999800000006,9.999999800000005e-09,9.999999800000005e-09,NORMAL
6775,0.9999999800000006,9.999999800000005e-09,9.999999800000005e-09,NORMAL
6776,0.9999999800000006,9.999999800000005e-09,9.999999800000005e-09,NORMAL
6777,0.9999999800000006,9.999999800000005e-09,9.999999800000005e-09,NORMAL
6778,0.9999999800000006,9.999999800000005e-09,9.999999800000005e-09,NORMAL
6779,0.9999999800000006,9.999999800000005e-09,9.999999800000005e-09,NORMAL
6780,0.9999999800000006,9.999999800000005e-09,9.999999800000005e-09,NORMAL
6781,0.9999999800000006,9.999999800000005e-09,9.999999800000005e-09,NORMAL
6782,0.9999999800000006,9.999999800000005e-09,9.999999800000005e-09,NORMAL
6783,0.9999999800000006,9.999999800000005e-09,9.999999800000005e-09,NORMAL
6784,0.9999999800000006,9.999999800000005e-09,9.999999800000005e-09,NORMAL
6785,0.9999999800000006,9.999999800000005e-09,9.999999800000005e-09,NORMAL
6786,0.9999999800000006,9.999999800000005e-09,9.999999800000005e-09,NORMAL
6787,0.9999999800000006,9.999999800000005e-09,9.999999800000005e-09,NORMAL
6788,0.9999999800000006,9.999999800000005e-09,9.999999800000005e-09,NORMAL
6789,0.9999999800000006,9.999999800000005e-09,9.999999800000005e-09,NORMAL
6790,0.9999999800000006,9.999999800000005e-09,9.999999800000005e-09,NORMAL
6791,0.9999999800000006,9.999999800000005e-09,9.999999800000005e-09,NORMAL
6792,0.9999999800000006,9.999999800000005e-09,9.999999800000005e-09,NORMAL
6793,0.9999999800000006,9.999999800000005e-09,9.999999800000005e-09,NORMAL
6794,0.9999999800000006,9.999999800000005e-09,9.999999800000005e-09,NORMAL
6795,0.9999999800000006,9.999999800000005e-09,9.999999800000005e-09,NORMAL
6796,0.9999999800000006,9.999999800000005e-09,9.999999800000005e-09,NORMAL
6797,0.9999999800000006,9.999999800000005e-09,9.999999800000005e-09,NORMAL
6798,0.9999999800000006,9.999999800000005e-09,9.999999800000005e-09,NORMAL
6799,0.9999999800000006,9.999999800000005e-09,9.999999800000005e-09,NORMAL
6800,0.9999999800000006,9.999999800000005e-09,9.999999800000005e-09,NORMAL
6801,0.9999999800000006,9.999999800000005e-09,9.999999800000005e-09,NORMAL
6802,0.9999999800000006,9.999999800000005e-09,9.999999800000005e-09,NORMAL
6803,0.9999999800000006,9.999999800000005e-09,9.999999800000005e-09,NORMAL
6804,0.9993040957898353,0.0006958942171238407,9.993040957898353e-09,NORMAL
6805,0.9993040957898353,0.0006958942171238407,9.993040957898353e-09,NORMAL
6806,0.9993040957898353,0.0006958942171238407,9.993040957898353e-09,NORMAL
6807,0.9993040957898353,0.0006958942171238407,9.993040957898353e-09,NORMAL
6808,0.9993040957898353,0.0006958942171238407,9.993040957898353e-09,NORMAL
6809,0.9993040957898353,0.0006958942171238407,9.993040957898353e-09,NORMAL
6810,0.9993040957898353,0.0006958942171238407,9.993040957898353e-09,NORMAL
6811,0.9993040957898353,0.0006958942171238407,9.993040957898353e-09,NORMAL
6812,0.9993040957898353,0.0006958942171238407,9.993040957898353e-09,NORMAL
6813,0.9993040957898353,0.0006958942171238407,9.993040957898353e-09,NORMAL
6814,0.9993040957898353,0.0006958942171238407,9.993040957898353e-09,NORMAL
6815,0.9993040957898353,0.0006958942171238407,9.993040957898353e-09,NORMAL
6816,0.9993040957898353,0.0006958942171238407,9.993040957898353e-09,NORMAL
6817,0.9993040957898353,0.0006958942171238407,9.993040957898353e-09,NORMAL
6818,0.9993040957898353,0.0006958942171238407,9.993040957898353e-09,NORMAL
6819,0.9993040957898353,0.0006958942171238407,9.993040957898353e-09,NORMAL
6820,0.9993040957898353,0.0006958942171238407,9.993040957898353e-09,NORMAL
6821,0.9993040957898353,0.0006958942171238407,9.993040957898353e-09,NORMAL
6822,0.9999999800000006,9.999999800000005e-09,9.999999800000005e-09,NORMAL
6823,0.9999999800000006,9.999999800000005e-09,9.999999800000005e-09,NORMAL
6824,0.9999999800000006,9.999999800000005e-09,9.999999800000005e-09,NORMAL
6825,0.9999999800000006,9.999999800000005e-09,9.999999800000005e-09,NORMAL
6826,0.9999999800000006,9.999999800000005e-09,9.999999800000005e-09,NORMAL
6827,0.9999999800000006,9.999999800000005e-09,9.999999800000005e-09,NORMAL
6828,0.9999999800000006,9.999999800000005e-09,9.999999800000005e-09,NORMAL
6829,0.9999999800000006,9.999999800000005e-09,9.999999800000005e-09,NORMAL
6830,0.9999999800000006,9.999999800000005e-09,9.999999800000005e-09,NORMAL
6831,0.9999999800000006,9.999999800000005e-09,9.999999800000005e-09,NORMAL
6832,0.9999999800000006,9.999999800000005e-09,9.999999800000005e-09,NORMAL
6833,0.9999999800000006,9.999999800000005e-09,9.999999800000005e-09,NORMAL
6834,0.9999999800000006,9.999999800000005e-09,9.999999800000005e-09,NORMAL
6835,0.9999999800000006,9.999999800000005e-09,9.999999800000005e-09,NORMAL
6836,0.9999999800000006,9.999999800000005e-09,9.999999800000005e-09,NORMAL
6837,0.9999999800000006,9.999999800000005e-09,9.999999800000005e-09,NORMAL
6838,0.9999999800000006,9.999999800000005e-09,9.999999800000005e-09,NORMAL
6839,0.9999999800000006,9.999999800000005e-09,9.999999800000005e-09,NORMAL
6840,0.9999999800000006,9.999999800000005e-09,9.999999800000005e-09,NORMAL
6841,0.9999999800000006,9.999999800000005e-09,9.999999800000005e-09,NORMAL
6842,0.9999999800000006,9.999999800000005e-09,9.999999800000005e-09,NORMAL
6843,0.9999999800000006,9.999999800000005e-09,9.999999800000005e-09,NORMAL
6844,0.9999999800000006,9.999999800000005e-09,9.999999800000005e-09,NORMAL
6845,0.9999999800000006,9.999999800000005e-09,9.999999800000005e-09,NORMAL
6846,0.9999999800000006,9.999999800000005e-09,9.999999800000005e-09,NORMAL
6847,0.9999999800000006,9.999999800000005e-09,9.999999800000005e-09,NORMAL
6848,0.9999999800000006,9.999999800000005e-09,9.999999800000005e-09,NORMAL
6849,0.9999999800000006,9.999999800000005e-09,9.999999800000005e-09,NORMAL
6850,0.9999999800000006,9.999999800000005e-09,9.999999800000005e-09,NORMAL
6851,0.9999999800000006,9.999999800000005e-09,9.999999800000005e-09,NORMAL
6852,0.9999999800000006,9.999999800000005e-09,9.999999800000005e-09,NORMAL
6853,0.9999999800000006,9.999999800000005e-09,9.999999800000005e-09,NORMAL
6854,0.9999999800000006,9.999999800000005e-09,9.999999800000005e-09,NORMAL
6855,0.9999999800000006,9.999999800000005e-09,9.999999800000005e-09,NORMAL
6856,0.9999999800000006,9.999999800000005e-09,9.999999800000005e-09,NORMAL
6857,0.9999999800000006,9.999999800000005e-09,9.999999800000005e-09,NORMAL
6858,0.9999999800000006,9.999999800000005e-09,9.999999800000005e-09,NORMAL
6859,0.9999999800000006,9.999999800000005e-09,9.999999800000005e-09,NORMAL
6860,0.9999999800000006,9.999999800000005e-09,9.999999800000005e-09,NORMAL
6861,0.9999999800000006,9.999999800000005e-09,9.999999800000005e-09,NORMAL
6862,0.9999999800000006,9.999999800000005e-09,9.999999800000005e-09,NORMAL
6863,0.9999999800000006,9.999999800000005e-09,9.999999800000005e-09,NORMAL
6864,0.9999999800000006,9.999999800000005e-09,9.999999800000005e-09,NORMAL
6865,0.9999999800000006,9.999999800000005e-09,9.999999800000005e-09,NORMAL
6866,0.9999999800000006,9.999999800000005e-09,9.999999800000005e-09,NORMAL
6867,0.9999999800000006,9.999999800000005e-09,9.999999800000005e-09,NORMAL
6868,0.9999999800000006,9.999999800000005e-09,9.999999800000005e-09,NORMAL
6869,0.9999999800000006,9.999999800000005e-09,9.999999800000005e-09,NORMAL
6870,0.9999999800000006,9.999999800000005e-09,9.999999800000005e-09,NORMAL
6871,0.9999999800000006,9.999999800000005e-09,9.999999800000005e-09,NORMAL
6872,0.9999999800000006,9.999999800000005e-09,9.999999800000005e-09,NORMAL
6873,0.9999999800000006,9.999999800000005e-09,9.999999800000005e-09,NORMAL
6874,0.9999999800000006,9.999999800000005e-09,9.999999800000005e-09,NORMAL
6875,0.9999999800000006,9.999999800000005e-09,9.999999800000005e-09,NORMAL
6876,0.9993040957898353,0.0006958942171238407,9.993040957898353e-09,NORMAL
6877,0.9993040957898353,0.0006958942171238407,9.993040957898353e-09,NORMAL
6878,0.9993040957898353,0.0006958942171238407,9.993040957898353e-09,NORMAL
6879,0.9993040957898353,0.0006958942171238407,9.993040957898353e-09,NORMAL
6880,0.9993040957898353,0.0006958942171238407,9.993040957898353e-09,NORMAL
6881,0.9993040957898353,0.0006958942171238407,9.993040957898353e-09,NORMAL
6882,0.9993040957898353,0.0006958942171238407,9.993040957898353e-09,NORMAL
6883,0.9993040957898353,0.0006958942171238407,9.993040957898353e-09,NORMAL
6884,0.9993040957898353,0.0006958942171238407,9.993040957898353e-09,NORMAL
6885,0.9993040957898353,0.0006958942171238407,9.993040957898353e-09,NORMAL
6886,0.9993040957898353,0.0006958942171238407,9.993040957898353e-09,NORMAL
6887,0.9993040957898353,0.0006958942171238407,9.993040957898353e-09,NORMAL
6888,0.9993040957898353,0.0006958942171238407,9.993040957898353e-09,NORMAL
6889,0.9993040957898353,0.0006958942171238407,9.993040957898353e-09,NORMAL
6890,0.9993040957898353,0.0006958942171238407,9.993040957898353e-09,NORMAL
6891,0.9993040957898353,0.0006958942171238407,9.993040957898353e-09,NORMAL
6892,0.9993040957898353,0.0006958942171238407,9.993040957898353e-09,NORMAL
6893,0.9993040957898353,0.0006958942171238407,9.993040957898353e-09,NORMAL
6894,0.9999999800000006,9.999999800000005e-09,9.999999800000005e-09,NORMAL
6895,0.9999999800000006,9.999999800000005e-09,9.999999800000005e-09,NORMAL
6896,0.9999999800000006,9.999999800000005e-09,9.999999800000005e-09,NORMAL
6897,0.9999999800000006,9.999999800000005e-09,9.999999800000005e-09,NORMAL
6898,0.9999999800000006,9.999999800000005e-09,9.999999800000005e-09,NORMAL
6899,0.9999999800000006,9.999999800000005e-09,9.999999800000005e-09,NORMAL
6900,0.9999999800000006,9.999999800000005e-09,9.999999800000005e-09,NORMAL
6901,0.9999999800000006,9.999999800000005e-09,9.999999800000005e-09,NORMAL
6902,0.9999999800000006,9.999999800000005e-09,9.999999800000005e-09,NORMAL
6903,0.9999999800000006,9.999999800000005e-09,9.999999800000005e-09,NORMAL
6904,0.9999999800000006,9.999999800000005e-09,9.999999800000005e-09,NORMAL
6905,0.9999999800000006,9.999999800000005e-09,9.999999800000005e-09,NORMAL
6906,0.9999999800000006,9.999999800000005e-09,9.999999800000005e-09,NORMAL
6907,0.9999999800000006,9.999999800000005e-09,9.999999800000005e-09,NORMAL
6908,0.9999999800000006,9.999999800000005e-09,9.999999800000005e-09,NORMAL
6909,0.9999999800000006,9.999999800000005e-09,9.999999800000005e-09,NORMAL
6910,0.9999999800000006,9.999999800000005e-09,9.999999800000005e-09,NORMAL
6911,0.9999999800000006,9.999999800000005e-09,9.999999800000005e-09,NORMAL
6912,0.9993040957898353,0.0006958942171238407,9.993040957898353e-09,NORMAL
6913,0.9993040957898353,0.0006958942171238407,9.993040957898353e-09,NORMAL
6914,0.9993040957898353,0.0006958942171238407,9.993040957898353e-09,NORMAL
6915,0.9993040957898353,0.0006958942171238407,9.993040957898353e-09,NORMAL
6916,0.9993040957898353,0.0006958942171238407,9.993040957898353e-09,NORMAL
6917,0.9993040957898353,0.0006958942171238407,9.993040957898353e-09,NORMAL
6918,0.9993040957898353,0.0006958942171238407,9.993040957898353e-09,NORMAL
6919,0.9993040957898353,0.0006958942171238407,9.993040957898353e-09,NORMAL
6920,0.9993040957898353,0.0006958942171238407,9.993040957898353e-09,NORMAL
6921,0.9993040957898353,0.0006958942171238407,9.993040957898353e-09,NORMAL
6922,0.9993040957898353,0.0006958942171238407,9.993040957898353e-09,NORMAL
6923,0.9993040957898353,0.0006958942171238407,9.993040957898353e-09,NORMAL
6924,0.9993040957898353,0.0006958942171238407,9.993040957898353e-09,NORMAL
6925,0.9993040957898353,0.0006958942171238407,9.993040957898353e-09,NORMAL
6926,0.9993040957898353,0.0006958942171238407,9.993040957898353e-09,NORMAL
6927,0.9993040957898353,0.0006958942171238407,9.993040957898353e-09,NORMAL
6928,0.9993040957898353,0.0006958942171238407,9.993040957898353e-09,NORMAL
6929,0.9993040957898353,0.0006958942171238407,9.993040957898353e-09,NORMAL
6930,0.9999999800000006,9.999999800000005e-09,9.999999800000005e-09,NORMAL
6931,0.9999999800000006,9.999999800000005e-09,9.999999800000005e-09,NORMAL
6932,0.9999999800000006,9.999999800000005e-09,9.999999800000005e-09,NORMAL
6933,0.9999999800000006,9.999999800000005e-09,9.999999800000005e-09,NORMAL
6934,0.9999999800000006,9.999999800000005e-09,9.999999800000005e-09,NORMAL
6935,0.9999999800000006,9.999999800000005e-09,9.999999800000005e-09,NORMAL
6936,0.9999999800000006,9.999999800000005e-09,9.999999800000005e-09,NORMAL
6937,0.9999999800000006,9.999999800000005e-09,9.999999800000005e-09,NORMAL
6938,0.9999999800000006,9.999999800000005e-09,9.999999800000005e-09,NORMAL
6939,0.9999999800000006,9.999999800000005e-09,9.999999800000005e-09,NORMAL
6940,0.9999999800000006,9.999999800000005e-09,9.999999800000005e-09,NORMAL
6941,0.9999999800000006,9.999999800000005e-09,9.999999800000005e-09,NORMAL
6942,0.9999999800000006,9.999999800000005e-09,9.999999800000005e-09,NORMAL
6943,0.9999999800000006,9.999999800000005e-09,9.999999800000005e-09,NORMAL
6944,0.9999999800000006,9.999999800000005e-09,9.999999800000005e-09,NORMAL
6945,0.9999999800000006,9.999999800000005e-09,9.999999800000005e-09,NORMAL
6946,0.9999999800000006,9.999999800000005e-09,9.999999800000005e-09,NORMAL
6947,0.9999999800000006,9.999999800000005e-09,9.999999800000005e-09,NORMAL
6948,0.9999999800000006,9.999999800000005e-09,9.999999800000005e-09,NORMAL
6949,0.9999999800000006,9.999999800000005e-09,9.999999800000005e-09,NORMAL
6950,0.9999999800000006,9.999999800000005e-09,9.999999800000005e-09,NORMAL
6951,0.9999999800000006,9.999999800000005e-09,9.999999800000005e-09,NORMAL
6952,0.9999999800000006,9.999999800000005e-09,9.999999800000005e-09,NORMAL
6953,0.9999999800000006,9.999999800000005e-09,9.999999800000005e-09,NORMAL
6954,0.9999999800000006,9.999999800000005e-09,9.999999800000005e-09,NORMAL
6955,0.9999999800000006,9.999999800000005e-09,9.999999800000005e-09,NORMAL
6956,0.9999999800000006,9.999999800000005e-09,9.999999800000005e-09,NORMAL
6957,0.9999999800000006,9.999999800000005e-09,9.999999800000005e-09,NORMAL
6958,0.9999999800000006,9.999999800000005e-09,9.999999800000005e-09,NORMAL
6959,0.9999999800000006,9.999999800000005e-09,9.999999800000005e-09,NORMAL
6960,0.9999999800000006,9.999999800000005e-09,9.999999800000005e-09,NORMAL
6961,0.9999999800000006,9.999999800000005e-09,9.999999800000005e-09,NORMAL
6962,0.9999999800000006,9.999999800000005e-09,9.999999800000005e-09,NORMAL
6963,0.9999999800000006,9.999999800000005e-09,9.999999800000005e-09,NORMAL
6964,0.9999999800000006,9.999999800000005e-09,9.999999800000005e-09,NORMAL
6965,0.9999999800000006,9.999999800000005e-09,9.999999800000005e-09,NORMAL
6966,0.9993040957898353,0.0006958942171238407,9.993040957898353e-09,NORMAL
6967,0.9993040957898353,0.0006958942171238407,9.993040957898353e-09,NORMAL
6968,0.9993040957898353,0.0006958942171238407,9.993040957898353e-09,NORMAL
6969,0.9993040957898353,0.0006958942171238407,9.993040957898353e-09,NORMAL
6970,0.9993040957898353,0.0006958942171238407,9.993040957898353e-09,NORMAL
6971,0.9993040957898353,0.0006958942171238407,9.993040957898353e-09,NORMAL
6972,0.9993040957898353,0.0006958942171238407,9.993040957898353e-09,NORMAL
6973,0.9993040957898353,0.0006958942171238407,9.993040957898353e-09,NORMAL
6974,0.9993040957898353,0.0006958942171238407,9.993040957898353e-09,NORMAL
6975,0.9993040957898353,0.0006958942171238407,9.993040957898353e-09,NORMAL
6976,0.9993040957898353,0.0006958942171238407,9.993040957898353e-09,NORMAL
6977,0.9993040957898353,0.0006958942171238407,9.993040957898353e-09,NORMAL
6978,0.9993040957898353,0.0006958942171238407,9.993040957898353e-09,NORMAL
6979,0.9993040957898353,0.0006958942171238407,9.993040957898353e-09,NORMAL
6980,0.9993040957898353,0.0006958942171238407,9.993040957898353e-09,NORMAL
6981,0.9993040957898353,0.0006958942171238407,9.993040957898353e-09,NORMAL
6982,0.9993040957898353,0.0006958942171238407,9.993040957898353e-09,NORMAL
6983,0.9993040957898353,0.0006958942171238407,9.993040957898353e-09,NORMAL
6984,0.9999999800000006,9.999999800000005e-09,9.999999800000005e-09,NORMAL
6985,0.9999999800000006,9.999999800000005e-09,9.999999800000005e-09,NORMAL
6986,0.9999999800000006,9.999999800000005e-09,9.999999800000005e-09,NORMAL
6987,0.9999999800000006,9.999999800000005e-09,9.999999800000005e-09,NORMAL
6988,0.9999999800000006,9.999999800000005e-09,9.999999800000005e-09,NORMAL
6989,0.9999999800000006,9.999999800000005e-09,9.999999800000005e-09,NORMAL
6990,0.9999999800000006,9.999999800000005e-09,9.999999800000005e-09,NORMAL
6991,0.9999999800000006,9.999999800000005e-09,9.999999800000005e-09,NORMAL
6992,0.9999999800000006,9.999999800000005e-09,9.999999800000005e-09,NORMAL
6993,0.9999999800000006,9.999999800000005e-09,9.999999800000005e-09,NORMAL
6994,0.9999999800000006,9.999999800000005e-09,9.999999800000005e-09,NORMAL
6995,0.9999999800000006,9.999999800000005e-09,9.999999800000005e-09,NORMAL
6996,0.9999999800000006,9.999999800000005e-09,9.999999800000005e-09,NORMAL
6997,0.9999999800000006,9.999999800000005e-09,9.999999800000005e-09,NORMAL
6998,0.9999999800000006,9.999999800000005e-09,9.999999800000005e-09,NORMAL
6999,0.9999999800000006,9.999999800000005e-09,9.999999800000005e-09,NORMAL
7000,0.9999999800000006,9.999999800000005e-09,9.999999800000005e-09,NORMAL
7001,0.9999999800000006,9.999999800000005e-09,9.999999800000005e-09,NORMAL
7002,0.9993040957898353,0.0006958942171238407,9.993040957898353e-09,NORMAL
7003,0.9993040957898353,0.0006958942171238407,9.993040957898353e-09,NORMAL
7004,0.9993040957898353,0.0006958942171238407,9.993040957898353e-09,NORMAL
7005,0.9993040957898353,0.0006958942171238407,9.993040957898353e-09,NORMAL
7006,0.9993040957898353,0.0006958942171238407,9.993040957898353e-09,NORMAL
7007,0.9993040957898353,0.0006958942171238407,9.993040957898353e-09,NORMAL
7008,0.9993040957898353,0.0006958942171238407,9.993040957898353e-09,NORMAL
7009,0.9993040957898353,0.0006958942171238407,9.993040957898353e-09,NORMAL
7010,0.9993040957898353,0.0006958942171238407,9.993040957898353e-09,NORMAL
7011,0.9993040957898353,0.0006958942171238407,9.993040957898353e-09,NORMAL
7012,0.9993040957898353,0.0006958942171238407,9.993040957898353e-09,NORMAL
7013,0.9993040957898353,0.0006958942171238407,9.993040957898353e-09,NORMAL
7014,0.9993040957898353,0.0006958942171238407,9.993040957898353e-09,NORMAL
7015,0.9993040957898353,0.0006958942171238407,9.993040957898353e-09,NORMAL
7016,0.9993040957898353,0.0006958942171238407,9.993040957898353e-09,NORMAL
7017,0.9993040957898353,0.0006958942171238407,9.993040957898353e-09,NORMAL
7018,0.9993040957898353,0.0006958942171238407,9.993040957898353e-09,NORMAL
7019,0.9993040957898353,0.0006958942171238407,9.993040957898353e-09,NORMAL
7020,0.9999999800000006,9.999999800000005e-09,9.999999800000005e-09,NORMAL
7021,0.9999999800000006,9.999999800000005e-09,9.999999800000005e-09,NORMAL
7022,0.9999999800000006,9.999999800000005e-09,9.999999800000005e-09,NORMAL
7023,0.9999999800000006,9.999999800000005e-09,9.999999800000005e-09,NORMAL
7024,0.9999999800000006,9.999999800000005e-09,9.999999800000005e-09,NORMAL
7025,0.9999999800000006,9.999999800000005e-09,9.999999800000005e-09,NORMAL
7026,0.9999999800000006,9.999999800000005e-09,9.999999800000005e-09,NORMAL
7027,0.9999999800000006,9.999999800000005e-09,9.999999800000005e-09,NORMAL
7028,0.9999999800000006,9.999999800000005e-09,9.999999800000005e-09,NORMAL
7029,0.9999999800000006,9.999999800000005e-09,9.999999800000005e-09,NORMAL
7030,0.9999999800000006,9.999999800000005e-09,9.999999800000005e-09,NORMAL
7031,0.9999999800000006,9.999999800000005e-09,9.999999800000005e-09,NORMAL
7032,0.9999999800000006,9.999999800000005e-09,9.999999800000005e-09,NORMAL
7033,0.9999999800000006,9.999999800000005e-09,9.999999800000005e-09,NORMAL
7034,0.9999999800000006,9.999999800000005e-09,9.999999800000005e-09,NORMAL
7035,0.9999999800000006,9.999999800000005e-09,9.999999800000005e-09,NORMAL
7036,0.9999999800000006,9.999999800000005e-09,9.999999800000005e-09,NORMAL
7037,0.9999999800000006,9.999999800000005e-09,9.999999800000005e-09,NORMAL
7038,0.9999999800000006,9.999999800000005e-09,9.999999800000005e-09,NORMAL
7039,0.9999999800000006,9.999999800000005e-09,9.999999800000005e-09,NORMAL
7040,0.9999999800000006,9.999999800000005e-09,9.999999800000005e-09,NORMAL
7041,0.9999999800000006,9.999999800000005e-09,9.999999800000005e-09,NORMAL
7042,0.9999999800000006,9.999999800000005e-09,9.999999800000005e-09,NORMAL
7043,0.9999999800000006,9.999999800000005e-09,9.999999800000005e-09,NORMAL
7044,0.9999999800000006,9.999999800000005e-09,9.999999800000005e-09,NORMAL
7045,0.9999999800000006,9.999999800000005e-09,9.999999800000005e-09,NORMAL
7046,0.9999999800000006,9.999999800000005e-09,9.999999800000005e-09,NORMAL
7047,0.9999999800000006,9.999999800000005e-09,9.999999800000005e-09,NORMAL
7048,0.9999999800000006,9.999999800000005e-09,9.999999800000005e-09,NORMAL
7049,0.9999999800000006,9.999999800000005e-09,9.999999800000005e-09,NORMAL
7050,0.9999999800000006,9.999999800000005e-09,9.999999800000005e-09,NORMAL
7051,0.9999999800000006,9.999999800000005e-09,9.999999800000005e-09,NORMAL
7052,0.9999999800000006,9.999999800000005e-09,9.999999800000005e-09,NORMAL
7053,0.9999999800000006,9.999999800000005e-09,9.999999800000005e-09,NORMAL
7054,0.9999999800000006,9.999999800000005e-09,9.999999800000005e-09,NORMAL
7055,0.9999999800000006,9.999999800000005e-09,9.999999800000005e-09,NORMAL
7056,0.9999999800000006,9.999999800000005e-09,9.999999800000005e-09,NORMAL
7057,0.9999999800000006,9.999999800000005e-09,9.999999800000005e-09,NORMAL
7058,0.9999999800000006,9.999999800000005e-09,9.999999800000005e-09,NORMAL
7059,0.9999999800000006,9.999999800000005e-09,9.999999800000005e-09,NORMAL
7060,0.9999999800000006,9.999999800000005e-09,9.999999800000005e-09,NORMAL
7061,0.9999999800000006,9.999999800000005e-09,9.999999800000005e-09,NORMAL
7062,0.9999999800000006,9.999999800000005e-09,9.999999800000005e-09,NORMAL
7063,0.9999999800000006,9.999999800000005e-09,9.999999800000005e-09,NORMAL
7064,0.9999999800000006,9.999999800000005e-09,9.999999800000005e-09,NORMAL
7065,0.9999999800000006,9.999999800000005e-09,9.999999800000005e-09,NORMAL
7066,0.9999999800000006,9.999999800000005e-09,9.999999800000005e-09,NORMAL
7067,0.9999999800000006,9.999999800000005e-09,9.999999800000005e-09,NORMAL
7068,0.9999999800000006,9.999999800000005e-09,9.999999800000005e-09,NORMAL
7069,0.9999999800000006,9.999999800000005e-09,9.999999800000005e-09,NORMAL
7070,0.9999999800000006,9.999999800000005e-09,9.999999800000005e-09,NORMAL
7071,0.9999999800000006,9.999999800000005e-09,9.999999800000005e-09,NORMAL
7072,0.9999999800000006,9.999999800000005e-09,9.999999800000005e-09,NORMAL
7073,0.9999999800000006,9.999999800000005e-09,9.999999800000005e-09,NORMAL
7074,0.9993040957898353,0.0006958942171238407,9.993040957898353e-09,NORMAL
7075,0.9993040957898353,0.0006958942171238407,9.993040957898353e-09,NORMAL
7076,0.9993040957898353,0.0006958942171238407,9.993040957898353e-09,NORMAL
7077,0.9993040957898353,0.0006958942171238407,9.993040957898353e-09,NORMAL
7078,0.9993040957898353,0.0006958942171238407,9.993040957898353e-09,NORMAL
7079,0.9993040957898353,0.0006958942171238407,9.993040957898353e-09,NORMAL
7080,0.9993040957898353,0.0006958942171238407,9.993040957898353e-09,NORMAL
7081,0.9993040957898353,0.0006958942171238407,9.993040957898353e-09,NORMAL
7082,0.9993040957898353,0.0006958942171238407,9.993040957898353e-09,NORMAL
7083,0.9993040957898353,0.0006958942171238407,9.993040957898353e-09,NORMAL
7084,0.9993040957898353,0.0006958942171238407,9.993040957898353e-09,NORMAL
7085,0.9993040957898353,0.0006958942171238407,9.993040957898353e-09,NORMAL
7086,0.9993040957898353,0.0006958942171238407,9.993040957898353e-09,NORMAL
7087,0.9993040957898353,0.0006958942171238407,9.993040957898353e-09,NORMAL
7088,0.9993040957898353,0.0006958942171238407,9.993040957898353e-09,NORMAL
7089,0.9993040957898353,0.0006958942171238407,9.993040957898353e-09,NORMAL
7090,0.9993040957898353,0.0006958942171238407,9.993040957898353e-09,NORMAL
7091,0.9993040957898353,0.0006958942171238407,9.993040957898353e-09,NORMAL
7092,0.9999999800000006,9.999999800000005e-09,9.999999800000005e-09,NORMAL
7093,0.9999999800000006,9.999999800000005e-09,9.999999800000005e-09,NORMAL
7094,0.9999999800000006,9.999999800000005e-09,9.999999800000005e-09,NORMAL
7095,0.9999999800000006,9.999999800000005e-09,9.999999800000005e-09,NORMAL
7096,0.9999999800000006,9.999999800000005e-09,9.999999800000005e-09,NORMAL
7097,0.9999999800000006,9.999999800000005e-09,9.999999800000005e-09,NORMAL
7098,0.9999999800000006,9.999999800000005e-09,9.999999800000005e-09,NORMAL
7099,0.9999999800000006,9.999999800000005e-09,9.999999800000005e-09,NORMAL
7100,0.9999999800000006,9.999999800000005e-09,9.999999800000005e-09,NORMAL
7101,0.9999999800000006,9.999999800000005e-09,9.999999800000005e-09,NORMAL
7102,0.9999999800000006,9.999999800000005e-09,9.999999800000005e-09,NORMAL
7103,0.9999999800000006,9.999999800000005e-09,9.999999800000005e-09,NORMAL
7104,0.9999999800000006,9.999999800000005e-09,9.999999800000005e-09,NORMAL
7105,0.9999999800000006,9.999999800000005e-09,9.999999800000005e-09,NORMAL
7106,0.9999999800000006,9.999999800000005e-09,9.999999800000005e-09,NORMAL
7107,0.9999999800000006,9.999999800000005e-09,9.999999800000005e-09,NORMAL
7108,0.9999999800000006,9.999999800000005e-09,9.999999800000005e-09,NORMAL
7109,0.9999999800000006,9.999999800000005e-09,9.999999800000005e-09,NORMAL
7110,0.9993040957898353,0.0006958942171238407,9.993040957898353e-09,NORMAL
7111,0.9993040957898353,0.0006958942171238407,9.993040957898353e-09,NORMAL
7112,0.9993040957898353,0.0006958942171238407,9.993040957898353e-09,NORMAL
7113,0.9993040957898353,0.0006958942171238407,9.993040957898353e-09,NORMAL
7114,0.9993040957898353,0.0006958942171238407,9.993040957898353e-09,NORMAL
7115,0.9993040957898353,0.0006958942171238407,9.993040957898353e-09,NORMAL
7116,0.9993040957898353,0.0006958942171238407,9.993040957898353e-09,NORMAL
7117,0.9993040957898353,0.0006958942171238407,9.993040957898353e-09,NORMAL
7118,0.9993040957898353,0.0006958942171238407,9.993040957898353e-09,NORMAL
7119,0.9993040957898353,0.0006958942171238407,9.993040957898353e-09,NORMAL
7120,0.9993040957898353,0.0006958942171238407,9.993040957898353e-09,NORMAL
7121,0.9993040957898353,0.0006958942171238407,9.993040957898353e-09,NORMAL
7122,0.9993040957898353,0.0006958942171238407,9.993040957898353e-09,NORMAL
7123,0.9993040957898353,0.0006958942171238407,9.993040957898353e-09,NORMAL
7124,0.9993040957898353,0.0006958942171238407,9.993040957898353e-09,NORMAL
7125,0.9993040957898353,0.0006958942171238407,9.993040957898353e-09,NORMAL
7126,0.9993040957898353,0.0006958942171238407,9.993040957898353e-09,NORMAL
7127,0.9993040957898353,0.0006958942171238407,9.993040957898353e-09,NORMAL
7128,0.9999999800000006,9.999999800000005e-09,9.999999800000005e-09,NORMAL
7129,0.9999999800000006,9.999999800000005e-09,9.999999800000005e-09,NORMAL
7130,0.9999999800000006,9.999999800000005e-09,9.999999800000005e-09,NORMAL
7131,0.9999999800000006,9.999999800000005e-09,9.999999800000005e-09,NORMAL
7132,0.9999999800000006,9.999999800000005e-09,9.999999800000005e-09,NORMAL
7133,0.9999999800000006,9.999999800000005e-09,9.999999800000005e-09,NORMAL
7134,0.9999999800000006,9.999999800000005e-09,9.999999800000005e-09,NORMAL
7135,0.9999999800000006,9.999999800000005e-09,9.999999800000005e-09,NORMAL
7136,0.9999999800000006,9.999999800000005e-09,9.999999800000005e-09,NORMAL
7137,0.9999999800000006,9.999999800000005e-09,9.999999800000005e-09,NORMAL
7138,0.9999999800000006,9.999999800000005e-09,9.999999800000005e-09,NORMAL
7139,0.9999999800000006,9.999999800000005e-09,9.999999800000005e-09,NORMAL
7140,0.9999999800000006,9.999999800000005e-09,9.999999800000005e-09,NORMAL
7141,0.9999999800000006,9.999999800000005e-09,9.999999800000005e-09,NORMAL
7142,0.9999999800000006,9.999999800000005e-09,9.999999800000005e-09,NORMAL
7143,0.9999999800000006,9.999999800000005e-09,9.999999800000005e-09,NORMAL
7144,0.9999999800000006,9.999999800000005e-09,9.999999800000005e-09,NORMAL
7145,0.9999999800000006,9.999999800000005e-09,9.999999800000005e-09,NORMAL
7146,0.9993040957898353,0.0006958942171238407,9.993040957898353e-09,NORMAL
7147,0.9993040957898353,0.0006958942171238407,9.993040957898353e-09,NORMAL
7148,0.9993040957898353,0.0006958942171238407,9.993040957898353e-09,NORMAL
7149,0.9993040957898353,0.0006958942171238407,9.993040957898353e-09,NORMAL
7150,0.9993040957898353,0.0006958942171238407,9.993040957898353e-09,NORMAL
7151,0.9993040957898353,0.0006958942171238407,9.993040957898353e-09,NORMAL
7152,0.9993040957898353,0.0006958942171238407,9.993040957898353e-09,NORMAL
7153,0.9993040957898353,0.0006958942171238407,9.993040957898353e-09,NORMAL
7154,0.9993040957898353,0.0006958942171238407,9.993040957898353e-09,NORMAL
7155,0.9993040957898353,0.0006958942171238407,9.993040957898353e-09,NORMAL
7156,0.9993040957898353,0.0006958942171238407,9.993040957898353e-09,NORMAL
7157,0.9993040957898353,0.0006958942171238407,9.993040957898353e-09,NORMAL
7158,0.9993040957898353,0.0006958942171238407,9.993040957898353e-09,NORMAL
7159,0.9993040957898353,0.0006958942171238407,9.993040957898353e-09,NORMAL
7160,0.9993040957898353,0.0006958942171238407,9.993040957898353e-09,NORMAL
7161,0.9993040957898353,0.0006958942171238407,9.993040957898353e-09,NORMAL
7162,0.9993040957898353,0.0006958942171238407,9.993040957898353e-09,NORMAL
7163,0.9993040957898353,0.0006958942171238407,9.993040957898353e-09,NORMAL
7164,0.9993040957898353,0.0006958942171238407,9.993040957898353e-09,NORMAL
7165,0.9993040957898353,0.0006958942171238407,9.993040957898353e-09,NORMAL
7166,0.9993040957898353,0.0006958942171238407,9.993040957898353e-09,NORMAL
7167,0.9993040957898353,0.0006958942171238407,9.993040957898353e-09,NORMAL
7168,0.9993040957898353,0.0006958942171238407,9.993040957898353e-09,NORMAL
7169,0.9993040957898353,0.0006958942171238407,9.993040957898353e-09,NORMAL
7170,0.9993040957898353,0.0006958942171238407,9.993040957898353e-09,NORMAL
7171,0.9993040957898353,0.0006958942171238407,9.993040957898353e-09,NORMAL
7172,0.9993040957898353,0.0006958942171238407,9.993040957898353e-09,NORMAL
7173,0.9993040957898353,0.0006958942171238407,9.993040957898353e-09,NORMAL
7174,0.9993040957898353,0.0006958942171238407,9.993040957898353e-09,NORMAL
7175,0.9993040957898353,0.0006958942171238407,9.993040957898353e-09,NORMAL
7176,0.9993040957898353,0.0006958942171238407,9.993040957898353e-09,NORMAL
7177,0.9993040957898353,0.0006958942171238407,9.993040957898353e-09,NORMAL
7178,0.9993040957898353,0.0006958942171238407,9.993040957898353e-09,NORMAL
7179,0.9993040957898353,0.0006958942171238407,9.993040957898353e-09,NORMAL
7180,0.9993040957898353,0.0006958942171238407,9.993040957898353e-09,NORMAL
7181,0.9993040957898353,0.0006958942171238407,9.993040957898353e-09,NORMAL
7182,0.9999999800000006,9.999999800000005e-09,9.999999800000005e-09,NORMAL
7183,0.9999999800000006,9.999999800000005e-09,9.999999800000005e-09,NORMAL
7184,0.9999999800000006,9.999999800000005e-09,9.999999800000005e-09,NORMAL
7185,0.9999999800000006,9.999999800000005e-09,9.999999800000005e-09,NORMAL
7186,0.9999999800000006,9.999999800000005e-09,9.999999800000005e-09,NORMAL
7187,0.9999999800000006,9.999999800000005e-09,9.999999800000005e-09,NORMAL
7188,0.9999999800000006,9.999999800000005e-09,9.999999800000005e-09,NORMAL
7189,0.9999999800000006,9.999999800000005e-09,9.999999800000005e-09,NORMAL
7190,0.9999999800000006,9.999999800000005e-09,9.999999800000005e-09,NORMAL
7191,0.9999999800000006,9.999999800000005e-09,9.999999800000005e-09,NORMAL
7192,0.9999999800000006,9.999999800000005e-09,9.999999800000005e-09,NORMAL
7193,0.9999999800000006,9.999999800000005e-09,9.999999800000005e-09,NORMAL
7194,0.9999999800000006,9.999999800000005e-09,9.999999800000005e-09,NORMAL
7195,0.9999999800000006,9.999999800000005e-09,9.999999800000005e-09,NORMAL
7196,0.9999999800000006,9.999999800000005e-09,9.999999800000005e-09,NORMAL
7197,0.9999999800000006,9.999999800000005e-09,9.999999800000005e-09,NORMAL
7198,0.9999999800000006,9.999999800000005e-09,9.999999800000005e-09,NORMAL
7199,0.9999999800000006,9.999999800000005e-09,9.999999800000005e-09,NORMAL
7200,0.9999999800000006,9.999999800000005e-09,9.999999800000005e-09,NORMAL
7201,0.9999999800000006,9.999999800000005e-09,9.999999800000005e-09,NORMAL
7202,0.9999999800000006,9.999999800000005e-09,9.999999800000005e-09,NORMAL
7203,0.9999999800000006,9.999999800000005e-09,9.999999800000005e-09,NORMAL
7204,0.9999999800000006,9.999999800000005e-09,9.999999800000005e-09,NORMAL
7205,0.9999999800000006,9.999999800000005e-09,9.999999800000005e-09,NORMAL
7206,0.9999999800000006,9.999999800000005e-09,9.999999800000005e-09,NORMAL
7207,0.9999999800000006,9.999999800000005e-09,9.999999800000005e-09,NORMAL
7208,0.9999999800000006,9.999999800000005e-09,9.999999800000005e-09,NORMAL
7209,0.9999999800000006,9.999999800000005e-09,9.999999800000005e-09,NORMAL
7210,0.9999999800000006,9.999999800000005e-09,9.999999800000005e-09,NORMAL
7211,0.9999999800000006,9.999999800000005e-09,9.999999800000005e-09,NORMAL
7212,0.9999999800000006,9.999999800000005e-09,9.999999800000005e-09,NORMAL
7213,0.9999999800000006,9.999999800000005e-09,9.999999800000005e-09,NORMAL
7214,0.9999999800000006,9.999999800000005e-09,9.999999800000005e-09,NORMAL
7215,0.9999999800000006,9.999999800000005e-09,9.999999800000005e-09,NORMAL
7216,0.9999999800000006,9.999999800000005e-09,9.999999800000005e-09,NORMAL
7217,0.9999999800000006,9.999999800000005e-09,9.999999800000005e-09,NORMAL
7218,0.9999999800000006,9.999999800000005e-09,9.999999800000005e-09,NORMAL
7219,0.9999999800000006,9.999999800000005e-09,9.999999800000005e-09,NORMAL
7220,0.9999999800000006,9.999999800000005e-09,9.999999800000005e-09,NORMAL
7221,0.9999999800000006,9.999999800000005e-09,9.999999800000005e-09,NORMAL
7222,0.9999999800000006,9.999999800000005e-09,9.999999800000005e-09,NORMAL
7223,0.9999999800000006,9.999999800000005e-09,9.999999800000005e-09,NORMAL
7224,0.9999999800000006,9.999999800000005e-09,9.999999800000005e-09,NORMAL
7225,0.9999999800000006,9.999999800000005e-09,9.999999800000005e-09,NORMAL
7226,0.9999999800000006,9.999999800000005e-09,9.999999800000005e-09,NORMAL
7227,0.9999999800000006,9.999999800000005e-09,9.999999800000005e-09,NORMAL
7228,0.9999999800000006,9.999999800000005e-09,9.999999800000005e-09,NORMAL
7229,0.9999999800000006,9.999999800000005e-09,9.999999800000005e-09,NORMAL
7230,0.9999999800000006,9.999999800000005e-09,9.999999800000005e-09,NORMAL
7231,0.9999999800000006,9.999999800000005e-09,9.999999800000005e-09,NORMAL
7232,0.9999999800000006,9.999999800000005e-09,9.999999800000005e-09,NORMAL
7233,0.9999999800000006,9.999999800000005e-09,9.999999800000005e-09,NORMAL
7234,0.9999999800000006,9.999999800000005e-09,9.999999800000005e-09,NORMAL
7235,0.9999999800000006,9.999999800000005e-09,9.999999800000005e-09,NORMAL
7236,0.9999999800000006,9.999999800000005e-09,9.999999800000005e-09,NORMAL
7237,0.9999999800000006,9.999999800000005e-09,9.999999800000005e-09,NORMAL
7238,0.9999999800000006,9.999999800000005e-09,9.999999800000005e-09,NORMAL
7239,0.9999999800000006,9.999999800000005e-09,9.999999800000005e-09,NORMAL
7240,0.9999999800000006,9.999999800000005e-09,9.999999800000005e-09,NORMAL
7241,0.9999999800000006,9.999999800000005e-09,9.999999800000005e-09,NORMAL
7242,0.9999999800000006,9.999999800000005e-09,9.999999800000005e-09,NORMAL
7243,0.9999999800000006,9.999999800000005e-09,9.999999800000005e-09,NORMAL
7244,0.9999999800000006,9.999999800000005e-09,9.999999800000005e-09,NORMAL
7245,0.9999999800000006,9.999999800000005e-09,9.999999800000005e-09,NORMAL
7246,0.9999999800000006,9.999999800000005e-09,9.999999800000005e-09,NORMAL
7247,0.9999999800000006,9.999999800000005e-09,9.999999800000005e-09,NORMAL
7248,0.9999999800000006,9.999999800000005e-09,9.999999800000005e-09,NORMAL
7249,0.9999999800000006,9.999999800000005e-09,9.999999800000005e-09,NORMAL
7250,0.9999999800000006,9.999999800000005e-09,9.999999800000005e-09,NORMAL
7251,0.9999999800000006,9.999999800000005e-09,9.999999800000005e-09,NORMAL
7252,0.9999999800000006,9.999999800000005e-09,9.999999800000005e-09,NORMAL
7253,0.9999999800000006,9.999999800000005e-09,9.999999800000005e-09,NORMAL
7254,0.9999999800000006,9.999999800000005e-09,9.999999800000005e-09,NORMAL
7255,0.9999999800000006,9.999999800000005e-09,9.999999800000005e-09,NORMAL
7256,0.9999999800000006,9.999999800000005e-09,9.999999800000005e-09,NORMAL
7257,0.9999999800000006,9.999999800000005e-09,9.999999800000005e-09,NORMAL
7258,0.9999999800000006,9.999999800000005e-09,9.999999800000005e-09,NORMAL
7259,0.9999999800000006,9.999999800000005e-09,9.999999800000005e-09,NORMAL
7260,0.9999999800000006,9.999999800000005e-09,9.999999800000005e-09,NORMAL
7261,0.9999999800000006,9.999999800000005e-09,9.999999800000005e-09,NORMAL
7262,0.9999999800000006,9.999999800000005e-09,9.999999800000005e-09,NORMAL
7263,0.9999999800000006,9.999999800000005e-09,9.999999800000005e-09,NORMAL
7264,0.9999999800000006,9.999999800000005e-09,9.999999800000005e-09,NORMAL
7265,0.9999999800000006,9.999999800000005e-09,9.999999800000005e-09,NORMAL
7266,0.9999999800000006,9.999999800000005e-09,9.999999800000005e-09,NORMAL
7267,0.9999999800000006,9.999999800000005e-09,9.999999800000005e-09,NORMAL
7268,0.9999999800000006,9.999999800000005e-09,9.999999800000005e-09,NORMAL
7269,0.9999999800000006,9.999999800000005e-09,9.999999800000005e-09,NORMAL
7270,0.9999999800000006,9.999999800000005e-09,9.999999800000005e-09,NORMAL
7271,0.9999999800000006,9.999999800000005e-09,9.999999800000005e-09,NORMAL
7272,0.9999999800000006,9.999999800000005e-09,9.999999800000005e-09,NORMAL
7273,0.9999999800000006,9.999999800000005e-09,9.999999800000005e-09,NORMAL
7274,0.9999999800000006,9.999999800000005e-09,9.999999800000005e-09,NORMAL
7275,0.9999999800000006,9.999999800000005e-09,9.999999800000005e-09,NORMAL
7276,0.9999999800000006,9.999999800000005e-09,9.999999800000005e-09,NORMAL
7277,0.9999999800000006,9.999999800000005e-09,9.999999800000005e-09,NORMAL
7278,0.9999999800000006,9.999999800000005e-09,9.999999800000005e-09,NORMAL
7279,0.9999999800000006,9.999999800000005e-09,9.999999800000005e-09,NORMAL
7280,0.9999999800000006,9.999999800000005e-09,9.999999800000005e-09,NORMAL
7281,0.9999999800000006,9.999999800000005e-09,9.999999800000005e-09,NORMAL
7282,0.9999999800000006,9.999999800000005e-09,9.999999800000005e-09,NORMAL
7283,0.9999999800000006,9.999999800000005e-09,9.999999800000005e-09,NORMAL
7284,0.9999999800000006,9.999999800000005e-09,9.999999800000005e-09,NORMAL
7285,0.9999999800000006,9.999999800000005e-09,9.999999800000005e-09,NORMAL
7286,0.9999999800000006,9.999999800000005e-09,9.999999800000005e-09,NORMAL
7287,0.9999999800000006,9.999999800000005e-09,9.999999800000005e-09,NORMAL
7288,0.9999999800000006,9.999999800000005e-09,9.999999800000005e-09,NORMAL
7289,0.9999999800000006,9.999999800000005e-09,9.999999800000005e-09,NORMAL
7290,0.9993040957898353,0.0006958942171238407,9.993040957898353e-09,NORMAL
7291,0.9993040957898353,0.0006958942171238407,9.993040957898353e-09,NORMAL
7292,0.9993040957898353,0.0006958942171238407,9.993040957898353e-09,NORMAL
7293,0.9993040957898353,0.0006958942171238407,9.993040957898353e-09,NORMAL
7294,0.9993040957898353,0.0006958942171238407,9.993040957898353e-09,NORMAL
7295,0.9993040957898353,0.0006958942171238407,9.993040957898353e-09,NORMAL
7296,0.9993040957898353,0.0006958942171238407,9.993040957898353e-09,NORMAL
7297,0.9993040957898353,0.0006958942171238407,9.993040957898353e-09,NORMAL
7298,0.9993040957898353,0.0006958942171238407,9.993040957898353e-09,NORMAL
7299,0.9993040957898353,0.0006958942171238407,9.993040957898353e-09,NORMAL
7300,0.9993040957898353,0.0006958942171238407,9.993040957898353e-09,NORMAL
7301,0.9993040957898353,0.0006958942171238407,9.993040957898353e-09,NORMAL
7302,0.9993040957898353,0.0006958942171238407,9.993040957898353e-09,NORMAL
7303,0.9993040957898353,0.0006958942171238407,9.993040957898353e-09,NORMAL
7304,0.9993040957898353,0.0006958942171238407,9.993040957898353e-09,NORMAL
7305,0.9993040957898353,0.0006958942171238407,9.993040957898353e-09,NORMAL
7306,0.9993040957898353,0.0006958942171238407,9.993040957898353e-09,NORMAL
7307,0.9993040957898353,0.0006958942171238407,9.993040957898353e-09,NORMAL
7308,0.9999999800000006,9.999999800000005e-09,9.999999800000005e-09,NORMAL
7309,0.9999999800000006,9.999999800000005e-09,9.999999800000005e-09,NORMAL
7310,0.9999999800000006,9.999999800000005e-09,9.999999800000005e-09,NORMAL
7311,0.9999999800000006,9.999999800000005e-09,9.999999800000005e-09,NORMAL
7312,0.9999999800000006,9.999999800000005e-09,9.999999800000005e-09,NORMAL
7313,0.9999999800000006,9.999999800000005e-09,9.999999800000005e-09,NORMAL
7314,0.9999999800000006,9.999999800000005e-09,9.999999800000005e-09,NORMAL
7315,0.9999999800000006,9.999999800000005e-09,9.999999800000005e-09,NORMAL
7316,0.9999999800000006,9.999999800000005e-09,9.999999800000005e-09,NORMAL
7317,0.9999999800000006,9.999999800000005e-09,9.999999800000005e-09,NORMAL
7318,0.9999999800000006,9.999999800000005e-09,9.999999800000005e-09,NORMAL
7319,0.9999999800000006,9.999999800000005e-09,9.999999800000005e-09,NORMAL
7320,0.9999999800000006,9.999999800000005e-09,9.999999800000005e-09,NORMAL
7321,0.9999999800000006,9.999999800000005e-09,9.999999800000005e-09,NORMAL
7322,0.9999999800000006,9.999999800000005e-09,9.999999800000005e-09,NORMAL
7323,0.9999999800000006,9.999999800000005e-09,9.999999800000005e-09,NORMAL
7324,0.9999999800000006,9.999999800000005e-09,9.999999800000005e-09,NORMAL
7325,0.9999999800000006,9.999999800000005e-09,9.999999800000005e-09,NORMAL
7326,0.9999999800000006,9.999999800000005e-09,9.999999800000005e-09,NORMAL
7327,0.9999999800000006,9.999999800000005e-09,9.999999800000005e-09,NORMAL
7328,0.9999999800000006,9.999999800000005e-09,9.999999800000005e-09,NORMAL
7329,0.9999999800000006,9.999999800000005e-09,9.999999800000005e-09,NORMAL
7330,0.9999999800000006,9.999999800000005e-09,9.999999800000005e-09,NORMAL
7331,0.9999999800000006,9.999999800000005e-09,9.999999800000005e-09,NORMAL
7332,0.9999999800000006,9.999999800000005e-09,9.999999800000005e-09,NORMAL
7333,0.9999999800000006,9.999999800000005e-09,9.999999800000005e-09,NORMAL
7334,0.9999999800000006,9.999999800000005e-09,9.999999800000005e-09,NORMAL
7335,0.9999999800000006,9.999999800000005e-09,9.999999800000005e-09,NORMAL
7336,0.9999999800000006,9.999999800000005e-09,9.999999800000005e-09,NORMAL
7337,0.9999999800000006,9.999999800000005e-09,9.999999800000005e-09,NORMAL
7338,0.9999999800000006,9.999999800000005e-09,9.999999800000005e-09,NORMAL
7339,0.9999999800000006,9.999999800000005e-09,9.999999800000005e-09,NORMAL
7340,0.9999999800000006,9.999999800000005e-09,9.999999800000005e-09,NORMAL
7341,0.9999999800000006,9.999999800000005e-09,9.999999800000005e-09,NORMAL
7342,0.9999999800000006,9.999999800000005e-09,9.999999800000005e-09,NORMAL
7343,0.9999999800000006,9.999999800000005e-09,9.999999800000005e-09,NORMAL
7344,0.9993040957898353,0.0006958942171238407,9.993040957898353e-09,NORMAL
7345,0.9993040957898353,0.0006958942171238407,9.993040957898353e-09,NORMAL
7346,0.9993040957898353,0.0006958942171238407,9.993040957898353e-09,NORMAL
7347,0.9993040957898353,0.0006958942171238407,9.993040957898353e-09,NORMAL
7348,0.9993040957898353,0.0006958942171238407,9.993040957898353e-09,NORMAL
7349,0.9993040957898353,0.0006958942171238407,9.993040957898353e-09,NORMAL
7350,0.9993040957898353,0.0006958942171238407,9.993040957898353e-09,NORMAL
7351,0.9993040957898353,0.0006958942171238407,9.993040957898353e-09,NORMAL
7352,0.9993040957898353,0.0006958942171238407,9.993040957898353e-09,NORMAL
7353,0.9993040957898353,0.0006958942171238407,9.993040957898353e-09,NORMAL
7354,0.9993040957898353,0.0006958942171238407,9.993040957898353e-09,NORMAL
7355,0.9993040957898353,0.0006958942171238407,9.993040957898353e-09,NORMAL
7356,0.9993040957898353,0.0006958942171238407,9.993040957898353e-09,NORMAL
7357,0.9993040957898353,0.0006958942171238407,9.993040957898353e-09,NORMAL
7358,0.9993040957898353,0.0006958942171238407,9.993040957898353e-09,NORMAL
7359,0.9993040957898353,0.0006958942171238407,9.993040957898353e-09,NORMAL
7360,0.9993040957898353,0.0006958942171238407,9.993040957898353e-09,NORMAL
7361,0.9993040957898353,0.0006958942171238407,9.993040957898353e-09,NORMAL
7362,0.9999999800000006,9.999999800000005e-09,9.999999800000005e-09,NORMAL
7363,0.9999999800000006,9.999999800000005e-09,9.999999800000005e-09,NORMAL
7364,0.9999999800000006,9.999999800000005e-09,9.999999800000005e-09,NORMAL
7365,0.9999999800000006,9.999999800000005e-09,9.999999800000005e-09,NORMAL
7366,0.9999999800000006,9.999999800000005e-09,9.999999800000005e-09,NORMAL
7367,0.9999999800000006,9.999999800000005e-09,9.999999800000005e-09,NORMAL
7368,0.9999999800000006,9.999999800000005e-09,9.999999800000005e-09,NORMAL
7369,0.9999999800000006,9.999999800000005e-09,9.999999800000005e-09,NORMAL
7370,0.9999999800000006,9.999999800000005e-09,9.999999800000005e-09,NORMAL
7371,0.9999999800000006,9.999999800000005e-09,9.999999800000005e-09,NORMAL
7372,0.9999999800000006,9.999999800000005e-09,9.999999800000005e-09,NORMAL
7373,0.9999999800000006,9.999999800000005e-09,9.999999800000005e-09,NORMAL
7374,0.9999999800000006,9.999999800000005e-09,9.999999800000005e-09,NORMAL
7375,0.9999999800000006,9.999999800000005e-09,9.999999800000005e-09,NORMAL
7376,0.9999999800000006,9.999999800000005e-09,9.999999800000005e-09,NORMAL
7377,0.9999999800000006,9.999999800000005e-09,9.999999800000005e-09,NORMAL
7378,0.9999999800000006,9.999999800000005e-09,9.999999800000005e-09,NORMAL
7379,0.9999999800000006,9.999999800000005e-09,9.999999800000005e-09,NORMAL
7380,0.9999999800000006,9.999999800000005e-09,9.999999800000005e-09,NORMAL
7381,0.9999999800000006,9.999999800000005e-09,9.999999800000005e-09,NORMAL
7382,0.9999999800000006,9.999999800000005e-09,9.999999800000005e-09,NORMAL
7383,0.9999999800000006,9.999999800000005e-09,9.999999800000005e-09,NORMAL
7384,0.9999999800000006,9.999999800000005e-09,9.999999800000005e-09,NORMAL
7385,0.9999999800000006,9.999999800000005e-09,9.999999800000005e-09,NORMAL
7386,0.9999999800000006,9.999999800000005e-09,9.999999800000005e-09,NORMAL
7387,0.9999999800000006,9.999999800000005e-09,9.999999800000005e-09,NORMAL
7388,0.9999999800000006,9.999999800000005e-09,9.999999800000005e-09,NORMAL
7389,0.9999999800000006,9.999999800000005e-09,9.999999800000005e-09,NORMAL
7390,0.9999999800000006,9.999999800000005e-09,9.999999800000005e-09,NORMAL
7391,0.9999999800000006,9.999999800000005e-09,9.999999800000005e-09,NORMAL
7392,0.9999999800000006,9.999999800000005e-09,9.999999800000005e-09,NORMAL
7393,0.9999999800000006,9.999999800000005e-09,9.999999800000005e-09,NORMAL
7394,0.9999999800000006,9.999999800000005e-09,9.999999800000005e-09,NORMAL
7395,0.9999999800000006,9.999999800000005e-09,9.999999800000005e-09,NORMAL
7396,0.9999999800000006,9.999999800000005e-09,9.999999800000005e-09,NORMAL
7397,0.9999999800000006,9.999999800000005e-09,9.999999800000005e-09,NORMAL
7398,0.9999999800000006,9.999999800000005e-09,9.999999800000005e-09,NORMAL
7399,0.9999999800000006,9.999999800000005e-09,9.999999800000005e-09,NORMAL
7400,0.9999999800000006,9.999999800000005e-09,9.999999800000005e-09,NORMAL
7401,0.9999999800000006,9.999999800000005e-09,9.999999800000005e-09,NORMAL
7402,0.9999999800000006,9.999999800000005e-09,9.999999800000005e-09,NORMAL
7403,0.9999999800000006,9.999999800000005e-09,9.999999800000005e-09,NORMAL
7404,0.9999999800000006,9.999999800000005e-09,9.999999800000005e-09,NORMAL
7405,0.9999999800000006,9.999999800000005e-09,9.999999800000005e-09,NORMAL
7406,0.9999999800000006,9.999999800000005e-09,9.999999800000005e-09,NORMAL
7407,0.9999999800000006,9.999999800000005e-09,9.999999800000005e-09,NORMAL
7408,0.9999999800000006,9.999999800000005e-09,9.999999800000005e-09,NORMAL
7409,0.9999999800000006,9.999999800000005e-09,9.999999800000005e-09,NORMAL
7410,0.9999999800000006,9.999999800000005e-09,9.999999800000005e-09,NORMAL
7411,0.9999999800000006,9.999999800000005e-09,9.999999800000005e-09,NORMAL
7412,0.9999999800000006,9.999999800000005e-09,9.999999800000005e-09,NORMAL
7413,0.9999999800000006,9.999999800000005e-09,9.999999800000005e-09,NORMAL
7414,0.9999999800000006,9.999999800000005e-09,9.999999800000005e-09,NORMAL
7415,0.9999999800000006,9.999999800000005e-09,9.999999800000005e-09,NORMAL
7416,0.9993040957898353,0.0006958942171238407,9.993040957898353e-09,NORMAL
7417,0.9993040957898353,0.0006958942171238407,9.993040957898353e-09,NORMAL
7418,0.9993040957898353,0.0006958942171238407,9.993040957898353e-09,NORMAL
7419,0.9993040957898353,0.0006958942171238407,9.993040957898353e-09,NORMAL
7420,0.9993040957898353,0.0006958942171238407,9.993040957898353e-09,NORMAL
7421,0.9993040957898353,0.0006958942171238407,9.993040957898353e-09,NORMAL
7422,0.9993040957898353,0.0006958942171238407,9.993040957898353e-09,NORMAL
7423,0.9993040957898353,0.0006958942171238407,9.993040957898353e-09,NORMAL
7424,0.9993040957898353,0.0006958942171238407,9.993040957898353e-09,NORMAL
7425,0.9993040957898353,0.0006958942171238407,9.993040957898353e-09,NORMAL
7426,0.9993040957898353,0.0006958942171238407,9.993040957898353e-09,NORMAL
7427,0.9993040957898353,0.0006958942171238407,9.993040957898353e-09,NORMAL
7428,0.9993040957898353,0.0006958942171238407,9.993040957898353e-09,NORMAL
7429,0.9993040957898353,0.0006958942171238407,9.993040957898353e-09,NORMAL
7430,0.9993040957898353,0.0006958942171238407,9.993040957898353e-09,NORMAL
7431,0.9993040957898353,0.0006958942171238407,9.993040957898353e-09,NORMAL
7432,0.9993040957898353,0.0006958942171238407,9.993040957898353e-09,NORMAL
7433,0.9993040957898353,0.0006958942171238407,9.993040957898353e-09,NORMAL
7434,0.9999999800000006,9.999999800000005e-09,9.999999800000005e-09,NORMAL
7435,0.9999999800000006,9.999999800000005e-09,9.999999800000005e-09,NORMAL
7436,0.9999999800000006,9.999999800000005e-09,9.999999800000005e-09,NORMAL
7437,0.9999999800000006,9.999999800000005e-09,9.999999800000005e-09,NORMAL
7438,0.9999999800000006,9.999999800000005e-09,9.999999800000005e-09,NORMAL
7439,0.9999999800000006,9.999999800000005e-09,9.999999800000005e-09,NORMAL
7440,0.9999999800000006,9.999999800000005e-09,9.999999800000005e-09,NORMAL
7441,0.9999999800000006,9.999999800000005e-09,9.999999800000005e-09,NORMAL
7442,0.9999999800000006,9.999999800000005e-09,9.999999800000005e-09,NORMAL
7443,0.9999999800000006,9.999999800000005e-09,9.999999800000005e-09,NORMAL
7444,0.9999999800000006,9.999999800000005e-09,9.999999800000005e-09,NORMAL
7445,0.9999999800000006,9.999999800000005e-09,9.999999800000005e-09,NORMAL
7446,0.9999999800000006,9.999999800000005e-09,9.999999800000005e-09,NORMAL
7447,0.9999999800000006,9.999999800000005e-09,9.999999800000005e-09,NORMAL
7448,0.9999999800000006,9.999999800000005e-09,9.999999800000005e-09,NORMAL
7449,0.9999999800000006,9.999999800000005e-09,9.999999800000005e-09,NORMAL
7450,0.9999999800000006,9.999999800000005e-09,9.999999800000005e-09,NORMAL
7451,0.9999999800000006,9.999999800000005e-09,9.999999800000005e-09,NORMAL
7452,0.9999999800000006,9.999999800000005e-09,9.999999800000005e-09,NORMAL
7453,0.9999999800000006,9.999999800000005e-09,9.999999800000005e-09,NORMAL
7454,0.9999999800000006,9.999999800000005e-09,9.999999800000005e-09,NORMAL
7455,0.9999999800000006,9.999999800000005e-09,9.999999800000005e-09,NORMAL
7456,0.9999999800000006,9.999999800000005e-09,9.999999800000005e-09,NORMAL
7457,0.9999999800000006,9.999999800000005e-09,9.999999800000005e-09,NORMAL
7458,0.9999999800000006,9.999999800000005e-09,9.999999800000005e-09,NORMAL
7459,0.9999999800000006,9.999999800000005e-09,9.999999800000005e-09,NORMAL
7460,0.9999999800000006,9.999999800000005e-09,9.999999800000005e-09,NORMAL
7461,0.9999999800000006,9.999999800000005e-09,9.999999800000005e-09,NORMAL
7462,0.9999999800000006,9.999999800000005e-09,9.999999800000005e-09,NORMAL
7463,0.9999999800000006,9.999999800000005e-09,9.999999800000005e-09,NORMAL
7464,0.9999999800000006,9.999999800000005e-09,9.999999800000005e-09,NORMAL
7465,0.9999999800000006,9.999999800000005e-09,9.999999800000005e-09,NORMAL
7466,0.9999999800000006,9.999999800000005e-09,9.999999800000005e-09,NORMAL
7467,0.9999999800000006,9.999999800000005e-09,9.999999800000005e-09,NORMAL
7468,0.9999999800000006,9.999999800000005e-09,9.999999800000005e-09,NORMAL
7469,0.9999999800000006,9.999999800000005e-09,9.999999800000005e-09,NORMAL
7470,0.9999999800000006,9.999999800000005e-09,9.999999800000005e-09,NORMAL
7471,0.9999999800000006,9.999999800000005e-09,9.999999800000005e-09,NORMAL
7472,0.9999999800000006,9.999999800000005e-09,9.999999800000005e-09,NORMAL
7473,0.9999999800000006,9.999999800000005e-09,9.999999800000005e-09,NORMAL
7474,0.9999999800000006,9.999999800000005e-09,9.999999800000005e-09,NORMAL
7475,0.9999999800000006,9.999999800000005e-09,9.999999800000005e-09,NORMAL
7476,0.9999999800000006,9.999999800000005e-09,9.999999800000005e-09,NORMAL
7477,0.9999999800000006,9.999999800000005e-09,9.999999800000005e-09,NORMAL
7478,0.9999999800000006,9.999999800000005e-09,9.999999800000005e-09,NORMAL
7479,0.9999999800000006,9.999999800000005e-09,9.999999800000005e-09,NORMAL
7480,0.9999999800000006,9.999999800000005e-09,9.999999800000005e-09,NORMAL
7481,0.9999999800000006,9.999999800000005e-09,9.999999800000005e-09,NORMAL
7482,0.9999999800000006,9.999999800000005e-09,9.999999800000005e-09,NORMAL
7483,0.9999999800000006,9.999999800000005e-09,9.999999800000005e-09,NORMAL
7484,0.9999999800000006,9.999999800000005e-09,9.999999800000005e-09,NORMAL
7485,0.9999999800000006,9.999999800000005e-09,9.999999800000005e-09,NORMAL
7486,0.9999999800000006,9.999999800000005e-09,9.999999800000005e-09,NORMAL
7487,0.9999999800000006,9.999999800000005e-09,9.999999800000005e-09,NORMAL
7488,0.9993040957898353,0.0006958942171238407,9.993040957898353e-09,NORMAL
7489,0.9993040957898353,0.0006958942171238407,9.993040957898353e-09,NORMAL
7490,0.9993040957898353,0.0006958942171238407,9.993040957898353e-09,NORMAL
7491,0.9993040957898353,0.0006958942171238407,9.993040957898353e-09,NORMAL
7492,0.9993040957898353,0.0006958942171238407,9.993040957898353e-09,NORMAL
7493,0.9993040957898353,0.0006958942171238407,9.993040957898353e-09,NORMAL
7494,0.9993040957898353,0.0006958942171238407,9.993040957898353e-09,NORMAL
7495,0.9993040957898353,0.0006958942171238407,9.993040957898353e-09,NORMAL
7496,0.9993040957898353,0.0006958942171238407,9.993040957898353e-09,NORMAL
7497,0.9993040957898353,0.0006958942171238407,9.993040957898353e-09,NORMAL
7498,0.9993040957898353,0.0006958942171238407,9.993040957898353e-09,NORMAL
7499,0.9993040957898353,0.0006958942171238407,9.993040957898353e-09,NORMAL
7500,0.9993040957898353,0.0006958942171238407,9.993040957898353e-09,NORMAL
7501,0.9993040957898353,0.0006958942171238407,9.993040957898353e-09,NORMAL
7502,0.9993040957898353,0.0006958942171238407,9.993040957898353e-09,NORMAL
7503,0.9993040957898353,0.0006958942171238407,9.993040957898353e-09,NORMAL
7504,0.9993040957898353,0.0006958942171238407,9.993040957898353e-09,NORMAL
7505,0.9993040957898353,0.0006958942171238407,9.993040957898353e-09,NORMAL
7506,0.9993040957898353,0.0006958942171238407,9.993040957898353e-09,NORMAL
7507,0.9993040957898353,0.0006958942171238407,9.993040957898353e-09,NORMAL
7508,0.9993040957898353,0.0006958942171238407,9.993040957898353e-09,NORMAL
7509,0.9993040957898353,0.0006958942171238407,9.993040957898353e-09,NORMAL
7510,0.9993040957898353,0.0006958942171238407,9.993040957898353e-09,NORMAL
7511,0.9993040957898353,0.0006958942171238407,9.993040957898353e-09,NORMAL
7512,0.9993040957898353,0.0006958942171238407,9.993040957898353e-09,NORMAL
7513,0.9993040957898353,0.0006958942171238407,9.993040957898353e-09,NORMAL
7514,0.9993040957898353,0.0006958942171238407,9.993040957898353e-09,NORMAL
7515,0.9993040957898353,0.0006958942171238407,9.993040957898353e-09,NORMAL
7516,0.9993040957898353,0.0006958942171238407,9.993040957898353e-09,NORMAL
7517,0.9993040957898353,0.0006958942171238407,9.993040957898353e-09,NORMAL
7518,0.9993040957898353,0.0006958942171238407,9.993040957898353e-09,NORMAL
7519,0.9993040957898353,0.0006958942171238407,9.993040957898353e-09,NORMAL
7520,0.9993040957898353,0.0006958942171238407,9.993040957898353e-09,NORMAL
7521,0.9993040957898353,0.0006958942171238407,9.993040957898353e-09,NORMAL
7522,0.9993040957898353,0.0006958942171238407,9.993040957898353e-09,NORMAL
7523,0.9993040957898353,0.0006958942171238407,9.993040957898353e-09,NORMAL
7524,0.9999999800000006,9.999999800000005e-09,9.999999800000005e-09,NORMAL
7525,0.9999999800000006,9.999999800000005e-09,9.999999800000005e-09,NORMAL
7526,0.9999999800000006,9.999999800000005e-09,9.999999800000005e-09,NORMAL
7527,0.9999999800000006,9.999999800000005e-09,9.999999800000005e-09,NORMAL
7528,0.9999999800000006,9.999999800000005e-09,9.999999800000005e-09,NORMAL
7529,0.9999999800000006,9.999999800000005e-09,9.999999800000005e-09,NORMAL
7530,0.9999999800000006,9.999999800000005e-09,9.999999800000005e-09,NORMAL
7531,0.9999999800000006,9.999999800000005e-09,9.999999800000005e-09,NORMAL
7532,0.9999999800000006,9.999999800000005e-09,9.999999800000005e-09,NORMAL
7533,0.9999999800000006,9.999999800000005e-09,9.999999800000005e-09,NORMAL
7534,0.9999999800000006,9.999999800000005e-09,9.999999800000005e-09,NORMAL
7535,0.9999999800000006,9.999999800000005e-09,9.999999800000005e-09,NORMAL
7536,0.9999999800000006,9.999999800000005e-09,9.999999800000005e-09,NORMAL
7537,0.9999999800000006,9.999999800000005e-09,9.999999800000005e-09,NORMAL
7538,0.9999999800000006,9.999999800000005e-09,9.999999800000005e-09,NORMAL
7539,0.9999999800000006,9.999999800000005e-09,9.999999800000005e-09,NORMAL
7540,0.9999999800000006,9.999999800000005e-09,9.999999800000005e-09,NORMAL
7541,0.9999999800000006,9.999999800000005e-09,9.999999800000005e-09,NORMAL
7542,0.9999999800000006,9.999999800000005e-09,9.999999800000005e-09,NORMAL
7543,0.9999999800000006,9.999999800000005e-09,9.999999800000005e-09,NORMAL
7544,0.9999999800000006,9.999999800000005e-09,9.999999800000005e-09,NORMAL
7545,0.9999999800000006,9.999999800000005e-09,9.999999800000005e-09,NORMAL
7546,0.9999999800000006,9.999999800000005e-09,9.999999800000005e-09,NORMAL
7547,0.9999999800000006,9.999999800000005e-09,9.999999800000005e-09,NORMAL
7548,0.9999999800000006,9.999999800000005e-09,9.999999800000005e-09,NORMAL
7549,0.9999999800000006,9.999999800000005e-09,9.999999800000005e-09,NORMAL
7550,0.9999999800000006,9.999999800000005e-09,9.999999800000005e-09,NORMAL
7551,0.9999999800000006,9.999999800000005e-09,9.999999800000005e-09,NORMAL
7552,0.9999999800000006,9.999999800000005e-09,9.999999800000005e-09,NORMAL
7553,0.9999999800000006,9.999999800000005e-09,9.999999800000005e-09,NORMAL
7554,0.9999999800000006,9.999999800000005e-09,9.999999800000005e-09,NORMAL
7555,0.9999999800000006,9.999999800000005e-09,9.999999800000005e-09,NORMAL
7556,0.9999999800000006,9.999999800000005e-09,9.999999800000005e-09,NORMAL
7557,0.9999999800000006,9.999999800000005e-09,9.999999800000005e-09,NORMAL
7558,0.9999999800000006,9.999999800000005e-09,9.999999800000005e-09,NORMAL
7559,0.9999999800000006,9.999999800000005e-09,9.999999800000005e-09,NORMAL
7560,0.9999999800000006,9.999999800000005e-09,9.999999800000005e-09,NORMAL
7561,0.9999999800000006,9.999999800000005e-09,9.999999800000005e-09,NORMAL
7562,0.9999999800000006,9.999999800000005e-09,9.999999800000005e-09,NORMAL
7563,0.9999999800000006,9.999999800000005e-09,9.999999800000005e-09,NORMAL
7564,0.9999999800000006,9.999999800000005e-09,9.999999800000005e-09,NORMAL
7565,0.9999999800000006,9.999999800000005e-09,9.999999800000005e-09,NORMAL
7566,0.9999999800000006,9.999999800000005e-09,9.999999800000005e-09,NORMAL
7567,0.9999999800000006,9.999999800000005e-09,9.999999800000005e-09,NORMAL
7568,0.9999999800000006,9.999999800000005e-09,9.999999800000005e-09,NORMAL
7569,0.9999999800000006,9.999999800000005e-09,9.999999800000005e-09,NORMAL
7570,0.9999999800000006,9.999999800000005e-09,9.999999800000005e-09,NORMAL
7571,0.9999999800000006,9.999999800000005e-09,9.999999800000005e-09,NORMAL
7572,0.9999999800000006,9.999999800000005e-09,9.999999800000005e-09,NORMAL
7573,0.9999999800000006,9.999999800000005e-09,9.999999800000005e-09,NORMAL
7574,0.9999999800000006,9.999999800000005e-09,9.999999800000005e-09,NORMAL
7575,0.9999999800000006,9.999999800000005e-09,9.999999800000005e-09,NORMAL
7576,0.9999999800000006,9.999999800000005e-09,9.999999800000005e-09,NORMAL
7577,0.9999999800000006,9.999999800000005e-09,9.999999800000005e-09,NORMAL
7578,0.9999999800000006,9.999999800000005e-09,9.999999800000005e-09,NORMAL
7579,0.9999999800000006,9.999999800000005e-09,9.999999800000005e-09,NORMAL
7580,0.9999999800000006,9.999999800000005e-09,9.999999800000005e-09,NORMAL
7581,0.9999999800000006,9.999999800000005e-09,9.999999800000005e-09,NORMAL
7582,0.9999999800000006,9.999999800000005e-09,9.999999800000005e-09,NORMAL
7583,0.9999999800000006,9.999999800000005e-09,9.999999800000005e-09,NORMAL
7584,0.9999999800000006,9.999999800000005e-09,9.999999800000005e-09,NORMAL
7585,0.9999999800000006,9.999999800000005e-09,9.999999800000005e-09,NORMAL
7586,0.9999999800000006,9.999999800000005e-09,9.999999800000005e-09,NORMAL
7587,0.9999999800000006,9.999999800000005e-09,9.999999800000005e-09,NORMAL
7588,0.9999999800000006,9.999999800000005e-09,9.999999800000005e-09,NORMAL
7589,0.9999999800000006,9.999999800000005e-09,9.999999800000005e-09,NORMAL
7590,0.9999999800000006,9.999999800000005e-09,9.999999800000005e-09,NORMAL
7591,0.9999999800000006,9.999999800000005e-09,9.999999800000005e-09,NORMAL
7592,0.9999999800000006,9.999999800000005e-09,9.999999800000005e-09,NORMAL
7593,0.9999999800000006,9.999999800000005e-09,9.999999800000005e-09,NORMAL
7594,0.9999999800000006,9.999999800000005e-09,9.999999800000005e-09,NORMAL
7595,0.9999999800000006,9.999999800000005e-09,9.999999800000005e-09,NORMAL
7596,0.9999999800000006,9.999999800000005e-09,9.999999800000005e-09,NORMAL
7597,0.9999999800000006,9.999999800000005e-09,9.999999800000005e-09,NORMAL
7598,0.9999999800000006,9.999999800000005e-09,9.999999800000005e-09,NORMAL
7599,0.9999999800000006,9.999999800000005e-09,9.999999800000005e-09,NORMAL
7600,0.9999999800000006,9.999999800000005e-09,9.999999800000005e-09,NORMAL
7601,0.9999999800000006,9.999999800000005e-09,9.999999800000005e-09,NORMAL
7602,0.9999999800000006,9.999999800000005e-09,9.999999800000005e-09,NORMAL
7603,0.9999999800000006,9.999999800000005e-09,9.999999800000005e-09,NORMAL
7604,0.9999999800000006,9.999999800000005e-09,9.999999800000005e-09,NORMAL
7605,0.9999999800000006,9.999999800000005e-09,9.999999800000005e-09,NORMAL
7606,0.9999999800000006,9.999999800000005e-09,9.999999800000005e-09,NORMAL
7607,0.9999999800000006,9.999999800000005e-09,9.999999800000005e-09,NORMAL
7608,0.9999999800000006,9.999999800000005e-09,9.999999800000005e-09,NORMAL
7609,0.9999999800000006,9.999999800000005e-09,9.999999800000005e-09,NORMAL
7610,0.9999999800000006,9.999999800000005e-09,9.999999800000005e-09,NORMAL
7611,0.9999999800000006,9.999999800000005e-09,9.999999800000005e-09,NORMAL
7612,0.9999999800000006,9.999999800000005e-09,9.999999800000005e-09,NORMAL
7613,0.9999999800000006,9.999999800000005e-09,9.999999800000005e-09,NORMAL
7614,0.9999999800000006,9.999999800000005e-09,9.999999800000005e-09,NORMAL
7615,0.9999999800000006,9.999999800000005e-09,9.999999800000005e-09,NORMAL
7616,0.9999999800000006,9.999999800000005e-09,9.999999800000005e-09,NORMAL
7617,0.9999999800000006,9.999999800000005e-09,9.999999800000005e-09,NORMAL
7618,0.9999999800000006,9.999999800000005e-09,9.999999800000005e-09,NORMAL
7619,0.9999999800000006,9.999999800000005e-09,9.999999800000005e-09,NORMAL
7620,0.9999999800000006,9.999999800000005e-09,9.999999800000005e-09,NORMAL
7621,0.9999999800000006,9.999999800000005e-09,9.999999800000005e-09,NORMAL
7622,0.9999999800000006,9.999999800000005e-09,9.999999800000005e-09,NORMAL
7623,0.9999999800000006,9.999999800000005e-09,9.999999800000005e-09,NORMAL
7624,0.9999999800000006,9.999999800000005e-09,9.999999800000005e-09,NORMAL
7625,0.9999999800000006,9.999999800000005e-09,9.999999800000005e-09,NORMAL
7626,0.9999999800000006,9.999999800000005e-09,9.999999800000005e-09,NORMAL
7627,0.9999999800000006,9.999999800000005e-09,9.999999800000005e-09,NORMAL
7628,0.9999999800000006,9.999999800000005e-09,9.999999800000005e-09,NORMAL
7629,0.9999999800000006,9.999999800000005e-09,9.999999800000005e-09,NORMAL
7630,0.9999999800000006,9.999999800000005e-09,9.999999800000005e-09,NORMAL
7631,0.9999999800000006,9.999999800000005e-09,9.999999800000005e-09,NORMAL
7632,0.9993040957898353,0.0006958942171238407,9.993040957898353e-09,NORMAL
7633,0.9993040957898353,0.0006958942171238407,9.993040957898353e-09,NORMAL
7634,0.9993040957898353,0.0006958942171238407,9.993040957898353e-09,NORMAL
7635,0.9993040957898353,0.0006958942171238407,9.993040957898353e-09,NORMAL
7636,0.9993040957898353,0.0006958942171238407,9.993040957898353e-09,NORMAL
7637,0.9993040957898353,0.0006958942171238407,9.993040957898353e-09,NORMAL
7638,0.9993040957898353,0.0006958942171238407,9.993040957898353e-09,NORMAL
7639,0.9993040957898353,0.0006958942171238407,9.993040957898353e-09,NORMAL
7640,0.9993040957898353,0.0006958942171238407,9.993040957898353e-09,NORMAL
7641,0.9993040957898353,0.0006958942171238407,9.993040957898353e-09,NORMAL
7642,0.9993040957898353,0.0006958942171238407,9.993040957898353e-09,NORMAL
7643,0.9993040957898353,0.0006958942171238407,9.993040957898353e-09,NORMAL
7644,0.9993040957898353,0.0006958942171238407,9.993040957898353e-09,NORMAL
7645,0.9993040957898353,0.0006958942171238407,9.993040957898353e-09,NORMAL
7646,0.9993040957898353,0.0006958942171238407,9.993040957898353e-09,NORMAL
7647,0.9993040957898353,0.0006958942171238407,9.993040957898353e-09,NORMAL
7648,0.9993040957898353,0.0006958942171238407,9.993040957898353e-09,NORMAL
7649,0.9993040957898353,0.0006958942171238407,9.993040957898353e-09,NORMAL
7650,0.9999999800000006,9.999999800000005e-09,9.999999800000005e-09,NORMAL
7651,0.9999999800000006,9.999999800000005e-09,9.999999800000005e-09,NORMAL
7652,0.9999999800000006,9.999999800000005e-09,9.999999800000005e-09,NORMAL
7653,0.9999999800000006,9.999999800000005e-09,9.999999800000005e-09,NORMAL
7654,0.9999999800000006,9.999999800000005e-09,9.999999800000005e-09,NORMAL
7655,0.9999999800000006,9.999999800000005e-09,9.999999800000005e-09,NORMAL
7656,0.9999999800000006,9.999999800000005e-09,9.999999800000005e-09,NORMAL
7657,0.9999999800000006,9.999999800000005e-09,9.999999800000005e-09,NORMAL
7658,0.9999999800000006,9.999999800000005e-09,9.999999800000005e-09,NORMAL
7659,0.9999999800000006,9.999999800000005e-09,9.999999800000005e-09,NORMAL
7660,0.9999999800000006,9.999999800000005e-09,9.999999800000005e-09,NORMAL
7661,0.9999999800000006,9.999999800000005e-09,9.999999800000005e-09,NORMAL
7662,0.9999999800000006,9.999999800000005e-09,9.999999800000005e-09,NORMAL
7663,0.9999999800000006,9.999999800000005e-09,9.999999800000005e-09,NORMAL
7664,0.9999999800000006,9.999999800000005e-09,9.999999800000005e-09,NORMAL
7665,0.9999999800000006,9.999999800000005e-09,9.999999800000005e-09,NORMAL
7666,0.9999999800000006,9.999999800000005e-09,9.999999800000005e-09,NORMAL
7667,0.9999999800000006,9.999999800000005e-09,9.999999800000005e-09,NORMAL
7668,0.9999999800000006,9.999999800000005e-09,9.999999800000005e-09,NORMAL
7669,0.9999999800000006,9.999999800000005e-09,9.999999800000005e-09,NORMAL
7670,0.9999999800000006,9.999999800000005e-09,9.999999800000005e-09,NORMAL
7671,0.9999999800000006,9.999999800000005e-09,9.999999800000005e-09,NORMAL
7672,0.9999999800000006,9.999999800000005e-09,9.999999800000005e-09,NORMAL
7673,0.9999999800000006,9.999999800000005e-09,9.999999800000005e-09,NORMAL
7674,0.9999999800000006,9.999999800000005e-09,9.999999800000005e-09,NORMAL
7675,0.9999999800000006,9.999999800000005e-09,9.999999800000005e-09,NORMAL
7676,0.9999999800000006,9.999999800000005e-09,9.999999800000005e-09,NORMAL
7677,0.9999999800000006,9.999999800000005e-09,9.999999800000005e-09,NORMAL
7678,0.9999999800000006,9.999999800000005e-09,9.999999800000005e-09,NORMAL
7679,0.9999999800000006,9.999999800000005e-09,9.999999800000005e-09,NORMAL
7680,0.9999999800000006,9.999999800000005e-09,9.999999800000005e-09,NORMAL
7681,0.9999999800000006,9.999999800000005e-09,9.999999800000005e-09,NORMAL
7682,0.9999999800000006,9.999999800000005e-09,9.999999800000005e-09,NORMAL
7683,0.9999999800000006,9.999999800000005e-09,9.999999800000005e-09,NORMAL
7684,0.9999999800000006,9.999999800000005e-09,9.999999800000005e-09,NORMAL
7685,0.9999999800000006,9.999999800000005e-09,9.999999800000005e-09,NORMAL
7686,0.9999999800000006,9.999999800000005e-09,9.999999800000005e-09,NORMAL
7687,0.9999999800000006,9.999999800000005e-09,9.999999800000005e-09,NORMAL
7688,0.9999999800000006,9.999999800000005e-09,9.999999800000005e-09,NORMAL
7689,0.9999999800000006,9.999999800000005e-09,9.999999800000005e-09,NORMAL
7690,0.9999999800000006,9.999999800000005e-09,9.999999800000005e-09,NORMAL
7691,0.9999999800000006,9.999999800000005e-09,9.999999800000005e-09,NORMAL
7692,0.9999999800000006,9.999999800000005e-09,9.999999800000005e-09,NORMAL
7693,0.9999999800000006,9.999999800000005e-09,9.999999800000005e-09,NORMAL
7694,0.9999999800000006,9.999999800000005e-09,9.999999800000005e-09,NORMAL
7695,0.9999999800000006,9.999999800000005e-09,9.999999800000005e-09,NORMAL
7696,0.9999999800000006,9.999999800000005e-09,9.999999800000005e-09,NORMAL
7697,0.9999999800000006,9.999999800000005e-09,9.999999800000005e-09,NORMAL
7698,0.9999999800000006,9.999999800000005e-09,9.999999800000005e-09,NORMAL
7699,0.9999999800000006,9.999999800000005e-09,9.999999800000005e-09,NORMAL
7700,0.9999999800000006,9.999999800000005e-09,9.999999800000005e-09,NORMAL
7701,0.9999999800000006,9.999999800000005e-09,9.999999800000005e-09,NORMAL
7702,0.9999999800000006,9.999999800000005e-09,9.999999800000005e-09,NORMAL
7703,0.9999999800000006,9.999999800000005e-09,9.999999800000005e-09,NORMAL
7704,0.9993040957898353,0.0006958942171238407,9.993040957898353e-09,NORMAL
7705,0.9993040957898353,0.0006958942171238407,9.993040957898353e-09,NORMAL
7706,0.9993040957898353,0.0006958942171238407,9.993040957898353e-09,NORMAL
7707,0.9993040957898353,0.0006958942171238407,9.993040957898353e-09,NORMAL
7708,0.9993040957898353,0.0006958942171238407,9.993040957898353e-09,NORMAL
7709,0.9993040957898353,0.0006958942171238407,9.993040957898353e-09,NORMAL
7710,0.9993040957898353,0.0006958942171238407,9.993040957898353e-09,NORMAL
7711,0.9993040957898353,0.0006958942171238407,9.993040957898353e-09,NORMAL
7712,0.9993040957898353,0.0006958942171238407,9.993040957898353e-09,NORMAL
7713,0.9993040957898353,0.0006958942171238407,9.993040957898353e-09,NORMAL
7714,0.9993040957898353,0.0006958942171238407,9.993040957898353e-09,NORMAL
7715,0.9993040957898353,0.0006958942171238407,9.993040957898353e-09,NORMAL
7716,0.9993040957898353,0.0006958942171238407,9.993040957898353e-09,NORMAL
7717,0.9993040957898353,0.0006958942171238407,9.993040957898353e-09,NORMAL
7718,0.9993040957898353,0.0006958942171238407,9.993040957898353e-09,NORMAL
7719,0.9993040957898353,0.0006958942171238407,9.993040957898353e-09,NORMAL
7720,0.9993040957898353,0.0006958942171238407,9.993040957898353e-09,NORMAL
7721,0.9993040957898353,0.0006958942171238407,9.993040957898353e-09,NORMAL
7722,0.9999999800000006,9.999999800000005e-09,9.999999800000005e-09,NORMAL
7723,0.9999999800000006,9.999999800000005e-09,9.999999800000005e-09,NORMAL
7724,0.9999999800000006,9.999999800000005e-09,9.999999800000005e-09,NORMAL
7725,0.9999999800000006,9.999999800000005e-09,9.999999800000005e-09,NORMAL
7726,0.9999999800000006,9.999999800000005e-09,9.999999800000005e-09,NORMAL
7727,0.9999999800000006,9.999999800000005e-09,9.999999800000005e-09,NORMAL
7728,0.9999999800000006,9.999999800000005e-09,9.999999800000005e-09,NORMAL
7729,0.9999999800000006,9.999999800000005e-09,9.999999800000005e-09,NORMAL
7730,0.9999999800000006,9.999999800000005e-09,9.999999800000005e-09,NORMAL
7731,0.9999999800000006,9.999999800000005e-09,9.999999800000005e-09,NORMAL
7732,0.9999999800000006,9.999999800000005e-09,9.999999800000005e-09,NORMAL
7733,0.9999999800000006,9.999999800000005e-09,9.999999800000005e-09,NORMAL
7734,0.9999999800000006,9.999999800000005e-09,9.999999800000005e-09,NORMAL
7735,0.9999999800000006,9.999999800000005e-09,9.999999800000005e-09,NORMAL
7736,0.9999999800000006,9.999999800000005e-09,9.999999800000005e-09,NORMAL
7737,0.9999999800000006,9.999999800000005e-09,9.999999800000005e-09,NORMAL
7738,0.9999999800000006,9.999999800000005e-09,9.999999800000005e-09,NORMAL
7739,0.9999999800000006,9.999999800000005e-09,9.999999800000005e-09,NORMAL
7740,0.9999999800000006,9.999999800000005e-09,9.999999800000005e-09,NORMAL
7741,0.9999999800000006,9.999999800000005e-09,9.999999800000005e-09,NORMAL
7742,0.9999999800000006,9.999999800000005e-09,9.999999800000005e-09,NORMAL
7743,0.9999999800000006,9.999999800000005e-09,9.999999800000005e-09,NORMAL
7744,0.9999999800000006,9.999999800000005e-09,9.999999800000005e-09,NORMAL
7745,0.9999999800000006,9.999999800000005e-09,9.999999800000005e-09,NORMAL
7746,0.9999999800000006,9.999999800000005e-09,9.999999800000005e-09,NORMAL
7747,0.9999999800000006,9.999999800000005e-09,9.999999800000005e-09,NORMAL
7748,0.9999999800000006,9.999999800000005e-09,9.999999800000005e-09,NORMAL
7749,0.9999999800000006,9.999999800000005e-09,9.999999800000005e-09,NORMAL
7750,0.9999999800000006,9.999999800000005e-09,9.999999800000005e-09,NORMAL
7751,0.9999999800000006,9.999999800000005e-09,9.999999800000005e-09,NORMAL
7752,0.9999999800000006,9.999999800000005e-09,9.999999800000005e-09,NORMAL
7753,0.9999999800000006,9.999999800000005e-09,9.999999800000005e-09,NORMAL
7754,0.9999999800000006,9.999999800000005e-09,9.999999800000005e-09,NORMAL
7755,0.9999999800000006,9.999999800000005e-09,9.999999800000005e-09,NORMAL
7756,0.9999999800000006,9.999999800000005e-09,9.999999800000005e-09,NORMAL
7757,0.9999999800000006,9.999999800000005e-09,9.999999800000005e-09,NORMAL
7758,0.9993040957898353,0.0006958942171238407,9.993040957898353e-09,NORMAL
7759,0.9993040957898353,0.0006958942171238407,9.993040957898353e-09,NORMAL
7760,0.9993040957898353,0.0006958942171238407,9.993040957898353e-09,NORMAL
7761,0.9993040957898353,0.0006958942171238407,9.993040957898353e-09,NORMAL
7762,0.9993040957898353,0.0006958942171238407,9.993040957898353e-09,NORMAL
7763,0.9993040957898353,0.0006958942171238407,9.993040957898353e-09,NORMAL
7764,0.9993040957898353,0.0006958942171238407,9.993040957898353e-09,NORMAL
7765,0.9993040957898353,0.0006958942171238407,9.993040957898353e-09,NORMAL
7766,0.9993040957898353,0.0006958942171238407,9.993040957898353e-09,NORMAL
7767,0.9993040957898353,0.0006958942171238407,9.993040957898353e-09,NORMAL
7768,0.9993040957898353,0.0006958942171238407,9.993040957898353e-09,NORMAL
7769,0.9993040957898353,0.0006958942171238407,9.993040957898353e-09,NORMAL
7770,0.9993040957898353,0.0006958942171238407,9.993040957898353e-09,NORMAL
7771,0.9993040957898353,0.0006958942171238407,9.993040957898353e-09,NORMAL
7772,0.9993040957898353,0.0006958942171238407,9.993040957898353e-09,NORMAL
7773,0.9993040957898353,0.0006958942171238407,9.993040957898353e-09,NORMAL
7774,0.9993040957898353,0.0006958942171238407,9.993040957898353e-09,NORMAL
7775,0.9993040957898353,0.0006958942171238407,9.993040957898353e-09,NORMAL
7776,0.9999999800000006,9.999999800000005e-09,9.999999800000005e-09,NORMAL
7777,0.9999999800000006,9.999999800000005e-09,9.999999800000005e-09,NORMAL
7778,0.9999999800000006,9.999999800000005e-09,9.999999800000005e-09,NORMAL
7779,0.9999999800000006,9.999999800000005e-09,9.999999800000005e-09,NORMAL
7780,0.9999999800000006,9.999999800000005e-09,9.999999800000005e-09,NORMAL
7781,0.9999999800000006,9.999999800000005e-09,9.999999800000005e-09,NORMAL
7782,0.9999999800000006,9.999999800000005e-09,9.999999800000005e-09,NORMAL
7783,0.9999999800000006,9.999999800000005e-09,9.999999800000005e-09,NORMAL
7784,0.9999999800000006,9.999999800000005e-09,9.999999800000005e-09,NORMAL
7785,0.9999999800000006,9.999999800000005e-09,9.999999800000005e-09,NORMAL
7786,0.9999999800000006,9.999999800000005e-09,9.999999800000005e-09,NORMAL
7787,0.9999999800000006,9.999999800000005e-09,9.999999800000005e-09,NORMAL
7788,0.9999999800000006,9.999999800000005e-09,9.999999800000005e-09,NORMAL
7789,0.9999999800000006,9.999999800000005e-09,9.999999800000005e-09,NORMAL
7790,0.9999999800000006,9.999999800000005e-09,9.999999800000005e-09,NORMAL
7791,0.9999999800000006,9.999999800000005e-09,9.999999800000005e-09,NORMAL
7792,0.9999999800000006,9.999999800000005e-09,9.999999800000005e-09,NORMAL
7793,0.9999999800000006,9.999999800000005e-09,9.999999800000005e-09,NORMAL
7794,0.9993040957898353,0.0006958942171238407,9.993040957898353e-09,NORMAL
7795,0.9993040957898353,0.0006958942171238407,9.993040957898353e-09,NORMAL
7796,0.9993040957898353,0.0006958942171238407,9.993040957898353e-09,NORMAL
7797,0.9993040957898353,0.0006958942171238407,9.993040957898353e-09,NORMAL
7798,0.9993040957898353,0.0006958942171238407,9.993040957898353e-09,NORMAL
7799,0.9993040957898353,0.0006958942171238407,9.993040957898353e-09,NORMAL
7800,0.9993040957898353,0.0006958942171238407,9.993040957898353e-09,NORMAL
7801,0.9993040957898353,0.0006958942171238407,9.993040957898353e-09,NORMAL
7802,0.9993040957898353,0.0006958942171238407,9.993040957898353e-09,NORMAL
7803,0.9993040957898353,0.0006958942171238407,9.993040957898353e-09,NORMAL
7804,0.9993040957898353,0.0006958942171238407,9.993040957898353e-09,NORMAL
7805,0.9993040957898353,0.0006958942171238407,9.993040957898353e-09,NORMAL
7806,0.9993040957898353,0.0006958942171238407,9.993040957898353e-09,NORMAL
7807,0.9993040957898353,0.0006958942171238407,9.993040957898353e-09,NORMAL
7808,0.9993040957898353,0.0006958942171238407,9.993040957898353e-09,NORMAL
7809,0.9993040957898353,0.0006958942171238407,9.993040957898353e-09,NORMAL
7810,0.9993040957898353,0.0006958942171238407,9.993040957898353e-09,NORMAL
7811,0.9993040957898353,0.0006958942171238407,9.993040957898353e-09,NORMAL
7812,0.9999999800000006,9.999999800000005e-09,9.999999800000005e-09,NORMAL
7813,0.9999999800000006,9.999999800000005e-09,9.999999800000005e-09,NORMAL
7814,0.9999999800000006,9.999999800000005e-09,9.999999800000005e-09,NORMAL
7815,0.9999999800000006,9.999999800000005e-09,9.999999800000005e-09,NORMAL
7816,0.9999999800000006,9.999999800000005e-09,9.999999800000005e-09,NORMAL
7817,0.9999999800000006,9.999999800000005e-09,9.999999800000005e-09,NORMAL
7818,0.9999999800000006,9.999999800000005e-09,9.999999800000005e-09,NORMAL
7819,0.9999999800000006,9.999999800000005e-09,9.999999800000005e-09,NORMAL
7820,0.9999999800000006,9.999999800000005e-09,9.999999800000005e-09,NORMAL
7821,0.9999999800000006,9.999999800000005e-09,9.999999800000005e-09,NORMAL
7822,0.9999999800000006,9.999999800000005e-09,9.999999800000005e-09,NORMAL
7823,0.9999999800000006,9.999999800000005e-09,9.999999800000005e-09,NORMAL
7824,0.9999999800000006,9.999999800000005e-09,9.999999800000005e-09,NORMAL
7825,0.9999999800000006,9.999999800000005e-09,9.999999800000005e-09,NORMAL
7826,0.9999999800000006,9.999999800000005e-09,9.999999800000005e-09,NORMAL
7827,0.9999999800000006,9.999999800000005e-09,9.999999800000005e-09,NORMAL
7828,0.9999999800000006,9.999999800000005e-09,9.999999800000005e-09,NORMAL
7829,0.9999999800000006,9.999999800000005e-09,9.999999800000005e-09,NORMAL
7830,0.9999999800000006,9.999999800000005e-09,9.999999800000005e-09,NORMAL
7831,0.9999999800000006,9.999999800000005e-09,9.999999800000005e-09,NORMAL
7832,0.9999999800000006,9.999999800000005e-09,9.999999800000005e-09,NORMAL
7833,0.9999999800000006,9.999999800000005e-09,9.999999800000005e-09,NORMAL
7834,0.9999999800000006,9.999999800000005e-09,9.999999800000005e-09,NORMAL
7835,0.9999999800000006,9.999999800000005e-09,9.999999800000005e-09,NORMAL
7836,0.9999999800000006,9.999999800000005e-09,9.999999800000005e-09,NORMAL
7837,0.9999999800000006,9.999999800000005e-09,9.999999800000005e-09,NORMAL
7838,0.9999999800000006,9.999999800000005e-09,9.999999800000005e-09,NORMAL
7839,0.9999999800000006,9.999999800000005e-09,9.999999800000005e-09,NORMAL
7840,0.9999999800000006,9.999999800000005e-09,9.999999800000005e-09,NORMAL
7841,0.9999999800000006,9.999999800000005e-09,9.999999800000005e-09,NORMAL
7842,0.9999999800000006,9.999999800000005e-09,9.999999800000005e-09,NORMAL
7843,0.9999999800000006,9.999999800000005e-09,9.999999800000005e-09,NORMAL
7844,0.9999999800000006,9.999999800000005e-09,9.999999800000005e-09,NORMAL
7845,0.9999999800000006,9.999999800000005e-09,9.999999800000005e-09,NORMAL
7846,0.9999999800000006,9.999999800000005e-09,9.999999800000005e-09,NORMAL
7847,0.9999999800000006,9.999999800000005e-09,9.999999800000005e-09,NORMAL
7848,0.9999999800000006,9.999999800000005e-09,9.999999800000005e-09,NORMAL
7849,0.9999999800000006,9.999999800000005e-09,9.999999800000005e-09,NORMAL
7850,0.9999999800000006,9.999999800000005e-09,9.999999800000005e-09,NORMAL
7851,0.9999999800000006,9.999999800000005e-09,9.999999800000005e-09,NORMAL
7852,0.9999999800000006,9.999999800000005e-09,9.999999800000005e-09,NORMAL
7853,0.9999999800000006,9.999999800000005e-09,9.999999800000005e-09,NORMAL
7854,0.9999999800000006,9.999999800000005e-09,9.999999800000005e-09,NORMAL
7855,0.9999999800000006,9.999999800000005e-09,9.999999800000005e-09,NORMAL
7856,0.9999999800000006,9.999999800000005e-09,9.999999800000005e-09,NORMAL
7857,0.9999999800000006,9.999999800000005e-09,9.999999800000005e-09,NORMAL
7858,0.9999999800000006,9.999999800000005e-09,9.999999800000005e-09,NORMAL
7859,0.9999999800000006,9.999999800000005e-09,9.999999800000005e-09,NORMAL
7860,0.9999999800000006,9.999999800000005e-09,9.999999800000005e-09,NORMAL
7861,0.9999999800000006,9.999999800000005e-09,9.999999800000005e-09,NORMAL
7862,0.9999999800000006,9.999999800000005e-09,9.999999800000005e-09,NORMAL
7863,0.9999999800000006,9.999999800000005e-09,9.999999800000005e-09,NORMAL
7864,0.9999999800000006,9.999999800000005e-09,9.999999800000005e-09,NORMAL
7865,0.9999999800000006,9.999999800000005e-09,9.999999800000005e-09,NORMAL
7866,0.9999999800000006,9.999999800000005e-09,9.999999800000005e-09,NORMAL
7867,0.9999999800000006,9.999999800000005e-09,9.999999800000005e-09,NORMAL
7868,0.9999999800000006,9.999999800000005e-09,9.999999800000005e-09,NORMAL
7869,0.9999999800000006,9.999999800000005e-09,9.999999800000005e-09,NORMAL
7870,0.9999999800000006,9.999999800000005e-09,9.999999800000005e-09,NORMAL
7871,0.9999999800000006,9.999999800000005e-09,9.999999800000005e-09,NORMAL
7872,0.9999999800000006,9.999999800000005e-09,9.999999800000005e-09,NORMAL
7873,0.9999999800000006,9.999999800000005e-09,9.999999800000005e-09,NORMAL
7874,0.9999999800000006,9.999999800000005e-09,9.999999800000005e-09,NORMAL
7875,0.9999999800000006,9.999999800000005e-09,9.999999800000005e-09,NORMAL
7876,0.9999999800000006,9.999999800000005e-09,9.999999800000005e-09,NORMAL
7877,0.9999999800000006,9.999999800000005e-09,9.999999800000005e-09,NORMAL
7878,0.9999999800000006,9.999999800000005e-09,9.999999800000005e-09,NORMAL
7879,0.9999999800000006,9.999999800000005e-09,9.999999800000005e-09,NORMAL
7880,0.9999999800000006,9.999999800000005e-09,9.999999800000005e-09,NORMAL
7881,0.9999999800000006,9.999999800000005e-09,9.999999800000005e-09,NORMAL
7882,0.9999999800000006,9.999999800000005e-09,9.999999800000005e-09,NORMAL
7883,0.9999999800000006,9.999999800000005e-09,9.999999800000005e-09,NORMAL
7884,0.9999999800000006,9.999999800000005e-09,9.999999800000005e-09,NORMAL
7885,0.9999999800000006,9.999999800000005e-09,9.999999800000005e-09,NORMAL
7886,0.9999999800000006,9.999999800000005e-09,9.999999800000005e-09,NORMAL
7887,0.9999999800000006,9.999999800000005e-09,9.999999800000005e-09,NORMAL
7888,0.9999999800000006,9.999999800000005e-09,9.999999800000005e-09,NORMAL
7889,0.9999999800000006,9.999999800000005e-09,9.999999800000005e-09,NORMAL
7890,0.9999999800000006,9.999999800000005e-09,9.999999800000005e-09,NORMAL
7891,0.9999999800000006,9.999999800000005e-09,9.999999800000005e-09,NORMAL
7892,0.9999999800000006,9.999999800000005e-09,9.999999800000005e-09,NORMAL
7893,0.9999999800000006,9.999999800000005e-09,9.999999800000005e-09,NORMAL
7894,0.9999999800000006,9.999999800000005e-09,9.999999800000005e-09,NORMAL
7895,0.9999999800000006,9.999999800000005e-09,9.999999800000005e-09,NORMAL
7896,0.9999999800000006,9.999999800000005e-09,9.999999800000005e-09,NORMAL
7897,0.9999999800000006,9.999999800000005e-09,9.999999800000005e-09,NORMAL
7898,0.9999999800000006,9.999999800000005e-09,9.999999800000005e-09,NORMAL
7899,0.9999999800000006,9.999999800000005e-09,9.999999800000005e-09,NORMAL
7900,0.9999999800000006,9.999999800000005e-09,9.999999800000005e-09,NORMAL
7901,0.9999999800000006,9.999999800000005e-09,9.999999800000005e-09,NORMAL
7902,0.9999999800000006,9.999999800000005e-09,9.999999800000005e-09,NORMAL
7903,0.9999999800000006,9.999999800000005e-09,9.999999800000005e-09,NORMAL
7904,0.9999999800000006,9.999999800000005e-09,9.999999800000005e-09,NORMAL
7905,0.9999999800000006,9.999999800000005e-09,9.999999800000005e-09,NORMAL
7906,0.9999999800000006,9.999999800000005e-09,9.999999800000005e-09,NORMAL
7907,0.9999999800000006,9.999999800000005e-09,9.999999800000005e-09,NORMAL
7908,0.9999999800000006,9.999999800000005e-09,9.999999800000005e-09,NORMAL
7909,0.9999999800000006,9.999999800000005e-09,9.999999800000005e-09,NORMAL
7910,0.9999999800000006,9.999999800000005e-09,9.999999800000005e-09,NORMAL
7911,0.9999999800000006,9.999999800000005e-09,9.999999800000005e-09,NORMAL
7912,0.9999999800000006,9.999999800000005e-09,9.999999800000005e-09,NORMAL
7913,0.9999999800000006,9.999999800000005e-09,9.999999800000005e-09,NORMAL
7914,0.9999999800000006,9.999999800000005e-09,9.999999800000005e-09,NORMAL
7915,0.9999999800000006,9.999999800000005e-09,9.999999800000005e-09,NORMAL
7916,0.9999999800000006,9.999999800000005e-09,9.999999800000005e-09,NORMAL
7917,0.9999999800000006,9.999999800000005e-09,9.999999800000005e-09,NORMAL
7918,0.9999999800000006,9.999999800000005e-09,9.999999800000005e-09,NORMAL
7919,0.9999999800000006,9.999999800000005e-09,9.999999800000005e-09,NORMAL
7920,0.9993040957898353,0.0006958942171238407,9.993040957898353e-09,NORMAL
7921,0.9993040957898353,0.0006958942171238407,9.993040957898353e-09,NORMAL
7922,0.9993040957898353,0.0006958942171238407,9.993040957898353e-09,NORMAL
7923,0.9993040957898353,0.0006958942171238407,9.993040957898353e-09,NORMAL
7924,0.9993040957898353,0.0006958942171238407,9.993040957898353e-09,NORMAL
7925,0.9993040957898353,0.0006958942171238407,9.993040957898353e-09,NORMAL
7926,0.9993040957898353,0.0006958942171238407,9.993040957898353e-09,NORMAL
7927,0.9993040957898353,0.0006958942171238407,9.993040957898353e-09,NORMAL
7928,0.9993040957898353,0.0006958942171238407,9.993040957898353e-09,NORMAL
7929,0.9993040957898353,0.0006958942171238407,9.993040957898353e-09,NORMAL
7930,0.9993040957898353,0.0006958942171238407,9.993040957898353e-09,NORMAL
7931,0.9993040957898353,0.0006958942171238407,9.993040957898353e-09,NORMAL
7932,0.9993040957898353,0.0006958942171238407,9.993040957898353e-09,NORMAL
7933,0.9993040957898353,0.0006958942171238407,9.993040957898353e-09,NORMAL
7934,0.9993040957898353,0.0006958942171238407,9.993040957898353e-09,NORMAL
7935,0.9993040957898353,0.0006958942171238407,9.993040957898353e-09,NORMAL
7936,0.9993040957898353,0.0006958942171238407,9.993040957898353e-09,NORMAL
7937,0.9993040957898353,0.0006958942171238407,9.993040957898353e-09,NORMAL
7938,0.9999999800000006,9.999999800000005e-09,9.999999800000005e-09,NORMAL
7939,0.9999999800000006,9.999999800000005e-09,9.999999800000005e-09,NORMAL
7940,0.9999999800000006,9.999999800000005e-09,9.999999800000005e-09,NORMAL
7941,0.9999999800000006,9.999999800000005e-09,9.999999800000005e-09,NORMAL
7942,0.9999999800000006,9.999999800000005e-09,9.999999800000005e-09,NORMAL
7943,0.9999999800000006,9.999999800000005e-09,9.999999800000005e-09,NORMAL
7944,0.9999999800000006,9.999999800000005e-09,9.999999800000005e-09,NORMAL
7945,0.9999999800000006,9.999999800000005e-09,9.999999800000005e-09,NORMAL
7946,0.9999999800000006,9.999999800000005e-09,9.999999800000005e-09,NORMAL
7947,0.9999999800000006,9.999999800000005e-09,9.999999800000005e-09,NORMAL
7948,0.9999999800000006,9.999999800000005e-09,9.999999800000005e-09,NORMAL
7949,0.9999999800000006,9.999999800000005e-09,9.999999800000005e-09,NORMAL
7950,0.9999999800000006,9.999999800000005e-09,9.999999800000005e-09,NORMAL
7951,0.9999999800000006,9.999999800000005e-09,9.999999800000005e-09,NORMAL
7952,0.9999999800000006,9.999999800000005e-09,9.999999800000005e-09,NORMAL
7953,0.9999999800000006,9.999999800000005e-09,9.999999800000005e-09,NORMAL
7954,0.9999999800000006,9.999999800000005e-09,9.999999800000005e-09,NORMAL
7955,0.9999999800000006,9.999999800000005e-09,9.999999800000005e-09,NORMAL
7956,0.9999999800000006,9.999999800000005e-09,9.999999800000005e-09,NORMAL
7957,0.9999999800000006,9.999999800000005e-09,9.999999800000005e-09,NORMAL
7958,0.9999999800000006,9.999999800000005e-09,9.999999800000005e-09,NORMAL
7959,0.9999999800000006,9.999999800000005e-09,9.999999800000005e-09,NORMAL
7960,0.9999999800000006,9.999999800000005e-09,9.999999800000005e-09,NORMAL
7961,0.9999999800000006,9.999999800000005e-09,9.999999800000005e-09,NORMAL
7962,0.9999999800000006,9.999999800000005e-09,9.999999800000005e-09,NORMAL
7963,0.9999999800000006,9.999999800000005e-09,9.999999800000005e-09,NORMAL
7964,0.9999999800000006,9.999999800000005e-09,9.999999800000005e-09,NORMAL
7965,0.9999999800000006,9.999999800000005e-09,9.999999800000005e-09,NORMAL
7966,0.9999999800000006,9.999999800000005e-09,9.999999800000005e-09,NORMAL
7967,0.9999999800000006,9.999999800000005e-09,9.999999800000005e-09,NORMAL
7968,0.9999999800000006,9.999999800000005e-09,9.999999800000005e-09,NORMAL
7969,0.9999999800000006,9.999999800000005e-09,9.999999800000005e-09,NORMAL
7970,0.9999999800000006,9.999999800000005e-09,9.999999800000005e-09,NORMAL
7971,0.9999999800000006,9.999999800000005e-09,9.999999800000005e-09,NORMAL
7972,0.9999999800000006,9.999999800000005e-09,9.999999800000005e-09,NORMAL
7973,0.9999999800000006,9.999999800000005e-09,9.999999800000005e-09,NORMAL
7974,0.9999999800000006,9.999999800000005e-09,9.999999800000005e-09,NORMAL
7975,0.9999999800000006,9.999999800000005e-09,9.999999800000005e-09,NORMAL
7976,0.9999999800000006,9.999999800000005e-09,9.999999800000005e-09,NORMAL
7977,0.9999999800000006,9.999999800000005e-09,9.999999800000005e-09,NORMAL
7978,0.9999999800000006,9.999999800000005e-09,9.999999800000005e-09,NORMAL
7979,0.9999999800000006,9.999999800000005e-09,9.999999800000005e-09,NORMAL
7980,0.9999999800000006,9.999999800000005e-09,9.999999800000005e-09,NORMAL
7981,0.9999999800000006,9.999999800000005e-09,9.999999800000005e-09,NORMAL
7982,0.9999999800000006,9.999999800000005e-09,9.999999800000005e-09,NORMAL
7983,0.9999999800000006,9.999999800000005e-09,9.999999800000005e-09,NORMAL
7984,0.9999999800000006,9.999999800000005e-09,9.999999800000005e-09,NORMAL
7985,0.9999999800000006,9.999999800000005e-09,9.999999800000005e-09,NORMAL
7986,0.9999999800000006,9.999999800000005e-09,9.999999800000005e-09,NORMAL
7987,0.9999999800000006,9.999999800000005e-09,9.999999800000005e-09,NORMAL
7988,0.9999999800000006,9.999999800000005e-09,9.999999800000005e-09,NORMAL
7989,0.9999999800000006,9.999999800000005e-09,9.999999800000005e-09,NORMAL
7990,0.9999999800000006,9.999999800000005e-09,9.999999800000005e-09,NORMAL
7991,0.9999999800000006,9.999999800000005e-09,9.999999800000005e-09,NORMAL
7992,0.9999999800000006,9.999999800000005e-09,9.999999800000005e-09,NORMAL
7993,0.9999999800000006,9.999999800000005e-09,9.999999800000005e-09,NORMAL
7994,0.9999999800000006,9.999999800000005e-09,9.999999800000005e-09,NORMAL
7995,0.9999999800000006,9.999999800000005e-09,9.999999800000005e-09,NORMAL
7996,0.9999999800000006,9.999999800000005e-09,9.999999800000005e-09,NORMAL
7997,0.9999999800000006,9.999999800000005e-09,9.999999800000005e-09,NORMAL
7998,0.9999999800000006,9.999999800000005e-09,9.999999800000005e-09,NORMAL
7999,0.9999999800000006,9.999999800000005e-09,9.999999800000005e-09,NORMAL
8000,0.9999999800000006,9.999999800000005e-09,9.999999800000005e-09,NORMAL
8001,0.9999999800000006,9.999999800000005e-09,9.999999800000005e-09,NORMAL
8002,0.9999999800000006,9.999999800000005e-09,9.999999800000005e-09,NORMAL
8003,0.9999999800000006,9.999999800000005e-09,9.999999800000005e-09,NORMAL
8004,0.9999999800000006,9.999999800000005e-09,9.999999800000005e-09,NORMAL
8005,0.9999999800000006,9.999999800000005e-09,9.999999800000005e-09,NORMAL
8006,0.9999999800000006,9.999999800000005e-09,9.999999800000005e-09,NORMAL
8007,0.9999999800000006,9.999999800000005e-09,9.999999800000005e-09,NORMAL
8008,0.9999999800000006,9.999999800000005e-09,9.999999800000005e-09,NORMAL
8009,0.9999999800000006,9.999999800000005e-09,9.999999800000005e-09,NORMAL
8010,0.9999999800000006,9.999999800000005e-09,9.999999800000005e-09,NORMAL
8011,0.9999999800000006,9.999999800000005e-09,9.999999800000005e-09,NORMAL
8012,0.9999999800000006,9.999999800000005e-09,9.999999800000005e-09,NORMAL
8013,0.9999999800000006,9.999999800000005e-09,9.999999800000005e-09,NORMAL
8014,0.9999999800000006,9.999999800000005e-09,9.999999800000005e-09,NORMAL
8015,0.9999999800000006,9.999999800000005e-09,9.999999800000005e-09,NORMAL
8016,0.9999999800000006,9.999999800000005e-09,9.999999800000005e-09,NORMAL
8017,0.9999999800000006,9.999999800000005e-09,9.999999800000005e-09,NORMAL
8018,0.9999999800000006,9.999999800000005e-09,9.999999800000005e-09,NORMAL
8019,0.9999999800000006,9.999999800000005e-09,9.999999800000005e-09,NORMAL
8020,0.9999999800000006,9.999999800000005e-09,9.999999800000005e-09,NORMAL
8021,0.9999999800000006,9.999999800000005e-09,9.999999800000005e-09,NORMAL
8022,0.9999999800000006,9.999999800000005e-09,9.999999800000005e-09,NORMAL
8023,0.9999999800000006,9.999999800000005e-09,9.999999800000005e-09,NORMAL
8024,0.9999999800000006,9.999999800000005e-09,9.999999800000005e-09,NORMAL
8025,0.9999999800000006,9.999999800000005e-09,9.999999800000005e-09,NORMAL
8026,0.9999999800000006,9.999999800000005e-09,9.999999800000005e-09,NORMAL
8027,0.9999999800000006,9.999999800000005e-09,9.999999800000005e-09,NORMAL
8028,0.9999999800000006,9.999999800000005e-09,9.999999800000005e-09,NORMAL
8029,0.9999999800000006,9.999999800000005e-09,9.999999800000005e-09,NORMAL
8030,0.9999999800000006,9.999999800000005e-09,9.999999800000005e-09,NORMAL
8031,0.9999999800000006,9.999999800000005e-09,9.999999800000005e-09,NORMAL
8032,0.9999999800000006,9.999999800000005e-09,9.999999800000005e-09,NORMAL
8033,0.9999999800000006,9.999999800000005e-09,9.999999800000005e-09,NORMAL
8034,0.9999999800000006,9.999999800000005e-09,9.999999800000005e-09,NORMAL
8035,0.9999999800000006,9.999999800000005e-09,9.999999800000005e-09,NORMAL
8036,0.9999999800000006,9.999999800000005e-09,9.999999800000005e-09,NORMAL
8037,0.9999999800000006,9.999999800000005e-09,9.999999800000005e-09,NORMAL
8038,0.9999999800000006,9.999999800000005e-09,9.999999800000005e-09,NORMAL
8039,0.9999999800000006,9.999999800000005e-09,9.999999800000005e-09,NORMAL
8040,0.9999999800000006,9.999999800000005e-09,9.999999800000005e-09,NORMAL
8041,0.9999999800000006,9.999999800000005e-09,9.999999800000005e-09,NORMAL
8042,0.9999999800000006,9.999999800000005e-09,9.999999800000005e-09,NORMAL
8043,0.9999999800000006,9.999999800000005e-09,9.999999800000005e-09,NORMAL
8044,0.9999999800000006,9.999999800000005e-09,9.999999800000005e-09,NORMAL
8045,0.9999999800000006,9.999999800000005e-09,9.999999800000005e-09,NORMAL
8046,0.9993040957898353,0.0006958942171238407,9.993040957898353e-09,NORMAL
8047,0.9993040957898353,0.0006958942171238407,9.993040957898353e-09,NORMAL
8048,0.9993040957898353,0.0006958942171238407,9.993040957898353e-09,NORMAL
8049,0.9993040957898353,0.0006958942171238407,9.993040957898353e-09,NORMAL
8050,0.9993040957898353,0.0006958942171238407,9.993040957898353e-09,NORMAL
8051,0.9993040957898353,0.0006958942171238407,9.993040957898353e-09,NORMAL
8052,0.9993040957898353,0.0006958942171238407,9.993040957898353e-09,NORMAL
8053,0.9993040957898353,0.0006958942171238407,9.993040957898353e-09,NORMAL
8054,0.9993040957898353,0.0006958942171238407,9.993040957898353e-09,NORMAL
8055,0.9993040957898353,0.0006958942171238407,9.993040957898353e-09,NORMAL
8056,0.9993040957898353,0.0006958942171238407,9.993040957898353e-09,NORMAL
8057,0.9993040957898353,0.0006958942171238407,9.993040957898353e-09,NORMAL
8058,0.9993040957898353,0.0006958942171238407,9.993040957898353e-09,NORMAL
8059,0.9993040957898353,0.0006958942171238407,9.993040957898353e-09,NORMAL
8060,0.9993040957898353,0.0006958942171238407,9.993040957898353e-09,NORMAL
8061,0.9993040957898353,0.0006958942171238407,9.993040957898353e-09,NORMAL
8062,0.9993040957898353,0.0006958942171238407,9.993040957898353e-09,NORMAL
8063,0.9993040957898353,0.0006958942171238407,9.993040957898353e-09,NORMAL
8064,0.9999999800000006,9.999999800000005e-09,9.999999800000005e-09,NORMAL
8065,0.9999999800000006,9.999999800000005e-09,9.999999800000005e-09,NORMAL
8066,0.9999999800000006,9.999999800000005e-09,9.999999800000005e-09,NORMAL
8067,0.9999999800000006,9.999999800000005e-09,9.999999800000005e-09,NORMAL
8068,0.9999999800000006,9.999999800000005e-09,9.999999800000005e-09,NORMAL
8069,0.9999999800000006,9.999999800000005e-09,9.999999800000005e-09,NORMAL
8070,0.9999999800000006,9.999999800000005e-09,9.999999800000005e-09,NORMAL
8071,0.9999999800000006,9.999999800000005e-09,9.999999800000005e-09,NORMAL
8072,0.9999999800000006,9.999999800000005e-09,9.999999800000005e-09,NORMAL
8073,0.9999999800000006,9.999999800000005e-09,9.999999800000005e-09,NORMAL
8074,0.9999999800000006,9.999999800000005e-09,9.999999800000005e-09,NORMAL
8075,0.9999999800000006,9.999999800000005e-09,9.999999800000005e-09,NORMAL
8076,0.9999999800000006,9.999999800000005e-09,9.999999800000005e-09,NORMAL
8077,0.9999999800000006,9.999999800000005e-09,9.999999800000005e-09,NORMAL
8078,0.9999999800000006,9.999999800000005e-09,9.999999800000005e-09,NORMAL
8079,0.9999999800000006,9.999999800000005e-09,9.999999800000005e-09,NORMAL
8080,0.9999999800000006,9.999999800000005e-09,9.999999800000005e-09,NORMAL
8081,0.9999999800000006,9.999999800000005e-09,9.999999800000005e-09,NORMAL
8082,0.9999999800000006,9.999999800000005e-09,9.999999800000005e-09,NORMAL
8083,0.9999999800000006,9.999999800000005e-09,9.999999800000005e-09,NORMAL
8084,0.9999999800000006,9.999999800000005e-09,9.999999800000005e-09,NORMAL
8085,0.9999999800000006,9.999999800000005e-09,9.999999800000005e-09,NORMAL
8086,0.9999999800000006,9.999999800000005e-09,9.999999800000005e-09,NORMAL
8087,0.9999999800000006,9.999999800000005e-09,9.999999800000005e-09,NORMAL
8088,0.9999999800000006,9.999999800000005e-09,9.999999800000005e-09,NORMAL
8089,0.9999999800000006,9.999999800000005e-09,9.999999800000005e-09,NORMAL
8090,0.9999999800000006,9.999999800000005e-09,9.999999800000005e-09,NORMAL
8091,0.9999999800000006,9.999999800000005e-09,9.999999800000005e-09,NORMAL
8092,0.9999999800000006,9.999999800000005e-09,9.999999800000005e-09,NORMAL
8093,0.9999999800000006,9.999999800000005e-09,9.999999800000005e-09,NORMAL
8094,0.9999999800000006,9.999999800000005e-09,9.999999800000005e-09,NORMAL
8095,0.9999999800000006,9.999999800000005e-09,9.999999800000005e-09,NORMAL
8096,0.9999999800000006,9.999999800000005e-09,9.999999800000005e-09,NORMAL
8097,0.9999999800000006,9.999999800000005e-09,9.999999800000005e-09,NORMAL
8098,0.9999999800000006,9.999999800000005e-09,9.999999800000005e-09,NORMAL
8099,0.9999999800000006,9.999999800000005e-09,9.999999800000005e-09,NORMAL
8100,0.9999999800000006,9.999999800000005e-09,9.999999800000005e-09,NORMAL
8101,0.9999999800000006,9.999999800000005e-09,9.999999800000005e-09,NORMAL
8102,0.9999999800000006,9.999999800000005e-09,9.999999800000005e-09,NORMAL
8103,0.9999999800000006,9.999999800000005e-09,9.999999800000005e-09,NORMAL
8104,0.9999999800000006,9.999999800000005e-09,9.999999800000005e-09,NORMAL
8105,0.9999999800000006,9.999999800000005e-09,9.999999800000005e-09,NORMAL
8106,0.9999999800000006,9.999999800000005e-09,9.999999800000005e-09,NORMAL
8107,0.9999999800000006,9.999999800000005e-09,9.999999800000005e-09,NORMAL
8108,0.9999999800000006,9.999999800000005e-09,9.999999800000005e-09,NORMAL
8109,0.9999999800000006,9.999999800000005e-09,9.999999800000005e-09,NORMAL
8110,0.9999999800000006,9.999999800000005e-09,9.999999800000005e-09,NORMAL
8111,0.9999999800000006,9.999999800000005e-09,9.999999800000005e-09,NORMAL
8112,0.9999999800000006,9.999999800000005e-09,9.999999800000005e-09,NORMAL
8113,0.9999999800000006,9.999999800000005e-09,9.999999800000005e-09,NORMAL
8114,0.9999999800000006,9.999999800000005e-09,9.999999800000005e-09,NORMAL
8115,0.9999999800000006,9.999999800000005e-09,9.999999800000005e-09,NORMAL
8116,0.9999999800000006,9.999999800000005e-09,9.999999800000005e-09,NORMAL
8117,0.9999999800000006,9.999999800000005e-09,9.999999800000005e-09,NORMAL
8118,0.9993040957898353,0.0006958942171238407,9.993040957898353e-09,NORMAL
8119,0.9993040957898353,0.0006958942171238407,9.993040957898353e-09,NORMAL
8120,0.9993040957898353,0.0006958942171238407,9.993040957898353e-09,NORMAL
8121,0.9993040957898353,0.0006958942171238407,9.993040957898353e-09,NORMAL
8122,0.9993040957898353,0.0006958942171238407,9.993040957898353e-09,NORMAL
8123,0.9993040957898353,0.0006958942171238407,9.993040957898353e-09,NORMAL
8124,0.9993040957898353,0.0006958942171238407,9.993040957898353e-09,NORMAL
8125,0.9993040957898353,0.0006958942171238407,9.993040957898353e-09,NORMAL
8126,0.9993040957898353,0.0006958942171238407,9.993040957898353e-09,NORMAL
8127,0.9993040957898353,0.0006958942171238407,9.993040957898353e-09,NORMAL
8128,0.9993040957898353,0.0006958942171238407,9.993040957898353e-09,NORMAL
8129,0.9993040957898353,0.0006958942171238407,9.993040957898353e-09,NORMAL
8130,0.9993040957898353,0.0006958942171238407,9.993040957898353e-09,NORMAL
8131,0.9993040957898353,0.0006958942171238407,9.993040957898353e-09,NORMAL
8132,0.9993040957898353,0.0006958942171238407,9.993040957898353e-09,NORMAL
8133,0.9993040957898353,0.0006958942171238407,9.993040957898353e-09,NORMAL
8134,0.9993040957898353,0.0006958942171238407,9.993040957898353e-09,NORMAL
8135,0.9993040957898353,0.0006958942171238407,9.993040957898353e-09,NORMAL
8136,0.9999999800000006,9.999999800000005e-09,9.999999800000005e-09,NORMAL
8137,0.9999999800000006,9.999999800000005e-09,9.999999800000005e-09,NORMAL
8138,0.9999999800000006,9.999999800000005e-09,9.999999800000005e-09,NORMAL
8139,0.9999999800000006,9.999999800000005e-09,9.999999800000005e-09,NORMAL
8140,0.9999999800000006,9.999999800000005e-09,9.999999800000005e-09,NORMAL
8141,0.9999999800000006,9.999999800000005e-09,9.999999800000005e-09,NORMAL
8142,0.9999999800000006,9.999999800000005e-09,9.999999800000005e-09,NORMAL
8143,0.9999999800000006,9.999999800000005e-09,9.999999800000005e-09,NORMAL
8144,0.9999999800000006,9.999999800000005e-09,9.999999800000005e-09,NORMAL
8145,0.9999999800000006,9.999999800000005e-09,9.999999800000005e-09,NORMAL
8146,0.9999999800000006,9.999999800000005e-09,9.999999800000005e-09,NORMAL
8147,0.9999999800000006,9.999999800000005e-09,9.999999800000005e-09,NORMAL
8148,0.9999999800000006,9.999999800000005e-09,9.999999800000005e-09,NORMAL
8149,0.9999999800000006,9.999999800000005e-09,9.999999800000005e-09,NORMAL
8150,0.9999999800000006,9.999999800000005e-09,9.999999800000005e-09,NORMAL
8151,0.9999999800000006,9.999999800000005e-09,9.999999800000005e-09,NORMAL
8152,0.9999999800000006,9.999999800000005e-09,9.999999800000005e-09,NORMAL
8153,0.9999999800000006,9.999999800000005e-09,9.999999800000005e-09,NORMAL
8154,0.9999999800000006,9.999999800000005e-09,9.999999800000005e-09,NORMAL
8155,0.9999999800000006,9.999999800000005e-09,9.999999800000005e-09,NORMAL
8156,0.9999999800000006,9.999999800000005e-09,9.999999800000005e-09,NORMAL
8157,0.9999999800000006,9.999999800000005e-09,9.999999800000005e-09,NORMAL
8158,0.9999999800000006,9.999999800000005e-09,9.999999800000005e-09,NORMAL
8159,0.9999999800000006,9.999999800000005e-09,9.999999800000005e-09,NORMAL
8160,0.9999999800000006,9.999999800000005e-09,9.999999800000005e-09,NORMAL
8161,0.9999999800000006,9.999999800000005e-09,9.999999800000005e-09,NORMAL
8162,0.9999999800000006,9.999999800000005e-09,9.999999800000005e-09,NORMAL
8163,0.9999999800000006,9.999999800000005e-09,9.999999800000005e-09,NORMAL
8164,0.9999999800000006,9.999999800000005e-09,9.999999800000005e-09,NORMAL
8165,0.9999999800000006,9.999999800000005e-09,9.999999800000005e-09,NORMAL
8166,0.9999999800000006,9.999999800000005e-09,9.999999800000005e-09,NORMAL
8167,0.9999999800000006,9.999999800000005e-09,9.999999800000005e-09,NORMAL
8168,0.9999999800000006,9.999999800000005e-09,9.999999800000005e-09,NORMAL
8169,0.9999999800000006,9.999999800000005e-09,9.999999800000005e-09,NORMAL
8170,0.9999999800000006,9.999999800000005e-09,9.999999800000005e-09,NORMAL
8171,0.9999999800000006,9.999999800000005e-09,9.999999800000005e-09,NORMAL
8172,0.9999999800000006,9.999999800000005e-09,9.999999800000005e-09,NORMAL
8173,0.9999999800000006,9.999999800000005e-09,9.999999800000005e-09,NORMAL
8174,0.9999999800000006,9.999999800000005e-09,9.999999800000005e-09,NORMAL
8175,0.9999999800000006,9.999999800000005e-09,9.999999800000005e-09,NORMAL
8176,0.9999999800000006,9.999999800000005e-09,9.999999800000005e-09,NORMAL
8177,0.9999999800000006,9.999999800000005e-09,9.999999800000005e-09,NORMAL
8178,0.9999999800000006,9.999999800000005e-09,9.999999800000005e-09,NORMAL
8179,0.9999999800000006,9.999999800000005e-09,9.999999800000005e-09,NORMAL
8180,0.9999999800000006,9.999999800000005e-09,9.999999800000005e-09,NORMAL
8181,0.9999999800000006,9.999999800000005e-09,9.999999800000005e-09,NORMAL
8182,0.9999999800000006,9.999999800000005e-09,9.999999800000005e-09,NORMAL
8183,0.9999999800000006,9.999999800000005e-09,9.999999800000005e-09,NORMAL
8184,0.9999999800000006,9.999999800000005e-09,9.999999800000005e-09,NORMAL
8185,0.9999999800000006,9.999999800000005e-09,9.999999800000005e-09,NORMAL
8186,0.9999999800000006,9.999999800000005e-09,9.999999800000005e-09,NORMAL
8187,0.9999999800000006,9.999999800000005e-09,9.999999800000005e-09,NORMAL
8188,0.9999999800000006,9.999999800000005e-09,9.999999800000005e-09,NORMAL
8189,0.9999999800000006,9.999999800000005e-09,9.999999800000005e-09,NORMAL
8190,0.9999999800000006,9.999999800000005e-09,9.999999800000005e-09,NORMAL
8191,0.9999999800000006,9.999999800000005e-09,9.999999800000005e-09,NORMAL
8192,0.9999999800000006,9.999999800000005e-09,9.999999800000005e-09,NORMAL
8193,0.9999999800000006,9.999999800000005e-09,9.999999800000005e-09,NORMAL
8194,0.9999999800000006,9.999999800000005e-09,9.999999800000005e-09,NORMAL
8195,0.9999999800000006,9.999999800000005e-09,9.999999800000005e-09,NORMAL
8196,0.9999999800000006,9.999999800000005e-09,9.999999800000005e-09,NORMAL
8197,0.9999999800000006,9.999999800000005e-09,9.999999800000005e-09,NORMAL
8198,0.9999999800000006,9.999999800000005e-09,9.999999800000005e-09,NORMAL
8199,0.9999999800000006,9.999999800000005e-09,9.999999800000005e-09,NORMAL
8200,0.9999999800000006,9.999999800000005e-09,9.999999800000005e-09,NORMAL
8201,0.9999999800000006,9.999999800000005e-09,9.999999800000005e-09,NORMAL
8202,0.9999999800000006,9.999999800000005e-09,9.999999800000005e-09,NORMAL
8203,0.9999999800000006,9.999999800000005e-09,9.999999800000005e-09,NORMAL
8204,0.9999999800000006,9.999999800000005e-09,9.999999800000005e-09,NORMAL
8205,0.9999999800000006,9.999999800000005e-09,9.999999800000005e-09,NORMAL
8206,0.9999999800000006,9.999999800000005e-09,9.999999800000005e-09,NORMAL
8207,0.9999999800000006,9.999999800000005e-09,9.999999800000005e-09,NORMAL
8208,0.9993040957898353,0.0006958942171238407,9.993040957898353e-09,NORMAL
8209,0.9993040957898353,0.0006958942171238407,9.993040957898353e-09,NORMAL
8210,0.9993040957898353,0.0006958942171238407,9.993040957898353e-09,NORMAL
8211,0.9993040957898353,0.0006958942171238407,9.993040957898353e-09,NORMAL
8212,0.9993040957898353,0.0006958942171238407,9.993040957898353e-09,NORMAL
8213,0.9993040957898353,0.0006958942171238407,9.993040957898353e-09,NORMAL
8214,0.9993040957898353,0.0006958942171238407,9.993040957898353e-09,NORMAL
8215,0.9993040957898353,0.0006958942171238407,9.993040957898353e-09,NORMAL
8216,0.9993040957898353,0.0006958942171238407,9.993040957898353e-09,NORMAL
8217,0.9993040957898353,0.0006958942171238407,9.993040957898353e-09,NORMAL
8218,0.9993040957898353,0.0006958942171238407,9.993040957898353e-09,NORMAL
8219,0.9993040957898353,0.0006958942171238407,9.993040957898353e-09,NORMAL
8220,0.9993040957898353,0.0006958942171238407,9.993040957898353e-09,NORMAL
8221,0.9993040957898353,0.0006958942171238407,9.993040957898353e-09,NORMAL
8222,0.9993040957898353,0.0006958942171238407,9.993040957898353e-09,NORMAL
8223,0.9993040957898353,0.0006958942171238407,9.993040957898353e-09,NORMAL
8224,0.9993040957898353,0.0006958942171238407,9.993040957898353e-09,NORMAL
8225,0.9993040957898353,0.0006958942171238407,9.993040957898353e-09,NORMAL
8226,0.9999999800000006,9.999999800000005e-09,9.999999800000005e-09,NORMAL
8227,0.9999999800000006,9.999999800000005e-09,9.999999800000005e-09,NORMAL
8228,0.9999999800000006,9.999999800000005e-09,9.999999800000005e-09,NORMAL
8229,0.9999999800000006,9.999999800000005e-09,9.999999800000005e-09,NORMAL
8230,0.9999999800000006,9.999999800000005e-09,9.999999800000005e-09,NORMAL
8231,0.9999999800000006,9.999999800000005e-09,9.999999800000005e-09,NORMAL
8232,0.9999999800000006,9.999999800000005e-09,9.999999800000005e-09,NORMAL
8233,0.9999999800000006,9.999999800000005e-09,9.999999800000005e-09,NORMAL
8234,0.9999999800000006,9.999999800000005e-09,9.999999800000005e-09,NORMAL
8235,0.9999999800000006,9.999999800000005e-09,9.999999800000005e-09,NORMAL
8236,0.9999999800000006,9.999999800000005e-09,9.999999800000005e-09,NORMAL
8237,0.9999999800000006,9.999999800000005e-09,9.999999800000005e-09,NORMAL
8238,0.9999999800000006,9.999999800000005e-09,9.999999800000005e-09,NORMAL
8239,0.9999999800000006,9.999999800000005e-09,9.999999800000005e-09,NORMAL
8240,0.9999999800000006,9.999999800000005e-09,9.999999800000005e-09,NORMAL
8241,0.9999999800000006,9.999999800000005e-09,9.999999800000005e-09,NORMAL
8242,0.9999999800000006,9.999999800000005e-09,9.999999800000005e-09,NORMAL
8243,0.9999999800000006,9.999999800000005e-09,9.999999800000005e-09,NORMAL
8244,0.9993040957898353,0.0006958942171238407,9.993040957898353e-09,NORMAL
8245,0.9993040957898353,0.0006958942171238407,9.993040957898353e-09,NORMAL
8246,0.9993040957898353,0.0006958942171238407,9.993040957898353e-09,NORMAL
8247,0.9993040957898353,0.0006958942171238407,9.993040957898353e-09,NORMAL
8248,0.9993040957898353,0.0006958942171238407,9.993040957898353e-09,NORMAL
8249,0.9993040957898353,0.0006958942171238407,9.993040957898353e-09,NORMAL
8250,0.9993040957898353,0.0006958942171238407,9.993040957898353e-09,NORMAL
8251,0.9993040957898353,0.0006958942171238407,9.993040957898353e-09,NORMAL
8252,0.9993040957898353,0.0006958942171238407,9.993040957898353e-09,NORMAL
8253,0.9993040957898353,0.0006958942171238407,9.993040957898353e-09,NORMAL
8254,0.9993040957898353,0.0006958942171238407,9.993040957898353e-09,NORMAL
8255,0.9993040957898353,0.0006958942171238407,9.993040957898353e-09,NORMAL
8256,0.9993040957898353,0.0006958942171238407,9.993040957898353e-09,NORMAL
8257,0.9993040957898353,0.0006958942171238407,9.993040957898353e-09,NORMAL
8258,0.9993040957898353,0.0006958942171238407,9.993040957898353e-09,NORMAL
8259,0.9993040957898353,0.0006958942171238407,9.993040957898353e-09,NORMAL
8260,0.9993040957898353,0.0006958942171238407,9.993040957898353e-09,NORMAL
8261,0.9993040957898353,0.0006958942171238407,9.993040957898353e-09,NORMAL
8262,0.9999999800000006,9.999999800000005e-09,9.999999800000005e-09,NORMAL
8263,0.9999999800000006,9.999999800000005e-09,9.999999800000005e-09,NORMAL
8264,0.9999999800000006,9.999999800000005e-09,9.999999800000005e-09,NORMAL
8265,0.9999999800000006,9.999999800000005e-09,9.999999800000005e-09,NORMAL
8266,0.9999999800000006,9.999999800000005e-09,9.999999800000005e-09,NORMAL
8267,0.9999999800000006,9.999999800000005e-09,9.999999800000005e-09,NORMAL
8268,0.9999999800000006,9.999999800000005e-09,9.999999800000005e-09,NORMAL
8269,0.9999999800000006,9.999999800000005e-09,9.999999800000005e-09,NORMAL
8270,0.9999999800000006,9.999999800000005e-09,9.999999800000005e-09,NORMAL
8271,0.9999999800000006,9.999999800000005e-09,9.999999800000005e-09,NORMAL
8272,0.9999999800000006,9.999999800000005e-09,9.999999800000005e-09,NORMAL
8273,0.9999999800000006,9.999999800000005e-09,9.999999800000005e-09,NORMAL
8274,0.9999999800000006,9.999999800000005e-09,9.999999800000005e-09,NORMAL
8275,0.9999999800000006,9.999999800000005e-09,9.999999800000005e-09,NORMAL
8276,0.9999999800000006,9.999999800000005e-09,9.999999800000005e-09,NORMAL
8277,0.9999999800000006,9.999999800000005e-09,9.999999800000005e-09,NORMAL
8278,0.9999999800000006,9.999999800000005e-09,9.999999800000005e-09,NORMAL
8279,0.9999999800000006,9.999999800000005e-09,9.999999800000005e-09,NORMAL
8280,0.9999999800000006,9.999999800000005e-09,9.999999800000005e-09,NORMAL
8281,0.9999999800000006,9.999999800000005e-09,9.999999800000005e-09,NORMAL
8282,0.9999999800000006,9.999999800000005e-09,9.999999800000005e-09,NORMAL
8283,0.9999999800000006,9.999999800000005e-09,9.999999800000005e-09,NORMAL
8284,0.9999999800000006,9.999999800000005e-09,9.999999800000005e-09,NORMAL
8285,0.9999999800000006,9.999999800000005e-09,9.999999800000005e-09,NORMAL
8286,0.9999999800000006,9.999999800000005e-09,9.999999800000005e-09,NORMAL
8287,0.9999999800000006,9.999999800000005e-09,9.999999800000005e-09,NORMAL
8288,0.9999999800000006,9.999999800000005e-09,9.999999800000005e-09,NORMAL
8289,0.9999999800000006,9.999999800000005e-09,9.999999800000005e-09,NORMAL
8290,0.9999999800000006,9.999999800000005e-09,9.999999800000005e-09,NORMAL
8291,0.9999999800000006,9.999999800000005e-09,9.999999800000005e-09,NORMAL
8292,0.9999999800000006,9.999999800000005e-09,9.999999800000005e-09,NORMAL
8293,0.9999999800000006,9.999999800000005e-09,9.999999800000005e-09,NORMAL
8294,0.9999999800000006,9.999999800000005e-09,9.999999800000005e-09,NORMAL
8295,0.9999999800000006,9.999999800000005e-09,9.999999800000005e-09,NORMAL
8296,0.9999999800000006,9.999999800000005e-09,9.999999800000005e-09,NORMAL
8297,0.9999999800000006,9.999999800000005e-09,9.999999800000005e-09,NORMAL
8298,0.9999999800000006,9.999999800000005e-09,9.999999800000005e-09,NORMAL
8299,0.9999999800000006,9.999999800000005e-09,9.999999800000005e-09,NORMAL
8300,0.9999999800000006,9.999999800000005e-09,9.999999800000005e-09,NORMAL
8301,0.9999999800000006,9.999999800000005e-09,9.999999800000005e-09,NORMAL
8302,0.9999999800000006,9.999999800000005e-09,9.999999800000005e-09,NORMAL
8303,0.9999999800000006,9.999999800000005e-09,9.999999800000005e-09,NORMAL
8304,0.9999999800000006,9.999999800000005e-09,9.999999800000005e-09,NORMAL
8305,0.9999999800000006,9.999999800000005e-09,9.999999800000005e-09,NORMAL
8306,0.9999999800000006,9.999999800000005e-09,9.999999800000005e-09,NORMAL
8307,0.9999999800000006,9.999999800000005e-09,9.999999800000005e-09,NORMAL
8308,0.9999999800000006,9.999999800000005e-09,9.999999800000005e-09,NORMAL
8309,0.9999999800000006,9.999999800000005e-09,9.999999800000005e-09,NORMAL
8310,0.9999999800000006,9.999999800000005e-09,9.999999800000005e-09,NORMAL
8311,0.9999999800000006,9.999999800000005e-09,9.999999800000005e-09,NORMAL
8312,0.9999999800000006,9.999999800000005e-09,9.999999800000005e-09,NORMAL
8313,0.9999999800000006,9.999999800000005e-09,9.999999800000005e-09,NORMAL
8314,0.9999999800000006,9.999999800000005e-09,9.999999800000005e-09,NORMAL
8315,0.9999999800000006,9.999999800000005e-09,9.999999800000005e-09,NORMAL
8316,0.9999999800000006,9.999999800000005e-09,9.999999800000005e-09,NORMAL
8317,0.9999999800000006,9.999999800000005e-09,9.999999800000005e-09,NORMAL
8318,0.9999999800000006,9.999999800000005e-09,9.999999800000005e-09,NORMAL
8319,0.9999999800000006,9.999999800000005e-09,9.999999800000005e-09,NORMAL
8320,0.9999999800000006,9.999999800000005e-09,9.999999800000005e-09,NORMAL
8321,0.9999999800000006,9.999999800000005e-09,9.999999800000005e-09,NORMAL
8322,0.9999999800000006,9.999999800000005e-09,9.999999800000005e-09,NORMAL
8323,0.9999999800000006,9.999999800000005e-09,9.999999800000005e-09,NORMAL
8324,0.9999999800000006,9.999999800000005e-09,9.999999800000005e-09,NORMAL
8325,0.9999999800000006,9.999999800000005e-09,9.999999800000005e-09,NORMAL
8326,0.9999999800000006,9.999999800000005e-09,9.999999800000005e-09,NORMAL
8327,0.9999999800000006,9.999999800000005e-09,9.999999800000005e-09,NORMAL
8328,0.9999999800000006,9.999999800000005e-09,9.999999800000005e-09,NORMAL
8329,0.9999999800000006,9.999999800000005e-09,9.999999800000005e-09,NORMAL
8330,0.9999999800000006,9.999999800000005e-09,9.999999800000005e-09,NORMAL
8331,0.9999999800000006,9.999999800000005e-09,9.999999800000005e-09,NORMAL
8332,0.9999999800000006,9.999999800000005e-09,9.999999800000005e-09,NORMAL
8333,0.9999999800000006,9.999999800000005e-09,9.999999800000005e-09,NORMAL
8334,0.9999999800000006,9.999999800000005e-09,9.999999800000005e-09,NORMAL
8335,0.9999999800000006,9.999999800000005e-09,9.999999800000005e-09,NORMAL
8336,0.9999999800000006,9.999999800000005e-09,9.999999800000005e-09,NORMAL
8337,0.9999999800000006,9.999999800000005e-09,9.999999800000005e-09,NORMAL
8338,0.9999999800000006,9.999999800000005e-09,9.999999800000005e-09,NORMAL
8339,0.9999999800000006,9.999999800000005e-09,9.999999800000005e-09,NORMAL
8340,0.9999999800000006,9.999999800000005e-09,9.999999800000005e-09,NORMAL
8341,0.9999999800000006,9.999999800000005e-09,9.999999800000005e-09,NORMAL
8342,0.9999999800000006,9.999999800000005e-09,9.999999800000005e-09,NORMAL
8343,0.9999999800000006,9.999999800000005e-09,9.999999800000005e-09,NORMAL
8344,0.9999999800000006,9.999999800000005e-09,9.999999800000005e-09,NORMAL
8345,0.9999999800000006,9.999999800000005e-09,9.999999800000005e-09,NORMAL
8346,0.9999999800000006,9.999999800000005e-09,9.999999800000005e-09,NORMAL
8347,0.9999999800000006,9.999999800000005e-09,9.999999800000005e-09,NORMAL
8348,0.9999999800000006,9.999999800000005e-09,9.999999800000005e-09,NORMAL
8349,0.9999999800000006,9.999999800000005e-09,9.999999800000005e-09,NORMAL
8350,0.9999999800000006,9.999999800000005e-09,9.999999800000005e-09,NORMAL
8351,0.9999999800000006,9.999999800000005e-09,9.999999800000005e-09,NORMAL
8352,0.9999999800000006,9.999999800000005e-09,9.999999800000005e-09,NORMAL
8353,0.9999999800000006,9.999999800000005e-09,9.999999800000005e-09,NORMAL
8354,0.9999999800000006,9.999999800000005e-09,9.999999800000005e-09,NORMAL
8355,0.9999999800000006,9.999999800000005e-09,9.999999800000005e-09,NORMAL
8356,0.9999999800000006,9.999999800000005e-09,9.999999800000005e-09,NORMAL
8357,0.9999999800000006,9.999999800000005e-09,9.999999800000005e-09,NORMAL
8358,0.9999999800000006,9.999999800000005e-09,9.999999800000005e-09,NORMAL
8359,0.9999999800000006,9.999999800000005e-09,9.999999800000005e-09,NORMAL
8360,0.9999999800000006,9.999999800000005e-09,9.999999800000005e-09,NORMAL
8361,0.9999999800000006,9.999999800000005e-09,9.999999800000005e-09,NORMAL
8362,0.9999999800000006,9.999999800000005e-09,9.999999800000005e-09,NORMAL
8363,0.9999999800000006,9.999999800000005e-09,9.999999800000005e-09,NORMAL
8364,0.9999999800000006,9.999999800000005e-09,9.999999800000005e-09,NORMAL
8365,0.9999999800000006,9.999999800000005e-09,9.999999800000005e-09,NORMAL
8366,0.9999999800000006,9.999999800000005e-09,9.999999800000005e-09,NORMAL
8367,0.9999999800000006,9.999999800000005e-09,9.999999800000005e-09,NORMAL
8368,0.9999999800000006,9.999999800000005e-09,9.999999800000005e-09,NORMAL
8369,0.9999999800000006,9.999999800000005e-09,9.999999800000005e-09,NORMAL
8370,0.9999999800000006,9.999999800000005e-09,9.999999800000005e-09,NORMAL
8371,0.9999999800000006,9.999999800000005e-09,9.999999800000005e-09,NORMAL
8372,0.9999999800000006,9.999999800000005e-09,9.999999800000005e-09,NORMAL
8373,0.9999999800000006,9.999999800000005e-09,9.999999800000005e-09,NORMAL
8374,0.9999999800000006,9.999999800000005e-09,9.999999800000005e-09,NORMAL
8375,0.9999999800000006,9.999999800000005e-09,9.999999800000005e-09,NORMAL
8376,0.9999999800000006,9.999999800000005e-09,9.999999800000005e-09,NORMAL
8377,0.9999999800000006,9.999999800000005e-09,9.999999800000005e-09,NORMAL
8378,0.9999999800000006,9.999999800000005e-09,9.999999800000005e-09,NORMAL
8379,0.9999999800000006,9.999999800000005e-09,9.999999800000005e-09,NORMAL
8380,0.9999999800000006,9.999999800000005e-09,9.999999800000005e-09,NORMAL
8381,0.9999999800000006,9.999999800000005e-09,9.999999800000005e-09,NORMAL
8382,0.9999999800000006,9.999999800000005e-09,9.999999800000005e-09,NORMAL
8383,0.9999999800000006,9.999999800000005e-09,9.999999800000005e-09,NORMAL
8384,0.9999999800000006,9.999999800000005e-09,9.999999800000005e-09,NORMAL
8385,0.9999999800000006,9.999999800000005e-09,9.999999800000005e-09,NORMAL
8386,0.9999999800000006,9.999999800000005e-09,9.999999800000005e-09,NORMAL
8387,0.9999999800000006,9.999999800000005e-09,9.999999800000005e-09,NORMAL
8388,0.9999999800000006,9.999999800000005e-09,9.999999800000005e-09,NORMAL
8389,0.9999999800000006,9.999999800000005e-09,9.999999800000005e-09,NORMAL
8390,0.9999999800000006,9.999999800000005e-09,9.999999800000005e-09,NORMAL
8391,0.9999999800000006,9.999999800000005e-09,9.999999800000005e-09,NORMAL
8392,0.9999999800000006,9.999999800000005e-09,9.999999800000005e-09,NORMAL
8393,0.9999999800000006,9.999999800000005e-09,9.999999800000005e-09,NORMAL
8394,0.9999999800000006,9.999999800000005e-09,9.999999800000005e-09,NORMAL
8395,0.9999999800000006,9.999999800000005e-09,9.999999800000005e-09,NORMAL
8396,0.9999999800000006,9.999999800000005e-09,9.999999800000005e-09,NORMAL
8397,0.9999999800000006,9.999999800000005e-09,9.999999800000005e-09,NORMAL
8398,0.9999999800000006,9.999999800000005e-09,9.999999800000005e-09,NORMAL
8399,0.9999999800000006,9.999999800000005e-09,9.999999800000005e-09,NORMAL
8400,0.9999999800000006,9.999999800000005e-09,9.999999800000005e-09,NORMAL
8401,0.9999999800000006,9.999999800000005e-09,9.999999800000005e-09,NORMAL
8402,0.9999999800000006,9.999999800000005e-09,9.999999800000005e-09,NORMAL
8403,0.9999999800000006,9.999999800000005e-09,9.999999800000005e-09,NORMAL
8404,0.9999999800000006,9.999999800000005e-09,9.999999800000005e-09,NORMAL
8405,0.9999999800000006,9.999999800000005e-09,9.999999800000005e-09,NORMAL
8406,0.9999999800000006,9.999999800000005e-09,9.999999800000005e-09,NORMAL
8407,0.9999999800000006,9.999999800000005e-09,9.999999800000005e-09,NORMAL
8408,0.9999999800000006,9.999999800000005e-09,9.999999800000005e-09,NORMAL
8409,0.9999999800000006,9.999999800000005e-09,9.999999800000005e-09,NORMAL
8410,0.9999999800000006,9.999999800000005e-09,9.999999800000005e-09,NORMAL
8411,0.9999999800000006,9.999999800000005e-09,9.999999800000005e-09,NORMAL
8412,0.9999999800000006,9.999999800000005e-09,9.999999800000005e-09,NORMAL
8413,0.9999999800000006,9.999999800000005e-09,9.999999800000005e-09,NORMAL
8414,0.9999999800000006,9.999999800000005e-09,9.999999800000005e-09,NORMAL
8415,0.9999999800000006,9.999999800000005e-09,9.999999800000005e-09,NORMAL
8416,0.9999999800000006,9.999999800000005e-09,9.999999800000005e-09,NORMAL
8417,0.9999999800000006,9.999999800000005e-09,9.999999800000005e-09,NORMAL
8418,0.9999999800000006,9.999999800000005e-09,9.999999800000005e-09,NORMAL
8419,0.9999999800000006,9.999999800000005e-09,9.999999800000005e-09,NORMAL
8420,0.9999999800000006,9.999999800000005e-09,9.999999800000005e-09,NORMAL
8421,0.9999999800000006,9.999999800000005e-09,9.999999800000005e-09,NORMAL
8422,0.9999999800000006,9.999999800000005e-09,9.999999800000005e-09,NORMAL
8423,0.9999999800000006,9.999999800000005e-09,9.999999800000005e-09,NORMAL
8424,0.9993040957898353,0.0006958942171238407,9.993040957898353e-09,NORMAL
8425,0.9993040957898353,0.0006958942171238407,9.993040957898353e-09,NORMAL
8426,0.9993040957898353,0.0006958942171238407,9.993040957898353e-09,NORMAL
8427,0.9993040957898353,0.0006958942171238407,9.993040957898353e-09,NORMAL
8428,0.9993040957898353,0.0006958942171238407,9.993040957898353e-09,NORMAL
8429,0.9993040957898353,0.0006958942171238407,9.993040957898353e-09,NORMAL
8430,0.9993040957898353,0.0006958942171238407,9.993040957898353e-09,NORMAL
8431,0.9993040957898353,0.0006958942171238407,9.993040957898353e-09,NORMAL
8432,0.9993040957898353,0.0006958942171238407,9.993040957898353e-09,NORMAL
8433,0.9993040957898353,0.0006958942171238407,9.993040957898353e-09,NORMAL
8434,0.9993040957898353,0.0006958942171238407,9.993040957898353e-09,NORMAL
8435,0.9993040957898353,0.0006958942171238407,9.993040957898353e-09,NORMAL
8436,0.9993040957898353,0.0006958942171238407,9.993040957898353e-09,NORMAL
8437,0.9993040957898353,0.0006958942171238407,9.993040957898353e-09,NORMAL
8438,0.9993040957898353,0.0006958942171238407,9.993040957898353e-09,NORMAL
8439,0.9993040957898353,0.0006958942171238407,9.993040957898353e-09,NORMAL
8440,0.9993040957898353,0.0006958942171238407,9.993040957898353e-09,NORMAL
8441,0.9993040957898353,0.0006958942171238407,9.993040957898353e-09,NORMAL
8442,0.9999999800000006,9.999999800000005e-09,9.999999800000005e-09,NORMAL
8443,0.9999999800000006,9.999999800000005e-09,9.999999800000005e-09,NORMAL
8444,0.9999999800000006,9.999999800000005e-09,9.999999800000005e-09,NORMAL
8445,0.9999999800000006,9.999999800000005e-09,9.999999800000005e-09,NORMAL
8446,0.9999999800000006,9.999999800000005e-09,9.999999800000005e-09,NORMAL
8447,0.9999999800000006,9.999999800000005e-09,9.999999800000005e-09,NORMAL
8448,0.9999999800000006,9.999999800000005e-09,9.999999800000005e-09,NORMAL
8449,0.9999999800000006,9.999999800000005e-09,9.999999800000005e-09,NORMAL
8450,0.9999999800000006,9.999999800000005e-09,9.999999800000005e-09,NORMAL
8451,0.9999999800000006,9.999999800000005e-09,9.999999800000005e-09,NORMAL
8452,0.9999999800000006,9.999999800000005e-09,9.999999800000005e-09,NORMAL
8453,0.9999999800000006,9.999999800000005e-09,9.999999800000005e-09,NORMAL
8454,0.9999999800000006,9.999999800000005e-09,9.999999800000005e-09,NORMAL
8455,0.9999999800000006,9.999999800000005e-09,9.999999800000005e-09,NORMAL
8456,0.9999999800000006,9.999999800000005e-09,9.999999800000005e-09,NORMAL
8457,0.9999999800000006,9.999999800000005e-09,9.999999800000005e-09,NORMAL
8458,0.9999999800000006,9.999999800000005e-09,9.999999800000005e-09,NORMAL
8459,0.9999999800000006,9.999999800000005e-09,9.999999800000005e-09,NORMAL
8460,0.9999999800000006,9.999999800000005e-09,9.999999800000005e-09,NORMAL
8461,0.9999999800000006,9.999999800000005e-09,9.999999800000005e-09,NORMAL
8462,0.9999999800000006,9.999999800000005e-09,9.999999800000005e-09,NORMAL
8463,0.9999999800000006,9.999999800000005e-09,9.999999800000005e-09,NORMAL
8464,0.9999999800000006,9.999999800000005e-09,9.999999800000005e-09,NORMAL
8465,0.9999999800000006,9.999999800000005e-09,9.999999800000005e-09,NORMAL
8466,0.9999999800000006,9.999999800000005e-09,9.999999800000005e-09,NORMAL
8467,0.9999999800000006,9.999999800000005e-09,9.999999800000005e-09,NORMAL
8468,0.9999999800000006,9.999999800000005e-09,9.999999800000005e-09,NORMAL
8469,0.9999999800000006,9.999999800000005e-09,9.999999800000005e-09,NORMAL
8470,0.9999999800000006,9.999999800000005e-09,9.999999800000005e-09,NORMAL
8471,0.9999999800000006,9.999999800000005e-09,9.999999800000005e-09,NORMAL
8472,0.9999999800000006,9.999999800000005e-09,9.999999800000005e-09,NORMAL
8473,0.9999999800000006,9.999999800000005e-09,9.999999800000005e-09,NORMAL
8474,0.9999999800000006,9.999999800000005e-09,9.999999800000005e-09,NORMAL
8475,0.9999999800000006,9.999999800000005e-09,9.999999800000005e-09,NORMAL
8476,0.9999999800000006,9.999999800000005e-09,9.999999800000005e-09,NORMAL
8477,0.9999999800000006,9.999999800000005e-09,9.999999800000005e-09,NORMAL
8478,0.9999999800000006,9.999999800000005e-09,9.999999800000005e-09,NORMAL
8479,0.9999999800000006,9.999999800000005e-09,9.999999800000005e-09,NORMAL
8480,0.9999999800000006,9.999999800000005e-09,9.999999800000005e-09,NORMAL
8481,0.9999999800000006,9.999999800000005e-09,9.999999800000005e-09,NORMAL
8482,0.9999999800000006,9.999999800000005e-09,9.999999800000005e-09,NORMAL
8483,0.9999999800000006,9.999999800000005e-09,9.999999800000005e-09,NORMAL
8484,0.9999999800000006,9.999999800000005e-09,9.999999800000005e-09,NORMAL
8485,0.9999999800000006,9.999999800000005e-09,9.999999800000005e-09,NORMAL
8486,0.9999999800000006,9.999999800000005e-09,9.999999800000005e-09,NORMAL
8487,0.9999999800000006,9.999999800000005e-09,9.999999800000005e-09,NORMAL
8488,0.9999999800000006,9.999999800000005e-09,9.999999800000005e-09,NORMAL
8489,0.9999999800000006,9.999999800000005e-09,9.999999800000005e-09,NORMAL
8490,0.9999999800000006,9.999999800000005e-09,9.999999800000005e-09,NORMAL
8491,0.9999999800000006,9.999999800000005e-09,9.999999800000005e-09,NORMAL
8492,0.9999999800000006,9.999999800000005e-09,9.999999800000005e-09,NORMAL
8493,0.9999999800000006,9.999999800000005e-09,9.999999800000005e-09,NORMAL
8494,0.9999999800000006,9.999999800000005e-09,9.999999800000005e-09,NORMAL
8495,0.9999999800000006,9.999999800000005e-09,9.999999800000005e-09,NORMAL
8496,0.9999999800000006,9.999999800000005e-09,9.999999800000005e-09,NORMAL
8497,0.9999999800000006,9.999999800000005e-09,9.999999800000005e-09,NORMAL
8498,0.9999999800000006,9.999999800000005e-09,9.999999800000005e-09,NORMAL
8499,0.9999999800000006,9.999999800000005e-09,9.999999800000005e-09,NORMAL
8500,0.9999999800000006,9.999999800000005e-09,9.999999800000005e-09,NORMAL
8501,0.9999999800000006,9.999999800000005e-09,9.999999800000005e-09,NORMAL
8502,0.9999999800000006,9.999999800000005e-09,9.999999800000005e-09,NORMAL
8503,0.9999999800000006,9.999999800000005e-09,9.999999800000005e-09,NORMAL
8504,0.9999999800000006,9.999999800000005e-09,9.999999800000005e-09,NORMAL
8505,0.9999999800000006,9.999999800000005e-09,9.999999800000005e-09,NORMAL
8506,0.9999999800000006,9.999999800000005e-09,9.999999800000005e-09,NORMAL
8507,0.9999999800000006,9.999999800000005e-09,9.999999800000005e-09,NORMAL
8508,0.9999999800000006,9.999999800000005e-09,9.999999800000005e-09,NORMAL
8509,0.9999999800000006,9.999999800000005e-09,9.999999800000005e-09,NORMAL
8510,0.9999999800000006,9.999999800000005e-09,9.999999800000005e-09,NORMAL
8511,0.9999999800000006,9.999999800000005e-09,9.999999800000005e-09,NORMAL
8512,0.9999999800000006,9.999999800000005e-09,9.999999800000005e-09,NORMAL
8513,0.9999999800000006,9.999999800000005e-09,9.999999800000005e-09,NORMAL
8514,0.9999999800000006,9.999999800000005e-09,9.999999800000005e-09,NORMAL
8515,0.9999999800000006,9.999999800000005e-09,9.999999800000005e-09,NORMAL
8516,0.9999999800000006,9.999999800000005e-09,9.999999800000005e-09,NORMAL
8517,0.9999999800000006,9.999999800000005e-09,9.999999800000005e-09,NORMAL
8518,0.9999999800000006,9.999999800000005e-09,9.999999800000005e-09,NORMAL
8519,0.9999999800000006,9.999999800000005e-09,9.999999800000005e-09,NORMAL
8520,0.9999999800000006,9.999999800000005e-09,9.999999800000005e-09,NORMAL
8521,0.9999999800000006,9.999999800000005e-09,9.999999800000005e-09,NORMAL
8522,0.9999999800000006,9.999999800000005e-09,9.999999800000005e-09,NORMAL
8523,0.9999999800000006,9.999999800000005e-09,9.999999800000005e-09,NORMAL
8524,0.9999999800000006,9.999999800000005e-09,9.999999800000005e-09,NORMAL
8525,0.9999999800000006,9.999999800000005e-09,9.999999800000005e-09,NORMAL
8526,0.9999999800000006,9.999999800000005e-09,9.999999800000005e-09,NORMAL
8527,0.9999999800000006,9.999999800000005e-09,9.999999800000005e-09,NORMAL
8528,0.9999999800000006,9.999999800000005e-09,9.999999800000005e-09,NORMAL
8529,0.9999999800000006,9.999999800000005e-09,9.999999800000005e-09,NORMAL
8530,0.9999999800000006,9.999999800000005e-09,9.999999800000005e-09,NORMAL
8531,0.9999999800000006,9.999999800000005e-09,9.999999800000005e-09,NORMAL
8532,0.9999999800000006,9.999999800000005e-09,9.999999800000005e-09,NORMAL
8533,0.9999999800000006,9.999999800000005e-09,9.999999800000005e-09,NORMAL
8534,0.9999999800000006,9.999999800000005e-09,9.999999800000005e-09,NORMAL
8535,0.9999999800000006,9.999999800000005e-09,9.999999800000005e-09,NORMAL
8536,0.9999999800000006,9.999999800000005e-09,9.999999800000005e-09,NORMAL
8537,0.9999999800000006,9.999999800000005e-09,9.999999800000005e-09,NORMAL
8538,0.9999999800000006,9.999999800000005e-09,9.999999800000005e-09,NORMAL
8539,0.9999999800000006,9.999999800000005e-09,9.999999800000005e-09,NORMAL
8540,0.9999999800000006,9.999999800000005e-09,9.999999800000005e-09,NORMAL
8541,0.9999999800000006,9.999999800000005e-09,9.999999800000005e-09,NORMAL
8542,0.9999999800000006,9.999999800000005e-09,9.999999800000005e-09,NORMAL
8543,0.9999999800000006,9.999999800000005e-09,9.999999800000005e-09,NORMAL
8544,0.9999999800000006,9.999999800000005e-09,9.999999800000005e-09,NORMAL
8545,0.9999999800000006,9.999999800000005e-09,9.999999800000005e-09,NORMAL
8546,0.9999999800000006,9.999999800000005e-09,9.999999800000005e-09,NORMAL
8547,0.9999999800000006,9.999999800000005e-09,9.999999800000005e-09,NORMAL
8548,0.9999999800000006,9.999999800000005e-09,9.999999800000005e-09,NORMAL
8549,0.9999999800000006,9.999999800000005e-09,9.999999800000005e-09,NORMAL
8550,0.9999999800000006,9.999999800000005e-09,9.999999800000005e-09,NORMAL
8551,0.9999999800000006,9.999999800000005e-09,9.999999800000005e-09,NORMAL
8552,0.9999999800000006,9.999999800000005e-09,9.999999800000005e-09,NORMAL
8553,0.9999999800000006,9.999999800000005e-09,9.999999800000005e-09,NORMAL
8554,0.9999999800000006,9.999999800000005e-09,9.999999800000005e-09,NORMAL
8555,0.9999999800000006,9.999999800000005e-09,9.999999800000005e-09,NORMAL
8556,0.9999999800000006,9.999999800000005e-09,9.999999800000005e-09,NORMAL
8557,0.9999999800000006,9.999999800000005e-09,9.999999800000005e-09,NORMAL
8558,0.9999999800000006,9.999999800000005e-09,9.999999800000005e-09,NORMAL
8559,0.9999999800000006,9.999999800000005e-09,9.999999800000005e-09,NORMAL
8560,0.9999999800000006,9.999999800000005e-09,9.999999800000005e-09,NORMAL
8561,0.9999999800000006,9.999999800000005e-09,9.999999800000005e-09,NORMAL
8562,0.9999999800000006,9.999999800000005e-09,9.999999800000005e-09,NORMAL
8563,0.9999999800000006,9.999999800000005e-09,9.999999800000005e-09,NORMAL
8564,0.9999999800000006,9.999999800000005e-09,9.999999800000005e-09,NORMAL
8565,0.9999999800000006,9.999999800000005e-09,9.999999800000005e-09,NORMAL
8566,0.9999999800000006,9.999999800000005e-09,9.999999800000005e-09,NORMAL
8567,0.9999999800000006,9.999999800000005e-09,9.999999800000005e-09,NORMAL
8568,0.9999999800000006,9.999999800000005e-09,9.999999800000005e-09,NORMAL
8569,0.9999999800000006,9.999999800000005e-09,9.999999800000005e-09,NORMAL
8570,0.9999999800000006,9.999999800000005e-09,9.999999800000005e-09,NORMAL
8571,0.9999999800000006,9.999999800000005e-09,9.999999800000005e-09,NORMAL
8572,0.9999999800000006,9.999999800000005e-09,9.999999800000005e-09,NORMAL
8573,0.9999999800000006,9.999999800000005e-09,9.999999800000005e-09,NORMAL
8574,0.9999999800000006,9.999999800000005e-09,9.999999800000005e-09,NORMAL
8575,0.9999999800000006,9.999999800000005e-09,9.999999800000005e-09,NORMAL
8576,0.9999999800000006,9.999999800000005e-09,9.999999800000005e-09,NORMAL
8577,0.9999999800000006,9.999999800000005e-09,9.999999800000005e-09,NORMAL
8578,0.9999999800000006,9.999999800000005e-09,9.999999800000005e-09,NORMAL
8579,0.9999999800000006,9.999999800000005e-09,9.999999800000005e-09,NORMAL
8580,0.9999999800000006,9.999999800000005e-09,9.999999800000005e-09,NORMAL
8581,0.9999999800000006,9.999999800000005e-09,9.999999800000005e-09,NORMAL
8582,0.9999999800000006,9.999999800000005e-09,9.999999800000005e-09,NORMAL
8583,0.9999999800000006,9.999999800000005e-09,9.999999800000005e-09,NORMAL
8584,0.9999999800000006,9.999999800000005e-09,9.999999800000005e-09,NORMAL
8585,0.9999999800000006,9.999999800000005e-09,9.999999800000005e-09,NORMAL
8586,0.9999999800000006,9.999999800000005e-09,9.999999800000005e-09,NORMAL
8587,0.9999999800000006,9.999999800000005e-09,9.999999800000005e-09,NORMAL
8588,0.9999999800000006,9.999999800000005e-09,9.999999800000005e-09,NORMAL
8589,0.9999999800000006,9.999999800000005e-09,9.999999800000005e-09,NORMAL
8590,0.9999999800000006,9.999999800000005e-09,9.999999800000005e-09,NORMAL
8591,0.9999999800000006,9.999999800000005e-09,9.999999800000005e-09,NORMAL
8592,0.9999999800000006,9.999999800000005e-09,9.999999800000005e-09,NORMAL
8593,0.9999999800000006,9.999999800000005e-09,9.999999800000005e-09,NORMAL
8594,0.9999999800000006,9.999999800000005e-09,9.999999800000005e-09,NORMAL
8595,0.9999999800000006,9.999999800000005e-09,9.999999800000005e-09,NORMAL
8596,0.9999999800000006,9.999999800000005e-09,9.999999800000005e-09,NORMAL
8597,0.9999999800000006,9.999999800000005e-09,9.999999800000005e-09,NORMAL
8598,0.9999999800000006,9.999999800000005e-09,9.999999800000005e-09,NORMAL
8599,0.9999999800000006,9.999999800000005e-09,9.999999800000005e-09,NORMAL
8600,0.9999999800000006,9.999999800000005e-09,9.999999800000005e-09,NORMAL
8601,0.9999999800000006,9.999999800000005e-09,9.999999800000005e-09,NORMAL
8602,0.9999999800000006,9.999999800000005e-09,9.999999800000005e-09,NORMAL
8603,0.9999999800000006,9.999999800000005e-09,9.999999800000005e-09,NORMAL
8604,0.9999999800000006,9.999999800000005e-09,9.999999800000005e-09,NORMAL
8605,0.9999999800000006,9.999999800000005e-09,9.999999800000005e-09,NORMAL
8606,0.9999999800000006,9.999999800000005e-09,9.999999800000005e-09,NORMAL
8607,0.9999999800000006,9.999999800000005e-09,9.999999800000005e-09,NORMAL
8608,0.9999999800000006,9.999999800000005e-09,9.999999800000005e-09,NORMAL
8609,0.9999999800000006,9.999999800000005e-09,9.999999800000005e-09,NORMAL
8610,0.9999999800000006,9.999999800000005e-09,9.999999800000005e-09,NORMAL
8611,0.9999999800000006,9.999999800000005e-09,9.999999800000005e-09,NORMAL
8612,0.9999999800000006,9.999999800000005e-09,9.999999800000005e-09,NORMAL
8613,0.9999999800000006,9.999999800000005e-09,9.999999800000005e-09,NORMAL
8614,0.9999999800000006,9.999999800000005e-09,9.999999800000005e-09,NORMAL
8615,0.9999999800000006,9.999999800000005e-09,9.999999800000005e-09,NORMAL
8616,0.9999999800000006,9.999999800000005e-09,9.999999800000005e-09,NORMAL
8617,0.9999999800000006,9.999999800000005e-09,9.999999800000005e-09,NORMAL
8618,0.9999999800000006,9.999999800000005e-09,9.999999800000005e-09,NORMAL
8619,0.9999999800000006,9.999999800000005e-09,9.999999800000005e-09,NORMAL
8620,0.9999999800000006,9.999999800000005e-09,9.999999800000005e-09,NORMAL
8621,0.9999999800000006,9.999999800000005e-09,9.999999800000005e-09,NORMAL
8622,0.9999999800000006,9.999999800000005e-09,9.999999800000005e-09,NORMAL
8623,0.9999999800000006,9.999999800000005e-09,9.999999800000005e-09,NORMAL
8624,0.9999999800000006,9.999999800000005e-09,9.999999800000005e-09,NORMAL
8625,0.9999999800000006,9.999999800000005e-09,9.999999800000005e-09,NORMAL
8626,0.9999999800000006,9.999999800000005e-09,9.999999800000005e-09,NORMAL
8627,0.9999999800000006,9.999999800000005e-09,9.999999800000005e-09,NORMAL
8628,0.9999999800000006,9.999999800000005e-09,9.999999800000005e-09,NORMAL
8629,0.9999999800000006,9.999999800000005e-09,9.999999800000005e-09,NORMAL
8630,0.9999999800000006,9.999999800000005e-09,9.999999800000005e-09,NORMAL
8631,0.9999999800000006,9.999999800000005e-09,9.999999800000005e-09,NORMAL
8632,0.9999999800000006,9.999999800000005e-09,9.999999800000005e-09,NORMAL
8633,0.9999999800000006,9.999999800000005e-09,9.999999800000005e-09,NORMAL
8634,0.9999999800000006,9.999999800000005e-09,9.999999800000005e-09,NORMAL
8635,0.9999999800000006,9.999999800000005e-09,9.999999800000005e-09,NORMAL
8636,0.9999999800000006,9.999999800000005e-09,9.999999800000005e-09,NORMAL
8637,0.9999999800000006,9.999999800000005e-09,9.999999800000005e-09,NORMAL
8638,0.9999999800000006,9.999999800000005e-09,9.999999800000005e-09,NORMAL
8639,0.9999999800000006,9.999999800000005e-09,9.999999800000005e-09,NORMAL
8640,0.9999999800000006,9.999999800000005e-09,9.999999800000005e-09,NORMAL
8641,0.9999999800000006,9.999999800000005e-09,9.999999800000005e-09,NORMAL
8642,0.9999999800000006,9.999999800000005e-09,9.999999800000005e-09,NORMAL
8643,0.9999999800000006,9.999999800000005e-09,9.999999800000005e-09,NORMAL
8644,0.9999999800000006,9.999999800000005e-09,9.999999800000005e-09,NORMAL
8645,0.9999999800000006,9.999999800000005e-09,9.999999800000005e-09,NORMAL
8646,0.9999999800000006,9.999999800000005e-09,9.999999800000005e-09,NORMAL
8647,0.9999999800000006,9.999999800000005e-09,9.999999800000005e-09,NORMAL
8648,0.9999999800000006,9.999999800000005e-09,9.999999800000005e-09,NORMAL
8649,0.9999999800000006,9.999999800000005e-09,9.999999800000005e-09,NORMAL
8650,0.9999999800000006,9.999999800000005e-09,9.999999800000005e-09,NORMAL
8651,0.9999999800000006,9.999999800000005e-09,9.999999800000005e-09,NORMAL
8652,0.9999999800000006,9.999999800000005e-09,9.999999800000005e-09,NORMAL
8653,0.9999999800000006,9.999999800000005e-09,9.999999800000005e-09,NORMAL
8654,0.9999999800000006,9.999999800000005e-09,9.999999800000005e-09,NORMAL
8655,0.9999999800000006,9.999999800000005e-09,9.999999800000005e-09,NORMAL
8656,0.9999999800000006,9.999999800000005e-09,9.999999800000005e-09,NORMAL
8657,0.9999999800000006,9.999999800000005e-09,9.999999800000005e-09,NORMAL
8658,0.9993040957898353,0.0006958942171238407,9.993040957898353e-09,NORMAL
8659,0.9993040957898353,0.0006958942171238407,9.993040957898353e-09,NORMAL
8660,0.9993040957898353,0.0006958942171238407,9.993040957898353e-09,NORMAL
8661,0.9993040957898353,0.0006958942171238407,9.993040957898353e-09,NORMAL
8662,0.9993040957898353,0.0006958942171238407,9.993040957898353e-09,NORMAL
8663,0.9993040957898353,0.0006958942171238407,9.993040957898353e-09,NORMAL
8664,0.9993040957898353,0.0006958942171238407,9.993040957898353e-09,NORMAL
8665,0.9993040957898353,0.0006958942171238407,9.993040957898353e-09,NORMAL
8666,0.9993040957898353,0.0006958942171238407,9.993040957898353e-09,NORMAL
8667,0.9993040957898353,0.0006958942171238407,9.993040957898353e-09,NORMAL
8668,0.9993040957898353,0.0006958942171238407,9.993040957898353e-09,NORMAL
8669,0.9993040957898353,0.0006958942171238407,9.993040957898353e-09,NORMAL
8670,0.9993040957898353,0.0006958942171238407,9.993040957898353e-09,NORMAL
8671,0.9993040957898353,0.0006958942171238407,9.993040957898353e-09,NORMAL
8672,0.9993040957898353,0.0006958942171238407,9.993040957898353e-09,NORMAL
8673,0.9993040957898353,0.0006958942171238407,9.993040957898353e-09,NORMAL
8674,0.9993040957898353,0.0006958942171238407,9.993040957898353e-09,NORMAL
8675,0.9993040957898353,0.0006958942171238407,9.993040957898353e-09,NORMAL
8676,0.9999999800000006,9.999999800000005e-09,9.999999800000005e-09,NORMAL
8677,0.9999999800000006,9.999999800000005e-09,9.999999800000005e-09,NORMAL
8678,0.9999999800000006,9.999999800000005e-09,9.999999800000005e-09,NORMAL
8679,0.9999999800000006,9.999999800000005e-09,9.999999800000005e-09,NORMAL
8680,0.9999999800000006,9.999999800000005e-09,9.999999800000005e-09,NORMAL
8681,0.9999999800000006,9.999999800000005e-09,9.999999800000005e-09,NORMAL
8682,0.9999999800000006,9.999999800000005e-09,9.999999800000005e-09,NORMAL
8683,0.9999999800000006,9.999999800000005e-09,9.999999800000005e-09,NORMAL
8684,0.9999999800000006,9.999999800000005e-09,9.999999800000005e-09,NORMAL
8685,0.9999999800000006,9.999999800000005e-09,9.999999800000005e-09,NORMAL
8686,0.9999999800000006,9.999999800000005e-09,9.999999800000005e-09,NORMAL
8687,0.9999999800000006,9.999999800000005e-09,9.999999800000005e-09,NORMAL
8688,0.9999999800000006,9.999999800000005e-09,9.999999800000005e-09,NORMAL
8689,0.9999999800000006,9.999999800000005e-09,9.999999800000005e-09,NORMAL
8690,0.9999999800000006,9.999999800000005e-09,9.999999800000005e-09,NORMAL
8691,0.9999999800000006,9.999999800000005e-09,9.999999800000005e-09,NORMAL
8692,0.9999999800000006,9.999999800000005e-09,9.999999800000005e-09,NORMAL
8693,0.9999999800000006,9.999999800000005e-09,9.999999800000005e-09,NORMAL
8694,0.9999999800000006,9.999999800000005e-09,9.999999800000005e-09,NORMAL
8695,0.9999999800000006,9.999999800000005e-09,9.999999800000005e-09,NORMAL
8696,0.9999999800000006,9.999999800000005e-09,9.999999800000005e-09,NORMAL
8697,0.9999999800000006,9.999999800000005e-09,9.999999800000005e-09,NORMAL
8698,0.9999999800000006,9.999999800000005e-09,9.999999800000005e-09,NORMAL
8699,0.9999999800000006,9.999999800000005e-09,9.999999800000005e-09,NORMAL
8700,0.9999999800000006,9.999999800000005e-09,9.999999800000005e-09,NORMAL
8701,0.9999999800000006,9.999999800000005e-09,9.999999800000005e-09,NORMAL
8702,0.9999999800000006,9.999999800000005e-09,9.999999800000005e-09,NORMAL
8703,0.9999999800000006,9.999999800000005e-09,9.999999800000005e-09,NORMAL
8704,0.9999999800000006,9.999999800000005e-09,9.999999800000005e-09,NORMAL
8705,0.9999999800000006,9.999999800000005e-09,9.999999800000005e-09,NORMAL
8706,0.9999999800000006,9.999999800000005e-09,9.999999800000005e-09,NORMAL
8707,0.9999999800000006,9.999999800000005e-09,9.999999800000005e-09,NORMAL
8708,0.9999999800000006,9.999999800000005e-09,9.999999800000005e-09,NORMAL
8709,0.9999999800000006,9.999999800000005e-09,9.999999800000005e-09,NORMAL
8710,0.9999999800000006,9.999999800000005e-09,9.999999800000005e-09,NORMAL
8711,0.9999999800000006,9.999999800000005e-09,9.999999800000005e-09,NORMAL
8712,0.9993040957898353,0.0006958942171238407,9.993040957898353e-09,NORMAL
8713,0.9993040957898353,0.0006958942171238407,9.993040957898353e-09,NORMAL
8714,0.9993040957898353,0.0006958942171238407,9.993040957898353e-09,NORMAL
8715,0.9993040957898353,0.0006958942171238407,9.993040957898353e-09,NORMAL
8716,0.9993040957898353,0.0006958942171238407,9.993040957898353e-09,NORMAL
8717,0.9993040957898353,0.0006958942171238407,9.993040957898353e-09,NORMAL
8718,0.9993040957898353,0.0006958942171238407,9.993040957898353e-09,NORMAL
8719,0.9993040957898353,0.0006958942171238407,9.993040957898353e-09,NORMAL
8720,0.9993040957898353,0.0006958942171238407,9.993040957898353e-09,NORMAL
8721,0.9993040957898353,0.0006958942171238407,9.993040957898353e-09,NORMAL
8722,0.9993040957898353,0.0006958942171238407,9.993040957898353e-09,NORMAL
8723,0.9993040957898353,0.0006958942171238407,9.993040957898353e-09,NORMAL
8724,0.9993040957898353,0.0006958942171238407,9.993040957898353e-09,NORMAL
8725,0.9993040957898353,0.0006958942171238407,9.993040957898353e-09,NORMAL
8726,0.9993040957898353,0.0006958942171238407,9.993040957898353e-09,NORMAL
8727,0.9993040957898353,0.0006958942171238407,9.993040957898353e-09,NORMAL
8728,0.9993040957898353,0.0006958942171238407,9.993040957898353e-09,NORMAL
8729,0.9993040957898353,0.0006958942171238407,9.993040957898353e-09,NORMAL
8730,0.9999999800000006,9.999999800000005e-09,9.999999800000005e-09,NORMAL
8731,0.9999999800000006,9.999999800000005e-09,9.999999800000005e-09,NORMAL
8732,0.9999999800000006,9.999999800000005e-09,9.999999800000005e-09,NORMAL
8733,0.9999999800000006,9.999999800000005e-09,9.999999800000005e-09,NORMAL
8734,0.9999999800000006,9.999999800000005e-09,9.999999800000005e-09,NORMAL
8735,0.9999999800000006,9.999999800000005e-09,9.999999800000005e-09,NORMAL
8736,0.9999999800000006,9.999999800000005e-09,9.999999800000005e-09,NORMAL
8737,0.9999999800000006,9.999999800000005e-09,9.999999800000005e-09,NORMAL
8738,0.9999999800000006,9.999999800000005e-09,9.999999800000005e-09,NORMAL
8739,0.9999999800000006,9.999999800000005e-09,9.999999800000005e-09,NORMAL
8740,0.9999999800000006,9.999999800000005e-09,9.999999800000005e-09,NORMAL
8741,0.9999999800000006,9.999999800000005e-09,9.999999800000005e-09,NORMAL
8742,0.9999999800000006,9.999999800000005e-09,9.999999800000005e-09,NORMAL
8743,0.9999999800000006,9.999999800000005e-09,9.999999800000005e-09,NORMAL
8744,0.9999999800000006,9.999999800000005e-09,9.999999800000005e-09,NORMAL
8745,0.9999999800000006,9.999999800000005e-09,9.999999800000005e-09,NORMAL
8746,0.9999999800000006,9.999999800000005e-09,9.999999800000005e-09,NORMAL
8747,0.9999999800000006,9.999999800000005e-09,9.999999800000005e-09,NORMAL
8748,0.9999999800000006,9.999999800000005e-09,9.999999800000005e-09,NORMAL
8749,0.9999999800000006,9.999999800000005e-09,9.999999800000005e-09,NORMAL
8750,0.9999999800000006,9.999999800000005e-09,9.999999800000005e-09,NORMAL
8751,0.9999999800000006,9.999999800000005e-09,9.999999800000005e-09,NORMAL
8752,0.9999999800000006,9.999999800000005e-09,9.999999800000005e-09,NORMAL
8753,0.9999999800000006,9.999999800000005e-09,9.999999800000005e-09,NORMAL
8754,0.9999999800000006,9.999999800000005e-09,9.999999800000005e-09,NORMAL
8755,0.9999999800000006,9.999999800000005e-09,9.999999800000005e-09,NORMAL
8756,0.9999999800000006,9.999999800000005e-09,9.999999800000005e-09,NORMAL
8757,0.9999999800000006,9.999999800000005e-09,9.999999800000005e-09,NORMAL
8758,0.9999999800000006,9.999999800000005e-09,9.999999800000005e-09,NORMAL
8759,0.9999999800000006,9.999999800000005e-09,9.999999800000005e-09,NORMAL
8760,0.9999999800000006,9.999999800000005e-09,9.999999800000005e-09,NORMAL
8761,0.9999999800000006,9.999999800000005e-09,9.999999800000005e-09,NORMAL
8762,0.9999999800000006,9.999999800000005e-09,9.999999800000005e-09,NORMAL
8763,0.9999999800000006,9.999999800000005e-09,9.999999800000005e-09,NORMAL
8764,0.9999999800000006,9.999999800000005e-09,9.999999800000005e-09,NORMAL
8765,0.9999999800000006,9.999999800000005e-09,9.999999800000005e-09,NORMAL
8766,0.9993040957898353,0.0006958942171238407,9.993040957898353e-09,NORMAL
8767,0.9993040957898353,0.0006958942171238407,9.993040957898353e-09,NORMAL
8768,0.9993040957898353,0.0006958942171238407,9.993040957898353e-09,NORMAL
8769,0.9993040957898353,0.0006958942171238407,9.993040957898353e-09,NORMAL
8770,0.9993040957898353,0.0006958942171238407,9.993040957898353e-09,NORMAL
8771,0.9993040957898353,0.0006958942171238407,9.993040957898353e-09,NORMAL
8772,0.9993040957898353,0.0006958942171238407,9.993040957898353e-09,NORMAL
8773,0.9993040957898353,0.0006958942171238407,9.993040957898353e-09,NORMAL
8774,0.9993040957898353,0.0006958942171238407,9.993040957898353e-09,NORMAL
8775,0.9993040957898353,0.0006958942171238407,9.993040957898353e-09,NORMAL
8776,0.9993040957898353,0.0006958942171238407,9.993040957898353e-09,NORMAL
8777,0.9993040957898353,0.0006958942171238407,9.993040957898353e-09,NORMAL
8778,0.9993040957898353,0.0006958942171238407,9.993040957898353e-09,NORMAL
8779,0.9993040957898353,0.0006958942171238407,9.993040957898353e-09,NORMAL
8780,0.9993040957898353,0.0006958942171238407,9.993040957898353e-09,NORMAL
8781,0.9993040957898353,0.0006958942171238407,9.993040957898353e-09,NORMAL
8782,0.9993040957898353,0.0006958942171238407,9.993040957898353e-09,NORMAL
8783,0.9993040957898353,0.0006958942171238407,9.993040957898353e-09,NORMAL
8784,0.9999999800000006,9.999999800000005e-09,9.999999800000005e-09,NORMAL
8785,0.9999999800000006,9.999999800000005e-09,9.999999800000005e-09,NORMAL
8786,0.9999999800000006,9.999999800000005e-09,9.999999800000005e-09,NORMAL
8787,0.9999999800000006,9.999999800000005e-09,9.999999800000005e-09,NORMAL
8788,0.9999999800000006,9.999999800000005e-09,9.999999800000005e-09,NORMAL
8789,0.9999999800000006,9.999999800000005e-09,9.999999800000005e-09,NORMAL
8790,0.9999999800000006,9.999999800000005e-09,9.999999800000005e-09,NORMAL
8791,0.9999999800000006,9.999999800000005e-09,9.999999800000005e-09,NORMAL
8792,0.9999999800000006,9.999999800000005e-09,9.999999800000005e-09,NORMAL
8793,0.9999999800000006,9.999999800000005e-09,9.999999800000005e-09,NORMAL
8794,0.9999999800000006,9.999999800000005e-09,9.999999800000005e-09,NORMAL
8795,0.9999999800000006,9.999999800000005e-09,9.999999800000005e-09,NORMAL
8796,0.9999999800000006,9.999999800000005e-09,9.999999800000005e-09,NORMAL
8797,0.9999999800000006,9.999999800000005e-09,9.999999800000005e-09,NORMAL
8798,0.9999999800000006,9.999999800000005e-09,9.999999800000005e-09,NORMAL
8799,0.9999999800000006,9.999999800000005e-09,9.999999800000005e-09,NORMAL
8800,0.9999999800000006,9.999999800000005e-09,9.999999800000005e-09,NORMAL
8801,0.9999999800000006,9.999999800000005e-09,9.999999800000005e-09,NORMAL
8802,0.9999999800000006,9.999999800000005e-09,9.999999800000005e-09,NORMAL
8803,0.9999999800000006,9.999999800000005e-09,9.999999800000005e-09,NORMAL
8804,0.9999999800000006,9.999999800000005e-09,9.999999800000005e-09,NORMAL
8805,0.9999999800000006,9.999999800000005e-09,9.999999800000005e-09,NORMAL
8806,0.9999999800000006,9.999999800000005e-09,9.999999800000005e-09,NORMAL
8807,0.9999999800000006,9.999999800000005e-09,9.999999800000005e-09,NORMAL
8808,0.9999999800000006,9.999999800000005e-09,9.999999800000005e-09,NORMAL
8809,0.9999999800000006,9.999999800000005e-09,9.999999800000005e-09,NORMAL
8810,0.9999999800000006,9.999999800000005e-09,9.999999800000005e-09,NORMAL
8811,0.9999999800000006,9.999999800000005e-09,9.999999800000005e-09,NORMAL
8812,0.9999999800000006,9.999999800000005e-09,9.999999800000005e-09,NORMAL
8813,0.9999999800000006,9.999999800000005e-09,9.999999800000005e-09,NORMAL
8814,0.9999999800000006,9.999999800000005e-09,9.999999800000005e-09,NORMAL
8815,0.9999999800000006,9.999999800000005e-09,9.999999800000005e-09,NORMAL
8816,0.9999999800000006,9.999999800000005e-09,9.999999800000005e-09,NORMAL
8817,0.9999999800000006,9.999999800000005e-09,9.999999800000005e-09,NORMAL
8818,0.9999999800000006,9.999999800000005e-09,9.999999800000005e-09,NORMAL
8819,0.9999999800000006,9.999999800000005e-09,9.999999800000005e-09,NORMAL
8820,0.9993040957898353,0.0006958942171238407,9.993040957898353e-09,NORMAL
8821,0.9993040957898353,0.0006958942171238407,9.993040957898353e-09,NORMAL
8822,0.9993040957898353,0.0006958942171238407,9.993040957898353e-09,NORMAL
8823,0.9993040957898353,0.0006958942171238407,9.993040957898353e-09,NORMAL
8824,0.9993040957898353,0.0006958942171238407,9.993040957898353e-09,NORMAL
8825,0.9993040957898353,0.0006958942171238407,9.993040957898353e-09,NORMAL
8826,0.9993040957898353,0.0006958942171238407,9.993040957898353e-09,NORMAL
8827,0.9993040957898353,0.0006958942171238407,9.993040957898353e-09,NORMAL
8828,0.9993040957898353,0.0006958942171238407,9.993040957898353e-09,NORMAL
8829,0.9993040957898353,0.0006958942171238407,9.993040957898353e-09,NORMAL
8830,0.9993040957898353,0.0006958942171238407,9.993040957898353e-09,NORMAL
8831,0.9993040957898353,0.0006958942171238407,9.993040957898353e-09,NORMAL
8832,0.9993040957898353,0.0006958942171238407,9.993040957898353e-09,NORMAL
8833,0.9993040957898353,0.0006958942171238407,9.993040957898353e-09,NORMAL
8834,0.9993040957898353,0.0006958942171238407,9.993040957898353e-09,NORMAL
8835,0.9993040957898353,0.0006958942171238407,9.993040957898353e-09,NORMAL
8836,0.9993040957898353,0.0006958942171238407,9.993040957898353e-09,NORMAL
8837,0.9993040957898353,0.0006958942171238407,9.993040957898353e-09,NORMAL
8838,0.9993040957898353,0.0006958942171238407,9.993040957898353e-09,NORMAL
8839,0.9993040957898353,0.0006958942171238407,9.993040957898353e-09,NORMAL
8840,0.9993040957898353,0.0006958942171238407,9.993040957898353e-09,NORMAL
8841,0.9993040957898353,0.0006958942171238407,9.993040957898353e-09,NORMAL
8842,0.9993040957898353,0.0006958942171238407,9.993040957898353e-09,NORMAL
8843,0.9993040957898353,0.0006958942171238407,9.993040957898353e-09,NORMAL
8844,0.9993040957898353,0.0006958942171238407,9.993040957898353e-09,NORMAL
8845,0.9993040957898353,0.0006958942171238407,9.993040957898353e-09,NORMAL
8846,0.9993040957898353,0.0006958942171238407,9.993040957898353e-09,NORMAL
8847,0.9993040957898353,0.0006958942171238407,9.993040957898353e-09,NORMAL
8848,0.9993040957898353,0.0006958942171238407,9.993040957898353e-09,NORMAL
8849,0.9993040957898353,0.0006958942171238407,9.993040957898353e-09,NORMAL
8850,0.9993040957898353,0.0006958942171238407,9.993040957898353e-09,NORMAL
8851,0.9993040957898353,0.0006958942171238407,9.993040957898353e-09,NORMAL
8852,0.9993040957898353,0.0006958942171238407,9.993040957898353e-09,NORMAL
8853,0.9993040957898353,0.0006958942171238407,9.993040957898353e-09,NORMAL
8854,0.9993040957898353,0.0006958942171238407,9.993040957898353e-09,NORMAL
8855,0.9993040957898353,0.0006958942171238407,9.993040957898353e-09,NORMAL
8856,0.9999999800000006,9.999999800000005e-09,9.999999800000005e-09,NORMAL
8857,0.9999999800000006,9.999999800000005e-09,9.999999800000005e-09,NORMAL
8858,0.9999999800000006,9.999999800000005e-09,9.999999800000005e-09,NORMAL
8859,0.9999999800000006,9.999999800000005e-09,9.999999800000005e-09,NORMAL
8860,0.9999999800000006,9.999999800000005e-09,9.999999800000005e-09,NORMAL
8861,0.9999999800000006,9.999999800000005e-09,9.999999800000005e-09,NORMAL
8862,0.9999999800000006,9.999999800000005e-09,9.999999800000005e-09,NORMAL
8863,0.9999999800000006,9.999999800000005e-09,9.999999800000005e-09,NORMAL
8864,0.9999999800000006,9.999999800000005e-09,9.999999800000005e-09,NORMAL
8865,0.9999999800000006,9.999999800000005e-09,9.999999800000005e-09,NORMAL
8866,0.9999999800000006,9.999999800000005e-09,9.999999800000005e-09,NORMAL
8867,0.9999999800000006,9.999999800000005e-09,9.999999800000005e-09,NORMAL
8868,0.9999999800000006,9.999999800000005e-09,9.999999800000005e-09,NORMAL
8869,0.9999999800000006,9.999999800000005e-09,9.999999800000005e-09,NORMAL
8870,0.9999999800000006,9.999999800000005e-09,9.999999800000005e-09,NORMAL
8871,0.9999999800000006,9.999999800000005e-09,9.999999800000005e-09,NORMAL
8872,0.9999999800000006,9.999999800000005e-09,9.999999800000005e-09,NORMAL
8873,0.9999999800000006,9.999999800000005e-09,9.999999800000005e-09,NORMAL
8874,0.9993040957898353,0.0006958942171238407,9.993040957898353e-09,NORMAL
8875,0.9993040957898353,0.0006958942171238407,9.993040957898353e-09,NORMAL
8876,0.9993040957898353,0.0006958942171238407,9.993040957898353e-09,NORMAL
8877,0.9993040957898353,0.0006958942171238407,9.993040957898353e-09,NORMAL
8878,0.9993040957898353,0.0006958942171238407,9.993040957898353e-09,NORMAL
8879,0.9993040957898353,0.0006958942171238407,9.993040957898353e-09,NORMAL
8880,0.9993040957898353,0.0006958942171238407,9.993040957898353e-09,NORMAL
8881,0.9993040957898353,0.0006958942171238407,9.993040957898353e-09,NORMAL
8882,0.9993040957898353,0.0006958942171238407,9.993040957898353e-09,NORMAL
8883,0.9993040957898353,0.0006958942171238407,9.993040957898353e-09,NORMAL
8884,0.9993040957898353,0.0006958942171238407,9.993040957898353e-09,NORMAL
8885,0.9993040957898353,0.0006958942171238407,9.993040957898353e-09,NORMAL
8886,0.9993040957898353,0.0006958942171238407,9.993040957898353e-09,NORMAL
8887,0.9993040957898353,0.0006958942171238407,9.993040957898353e-09,NORMAL
8888,0.9993040957898353,0.0006958942171238407,9.993040957898353e-09,NORMAL
8889,0.9993040957898353,0.0006958942171238407,9.993040957898353e-09,NORMAL
8890,0.9993040957898353,0.0006958942171238407,9.993040957898353e-09,NORMAL
8891,0.9993040957898353,0.0006958942171238407,9.993040957898353e-09,NORMAL
8892,0.9999999800000006,9.999999800000005e-09,9.999999800000005e-09,NORMAL
8893,0.9999999800000006,9.999999800000005e-09,9.999999800000005e-09,NORMAL
8894,0.9999999800000006,9.999999800000005e-09,9.999999800000005e-09,NORMAL
8895,0.9999999800000006,9.999999800000005e-09,9.999999800000005e-09,NORMAL
8896,0.9999999800000006,9.999999800000005e-09,9.999999800000005e-09,NORMAL
8897,0.9999999800000006,9.999999800000005e-09,9.999999800000005e-09,NORMAL
8898,0.9999999800000006,9.999999800000005e-09,9.999999800000005e-09,NORMAL
8899,0.9999999800000006,9.999999800000005e-09,9.999999800000005e-09,NORMAL
8900,0.9999999800000006,9.999999800000005e-09,9.999999800000005e-09,NORMAL
8901,0.9999999800000006,9.999999800000005e-09,9.999999800000005e-09,NORMAL
8902,0.9999999800000006,9.999999800000005e-09,9.999999800000005e-09,NORMAL
8903,0.9999999800000006,9.999999800000005e-09,9.999999800000005e-09,NORMAL
8904,0.9999999800000006,9.999999800000005e-09,9.999999800000005e-09,NORMAL
8905,0.9999999800000006,9.999999800000005e-09,9.999999800000005e-09,NORMAL
8906,0.9999999800000006,9.999999800000005e-09,9.999999800000005e-09,NORMAL
8907,0.9999999800000006,9.999999800000005e-09,9.999999800000005e-09,NORMAL
8908,0.9999999800000006,9.999999800000005e-09,9.999999800000005e-09,NORMAL
8909,0.9999999800000006,9.999999800000005e-09,9.999999800000005e-09,NORMAL
8910,0.9993040957898353,0.0006958942171238407,9.993040957898353e-09,NORMAL
8911,0.9993040957898353,0.0006958942171238407,9.993040957898353e-09,NORMAL
8912,0.9993040957898353,0.0006958942171238407,9.993040957898353e-09,NORMAL
8913,0.9993040957898353,0.0006958942171238407,9.993040957898353e-09,NORMAL
8914,0.9993040957898353,0.0006958942171238407,9.993040957898353e-09,NORMAL
8915,0.9993040957898353,0.0006958942171238407,9.993040957898353e-09,NORMAL
8916,0.9993040957898353,0.0006958942171238407,9.993040957898353e-09,NORMAL
8917,0.9993040957898353,0.0006958942171238407,9.993040957898353e-09,NORMAL
8918,0.9993040957898353,0.0006958942171238407,9.993040957898353e-09,NORMAL
8919,0.9993040957898353,0.0006958942171238407,9.993040957898353e-09,NORMAL
8920,0.9993040957898353,0.0006958942171238407,9.993040957898353e-09,NORMAL
8921,0.9993040957898353,0.0006958942171238407,9.993040957898353e-09,NORMAL
8922,0.9993040957898353,0.0006958942171238407,9.993040957898353e-09,NORMAL
8923,0.9993040957898353,0.0006958942171238407,9.993040957898353e-09,NORMAL
8924,0.9993040957898353,0.0006958942171238407,9.993040957898353e-09,NORMAL
8925,0.9993040957898353,0.0006958942171238407,9.993040957898353e-09,NORMAL
8926,0.9993040957898353,0.0006958942171238407,9.993040957898353e-09,NORMAL
8927,0.9993040957898353,0.0006958942171238407,9.993040957898353e-09,NORMAL
8928,0.9993040957898353,0.0006958942171238407,9.993040957898353e-09,NORMAL
8929,0.9993040957898353,0.0006958942171238407,9.993040957898353e-09,NORMAL
8930,0.9993040957898353,0.0006958942171238407,9.993040957898353e-09,NORMAL
8931,0.9993040957898353,0.0006958942171238407,9.993040957898353e-09,NORMAL
8932,0.9993040957898353,0.0006958942171238407,9.993040957898353e-09,NORMAL
8933,0.9993040957898353,0.0006958942171238407,9.993040957898353e-09,NORMAL
8934,0.9993040957898353,0.0006958942171238407,9.993040957898353e-09,NORMAL
8935,0.9993040957898353,0.0006958942171238407,9.993040957898353e-09,NORMAL
8936,0.9993040957898353,0.0006958942171238407,9.993040957898353e-09,NORMAL
8937,0.9993040957898353,0.0006958942171238407,9.993040957898353e-09,NORMAL
8938,0.9993040957898353,0.0006958942171238407,9.993040957898353e-09,NORMAL
8939,0.9993040957898353,0.0006958942171238407,9.993040957898353e-09,NORMAL
8940,0.9993040957898353,0.0006958942171238407,9.993040957898353e-09,NORMAL
8941,0.9993040957898353,0.0006958942171238407,9.993040957898353e-09,NORMAL
8942,0.9993040957898353,0.0006958942171238407,9.993040957898353e-09,NORMAL
8943,0.9993040957898353,0.0006958942171238407,9.993040957898353e-09,NORMAL
8944,0.9993040957898353,0.0006958942171238407,9.993040957898353e-09,NORMAL
8945,0.9993040957898353,0.0006958942171238407,9.993040957898353e-09,NORMAL
8946,0.9999999800000006,9.999999800000005e-09,9.999999800000005e-09,NORMAL
8947,0.9999999800000006,9.999999800000005e-09,9.999999800000005e-09,NORMAL
8948,0.9999999800000006,9.999999800000005e-09,9.999999800000005e-09,NORMAL
8949,0.9999999800000006,9.999999800000005e-09,9.999999800000005e-09,NORMAL
8950,0.9999999800000006,9.999999800000005e-09,9.999999800000005e-09,NORMAL
8951,0.9999999800000006,9.999999800000005e-09,9.999999800000005e-09,NORMAL
8952,0.9999999800000006,9.999999800000005e-09,9.999999800000005e-09,NORMAL
8953,0.9999999800000006,9.999999800000005e-09,9.999999800000005e-09,NORMAL
8954,0.9999999800000006,9.999999800000005e-09,9.999999800000005e-09,NORMAL
8955,0.9999999800000006,9.999999800000005e-09,9.999999800000005e-09,NORMAL
8956,0.9999999800000006,9.999999800000005e-09,9.999999800000005e-09,NORMAL
8957,0.9999999800000006,9.999999800000005e-09,9.999999800000005e-09,NORMAL
8958,0.9999999800000006,9.999999800000005e-09,9.999999800000005e-09,NORMAL
8959,0.9999999800000006,9.999999800000005e-09,9.999999800000005e-09,NORMAL
8960,0.9999999800000006,9.999999800000005e-09,9.999999800000005e-09,NORMAL
8961,0.9999999800000006,9.999999800000005e-09,9.999999800000005e-09,NORMAL
8962,0.9999999800000006,9.999999800000005e-09,9.999999800000005e-09,NORMAL
8963,0.9999999800000006,9.999999800000005e-09,9.999999800000005e-09,NORMAL
8964,0.9999999800000006,9.999999800000005e-09,9.999999800000005e-09,NORMAL
8965,0.9999999800000006,9.999999800000005e-09,9.999999800000005e-09,NORMAL
8966,0.9999999800000006,9.999999800000005e-09,9.999999800000005e-09,NORMAL
8967,0.9999999800000006,9.999999800000005e-09,9.999999800000005e-09,NORMAL
8968,0.9999999800000006,9.999999800000005e-09,9.999999800000005e-09,NORMAL
8969,0.9999999800000006,9.999999800000005e-09,9.999999800000005e-09,NORMAL
8970,0.9999999800000006,9.999999800000005e-09,9.999999800000005e-09,NORMAL
8971,0.9999999800000006,9.999999800000005e-09,9.999999800000005e-09,NORMAL
8972,0.9999999800000006,9.999999800000005e-09,9.999999800000005e-09,NORMAL
8973,0.9999999800000006,9.999999800000005e-09,9.999999800000005e-09,NORMAL
8974,0.9999999800000006,9.999999800000005e-09,9.999999800000005e-09,NORMAL
8975,0.9999999800000006,9.999999800000005e-09,9.999999800000005e-09,NORMAL
8976,0.9999999800000006,9.999999800000005e-09,9.999999800000005e-09,NORMAL
8977,0.9999999800000006,9.999999800000005e-09,9.999999800000005e-09,NORMAL
8978,0.9999999800000006,9.999999800000005e-09,9.999999800000005e-09,NORMAL
8979,0.9999999800000006,9.999999800000005e-09,9.999999800000005e-09,NORMAL
8980,0.9999999800000006,9.999999800000005e-09,9.999999800000005e-09,NORMAL
8981,0.9999999800000006,9.999999800000005e-09,9.999999800000005e-09,NORMAL
8982,0.9999999800000006,9.999999800000005e-09,9.999999800000005e-09,NORMAL
8983,0.9999999800000006,9.999999800000005e-09,9.999999800000005e-09,NORMAL
8984,0.9999999800000006,9.999999800000005e-09,9.999999800000005e-09,NORMAL
8985,0.9999999800000006,9.999999800000005e-09,9.999999800000005e-09,NORMAL
8986,0.9999999800000006,9.999999800000005e-09,9.999999800000005e-09,NORMAL
8987,0.9999999800000006,9.999999800000005e-09,9.999999800000005e-09,NORMAL
8988,0.9999999800000006,9.999999800000005e-09,9.999999800000005e-09,NORMAL
8989,0.9999999800000006,9.999999800000005e-09,9.999999800000005e-09,NORMAL
8990,0.9999999800000006,9.999999800000005e-09,9.999999800000005e-09,NORMAL
8991,0.9999999800000006,9.999999800000005e-09,9.999999800000005e-09,NORMAL
8992,0.9999999800000006,9.999999800000005e-09,9.999999800000005e-09,NORMAL
8993,0.9999999800000006,9.999999800000005e-09,9.999999800000005e-09,NORMAL
8994,0.9999999800000006,9.999999800000005e-09,9.999999800000005e-09,NORMAL
8995,0.9999999800000006,9.999999800000005e-09,9.999999800000005e-09,NORMAL
8996,0.9999999800000006,9.999999800000005e-09,9.999999800000005e-09,NORMAL
8997,0.9999999800000006,9.999999800000005e-09,9.999999800000005e-09,NORMAL
8998,0.9999999800000006,9.999999800000005e-09,9.999999800000005e-09,NORMAL
8999,0.9999999800000006,9.999999800000005e-09,9.999999800000005e-09,NORMAL
9000,0.9993040957898353,0.0006958942171238407,9.993040957898353e-09,NORMAL
9001,0.9993040957898353,0.0006958942171238407,9.993040957898353e-09,NORMAL
9002,0.9993040957898353,0.0006958942171238407,9.993040957898353e-09,NORMAL
9003,0.9993040957898353,0.0006958942171238407,9.993040957898353e-09,NORMAL
9004,0.9993040957898353,0.0006958942171238407,9.993040957898353e-09,NORMAL
9005,0.9993040957898353,0.0006958942171238407,9.993040957898353e-09,NORMAL
9006,0.9993040957898353,0.0006958942171238407,9.993040957898353e-09,NORMAL
9007,0.9993040957898353,0.0006958942171238407,9.993040957898353e-09,NORMAL
9008,0.9993040957898353,0.0006958942171238407,9.993040957898353e-09,NORMAL
9009,0.9993040957898353,0.0006958942171238407,9.993040957898353e-09,NORMAL
9010,0.9993040957898353,0.0006958942171238407,9.993040957898353e-09,NORMAL
9011,0.9993040957898353,0.0006958942171238407,9.993040957898353e-09,NORMAL
9012,0.9993040957898353,0.0006958942171238407,9.993040957898353e-09,NORMAL
9013,0.9993040957898353,0.0006958942171238407,9.993040957898353e-09,NORMAL
9014,0.9993040957898353,0.0006958942171238407,9.993040957898353e-09,NORMAL
9015,0.9993040957898353,0.0006958942171238407,9.993040957898353e-09,NORMAL
9016,0.9993040957898353,0.0006958942171238407,9.993040957898353e-09,NORMAL
9017,0.9993040957898353,0.0006958942171238407,9.993040957898353e-09,NORMAL
9018,0.9999999800000006,9.999999800000005e-09,9.999999800000005e-09,NORMAL
9019,0.9999999800000006,9.999999800000005e-09,9.999999800000005e-09,NORMAL
9020,0.9999999800000006,9.999999800000005e-09,9.999999800000005e-09,NORMAL
9021,0.9999999800000006,9.999999800000005e-09,9.999999800000005e-09,NORMAL
9022,0.9999999800000006,9.999999800000005e-09,9.999999800000005e-09,NORMAL
9023,0.9999999800000006,9.999999800000005e-09,9.999999800000005e-09,NORMAL
9024,0.9999999800000006,9.999999800000005e-09,9.999999800000005e-09,NORMAL
9025,0.9999999800000006,9.999999800000005e-09,9.999999800000005e-09,NORMAL
9026,0.9999999800000006,9.999999800000005e-09,9.999999800000005e-09,NORMAL
9027,0.9999999800000006,9.999999800000005e-09,9.999999800000005e-09,NORMAL
9028,0.9999999800000006,9.999999800000005e-09,9.999999800000005e-09,NORMAL
9029,0.9999999800000006,9.999999800000005e-09,9.999999800000005e-09,NORMAL
9030,0.9999999800000006,9.999999800000005e-09,9.999999800000005e-09,NORMAL
9031,0.9999999800000006,9.999999800000005e-09,9.999999800000005e-09,NORMAL
9032,0.9999999800000006,9.999999800000005e-09,9.999999800000005e-09,NORMAL
9033,0.9999999800000006,9.999999800000005e-09,9.999999800000005e-09,NORMAL
9034,0.9999999800000006,9.999999800000005e-09,9.999999800000005e-09,NORMAL
9035,0.9999999800000006,9.999999800000005e-09,9.999999800000005e-09,NORMAL
9036,0.9999999800000006,9.999999800000005e-09,9.999999800000005e-09,NORMAL
9037,0.9999999800000006,9.999999800000005e-09,9.999999800000005e-09,NORMAL
9038,0.9999999800000006,9.999999800000005e-09,9.999999800000005e-09,NORMAL
9039,0.9999999800000006,9.999999800000005e-09,9.999999800000005e-09,NORMAL
9040,0.9999999800000006,9.999999800000005e-09,9.999999800000005e-09,NORMAL
9041,0.9999999800000006,9.999999800000005e-09,9.999999800000005e-09,NORMAL
9042,0.9999999800000006,9.999999800000005e-09,9.999999800000005e-09,NORMAL
9043,0.9999999800000006,9.999999800000005e-09,9.999999800000005e-09,NORMAL
9044,0.9999999800000006,9.999999800000005e-09,9.999999800000005e-09,NORMAL
9045,0.9999999800000006,9.999999800000005e-09,9.999999800000005e-09,NORMAL
9046,0.9999999800000006,9.999999800000005e-09,9.999999800000005e-09,NORMAL
9047,0.9999999800000006,9.999999800000005e-09,9.999999800000005e-09,NORMAL
9048,0.9999999800000006,9.999999800000005e-09,9.999999800000005e-09,NORMAL
9049,0.9999999800000006,9.999999800000005e-09,9.999999800000005e-09,NORMAL
9050,0.9999999800000006,9.999999800000005e-09,9.999999800000005e-09,NORMAL
9051,0.9999999800000006,9.999999800000005e-09,9.999999800000005e-09,NORMAL
9052,0.9999999800000006,9.999999800000005e-09,9.999999800000005e-09,NORMAL
9053,0.9999999800000006,9.999999800000005e-09,9.999999800000005e-09,NORMAL
9054,0.9999999800000006,9.999999800000005e-09,9.999999800000005e-09,NORMAL
9055,0.9999999800000006,9.999999800000005e-09,9.999999800000005e-09,NORMAL
9056,0.9999999800000006,9.999999800000005e-09,9.999999800000005e-09,NORMAL
9057,0.9999999800000006,9.999999800000005e-09,9.999999800000005e-09,NORMAL
9058,0.9999999800000006,9.999999800000005e-09,9.999999800000005e-09,NORMAL
9059,0.9999999800000006,9.999999800000005e-09,9.999999800000005e-09,NORMAL
9060,0.9999999800000006,9.999999800000005e-09,9.999999800000005e-09,NORMAL
9061,0.9999999800000006,9.999999800000005e-09,9.999999800000005e-09,NORMAL
9062,0.9999999800000006,9.999999800000005e-09,9.999999800000005e-09,NORMAL
9063,0.9999999800000006,9.999999800000005e-09,9.999999800000005e-09,NORMAL
9064,0.9999999800000006,9.999999800000005e-09,9.999999800000005e-09,NORMAL
9065,0.9999999800000006,9.999999800000005e-09,9.999999800000005e-09,NORMAL
9066,0.9999999800000006,9.999999800000005e-09,9.999999800000005e-09,NORMAL
9067,0.9999999800000006,9.999999800000005e-09,9.999999800000005e-09,NORMAL
9068,0.9999999800000006,9.999999800000005e-09,9.999999800000005e-09,NORMAL
9069,0.9999999800000006,9.999999800000005e-09,9.999999800000005e-09,NORMAL
9070,0.9999999800000006,9.999999800000005e-09,9.999999800000005e-09,NORMAL
9071,0.9999999800000006,9.999999800000005e-09,9.999999800000005e-09,NORMAL
9072,0.9999999800000006,9.999999800000005e-09,9.999999800000005e-09,NORMAL
9073,0.9999999800000006,9.999999800000005e-09,9.999999800000005e-09,NORMAL
9074,0.9999999800000006,9.999999800000005e-09,9.999999800000005e-09,NORMAL
9075,0.9999999800000006,9.999999800000005e-09,9.999999800000005e-09,NORMAL
9076,0.9999999800000006,9.999999800000005e-09,9.999999800000005e-09,NORMAL
9077,0.9999999800000006,9.999999800000005e-09,9.999999800000005e-09,NORMAL
9078,0.9999999800000006,9.999999800000005e-09,9.999999800000005e-09,NORMAL
9079,0.9999999800000006,9.999999800000005e-09,9.999999800000005e-09,NORMAL
9080,0.9999999800000006,9.999999800000005e-09,9.999999800000005e-09,NORMAL
9081,0.9999999800000006,9.999999800000005e-09,9.999999800000005e-09,NORMAL
9082,0.9999999800000006,9.999999800000005e-09,9.999999800000005e-09,NORMAL
9083,0.9999999800000006,9.999999800000005e-09,9.999999800000005e-09,NORMAL
9084,0.9999999800000006,9.999999800000005e-09,9.999999800000005e-09,NORMAL
9085,0.9999999800000006,9.999999800000005e-09,9.999999800000005e-09,NORMAL
9086,0.9999999800000006,9.999999800000005e-09,9.999999800000005e-09,NORMAL
9087,0.9999999800000006,9.999999800000005e-09,9.999999800000005e-09,NORMAL
9088,0.9999999800000006,9.999999800000005e-09,9.999999800000005e-09,NORMAL
9089,0.9999999800000006,9.999999800000005e-09,9.999999800000005e-09,NORMAL
9090,0.9993040957898353,0.0006958942171238407,9.993040957898353e-09,NORMAL
9091,0.9993040957898353,0.0006958942171238407,9.993040957898353e-09,NORMAL
9092,0.9993040957898353,0.0006958942171238407,9.993040957898353e-09,NORMAL
9093,0.9993040957898353,0.0006958942171238407,9.993040957898353e-09,NORMAL
9094,0.9993040957898353,0.0006958942171238407,9.993040957898353e-09,NORMAL
9095,0.9993040957898353,0.0006958942171238407,9.993040957898353e-09,NORMAL
9096,0.9993040957898353,0.0006958942171238407,9.993040957898353e-09,NORMAL
9097,0.9993040957898353,0.0006958942171238407,9.993040957898353e-09,NORMAL
9098,0.9993040957898353,0.0006958942171238407,9.993040957898353e-09,NORMAL
9099,0.9993040957898353,0.0006958942171238407,9.993040957898353e-09,NORMAL
9100,0.9993040957898353,0.0006958942171238407,9.993040957898353e-09,NORMAL
9101,0.9993040957898353,0.0006958942171238407,9.993040957898353e-09,NORMAL
9102,0.9993040957898353,0.0006958942171238407,9.993040957898353e-09,NORMAL
9103,0.9993040957898353,0.0006958942171238407,9.993040957898353e-09,NORMAL
9104,0.9993040957898353,0.0006958942171238407,9.993040957898353e-09,NORMAL
9105,0.9993040957898353,0.0006958942171238407,9.993040957898353e-09,NORMAL
9106,0.9993040957898353,0.0006958942171238407,9.993040957898353e-09,NORMAL
9107,0.9993040957898353,0.0006958942171238407,9.993040957898353e-09,NORMAL
9108,0.9999999800000006,9.999999800000005e-09,9.999999800000005e-09,NORMAL
9109,0.9999999800000006,9.999999800000005e-09,9.999999800000005e-09,NORMAL
9110,0.9999999800000006,9.999999800000005e-09,9.999999800000005e-09,NORMAL
9111,0.9999999800000006,9.999999800000005e-09,9.999999800000005e-09,NORMAL
9112,0.9999999800000006,9.999999800000005e-09,9.999999800000005e-09,NORMAL
9113,0.9999999800000006,9.999999800000005e-09,9.999999800000005e-09,NORMAL
9114,0.9999999800000006,9.999999800000005e-09,9.999999800000005e-09,NORMAL
9115,0.9999999800000006,9.999999800000005e-09,9.999999800000005e-09,NORMAL
9116,0.9999999800000006,9.999999800000005e-09,9.999999800000005e-09,NORMAL
9117,0.9999999800000006,9.999999800000005e-09,9.999999800000005e-09,NORMAL
9118,0.9999999800000006,9.999999800000005e-09,9.999999800000005e-09,NORMAL
9119,0.9999999800000006,9.999999800000005e-09,9.999999800000005e-09,NORMAL
9120,0.9999999800000006,9.999999800000005e-09,9.999999800000005e-09,NORMAL
9121,0.9999999800000006,9.999999800000005e-09,9.999999800000005e-09,NORMAL
9122,0.9999999800000006,9.999999800000005e-09,9.999999800000005e-09,NORMAL
9123,0.9999999800000006,9.999999800000005e-09,9.999999800000005e-09,NORMAL
9124,0.9999999800000006,9.999999800000005e-09,9.999999800000005e-09,NORMAL
9125,0.9999999800000006,9.999999800000005e-09,9.999999800000005e-09,NORMAL
9126,0.9993040957898353,0.0006958942171238407,9.993040957898353e-09,NORMAL
9127,0.9993040957898353,0.0006958942171238407,9.993040957898353e-09,NORMAL
9128,0.9993040957898353,0.0006958942171238407,9.993040957898353e-09,NORMAL
9129,0.9993040957898353,0.0006958942171238407,9.993040957898353e-09,NORMAL
9130,0.9993040957898353,0.0006958942171238407,9.993040957898353e-09,NORMAL
9131,0.9993040957898353,0.0006958942171238407,9.993040957898353e-09,NORMAL
9132,0.9993040957898353,0.0006958942171238407,9.993040957898353e-09,NORMAL
9133,0.9993040957898353,0.0006958942171238407,9.993040957898353e-09,NORMAL
9134,0.9993040957898353,0.0006958942171238407,9.993040957898353e-09,NORMAL
9135,0.9993040957898353,0.0006958942171238407,9.993040957898353e-09,NORMAL
9136,0.9993040957898353,0.0006958942171238407,9.993040957898353e-09,NORMAL
9137,0.9993040957898353,0.0006958942171238407,9.993040957898353e-09,NORMAL
9138,0.9993040957898353,0.0006958942171238407,9.993040957898353e-09,NORMAL
9139,0.9993040957898353,0.0006958942171238407,9.993040957898353e-09,NORMAL
9140,0.9993040957898353,0.0006958942171238407,9.993040957898353e-09,NORMAL
9141,0.9993040957898353,0.0006958942171238407,9.993040957898353e-09,NORMAL
9142,0.9993040957898353,0.0006958942171238407,9.993040957898353e-09,NORMAL
9143,0.9993040957898353,0.0006958942171238407,9.993040957898353e-09,NORMAL
9144,0.9999999800000006,9.999999800000005e-09,9.999999800000005e-09,NORMAL
9145,0.9999999800000006,9.999999800000005e-09,9.999999800000005e-09,NORMAL
9146,0.9999999800000006,9.999999800000005e-09,9.999999800000005e-09,NORMAL
9147,0.9999999800000006,9.999999800000005e-09,9.999999800000005e-09,NORMAL
9148,0.9999999800000006,9.999999800000005e-09,9.999999800000005e-09,NORMAL
9149,0.9999999800000006,9.999999800000005e-09,9.999999800000005e-09,NORMAL
9150,0.9999999800000006,9.999999800000005e-09,9.999999800000005e-09,NORMAL
9151,0.9999999800000006,9.999999800000005e-09,9.999999800000005e-09,NORMAL
9152,0.9999999800000006,9.999999800000005e-09,9.999999800000005e-09,NORMAL
9153,0.9999999800000006,9.999999800000005e-09,9.999999800000005e-09,NORMAL
9154,0.9999999800000006,9.999999800000005e-09,9.999999800000005e-09,NORMAL
9155,0.9999999800000006,9.999999800000005e-09,9.999999800000005e-09,NORMAL
9156,0.9999999800000006,9.999999800000005e-09,9.999999800000005e-09,NORMAL
9157,0.9999999800000006,9.999999800000005e-09,9.999999800000005e-09,NORMAL
9158,0.9999999800000006,9.999999800000005e-09,9.999999800000005e-09,NORMAL
9159,0.9999999800000006,9.999999800000005e-09,9.999999800000005e-09,NORMAL
9160,0.9999999800000006,9.999999800000005e-09,9.999999800000005e-09,NORMAL
9161,0.9999999800000006,9.999999800000005e-09,9.999999800000005e-09,NORMAL
9162,0.9993040957898353,0.0006958942171238407,9.993040957898353e-09,NORMAL
9163,0.9993040957898353,0.0006958942171238407,9.993040957898353e-09,NORMAL
9164,0.9993040957898353,0.0006958942171238407,9.993040957898353e-09,NORMAL
9165,0.9993040957898353,0.0006958942171238407,9.993040957898353e-09,NORMAL
9166,0.9993040957898353,0.0006958942171238407,9.993040957898353e-09,NORMAL
9167,0.9993040957898353,0.0006958942171238407,9.993040957898353e-09,NORMAL
9168,0.9993040957898353,0.0006958942171238407,9.993040957898353e-09,NORMAL
9169,0.9993040957898353,0.0006958942171238407,9.993040957898353e-09,NORMAL
9170,0.9993040957898353,0.0006958942171238407,9.993040957898353e-09,NORMAL
9171,0.9993040957898353,0.0006958942171238407,9.993040957898353e-09,NORMAL
9172,0.9993040957898353,0.0006958942171238407,9.993040957898353e-09,NORMAL
9173,0.9993040957898353,0.0006958942171238407,9.993040957898353e-09,NORMAL
9174,0.9993040957898353,0.0006958942171238407,9.993040957898353e-09,NORMAL
9175,0.9993040957898353,0.0006958942171238407,9.993040957898353e-09,NORMAL
9176,0.9993040957898353,0.0006958942171238407,9.993040957898353e-09,NORMAL
9177,0.9993040957898353,0.0006958942171238407,9.993040957898353e-09,NORMAL
9178,0.9993040957898353,0.0006958942171238407,9.993040957898353e-09,NORMAL
9179,0.9993040957898353,0.0006958942171238407,9.993040957898353e-09,NORMAL
9180,0.9999999800000006,9.999999800000005e-09,9.999999800000005e-09,NORMAL
9181,0.9999999800000006,9.999999800000005e-09,9.999999800000005e-09,NORMAL
9182,0.9999999800000006,9.999999800000005e-09,9.999999800000005e-09,NORMAL
9183,0.9999999800000006,9.999999800000005e-09,9.999999800000005e-09,NORMAL
9184,0.9999999800000006,9.999999800000005e-09,9.999999800000005e-09,NORMAL
9185,0.9999999800000006,9.999999800000005e-09,9.999999800000005e-09,NORMAL
9186,0.9999999800000006,9.999999800000005e-09,9.999999800000005e-09,NORMAL
9187,0.9999999800000006,9.999999800000005e-09,9.999999800000005e-09,NORMAL
9188,0.9999999800000006,9.999999800000005e-09,9.999999800000005e-09,NORMAL
9189,0.9999999800000006,9.999999800000005e-09,9.999999800000005e-09,NORMAL
9190,0.9999999800000006,9.999999800000005e-09,9.999999800000005e-09,NORMAL
9191,0.9999999800000006,9.999999800000005e-09,9.999999800000005e-09,NORMAL
9192,0.9999999800000006,9.999999800000005e-09,9.999999800000005e-09,NORMAL
9193,0.9999999800000006,9.999999800000005e-09,9.999999800000005e-09,NORMAL
9194,0.9999999800000006,9.999999800000005e-09,9.999999800000005e-09,NORMAL
9195,0.9999999800000006,9.999999800000005e-09,9.999999800000005e-09,NORMAL
9196,0.9999999800000006,9.999999800000005e-09,9.999999800000005e-09,NORMAL
9197,0.9999999800000006,9.999999800000005e-09,9.999999800000005e-09,NORMAL
9198,0.9999999800000006,9.999999800000005e-09,9.999999800000005e-09,NORMAL
9199,0.9999999800000006,9.999999800000005e-09,9.999999800000005e-09,NORMAL
9200,0.9999999800000006,9.999999800000005e-09,9.999999800000005e-09,NORMAL
9201,0.9999999800000006,9.999999800000005e-09,9.999999800000005e-09,NORMAL
9202,0.9999999800000006,9.999999800000005e-09,9.999999800000005e-09,NORMAL
9203,0.9999999800000006,9.999999800000005e-09,9.999999800000005e-09,NORMAL
9204,0.9999999800000006,9.999999800000005e-09,9.999999800000005e-09,NORMAL
9205,0.9999999800000006,9.999999800000005e-09,9.999999800000005e-09,NORMAL
9206,0.9999999800000006,9.999999800000005e-09,9.999999800000005e-09,NORMAL
9207,0.9999999800000006,9.999999800000005e-09,9.999999800000005e-09,NORMAL
9208,0.9999999800000006,9.999999800000005e-09,9.999999800000005e-09,NORMAL
9209,0.9999999800000006,9.999999800000005e-09,9.999999800000005e-09,NORMAL
9210,0.9999999800000006,9.999999800000005e-09,9.999999800000005e-09,NORMAL
9211,0.9999999800000006,9.999999800000005e-09,9.999999800000005e-09,NORMAL
9212,0.9999999800000006,9.999999800000005e-09,9.999999800000005e-09,NORMAL
9213,0.9999999800000006,9.999999800000005e-09,9.999999800000005e-09,NORMAL
9214,0.9999999800000006,9.999999800000005e-09,9.999999800000005e-09,NORMAL
9215,0.9999999800000006,9.999999800000005e-09,9.999999800000005e-09,NORMAL
9216,0.9999999800000006,9.999999800000005e-09,9.999999800000005e-09,NORMAL
9217,0.9999999800000006,9.999999800000005e-09,9.999999800000005e-09,NORMAL
9218,0.9999999800000006,9.999999800000005e-09,9.999999800000005e-09,NORMAL
9219,0.9999999800000006,9.999999800000005e-09,9.999999800000005e-09,NORMAL
9220,0.9999999800000006,9.999999800000005e-09,9.999999800000005e-09,NORMAL
9221,0.9999999800000006,9.999999800000005e-09,9.999999800000005e-09,NORMAL
9222,0.9999999800000006,9.999999800000005e-09,9.999999800000005e-09,NORMAL
9223,0.9999999800000006,9.999999800000005e-09,9.999999800000005e-09,NORMAL
9224,0.9999999800000006,9.999999800000005e-09,9.999999800000005e-09,NORMAL
9225,0.9999999800000006,9.999999800000005e-09,9.999999800000005e-09,NORMAL
9226,0.9999999800000006,9.999999800000005e-09,9.999999800000005e-09,NORMAL
9227,0.9999999800000006,9.999999800000005e-09,9.999999800000005e-09,NORMAL
9228,0.9999999800000006,9.999999800000005e-09,9.999999800000005e-09,NORMAL
9229,0.9999999800000006,9.999999800000005e-09,9.999999800000005e-09,NORMAL
9230,0.9999999800000006,9.999999800000005e-09,9.999999800000005e-09,NORMAL
9231,0.9999999800000006,9.999999800000005e-09,9.999999800000005e-09,NORMAL
9232,0.9999999800000006,9.999999800000005e-09,9.999999800000005e-09,NORMAL
9233,0.9999999800000006,9.999999800000005e-09,9.999999800000005e-09,NORMAL
9234,0.9993040957898353,0.0006958942171238407,9.993040957898353e-09,NORMAL
9235,0.9993040957898353,0.0006958942171238407,9.993040957898353e-09,NORMAL
9236,0.9993040957898353,0.0006958942171238407,9.993040957898353e-09,NORMAL
9237,0.9993040957898353,0.0006958942171238407,9.993040957898353e-09,NORMAL
9238,0.9993040957898353,0.0006958942171238407,9.993040957898353e-09,NORMAL
9239,0.9993040957898353,0.0006958942171238407,9.993040957898353e-09,NORMAL
9240,0.9993040957898353,0.0006958942171238407,9.993040957898353e-09,NORMAL
9241,0.9993040957898353,0.0006958942171238407,9.993040957898353e-09,NORMAL
9242,0.9993040957898353,0.0006958942171238407,9.993040957898353e-09,NORMAL
9243,0.9993040957898353,0.0006958942171238407,9.993040957898353e-09,NORMAL
9244,0.9993040957898353,0.0006958942171238407,9.993040957898353e-09,NORMAL
9245,0.9993040957898353,0.0006958942171238407,9.993040957898353e-09,NORMAL
9246,0.9993040957898353,0.0006958942171238407,9.993040957898353e-09,NORMAL
9247,0.9993040957898353,0.0006958942171238407,9.993040957898353e-09,NORMAL
9248,0.9993040957898353,0.0006958942171238407,9.993040957898353e-09,NORMAL
9249,0.9993040957898353,0.0006958942171238407,9.993040957898353e-09,NORMAL
9250,0.9993040957898353,0.0006958942171238407,9.993040957898353e-09,NORMAL
9251,0.9993040957898353,0.0006958942171238407,9.993040957898353e-09,NORMAL
9252,0.9993040957898353,0.0006958942171238407,9.993040957898353e-09,NORMAL
9253,0.9993040957898353,0.0006958942171238407,9.993040957898353e-09,NORMAL
9254,0.9993040957898353,0.0006958942171238407,9.993040957898353e-09,NORMAL
9255,0.9993040957898353,0.0006958942171238407,9.993040957898353e-09,NORMAL
9256,0.9993040957898353,0.0006958942171238407,9.993040957898353e-09,NORMAL
9257,0.9993040957898353,0.0006958942171238407,9.993040957898353e-09,NORMAL
9258,0.9993040957898353,0.0006958942171238407,9.993040957898353e-09,NORMAL
9259,0.9993040957898353,0.0006958942171238407,9.993040957898353e-09,NORMAL
9260,0.9993040957898353,0.0006958942171238407,9.993040957898353e-09,NORMAL
9261,0.9993040957898353,0.0006958942171238407,9.993040957898353e-09,NORMAL
9262,0.9993040957898353,0.0006958942171238407,9.993040957898353e-09,NORMAL
9263,0.9993040957898353,0.0006958942171238407,9.993040957898353e-09,NORMAL
9264,0.9993040957898353,0.0006958942171238407,9.993040957898353e-09,NORMAL
9265,0.9993040957898353,0.0006958942171238407,9.993040957898353e-09,NORMAL
9266,0.9993040957898353,0.0006958942171238407,9.993040957898353e-09,NORMAL
9267,0.9993040957898353,0.0006958942171238407,9.993040957898353e-09,NORMAL
9268,0.9993040957898353,0.0006958942171238407,9.993040957898353e-09,NORMAL
9269,0.9993040957898353,0.0006958942171238407,9.993040957898353e-09,NORMAL
9270,0.9993040957898353,0.0006958942171238407,9.993040957898353e-09,NORMAL
9271,0.9993040957898353,0.0006958942171238407,9.993040957898353e-09,NORMAL
9272,0.9993040957898353,0.0006958942171238407,9.993040957898353e-09,NORMAL
9273,0.9993040957898353,0.0006958942171238407,9.993040957898353e-09,NORMAL
9274,0.9993040957898353,0.0006958942171238407,9.993040957898353e-09,NORMAL
9275,0.9993040957898353,0.0006958942171238407,9.993040957898353e-09,NORMAL
9276,0.9993040957898353,0.0006958942171238407,9.993040957898353e-09,NORMAL
9277,0.9993040957898353,0.0006958942171238407,9.993040957898353e-09,NORMAL
9278,0.9993040957898353,0.0006958942171238407,9.993040957898353e-09,NORMAL
9279,0.9993040957898353,0.0006958942171238407,9.993040957898353e-09,NORMAL
9280,0.9993040957898353,0.0006958942171238407,9.993040957898353e-09,NORMAL
9281,0.9993040957898353,0.0006958942171238407,9.993040957898353e-09,NORMAL
9282,0.9993040957898353,0.0006958942171238407,9.993040957898353e-09,NORMAL
9283,0.9993040957898353,0.0006958942171238407,9.993040957898353e-09,NORMAL
9284,0.9993040957898353,0.0006958942171238407,9.993040957898353e-09,NORMAL
9285,0.9993040957898353,0.0006958942171238407,9.993040957898353e-09,NORMAL
9286,0.9993040957898353,0.0006958942171238407,9.993040957898353e-09,NORMAL
9287,0.9993040957898353,0.0006958942171238407,9.993040957898353e-09,NORMAL
9288,0.9993040957898353,0.0006958942171238407,9.993040957898353e-09,NORMAL
9289,0.9993040957898353,0.0006958942171238407,9.993040957898353e-09,NORMAL
9290,0.9993040957898353,0.0006958942171238407,9.993040957898353e-09,NORMAL
9291,0.9993040957898353,0.0006958942171238407,9.993040957898353e-09,NORMAL
9292,0.9993040957898353,0.0006958942171238407,9.993040957898353e-09,NORMAL
9293,0.9993040957898353,0.0006958942171238407,9.993040957898353e-09,NORMAL
9294,0.9993040957898353,0.0006958942171238407,9.993040957898353e-09,NORMAL
9295,0.9993040957898353,0.0006958942171238407,9.993040957898353e-09,NORMAL
9296,0.9993040957898353,0.0006958942171238407,9.993040957898353e-09,NORMAL
9297,0.9993040957898353,0.0006958942171238407,9.993040957898353e-09,NORMAL
9298,0.9993040957898353,0.0006958942171238407,9.993040957898353e-09,NORMAL
9299,0.9993040957898353,0.0006958942171238407,9.993040957898353e-09,NORMAL
9300,0.9993040957898353,0.0006958942171238407,9.993040957898353e-09,NORMAL
9301,0.9993040957898353,0.0006958942171238407,9.993040957898353e-09,NORMAL
9302,0.9993040957898353,0.0006958942171238407,9.993040957898353e-09,NORMAL
9303,0.9993040957898353,0.0006958942171238407,9.993040957898353e-09,NORMAL
9304,0.9993040957898353,0.0006958942171238407,9.993040957898353e-09,NORMAL
9305,0.9993040957898353,0.0006958942171238407,9.993040957898353e-09,NORMAL
9306,0.9993040957898353,0.0006958942171238407,9.993040957898353e-09,NORMAL
9307,0.9993040957898353,0.0006958942171238407,9.993040957898353e-09,NORMAL
9308,0.9993040957898353,0.0006958942171238407,9.993040957898353e-09,NORMAL
9309,0.9993040957898353,0.0006958942171238407,9.993040957898353e-09,NORMAL
9310,0.9993040957898353,0.0006958942171238407,9.993040957898353e-09,NORMAL
9311,0.9993040957898353,0.0006958942171238407,9.993040957898353e-09,NORMAL
9312,0.9993040957898353,0.0006958942171238407,9.993040957898353e-09,NORMAL
9313,0.9993040957898353,0.0006958942171238407,9.993040957898353e-09,NORMAL
9314,0.9993040957898353,0.0006958942171238407,9.993040957898353e-09,NORMAL
9315,0.9993040957898353,0.0006958942171238407,9.993040957898353e-09,NORMAL
9316,0.9993040957898353,0.0006958942171238407,9.993040957898353e-09,NORMAL
9317,0.9993040957898353,0.0006958942171238407,9.993040957898353e-09,NORMAL
9318,0.9993040957898353,0.0006958942171238407,9.993040957898353e-09,NORMAL
9319,0.9993040957898353,0.0006958942171238407,9.993040957898353e-09,NORMAL
9320,0.9993040957898353,0.0006958942171238407,9.993040957898353e-09,NORMAL
9321,0.9993040957898353,0.0006958942171238407,9.993040957898353e-09,NORMAL
9322,0.9993040957898353,0.0006958942171238407,9.993040957898353e-09,NORMAL
9323,0.9993040957898353,0.0006958942171238407,9.993040957898353e-09,NORMAL
9324,0.9999999800000006,9.999999800000005e-09,9.999999800000005e-09,NORMAL
9325,0.9999999800000006,9.999999800000005e-09,9.999999800000005e-09,NORMAL
9326,0.9999999800000006,9.999999800000005e-09,9.999999800000005e-09,NORMAL
9327,0.9999999800000006,9.999999800000005e-09,9.999999800000005e-09,NORMAL
9328,0.9999999800000006,9.999999800000005e-09,9.999999800000005e-09,NORMAL
9329,0.9999999800000006,9.999999800000005e-09,9.999999800000005e-09,NORMAL
9330,0.9999999800000006,9.999999800000005e-09,9.999999800000005e-09,NORMAL
9331,0.9999999800000006,9.999999800000005e-09,9.999999800000005e-09,NORMAL
9332,0.9999999800000006,9.999999800000005e-09,9.999999800000005e-09,NORMAL
9333,0.9999999800000006,9.999999800000005e-09,9.999999800000005e-09,NORMAL
9334,0.9999999800000006,9.999999800000005e-09,9.999999800000005e-09,NORMAL
9335,0.9999999800000006,9.999999800000005e-09,9.999999800000005e-09,NORMAL
9336,0.9999999800000006,9.999999800000005e-09,9.999999800000005e-09,NORMAL
9337,0.9999999800000006,9.999999800000005e-09,9.999999800000005e-09,NORMAL
9338,0.9999999800000006,9.999999800000005e-09,9.999999800000005e-09,NORMAL
9339,0.9999999800000006,9.999999800000005e-09,9.999999800000005e-09,NORMAL
9340,0.9999999800000006,9.999999800000005e-09,9.999999800000005e-09,NORMAL
9341,0.9999999800000006,9.999999800000005e-09,9.999999800000005e-09,NORMAL
9342,0.9999999800000006,9.999999800000005e-09,9.999999800000005e-09,NORMAL
9343,0.9999999800000006,9.999999800000005e-09,9.999999800000005e-09,NORMAL
9344,0.9999999800000006,9.999999800000005e-09,9.999999800000005e-09,NORMAL
9345,0.9999999800000006,9.999999800000005e-09,9.999999800000005e-09,NORMAL
9346,0.9999999800000006,9.999999800000005e-09,9.999999800000005e-09,NORMAL
9347,0.9999999800000006,9.999999800000005e-09,9.999999800000005e-09,NORMAL
9348,0.9999999800000006,9.999999800000005e-09,9.999999800000005e-09,NORMAL
9349,0.9999999800000006,9.999999800000005e-09,9.999999800000005e-09,NORMAL
9350,0.9999999800000006,9.999999800000005e-09,9.999999800000005e-09,NORMAL
9351,0.9999999800000006,9.999999800000005e-09,9.999999800000005e-09,NORMAL
9352,0.9999999800000006,9.999999800000005e-09,9.999999800000005e-09,NORMAL
9353,0.9999999800000006,9.999999800000005e-09,9.999999800000005e-09,NORMAL
9354,0.9999999800000006,9.999999800000005e-09,9.999999800000005e-09,NORMAL
9355,0.9999999800000006,9.999999800000005e-09,9.999999800000005e-09,NORMAL
9356,0.9999999800000006,9.999999800000005e-09,9.999999800000005e-09,NORMAL
9357,0.9999999800000006,9.999999800000005e-09,9.999999800000005e-09,NORMAL
9358,0.9999999800000006,9.999999800000005e-09,9.999999800000005e-09,NORMAL
9359,0.9999999800000006,9.999999800000005e-09,9.999999800000005e-09,NORMAL
9360,0.9999999800000006,9.999999800000005e-09,9.999999800000005e-09,NORMAL
9361,0.9999999800000006,9.999999800000005e-09,9.999999800000005e-09,NORMAL
9362,0.9999999800000006,9.999999800000005e-09,9.999999800000005e-09,NORMAL
9363,0.9999999800000006,9.999999800000005e-09,9.999999800000005e-09,NORMAL
9364,0.9999999800000006,9.999999800000005e-09,9.999999800000005e-09,NORMAL
9365,0.9999999800000006,9.999999800000005e-09,9.999999800000005e-09,NORMAL
9366,0.9999999800000006,9.999999800000005e-09,9.999999800000005e-09,NORMAL
9367,0.9999999800000006,9.999999800000005e-09,9.999999800000005e-09,NORMAL
9368,0.9999999800000006,9.999999800000005e-09,9.999999800000005e-09,NORMAL
9369,0.9999999800000006,9.999999800000005e-09,9.999999800000005e-09,NORMAL
9370,0.9999999800000006,9.999999800000005e-09,9.999999800000005e-09,NORMAL
9371,0.9999999800000006,9.999999800000005e-09,9.999999800000005e-09,NORMAL
9372,0.9999999800000006,9.999999800000005e-09,9.999999800000005e-09,NORMAL
9373,0.9999999800000006,9.999999800000005e-09,9.999999800000005e-09,NORMAL
9374,0.9999999800000006,9.999999800000005e-09,9.999999800000005e-09,NORMAL
9375,0.9999999800000006,9.999999800000005e-09,9.999999800000005e-09,NORMAL
9376,0.9999999800000006,9.999999800000005e-09,9.999999800000005e-09,NORMAL
9377,0.9999999800000006,9.999999800000005e-09,9.999999800000005e-09,NORMAL
9378,0.9999999800000006,9.999999800000005e-09,9.999999800000005e-09,NORMAL
9379,0.9999999800000006,9.999999800000005e-09,9.999999800000005e-09,NORMAL
9380,0.9999999800000006,9.999999800000005e-09,9.999999800000005e-09,NORMAL
9381,0.9999999800000006,9.999999800000005e-09,9.999999800000005e-09,NORMAL
9382,0.9999999800000006,9.999999800000005e-09,9.999999800000005e-09,NORMAL
9383,0.9999999800000006,9.999999800000005e-09,9.999999800000005e-09,NORMAL
9384,0.9999999800000006,9.999999800000005e-09,9.999999800000005e-09,NORMAL
9385,0.9999999800000006,9.999999800000005e-09,9.999999800000005e-09,NORMAL
9386,0.9999999800000006,9.999999800000005e-09,9.999999800000005e-09,NORMAL
9387,0.9999999800000006,9.999999800000005e-09,9.999999800000005e-09,NORMAL
9388,0.9999999800000006,9.999999800000005e-09,9.999999800000005e-09,NORMAL
9389,0.9999999800000006,9.999999800000005e-09,9.999999800000005e-09,NORMAL
9390,0.9999999800000006,9.999999800000005e-09,9.999999800000005e-09,NORMAL
9391,0.9999999800000006,9.999999800000005e-09,9.999999800000005e-09,NORMAL
9392,0.9999999800000006,9.999999800000005e-09,9.999999800000005e-09,NORMAL
9393,0.9999999800000006,9.999999800000005e-09,9.999999800000005e-09,NORMAL
9394,0.9999999800000006,9.999999800000005e-09,9.999999800000005e-09,NORMAL
9395,0.9999999800000006,9.999999800000005e-09,9.999999800000005e-09,NORMAL
9396,0.9999999800000006,9.999999800000005e-09,9.999999800000005e-09,NORMAL
9397,0.9999999800000006,9.999999800000005e-09,9.999999800000005e-09,NORMAL
9398,0.9999999800000006,9.999999800000005e-09,9.999999800000005e-09,NORMAL
9399,0.9999999800000006,9.999999800000005e-09,9.999999800000005e-09,NORMAL
9400,0.9999999800000006,9.999999800000005e-09,9.999999800000005e-09,NORMAL
9401,0.9999999800000006,9.999999800000005e-09,9.999999800000005e-09,NORMAL
9402,0.9999999800000006,9.999999800000005e-09,9.999999800000005e-09,NORMAL
9403,0.9999999800000006,9.999999800000005e-09,9.999999800000005e-09,NORMAL
9404,0.9999999800000006,9.999999800000005e-09,9.999999800000005e-09,NORMAL
9405,0.9999999800000006,9.999999800000005e-09,9.999999800000005e-09,NORMAL
9406,0.9999999800000006,9.999999800000005e-09,9.999999800000005e-09,NORMAL
9407,0.9999999800000006,9.999999800000005e-09,9.999999800000005e-09,NORMAL
9408,0.9999999800000006,9.999999800000005e-09,9.999999800000005e-09,NORMAL
9409,0.9999999800000006,9.999999800000005e-09,9.999999800000005e-09,NORMAL
9410,0.9999999800000006,9.999999800000005e-09,9.999999800000005e-09,NORMAL
9411,0.9999999800000006,9.999999800000005e-09,9.999999800000005e-09,NORMAL
9412,0.9999999800000006,9.999999800000005e-09,9.999999800000005e-09,NORMAL
9413,0.9999999800000006,9.999999800000005e-09,9.999999800000005e-09,NORMAL
9414,0.9999999800000006,9.999999800000005e-09,9.999999800000005e-09,NORMAL
9415,0.9999999800000006,9.999999800000005e-09,9.999999800000005e-09,NORMAL
9416,0.9999999800000006,9.999999800000005e-09,9.999999800000005e-09,NORMAL
9417,0.9999999800000006,9.999999800000005e-09,9.999999800000005e-09,NORMAL
9418,0.9999999800000006,9.999999800000005e-09,9.999999800000005e-09,NORMAL
9419,0.9999999800000006,9.999999800000005e-09,9.999999800000005e-09,NORMAL
9420,0.9999999800000006,9.999999800000005e-09,9.999999800000005e-09,NORMAL
9421,0.9999999800000006,9.999999800000005e-09,9.999999800000005e-09,NORMAL
9422,0.9999999800000006,9.999999800000005e-09,9.999999800000005e-09,NORMAL
9423,0.9999999800000006,9.999999800000005e-09,9.999999800000005e-09,NORMAL
9424,0.9999999800000006,9.999999800000005e-09,9.999999800000005e-09,NORMAL
9425,0.9999999800000006,9.999999800000005e-09,9.999999800000005e-09,NORMAL
9426,0.9999999800000006,9.999999800000005e-09,9.999999800000005e-09,NORMAL
9427,0.9999999800000006,9.999999800000005e-09,9.999999800000005e-09,NORMAL
9428,0.9999999800000006,9.999999800000005e-09,9.999999800000005e-09,NORMAL
9429,0.9999999800000006,9.999999800000005e-09,9.999999800000005e-09,NORMAL
9430,0.9999999800000006,9.999999800000005e-09,9.999999800000005e-09,NORMAL
9431,0.9999999800000006,9.999999800000005e-09,9.999999800000005e-09,NORMAL
9432,0.9999999800000006,9.999999800000005e-09,9.999999800000005e-09,NORMAL
9433,0.9999999800000006,9.999999800000005e-09,9.999999800000005e-09,NORMAL
9434,0.9999999800000006,9.999999800000005e-09,9.999999800000005e-09,NORMAL
9435,0.9999999800000006,9.999999800000005e-09,9.999999800000005e-09,NORMAL
9436,0.9999999800000006,9.999999800000005e-09,9.999999800000005e-09,NORMAL
9437,0.9999999800000006,9.999999800000005e-09,9.999999800000005e-09,NORMAL
9438,0.9999999800000006,9.999999800000005e-09,9.999999800000005e-09,NORMAL
9439,0.9999999800000006,9.999999800000005e-09,9.999999800000005e-09,NORMAL
9440,0.9999999800000006,9.999999800000005e-09,9.999999800000005e-09,NORMAL
9441,0.9999999800000006,9.999999800000005e-09,9.999999800000005e-09,NORMAL
9442,0.9999999800000006,9.999999800000005e-09,9.999999800000005e-09,NORMAL
9443,0.9999999800000006,9.999999800000005e-09,9.999999800000005e-09,NORMAL
9444,0.9999999800000006,9.999999800000005e-09,9.999999800000005e-09,NORMAL
9445,0.9999999800000006,9.999999800000005e-09,9.999999800000005e-09,NORMAL
9446,0.9999999800000006,9.999999800000005e-09,9.999999800000005e-09,NORMAL
9447,0.9999999800000006,9.999999800000005e-09,9.999999800000005e-09,NORMAL
9448,0.9999999800000006,9.999999800000005e-09,9.999999800000005e-09,NORMAL
9449,0.9999999800000006,9.999999800000005e-09,9.999999800000005e-09,NORMAL
9450,0.9993040957898353,0.0006958942171238407,9.993040957898353e-09,NORMAL
9451,0.9993040957898353,0.0006958942171238407,9.993040957898353e-09,NORMAL
9452,0.9993040957898353,0.0006958942171238407,9.993040957898353e-09,NORMAL
9453,0.9993040957898353,0.0006958942171238407,9.993040957898353e-09,NORMAL
9454,0.9993040957898353,0.0006958942171238407,9.993040957898353e-09,NORMAL
9455,0.9993040957898353,0.0006958942171238407,9.993040957898353e-09,NORMAL
9456,0.9993040957898353,0.0006958942171238407,9.993040957898353e-09,NORMAL
9457,0.9993040957898353,0.0006958942171238407,9.993040957898353e-09,NORMAL
9458,0.9993040957898353,0.0006958942171238407,9.993040957898353e-09,NORMAL
9459,0.9993040957898353,0.0006958942171238407,9.993040957898353e-09,NORMAL
9460,0.9993040957898353,0.0006958942171238407,9.993040957898353e-09,NORMAL
9461,0.9993040957898353,0.0006958942171238407,9.993040957898353e-09,NORMAL
9462,0.9993040957898353,0.0006958942171238407,9.993040957898353e-09,NORMAL
9463,0.9993040957898353,0.0006958942171238407,9.993040957898353e-09,NORMAL
9464,0.9993040957898353,0.0006958942171238407,9.993040957898353e-09,NORMAL
9465,0.9993040957898353,0.0006958942171238407,9.993040957898353e-09,NORMAL
9466,0.9993040957898353,0.0006958942171238407,9.993040957898353e-09,NORMAL
9467,0.9993040957898353,0.0006958942171238407,9.993040957898353e-09,NORMAL
9468,0.9999999800000006,9.999999800000005e-09,9.999999800000005e-09,NORMAL
9469,0.9999999800000006,9.999999800000005e-09,9.999999800000005e-09,NORMAL
9470,0.9999999800000006,9.999999800000005e-09,9.999999800000005e-09,NORMAL
9471,0.9999999800000006,9.999999800000005e-09,9.999999800000005e-09,NORMAL
9472,0.9999999800000006,9.999999800000005e-09,9.999999800000005e-09,NORMAL
9473,0.9999999800000006,9.999999800000005e-09,9.999999800000005e-09,NORMAL
9474,0.9999999800000006,9.999999800000005e-09,9.999999800000005e-09,NORMAL
9475,0.9999999800000006,9.999999800000005e-09,9.999999800000005e-09,NORMAL
9476,0.9999999800000006,9.999999800000005e-09,9.999999800000005e-09,NORMAL
9477,0.9999999800000006,9.999999800000005e-09,9.999999800000005e-09,NORMAL
9478,0.9999999800000006,9.999999800000005e-09,9.999999800000005e-09,NORMAL
9479,0.9999999800000006,9.999999800000005e-09,9.999999800000005e-09,NORMAL
9480,0.9999999800000006,9.999999800000005e-09,9.999999800000005e-09,NORMAL
9481,0.9999999800000006,9.999999800000005e-09,9.999999800000005e-09,NORMAL
9482,0.9999999800000006,9.999999800000005e-09,9.999999800000005e-09,NORMAL
9483,0.9999999800000006,9.999999800000005e-09,9.999999800000005e-09,NORMAL
9484,0.9999999800000006,9.999999800000005e-09,9.999999800000005e-09,NORMAL
9485,0.9999999800000006,9.999999800000005e-09,9.999999800000005e-09,NORMAL
9486,0.9999999800000006,9.999999800000005e-09,9.999999800000005e-09,NORMAL
9487,0.9999999800000006,9.999999800000005e-09,9.999999800000005e-09,NORMAL
9488,0.9999999800000006,9.999999800000005e-09,9.999999800000005e-09,NORMAL
9489,0.9999999800000006,9.999999800000005e-09,9.999999800000005e-09,NORMAL
9490,0.9999999800000006,9.999999800000005e-09,9.999999800000005e-09,NORMAL
9491,0.9999999800000006,9.999999800000005e-09,9.999999800000005e-09,NORMAL
9492,0.9999999800000006,9.999999800000005e-09,9.999999800000005e-09,NORMAL
9493,0.9999999800000006,9.999999800000005e-09,9.999999800000005e-09,NORMAL
9494,0.9999999800000006,9.999999800000005e-09,9.999999800000005e-09,NORMAL
9495,0.9999999800000006,9.999999800000005e-09,9.999999800000005e-09,NORMAL
9496,0.9999999800000006,9.999999800000005e-09,9.999999800000005e-09,NORMAL
9497,0.9999999800000006,9.999999800000005e-09,9.999999800000005e-09,NORMAL
9498,0.9999999800000006,9.999999800000005e-09,9.999999800000005e-09,NORMAL
9499,0.9999999800000006,9.999999800000005e-09,9.999999800000005e-09,NORMAL
9500,0.9999999800000006,9.999999800000005e-09,9.999999800000005e-09,NORMAL
9501,0.9999999800000006,9.999999800000005e-09,9.999999800000005e-09,NORMAL
9502,0.9999999800000006,9.999999800000005e-09,9.999999800000005e-09,NORMAL
9503,0.9999999800000006,9.999999800000005e-09,9.999999800000005e-09,NORMAL
9504,0.9993040957898353,0.0006958942171238407,9.993040957898353e-09,NORMAL
9505,0.9993040957898353,0.0006958942171238407,9.993040957898353e-09,NORMAL
9506,0.9993040957898353,0.0006958942171238407,9.993040957898353e-09,NORMAL
9507,0.9993040957898353,0.0006958942171238407,9.993040957898353e-09,NORMAL
9508,0.9993040957898353,0.0006958942171238407,9.993040957898353e-09,NORMAL
9509,0.9993040957898353,0.0006958942171238407,9.993040957898353e-09,NORMAL
9510,0.9993040957898353,0.0006958942171238407,9.993040957898353e-09,NORMAL
9511,0.9993040957898353,0.0006958942171238407,9.993040957898353e-09,NORMAL
9512,0.9993040957898353,0.0006958942171238407,9.993040957898353e-09,NORMAL
9513,0.9993040957898353,0.0006958942171238407,9.993040957898353e-09,NORMAL
9514,0.9993040957898353,0.0006958942171238407,9.993040957898353e-09,NORMAL
9515,0.9993040957898353,0.0006958942171238407,9.993040957898353e-09,NORMAL
9516,0.9993040957898353,0.0006958942171238407,9.993040957898353e-09,NORMAL
9517,0.9993040957898353,0.0006958942171238407,9.993040957898353e-09,NORMAL
9518,0.9993040957898353,0.0006958942171238407,9.993040957898353e-09,NORMAL
9519,0.9993040957898353,0.0006958942171238407,9.993040957898353e-09,NORMAL
9520,0.9993040957898353,0.0006958942171238407,9.993040957898353e-09,NORMAL
9521,0.9993040957898353,0.0006958942171238407,9.993040957898353e-09,NORMAL
9522,0.9993040957898353,0.0006958942171238407,9.993040957898353e-09,NORMAL
9523,0.9993040957898353,0.0006958942171238407,9.993040957898353e-09,NORMAL
9524,0.9993040957898353,0.0006958942171238407,9.993040957898353e-09,NORMAL
9525,0.9993040957898353,0.0006958942171238407,9.993040957898353e-09,NORMAL
9526,0.9993040957898353,0.0006958942171238407,9.993040957898353e-09,NORMAL
9527,0.9993040957898353,0.0006958942171238407,9.993040957898353e-09,NORMAL
9528,0.9993040957898353,0.0006958942171238407,9.993040957898353e-09,NORMAL
9529,0.9993040957898353,0.0006958942171238407,9.993040957898353e-09,NORMAL
9530,0.9993040957898353,0.0006958942171238407,9.993040957898353e-09,NORMAL
9531,0.9993040957898353,0.0006958942171238407,9.993040957898353e-09,NORMAL
9532,0.9993040957898353,0.0006958942171238407,9.993040957898353e-09,NORMAL
9533,0.9993040957898353,0.0006958942171238407,9.993040957898353e-09,NORMAL
9534,0.9993040957898353,0.0006958942171238407,9.993040957898353e-09,NORMAL
9535,0.9993040957898353,0.0006958942171238407,9.993040957898353e-09,NORMAL
9536,0.9993040957898353,0.0006958942171238407,9.993040957898353e-09,NORMAL
9537,0.9993040957898353,0.0006958942171238407,9.993040957898353e-09,NORMAL
9538,0.9993040957898353,0.0006958942171238407,9.993040957898353e-09,NORMAL
9539,0.9993040957898353,0.0006958942171238407,9.993040957898353e-09,NORMAL
9540,0.9999999800000006,9.999999800000005e-09,9.999999800000005e-09,NORMAL
9541,0.9999999800000006,9.999999800000005e-09,9.999999800000005e-09,NORMAL
9542,0.9999999800000006,9.999999800000005e-09,9.999999800000005e-09,NORMAL
9543,0.9999999800000006,9.999999800000005e-09,9.999999800000005e-09,NORMAL
9544,0.9999999800000006,9.999999800000005e-09,9.999999800000005e-09,NORMAL
9545,0.9999999800000006,9.999999800000005e-09,9.999999800000005e-09,NORMAL
9546,0.9999999800000006,9.999999800000005e-09,9.999999800000005e-09,NORMAL
9547,0.9999999800000006,9.999999800000005e-09,9.999999800000005e-09,NORMAL
9548,0.9999999800000006,9.999999800000005e-09,9.999999800000005e-09,NORMAL
9549,0.9999999800000006,9.999999800000005e-09,9.999999800000005e-09,NORMAL
9550,0.9999999800000006,9.999999800000005e-09,9.999999800000005e-09,NORMAL
9551,0.9999999800000006,9.999999800000005e-09,9.999999800000005e-09,NORMAL
9552,0.9999999800000006,9.999999800000005e-09,9.999999800000005e-09,NORMAL
9553,0.9999999800000006,9.999999800000005e-09,9.999999800000005e-09,NORMAL
9554,0.9999999800000006,9.999999800000005e-09,9.999999800000005e-09,NORMAL
9555,0.9999999800000006,9.999999800000005e-09,9.999999800000005e-09,NORMAL
9556,0.9999999800000006,9.999999800000005e-09,9.999999800000005e-09,NORMAL
9557,0.9999999800000006,9.999999800000005e-09,9.999999800000005e-09,NORMAL
9558,0.9999999800000006,9.999999800000005e-09,9.999999800000005e-09,NORMAL
9559,0.9999999800000006,9.999999800000005e-09,9.999999800000005e-09,NORMAL
9560,0.9999999800000006,9.999999800000005e-09,9.999999800000005e-09,NORMAL
9561,0.9999999800000006,9.999999800000005e-09,9.999999800000005e-09,NORMAL
9562,0.9999999800000006,9.999999800000005e-09,9.999999800000005e-09,NORMAL
9563,0.9999999800000006,9.999999800000005e-09,9.999999800000005e-09,NORMAL
9564,0.9999999800000006,9.999999800000005e-09,9.999999800000005e-09,NORMAL
9565,0.9999999800000006,9.999999800000005e-09,9.999999800000005e-09,NORMAL
9566,0.9999999800000006,9.999999800000005e-09,9.999999800000005e-09,NORMAL
9567,0.9999999800000006,9.999999800000005e-09,9.999999800000005e-09,NORMAL
9568,0.9999999800000006,9.999999800000005e-09,9.999999800000005e-09,NORMAL
9569,0.9999999800000006,9.999999800000005e-09,9.999999800000005e-09,NORMAL
9570,0.9999999800000006,9.999999800000005e-09,9.999999800000005e-09,NORMAL
9571,0.9999999800000006,9.999999800000005e-09,9.999999800000005e-09,NORMAL
9572,0.9999999800000006,9.999999800000005e-09,9.999999800000005e-09,NORMAL
9573,0.9999999800000006,9.999999800000005e-09,9.999999800000005e-09,NORMAL
9574,0.9999999800000006,9.999999800000005e-09,9.999999800000005e-09,NORMAL
9575,0.9999999800000006,9.999999800000005e-09,9.999999800000005e-09,NORMAL
9576,0.9999999800000006,9.999999800000005e-09,9.999999800000005e-09,NORMAL
9577,0.9999999800000006,9.999999800000005e-09,9.999999800000005e-09,NORMAL
9578,0.9999999800000006,9.999999800000005e-09,9.999999800000005e-09,NORMAL
9579,0.9999999800000006,9.999999800000005e-09,9.999999800000005e-09,NORMAL
9580,0.9999999800000006,9.999999800000005e-09,9.999999800000005e-09,NORMAL
9581,0.9999999800000006,9.999999800000005e-09,9.999999800000005e-09,NORMAL
9582,0.9999999800000006,9.999999800000005e-09,9.999999800000005e-09,NORMAL
9583,0.9999999800000006,9.999999800000005e-09,9.999999800000005e-09,NORMAL
9584,0.9999999800000006,9.999999800000005e-09,9.999999800000005e-09,NORMAL
9585,0.9999999800000006,9.999999800000005e-09,9.999999800000005e-09,NORMAL
9586,0.9999999800000006,9.999999800000005e-09,9.999999800000005e-09,NORMAL
9587,0.9999999800000006,9.999999800000005e-09,9.999999800000005e-09,NORMAL
9588,0.9999999800000006,9.999999800000005e-09,9.999999800000005e-09,NORMAL
9589,0.9999999800000006,9.999999800000005e-09,9.999999800000005e-09,NORMAL
9590,0.9999999800000006,9.999999800000005e-09,9.999999800000005e-09,NORMAL
9591,0.9999999800000006,9.999999800000005e-09,9.999999800000005e-09,NORMAL
9592,0.9999999800000006,9.999999800000005e-09,9.999999800000005e-09,NORMAL
9593,0.9999999800000006,9.999999800000005e-09,9.999999800000005e-09,NORMAL
9594,0.9999999800000006,9.999999800000005e-09,9.999999800000005e-09,NORMAL
9595,0.9999999800000006,9.999999800000005e-09,9.999999800000005e-09,NORMAL
9596,0.9999999800000006,9.999999800000005e-09,9.999999800000005e-09,NORMAL
9597,0.9999999800000006,9.999999800000005e-09,9.999999800000005e-09,NORMAL
9598,0.9999999800000006,9.999999800000005e-09,9.999999800000005e-09,NORMAL
9599,0.9999999800000006,9.999999800000005e-09,9.999999800000005e-09,NORMAL
9600,0.9999999800000006,9.999999800000005e-09,9.999999800000005e-09,NORMAL
9601,0.9999999800000006,9.999999800000005e-09,9.999999800000005e-09,NORMAL
9602,0.9999999800000006,9.999999800000005e-09,9.999999800000005e-09,NORMAL
9603,0.9999999800000006,9.999999800000005e-09,9.999999800000005e-09,NORMAL
9604,0.9999999800000006,9.999999800000005e-09,9.999999800000005e-09,NORMAL
9605,0.9999999800000006,9.999999800000005e-09,9.999999800000005e-09,NORMAL
9606,0.9999999800000006,9.999999800000005e-09,9.999999800000005e-09,NORMAL
9607,0.9999999800000006,9.999999800000005e-09,9.999999800000005e-09,NORMAL
9608,0.9999999800000006,9.999999800000005e-09,9.999999800000005e-09,NORMAL
9609,0.9999999800000006,9.999999800000005e-09,9.999999800000005e-09,NORMAL
9610,0.9999999800000006,9.999999800000005e-09,9.999999800000005e-09,NORMAL
9611,0.9999999800000006,9.999999800000005e-09,9.999999800000005e-09,NORMAL
9612,0.9999999800000006,9.999999800000005e-09,9.999999800000005e-09,NORMAL
9613,0.9999999800000006,9.999999800000005e-09,9.999999800000005e-09,NORMAL
9614,0.9999999800000006,9.999999800000005e-09,9.999999800000005e-09,NORMAL
9615,0.9999999800000006,9.999999800000005e-09,9.999999800000005e-09,NORMAL
9616,0.9999999800000006,9.999999800000005e-09,9.999999800000005e-09,NORMAL
9617,0.9999999800000006,9.999999800000005e-09,9.999999800000005e-09,NORMAL
9618,0.9999999800000006,9.999999800000005e-09,9.999999800000005e-09,NORMAL
9619,0.9999999800000006,9.999999800000005e-09,9.999999800000005e-09,NORMAL
9620,0.9999999800000006,9.999999800000005e-09,9.999999800000005e-09,NORMAL
9621,0.9999999800000006,9.999999800000005e-09,9.999999800000005e-09,NORMAL
9622,0.9999999800000006,9.999999800000005e-09,9.999999800000005e-09,NORMAL
9623,0.9999999800000006,9.999999800000005e-09,9.999999800000005e-09,NORMAL
9624,0.9999999800000006,9.999999800000005e-09,9.999999800000005e-09,NORMAL
9625,0.9999999800000006,9.999999800000005e-09,9.999999800000005e-09,NORMAL
9626,0.9999999800000006,9.999999800000005e-09,9.999999800000005e-09,NORMAL
9627,0.9999999800000006,9.999999800000005e-09,9.999999800000005e-09,NORMAL
9628,0.9999999800000006,9.999999800000005e-09,9.999999800000005e-09,NORMAL
9629,0.9999999800000006,9.999999800000005e-09,9.999999800000005e-09,NORMAL
9630,0.9999999800000006,9.999999800000005e-09,9.999999800000005e-09,NORMAL
9631,0.9999999800000006,9.999999800000005e-09,9.999999800000005e-09,NORMAL
9632,0.9999999800000006,9.999999800000005e-09,9.999999800000005e-09,NORMAL
9633,0.9999999800000006,9.999999800000005e-09,9.999999800000005e-09,NORMAL
9634,0.9999999800000006,9.999999800000005e-09,9.999999800000005e-09,NORMAL
9635,0.9999999800000006,9.999999800000005e-09,9.999999800000005e-09,NORMAL
9636,0.9999999800000006,9.999999800000005e-09,9.999999800000005e-09,NORMAL
9637,0.9999999800000006,9.999999800000005e-09,9.999999800000005e-09,NORMAL
9638,0.9999999800000006,9.999999800000005e-09,9.999999800000005e-09,NORMAL
9639,0.9999999800000006,9.999999800000005e-09,9.999999800000005e-09,NORMAL
9640,0.9999999800000006,9.999999800000005e-09,9.999999800000005e-09,NORMAL
9641,0.9999999800000006,9.999999800000005e-09,9.999999800000005e-09,NORMAL
9642,0.9999999800000006,9.999999800000005e-09,9.999999800000005e-09,NORMAL
9643,0.9999999800000006,9.999999800000005e-09,9.999999800000005e-09,NORMAL
9644,0.9999999800000006,9.999999800000005e-09,9.999999800000005e-09,NORMAL
9645,0.9999999800000006,9.999999800000005e-09,9.999999800000005e-09,NORMAL
9646,0.9999999800000006,9.999999800000005e-09,9.999999800000005e-09,NORMAL
9647,0.9999999800000006,9.999999800000005e-09,9.999999800000005e-09,NORMAL
9648,0.9999999800000006,9.999999800000005e-09,9.999999800000005e-09,NORMAL
9649,0.9999999800000006,9.999999800000005e-09,9.999999800000005e-09,NORMAL
9650,0.9999999800000006,9.999999800000005e-09,9.999999800000005e-09,NORMAL
9651,0.9999999800000006,9.999999800000005e-09,9.999999800000005e-09,NORMAL
9652,0.9999999800000006,9.999999800000005e-09,9.999999800000005e-09,NORMAL
9653,0.9999999800000006,9.999999800000005e-09,9.999999800000005e-09,NORMAL
9654,0.9999999800000006,9.999999800000005e-09,9.999999800000005e-09,NORMAL
9655,0.9999999800000006,9.999999800000005e-09,9.999999800000005e-09,NORMAL
9656,0.9999999800000006,9.999999800000005e-09,9.999999800000005e-09,NORMAL
9657,0.9999999800000006,9.999999800000005e-09,9.999999800000005e-09,NORMAL
9658,0.9999999800000006,9.999999800000005e-09,9.999999800000005e-09,NORMAL
9659,0.9999999800000006,9.999999800000005e-09,9.999999800000005e-09,NORMAL
9660,0.9999999800000006,9.999999800000005e-09,9.999999800000005e-09,NORMAL
9661,0.9999999800000006,9.999999800000005e-09,9.999999800000005e-09,NORMAL
9662,0.9999999800000006,9.999999800000005e-09,9.999999800000005e-09,NORMAL
9663,0.9999999800000006,9.999999800000005e-09,9.999999800000005e-09,NORMAL
9664,0.9999999800000006,9.999999800000005e-09,9.999999800000005e-09,NORMAL
9665,0.9999999800000006,9.999999800000005e-09,9.999999800000005e-09,NORMAL
9666,0.9999999800000006,9.999999800000005e-09,9.999999800000005e-09,NORMAL
9667,0.9999999800000006,9.999999800000005e-09,9.999999800000005e-09,NORMAL
9668,0.9999999800000006,9.999999800000005e-09,9.999999800000005e-09,NORMAL
9669,0.9999999800000006,9.999999800000005e-09,9.999999800000005e-09,NORMAL
9670,0.9999999800000006,9.999999800000005e-09,9.999999800000005e-09,NORMAL
9671,0.9999999800000006,9.999999800000005e-09,9.999999800000005e-09,NORMAL
9672,0.9999999800000006,9.999999800000005e-09,9.999999800000005e-09,NORMAL
9673,0.9999999800000006,9.999999800000005e-09,9.999999800000005e-09,NORMAL
9674,0.9999999800000006,9.999999800000005e-09,9.999999800000005e-09,NORMAL
9675,0.9999999800000006,9.999999800000005e-09,9.999999800000005e-09,NORMAL
9676,0.9999999800000006,9.999999800000005e-09,9.999999800000005e-09,NORMAL
9677,0.9999999800000006,9.999999800000005e-09,9.999999800000005e-09,NORMAL
9678,0.9999999800000006,9.999999800000005e-09,9.999999800000005e-09,NORMAL
9679,0.9999999800000006,9.999999800000005e-09,9.999999800000005e-09,NORMAL
9680,0.9999999800000006,9.999999800000005e-09,9.999999800000005e-09,NORMAL
9681,0.9999999800000006,9.999999800000005e-09,9.999999800000005e-09,NORMAL
9682,0.9999999800000006,9.999999800000005e-09,9.999999800000005e-09,NORMAL
9683,0.9999999800000006,9.999999800000005e-09,9.999999800000005e-09,NORMAL
9684,0.9999999800000006,9.999999800000005e-09,9.999999800000005e-09,NORMAL
9685,0.9999999800000006,9.999999800000005e-09,9.999999800000005e-09,NORMAL
9686,0.9999999800000006,9.999999800000005e-09,9.999999800000005e-09,NORMAL
9687,0.9999999800000006,9.999999800000005e-09,9.999999800000005e-09,NORMAL
9688,0.9999999800000006,9.999999800000005e-09,9.999999800000005e-09,NORMAL
9689,0.9999999800000006,9.999999800000005e-09,9.999999800000005e-09,NORMAL
9690,0.9999999800000006,9.999999800000005e-09,9.999999800000005e-09,NORMAL
9691,0.9999999800000006,9.999999800000005e-09,9.999999800000005e-09,NORMAL
9692,0.9999999800000006,9.999999800000005e-09,9.999999800000005e-09,NORMAL
9693,0.9999999800000006,9.999999800000005e-09,9.999999800000005e-09,NORMAL
9694,0.9999999800000006,9.999999800000005e-09,9.999999800000005e-09,NORMAL
9695,0.9999999800000006,9.999999800000005e-09,9.999999800000005e-09,NORMAL
9696,0.9999999800000006,9.999999800000005e-09,9.999999800000005e-09,NORMAL
9697,0.9999999800000006,9.999999800000005e-09,9.999999800000005e-09,NORMAL
9698,0.9999999800000006,9.999999800000005e-09,9.999999800000005e-09,NORMAL
9699,0.9999999800000006,9.999999800000005e-09,9.999999800000005e-09,NORMAL
9700,0.9999999800000006,9.999999800000005e-09,9.999999800000005e-09,NORMAL
9701,0.9999999800000006,9.999999800000005e-09,9.999999800000005e-09,NORMAL
9702,0.9993040957898353,0.0006958942171238407,9.993040957898353e-09,NORMAL
9703,0.9993040957898353,0.0006958942171238407,9.993040957898353e-09,NORMAL
9704,0.9993040957898353,0.0006958942171238407,9.993040957898353e-09,NORMAL
9705,0.9993040957898353,0.0006958942171238407,9.993040957898353e-09,NORMAL
9706,0.9993040957898353,0.0006958942171238407,9.993040957898353e-09,NORMAL
9707,0.9993040957898353,0.0006958942171238407,9.993040957898353e-09,NORMAL
9708,0.9993040957898353,0.0006958942171238407,9.993040957898353e-09,NORMAL
9709,0.9993040957898353,0.0006958942171238407,9.993040957898353e-09,NORMAL
9710,0.9993040957898353,0.0006958942171238407,9.993040957898353e-09,NORMAL
9711,0.9993040957898353,0.0006958942171238407,9.993040957898353e-09,NORMAL
9712,0.9993040957898353,0.0006958942171238407,9.993040957898353e-09,NORMAL
9713,0.9993040957898353,0.0006958942171238407,9.993040957898353e-09,NORMAL
9714,0.9993040957898353,0.0006958942171238407,9.993040957898353e-09,NORMAL
9715,0.9993040957898353,0.0006958942171238407,9.993040957898353e-09,NORMAL
9716,0.9993040957898353,0.0006958942171238407,9.993040957898353e-09,NORMAL
9717,0.9993040957898353,0.0006958942171238407,9.993040957898353e-09,NORMAL
9718,0.9993040957898353,0.0006958942171238407,9.993040957898353e-09,NORMAL
9719,0.9993040957898353,0.0006958942171238407,9.993040957898353e-09,NORMAL
9720,0.9999999800000006,9.999999800000005e-09,9.999999800000005e-09,NORMAL
9721,0.9999999800000006,9.999999800000005e-09,9.999999800000005e-09,NORMAL
9722,0.9999999800000006,9.999999800000005e-09,9.999999800000005e-09,NORMAL
9723,0.9999999800000006,9.999999800000005e-09,9.999999800000005e-09,NORMAL
9724,0.9999999800000006,9.999999800000005e-09,9.999999800000005e-09,NORMAL
9725,0.9999999800000006,9.999999800000005e-09,9.999999800000005e-09,NORMAL
9726,0.9999999800000006,9.999999800000005e-09,9.999999800000005e-09,NORMAL
9727,0.9999999800000006,9.999999800000005e-09,9.999999800000005e-09,NORMAL
9728,0.9999999800000006,9.999999800000005e-09,9.999999800000005e-09,NORMAL
9729,0.9999999800000006,9.999999800000005e-09,9.999999800000005e-09,NORMAL
9730,0.9999999800000006,9.999999800000005e-09,9.999999800000005e-09,NORMAL
9731,0.9999999800000006,9.999999800000005e-09,9.999999800000005e-09,NORMAL
9732,0.9999999800000006,9.999999800000005e-09,9.999999800000005e-09,NORMAL
9733,0.9999999800000006,9.999999800000005e-09,9.999999800000005e-09,NORMAL
9734,0.9999999800000006,9.999999800000005e-09,9.999999800000005e-09,NORMAL
9735,0.9999999800000006,9.999999800000005e-09,9.999999800000005e-09,NORMAL
9736,0.9999999800000006,9.999999800000005e-09,9.999999800000005e-09,NORMAL
9737,0.9999999800000006,9.999999800000005e-09,9.999999800000005e-09,NORMAL
9738,0.9993040957898353,0.0006958942171238407,9.993040957898353e-09,NORMAL
9739,0.9993040957898353,0.0006958942171238407,9.993040957898353e-09,NORMAL
9740,0.9993040957898353,0.0006958942171238407,9.993040957898353e-09,NORMAL
9741,0.9993040957898353,0.0006958942171238407,9.993040957898353e-09,NORMAL
9742,0.9993040957898353,0.0006958942171238407,9.993040957898353e-09,NORMAL
9743,0.9993040957898353,0.0006958942171238407,9.993040957898353e-09,NORMAL
9744,0.9993040957898353,0.0006958942171238407,9.993040957898353e-09,NORMAL
9745,0.9993040957898353,0.0006958942171238407,9.993040957898353e-09,NORMAL
9746,0.9993040957898353,0.0006958942171238407,9.993040957898353e-09,NORMAL
9747,0.9993040957898353,0.0006958942171238407,9.993040957898353e-09,NORMAL
9748,0.9993040957898353,0.0006958942171238407,9.993040957898353e-09,NORMAL
9749,0.9993040957898353,0.0006958942171238407,9.993040957898353e-09,NORMAL
9750,0.9993040957898353,0.0006958942171238407,9.993040957898353e-09,NORMAL
9751,0.9993040957898353,0.0006958942171238407,9.993040957898353e-09,NORMAL
9752,0.9993040957898353,0.0006958942171238407,9.993040957898353e-09,NORMAL
9753,0.9993040957898353,0.0006958942171238407,9.993040957898353e-09,NORMAL
9754,0.9993040957898353,0.0006958942171238407,9.993040957898353e-09,NORMAL
9755,0.9993040957898353,0.0006958942171238407,9.993040957898353e-09,NORMAL
9756,0.9999999800000006,9.999999800000005e-09,9.999999800000005e-09,NORMAL
9757,0.9999999800000006,9.999999800000005e-09,9.999999800000005e-09,NORMAL
9758,0.9999999800000006,9.999999800000005e-09,9.999999800000005e-09,NORMAL
9759,0.9999999800000006,9.999999800000005e-09,9.999999800000005e-09,NORMAL
9760,0.9999999800000006,9.999999800000005e-09,9.999999800000005e-09,NORMAL
9761,0.9999999800000006,9.999999800000005e-09,9.999999800000005e-09,NORMAL
9762,0.9999999800000006,9.999999800000005e-09,9.999999800000005e-09,NORMAL
9763,0.9999999800000006,9.999999800000005e-09,9.999999800000005e-09,NORMAL
9764,0.9999999800000006,9.999999800000005e-09,9.999999800000005e-09,NORMAL
9765,0.9999999800000006,9.999999800000005e-09,9.999999800000005e-09,NORMAL
9766,0.9999999800000006,9.999999800000005e-09,9.999999800000005e-09,NORMAL
9767,0.9999999800000006,9.999999800000005e-09,9.999999800000005e-09,NORMAL
9768,0.9999999800000006,9.999999800000005e-09,9.999999800000005e-09,NORMAL
9769,0.9999999800000006,9.999999800000005e-09,9.999999800000005e-09,NORMAL
9770,0.9999999800000006,9.999999800000005e-09,9.999999800000005e-09,NORMAL
9771,0.9999999800000006,9.999999800000005e-09,9.999999800000005e-09,NORMAL
9772,0.9999999800000006,9.999999800000005e-09,9.999999800000005e-09,NORMAL
9773,0.9999999800000006,9.999999800000005e-09,9.999999800000005e-09,NORMAL
9774,0.9999999800000006,9.999999800000005e-09,9.999999800000005e-09,NORMAL
9775,0.9999999800000006,9.999999800000005e-09,9.999999800000005e-09,NORMAL
9776,0.9999999800000006,9.999999800000005e-09,9.999999800000005e-09,NORMAL
9777,0.9999999800000006,9.999999800000005e-09,9.999999800000005e-09,NORMAL
9778,0.9999999800000006,9.999999800000005e-09,9.999999800000005e-09,NORMAL
9779,0.9999999800000006,9.999999800000005e-09,9.999999800000005e-09,NORMAL
9780,0.9999999800000006,9.999999800000005e-09,9.999999800000005e-09,NORMAL
9781,0.9999999800000006,9.999999800000005e-09,9.999999800000005e-09,NORMAL
9782,0.9999999800000006,9.999999800000005e-09,9.999999800000005e-09,NORMAL
9783,0.9999999800000006,9.999999800000005e-09,9.999999800000005e-09,NORMAL
9784,0.9999999800000006,9.999999800000005e-09,9.999999800000005e-09,NORMAL
9785,0.9999999800000006,9.999999800000005e-09,9.999999800000005e-09,NORMAL
9786,0.9999999800000006,9.999999800000005e-09,9.999999800000005e-09,NORMAL
9787,0.9999999800000006,9.999999800000005e-09,9.999999800000005e-09,NORMAL
9788,0.9999999800000006,9.999999800000005e-09,9.999999800000005e-09,NORMAL
9789,0.9999999800000006,9.999999800000005e-09,9.999999800000005e-09,NORMAL
9790,0.9999999800000006,9.999999800000005e-09,9.999999800000005e-09,NORMAL
9791,0.9999999800000006,9.999999800000005e-09,9.999999800000005e-09,NORMAL
9792,0.9999999800000006,9.999999800000005e-09,9.999999800000005e-09,NORMAL
9793,0.9999999800000006,9.999999800000005e-09,9.999999800000005e-09,NORMAL
9794,0.9999999800000006,9.999999800000005e-09,9.999999800000005e-09,NORMAL
9795,0.9999999800000006,9.999999800000005e-09,9.999999800000005e-09,NORMAL
9796,0.9999999800000006,9.999999800000005e-09,9.999999800000005e-09,NORMAL
9797,0.9999999800000006,9.999999800000005e-09,9.999999800000005e-09,NORMAL
9798,0.9999999800000006,9.999999800000005e-09,9.999999800000005e-09,NORMAL
9799,0.9999999800000006,9.999999800000005e-09,9.999999800000005e-09,NORMAL
9800,0.9999999800000006,9.999999800000005e-09,9.999999800000005e-09,NORMAL
9801,0.9999999800000006,9.999999800000005e-09,9.999999800000005e-09,NORMAL
9802,0.9999999800000006,9.999999800000005e-09,9.999999800000005e-09,NORMAL
9803,0.9999999800000006,9.999999800000005e-09,9.999999800000005e-09,NORMAL
9804,0.9999999800000006,9.999999800000005e-09,9.999999800000005e-09,NORMAL
9805,0.9999999800000006,9.999999800000005e-09,9.999999800000005e-09,NORMAL
9806,0.9999999800000006,9.999999800000005e-09,9.999999800000005e-09,NORMAL
9807,0.9999999800000006,9.999999800000005e-09,9.999999800000005e-09,NORMAL
9808,0.9999999800000006,9.999999800000005e-09,9.999999800000005e-09,NORMAL
9809,0.9999999800000006,9.999999800000005e-09,9.999999800000005e-09,NORMAL
9810,0.9999999800000006,9.999999800000005e-09,9.999999800000005e-09,NORMAL
9811,0.9999999800000006,9.999999800000005e-09,9.999999800000005e-09,NORMAL
9812,0.9999999800000006,9.999999800000005e-09,9.999999800000005e-09,NORMAL
9813,0.9999999800000006,9.999999800000005e-09,9.999999800000005e-09,NORMAL
9814,0.9999999800000006,9.999999800000005e-09,9.999999800000005e-09,NORMAL
9815,0.9999999800000006,9.999999800000005e-09,9.999999800000005e-09,NORMAL
9816,0.9999999800000006,9.999999800000005e-09,9.999999800000005e-09,NORMAL
9817,0.9999999800000006,9.999999800000005e-09,9.999999800000005e-09,NORMAL
9818,0.9999999800000006,9.999999800000005e-09,9.999999800000005e-09,NORMAL
9819,0.9999999800000006,9.999999800000005e-09,9.999999800000005e-09,NORMAL
9820,0.9999999800000006,9.999999800000005e-09,9.999999800000005e-09,NORMAL
9821,0.9999999800000006,9.999999800000005e-09,9.999999800000005e-09,NORMAL
9822,0.9999999800000006,9.999999800000005e-09,9.999999800000005e-09,NORMAL
9823,0.9999999800000006,9.999999800000005e-09,9.999999800000005e-09,NORMAL
9824,0.9999999800000006,9.999999800000005e-09,9.999999800000005e-09,NORMAL
9825,0.9999999800000006,9.999999800000005e-09,9.999999800000005e-09,NORMAL
9826,0.9999999800000006,9.999999800000005e-09,9.999999800000005e-09,NORMAL
9827,0.9999999800000006,9.999999800000005e-09,9.999999800000005e-09,NORMAL
9828,0.9999999800000006,9.999999800000005e-09,9.999999800000005e-09,NORMAL
9829,0.9999999800000006,9.999999800000005e-09,9.999999800000005e-09,NORMAL
9830,0.9999999800000006,9.999999800000005e-09,9.999999800000005e-09,NORMAL
9831,0.9999999800000006,9.999999800000005e-09,9.999999800000005e-09,NORMAL
9832,0.9999999800000006,9.999999800000005e-09,9.999999800000005e-09,NORMAL
9833,0.9999999800000006,9.999999800000005e-09,9.999999800000005e-09,NORMAL
9834,0.9999999800000006,9.999999800000005e-09,9.999999800000005e-09,NORMAL
9835,0.9999999800000006,9.999999800000005e-09,9.999999800000005e-09,NORMAL
9836,0.9999999800000006,9.999999800000005e-09,9.999999800000005e-09,NORMAL
9837,0.9999999800000006,9.999999800000005e-09,9.999999800000005e-09,NORMAL
9838,0.9999999800000006,9.999999800000005e-09,9.999999800000005e-09,NORMAL
9839,0.9999999800000006,9.999999800000005e-09,9.999999800000005e-09,NORMAL
9840,0.9999999800000006,9.999999800000005e-09,9.999999800000005e-09,NORMAL
9841,0.9999999800000006,9.999999800000005e-09,9.999999800000005e-09,NORMAL
9842,0.9999999800000006,9.999999800000005e-09,9.999999800000005e-09,NORMAL
9843,0.9999999800000006,9.999999800000005e-09,9.999999800000005e-09,NORMAL
9844,0.9999999800000006,9.999999800000005e-09,9.999999800000005e-09,NORMAL
9845,0.9999999800000006,9.999999800000005e-09,9.999999800000005e-09,NORMAL
9846,0.9999999800000006,9.999999800000005e-09,9.999999800000005e-09,NORMAL
9847,0.9999999800000006,9.999999800000005e-09,9.999999800000005e-09,NORMAL
9848,0.9999999800000006,9.999999800000005e-09,9.999999800000005e-09,NORMAL
9849,0.9999999800000006,9.999999800000005e-09,9.999999800000005e-09,NORMAL
9850,0.9999999800000006,9.999999800000005e-09,9.999999800000005e-09,NORMAL
9851,0.9999999800000006,9.999999800000005e-09,9.999999800000005e-09,NORMAL
9852,0.9999999800000006,9.999999800000005e-09,9.999999800000005e-09,NORMAL
9853,0.9999999800000006,9.999999800000005e-09,9.999999800000005e-09,NORMAL
9854,0.9999999800000006,9.999999800000005e-09,9.999999800000005e-09,NORMAL
9855,0.9999999800000006,9.999999800000005e-09,9.999999800000005e-09,NORMAL
9856,0.9999999800000006,9.999999800000005e-09,9.999999800000005e-09,NORMAL
9857,0.9999999800000006,9.999999800000005e-09,9.999999800000005e-09,NORMAL
9858,0.9999999800000006,9.999999800000005e-09,9.999999800000005e-09,NORMAL
9859,0.9999999800000006,9.999999800000005e-09,9.999999800000005e-09,NORMAL
9860,0.9999999800000006,9.999999800000005e-09,9.999999800000005e-09,NORMAL
9861,0.9999999800000006,9.999999800000005e-09,9.999999800000005e-09,NORMAL
9862,0.9999999800000006,9.999999800000005e-09,9.999999800000005e-09,NORMAL
9863,0.9999999800000006,9.999999800000005e-09,9.999999800000005e-09,NORMAL
9864,0.9999999800000006,9.999999800000005e-09,9.999999800000005e-09,NORMAL
9865,0.9999999800000006,9.999999800000005e-09,9.999999800000005e-09,NORMAL
9866,0.9999999800000006,9.999999800000005e-09,9.999999800000005e-09,NORMAL
9867,0.9999999800000006,9.999999800000005e-09,9.999999800000005e-09,NORMAL
9868,0.9999999800000006,9.999999800000005e-09,9.999999800000005e-09,NORMAL
9869,0.9999999800000006,9.999999800000005e-09,9.999999800000005e-09,NORMAL
9870,0.9999999800000006,9.999999800000005e-09,9.999999800000005e-09,NORMAL
9871,0.9999999800000006,9.999999800000005e-09,9.999999800000005e-09,NORMAL
9872,0.9999999800000006,9.999999800000005e-09,9.999999800000005e-09,NORMAL
9873,0.9999999800000006,9.999999800000005e-09,9.999999800000005e-09,NORMAL
9874,0.9999999800000006,9.999999800000005e-09,9.999999800000005e-09,NORMAL
9875,0.9999999800000006,9.999999800000005e-09,9.999999800000005e-09,NORMAL
9876,0.9999999800000006,9.999999800000005e-09,9.999999800000005e-09,NORMAL
9877,0.9999999800000006,9.999999800000005e-09,9.999999800000005e-09,NORMAL
9878,0.9999999800000006,9.999999800000005e-09,9.999999800000005e-09,NORMAL
9879,0.9999999800000006,9.999999800000005e-09,9.999999800000005e-09,NORMAL
9880,0.9999999800000006,9.999999800000005e-09,9.999999800000005e-09,NORMAL
9881,0.9999999800000006,9.999999800000005e-09,9.999999800000005e-09,NORMAL
9882,0.9993040957898353,0.0006958942171238407,9.993040957898353e-09,NORMAL
9883,0.9993040957898353,0.0006958942171238407,9.993040957898353e-09,NORMAL
9884,0.9993040957898353,0.0006958942171238407,9.993040957898353e-09,NORMAL
9885,0.9993040957898353,0.0006958942171238407,9.993040957898353e-09,NORMAL
9886,0.9993040957898353,0.0006958942171238407,9.993040957898353e-09,NORMAL
9887,0.9993040957898353,0.0006958942171238407,9.993040957898353e-09,NORMAL
9888,0.9993040957898353,0.0006958942171238407,9.993040957898353e-09,NORMAL
9889,0.9993040957898353,0.0006958942171238407,9.993040957898353e-09,NORMAL
9890,0.9993040957898353,0.0006958942171238407,9.993040957898353e-09,NORMAL
9891,0.9993040957898353,0.0006958942171238407,9.993040957898353e-09,NORMAL
9892,0.9993040957898353,0.0006958942171238407,9.993040957898353e-09,NORMAL
9893,0.9993040957898353,0.0006958942171238407,9.993040957898353e-09,NORMAL
9894,0.9993040957898353,0.0006958942171238407,9.993040957898353e-09,NORMAL
9895,0.9993040957898353,0.0006958942171238407,9.993040957898353e-09,NORMAL
9896,0.9993040957898353,0.0006958942171238407,9.993040957898353e-09,NORMAL
9897,0.9993040957898353,0.0006958942171238407,9.993040957898353e-09,NORMAL
9898,0.9993040957898353,0.0006958942171238407,9.993040957898353e-09,NORMAL
9899,0.9993040957898353,0.0006958942171238407,9.993040957898353e-09,NORMAL
9900,0.9999999800000006,9.999999800000005e-09,9.999999800000005e-09,NORMAL
9901,0.9999999800000006,9.999999800000005e-09,9.999999800000005e-09,NORMAL
9902,0.9999999800000006,9.999999800000005e-09,9.999999800000005e-09,NORMAL
9903,0.9999999800000006,9.999999800000005e-09,9.999999800000005e-09,NORMAL
9904,0.9999999800000006,9.999999800000005e-09,9.999999800000005e-09,NORMAL
9905,0.9999999800000006,9.999999800000005e-09,9.999999800000005e-09,NORMAL
9906,0.9999999800000006,9.999999800000005e-09,9.999999800000005e-09,NORMAL
9907,0.9999999800000006,9.999999800000005e-09,9.999999800000005e-09,NORMAL
9908,0.9999999800000006,9.999999800000005e-09,9.999999800000005e-09,NORMAL
9909,0.9999999800000006,9.999999800000005e-09,9.999999800000005e-09,NORMAL
9910,0.9999999800000006,9.999999800000005e-09,9.999999800000005e-09,NORMAL
9911,0.9999999800000006,9.999999800000005e-09,9.999999800000005e-09,NORMAL
9912,0.9999999800000006,9.999999800000005e-09,9.999999800000005e-09,NORMAL
9913,0.9999999800000006,9.999999800000005e-09,9.999999800000005e-09,NORMAL
9914,0.9999999800000006,9.999999800000005e-09,9.999999800000005e-09,NORMAL
9915,0.9999999800000006,9.999999800000005e-09,9.999999800000005e-09,NORMAL
9916,0.9999999800000006,9.999999800000005e-09,9.999999800000005e-09,NORMAL
9917,0.9999999800000006,9.999999800000005e-09,9.999999800000005e-09,NORMAL
9918,0.9993040957898353,0.0006958942171238407,9.993040957898353e-09,NORMAL
9919,0.9993040957898353,0.0006958942171238407,9.993040957898353e-09,NORMAL
9920,0.9993040957898353,0.0006958942171238407,9.993040957898353e-09,NORMAL
9921,0.9993040957898353,0.0006958942171238407,9.993040957898353e-09,NORMAL
9922,0.9993040957898353,0.0006958942171238407,9.993040957898353e-09,NORMAL
9923,0.9993040957898353,0.0006958942171238407,9.993040957898353e-09,NORMAL
9924,0.9993040957898353,0.0006958942171238407,9.993040957898353e-09,NORMAL
9925,0.9993040957898353,0.0006958942171238407,9.993040957898353e-09,NORMAL
9926,0.9993040957898353,0.0006958942171238407,9.993040957898353e-09,NORMAL
9927,0.9993040957898353,0.0006958942171238407,9.993040957898353e-09,NORMAL
9928,0.9993040957898353,0.0006958942171238407,9.993040957898353e-09,NORMAL
9929,0.9993040957898353,0.0006958942171238407,9.993040957898353e-09,NORMAL
9930,0.9993040957898353,0.0006958942171238407,9.993040957898353e-09,NORMAL
9931,0.9993040957898353,0.0006958942171238407,9.993040957898353e-09,NORMAL
9932,0.9993040957898353,0.0006958942171238407,9.993040957898353e-09,NORMAL
9933,0.9993040957898353,0.0006958942171238407,9.993040957898353e-09,NORMAL
9934,0.9993040957898353,0.0006958942171238407,9.993040957898353e-09,NORMAL
9935,0.9993040957898353,0.0006958942171238407,9.993040957898353e-09,NORMAL
9936,0.9999999800000006,9.999999800000005e-09,9.999999800000005e-09,NORMAL
9937,0.9999999800000006,9.999999800000005e-09,9.999999800000005e-09,NORMAL
9938,0.9999999800000006,9.999999800000005e-09,9.999999800000005e-09,NORMAL
9939,0.9999999800000006,9.999999800000005e-09,9.999999800000005e-09,NORMAL
9940,0.9999999800000006,9.999999800000005e-09,9.999999800000005e-09,NORMAL
9941,0.9999999800000006,9.999999800000005e-09,9.999999800000005e-09,NORMAL
9942,0.9999999800000006,9.999999800000005e-09,9.999999800000005e-09,NORMAL
9943,0.9999999800000006,9.999999800000005e-09,9.999999800000005e-09,NORMAL
9944,0.9999999800000006,9.999999800000005e-09,9.999999800000005e-09,NORMAL
9945,0.9999999800000006,9.999999800000005e-09,9.999999800000005e-09,NORMAL
9946,0.9999999800000006,9.999999800000005e-09,9.999999800000005e-09,NORMAL
9947,0.9999999800000006,9.999999800000005e-09,9.999999800000005e-09,NORMAL
9948,0.9999999800000006,9.999999800000005e-09,9.999999800000005e-09,NORMAL
9949,0.9999999800000006,9.999999800000005e-09,9.999999800000005e-09,NORMAL
9950,0.9999999800000006,9.999999800000005e-09,9.999999800000005e-09,NORMAL
9951,0.9999999800000006,9.999999800000005e-09,9.999999800000005e-09,NORMAL
9952,0.9999999800000006,9.999999800000005e-09,9.999999800000005e-09,NORMAL
9953,0.9999999800000006,9.999999800000005e-09,9.999999800000005e-09,NORMAL
9954,0.9999999800000006,9.999999800000005e-09,9.999999800000005e-09,NORMAL
9955,0.9999999800000006,9.999999800000005e-09,9.999999800000005e-09,NORMAL
9956,0.9999999800000006,9.999999800000005e-09,9.999999800000005e-09,NORMAL
9957,0.9999999800000006,9.999999800000005e-09,9.999999800000005e-09,NORMAL
9958,0.9999999800000006,9.999999800000005e-09,9.999999800000005e-09,NORMAL
9959,0.9999999800000006,9.999999800000005e-09,9.999999800000005e-09,NORMAL
9960,0.9999999800000006,9.999999800000005e-09,9.999999800000005e-09,NORMAL
9961,0.9999999800000006,9.999999800000005e-09,9.999999800000005e-09,NORMAL
9962,0.9999999800000006,9.999999800000005e-09,9.999999800000005e-09,NORMAL
9963,0.9999999800000006,9.999999800000005e-09,9.999999800000005e-09,NORMAL
9964,0.9999999800000006,9.999999800000005e-09,9.999999800000005e-09,NORMAL
9965,0.9999999800000006,9.999999800000005e-09,9.999999800000005e-09,NORMAL
9966,0.9999999800000006,9.999999800000005e-09,9.999999800000005e-09,NORMAL
9967,0.9999999800000006,9.999999800000005e-09,9.999999800000005e-09,NORMAL
9968,0.9999999800000006,9.999999800000005e-09,9.999999800000005e-09,NORMAL
9969,0.9999999800000006,9.999999800000005e-09,9.999999800000005e-09,NORMAL
9970,0.9999999800000006,9.999999800000005e-09,9.999999800000005e-09,NORMAL
9971,0.9999999800000006,9.999999800000005e-09,9.999999800000005e-09,NORMAL
9972,0.9999999800000006,9.999999800000005e-09,9.999999800000005e-09,NORMAL
9973,0.9999999800000006,9.999999800000005e-09,9.999999800000005e-09,NORMAL
9974,0.9999999800000006,9.999999800000005e-09,9.999999800000005e-09,NORMAL
9975,0.9999999800000006,9.999999800000005e-09,9.999999800000005e-09,NORMAL
9976,0.9999999800000006,9.999999800000005e-09,9.999999800000005e-09,NORMAL
9977,0.9999999800000006,9.999999800000005e-09,9.999999800000005e-09,NORMAL
9978,0.9999999800000006,9.999999800000005e-09,9.999999800000005e-09,NORMAL
9979,0.9999999800000006,9.999999800000005e-09,9.999999800000005e-09,NORMAL
9980,0.9999999800000006,9.999999800000005e-09,9.999999800000005e-09,NORMAL
9981,0.9999999800000006,9.999999800000005e-09,9.999999800000005e-09,NORMAL
9982,0.9999999800000006,9.999999800000005e-09,9.999999800000005e-09,NORMAL
9983,0.9999999800000006,9.999999800000005e-09,9.999999800000005e-09,NORMAL
9984,0.9999999800000006,9.999999800000005e-09,9.999999800000005e-09,NORMAL
9985,0.9999999800000006,9.999999800000005e-09,9.999999800000005e-09,NORMAL
9986,0.9999999800000006,9.999999800000005e-09,9.999999800000005e-09,NORMAL
9987,0.9999999800000006,9.999999800000005e-09,9.999999800000005e-09,NORMAL
9988,0.9999999800000006,9.999999800000005e-09,9.999999800000005e-09,NORMAL
9989,0.9999999800000006,9.999999800000005e-09,9.999999800000005e-09,NORMAL
9990,0.9993040957898353,0.0006958942171238407,9.993040957898353e-09,NORMAL
9991,0.9993040957898353,0.0006958942171238407,9.993040957898353e-09,NORMAL
9992,0.9993040957898353,0.0006958942171238407,9.993040957898353e-09,NORMAL
9993,0.9993040957898353,0.0006958942171238407,9.993040957898353e-09,NORMAL
9994,0.9993040957898353,0.0006958942171238407,9.993040957898353e-09,NORMAL
9995,0.9993040957898353,0.0006958942171238407,9.993040957898353e-09,NORMAL
9996,0.9993040957898353,0.0006958942171238407,9.993040957898353e-09,NORMAL
9997,0.9993040957898353,0.0006958942171238407,9.993040957898353e-09,NORMAL
9998,0.9993040957898353,0.0006958942171238407,9.993040957898353e-09,NORMAL
9999,0.9993040957898353,0.0006958942171238407,9.993040957898353e-09,NORMAL
10000,0.9993040957898353,0.0006958942171238407,9.993040957898353e-09,NORMAL
10001,0.9993040957898353,0.0006958942171238407,9.993040957898353e-09,NORMAL
10002,0.9993040957898353,0.0006958942171238407,9.993040957898353e-09,NORMAL
10003,0.9993040957898353,0.0006958942171238407,9.993040957898353e-09,NORMAL
10004,0.9993040957898353,0.0006958942171238407,9.993040957898353e-09,NORMAL
10005,0.9993040957898353,0.0006958942171238407,9.993040957898353e-09,NORMAL
10006,0.9993040957898353,0.0006958942171238407,9.993040957898353e-09,NORMAL
10007,0.9993040957898353,0.0006958942171238407,9.993040957898353e-09,NORMAL
10008,0.9993040957898353,0.0006958942171238407,9.993040957898353e-09,NORMAL
10009,0.9993040957898353,0.0006958942171238407,9.993040957898353e-09,NORMAL
10010,0.9993040957898353,0.0006958942171238407,9.993040957898353e-09,NORMAL
10011,0.9993040957898353,0.0006958942171238407,9.993040957898353e-09,NORMAL
10012,0.9993040957898353,0.0006958942171238407,9.993040957898353e-09,NORMAL
10013,0.9993040957898353,0.0006958942171238407,9.993040957898353e-09,NORMAL
10014,0.9993040957898353,0.0006958942171238407,9.993040957898353e-09,NORMAL
10015,0.9993040957898353,0.0006958942171238407,9.993040957898353e-09,NORMAL
10016,0.9993040957898353,0.0006958942171238407,9.993040957898353e-09,NORMAL
10017,0.9993040957898353,0.0006958942171238407,9.993040957898353e-09,NORMAL
10018,0.9993040957898353,0.0006958942171238407,9.993040957898353e-09,NORMAL
10019,0.9993040957898353,0.0006958942171238407,9.993040957898353e-09,NORMAL
10020,0.9993040957898353,0.0006958942171238407,9.993040957898353e-09,NORMAL
10021,0.9993040957898353,0.0006958942171238407,9.993040957898353e-09,NORMAL
10022,0.9993040957898353,0.0006958942171238407,9.993040957898353e-09,NORMAL
10023,0.9993040957898353,0.0006958942171238407,9.993040957898353e-09,NORMAL
10024,0.9993040957898353,0.0006958942171238407,9.993040957898353e-09,NORMAL
10025,0.9993040957898353,0.0006958942171238407,9.993040957898353e-09,NORMAL
10026,0.9993040957898353,0.0006958942171238407,9.993040957898353e-09,NORMAL
10027,0.9993040957898353,0.0006958942171238407,9.993040957898353e-09,NORMAL
10028,0.9993040957898353,0.0006958942171238407,9.993040957898353e-09,NORMAL
10029,0.9993040957898353,0.0006958942171238407,9.993040957898353e-09,NORMAL
10030,0.9993040957898353,0.0006958942171238407,9.993040957898353e-09,NORMAL
10031,0.9993040957898353,0.0006958942171238407,9.993040957898353e-09,NORMAL
10032,0.9993040957898353,0.0006958942171238407,9.993040957898353e-09,NORMAL
10033,0.9993040957898353,0.0006958942171238407,9.993040957898353e-09,NORMAL
10034,0.9993040957898353,0.0006958942171238407,9.993040957898353e-09,NORMAL
10035,0.9993040957898353,0.0006958942171238407,9.993040957898353e-09,NORMAL
10036,0.9993040957898353,0.0006958942171238407,9.993040957898353e-09,NORMAL
10037,0.9993040957898353,0.0006958942171238407,9.993040957898353e-09,NORMAL
10038,0.9993040957898353,0.0006958942171238407,9.993040957898353e-09,NORMAL
10039,0.9993040957898353,0.0006958942171238407,9.993040957898353e-09,NORMAL
10040,0.9993040957898353,0.0006958942171238407,9.993040957898353e-09,NORMAL
10041,0.9993040957898353,0.0006958942171238407,9.993040957898353e-09,NORMAL
10042,0.9993040957898353,0.0006958942171238407,9.993040957898353e-09,NORMAL
10043,0.9993040957898353,0.0006958942171238407,9.993040957898353e-09,NORMAL
10044,0.9999999800000006,9.999999800000005e-09,9.999999800000005e-09,NORMAL
10045,0.9999999800000006,9.999999800000005e-09,9.999999800000005e-09,NORMAL
10046,0.9999999800000006,9.999999800000005e-09,9.999999800000005e-09,NORMAL
10047,0.9999999800000006,9.999999800000005e-09,9.999999800000005e-09,NORMAL
10048,0.9999999800000006,9.999999800000005e-09,9.999999800000005e-09,NORMAL
10049,0.9999999800000006,9.999999800000005e-09,9.999999800000005e-09,NORMAL
10050,0.9999999800000006,9.999999800000005e-09,9.999999800000005e-09,NORMAL
10051,0.9999999800000006,9.999999800000005e-09,9.999999800000005e-09,NORMAL
10052,0.9999999800000006,9.999999800000005e-09,9.999999800000005e-09,NORMAL
10053,0.9999999800000006,9.999999800000005e-09,9.999999800000005e-09,NORMAL
10054,0.9999999800000006,9.999999800000005e-09,9.999999800000005e-09,NORMAL
10055,0.9999999800000006,9.999999800000005e-09,9.999999800000005e-09,NORMAL
10056,0.9999999800000006,9.999999800000005e-09,9.999999800000005e-09,NORMAL
10057,0.9999999800000006,9.999999800000005e-09,9.999999800000005e-09,NORMAL
10058,0.9999999800000006,9.999999800000005e-09,9.999999800000005e-09,NORMAL
10059,0.9999999800000006,9.999999800000005e-09,9.999999800000005e-09,NORMAL
10060,0.9999999800000006,9.999999800000005e-09,9.999999800000005e-09,NORMAL
10061,0.9999999800000006,9.999999800000005e-09,9.999999800000005e-09,NORMAL
10062,0.9993040957898353,0.0006958942171238407,9.993040957898353e-09,NORMAL
10063,0.9993040957898353,0.0006958942171238407,9.993040957898353e-09,NORMAL
10064,0.9993040957898353,0.0006958942171238407,9.993040957898353e-09,NORMAL
10065,0.9993040957898353,0.0006958942171238407,9.993040957898353e-09,NORMAL
10066,0.9993040957898353,0.0006958942171238407,9.993040957898353e-09,NORMAL
10067,0.9993040957898353,0.0006958942171238407,9.993040957898353e-09,NORMAL
10068,0.9993040957898353,0.0006958942171238407,9.993040957898353e-09,NORMAL
10069,0.9993040957898353,0.0006958942171238407,9.993040957898353e-09,NORMAL
10070,0.9993040957898353,0.0006958942171238407,9.993040957898353e-09,NORMAL
10071,0.9993040957898353,0.0006958942171238407,9.993040957898353e-09,NORMAL
10072,0.9993040957898353,0.0006958942171238407,9.993040957898353e-09,NORMAL
10073,0.9993040957898353,0.0006958942171238407,9.993040957898353e-09,NORMAL
10074,0.9993040957898353,0.0006958942171238407,9.993040957898353e-09,NORMAL
10075,0.9993040957898353,0.0006958942171238407,9.993040957898353e-09,NORMAL
10076,0.9993040957898353,0.0006958942171238407,9.993040957898353e-09,NORMAL
10077,0.9993040957898353,0.0006958942171238407,9.993040957898353e-09,NORMAL
10078,0.9993040957898353,0.0006958942171238407,9.993040957898353e-09,NORMAL
10079,0.9993040957898353,0.0006958942171238407,9.993040957898353e-09,NORMAL
10080,0.9999999800000006,9.999999800000005e-09,9.999999800000005e-09,NORMAL
10081,0.9999999800000006,9.999999800000005e-09,9.999999800000005e-09,NORMAL
10082,0.9999999800000006,9.999999800000005e-09,9.999999800000005e-09,NORMAL
10083,0.9999999800000006,9.999999800000005e-09,9.999999800000005e-09,NORMAL
10084,0.9999999800000006,9.999999800000005e-09,9.999999800000005e-09,NORMAL
10085,0.9999999800000006,9.999999800000005e-09,9.999999800000005e-09,NORMAL
10086,0.9999999800000006,9.999999800000005e-09,9.999999800000005e-09,NORMAL
10087,0.9999999800000006,9.999999800000005e-09,9.999999800000005e-09,NORMAL
10088,0.9999999800000006,9.999999800000005e-09,9.999999800000005e-09,NORMAL
10089,0.9999999800000006,9.999999800000005e-09,9.999999800000005e-09,NORMAL
10090,0.9999999800000006,9.999999800000005e-09,9.999999800000005e-09,NORMAL
10091,0.9999999800000006,9.999999800000005e-09,9.999999800000005e-09,NORMAL
10092,0.9999999800000006,9.999999800000005e-09,9.999999800000005e-09,NORMAL
10093,0.9999999800000006,9.999999800000005e-09,9.999999800000005e-09,NORMAL
10094,0.9999999800000006,9.999999800000005e-09,9.999999800000005e-09,NORMAL
10095,0.9999999800000006,9.999999800000005e-09,9.999999800000005e-09,NORMAL
10096,0.9999999800000006,9.999999800000005e-09,9.999999800000005e-09,NORMAL
10097,0.9999999800000006,9.999999800000005e-09,9.999999800000005e-09,NORMAL
10098,0.9999999800000006,9.999999800000005e-09,9.999999800000005e-09,NORMAL
10099,0.9999999800000006,9.999999800000005e-09,9.999999800000005e-09,NORMAL
10100,0.9999999800000006,9.999999800000005e-09,9.999999800000005e-09,NORMAL
10101,0.9999999800000006,9.999999800000005e-09,9.999999800000005e-09,NORMAL
10102,0.9999999800000006,9.999999800000005e-09,9.999999800000005e-09,NORMAL
10103,0.9999999800000006,9.999999800000005e-09,9.999999800000005e-09,NORMAL
10104,0.9999999800000006,9.999999800000005e-09,9.999999800000005e-09,NORMAL
10105,0.9999999800000006,9.999999800000005e-09,9.999999800000005e-09,NORMAL
10106,0.9999999800000006,9.999999800000005e-09,9.999999800000005e-09,NORMAL
10107,0.9999999800000006,9.999999800000005e-09,9.999999800000005e-09,NORMAL
10108,0.9999999800000006,9.999999800000005e-09,9.999999800000005e-09,NORMAL
10109,0.9999999800000006,9.999999800000005e-09,9.999999800000005e-09,NORMAL
10110,0.9999999800000006,9.999999800000005e-09,9.999999800000005e-09,NORMAL
10111,0.9999999800000006,9.999999800000005e-09,9.999999800000005e-09,NORMAL
10112,0.9999999800000006,9.999999800000005e-09,9.999999800000005e-09,NORMAL
10113,0.9999999800000006,9.999999800000005e-09,9.999999800000005e-09,NORMAL
10114,0.9999999800000006,9.999999800000005e-09,9.999999800000005e-09,NORMAL
10115,0.9999999800000006,9.999999800000005e-09,9.999999800000005e-09,NORMAL
10116,0.9999999800000006,9.999999800000005e-09,9.999999800000005e-09,NORMAL
10117,0.9999999800000006,9.999999800000005e-09,9.999999800000005e-09,NORMAL
10118,0.9999999800000006,9.999999800000005e-09,9.999999800000005e-09,NORMAL
10119,0.9999999800000006,9.999999800000005e-09,9.999999800000005e-09,NORMAL
10120,0.9999999800000006,9.999999800000005e-09,9.999999800000005e-09,NORMAL
10121,0.9999999800000006,9.999999800000005e-09,9.999999800000005e-09,NORMAL
10122,0.9999999800000006,9.999999800000005e-09,9.999999800000005e-09,NORMAL
10123,0.9999999800000006,9.999999800000005e-09,9.999999800000005e-09,NORMAL
10124,0.9999999800000006,9.999999800000005e-09,9.999999800000005e-09,NORMAL
10125,0.9999999800000006,9.999999800000005e-09,9.999999800000005e-09,NORMAL
10126,0.9999999800000006,9.999999800000005e-09,9.999999800000005e-09,NORMAL
10127,0.9999999800000006,9.999999800000005e-09,9.999999800000005e-09,NORMAL
10128,0.9999999800000006,9.999999800000005e-09,9.999999800000005e-09,NORMAL
10129,0.9999999800000006,9.999999800000005e-09,9.999999800000005e-09,NORMAL
10130,0.9999999800000006,9.999999800000005e-09,9.999999800000005e-09,NORMAL
10131,0.9999999800000006,9.999999800000005e-09,9.999999800000005e-09,NORMAL
10132,0.9999999800000006,9.999999800000005e-09,9.999999800000005e-09,NORMAL
10133,0.9999999800000006,9.999999800000005e-09,9.999999800000005e-09,NORMAL
10134,0.9999999800000006,9.999999800000005e-09,9.999999800000005e-09,NORMAL
10135,0.9999999800000006,9.999999800000005e-09,9.999999800000005e-09,NORMAL
10136,0.9999999800000006,9.999999800000005e-09,9.999999800000005e-09,NORMAL
10137,0.9999999800000006,9.999999800000005e-09,9.999999800000005e-09,NORMAL
10138,0.9999999800000006,9.999999800000005e-09,9.999999800000005e-09,NORMAL
10139,0.9999999800000006,9.999999800000005e-09,9.999999800000005e-09,NORMAL
10140,0.9999999800000006,9.999999800000005e-09,9.999999800000005e-09,NORMAL
10141,0.9999999800000006,9.999999800000005e-09,9.999999800000005e-09,NORMAL
10142,0.9999999800000006,9.999999800000005e-09,9.999999800000005e-09,NORMAL
10143,0.9999999800000006,9.999999800000005e-09,9.999999800000005e-09,NORMAL
10144,0.9999999800000006,9.999999800000005e-09,9.999999800000005e-09,NORMAL
10145,0.9999999800000006,9.999999800000005e-09,9.999999800000005e-09,NORMAL
10146,0.9999999800000006,9.999999800000005e-09,9.999999800000005e-09,NORMAL
10147,0.9999999800000006,9.999999800000005e-09,9.999999800000005e-09,NORMAL
10148,0.9999999800000006,9.999999800000005e-09,9.999999800000005e-09,NORMAL
10149,0.9999999800000006,9.999999800000005e-09,9.999999800000005e-09,NORMAL
10150,0.9999999800000006,9.999999800000005e-09,9.999999800000005e-09,NORMAL
10151,0.9999999800000006,9.999999800000005e-09,9.999999800000005e-09,NORMAL
10152,0.9999999800000006,9.999999800000005e-09,9.999999800000005e-09,NORMAL
10153,0.9999999800000006,9.999999800000005e-09,9.999999800000005e-09,NORMAL
10154,0.9999999800000006,9.999999800000005e-09,9.999999800000005e-09,NORMAL
10155,0.9999999800000006,9.999999800000005e-09,9.999999800000005e-09,NORMAL
10156,0.9999999800000006,9.999999800000005e-09,9.999999800000005e-09,NORMAL
10157,0.9999999800000006,9.999999800000005e-09,9.999999800000005e-09,NORMAL
10158,0.9999999800000006,9.999999800000005e-09,9.999999800000005e-09,NORMAL
10159,0.9999999800000006,9.999999800000005e-09,9.999999800000005e-09,NORMAL
10160,0.9999999800000006,9.999999800000005e-09,9.999999800000005e-09,NORMAL
10161,0.9999999800000006,9.999999800000005e-09,9.999999800000005e-09,NORMAL
10162,0.9999999800000006,9.999999800000005e-09,9.999999800000005e-09,NORMAL
10163,0.9999999800000006,9.999999800000005e-09,9.999999800000005e-09,NORMAL
10164,0.9999999800000006,9.999999800000005e-09,9.999999800000005e-09,NORMAL
10165,0.9999999800000006,9.999999800000005e-09,9.999999800000005e-09,NORMAL
10166,0.9999999800000006,9.999999800000005e-09,9.999999800000005e-09,NORMAL
10167,0.9999999800000006,9.999999800000005e-09,9.999999800000005e-09,NORMAL
10168,0.9999999800000006,9.999999800000005e-09,9.999999800000005e-09,NORMAL
10169,0.9999999800000006,9.999999800000005e-09,9.999999800000005e-09,NORMAL
10170,0.9999999800000006,9.999999800000005e-09,9.999999800000005e-09,NORMAL
10171,0.9999999800000006,9.999999800000005e-09,9.999999800000005e-09,NORMAL
10172,0.9999999800000006,9.999999800000005e-09,9.999999800000005e-09,NORMAL
10173,0.9999999800000006,9.999999800000005e-09,9.999999800000005e-09,NORMAL
10174,0.9999999800000006,9.999999800000005e-09,9.999999800000005e-09,NORMAL
10175,0.9999999800000006,9.999999800000005e-09,9.999999800000005e-09,NORMAL
10176,0.9999999800000006,9.999999800000005e-09,9.999999800000005e-09,NORMAL
10177,0.9999999800000006,9.999999800000005e-09,9.999999800000005e-09,NORMAL
10178,0.9999999800000006,9.999999800000005e-09,9.999999800000005e-09,NORMAL
10179,0.9999999800000006,9.999999800000005e-09,9.999999800000005e-09,NORMAL
10180,0.9999999800000006,9.999999800000005e-09,9.999999800000005e-09,NORMAL
10181,0.9999999800000006,9.999999800000005e-09,9.999999800000005e-09,NORMAL
10182,0.9999999800000006,9.999999800000005e-09,9.999999800000005e-09,NORMAL
10183,0.9999999800000006,9.999999800000005e-09,9.999999800000005e-09,NORMAL
10184,0.9999999800000006,9.999999800000005e-09,9.999999800000005e-09,NORMAL
10185,0.9999999800000006,9.999999800000005e-09,9.999999800000005e-09,NORMAL
10186,0.9999999800000006,9.999999800000005e-09,9.999999800000005e-09,NORMAL
10187,0.9999999800000006,9.999999800000005e-09,9.999999800000005e-09,NORMAL
10188,0.9993040957898353,0.0006958942171238407,9.993040957898353e-09,NORMAL
10189,0.9993040957898353,0.0006958942171238407,9.993040957898353e-09,NORMAL
10190,0.9993040957898353,0.0006958942171238407,9.993040957898353e-09,NORMAL
10191,0.9993040957898353,0.0006958942171238407,9.993040957898353e-09,NORMAL
10192,0.9993040957898353,0.0006958942171238407,9.993040957898353e-09,NORMAL
10193,0.9993040957898353,0.0006958942171238407,9.993040957898353e-09,NORMAL
10194,0.9993040957898353,0.0006958942171238407,9.993040957898353e-09,NORMAL
10195,0.9993040957898353,0.0006958942171238407,9.993040957898353e-09,NORMAL
10196,0.9993040957898353,0.0006958942171238407,9.993040957898353e-09,NORMAL
10197,0.9993040957898353,0.0006958942171238407,9.993040957898353e-09,NORMAL
10198,0.9993040957898353,0.0006958942171238407,9.993040957898353e-09,NORMAL
10199,0.9993040957898353,0.0006958942171238407,9.993040957898353e-09,NORMAL
10200,0.9993040957898353,0.0006958942171238407,9.993040957898353e-09,NORMAL
10201,0.9993040957898353,0.0006958942171238407,9.993040957898353e-09,NORMAL
10202,0.9993040957898353,0.0006958942171238407,9.993040957898353e-09,NORMAL
10203,0.9993040957898353,0.0006958942171238407,9.993040957898353e-09,NORMAL
10204,0.9993040957898353,0.0006958942171238407,9.993040957898353e-09,NORMAL
10205,0.9993040957898353,0.0006958942171238407,9.993040957898353e-09,NORMAL
10206,0.9999999800000006,9.999999800000005e-09,9.999999800000005e-09,NORMAL
10207,0.9999999800000006,9.999999800000005e-09,9.999999800000005e-09,NORMAL
10208,0.9999999800000006,9.999999800000005e-09,9.999999800000005e-09,NORMAL
10209,0.9999999800000006,9.999999800000005e-09,9.999999800000005e-09,NORMAL
10210,0.9999999800000006,9.999999800000005e-09,9.999999800000005e-09,NORMAL
10211,0.9999999800000006,9.999999800000005e-09,9.999999800000005e-09,NORMAL
10212,0.9999999800000006,9.999999800000005e-09,9.999999800000005e-09,NORMAL
10213,0.9999999800000006,9.999999800000005e-09,9.999999800000005e-09,NORMAL
10214,0.9999999800000006,9.999999800000005e-09,9.999999800000005e-09,NORMAL
10215,0.9999999800000006,9.999999800000005e-09,9.999999800000005e-09,NORMAL
10216,0.9999999800000006,9.999999800000005e-09,9.999999800000005e-09,NORMAL
10217,0.9999999800000006,9.999999800000005e-09,9.999999800000005e-09,NORMAL
10218,0.9999999800000006,9.999999800000005e-09,9.999999800000005e-09,NORMAL
10219,0.9999999800000006,9.999999800000005e-09,9.999999800000005e-09,NORMAL
10220,0.9999999800000006,9.999999800000005e-09,9.999999800000005e-09,NORMAL
10221,0.9999999800000006,9.999999800000005e-09,9.999999800000005e-09,NORMAL
10222,0.9999999800000006,9.999999800000005e-09,9.999999800000005e-09,NORMAL
10223,0.9999999800000006,9.999999800000005e-09,9.999999800000005e-09,NORMAL
10224,0.9999999800000006,9.999999800000005e-09,9.999999800000005e-09,NORMAL
10225,0.9999999800000006,9.999999800000005e-09,9.999999800000005e-09,NORMAL
10226,0.9999999800000006,9.999999800000005e-09,9.999999800000005e-09,NORMAL
10227,0.9999999800000006,9.999999800000005e-09,9.999999800000005e-09,NORMAL
10228,0.9999999800000006,9.999999800000005e-09,9.999999800000005e-09,NORMAL
10229,0.9999999800000006,9.999999800000005e-09,9.999999800000005e-09,NORMAL
10230,0.9999999800000006,9.999999800000005e-09,9.999999800000005e-09,NORMAL
10231,0.9999999800000006,9.999999800000005e-09,9.999999800000005e-09,NORMAL
10232,0.9999999800000006,9.999999800000005e-09,9.999999800000005e-09,NORMAL
10233,0.9999999800000006,9.999999800000005e-09,9.999999800000005e-09,NORMAL
10234,0.9999999800000006,9.999999800000005e-09,9.999999800000005e-09,NORMAL
10235,0.9999999800000006,9.999999800000005e-09,9.999999800000005e-09,NORMAL
10236,0.9999999800000006,9.999999800000005e-09,9.999999800000005e-09,NORMAL
10237,0.9999999800000006,9.999999800000005e-09,9.999999800000005e-09,NORMAL
10238,0.9999999800000006,9.999999800000005e-09,9.999999800000005e-09,NORMAL
10239,0.9999999800000006,9.999999800000005e-09,9.999999800000005e-09,NORMAL
10240,0.9999999800000006,9.999999800000005e-09,9.999999800000005e-09,NORMAL
10241,0.9999999800000006,9.999999800000005e-09,9.999999800000005e-09,NORMAL
10242,0.9999999800000006,9.999999800000005e-09,9.999999800000005e-09,NORMAL
10243,0.9999999800000006,9.999999800000005e-09,9.999999800000005e-09,NORMAL
10244,0.9999999800000006,9.999999800000005e-09,9.999999800000005e-09,NORMAL
10245,0.9999999800000006,9.999999800000005e-09,9.999999800000005e-09,NORMAL
10246,0.9999999800000006,9.999999800000005e-09,9.999999800000005e-09,NORMAL
10247,0.9999999800000006,9.999999800000005e-09,9.999999800000005e-09,NORMAL
10248,0.9999999800000006,9.999999800000005e-09,9.999999800000005e-09,NORMAL
10249,0.9999999800000006,9.999999800000005e-09,9.999999800000005e-09,NORMAL
10250,0.9999999800000006,9.999999800000005e-09,9.999999800000005e-09,NORMAL
10251,0.9999999800000006,9.999999800000005e-09,9.999999800000005e-09,NORMAL
10252,0.9999999800000006,9.999999800000005e-09,9.999999800000005e-09,NORMAL
10253,0.9999999800000006,9.999999800000005e-09,9.999999800000005e-09,NORMAL
10254,0.9999999800000006,9.999999800000005e-09,9.999999800000005e-09,NORMAL
10255,0.9999999800000006,9.999999800000005e-09,9.999999800000005e-09,NORMAL
10256,0.9999999800000006,9.999999800000005e-09,9.999999800000005e-09,NORMAL
10257,0.9999999800000006,9.999999800000005e-09,9.999999800000005e-09,NORMAL
10258,0.9999999800000006,9.999999800000005e-09,9.999999800000005e-09,NORMAL
10259,0.9999999800000006,9.999999800000005e-09,9.999999800000005e-09,NORMAL
10260,0.9993040957898353,0.0006958942171238407,9.993040957898353e-09,NORMAL
10261,0.9993040957898353,0.0006958942171238407,9.993040957898353e-09,NORMAL
10262,0.9993040957898353,0.0006958942171238407,9.993040957898353e-09,NORMAL
10263,0.9993040957898353,0.0006958942171238407,9.993040957898353e-09,NORMAL
10264,0.9993040957898353,0.0006958942171238407,9.993040957898353e-09,NORMAL
10265,0.9993040957898353,0.0006958942171238407,9.993040957898353e-09,NORMAL
10266,0.9993040957898353,0.0006958942171238407,9.993040957898353e-09,NORMAL
10267,0.9993040957898353,0.0006958942171238407,9.993040957898353e-09,NORMAL
10268,0.9993040957898353,0.0006958942171238407,9.993040957898353e-09,NORMAL
10269,0.9993040957898353,0.0006958942171238407,9.993040957898353e-09,NORMAL
10270,0.9993040957898353,0.0006958942171238407,9.993040957898353e-09,NORMAL
10271,0.9993040957898353,0.0006958942171238407,9.993040957898353e-09,NORMAL
10272,0.9993040957898353,0.0006958942171238407,9.993040957898353e-09,NORMAL
10273,0.9993040957898353,0.0006958942171238407,9.993040957898353e-09,NORMAL
10274,0.9993040957898353,0.0006958942171238407,9.993040957898353e-09,NORMAL
10275,0.9993040957898353,0.0006958942171238407,9.993040957898353e-09,NORMAL
10276,0.9993040957898353,0.0006958942171238407,9.993040957898353e-09,NORMAL
10277,0.9993040957898353,0.0006958942171238407,9.993040957898353e-09,NORMAL
10278,0.9999999800000006,9.999999800000005e-09,9.999999800000005e-09,NORMAL
10279,0.9999999800000006,9.999999800000005e-09,9.999999800000005e-09,NORMAL
10280,0.9999999800000006,9.999999800000005e-09,9.999999800000005e-09,NORMAL
10281,0.9999999800000006,9.999999800000005e-09,9.999999800000005e-09,NORMAL
10282,0.9999999800000006,9.999999800000005e-09,9.999999800000005e-09,NORMAL
10283,0.9999999800000006,9.999999800000005e-09,9.999999800000005e-09,NORMAL
10284,0.9999999800000006,9.999999800000005e-09,9.999999800000005e-09,NORMAL
10285,0.9999999800000006,9.999999800000005e-09,9.999999800000005e-09,NORMAL
10286,0.9999999800000006,9.999999800000005e-09,9.999999800000005e-09,NORMAL
10287,0.9999999800000006,9.999999800000005e-09,9.999999800000005e-09,NORMAL
10288,0.9999999800000006,9.999999800000005e-09,9.999999800000005e-09,NORMAL
10289,0.9999999800000006,9.999999800000005e-09,9.999999800000005e-09,NORMAL
10290,0.9999999800000006,9.999999800000005e-09,9.999999800000005e-09,NORMAL
10291,0.9999999800000006,9.999999800000005e-09,9.999999800000005e-09,NORMAL
10292,0.9999999800000006,9.999999800000005e-09,9.999999800000005e-09,NORMAL
10293,0.9999999800000006,9.999999800000005e-09,9.999999800000005e-09,NORMAL
10294,0.9999999800000006,9.999999800000005e-09,9.999999800000005e-09,NORMAL
10295,0.9999999800000006,9.999999800000005e-09,9.999999800000005e-09,NORMAL
10296,0.9993040957898353,0.0006958942171238407,9.993040957898353e-09,NORMAL
10297,0.9993040957898353,0.0006958942171238407,9.993040957898353e-09,NORMAL
10298,0.9993040957898353,0.0006958942171238407,9.993040957898353e-09,NORMAL
10299,0.9993040957898353,0.0006958942171238407,9.993040957898353e-09,NORMAL
10300,0.9993040957898353,0.0006958942171238407,9.993040957898353e-09,NORMAL
10301,0.9993040957898353,0.0006958942171238407,9.993040957898353e-09,NORMAL
10302,0.9993040957898353,0.0006958942171238407,9.993040957898353e-09,NORMAL
10303,0.9993040957898353,0.0006958942171238407,9.993040957898353e-09,NORMAL
10304,0.9993040957898353,0.0006958942171238407,9.993040957898353e-09,NORMAL
10305,0.9993040957898353,0.0006958942171238407,9.993040957898353e-09,NORMAL
10306,0.9993040957898353,0.0006958942171238407,9.993040957898353e-09,NORMAL
10307,0.9993040957898353,0.0006958942171238407,9.993040957898353e-09,NORMAL
10308,0.9993040957898353,0.0006958942171238407,9.993040957898353e-09,NORMAL
10309,0.9993040957898353,0.0006958942171238407,9.993040957898353e-09,NORMAL
10310,0.9993040957898353,0.0006958942171238407,9.993040957898353e-09,NORMAL
10311,0.9993040957898353,0.0006958942171238407,9.993040957898353e-09,NORMAL
10312,0.9993040957898353,0.0006958942171238407,9.993040957898353e-09,NORMAL
10313,0.9993040957898353,0.0006958942171238407,9.993040957898353e-09,NORMAL
10314,0.9993040957898353,0.0006958942171238407,9.993040957898353e-09,NORMAL
10315,0.9993040957898353,0.0006958942171238407,9.993040957898353e-09,NORMAL
10316,0.9993040957898353,0.0006958942171238407,9.993040957898353e-09,NORMAL
10317,0.9993040957898353,0.0006958942171238407,9.993040957898353e-09,NORMAL
10318,0.9993040957898353,0.0006958942171238407,9.993040957898353e-09,NORMAL
10319,0.9993040957898353,0.0006958942171238407,9.993040957898353e-09,NORMAL
10320,0.9993040957898353,0.0006958942171238407,9.993040957898353e-09,NORMAL
10321,0.9993040957898353,0.0006958942171238407,9.993040957898353e-09,NORMAL
10322,0.9993040957898353,0.0006958942171238407,9.993040957898353e-09,NORMAL
10323,0.9993040957898353,0.0006958942171238407,9.993040957898353e-09,NORMAL
10324,0.9993040957898353,0.0006958942171238407,9.993040957898353e-09,NORMAL
10325,0.9993040957898353,0.0006958942171238407,9.993040957898353e-09,NORMAL
10326,0.9993040957898353,0.0006958942171238407,9.993040957898353e-09,NORMAL
10327,0.9993040957898353,0.0006958942171238407,9.993040957898353e-09,NORMAL
10328,0.9993040957898353,0.0006958942171238407,9.993040957898353e-09,NORMAL
10329,0.9993040957898353,0.0006958942171238407,9.993040957898353e-09,NORMAL
10330,0.9993040957898353,0.0006958942171238407,9.993040957898353e-09,NORMAL
10331,0.9993040957898353,0.0006958942171238407,9.993040957898353e-09,NORMAL
10332,0.9999999800000006,9.999999800000005e-09,9.999999800000005e-09,NORMAL
10333,0.9999999800000006,9.999999800000005e-09,9.999999800000005e-09,NORMAL
10334,0.9999999800000006,9.999999800000005e-09,9.999999800000005e-09,NORMAL
10335,0.9999999800000006,9.999999800000005e-09,9.999999800000005e-09,NORMAL
10336,0.9999999800000006,9.999999800000005e-09,9.999999800000005e-09,NORMAL
10337,0.9999999800000006,9.999999800000005e-09,9.999999800000005e-09,NORMAL
10338,0.9999999800000006,9.999999800000005e-09,9.999999800000005e-09,NORMAL
10339,0.9999999800000006,9.999999800000005e-09,9.999999800000005e-09,NORMAL
10340,0.9999999800000006,9.999999800000005e-09,9.999999800000005e-09,NORMAL
10341,0.9999999800000006,9.999999800000005e-09,9.999999800000005e-09,NORMAL
10342,0.9999999800000006,9.999999800000005e-09,9.999999800000005e-09,NORMAL
10343,0.9999999800000006,9.999999800000005e-09,9.999999800000005e-09,NORMAL
10344,0.9999999800000006,9.999999800000005e-09,9.999999800000005e-09,NORMAL
10345,0.9999999800000006,9.999999800000005e-09,9.999999800000005e-09,NORMAL
10346,0.9999999800000006,9.999999800000005e-09,9.999999800000005e-09,NORMAL
10347,0.9999999800000006,9.999999800000005e-09,9.999999800000005e-09,NORMAL
10348,0.9999999800000006,9.999999800000005e-09,9.999999800000005e-09,NORMAL
10349,0.9999999800000006,9.999999800000005e-09,9.999999800000005e-09,NORMAL
10350,0.9993040957898353,0.0006958942171238407,9.993040957898353e-09,NORMAL
10351,0.9993040957898353,0.0006958942171238407,9.993040957898353e-09,NORMAL
10352,0.9993040957898353,0.0006958942171238407,9.993040957898353e-09,NORMAL
10353,0.9993040957898353,0.0006958942171238407,9.993040957898353e-09,NORMAL
10354,0.9993040957898353,0.0006958942171238407,9.993040957898353e-09,NORMAL
10355,0.9993040957898353,0.0006958942171238407,9.993040957898353e-09,NORMAL
10356,0.9993040957898353,0.0006958942171238407,9.993040957898353e-09,NORMAL
10357,0.9993040957898353,0.0006958942171238407,9.993040957898353e-09,NORMAL
10358,0.9993040957898353,0.0006958942171238407,9.993040957898353e-09,NORMAL
10359,0.9993040957898353,0.0006958942171238407,9.993040957898353e-09,NORMAL
10360,0.9993040957898353,0.0006958942171238407,9.993040957898353e-09,NORMAL
10361,0.9993040957898353,0.0006958942171238407,9.993040957898353e-09,NORMAL
10362,0.9993040957898353,0.0006958942171238407,9.993040957898353e-09,NORMAL
10363,0.9993040957898353,0.0006958942171238407,9.993040957898353e-09,NORMAL
10364,0.9993040957898353,0.0006958942171238407,9.993040957898353e-09,NORMAL
10365,0.9993040957898353,0.0006958942171238407,9.993040957898353e-09,NORMAL
10366,0.9993040957898353,0.0006958942171238407,9.993040957898353e-09,NORMAL
10367,0.9993040957898353,0.0006958942171238407,9.993040957898353e-09,NORMAL
10368,0.9999999800000006,9.999999800000005e-09,9.999999800000005e-09,NORMAL
10369,0.9999999800000006,9.999999800000005e-09,9.999999800000005e-09,NORMAL
10370,0.9999999800000006,9.999999800000005e-09,9.999999800000005e-09,NORMAL
10371,0.9999999800000006,9.999999800000005e-09,9.999999800000005e-09,NORMAL
10372,0.9999999800000006,9.999999800000005e-09,9.999999800000005e-09,NORMAL
10373,0.9999999800000006,9.999999800000005e-09,9.999999800000005e-09,NORMAL
10374,0.9999999800000006,9.999999800000005e-09,9.999999800000005e-09,NORMAL
10375,0.9999999800000006,9.999999800000005e-09,9.999999800000005e-09,NORMAL
10376,0.9999999800000006,9.999999800000005e-09,9.999999800000005e-09,NORMAL
10377,0.9999999800000006,9.999999800000005e-09,9.999999800000005e-09,NORMAL
10378,0.9999999800000006,9.999999800000005e-09,9.999999800000005e-09,NORMAL
10379,0.9999999800000006,9.999999800000005e-09,9.999999800000005e-09,NORMAL
10380,0.9999999800000006,9.999999800000005e-09,9.999999800000005e-09,NORMAL
10381,0.9999999800000006,9.999999800000005e-09,9.999999800000005e-09,NORMAL
10382,0.9999999800000006,9.999999800000005e-09,9.999999800000005e-09,NORMAL
10383,0.9999999800000006,9.999999800000005e-09,9.999999800000005e-09,NORMAL
10384,0.9999999800000006,9.999999800000005e-09,9.999999800000005e-09,NORMAL
10385,0.9999999800000006,9.999999800000005e-09,9.999999800000005e-09,NORMAL
10386,0.9993040957898353,0.0006958942171238407,9.993040957898353e-09,NORMAL
10387,0.9993040957898353,0.0006958942171238407,9.993040957898353e-09,NORMAL
10388,0.9993040957898353,0.0006958942171238407,9.993040957898353e-09,NORMAL
10389,0.9993040957898353,0.0006958942171238407,9.993040957898353e-09,NORMAL
10390,0.9993040957898353,0.0006958942171238407,9.993040957898353e-09,NORMAL
10391,0.9993040957898353,0.0006958942171238407,9.993040957898353e-09,NORMAL
10392,0.9993040957898353,0.0006958942171238407,9.993040957898353e-09,NORMAL
10393,0.9993040957898353,0.0006958942171238407,9.993040957898353e-09,NORMAL
10394,0.9993040957898353,0.0006958942171238407,9.993040957898353e-09,NORMAL
10395,0.9993040957898353,0.0006958942171238407,9.993040957898353e-09,NORMAL
10396,0.9993040957898353,0.0006958942171238407,9.993040957898353e-09,NORMAL
10397,0.9993040957898353,0.0006958942171238407,9.993040957898353e-09,NORMAL
10398,0.9993040957898353,0.0006958942171238407,9.993040957898353e-09,NORMAL
10399,0.9993040957898353,0.0006958942171238407,9.993040957898353e-09,NORMAL
10400,0.9993040957898353,0.0006958942171238407,9.993040957898353e-09,NORMAL
10401,0.9993040957898353,0.0006958942171238407,9.993040957898353e-09,NORMAL
10402,0.9993040957898353,0.0006958942171238407,9.993040957898353e-09,NORMAL
10403,0.9993040957898353,0.0006958942171238407,9.993040957898353e-09,NORMAL
10404,0.9999999800000006,9.999999800000005e-09,9.999999800000005e-09,NORMAL
10405,0.9999999800000006,9.999999800000005e-09,9.999999800000005e-09,NORMAL
10406,0.9999999800000006,9.999999800000005e-09,9.999999800000005e-09,NORMAL
10407,0.9999999800000006,9.999999800000005e-09,9.999999800000005e-09,NORMAL
10408,0.9999999800000006,9.999999800000005e-09,9.999999800000005e-09,NORMAL
10409,0.9999999800000006,9.999999800000005e-09,9.999999800000005e-09,NORMAL
10410,0.9999999800000006,9.999999800000005e-09,9.999999800000005e-09,NORMAL
10411,0.9999999800000006,9.999999800000005e-09,9.999999800000005e-09,NORMAL
10412,0.9999999800000006,9.999999800000005e-09,9.999999800000005e-09,NORMAL
10413,0.9999999800000006,9.999999800000005e-09,9.999999800000005e-09,NORMAL
10414,0.9999999800000006,9.999999800000005e-09,9.999999800000005e-09,NORMAL
10415,0.9999999800000006,9.999999800000005e-09,9.999999800000005e-09,NORMAL
10416,0.9999999800000006,9.999999800000005e-09,9.999999800000005e-09,NORMAL
10417,0.9999999800000006,9.999999800000005e-09,9.999999800000005e-09,NORMAL
10418,0.9999999800000006,9.999999800000005e-09,9.999999800000005e-09,NORMAL
10419,0.9999999800000006,9.999999800000005e-09,9.999999800000005e-09,NORMAL
10420,0.9999999800000006,9.999999800000005e-09,9.999999800000005e-09,NORMAL
10421,0.9999999800000006,9.999999800000005e-09,9.999999800000005e-09,NORMAL
10422,0.9999999800000006,9.999999800000005e-09,9.999999800000005e-09,NORMAL
10423,0.9999999800000006,9.999999800000005e-09,9.999999800000005e-09,NORMAL
10424,0.9999999800000006,9.999999800000005e-09,9.999999800000005e-09,NORMAL
10425,0.9999999800000006,9.999999800000005e-09,9.999999800000005e-09,NORMAL
10426,0.9999999800000006,9.999999800000005e-09,9.999999800000005e-09,NORMAL
10427,0.9999999800000006,9.999999800000005e-09,9.999999800000005e-09,NORMAL
10428,0.9999999800000006,9.999999800000005e-09,9.999999800000005e-09,NORMAL
10429,0.9999999800000006,9.999999800000005e-09,9.999999800000005e-09,NORMAL
10430,0.9999999800000006,9.999999800000005e-09,9.999999800000005e-09,NORMAL
10431,0.9999999800000006,9.999999800000005e-09,9.999999800000005e-09,NORMAL
10432,0.9999999800000006,9.999999800000005e-09,9.999999800000005e-09,NORMAL
10433,0.9999999800000006,9.999999800000005e-09,9.999999800000005e-09,NORMAL
10434,0.9999999800000006,9.999999800000005e-09,9.999999800000005e-09,NORMAL
10435,0.9999999800000006,9.999999800000005e-09,9.999999800000005e-09,NORMAL
10436,0.9999999800000006,9.999999800000005e-09,9.999999800000005e-09,NORMAL
10437,0.9999999800000006,9.999999800000005e-09,9.999999800000005e-09,NORMAL
10438,0.9999999800000006,9.999999800000005e-09,9.999999800000005e-09,NORMAL
10439,0.9999999800000006,9.999999800000005e-09,9.999999800000005e-09,NORMAL
10440,0.9999999800000006,9.999999800000005e-09,9.999999800000005e-09,NORMAL
10441,0.9999999800000006,9.999999800000005e-09,9.999999800000005e-09,NORMAL
10442,0.9999999800000006,9.999999800000005e-09,9.999999800000005e-09,NORMAL
10443,0.9999999800000006,9.999999800000005e-09,9.999999800000005e-09,NORMAL
10444,0.9999999800000006,9.999999800000005e-09,9.999999800000005e-09,NORMAL
10445,0.9999999800000006,9.999999800000005e-09,9.999999800000005e-09,NORMAL
10446,0.9999999800000006,9.999999800000005e-09,9.999999800000005e-09,NORMAL
10447,0.9999999800000006,9.999999800000005e-09,9.999999800000005e-09,NORMAL
10448,0.9999999800000006,9.999999800000005e-09,9.999999800000005e-09,NORMAL
10449,0.9999999800000006,9.999999800000005e-09,9.999999800000005e-09,NORMAL
10450,0.9999999800000006,9.999999800000005e-09,9.999999800000005e-09,NORMAL
10451,0.9999999800000006,9.999999800000005e-09,9.999999800000005e-09,NORMAL
10452,0.9999999800000006,9.999999800000005e-09,9.999999800000005e-09,NORMAL
10453,0.9999999800000006,9.999999800000005e-09,9.999999800000005e-09,NORMAL
10454,0.9999999800000006,9.999999800000005e-09,9.999999800000005e-09,NORMAL
10455,0.9999999800000006,9.999999800000005e-09,9.999999800000005e-09,NORMAL
10456,0.9999999800000006,9.999999800000005e-09,9.999999800000005e-09,NORMAL
10457,0.9999999800000006,9.999999800000005e-09,9.999999800000005e-09,NORMAL
10458,0.9999999800000006,9.999999800000005e-09,9.999999800000005e-09,NORMAL
10459,0.9999999800000006,9.999999800000005e-09,9.999999800000005e-09,NORMAL
10460,0.9999999800000006,9.999999800000005e-09,9.999999800000005e-09,NORMAL
10461,0.9999999800000006,9.999999800000005e-09,9.999999800000005e-09,NORMAL
10462,0.9999999800000006,9.999999800000005e-09,9.999999800000005e-09,NORMAL
10463,0.9999999800000006,9.999999800000005e-09,9.999999800000005e-09,NORMAL
10464,0.9999999800000006,9.999999800000005e-09,9.999999800000005e-09,NORMAL
10465,0.9999999800000006,9.999999800000005e-09,9.999999800000005e-09,NORMAL
10466,0.9999999800000006,9.999999800000005e-09,9.999999800000005e-09,NORMAL
10467,0.9999999800000006,9.999999800000005e-09,9.999999800000005e-09,NORMAL
10468,0.9999999800000006,9.999999800000005e-09,9.999999800000005e-09,NORMAL
10469,0.9999999800000006,9.999999800000005e-09,9.999999800000005e-09,NORMAL
10470,0.9999999800000006,9.999999800000005e-09,9.999999800000005e-09,NORMAL
10471,0.9999999800000006,9.999999800000005e-09,9.999999800000005e-09,NORMAL
10472,0.9999999800000006,9.999999800000005e-09,9.999999800000005e-09,NORMAL
10473,0.9999999800000006,9.999999800000005e-09,9.999999800000005e-09,NORMAL
10474,0.9999999800000006,9.999999800000005e-09,9.999999800000005e-09,NORMAL
10475,0.9999999800000006,9.999999800000005e-09,9.999999800000005e-09,NORMAL
10476,0.9993040957898353,0.0006958942171238407,9.993040957898353e-09,NORMAL
10477,0.9993040957898353,0.0006958942171238407,9.993040957898353e-09,NORMAL
10478,0.9993040957898353,0.0006958942171238407,9.993040957898353e-09,NORMAL
10479,0.9993040957898353,0.0006958942171238407,9.993040957898353e-09,NORMAL
10480,0.9993040957898353,0.0006958942171238407,9.993040957898353e-09,NORMAL
10481,0.9993040957898353,0.0006958942171238407,9.993040957898353e-09,NORMAL
10482,0.9993040957898353,0.0006958942171238407,9.993040957898353e-09,NORMAL
10483,0.9993040957898353,0.0006958942171238407,9.993040957898353e-09,NORMAL
10484,0.9993040957898353,0.0006958942171238407,9.993040957898353e-09,NORMAL
10485,0.9993040957898353,0.0006958942171238407,9.993040957898353e-09,NORMAL
10486,0.9993040957898353,0.0006958942171238407,9.993040957898353e-09,NORMAL
10487,0.9993040957898353,0.0006958942171238407,9.993040957898353e-09,NORMAL
10488,0.9993040957898353,0.0006958942171238407,9.993040957898353e-09,NORMAL
10489,0.9993040957898353,0.0006958942171238407,9.993040957898353e-09,NORMAL
10490,0.9993040957898353,0.0006958942171238407,9.993040957898353e-09,NORMAL
10491,0.9993040957898353,0.0006958942171238407,9.993040957898353e-09,NORMAL
10492,0.9993040957898353,0.0006958942171238407,9.993040957898353e-09,NORMAL
10493,0.9993040957898353,0.0006958942171238407,9.993040957898353e-09,NORMAL
10494,0.9993040957898353,0.0006958942171238407,9.993040957898353e-09,NORMAL
10495,0.9993040957898353,0.0006958942171238407,9.993040957898353e-09,NORMAL
10496,0.9993040957898353,0.0006958942171238407,9.993040957898353e-09,NORMAL
10497,0.9993040957898353,0.0006958942171238407,9.993040957898353e-09,NORMAL
10498,0.9993040957898353,0.0006958942171238407,9.993040957898353e-09,NORMAL
10499,0.9993040957898353,0.0006958942171238407,9.993040957898353e-09,NORMAL
10500,0.9993040957898353,0.0006958942171238407,9.993040957898353e-09,NORMAL
10501,0.9993040957898353,0.0006958942171238407,9.993040957898353e-09,NORMAL
10502,0.9993040957898353,0.0006958942171238407,9.993040957898353e-09,NORMAL
10503,0.9993040957898353,0.0006958942171238407,9.993040957898353e-09,NORMAL
10504,0.9993040957898353,0.0006958942171238407,9.993040957898353e-09,NORMAL
10505,0.9993040957898353,0.0006958942171238407,9.993040957898353e-09,NORMAL
10506,0.9993040957898353,0.0006958942171238407,9.993040957898353e-09,NORMAL
10507,0.9993040957898353,0.0006958942171238407,9.993040957898353e-09,NORMAL
10508,0.9993040957898353,0.0006958942171238407,9.993040957898353e-09,NORMAL
10509,0.9993040957898353,0.0006958942171238407,9.993040957898353e-09,NORMAL
10510,0.9993040957898353,0.0006958942171238407,9.993040957898353e-09,NORMAL
10511,0.9993040957898353,0.0006958942171238407,9.993040957898353e-09,NORMAL
10512,0.9999999800000006,9.999999800000005e-09,9.999999800000005e-09,NORMAL
10513,0.9999999800000006,9.999999800000005e-09,9.999999800000005e-09,NORMAL
10514,0.9999999800000006,9.999999800000005e-09,9.999999800000005e-09,NORMAL
10515,0.9999999800000006,9.999999800000005e-09,9.999999800000005e-09,NORMAL
10516,0.9999999800000006,9.999999800000005e-09,9.999999800000005e-09,NORMAL
10517,0.9999999800000006,9.999999800000005e-09,9.999999800000005e-09,NORMAL
10518,0.9999999800000006,9.999999800000005e-09,9.999999800000005e-09,NORMAL
10519,0.9999999800000006,9.999999800000005e-09,9.999999800000005e-09,NORMAL
10520,0.9999999800000006,9.999999800000005e-09,9.999999800000005e-09,NORMAL
10521,0.9999999800000006,9.999999800000005e-09,9.999999800000005e-09,NORMAL
10522,0.9999999800000006,9.999999800000005e-09,9.999999800000005e-09,NORMAL
10523,0.9999999800000006,9.999999800000005e-09,9.999999800000005e-09,NORMAL
10524,0.9999999800000006,9.999999800000005e-09,9.999999800000005e-09,NORMAL
10525,0.9999999800000006,9.999999800000005e-09,9.999999800000005e-09,NORMAL
10526,0.9999999800000006,9.999999800000005e-09,9.999999800000005e-09,NORMAL
10527,0.9999999800000006,9.999999800000005e-09,9.999999800000005e-09,NORMAL
10528,0.9999999800000006,9.999999800000005e-09,9.999999800000005e-09,NORMAL
10529,0.9999999800000006,9.999999800000005e-09,9.999999800000005e-09,NORMAL
10530,0.9999999800000006,9.999999800000005e-09,9.999999800000005e-09,NORMAL
10531,0.9999999800000006,9.999999800000005e-09,9.999999800000005e-09,NORMAL
10532,0.9999999800000006,9.999999800000005e-09,9.999999800000005e-09,NORMAL
10533,0.9999999800000006,9.999999800000005e-09,9.999999800000005e-09,NORMAL
10534,0.9999999800000006,9.999999800000005e-09,9.999999800000005e-09,NORMAL
10535,0.9999999800000006,9.999999800000005e-09,9.999999800000005e-09,NORMAL
10536,0.9999999800000006,9.999999800000005e-09,9.999999800000005e-09,NORMAL
10537,0.9999999800000006,9.999999800000005e-09,9.999999800000005e-09,NORMAL
10538,0.9999999800000006,9.999999800000005e-09,9.999999800000005e-09,NORMAL
10539,0.9999999800000006,9.999999800000005e-09,9.999999800000005e-09,NORMAL
10540,0.9999999800000006,9.999999800000005e-09,9.999999800000005e-09,NORMAL
10541,0.9999999800000006,9.999999800000005e-09,9.999999800000005e-09,NORMAL
10542,0.9999999800000006,9.999999800000005e-09,9.999999800000005e-09,NORMAL
10543,0.9999999800000006,9.999999800000005e-09,9.999999800000005e-09,NORMAL
10544,0.9999999800000006,9.999999800000005e-09,9.999999800000005e-09,NORMAL
10545,0.9999999800000006,9.999999800000005e-09,9.999999800000005e-09,NORMAL
10546,0.9999999800000006,9.999999800000005e-09,9.999999800000005e-09,NORMAL
10547,0.9999999800000006,9.999999800000005e-09,9.999999800000005e-09,NORMAL
10548,0.9999999800000006,9.999999800000005e-09,9.999999800000005e-09,NORMAL
10549,0.9999999800000006,9.999999800000005e-09,9.999999800000005e-09,NORMAL
10550,0.9999999800000006,9.999999800000005e-09,9.999999800000005e-09,NORMAL
10551,0.9999999800000006,9.999999800000005e-09,9.999999800000005e-09,NORMAL
10552,0.9999999800000006,9.999999800000005e-09,9.999999800000005e-09,NORMAL
10553,0.9999999800000006,9.999999800000005e-09,9.999999800000005e-09,NORMAL
10554,0.9999999800000006,9.999999800000005e-09,9.999999800000005e-09,NORMAL
10555,0.9999999800000006,9.999999800000005e-09,9.999999800000005e-09,NORMAL
10556,0.9999999800000006,9.999999800000005e-09,9.999999800000005e-09,NORMAL
10557,0.9999999800000006,9.999999800000005e-09,9.999999800000005e-09,NORMAL
10558,0.9999999800000006,9.999999800000005e-09,9.999999800000005e-09,NORMAL
10559,0.9999999800000006,9.999999800000005e-09,9.999999800000005e-09,NORMAL
10560,0.9999999800000006,9.999999800000005e-09,9.999999800000005e-09,NORMAL
10561,0.9999999800000006,9.999999800000005e-09,9.999999800000005e-09,NORMAL
10562,0.9999999800000006,9.999999800000005e-09,9.999999800000005e-09,NORMAL
10563,0.9999999800000006,9.999999800000005e-09,9.999999800000005e-09,NORMAL
10564,0.9999999800000006,9.999999800000005e-09,9.999999800000005e-09,NORMAL
10565,0.9999999800000006,9.999999800000005e-09,9.999999800000005e-09,NORMAL
10566,0.9999999800000006,9.999999800000005e-09,9.999999800000005e-09,NORMAL
10567,0.9999999800000006,9.999999800000005e-09,9.999999800000005e-09,NORMAL
10568,0.9999999800000006,9.999999800000005e-09,9.999999800000005e-09,NORMAL
10569,0.9999999800000006,9.999999800000005e-09,9.999999800000005e-09,NORMAL
10570,0.9999999800000006,9.999999800000005e-09,9.999999800000005e-09,NORMAL
10571,0.9999999800000006,9.999999800000005e-09,9.999999800000005e-09,NORMAL
10572,0.9999999800000006,9.999999800000005e-09,9.999999800000005e-09,NORMAL
10573,0.9999999800000006,9.999999800000005e-09,9.999999800000005e-09,NORMAL
10574,0.9999999800000006,9.999999800000005e-09,9.999999800000005e-09,NORMAL
10575,0.9999999800000006,9.999999800000005e-09,9.999999800000005e-09,NORMAL
10576,0.9999999800000006,9.999999800000005e-09,9.999999800000005e-09,NORMAL
10577,0.9999999800000006,9.999999800000005e-09,9.999999800000005e-09,NORMAL
10578,0.9999999800000006,9.999999800000005e-09,9.999999800000005e-09,NORMAL
10579,0.9999999800000006,9.999999800000005e-09,9.999999800000005e-09,NORMAL
10580,0.9999999800000006,9.999999800000005e-09,9.999999800000005e-09,NORMAL
10581,0.9999999800000006,9.999999800000005e-09,9.999999800000005e-09,NORMAL
10582,0.9999999800000006,9.999999800000005e-09,9.999999800000005e-09,NORMAL
10583,0.9999999800000006,9.999999800000005e-09,9.999999800000005e-09,NORMAL
10584,0.9993040957898353,0.0006958942171238407,9.993040957898353e-09,NORMAL
10585,0.9993040957898353,0.0006958942171238407,9.993040957898353e-09,NORMAL
10586,0.9993040957898353,0.0006958942171238407,9.993040957898353e-09,NORMAL
10587,0.9993040957898353,0.0006958942171238407,9.993040957898353e-09,NORMAL
10588,0.9993040957898353,0.0006958942171238407,9.993040957898353e-09,NORMAL
10589,0.9993040957898353,0.0006958942171238407,9.993040957898353e-09,NORMAL
10590,0.9993040957898353,0.0006958942171238407,9.993040957898353e-09,NORMAL
10591,0.9993040957898353,0.0006958942171238407,9.993040957898353e-09,NORMAL
10592,0.9993040957898353,0.0006958942171238407,9.993040957898353e-09,NORMAL
10593,0.9993040957898353,0.0006958942171238407,9.993040957898353e-09,NORMAL
10594,0.9993040957898353,0.0006958942171238407,9.993040957898353e-09,NORMAL
10595,0.9993040957898353,0.0006958942171238407,9.993040957898353e-09,NORMAL
10596,0.9993040957898353,0.0006958942171238407,9.993040957898353e-09,NORMAL
10597,0.9993040957898353,0.0006958942171238407,9.993040957898353e-09,NORMAL
10598,0.9993040957898353,0.0006958942171238407,9.993040957898353e-09,NORMAL
10599,0.9993040957898353,0.0006958942171238407,9.993040957898353e-09,NORMAL
10600,0.9993040957898353,0.0006958942171238407,9.993040957898353e-09,NORMAL
10601,0.9993040957898353,0.0006958942171238407,9.993040957898353e-09,NORMAL
10602,0.9999999800000006,9.999999800000005e-09,9.999999800000005e-09,NORMAL
10603,0.9999999800000006,9.999999800000005e-09,9.999999800000005e-09,NORMAL
10604,0.9999999800000006,9.999999800000005e-09,9.999999800000005e-09,NORMAL
10605,0.9999999800000006,9.999999800000005e-09,9.999999800000005e-09,NORMAL
10606,0.9999999800000006,9.999999800000005e-09,9.999999800000005e-09,NORMAL
10607,0.9999999800000006,9.999999800000005e-09,9.999999800000005e-09,NORMAL
10608,0.9999999800000006,9.999999800000005e-09,9.999999800000005e-09,NORMAL
10609,0.9999999800000006,9.999999800000005e-09,9.999999800000005e-09,NORMAL
10610,0.9999999800000006,9.999999800000005e-09,9.999999800000005e-09,NORMAL
10611,0.9999999800000006,9.999999800000005e-09,9.999999800000005e-09,NORMAL
10612,0.9999999800000006,9.999999800000005e-09,9.999999800000005e-09,NORMAL
10613,0.9999999800000006,9.999999800000005e-09,9.999999800000005e-09,NORMAL
10614,0.9999999800000006,9.999999800000005e-09,9.999999800000005e-09,NORMAL
10615,0.9999999800000006,9.999999800000005e-09,9.999999800000005e-09,NORMAL
10616,0.9999999800000006,9.999999800000005e-09,9.999999800000005e-09,NORMAL
10617,0.9999999800000006,9.999999800000005e-09,9.999999800000005e-09,NORMAL
10618,0.9999999800000006,9.999999800000005e-09,9.999999800000005e-09,NORMAL
10619,0.9999999800000006,9.999999800000005e-09,9.999999800000005e-09,NORMAL
10620,0.9999999800000006,9.999999800000005e-09,9.999999800000005e-09,NORMAL
10621,0.9999999800000006,9.999999800000005e-09,9.999999800000005e-09,NORMAL
10622,0.9999999800000006,9.999999800000005e-09,9.999999800000005e-09,NORMAL
10623,0.9999999800000006,9.999999800000005e-09,9.999999800000005e-09,NORMAL
10624,0.9999999800000006,9.999999800000005e-09,9.999999800000005e-09,NORMAL
10625,0.9999999800000006,9.999999800000005e-09,9.999999800000005e-09,NORMAL
10626,0.9999999800000006,9.999999800000005e-09,9.999999800000005e-09,NORMAL
10627,0.9999999800000006,9.999999800000005e-09,9.999999800000005e-09,NORMAL
10628,0.9999999800000006,9.999999800000005e-09,9.999999800000005e-09,NORMAL
10629,0.9999999800000006,9.999999800000005e-09,9.999999800000005e-09,NORMAL
10630,0.9999999800000006,9.999999800000005e-09,9.999999800000005e-09,NORMAL
10631,0.9999999800000006,9.999999800000005e-09,9.999999800000005e-09,NORMAL
10632,0.9999999800000006,9.999999800000005e-09,9.999999800000005e-09,NORMAL
10633,0.9999999800000006,9.999999800000005e-09,9.999999800000005e-09,NORMAL
10634,0.9999999800000006,9.999999800000005e-09,9.999999800000005e-09,NORMAL
10635,0.9999999800000006,9.999999800000005e-09,9.999999800000005e-09,NORMAL
10636,0.9999999800000006,9.999999800000005e-09,9.999999800000005e-09,NORMAL
10637,0.9999999800000006,9.999999800000005e-09,9.999999800000005e-09,NORMAL
10638,0.9999999800000006,9.999999800000005e-09,9.999999800000005e-09,NORMAL
10639,0.9999999800000006,9.999999800000005e-09,9.999999800000005e-09,NORMAL
10640,0.9999999800000006,9.999999800000005e-09,9.999999800000005e-09,NORMAL
10641,0.9999999800000006,9.999999800000005e-09,9.999999800000005e-09,NORMAL
10642,0.9999999800000006,9.999999800000005e-09,9.999999800000005e-09,NORMAL
10643,0.9999999800000006,9.999999800000005e-09,9.999999800000005e-09,NORMAL
10644,0.9999999800000006,9.999999800000005e-09,9.999999800000005e-09,NORMAL
10645,0.9999999800000006,9.999999800000005e-09,9.999999800000005e-09,NORMAL
10646,0.9999999800000006,9.999999800000005e-09,9.999999800000005e-09,NORMAL
10647,0.9999999800000006,9.999999800000005e-09,9.999999800000005e-09,NORMAL
10648,0.9999999800000006,9.999999800000005e-09,9.999999800000005e-09,NORMAL
10649,0.9999999800000006,9.999999800000005e-09,9.999999800000005e-09,NORMAL
10650,0.9999999800000006,9.999999800000005e-09,9.999999800000005e-09,NORMAL
10651,0.9999999800000006,9.999999800000005e-09,9.999999800000005e-09,NORMAL
10652,0.9999999800000006,9.999999800000005e-09,9.999999800000005e-09,NORMAL
10653,0.9999999800000006,9.999999800000005e-09,9.999999800000005e-09,NORMAL
10654,0.9999999800000006,9.999999800000005e-09,9.999999800000005e-09,NORMAL
10655,0.9999999800000006,9.999999800000005e-09,9.999999800000005e-09,NORMAL
10656,0.9993040957898353,0.0006958942171238407,9.993040957898353e-09,NORMAL
10657,0.9993040957898353,0.0006958942171238407,9.993040957898353e-09,NORMAL
10658,0.9993040957898353,0.0006958942171238407,9.993040957898353e-09,NORMAL
10659,0.9993040957898353,0.0006958942171238407,9.993040957898353e-09,NORMAL
10660,0.9993040957898353,0.0006958942171238407,9.993040957898353e-09,NORMAL
10661,0.9993040957898353,0.0006958942171238407,9.993040957898353e-09,NORMAL
10662,0.9993040957898353,0.0006958942171238407,9.993040957898353e-09,NORMAL
10663,0.9993040957898353,0.0006958942171238407,9.993040957898353e-09,NORMAL
10664,0.9993040957898353,0.0006958942171238407,9.993040957898353e-09,NORMAL
10665,0.9993040957898353,0.0006958942171238407,9.993040957898353e-09,NORMAL
10666,0.9993040957898353,0.0006958942171238407,9.993040957898353e-09,NORMAL
10667,0.9993040957898353,0.0006958942171238407,9.993040957898353e-09,NORMAL
10668,0.9993040957898353,0.0006958942171238407,9.993040957898353e-09,NORMAL
10669,0.9993040957898353,0.0006958942171238407,9.993040957898353e-09,NORMAL
10670,0.9993040957898353,0.0006958942171238407,9.993040957898353e-09,NORMAL
10671,0.9993040957898353,0.0006958942171238407,9.993040957898353e-09,NORMAL
10672,0.9993040957898353,0.0006958942171238407,9.993040957898353e-09,NORMAL
10673,0.9993040957898353,0.0006958942171238407,9.993040957898353e-09,NORMAL
10674,0.9999999800000006,9.999999800000005e-09,9.999999800000005e-09,NORMAL
10675,0.9999999800000006,9.999999800000005e-09,9.999999800000005e-09,NORMAL
10676,0.9999999800000006,9.999999800000005e-09,9.999999800000005e-09,NORMAL
10677,0.9999999800000006,9.999999800000005e-09,9.999999800000005e-09,NORMAL
10678,0.9999999800000006,9.999999800000005e-09,9.999999800000005e-09,NORMAL
10679,0.9999999800000006,9.999999800000005e-09,9.999999800000005e-09,NORMAL
10680,0.9999999800000006,9.999999800000005e-09,9.999999800000005e-09,NORMAL
10681,0.9999999800000006,9.999999800000005e-09,9.999999800000005e-09,NORMAL
10682,0.9999999800000006,9.999999800000005e-09,9.999999800000005e-09,NORMAL
10683,0.9999999800000006,9.999999800000005e-09,9.999999800000005e-09,NORMAL
10684,0.9999999800000006,9.999999800000005e-09,9.999999800000005e-09,NORMAL
10685,0.9999999800000006,9.999999800000005e-09,9.999999800000005e-09,NORMAL
10686,0.9999999800000006,9.999999800000005e-09,9.999999800000005e-09,NORMAL
10687,0.9999999800000006,9.999999800000005e-09,9.999999800000005e-09,NORMAL
10688,0.9999999800000006,9.999999800000005e-09,9.999999800000005e-09,NORMAL
10689,0.9999999800000006,9.999999800000005e-09,9.999999800000005e-09,NORMAL
10690,0.9999999800000006,9.999999800000005e-09,9.999999800000005e-09,NORMAL
10691,0.9999999800000006,9.999999800000005e-09,9.999999800000005e-09,NORMAL
10692,0.9999999800000006,9.999999800000005e-09,9.999999800000005e-09,NORMAL
10693,0.9999999800000006,9.999999800000005e-09,9.999999800000005e-09,NORMAL
10694,0.9999999800000006,9.999999800000005e-09,9.999999800000005e-09,NORMAL
10695,0.9999999800000006,9.999999800000005e-09,9.999999800000005e-09,NORMAL
10696,0.9999999800000006,9.999999800000005e-09,9.999999800000005e-09,NORMAL
10697,0.9999999800000006,9.999999800000005e-09,9.999999800000005e-09,NORMAL
10698,0.9999999800000006,9.999999800000005e-09,9.999999800000005e-09,NORMAL
10699,0.9999999800000006,9.999999800000005e-09,9.999999800000005e-09,NORMAL
10700,0.9999999800000006,9.999999800000005e-09,9.999999800000005e-09,NORMAL
10701,0.9999999800000006,9.999999800000005e-09,9.999999800000005e-09,NORMAL
10702,0.9999999800000006,9.999999800000005e-09,9.999999800000005e-09,NORMAL
10703,0.9999999800000006,9.999999800000005e-09,9.999999800000005e-09,NORMAL
10704,0.9999999800000006,9.999999800000005e-09,9.999999800000005e-09,NORMAL
10705,0.9999999800000006,9.999999800000005e-09,9.999999800000005e-09,NORMAL
10706,0.9999999800000006,9.999999800000005e-09,9.999999800000005e-09,NORMAL
10707,0.9999999800000006,9.999999800000005e-09,9.999999800000005e-09,NORMAL
10708,0.9999999800000006,9.999999800000005e-09,9.999999800000005e-09,NORMAL
10709,0.9999999800000006,9.999999800000005e-09,9.999999800000005e-09,NORMAL
10710,0.9999999800000006,9.999999800000005e-09,9.999999800000005e-09,NORMAL
10711,0.9999999800000006,9.999999800000005e-09,9.999999800000005e-09,NORMAL
10712,0.9999999800000006,9.999999800000005e-09,9.999999800000005e-09,NORMAL
10713,0.9999999800000006,9.999999800000005e-09,9.999999800000005e-09,NORMAL
10714,0.9999999800000006,9.999999800000005e-09,9.999999800000005e-09,NORMAL
10715,0.9999999800000006,9.999999800000005e-09,9.999999800000005e-09,NORMAL
10716,0.9999999800000006,9.999999800000005e-09,9.999999800000005e-09,NORMAL
10717,0.9999999800000006,9.999999800000005e-09,9.999999800000005e-09,NORMAL
10718,0.9999999800000006,9.999999800000005e-09,9.999999800000005e-09,NORMAL
10719,0.9999999800000006,9.999999800000005e-09,9.999999800000005e-09,NORMAL
10720,0.9999999800000006,9.999999800000005e-09,9.999999800000005e-09,NORMAL
10721,0.9999999800000006,9.999999800000005e-09,9.999999800000005e-09,NORMAL
10722,0.9999999800000006,9.999999800000005e-09,9.999999800000005e-09,NORMAL
10723,0.9999999800000006,9.999999800000005e-09,9.999999800000005e-09,NORMAL
10724,0.9999999800000006,9.999999800000005e-09,9.999999800000005e-09,NORMAL
10725,0.9999999800000006,9.999999800000005e-09,9.999999800000005e-09,NORMAL
10726,0.9999999800000006,9.999999800000005e-09,9.999999800000005e-09,NORMAL
10727,0.9999999800000006,9.999999800000005e-09,9.999999800000005e-09,NORMAL
10728,0.9999999800000006,9.999999800000005e-09,9.999999800000005e-09,NORMAL
10729,0.9999999800000006,9.999999800000005e-09,9.999999800000005e-09,NORMAL
10730,0.9999999800000006,9.999999800000005e-09,9.999999800000005e-09,NORMAL
10731,0.9999999800000006,9.999999800000005e-09,9.999999800000005e-09,NORMAL
10732,0.9999999800000006,9.999999800000005e-09,9.999999800000005e-09,NORMAL
10733,0.9999999800000006,9.999999800000005e-09,9.999999800000005e-09,NORMAL
10734,0.9999999800000006,9.999999800000005e-09,9.999999800000005e-09,NORMAL
10735,0.9999999800000006,9.999999800000005e-09,9.999999800000005e-09,NORMAL
10736,0.9999999800000006,9.999999800000005e-09,9.999999800000005e-09,NORMAL
10737,0.9999999800000006,9.999999800000005e-09,9.999999800000005e-09,NORMAL
10738,0.9999999800000006,9.999999800000005e-09,9.999999800000005e-09,NORMAL
10739,0.9999999800000006,9.999999800000005e-09,9.999999800000005e-09,NORMAL
10740,0.9999999800000006,9.999999800000005e-09,9.999999800000005e-09,NORMAL
10741,0.9999999800000006,9.999999800000005e-09,9.999999800000005e-09,NORMAL
10742,0.9999999800000006,9.999999800000005e-09,9.999999800000005e-09,NORMAL
10743,0.9999999800000006,9.999999800000005e-09,9.999999800000005e-09,NORMAL
10744,0.9999999800000006,9.999999800000005e-09,9.999999800000005e-09,NORMAL
10745,0.9999999800000006,9.999999800000005e-09,9.999999800000005e-09,NORMAL
10746,0.9999999800000006,9.999999800000005e-09,9.999999800000005e-09,NORMAL
10747,0.9999999800000006,9.999999800000005e-09,9.999999800000005e-09,NORMAL
10748,0.9999999800000006,9.999999800000005e-09,9.999999800000005e-09,NORMAL
10749,0.9999999800000006,9.999999800000005e-09,9.999999800000005e-09,NORMAL
10750,0.9999999800000006,9.999999800000005e-09,9.999999800000005e-09,NORMAL
10751,0.9999999800000006,9.999999800000005e-09,9.999999800000005e-09,NORMAL
10752,0.9999999800000006,9.999999800000005e-09,9.999999800000005e-09,NORMAL
10753,0.9999999800000006,9.999999800000005e-09,9.999999800000005e-09,NORMAL
10754,0.9999999800000006,9.999999800000005e-09,9.999999800000005e-09,NORMAL
10755,0.9999999800000006,9.999999800000005e-09,9.999999800000005e-09,NORMAL
10756,0.9999999800000006,9.999999800000005e-09,9.999999800000005e-09,NORMAL
10757,0.9999999800000006,9.999999800000005e-09,9.999999800000005e-09,NORMAL
10758,0.9999999800000006,9.999999800000005e-09,9.999999800000005e-09,NORMAL
10759,0.9999999800000006,9.999999800000005e-09,9.999999800000005e-09,NORMAL
10760,0.9999999800000006,9.999999800000005e-09,9.999999800000005e-09,NORMAL
10761,0.9999999800000006,9.999999800000005e-09,9.999999800000005e-09,NORMAL
10762,0.9999999800000006,9.999999800000005e-09,9.999999800000005e-09,NORMAL
10763,0.9999999800000006,9.999999800000005e-09,9.999999800000005e-09,NORMAL
10764,0.9993040957898353,0.0006958942171238407,9.993040957898353e-09,NORMAL
10765,0.9993040957898353,0.0006958942171238407,9.993040957898353e-09,NORMAL
10766,0.9993040957898353,0.0006958942171238407,9.993040957898353e-09,NORMAL
10767,0.9993040957898353,0.0006958942171238407,9.993040957898353e-09,NORMAL
10768,0.9993040957898353,0.0006958942171238407,9.993040957898353e-09,NORMAL
10769,0.9993040957898353,0.0006958942171238407,9.993040957898353e-09,NORMAL
10770,0.9993040957898353,0.0006958942171238407,9.993040957898353e-09,NORMAL
10771,0.9993040957898353,0.0006958942171238407,9.993040957898353e-09,NORMAL
10772,0.9993040957898353,0.0006958942171238407,9.993040957898353e-09,NORMAL
10773,0.9993040957898353,0.0006958942171238407,9.993040957898353e-09,NORMAL
10774,0.9993040957898353,0.0006958942171238407,9.993040957898353e-09,NORMAL
10775,0.9993040957898353,0.0006958942171238407,9.993040957898353e-09,NORMAL
10776,0.9993040957898353,0.0006958942171238407,9.993040957898353e-09,NORMAL
10777,0.9993040957898353,0.0006958942171238407,9.993040957898353e-09,NORMAL
10778,0.9993040957898353,0.0006958942171238407,9.993040957898353e-09,NORMAL
10779,0.9993040957898353,0.0006958942171238407,9.993040957898353e-09,NORMAL
10780,0.9993040957898353,0.0006958942171238407,9.993040957898353e-09,NORMAL
10781,0.9993040957898353,0.0006958942171238407,9.993040957898353e-09,NORMAL
10782,0.9993040957898353,0.0006958942171238407,9.993040957898353e-09,NORMAL
10783,0.9993040957898353,0.0006958942171238407,9.993040957898353e-09,NORMAL
10784,0.9993040957898353,0.0006958942171238407,9.993040957898353e-09,NORMAL
10785,0.9993040957898353,0.0006958942171238407,9.993040957898353e-09,NORMAL
10786,0.9993040957898353,0.0006958942171238407,9.993040957898353e-09,NORMAL
10787,0.9993040957898353,0.0006958942171238407,9.993040957898353e-09,NORMAL
10788,0.9993040957898353,0.0006958942171238407,9.993040957898353e-09,NORMAL
10789,0.9993040957898353,0.0006958942171238407,9.993040957898353e-09,NORMAL
10790,0.9993040957898353,0.0006958942171238407,9.993040957898353e-09,NORMAL
10791,0.9993040957898353,0.0006958942171238407,9.993040957898353e-09,NORMAL
10792,0.9993040957898353,0.0006958942171238407,9.993040957898353e-09,NORMAL
10793,0.9993040957898353,0.0006958942171238407,9.993040957898353e-09,NORMAL
10794,0.9993040957898353,0.0006958942171238407,9.993040957898353e-09,NORMAL
10795,0.9993040957898353,0.0006958942171238407,9.993040957898353e-09,NORMAL
10796,0.9993040957898353,0.0006958942171238407,9.993040957898353e-09,NORMAL
10797,0.9993040957898353,0.0006958942171238407,9.993040957898353e-09,NORMAL
10798,0.9993040957898353,0.0006958942171238407,9.993040957898353e-09,NORMAL
10799,0.9993040957898353,0.0006958942171238407,9.993040957898353e-09,NORMAL
10800,0.9993040957898353,0.0006958942171238407,9.993040957898353e-09,NORMAL
10801,0.9993040957898353,0.0006958942171238407,9.993040957898353e-09,NORMAL
10802,0.9993040957898353,0.0006958942171238407,9.993040957898353e-09,NORMAL
10803,0.9993040957898353,0.0006958942171238407,9.993040957898353e-09,NORMAL
10804,0.9993040957898353,0.0006958942171238407,9.993040957898353e-09,NORMAL
10805,0.9993040957898353,0.0006958942171238407,9.993040957898353e-09,NORMAL
10806,0.9993040957898353,0.0006958942171238407,9.993040957898353e-09,NORMAL
10807,0.9993040957898353,0.0006958942171238407,9.993040957898353e-09,NORMAL
10808,0.9993040957898353,0.0006958942171238407,9.993040957898353e-09,NORMAL
10809,0.9993040957898353,0.0006958942171238407,9.993040957898353e-09,NORMAL
10810,0.9993040957898353,0.0006958942171238407,9.993040957898353e-09,NORMAL
10811,0.9993040957898353,0.0006958942171238407,9.993040957898353e-09,NORMAL
10812,0.9993040957898353,0.0006958942171238407,9.993040957898353e-09,NORMAL
10813,0.9993040957898353,0.0006958942171238407,9.993040957898353e-09,NORMAL
10814,0.9993040957898353,0.0006958942171238407,9.993040957898353e-09,NORMAL
10815,0.9993040957898353,0.0006958942171238407,9.993040957898353e-09,NORMAL
10816,0.9993040957898353,0.0006958942171238407,9.993040957898353e-09,NORMAL
10817,0.9993040957898353,0.0006958942171238407,9.993040957898353e-09,NORMAL
10818,0.9999999800000006,9.999999800000005e-09,9.999999800000005e-09,NORMAL
10819,0.9999999800000006,9.999999800000005e-09,9.999999800000005e-09,NORMAL
10820,0.9999999800000006,9.999999800000005e-09,9.999999800000005e-09,NORMAL
10821,0.9999999800000006,9.999999800000005e-09,9.999999800000005e-09,NORMAL
10822,0.9999999800000006,9.999999800000005e-09,9.999999800000005e-09,NORMAL
10823,0.9999999800000006,9.999999800000005e-09,9.999999800000005e-09,NORMAL
10824,0.9999999800000006,9.999999800000005e-09,9.999999800000005e-09,NORMAL
10825,0.9999999800000006,9.999999800000005e-09,9.999999800000005e-09,NORMAL
10826,0.9999999800000006,9.999999800000005e-09,9.999999800000005e-09,NORMAL
10827,0.9999999800000006,9.999999800000005e-09,9.999999800000005e-09,NORMAL
10828,0.9999999800000006,9.999999800000005e-09,9.999999800000005e-09,NORMAL
10829,0.9999999800000006,9.999999800000005e-09,9.999999800000005e-09,NORMAL
10830,0.9999999800000006,9.999999800000005e-09,9.999999800000005e-09,NORMAL
10831,0.9999999800000006,9.999999800000005e-09,9.999999800000005e-09,NORMAL
10832,0.9999999800000006,9.999999800000005e-09,9.999999800000005e-09,NORMAL
10833,0.9999999800000006,9.999999800000005e-09,9.999999800000005e-09,NORMAL
10834,0.9999999800000006,9.999999800000005e-09,9.999999800000005e-09,NORMAL
10835,0.9999999800000006,9.999999800000005e-09,9.999999800000005e-09,NORMAL
10836,0.9999999800000006,9.999999800000005e-09,9.999999800000005e-09,NORMAL
10837,0.9999999800000006,9.999999800000005e-09,9.999999800000005e-09,NORMAL
10838,0.9999999800000006,9.999999800000005e-09,9.999999800000005e-09,NORMAL
10839,0.9999999800000006,9.999999800000005e-09,9.999999800000005e-09,NORMAL
10840,0.9999999800000006,9.999999800000005e-09,9.999999800000005e-09,NORMAL
10841,0.9999999800000006,9.999999800000005e-09,9.999999800000005e-09,NORMAL
10842,0.9999999800000006,9.999999800000005e-09,9.999999800000005e-09,NORMAL
10843,0.9999999800000006,9.999999800000005e-09,9.999999800000005e-09,NORMAL
10844,0.9999999800000006,9.999999800000005e-09,9.999999800000005e-09,NORMAL
10845,0.9999999800000006,9.999999800000005e-09,9.999999800000005e-09,NORMAL
10846,0.9999999800000006,9.999999800000005e-09,9.999999800000005e-09,NORMAL
10847,0.9999999800000006,9.999999800000005e-09,9.999999800000005e-09,NORMAL
10848,0.9999999800000006,9.999999800000005e-09,9.999999800000005e-09,NORMAL
10849,0.9999999800000006,9.999999800000005e-09,9.999999800000005e-09,NORMAL
10850,0.9999999800000006,9.999999800000005e-09,9.999999800000005e-09,NORMAL
10851,0.9999999800000006,9.999999800000005e-09,9.999999800000005e-09,NORMAL
10852,0.9999999800000006,9.999999800000005e-09,9.999999800000005e-09,NORMAL
10853,0.9999999800000006,9.999999800000005e-09,9.999999800000005e-09,NORMAL
10854,0.9993040957898353,0.0006958942171238407,9.993040957898353e-09,NORMAL
10855,0.9993040957898353,0.0006958942171238407,9.993040957898353e-09,NORMAL
10856,0.9993040957898353,0.0006958942171238407,9.993040957898353e-09,NORMAL
10857,0.9993040957898353,0.0006958942171238407,9.993040957898353e-09,NORMAL
10858,0.9993040957898353,0.0006958942171238407,9.993040957898353e-09,NORMAL
10859,0.9993040957898353,0.0006958942171238407,9.993040957898353e-09,NORMAL
10860,0.9993040957898353,0.0006958942171238407,9.993040957898353e-09,NORMAL
10861,0.9993040957898353,0.0006958942171238407,9.993040957898353e-09,NORMAL
10862,0.9993040957898353,0.0006958942171238407,9.993040957898353e-09,NORMAL
10863,0.9993040957898353,0.0006958942171238407,9.993040957898353e-09,NORMAL
10864,0.9993040957898353,0.0006958942171238407,9.993040957898353e-09,NORMAL
10865,0.9993040957898353,0.0006958942171238407,9.993040957898353e-09,NORMAL
10866,0.9993040957898353,0.0006958942171238407,9.993040957898353e-09,NORMAL
10867,0.9993040957898353,0.0006958942171238407,9.993040957898353e-09,NORMAL
10868,0.9993040957898353,0.0006958942171238407,9.993040957898353e-09,NORMAL
10869,0.9993040957898353,0.0006958942171238407,9.993040957898353e-09,NORMAL
10870,0.9993040957898353,0.0006958942171238407,9.993040957898353e-09,NORMAL
10871,0.9993040957898353,0.0006958942171238407,9.993040957898353e-09,NORMAL
10872,0.9999999800000006,9.999999800000005e-09,9.999999800000005e-09,NORMAL
10873,0.9999999800000006,9.999999800000005e-09,9.999999800000005e-09,NORMAL
10874,0.9999999800000006,9.999999800000005e-09,9.999999800000005e-09,NORMAL
10875,0.9999999800000006,9.999999800000005e-09,9.999999800000005e-09,NORMAL
10876,0.9999999800000006,9.999999800000005e-09,9.999999800000005e-09,NORMAL
10877,0.9999999800000006,9.999999800000005e-09,9.999999800000005e-09,NORMAL
10878,0.9999999800000006,9.999999800000005e-09,9.999999800000005e-09,NORMAL
10879,0.9999999800000006,9.999999800000005e-09,9.999999800000005e-09,NORMAL
10880,0.9999999800000006,9.999999800000005e-09,9.999999800000005e-09,NORMAL
10881,0.9999999800000006,9.999999800000005e-09,9.999999800000005e-09,NORMAL
10882,0.9999999800000006,9.999999800000005e-09,9.999999800000005e-09,NORMAL
10883,0.9999999800000006,9.999999800000005e-09,9.999999800000005e-09,NORMAL
10884,0.9999999800000006,9.999999800000005e-09,9.999999800000005e-09,NORMAL
10885,0.9999999800000006,9.999999800000005e-09,9.999999800000005e-09,NORMAL
10886,0.9999999800000006,9.999999800000005e-09,9.999999800000005e-09,NORMAL
10887,0.9999999800000006,9.999999800000005e-09,9.999999800000005e-09,NORMAL
10888,0.9999999800000006,9.999999800000005e-09,9.999999800000005e-09,NORMAL
10889,0.9999999800000006,9.999999800000005e-09,9.999999800000005e-09,NORMAL
10890,0.9993040957898353,0.0006958942171238407,9.993040957898353e-09,NORMAL
10891,0.9993040957898353,0.0006958942171238407,9.993040957898353e-09,NORMAL
10892,0.9993040957898353,0.0006958942171238407,9.993040957898353e-09,NORMAL
10893,0.9993040957898353,0.0006958942171238407,9.993040957898353e-09,NORMAL
10894,0.9993040957898353,0.0006958942171238407,9.993040957898353e-09,NORMAL
10895,0.9993040957898353,0.0006958942171238407,9.993040957898353e-09,NORMAL
10896,0.9993040957898353,0.0006958942171238407,9.993040957898353e-09,NORMAL
10897,0.9993040957898353,0.0006958942171238407,9.993040957898353e-09,NORMAL
10898,0.9993040957898353,0.0006958942171238407,9.993040957898353e-09,NORMAL
10899,0.9993040957898353,0.0006958942171238407,9.993040957898353e-09,NORMAL
10900,0.9993040957898353,0.0006958942171238407,9.993040957898353e-09,NORMAL
10901,0.9993040957898353,0.0006958942171238407,9.993040957898353e-09,NORMAL
10902,0.9993040957898353,0.0006958942171238407,9.993040957898353e-09,NORMAL
10903,0.9993040957898353,0.0006958942171238407,9.993040957898353e-09,NORMAL
10904,0.9993040957898353,0.0006958942171238407,9.993040957898353e-09,NORMAL
10905,0.9993040957898353,0.0006958942171238407,9.993040957898353e-09,NORMAL
10906,0.9993040957898353,0.0006958942171238407,9.993040957898353e-09,NORMAL
10907,0.9993040957898353,0.0006958942171238407,9.993040957898353e-09,NORMAL
10908,0.9999999800000006,9.999999800000005e-09,9.999999800000005e-09,NORMAL
10909,0.9999999800000006,9.999999800000005e-09,9.999999800000005e-09,NORMAL
10910,0.9999999800000006,9.999999800000005e-09,9.999999800000005e-09,NORMAL
10911,0.9999999800000006,9.999999800000005e-09,9.999999800000005e-09,NORMAL
10912,0.9999999800000006,9.999999800000005e-09,9.999999800000005e-09,NORMAL
10913,0.9999999800000006,9.999999800000005e-09,9.999999800000005e-09,NORMAL
10914,0.9999999800000006,9.999999800000005e-09,9.999999800000005e-09,NORMAL
10915,0.9999999800000006,9.999999800000005e-09,9.999999800000005e-09,NORMAL
10916,0.9999999800000006,9.999999800000005e-09,9.999999800000005e-09,NORMAL
10917,0.9999999800000006,9.999999800000005e-09,9.999999800000005e-09,NORMAL
10918,0.9999999800000006,9.999999800000005e-09,9.999999800000005e-09,NORMAL
10919,0.9999999800000006,9.999999800000005e-09,9.999999800000005e-09,NORMAL
10920,0.9999999800000006,9.999999800000005e-09,9.999999800000005e-09,NORMAL
10921,0.9999999800000006,9.999999800000005e-09,9.999999800000005e-09,NORMAL
10922,0.9999999800000006,9.999999800000005e-09,9.999999800000005e-09,NORMAL
10923,0.9999999800000006,9.999999800000005e-09,9.999999800000005e-09,NORMAL
10924,0.9999999800000006,9.999999800000005e-09,9.999999800000005e-09,NORMAL
10925,0.9999999800000006,9.999999800000005e-09,9.999999800000005e-09,NORMAL
10926,0.9999999800000006,9.999999800000005e-09,9.999999800000005e-09,NORMAL
10927,0.9999999800000006,9.999999800000005e-09,9.999999800000005e-09,NORMAL
10928,0.9999999800000006,9.999999800000005e-09,9.999999800000005e-09,NORMAL
10929,0.9999999800000006,9.999999800000005e-09,9.999999800000005e-09,NORMAL
10930,0.9999999800000006,9.999999800000005e-09,9.999999800000005e-09,NORMAL
10931,0.9999999800000006,9.999999800000005e-09,9.999999800000005e-09,NORMAL
10932,0.9999999800000006,9.999999800000005e-09,9.999999800000005e-09,NORMAL
10933,0.9999999800000006,9.999999800000005e-09,9.999999800000005e-09,NORMAL
10934,0.9999999800000006,9.999999800000005e-09,9.999999800000005e-09,NORMAL
10935,0.9999999800000006,9.999999800000005e-09,9.999999800000005e-09,NORMAL
10936,0.9999999800000006,9.999999800000005e-09,9.999999800000005e-09,NORMAL
10937,0.9999999800000006,9.999999800000005e-09,9.999999800000005e-09,NORMAL
10938,0.9999999800000006,9.999999800000005e-09,9.999999800000005e-09,NORMAL
10939,0.9999999800000006,9.999999800000005e-09,9.999999800000005e-09,NORMAL
10940,0.9999999800000006,9.999999800000005e-09,9.999999800000005e-09,NORMAL
10941,0.9999999800000006,9.999999800000005e-09,9.999999800000005e-09,NORMAL
10942,0.9999999800000006,9.999999800000005e-09,9.999999800000005e-09,NORMAL
10943,0.9999999800000006,9.999999800000005e-09,9.999999800000005e-09,NORMAL
10944,0.9999999800000006,9.999999800000005e-09,9.999999800000005e-09,NORMAL
10945,0.9999999800000006,9.999999800000005e-09,9.999999800000005e-09,NORMAL
10946,0.9999999800000006,9.999999800000005e-09,9.999999800000005e-09,NORMAL
10947,0.9999999800000006,9.999999800000005e-09,9.999999800000005e-09,NORMAL
10948,0.9999999800000006,9.999999800000005e-09,9.999999800000005e-09,NORMAL
10949,0.9999999800000006,9.999999800000005e-09,9.999999800000005e-09,NORMAL
10950,0.9999999800000006,9.999999800000005e-09,9.999999800000005e-09,NORMAL
10951,0.9999999800000006,9.999999800000005e-09,9.999999800000005e-09,NORMAL
10952,0.9999999800000006,9.999999800000005e-09,9.999999800000005e-09,NORMAL
10953,0.9999999800000006,9.999999800000005e-09,9.999999800000005e-09,NORMAL
10954,0.9999999800000006,9.999999800000005e-09,9.999999800000005e-09,NORMAL
10955,0.9999999800000006,9.999999800000005e-09,9.999999800000005e-09,NORMAL
10956,0.9999999800000006,9.999999800000005e-09,9.999999800000005e-09,NORMAL
10957,0.9999999800000006,9.999999800000005e-09,9.999999800000005e-09,NORMAL
10958,0.9999999800000006,9.999999800000005e-09,9.999999800000005e-09,NORMAL
10959,0.9999999800000006,9.999999800000005e-09,9.999999800000005e-09,NORMAL
10960,0.9999999800000006,9.999999800000005e-09,9.999999800000005e-09,NORMAL
10961,0.9999999800000006,9.999999800000005e-09,9.999999800000005e-09,NORMAL
10962,0.9999999800000006,9.999999800000005e-09,9.999999800000005e-09,NORMAL
10963,0.9999999800000006,9.999999800000005e-09,9.999999800000005e-09,NORMAL
10964,0.9999999800000006,9.999999800000005e-09,9.999999800000005e-09,NORMAL
10965,0.9999999800000006,9.999999800000005e-09,9.999999800000005e-09,NORMAL
10966,0.9999999800000006,9.999999800000005e-09,9.999999800000005e-09,NORMAL
10967,0.9999999800000006,9.999999800000005e-09,9.999999800000005e-09,NORMAL
10968,0.9999999800000006,9.999999800000005e-09,9.999999800000005e-09,NORMAL
10969,0.9999999800000006,9.999999800000005e-09,9.999999800000005e-09,NORMAL
10970,0.9999999800000006,9.999999800000005e-09,9.999999800000005e-09,NORMAL
10971,0.9999999800000006,9.999999800000005e-09,9.999999800000005e-09,NORMAL
10972,0.9999999800000006,9.999999800000005e-09,9.999999800000005e-09,NORMAL
10973,0.9999999800000006,9.999999800000005e-09,9.999999800000005e-09,NORMAL
10974,0.9999999800000006,9.999999800000005e-09,9.999999800000005e-09,NORMAL
10975,0.9999999800000006,9.999999800000005e-09,9.999999800000005e-09,NORMAL
10976,0.9999999800000006,9.999999800000005e-09,9.999999800000005e-09,NORMAL
10977,0.9999999800000006,9.999999800000005e-09,9.999999800000005e-09,NORMAL
10978,0.9999999800000006,9.999999800000005e-09,9.999999800000005e-09,NORMAL
10979,0.9999999800000006,9.999999800000005e-09,9.999999800000005e-09,NORMAL
10980,0.9993040957898353,0.0006958942171238407,9.993040957898353e-09,NORMAL
10981,0.9993040957898353,0.0006958942171238407,9.993040957898353e-09,NORMAL
10982,0.9993040957898353,0.0006958942171238407,9.993040957898353e-09,NORMAL
10983,0.9993040957898353,0.0006958942171238407,9.993040957898353e-09,NORMAL
10984,0.9993040957898353,0.0006958942171238407,9.993040957898353e-09,NORMAL
10985,0.9993040957898353,0.0006958942171238407,9.993040957898353e-09,NORMAL
10986,0.9993040957898353,0.0006958942171238407,9.993040957898353e-09,NORMAL
10987,0.9993040957898353,0.0006958942171238407,9.993040957898353e-09,NORMAL
10988,0.9993040957898353,0.0006958942171238407,9.993040957898353e-09,NORMAL
10989,0.9993040957898353,0.0006958942171238407,9.993040957898353e-09,NORMAL
10990,0.9993040957898353,0.0006958942171238407,9.993040957898353e-09,NORMAL
10991,0.9993040957898353,0.0006958942171238407,9.993040957898353e-09,NORMAL
10992,0.9993040957898353,0.0006958942171238407,9.993040957898353e-09,NORMAL
10993,0.9993040957898353,0.0006958942171238407,9.993040957898353e-09,NORMAL
10994,0.9993040957898353,0.0006958942171238407,9.993040957898353e-09,NORMAL
10995,0.9993040957898353,0.0006958942171238407,9.993040957898353e-09,NORMAL
10996,0.9993040957898353,0.0006958942171238407,9.993040957898353e-09,NORMAL
10997,0.9993040957898353,0.0006958942171238407,9.993040957898353e-09,NORMAL
10998,0.9999999800000006,9.999999800000005e-09,9.999999800000005e-09,NORMAL
10999,0.9999999800000006,9.999999800000005e-09,9.999999800000005e-09,NORMAL
11000,0.9999999800000006,9.999999800000005e-09,9.999999800000005e-09,NORMAL
11001,0.9999999800000006,9.999999800000005e-09,9.999999800000005e-09,NORMAL
11002,0.9999999800000006,9.999999800000005e-09,9.999999800000005e-09,NORMAL
11003,0.9999999800000006,9.999999800000005e-09,9.999999800000005e-09,NORMAL
11004,0.9999999800000006,9.999999800000005e-09,9.999999800000005e-09,NORMAL
11005,0.9999999800000006,9.999999800000005e-09,9.999999800000005e-09,NORMAL
11006,0.9999999800000006,9.999999800000005e-09,9.999999800000005e-09,NORMAL
11007,0.9999999800000006,9.999999800000005e-09,9.999999800000005e-09,NORMAL
11008,0.9999999800000006,9.999999800000005e-09,9.999999800000005e-09,NORMAL
11009,0.9999999800000006,9.999999800000005e-09,9.999999800000005e-09,NORMAL
11010,0.9999999800000006,9.999999800000005e-09,9.999999800000005e-09,NORMAL
11011,0.9999999800000006,9.999999800000005e-09,9.999999800000005e-09,NORMAL
11012,0.9999999800000006,9.999999800000005e-09,9.999999800000005e-09,NORMAL
11013,0.9999999800000006,9.999999800000005e-09,9.999999800000005e-09,NORMAL
11014,0.9999999800000006,9.999999800000005e-09,9.999999800000005e-09,NORMAL
11015,0.9999999800000006,9.999999800000005e-09,9.999999800000005e-09,NORMAL
11016,0.9993040957898353,0.0006958942171238407,9.993040957898353e-09,NORMAL
11017,0.9993040957898353,0.0006958942171238407,9.993040957898353e-09,NORMAL
11018,0.9993040957898353,0.0006958942171238407,9.993040957898353e-09,NORMAL
11019,0.9993040957898353,0.0006958942171238407,9.993040957898353e-09,NORMAL
11020,0.9993040957898353,0.0006958942171238407,9.993040957898353e-09,NORMAL
11021,0.9993040957898353,0.0006958942171238407,9.993040957898353e-09,NORMAL
11022,0.9993040957898353,0.0006958942171238407,9.993040957898353e-09,NORMAL
11023,0.9993040957898353,0.0006958942171238407,9.993040957898353e-09,NORMAL
11024,0.9993040957898353,0.0006958942171238407,9.993040957898353e-09,NORMAL
11025,0.9993040957898353,0.0006958942171238407,9.993040957898353e-09,NORMAL
11026,0.9993040957898353,0.0006958942171238407,9.993040957898353e-09,NORMAL
11027,0.9993040957898353,0.0006958942171238407,9.993040957898353e-09,NORMAL
11028,0.9993040957898353,0.0006958942171238407,9.993040957898353e-09,NORMAL
11029,0.9993040957898353,0.0006958942171238407,9.993040957898353e-09,NORMAL
11030,0.9993040957898353,0.0006958942171238407,9.993040957898353e-09,NORMAL
11031,0.9993040957898353,0.0006958942171238407,9.993040957898353e-09,NORMAL
11032,0.9993040957898353,0.0006958942171238407,9.993040957898353e-09,NORMAL
11033,0.9993040957898353,0.0006958942171238407,9.993040957898353e-09,NORMAL
11034,0.9999999800000006,9.999999800000005e-09,9.999999800000005e-09,NORMAL
11035,0.9999999800000006,9.999999800000005e-09,9.999999800000005e-09,NORMAL
11036,0.9999999800000006,9.999999800000005e-09,9.999999800000005e-09,NORMAL
11037,0.9999999800000006,9.999999800000005e-09,9.999999800000005e-09,NORMAL
11038,0.9999999800000006,9.999999800000005e-09,9.999999800000005e-09,NORMAL
11039,0.9999999800000006,9.999999800000005e-09,9.999999800000005e-09,NORMAL
11040,0.9999999800000006,9.999999800000005e-09,9.999999800000005e-09,NORMAL
11041,0.9999999800000006,9.999999800000005e-09,9.999999800000005e-09,NORMAL
11042,0.9999999800000006,9.999999800000005e-09,9.999999800000005e-09,NORMAL
11043,0.9999999800000006,9.999999800000005e-09,9.999999800000005e-09,NORMAL
11044,0.9999999800000006,9.999999800000005e-09,9.999999800000005e-09,NORMAL
11045,0.9999999800000006,9.999999800000005e-09,9.999999800000005e-09,NORMAL
11046,0.9999999800000006,9.999999800000005e-09,9.999999800000005e-09,NORMAL
11047,0.9999999800000006,9.999999800000005e-09,9.999999800000005e-09,NORMAL
11048,0.9999999800000006,9.999999800000005e-09,9.999999800000005e-09,NORMAL
11049,0.9999999800000006,9.999999800000005e-09,9.999999800000005e-09,NORMAL
11050,0.9999999800000006,9.999999800000005e-09,9.999999800000005e-09,NORMAL
11051,0.9999999800000006,9.999999800000005e-09,9.999999800000005e-09,NORMAL
11052,0.9999999800000006,9.999999800000005e-09,9.999999800000005e-09,NORMAL
11053,0.9999999800000006,9.999999800000005e-09,9.999999800000005e-09,NORMAL
11054,0.9999999800000006,9.999999800000005e-09,9.999999800000005e-09,NORMAL
11055,0.9999999800000006,9.999999800000005e-09,9.999999800000005e-09,NORMAL
11056,0.9999999800000006,9.999999800000005e-09,9.999999800000005e-09,NORMAL
11057,0.9999999800000006,9.999999800000005e-09,9.999999800000005e-09,NORMAL
11058,0.9999999800000006,9.999999800000005e-09,9.999999800000005e-09,NORMAL
11059,0.9999999800000006,9.999999800000005e-09,9.999999800000005e-09,NORMAL
11060,0.9999999800000006,9.999999800000005e-09,9.999999800000005e-09,NORMAL
11061,0.9999999800000006,9.999999800000005e-09,9.999999800000005e-09,NORMAL
11062,0.9999999800000006,9.999999800000005e-09,9.999999800000005e-09,NORMAL
11063,0.9999999800000006,9.999999800000005e-09,9.999999800000005e-09,NORMAL
11064,0.9999999800000006,9.999999800000005e-09,9.999999800000005e-09,NORMAL
11065,0.9999999800000006,9.999999800000005e-09,9.999999800000005e-09,NORMAL
11066,0.9999999800000006,9.999999800000005e-09,9.999999800000005e-09,NORMAL
11067,0.9999999800000006,9.999999800000005e-09,9.999999800000005e-09,NORMAL
11068,0.9999999800000006,9.999999800000005e-09,9.999999800000005e-09,NORMAL
11069,0.9999999800000006,9.999999800000005e-09,9.999999800000005e-09,NORMAL
11070,0.9999999800000006,9.999999800000005e-09,9.999999800000005e-09,NORMAL
11071,0.9999999800000006,9.999999800000005e-09,9.999999800000005e-09,NORMAL
11072,0.9999999800000006,9.999999800000005e-09,9.999999800000005e-09,NORMAL
11073,0.9999999800000006,9.999999800000005e-09,9.999999800000005e-09,NORMAL
11074,0.9999999800000006,9.999999800000005e-09,9.999999800000005e-09,NORMAL
11075,0.9999999800000006,9.999999800000005e-09,9.999999800000005e-09,NORMAL
11076,0.9999999800000006,9.999999800000005e-09,9.999999800000005e-09,NORMAL
11077,0.9999999800000006,9.999999800000005e-09,9.999999800000005e-09,NORMAL
11078,0.9999999800000006,9.999999800000005e-09,9.999999800000005e-09,NORMAL
11079,0.9999999800000006,9.999999800000005e-09,9.999999800000005e-09,NORMAL
11080,0.9999999800000006,9.999999800000005e-09,9.999999800000005e-09,NORMAL
11081,0.9999999800000006,9.999999800000005e-09,9.999999800000005e-09,NORMAL
11082,0.9999999800000006,9.999999800000005e-09,9.999999800000005e-09,NORMAL
11083,0.9999999800000006,9.999999800000005e-09,9.999999800000005e-09,NORMAL
11084,0.9999999800000006,9.999999800000005e-09,9.999999800000005e-09,NORMAL
11085,0.9999999800000006,9.999999800000005e-09,9.999999800000005e-09,NORMAL
11086,0.9999999800000006,9.999999800000005e-09,9.999999800000005e-09,NORMAL
11087,0.9999999800000006,9.999999800000005e-09,9.999999800000005e-09,NORMAL
11088,0.9993040957898353,0.0006958942171238407,9.993040957898353e-09,NORMAL
11089,0.9993040957898353,0.0006958942171238407,9.993040957898353e-09,NORMAL
11090,0.9993040957898353,0.0006958942171238407,9.993040957898353e-09,NORMAL
11091,0.9993040957898353,0.0006958942171238407,9.993040957898353e-09,NORMAL
11092,0.9993040957898353,0.0006958942171238407,9.993040957898353e-09,NORMAL
11093,0.9993040957898353,0.0006958942171238407,9.993040957898353e-09,NORMAL
11094,0.9993040957898353,0.0006958942171238407,9.993040957898353e-09,NORMAL
11095,0.9993040957898353,0.0006958942171238407,9.993040957898353e-09,NORMAL
11096,0.9993040957898353,0.0006958942171238407,9.993040957898353e-09,NORMAL
11097,0.9993040957898353,0.0006958942171238407,9.993040957898353e-09,NORMAL
11098,0.9993040957898353,0.0006958942171238407,9.993040957898353e-09,NORMAL
11099,0.9993040957898353,0.0006958942171238407,9.993040957898353e-09,NORMAL
11100,0.9993040957898353,0.0006958942171238407,9.993040957898353e-09,NORMAL
11101,0.9993040957898353,0.0006958942171238407,9.993040957898353e-09,NORMAL
11102,0.9993040957898353,0.0006958942171238407,9.993040957898353e-09,NORMAL
11103,0.9993040957898353,0.0006958942171238407,9.993040957898353e-09,NORMAL
11104,0.9993040957898353,0.0006958942171238407,9.993040957898353e-09,NORMAL
11105,0.9993040957898353,0.0006958942171238407,9.993040957898353e-09,NORMAL
11106,0.9993040957898353,0.0006958942171238407,9.993040957898353e-09,NORMAL
11107,0.9993040957898353,0.0006958942171238407,9.993040957898353e-09,NORMAL
11108,0.9993040957898353,0.0006958942171238407,9.993040957898353e-09,NORMAL
11109,0.9993040957898353,0.0006958942171238407,9.993040957898353e-09,NORMAL
11110,0.9993040957898353,0.0006958942171238407,9.993040957898353e-09,NORMAL
11111,0.9993040957898353,0.0006958942171238407,9.993040957898353e-09,NORMAL
11112,0.9993040957898353,0.0006958942171238407,9.993040957898353e-09,NORMAL
11113,0.9993040957898353,0.0006958942171238407,9.993040957898353e-09,NORMAL
11114,0.9993040957898353,0.0006958942171238407,9.993040957898353e-09,NORMAL
11115,0.9993040957898353,0.0006958942171238407,9.993040957898353e-09,NORMAL
11116,0.9993040957898353,0.0006958942171238407,9.993040957898353e-09,NORMAL
11117,0.9993040957898353,0.0006958942171238407,9.993040957898353e-09,NORMAL
11118,0.9993040957898353,0.0006958942171238407,9.993040957898353e-09,NORMAL
11119,0.9993040957898353,0.0006958942171238407,9.993040957898353e-09,NORMAL
11120,0.9993040957898353,0.0006958942171238407,9.993040957898353e-09,NORMAL
11121,0.9993040957898353,0.0006958942171238407,9.993040957898353e-09,NORMAL
11122,0.9993040957898353,0.0006958942171238407,9.993040957898353e-09,NORMAL
11123,0.9993040957898353,0.0006958942171238407,9.993040957898353e-09,NORMAL
11124,0.9993040957898353,0.0006958942171238407,9.993040957898353e-09,NORMAL
11125,0.9993040957898353,0.0006958942171238407,9.993040957898353e-09,NORMAL
11126,0.9993040957898353,0.0006958942171238407,9.993040957898353e-09,NORMAL
11127,0.9993040957898353,0.0006958942171238407,9.993040957898353e-09,NORMAL
11128,0.9993040957898353,0.0006958942171238407,9.993040957898353e-09,NORMAL
11129,0.9993040957898353,0.0006958942171238407,9.993040957898353e-09,NORMAL
11130,0.9993040957898353,0.0006958942171238407,9.993040957898353e-09,NORMAL
11131,0.9993040957898353,0.0006958942171238407,9.993040957898353e-09,NORMAL
11132,0.9993040957898353,0.0006958942171238407,9.993040957898353e-09,NORMAL
11133,0.9993040957898353,0.0006958942171238407,9.993040957898353e-09,NORMAL
11134,0.9993040957898353,0.0006958942171238407,9.993040957898353e-09,NORMAL
11135,0.9993040957898353,0.0006958942171238407,9.993040957898353e-09,NORMAL
11136,0.9993040957898353,0.0006958942171238407,9.993040957898353e-09,NORMAL
11137,0.9993040957898353,0.0006958942171238407,9.993040957898353e-09,NORMAL
11138,0.9993040957898353,0.0006958942171238407,9.993040957898353e-09,NORMAL
11139,0.9993040957898353,0.0006958942171238407,9.993040957898353e-09,NORMAL
11140,0.9993040957898353,0.0006958942171238407,9.993040957898353e-09,NORMAL
11141,0.9993040957898353,0.0006958942171238407,9.993040957898353e-09,NORMAL
11142,0.9993040957898353,0.0006958942171238407,9.993040957898353e-09,NORMAL
11143,0.9993040957898353,0.0006958942171238407,9.993040957898353e-09,NORMAL
11144,0.9993040957898353,0.0006958942171238407,9.993040957898353e-09,NORMAL
11145,0.9993040957898353,0.0006958942171238407,9.993040957898353e-09,NORMAL
11146,0.9993040957898353,0.0006958942171238407,9.993040957898353e-09,NORMAL
11147,0.9993040957898353,0.0006958942171238407,9.993040957898353e-09,NORMAL
11148,0.9993040957898353,0.0006958942171238407,9.993040957898353e-09,NORMAL
11149,0.9993040957898353,0.0006958942171238407,9.993040957898353e-09,NORMAL
11150,0.9993040957898353,0.0006958942171238407,9.993040957898353e-09,NORMAL
11151,0.9993040957898353,0.0006958942171238407,9.993040957898353e-09,NORMAL
11152,0.9993040957898353,0.0006958942171238407,9.993040957898353e-09,NORMAL
11153,0.9993040957898353,0.0006958942171238407,9.993040957898353e-09,NORMAL
11154,0.9993040957898353,0.0006958942171238407,9.993040957898353e-09,NORMAL
11155,0.9993040957898353,0.0006958942171238407,9.993040957898353e-09,NORMAL
11156,0.9993040957898353,0.0006958942171238407,9.993040957898353e-09,NORMAL
11157,0.9993040957898353,0.0006958942171238407,9.993040957898353e-09,NORMAL
11158,0.9993040957898353,0.0006958942171238407,9.993040957898353e-09,NORMAL
11159,0.9993040957898353,0.0006958942171238407,9.993040957898353e-09,NORMAL
11160,0.9993040957898353,0.0006958942171238407,9.993040957898353e-09,NORMAL
11161,0.9993040957898353,0.0006958942171238407,9.993040957898353e-09,NORMAL
11162,0.9993040957898353,0.0006958942171238407,9.993040957898353e-09,NORMAL
11163,0.9993040957898353,0.0006958942171238407,9.993040957898353e-09,NORMAL
11164,0.9993040957898353,0.0006958942171238407,9.993040957898353e-09,NORMAL
11165,0.9993040957898353,0.0006958942171238407,9.993040957898353e-09,NORMAL
11166,0.9993040957898353,0.0006958942171238407,9.993040957898353e-09,NORMAL
11167,0.9993040957898353,0.0006958942171238407,9.993040957898353e-09,NORMAL
11168,0.9993040957898353,0.0006958942171238407,9.993040957898353e-09,NORMAL
11169,0.9993040957898353,0.0006958942171238407,9.993040957898353e-09,NORMAL
11170,0.9993040957898353,0.0006958942171238407,9.993040957898353e-09,NORMAL
11171,0.9993040957898353,0.0006958942171238407,9.993040957898353e-09,NORMAL
11172,0.9993040957898353,0.0006958942171238407,9.993040957898353e-09,NORMAL
11173,0.9993040957898353,0.0006958942171238407,9.993040957898353e-09,NORMAL
11174,0.9993040957898353,0.0006958942171238407,9.993040957898353e-09,NORMAL
11175,0.9993040957898353,0.0006958942171238407,9.993040957898353e-09,NORMAL
11176,0.9993040957898353,0.0006958942171238407,9.993040957898353e-09,NORMAL
11177,0.9993040957898353,0.0006958942171238407,9.993040957898353e-09,NORMAL
11178,0.9993040957898353,0.0006958942171238407,9.993040957898353e-09,NORMAL
11179,0.9993040957898353,0.0006958942171238407,9.993040957898353e-09,NORMAL
11180,0.9993040957898353,0.0006958942171238407,9.993040957898353e-09,NORMAL
11181,0.9993040957898353,0.0006958942171238407,9.993040957898353e-09,NORMAL
11182,0.9993040957898353,0.0006958942171238407,9.993040957898353e-09,NORMAL
11183,0.9993040957898353,0.0006958942171238407,9.993040957898353e-09,NORMAL
11184,0.9993040957898353,0.0006958942171238407,9.993040957898353e-09,NORMAL
11185,0.9993040957898353,0.0006958942171238407,9.993040957898353e-09,NORMAL
11186,0.9993040957898353,0.0006958942171238407,9.993040957898353e-09,NORMAL
11187,0.9993040957898353,0.0006958942171238407,9.993040957898353e-09,NORMAL
11188,0.9993040957898353,0.0006958942171238407,9.993040957898353e-09,NORMAL
11189,0.9993040957898353,0.0006958942171238407,9.993040957898353e-09,NORMAL
11190,0.9993040957898353,0.0006958942171238407,9.993040957898353e-09,NORMAL
11191,0.9993040957898353,0.0006958942171238407,9.993040957898353e-09,NORMAL
11192,0.9993040957898353,0.0006958942171238407,9.993040957898353e-09,NORMAL
11193,0.9993040957898353,0.0006958942171238407,9.993040957898353e-09,NORMAL
11194,0.9993040957898353,0.0006958942171238407,9.993040957898353e-09,NORMAL
11195,0.9993040957898353,0.0006958942171238407,9.993040957898353e-09,NORMAL
11196,0.9993040957898353,0.0006958942171238407,9.993040957898353e-09,NORMAL
11197,0.9993040957898353,0.0006958942171238407,9.993040957898353e-09,NORMAL
11198,0.9993040957898353,0.0006958942171238407,9.993040957898353e-09,NORMAL
11199,0.9993040957898353,0.0006958942171238407,9.993040957898353e-09,NORMAL
11200,0.9993040957898353,0.0006958942171238407,9.993040957898353e-09,NORMAL
11201,0.9993040957898353,0.0006958942171238407,9.993040957898353e-09,NORMAL
11202,0.9993040957898353,0.0006958942171238407,9.993040957898353e-09,NORMAL
11203,0.9993040957898353,0.0006958942171238407,9.993040957898353e-09,NORMAL
11204,0.9993040957898353,0.0006958942171238407,9.993040957898353e-09,NORMAL
11205,0.9993040957898353,0.0006958942171238407,9.993040957898353e-09,NORMAL
11206,0.9993040957898353,0.0006958942171238407,9.993040957898353e-09,NORMAL
11207,0.9993040957898353,0.0006958942171238407,9.993040957898353e-09,NORMAL
11208,0.9993040957898353,0.0006958942171238407,9.993040957898353e-09,NORMAL
11209,0.9993040957898353,0.0006958942171238407,9.993040957898353e-09,NORMAL
11210,0.9993040957898353,0.0006958942171238407,9.993040957898353e-09,NORMAL
11211,0.9993040957898353,0.0006958942171238407,9.993040957898353e-09,NORMAL
11212,0.9993040957898353,0.0006958942171238407,9.993040957898353e-09,NORMAL
11213,0.9993040957898353,0.0006958942171238407,9.993040957898353e-09,NORMAL
11214,0.9999999800000006,9.999999800000005e-09,9.999999800000005e-09,NORMAL
11215,0.9999999800000006,9.999999800000005e-09,9.999999800000005e-09,NORMAL
11216,0.9999999800000006,9.999999800000005e-09,9.999999800000005e-09,NORMAL
11217,0.9999999800000006,9.999999800000005e-09,9.999999800000005e-09,NORMAL
11218,0.9999999800000006,9.999999800000005e-09,9.999999800000005e-09,NORMAL
11219,0.9999999800000006,9.999999800000005e-09,9.999999800000005e-09,NORMAL
11220,0.9999999800000006,9.999999800000005e-09,9.999999800000005e-09,NORMAL
11221,0.9999999800000006,9.999999800000005e-09,9.999999800000005e-09,NORMAL
11222,0.9999999800000006,9.999999800000005e-09,9.999999800000005e-09,NORMAL
11223,0.9999999800000006,9.999999800000005e-09,9.999999800000005e-09,NORMAL
11224,0.9999999800000006,9.999999800000005e-09,9.999999800000005e-09,NORMAL
11225,0.9999999800000006,9.999999800000005e-09,9.999999800000005e-09,NORMAL
11226,0.9999999800000006,9.999999800000005e-09,9.999999800000005e-09,NORMAL
11227,0.9999999800000006,9.999999800000005e-09,9.999999800000005e-09,NORMAL
11228,0.9999999800000006,9.999999800000005e-09,9.999999800000005e-09,NORMAL
11229,0.9999999800000006,9.999999800000005e-09,9.999999800000005e-09,NORMAL
11230,0.9999999800000006,9.999999800000005e-09,9.999999800000005e-09,NORMAL
11231,0.9999999800000006,9.999999800000005e-09,9.999999800000005e-09,NORMAL
11232,0.9993040957898353,0.0006958942171238407,9.993040957898353e-09,NORMAL
11233,0.9993040957898353,0.0006958942171238407,9.993040957898353e-09,NORMAL
11234,0.9993040957898353,0.0006958942171238407,9.993040957898353e-09,NORMAL
11235,0.9993040957898353,0.0006958942171238407,9.993040957898353e-09,NORMAL
11236,0.9993040957898353,0.0006958942171238407,9.993040957898353e-09,NORMAL
11237,0.9993040957898353,0.0006958942171238407,9.993040957898353e-09,NORMAL
11238,0.9993040957898353,0.0006958942171238407,9.993040957898353e-09,NORMAL
11239,0.9993040957898353,0.0006958942171238407,9.993040957898353e-09,NORMAL
11240,0.9993040957898353,0.0006958942171238407,9.993040957898353e-09,NORMAL
11241,0.9993040957898353,0.0006958942171238407,9.993040957898353e-09,NORMAL
11242,0.9993040957898353,0.0006958942171238407,9.993040957898353e-09,NORMAL
11243,0.9993040957898353,0.0006958942171238407,9.993040957898353e-09,NORMAL
11244,0.9993040957898353,0.0006958942171238407,9.993040957898353e-09,NORMAL
11245,0.9993040957898353,0.0006958942171238407,9.993040957898353e-09,NORMAL
11246,0.9993040957898353,0.0006958942171238407,9.993040957898353e-09,NORMAL
11247,0.9993040957898353,0.0006958942171238407,9.993040957898353e-09,NORMAL
11248,0.9993040957898353,0.0006958942171238407,9.993040957898353e-09,NORMAL
11249,0.9993040957898353,0.0006958942171238407,9.993040957898353e-09,NORMAL
11250,0.9993040957898353,0.0006958942171238407,9.993040957898353e-09,NORMAL
11251,0.9993040957898353,0.0006958942171238407,9.993040957898353e-09,NORMAL
11252,0.9993040957898353,0.0006958942171238407,9.993040957898353e-09,NORMAL
11253,0.9993040957898353,0.0006958942171238407,9.993040957898353e-09,NORMAL
11254,0.9993040957898353,0.0006958942171238407,9.993040957898353e-09,NORMAL
11255,0.9993040957898353,0.0006958942171238407,9.993040957898353e-09,NORMAL
11256,0.9993040957898353,0.0006958942171238407,9.993040957898353e-09,NORMAL
11257,0.9993040957898353,0.0006958942171238407,9.993040957898353e-09,NORMAL
11258,0.9993040957898353,0.0006958942171238407,9.993040957898353e-09,NORMAL
11259,0.9993040957898353,0.0006958942171238407,9.993040957898353e-09,NORMAL
11260,0.9993040957898353,0.0006958942171238407,9.993040957898353e-09,NORMAL
11261,0.9993040957898353,0.0006958942171238407,9.993040957898353e-09,NORMAL
11262,0.9993040957898353,0.0006958942171238407,9.993040957898353e-09,NORMAL
11263,0.9993040957898353,0.0006958942171238407,9.993040957898353e-09,NORMAL
11264,0.9993040957898353,0.0006958942171238407,9.993040957898353e-09,NORMAL
11265,0.9993040957898353,0.0006958942171238407,9.993040957898353e-09,NORMAL
11266,0.9993040957898353,0.0006958942171238407,9.993040957898353e-09,NORMAL
11267,0.9993040957898353,0.0006958942171238407,9.993040957898353e-09,NORMAL
11268,0.9999999800000006,9.999999800000005e-09,9.999999800000005e-09,NORMAL
11269,0.9999999800000006,9.999999800000005e-09,9.999999800000005e-09,NORMAL
11270,0.9999999800000006,9.999999800000005e-09,9.999999800000005e-09,NORMAL
11271,0.9999999800000006,9.999999800000005e-09,9.999999800000005e-09,NORMAL
11272,0.9999999800000006,9.999999800000005e-09,9.999999800000005e-09,NORMAL
11273,0.9999999800000006,9.999999800000005e-09,9.999999800000005e-09,NORMAL
11274,0.9999999800000006,9.999999800000005e-09,9.999999800000005e-09,NORMAL
11275,0.9999999800000006,9.999999800000005e-09,9.999999800000005e-09,NORMAL
11276,0.9999999800000006,9.999999800000005e-09,9.999999800000005e-09,NORMAL
11277,0.9999999800000006,9.999999800000005e-09,9.999999800000005e-09,NORMAL
11278,0.9999999800000006,9.999999800000005e-09,9.999999800000005e-09,NORMAL
11279,0.9999999800000006,9.999999800000005e-09,9.999999800000005e-09,NORMAL
11280,0.9999999800000006,9.999999800000005e-09,9.999999800000005e-09,NORMAL
11281,0.9999999800000006,9.999999800000005e-09,9.999999800000005e-09,NORMAL
11282,0.9999999800000006,9.999999800000005e-09,9.999999800000005e-09,NORMAL
11283,0.9999999800000006,9.999999800000005e-09,9.999999800000005e-09,NORMAL
11284,0.9999999800000006,9.999999800000005e-09,9.999999800000005e-09,NORMAL
11285,0.9999999800000006,9.999999800000005e-09,9.999999800000005e-09,NORMAL
11286,0.9993040957898353,0.0006958942171238407,9.993040957898353e-09,NORMAL
11287,0.9993040957898353,0.0006958942171238407,9.993040957898353e-09,NORMAL
11288,0.9993040957898353,0.0006958942171238407,9.993040957898353e-09,NORMAL
11289,0.9993040957898353,0.0006958942171238407,9.993040957898353e-09,NORMAL
11290,0.9993040957898353,0.0006958942171238407,9.993040957898353e-09,NORMAL
11291,0.9993040957898353,0.0006958942171238407,9.993040957898353e-09,NORMAL
11292,0.9993040957898353,0.0006958942171238407,9.993040957898353e-09,NORMAL
11293,0.9993040957898353,0.0006958942171238407,9.993040957898353e-09,NORMAL
11294,0.9993040957898353,0.0006958942171238407,9.993040957898353e-09,NORMAL
11295,0.9993040957898353,0.0006958942171238407,9.993040957898353e-09,NORMAL
11296,0.9993040957898353,0.0006958942171238407,9.993040957898353e-09,NORMAL
11297,0.9993040957898353,0.0006958942171238407,9.993040957898353e-09,NORMAL
11298,0.9993040957898353,0.0006958942171238407,9.993040957898353e-09,NORMAL
11299,0.9993040957898353,0.0006958942171238407,9.993040957898353e-09,NORMAL
11300,0.9993040957898353,0.0006958942171238407,9.993040957898353e-09,NORMAL
11301,0.9993040957898353,0.0006958942171238407,9.993040957898353e-09,NORMAL
11302,0.9993040957898353,0.0006958942171238407,9.993040957898353e-09,NORMAL
11303,0.9993040957898353,0.0006958942171238407,9.993040957898353e-09,NORMAL
11304,0.9999999800000006,9.999999800000005e-09,9.999999800000005e-09,NORMAL
11305,0.9999999800000006,9.999999800000005e-09,9.999999800000005e-09,NORMAL
11306,0.9999999800000006,9.999999800000005e-09,9.999999800000005e-09,NORMAL
11307,0.9999999800000006,9.999999800000005e-09,9.999999800000005e-09,NORMAL
11308,0.9999999800000006,9.999999800000005e-09,9.999999800000005e-09,NORMAL
11309,0.9999999800000006,9.999999800000005e-09,9.999999800000005e-09,NORMAL
11310,0.9999999800000006,9.999999800000005e-09,9.999999800000005e-09,NORMAL
11311,0.9999999800000006,9.999999800000005e-09,9.999999800000005e-09,NORMAL
11312,0.9999999800000006,9.999999800000005e-09,9.999999800000005e-09,NORMAL
11313,0.9999999800000006,9.999999800000005e-09,9.999999800000005e-09,NORMAL
11314,0.9999999800000006,9.999999800000005e-09,9.999999800000005e-09,NORMAL
11315,0.9999999800000006,9.999999800000005e-09,9.999999800000005e-09,NORMAL
11316,0.9999999800000006,9.999999800000005e-09,9.999999800000005e-09,NORMAL
11317,0.9999999800000006,9.999999800000005e-09,9.999999800000005e-09,NORMAL
11318,0.9999999800000006,9.999999800000005e-09,9.999999800000005e-09,NORMAL
11319,0.9999999800000006,9.999999800000005e-09,9.999999800000005e-09,NORMAL
11320,0.9999999800000006,9.999999800000005e-09,9.999999800000005e-09,NORMAL
11321,0.9999999800000006,9.999999800000005e-09,9.999999800000005e-09,NORMAL
11322,0.9999999800000006,9.999999800000005e-09,9.999999800000005e-09,NORMAL
11323,0.9999999800000006,9.999999800000005e-09,9.999999800000005e-09,NORMAL
11324,0.9999999800000006,9.999999800000005e-09,9.999999800000005e-09,NORMAL
11325,0.9999999800000006,9.999999800000005e-09,9.999999800000005e-09,NORMAL
11326,0.9999999800000006,9.999999800000005e-09,9.999999800000005e-09,NORMAL
11327,0.9999999800000006,9.999999800000005e-09,9.999999800000005e-09,NORMAL
11328,0.9999999800000006,9.999999800000005e-09,9.999999800000005e-09,NORMAL
11329,0.9999999800000006,9.999999800000005e-09,9.999999800000005e-09,NORMAL
11330,0.9999999800000006,9.999999800000005e-09,9.999999800000005e-09,NORMAL
11331,0.9999999800000006,9.999999800000005e-09,9.999999800000005e-09,NORMAL
11332,0.9999999800000006,9.999999800000005e-09,9.999999800000005e-09,NORMAL
11333,0.9999999800000006,9.999999800000005e-09,9.999999800000005e-09,NORMAL
11334,0.9999999800000006,9.999999800000005e-09,9.999999800000005e-09,NORMAL
11335,0.9999999800000006,9.999999800000005e-09,9.999999800000005e-09,NORMAL
11336,0.9999999800000006,9.999999800000005e-09,9.999999800000005e-09,NORMAL
11337,0.9999999800000006,9.999999800000005e-09,9.999999800000005e-09,NORMAL
11338,0.9999999800000006,9.999999800000005e-09,9.999999800000005e-09,NORMAL
11339,0.9999999800000006,9.999999800000005e-09,9.999999800000005e-09,NORMAL
11340,0.9999999800000006,9.999999800000005e-09,9.999999800000005e-09,NORMAL
11341,0.9999999800000006,9.999999800000005e-09,9.999999800000005e-09,NORMAL
11342,0.9999999800000006,9.999999800000005e-09,9.999999800000005e-09,NORMAL
11343,0.9999999800000006,9.999999800000005e-09,9.999999800000005e-09,NORMAL
11344,0.9999999800000006,9.999999800000005e-09,9.999999800000005e-09,NORMAL
11345,0.9999999800000006,9.999999800000005e-09,9.999999800000005e-09,NORMAL
11346,0.9999999800000006,9.999999800000005e-09,9.999999800000005e-09,NORMAL
11347,0.9999999800000006,9.999999800000005e-09,9.999999800000005e-09,NORMAL
11348,0.9999999800000006,9.999999800000005e-09,9.999999800000005e-09,NORMAL
11349,0.9999999800000006,9.999999800000005e-09,9.999999800000005e-09,NORMAL
11350,0.9999999800000006,9.999999800000005e-09,9.999999800000005e-09,NORMAL
11351,0.9999999800000006,9.999999800000005e-09,9.999999800000005e-09,NORMAL
11352,0.9999999800000006,9.999999800000005e-09,9.999999800000005e-09,NORMAL
11353,0.9999999800000006,9.999999800000005e-09,9.999999800000005e-09,NORMAL
11354,0.9999999800000006,9.999999800000005e-09,9.999999800000005e-09,NORMAL
11355,0.9999999800000006,9.999999800000005e-09,9.999999800000005e-09,NORMAL
11356,0.9999999800000006,9.999999800000005e-09,9.999999800000005e-09,NORMAL
11357,0.9999999800000006,9.999999800000005e-09,9.999999800000005e-09,NORMAL
11358,0.9993040957898353,0.0006958942171238407,9.993040957898353e-09,NORMAL
11359,0.9993040957898353,0.0006958942171238407,9.993040957898353e-09,NORMAL
11360,0.9993040957898353,0.0006958942171238407,9.993040957898353e-09,NORMAL
11361,0.9993040957898353,0.0006958942171238407,9.993040957898353e-09,NORMAL
11362,0.9993040957898353,0.0006958942171238407,9.993040957898353e-09,NORMAL
11363,0.9993040957898353,0.0006958942171238407,9.993040957898353e-09,NORMAL
11364,0.9993040957898353,0.0006958942171238407,9.993040957898353e-09,NORMAL
11365,0.9993040957898353,0.0006958942171238407,9.993040957898353e-09,NORMAL
11366,0.9993040957898353,0.0006958942171238407,9.993040957898353e-09,NORMAL
11367,0.9993040957898353,0.0006958942171238407,9.993040957898353e-09,NORMAL
11368,0.9993040957898353,0.0006958942171238407,9.993040957898353e-09,NORMAL
11369,0.9993040957898353,0.0006958942171238407,9.993040957898353e-09,NORMAL
11370,0.9993040957898353,0.0006958942171238407,9.993040957898353e-09,NORMAL
11371,0.9993040957898353,0.0006958942171238407,9.993040957898353e-09,NORMAL
11372,0.9993040957898353,0.0006958942171238407,9.993040957898353e-09,NORMAL
11373,0.9993040957898353,0.0006958942171238407,9.993040957898353e-09,NORMAL
11374,0.9993040957898353,0.0006958942171238407,9.993040957898353e-09,NORMAL
11375,0.9993040957898353,0.0006958942171238407,9.993040957898353e-09,NORMAL
11376,0.9999999800000006,9.999999800000005e-09,9.999999800000005e-09,NORMAL
11377,0.9999999800000006,9.999999800000005e-09,9.999999800000005e-09,NORMAL
11378,0.9999999800000006,9.999999800000005e-09,9.999999800000005e-09,NORMAL
11379,0.9999999800000006,9.999999800000005e-09,9.999999800000005e-09,NORMAL
11380,0.9999999800000006,9.999999800000005e-09,9.999999800000005e-09,NORMAL
11381,0.9999999800000006,9.999999800000005e-09,9.999999800000005e-09,NORMAL
11382,0.9999999800000006,9.999999800000005e-09,9.999999800000005e-09,NORMAL
11383,0.9999999800000006,9.999999800000005e-09,9.999999800000005e-09,NORMAL
11384,0.9999999800000006,9.999999800000005e-09,9.999999800000005e-09,NORMAL
11385,0.9999999800000006,9.999999800000005e-09,9.999999800000005e-09,NORMAL
11386,0.9999999800000006,9.999999800000005e-09,9.999999800000005e-09,NORMAL
11387,0.9999999800000006,9.999999800000005e-09,9.999999800000005e-09,NORMAL
11388,0.9999999800000006,9.999999800000005e-09,9.999999800000005e-09,NORMAL
11389,0.9999999800000006,9.999999800000005e-09,9.999999800000005e-09,NORMAL
11390,0.9999999800000006,9.999999800000005e-09,9.999999800000005e-09,NORMAL
11391,0.9999999800000006,9.999999800000005e-09,9.999999800000005e-09,NORMAL
11392,0.9999999800000006,9.999999800000005e-09,9.999999800000005e-09,NORMAL
11393,0.9999999800000006,9.999999800000005e-09,9.999999800000005e-09,NORMAL
11394,0.9993040957898353,0.0006958942171238407,9.993040957898353e-09,NORMAL
11395,0.9993040957898353,0.0006958942171238407,9.993040957898353e-09,NORMAL
11396,0.9993040957898353,0.0006958942171238407,9.993040957898353e-09,NORMAL
11397,0.9993040957898353,0.0006958942171238407,9.993040957898353e-09,NORMAL
11398,0.9993040957898353,0.0006958942171238407,9.993040957898353e-09,NORMAL
11399,0.9993040957898353,0.0006958942171238407,9.993040957898353e-09,NORMAL
11400,0.9993040957898353,0.0006958942171238407,9.993040957898353e-09,NORMAL
11401,0.9993040957898353,0.0006958942171238407,9.993040957898353e-09,NORMAL
11402,0.9993040957898353,0.0006958942171238407,9.993040957898353e-09,NORMAL
11403,0.9993040957898353,0.0006958942171238407,9.993040957898353e-09,NORMAL
11404,0.9993040957898353,0.0006958942171238407,9.993040957898353e-09,NORMAL
11405,0.9993040957898353,0.0006958942171238407,9.993040957898353e-09,NORMAL
11406,0.9993040957898353,0.0006958942171238407,9.993040957898353e-09,NORMAL
11407,0.9993040957898353,0.0006958942171238407,9.993040957898353e-09,NORMAL
11408,0.9993040957898353,0.0006958942171238407,9.993040957898353e-09,NORMAL
11409,0.9993040957898353,0.0006958942171238407,9.993040957898353e-09,NORMAL
11410,0.9993040957898353,0.0006958942171238407,9.993040957898353e-09,NORMAL
11411,0.9993040957898353,0.0006958942171238407,9.993040957898353e-09,NORMAL
11412,0.9999999800000006,9.999999800000005e-09,9.999999800000005e-09,NORMAL
11413,0.9999999800000006,9.999999800000005e-09,9.999999800000005e-09,NORMAL
11414,0.9999999800000006,9.999999800000005e-09,9.999999800000005e-09,NORMAL
11415,0.9999999800000006,9.999999800000005e-09,9.999999800000005e-09,NORMAL
11416,0.9999999800000006,9.999999800000005e-09,9.999999800000005e-09,NORMAL
11417,0.9999999800000006,9.999999800000005e-09,9.999999800000005e-09,NORMAL
11418,0.9999999800000006,9.999999800000005e-09,9.999999800000005e-09,NORMAL
11419,0.9999999800000006,9.999999800000005e-09,9.999999800000005e-09,NORMAL
11420,0.9999999800000006,9.999999800000005e-09,9.999999800000005e-09,NORMAL
11421,0.9999999800000006,9.999999800000005e-09,9.999999800000005e-09,NORMAL
11422,0.9999999800000006,9.999999800000005e-09,9.999999800000005e-09,NORMAL
11423,0.9999999800000006,9.999999800000005e-09,9.999999800000005e-09,NORMAL
11424,0.9999999800000006,9.999999800000005e-09,9.999999800000005e-09,NORMAL
11425,0.9999999800000006,9.999999800000005e-09,9.999999800000005e-09,NORMAL
11426,0.9999999800000006,9.999999800000005e-09,9.999999800000005e-09,NORMAL
11427,0.9999999800000006,9.999999800000005e-09,9.999999800000005e-09,NORMAL
11428,0.9999999800000006,9.999999800000005e-09,9.999999800000005e-09,NORMAL
11429,0.9999999800000006,9.999999800000005e-09,9.999999800000005e-09,NORMAL
11430,0.9999999800000006,9.999999800000005e-09,9.999999800000005e-09,NORMAL
11431,0.9999999800000006,9.999999800000005e-09,9.999999800000005e-09,NORMAL
11432,0.9999999800000006,9.999999800000005e-09,9.999999800000005e-09,NORMAL
11433,0.9999999800000006,9.999999800000005e-09,9.999999800000005e-09,NORMAL
11434,0.9999999800000006,9.999999800000005e-09,9.999999800000005e-09,NORMAL
11435,0.9999999800000006,9.999999800000005e-09,9.999999800000005e-09,NORMAL
11436,0.9999999800000006,9.999999800000005e-09,9.999999800000005e-09,NORMAL
11437,0.9999999800000006,9.999999800000005e-09,9.999999800000005e-09,NORMAL
11438,0.9999999800000006,9.999999800000005e-09,9.999999800000005e-09,NORMAL
11439,0.9999999800000006,9.999999800000005e-09,9.999999800000005e-09,NORMAL
11440,0.9999999800000006,9.999999800000005e-09,9.999999800000005e-09,NORMAL
11441,0.9999999800000006,9.999999800000005e-09,9.999999800000005e-09,NORMAL
11442,0.9999999800000006,9.999999800000005e-09,9.999999800000005e-09,NORMAL
11443,0.9999999800000006,9.999999800000005e-09,9.999999800000005e-09,NORMAL
11444,0.9999999800000006,9.999999800000005e-09,9.999999800000005e-09,NORMAL
11445,0.9999999800000006,9.999999800000005e-09,9.999999800000005e-09,NORMAL
11446,0.9999999800000006,9.999999800000005e-09,9.999999800000005e-09,NORMAL
11447,0.9999999800000006,9.999999800000005e-09,9.999999800000005e-09,NORMAL
11448,0.9999999800000006,9.999999800000005e-09,9.999999800000005e-09,NORMAL
11449,0.9999999800000006,9.999999800000005e-09,9.999999800000005e-09,NORMAL
11450,0.9999999800000006,9.999999800000005e-09,9.999999800000005e-09,NORMAL
11451,0.9999999800000006,9.999999800000005e-09,9.999999800000005e-09,NORMAL
11452,0.9999999800000006,9.999999800000005e-09,9.999999800000005e-09,NORMAL
11453,0.9999999800000006,9.999999800000005e-09,9.999999800000005e-09,NORMAL
11454,0.9999999800000006,9.999999800000005e-09,9.999999800000005e-09,NORMAL
11455,0.9999999800000006,9.999999800000005e-09,9.999999800000005e-09,NORMAL
11456,0.9999999800000006,9.999999800000005e-09,9.999999800000005e-09,NORMAL
11457,0.9999999800000006,9.999999800000005e-09,9.999999800000005e-09,NORMAL
11458,0.9999999800000006,9.999999800000005e-09,9.999999800000005e-09,NORMAL
11459,0.9999999800000006,9.999999800000005e-09,9.999999800000005e-09,NORMAL
11460,0.9999999800000006,9.999999800000005e-09,9.999999800000005e-09,NORMAL
11461,0.9999999800000006,9.999999800000005e-09,9.999999800000005e-09,NORMAL
11462,0.9999999800000006,9.999999800000005e-09,9.999999800000005e-09,NORMAL
11463,0.9999999800000006,9.999999800000005e-09,9.999999800000005e-09,NORMAL
11464,0.9999999800000006,9.999999800000005e-09,9.999999800000005e-09,NORMAL
11465,0.9999999800000006,9.999999800000005e-09,9.999999800000005e-09,NORMAL
11466,0.9993040957898353,0.0006958942171238407,9.993040957898353e-09,NORMAL
11467,0.9993040957898353,0.0006958942171238407,9.993040957898353e-09,NORMAL
11468,0.9993040957898353,0.0006958942171238407,9.993040957898353e-09,NORMAL
11469,0.9993040957898353,0.0006958942171238407,9.993040957898353e-09,NORMAL
11470,0.9993040957898353,0.0006958942171238407,9.993040957898353e-09,NORMAL
11471,0.9993040957898353,0.0006958942171238407,9.993040957898353e-09,NORMAL
11472,0.9993040957898353,0.0006958942171238407,9.993040957898353e-09,NORMAL
11473,0.9993040957898353,0.0006958942171238407,9.993040957898353e-09,NORMAL
11474,0.9993040957898353,0.0006958942171238407,9.993040957898353e-09,NORMAL
11475,0.9993040957898353,0.0006958942171238407,9.993040957898353e-09,NORMAL
11476,0.9993040957898353,0.0006958942171238407,9.993040957898353e-09,NORMAL
11477,0.9993040957898353,0.0006958942171238407,9.993040957898353e-09,NORMAL
11478,0.9993040957898353,0.0006958942171238407,9.993040957898353e-09,NORMAL
11479,0.9993040957898353,0.0006958942171238407,9.993040957898353e-09,NORMAL
11480,0.9993040957898353,0.0006958942171238407,9.993040957898353e-09,NORMAL
11481,0.9993040957898353,0.0006958942171238407,9.993040957898353e-09,NORMAL
11482,0.9993040957898353,0.0006958942171238407,9.993040957898353e-09,NORMAL
11483,0.9993040957898353,0.0006958942171238407,9.993040957898353e-09,NORMAL
11484,0.9999999800000006,9.999999800000005e-09,9.999999800000005e-09,NORMAL
11485,0.9999999800000006,9.999999800000005e-09,9.999999800000005e-09,NORMAL
11486,0.9999999800000006,9.999999800000005e-09,9.999999800000005e-09,NORMAL
11487,0.9999999800000006,9.999999800000005e-09,9.999999800000005e-09,NORMAL
11488,0.9999999800000006,9.999999800000005e-09,9.999999800000005e-09,NORMAL
11489,0.9999999800000006,9.999999800000005e-09,9.999999800000005e-09,NORMAL
11490,0.9999999800000006,9.999999800000005e-09,9.999999800000005e-09,NORMAL
11491,0.9999999800000006,9.999999800000005e-09,9.999999800000005e-09,NORMAL
11492,0.9999999800000006,9.999999800000005e-09,9.999999800000005e-09,NORMAL
11493,0.9999999800000006,9.999999800000005e-09,9.999999800000005e-09,NORMAL
11494,0.9999999800000006,9.999999800000005e-09,9.999999800000005e-09,NORMAL
11495,0.9999999800000006,9.999999800000005e-09,9.999999800000005e-09,NORMAL
11496,0.9999999800000006,9.999999800000005e-09,9.999999800000005e-09,NORMAL
11497,0.9999999800000006,9.999999800000005e-09,9.999999800000005e-09,NORMAL
11498,0.9999999800000006,9.999999800000005e-09,9.999999800000005e-09,NORMAL
11499,0.9999999800000006,9.999999800000005e-09,9.999999800000005e-09,NORMAL
11500,0.9999999800000006,9.999999800000005e-09,9.999999800000005e-09,NORMAL
11501,0.9999999800000006,9.999999800000005e-09,9.999999800000005e-09,NORMAL
11502,0.9999999800000006,9.999999800000005e-09,9.999999800000005e-09,NORMAL
11503,0.9999999800000006,9.999999800000005e-09,9.999999800000005e-09,NORMAL
11504,0.9999999800000006,9.999999800000005e-09,9.999999800000005e-09,NORMAL
11505,0.9999999800000006,9.999999800000005e-09,9.999999800000005e-09,NORMAL
11506,0.9999999800000006,9.999999800000005e-09,9.999999800000005e-09,NORMAL
11507,0.9999999800000006,9.999999800000005e-09,9.999999800000005e-09,NORMAL
11508,0.9999999800000006,9.999999800000005e-09,9.999999800000005e-09,NORMAL
11509,0.9999999800000006,9.999999800000005e-09,9.999999800000005e-09,NORMAL
11510,0.9999999800000006,9.999999800000005e-09,9.999999800000005e-09,NORMAL
11511,0.9999999800000006,9.999999800000005e-09,9.999999800000005e-09,NORMAL
11512,0.9999999800000006,9.999999800000005e-09,9.999999800000005e-09,NORMAL
11513,0.9999999800000006,9.999999800000005e-09,9.999999800000005e-09,NORMAL
11514,0.9999999800000006,9.999999800000005e-09,9.999999800000005e-09,NORMAL
11515,0.9999999800000006,9.999999800000005e-09,9.999999800000005e-09,NORMAL
11516,0.9999999800000006,9.999999800000005e-09,9.999999800000005e-09,NORMAL
11517,0.9999999800000006,9.999999800000005e-09,9.999999800000005e-09,NORMAL
11518,0.9999999800000006,9.999999800000005e-09,9.999999800000005e-09,NORMAL
11519,0.9999999800000006,9.999999800000005e-09,9.999999800000005e-09,NORMAL
