id,start_time,end_time,type,severity,center,max_deformation,rate
E_stable_ground_0000_0035,0.00h,23.83h,stable_ground,low,"(137.5,-212.5)",0.0,0.0
E_stable_ground_0001_0309,0.00h,23.83h,stable_ground,low,"(-12.5,137.5)",0.0,0.0
E_stable_ground_0002_0161,0.00h,23.83h,stable_ground,low,"(-212.5,-37.5)",0.0,0.0
E_stable_ground_0003_0288,0.00h,23.83h,stable_ground,low,"(-37.5,112.5)",0.0,0.0
E_stable_ground_0004_0063,0.00h,23.83h,stable_ground,low,"(-162.5,-162.5)",0.0,0.0
E_stable_ground_0005_0316,0.00h,23.83h,stable_ground,low,"(162.5,137.5)",0.0,0.0
E_stable_ground_0006_0397,0.00h,23.83h,stable_ground,low,"(187.5,237.5)",0.0,0.0
E_stable_ground_0007_0182,0.00h,23.83h,stable_ground,low,"(-187.5,-12.5)",0.0,0.0
E_stable_ground_0008_0012,0.00h,23.83h,stable_ground,low,"(62.5,-237.5)",0.0,0.0
E_stable_ground_0009_0169,0.00h,23.83h,stable_ground,low,"(-12.5,-37.5)",0.0,0.0
E_stable_ground_0010_0057,0.00h,23.83h,stable_ground,low,"(187.5,-187.5)",0.0,0.0
E_stable_ground_0011_0025,0.00h,23.83h,stable_ground,low,"(-112.5,-212.5)",0.0,0.0
E_stable_ground_0012_0291,0.00h,23.83h,stable_ground,low,"(37.5,112.5)",0.0,0.0
E_stable_ground_0013_0297,0.00h,23.83h,stable_ground,low,"(187.5,112.5)",0.0,0.0
E_stable_ground_0014_0305,0.00h,23.83h,stable_ground,low,"(-112.5,137.5)",0.0,0.0
E_stable_ground_0015_0168,0.00h,23.83h,stable_ground,low,"(-37.5,-37.5)",0.0,0.0
E_stable_ground_0016_0356,0.00h,23.83h,stable_ground,low,"(162.5,187.5)",0.0,0.0
E_stable_ground_0017_0076,0.00h,23.83h,stable_ground,low,"(162.5,-162.5)",0.0,0.0
E_stable_ground_0018_0195,0.00h,23.83h,stable_ground,low,"(137.5,-12.5)",0.0,0.0
E_stable_ground_0019_0011,0.00h,23.83h,stable_ground,low,"(37.5,-237.5)",0.0,0.0
E_stable_ground_0020_0388,0.00h,23.83h,stable_ground,low,"(-37.5,237.5)",0.0,0.0
E_stable_ground_0021_0106,0.00h,23.83h,stable_ground,low,"(-87.5,-112.5)",0.0,0.0
E_stable_ground_0022_0012,0.00h,23.83h,stable_ground,low,"(62.5,-237.5)",0.0,0.0
E_stable_ground_0023_0107,0.00h,23.83h,stable_ground,low,"(-62.5,-112.5)",0.0,0.0
E_stable_ground_0024_0209,0.00h,23.83h,stable_ground,low,"(-12.5,12.5)",0.0,0.0
E_stable_ground_0025_0381,0.00h,23.83h,stable_ground,low,"(-212.5,237.5)",0.0,0.0
E_stable_ground_0026_0296,0.00h,23.83h,stable_ground,low,"(162.5,112.5)",0.0,0.0
E_stable_ground_0027_0265,0.00h,23.83h,stable_ground,low,"(-112.5,87.5)",0.0,0.0
E_stable_ground_0028_0014,0.00h,23.83h,stable_ground,low,"(112.5,-237.5)",0.0,0.0
E_stable_ground_0029_0110,0.00h,23.83h,stable_ground,low,"(12.5,-112.5)",0.0,0.0
E_stable_ground_0030_0365,0.00h,23.83h,stable_ground,low,"(-112.5,212.5)",0.0,0.0
E_stable_ground_0031_0089,0.00h,23.83h,stable_ground,low,"(-12.5,-137.5)",0.0,0.0
E_stable_ground_0032_0028,0.00h,23.83h,stable_ground,low,"(-37.5,-212.5)",0.0,0.0
E_stable_ground_0033_0135,0.00h,23.83h,stable_ground,low,"(137.5,-87.5)",0.0,0.0
E_stable_ground_0034_0020,0.00h,23.83h,stable_ground,low,"(-237.5,-212.5)",0.0,0.0
E_stable_ground_0035_0027,0.00h,23.83h,stable_ground,low,"(-62.5,-212.5)",0.0,0.0
E_stable_ground_0036_0030,0.00h,23.83h,stable_ground,low,"(12.5,-212.5)",0.0,0.0
E_stable_ground_0037_0140,0.00h,23.83h,stable_ground,low,"(-237.5,-62.5)",0.0,0.0
E_stable_ground_0038_0304,0.00h,23.83h,stable_ground,low,"(-137.5,137.5)",0.0,0.0
E_stable_ground_0039_0054,0.00h,23.83h,stable_ground,low,"(112.5,-187.5)",0.0,0.0
E_stable_ground_0040_0308,0.00h,23.83h,stable_ground,low,"(-37.5,137.5)",0.0,0.0
E_stable_ground_0041_0144,0.00h,23.83h,stable_ground,low,"(-137.5,-62.5)",0.0,0.0
E_stable_ground_0042_0169,0.00h,23.83h,stable_ground,low,"(-12.5,-37.5)",0.0,0.0
E_stable_ground_0043_0195,0.00h,23.83h,stable_ground,low,"(137.5,-12.5)",0.0,0.0
E_stable_ground_0044_0113,0.00h,23.83h,stable_ground,low,"(87.5,-112.5)",0.0,0.0
E_stable_ground_0045_0024,0.00h,23.83h,stable_ground,low,"(-137.5,-212.5)",0.0,0.0
E_stable_ground_0046_0367,0.00h,23.83h,stable_ground,low,"(-62.5,212.5)",0.0,0.0
E_stable_ground_0047_0240,0.00h,23.83h,stable_ground,low,"(-237.5,62.5)",0.0,0.0
E_stable_ground_0048_0335,0.00h,23.83h,stable_ground,low,"(137.5,162.5)",0.0,0.0
E_stable_ground_0049_0155,0.00h,23.83h,stable_ground,low,"(137.5,-62.5)",0.0,0.0
E_stable_ground_0050_0060,0.00h,23.83h,stable_ground,low,"(-237.5,-162.5)",0.0,0.0
E_stable_ground_0051_0341,0.00h,23.83h,stable_ground,low,"(-212.5,187.5)",0.0,0.0
E_stable_ground_0052_0050,0.00h,23.83h,stable_ground,low,"(12.5,-187.5)",0.0,0.0
E_stable_ground_0053_0294,0.00h,23.83h,stable_ground,low,"(112.5,112.5)",0.0,0.0
E_stable_ground_0054_0056,0.00h,23.83h,stable_ground,low,"(162.5,-187.5)",0.0,0.0
E_stable_ground_0055_0151,0.00h,23.83h,stable_ground,low,"(37.5,-62.5)",0.0,0.0
E_stable_ground_0056_0244,0.00h,23.83h,stable_ground,low,"(-137.5,62.5)",0.0,0.0
E_stable_ground_0057_0258,0.00h,23.83h,stable_ground,low,"(212.5,62.5)",0.0,0.0
E_stable_ground_0058_0101,0.00h,23.83h,stable_ground,low,"(-212.5,-112.5)",0.0,0.0
E_stable_ground_0059_0189,0.00h,23.83h,stable_ground,low,"(-12.5,-12.5)",0.0,0.0
E_stable_ground_0060_0225,0.00h,23.83h,stable_ground,low,"(-112.5,37.5)",0.0,0.0
E_stable_ground_0061_0304,0.00h,23.83h,stable_ground,low,"(-137.5,137.5)",0.0,0.0
E_stable_ground_0062_0216,0.00h,23.83h,stable_ground,low,"(162.5,12.5)",0.0,0.0
E_stable_ground_0063_0143,0.00h,23.83h,stable_ground,low,"(-162.5,-62.5)",0.0,0.0
E_stable_ground_0064_0003,0.00h,23.83h,stable_ground,low,"(-162.5,-237.5)",0.0,0.0
E_stable_ground_0065_0280,0.00h,23.83h,stable_ground,low,"(-237.5,112.5)",0.0,0.0
E_stable_ground_0066_0176,0.00h,23.83h,stable_ground,low,"(162.5,-37.5)",0.0,0.0
E_stable_ground_0067_0281,0.00h,23.83h,stable_ground,low,"(-212.5,112.5)",0.0,0.0
E_stable_ground_0068_0025,0.00h,23.83h,stable_ground,low,"(-112.5,-212.5)",0.0,0.0
E_stable_ground_0069_0247,0.00h,23.83h,stable_ground,low,"(-62.5,62.5)",0.0,0.0
E_stable_ground_0070_0060,0.00h,23.83h,stable_ground,low,"(-237.5,-162.5)",0.0,0.0
E_stable_ground_0071_0116,0.00h,23.83h,stable_ground,low,"(162.5,-112.5)",0.0,0.0
E_stable_ground_0072_0022,0.00h,23.83h,stable_ground,low,"(-187.5,-212.5)",0.0,0.0
E_stable_ground_0073_0323,0.00h,23.83h,stable_ground,low,"(-162.5,162.5)",0.0,0.0
E_stable_ground_0074_0198,0.00h,23.83h,stable_ground,low,"(212.5,-12.5)",0.0,0.0
E_stable_ground_0075_0201,0.00h,23.83h,stable_ground,low,"(-212.5,12.5)",0.0,0.0
E_stable_ground_0076_0368,0.00h,23.83h,stable_ground,low,"(-37.5,212.5)",0.0,0.0
E_stable_ground_0077_0249,0.00h,23.83h,stable_ground,low,"(-12.5,62.5)",0.0,0.0
E_stable_ground_0078_0394,0.00h,23.83h,stable_ground,low,"(112.5,237.5)",0.0,0.0
E_stable_ground_0079_0032,0.00h,23.83h,stable_ground,low,"(62.5,-212.5)",0.0,0.0
E_stable_ground_0080_0187,0.00h,23.83h,stable_ground,low,"(-62.5,-12.5)",0.0,0.0
E_stable_ground_0081_0100,0.00h,23.83h,stable_ground,low,"(-237.5,-112.5)",0.0,0.0
E_stable_ground_0082_0240,0.00h,23.83h,stable_ground,low,"(-237.5,62.5)",0.0,0.0
E_stable_ground_0083_0024,0.00h,23.83h,stable_ground,low,"(-137.5,-212.5)",0.0,0.0
E_stable_ground_0084_0189,0.00h,23.83h,stable_ground,low,"(-12.5,-12.5)",0.0,0.0
E_stable_ground_0085_0031,0.00h,23.83h,stable_ground,low,"(37.5,-212.5)",0.0,0.0
E_stable_ground_0086_0276,0.00h,23.83h,stable_ground,low,"(162.5,87.5)",0.0,0.0
E_stable_ground_0087_0148,0.00h,23.83h,stable_ground,low,"(-37.5,-62.5)",0.0,0.0
E_stable_ground_0088_0186,0.00h,23.83h,stable_ground,low,"(-87.5,-12.5)",0.0,0.0
E_stable_ground_0089_0091,0.00h,23.83h,stable_ground,low,"(37.5,-137.5)",0.0,0.0
E_stable_ground_0090_0379,0.00h,23.83h,stable_ground,low,"(237.5,212.5)",0.0,0.0
E_stable_ground_0091_0372,0.00h,23.83h,stable_ground,low,"(62.5,212.5)",0.0,0.0
E_stable_ground_0092_0296,0.00h,23.83h,stable_ground,low,"(162.5,112.5)",0.0,0.0
E_stable_ground_0093_0136,0.00h,23.83h,stable_ground,low,"(162.5,-87.5)",0.0,0.0
E_stable_ground_0094_0252,0.00h,23.83h,stable_ground,low,"(62.5,62.5)",0.0,0.0
E_stable_ground_0095_0233,0.00h,23.83h,stable_ground,low,"(87.5,37.5)",0.0,0.0
E_stable_ground_0096_0227,0.00h,23.83h,stable_ground,low,"(-62.5,37.5)",0.0,0.0
E_stable_ground_0097_0181,0.00h,23.83h,stable_ground,low,"(-212.5,-12.5)",0.0,0.0
E_stable_ground_0098_0035,0.00h,23.83h,stable_ground,low,"(137.5,-212.5)",0.0,0.0
E_stable_ground_0099_0290,0.00h,23.83h,stable_ground,low,"(12.5,112.5)",0.0,0.0
E_stable_ground_0100_0399,0.00h,23.83h,stable_ground,low,"(237.5,237.5)",0.0,0.0
E_stable_ground_0101_0218,0.00h,23.83h,stable_ground,low,"(212.5,12.5)",0.0,0.0
E_stable_ground_0102_0311,0.00h,23.83h,stable_ground,low,"(37.5,137.5)",0.0,0.0
E_stable_ground_0103_0344,0.00h,23.83h,stable_ground,low,"(-137.5,187.5)",0.0,0.0
E_stable_ground_0104_0005,0.00h,23.83h,stable_ground,low,"(-112.5,-237.5)",0.0,0.0
E_stable_ground_0105_0311,0.00h,23.83h,stable_ground,low,"(37.5,137.5)",0.0,0.0
E_stable_ground_0106_0023,0.00h,23.83h,stable_ground,low,"(-162.5,-212.5)",0.0,0.0
E_stable_ground_0107_0022,0.00h,23.83h,stable_ground,low,"(-187.5,-212.5)",0.0,0.0
E_stable_ground_0108_0234,0.00h,23.83h,stable_ground,low,"(112.5,37.5)",0.0,0.0
E_stable_ground_0109_0290,0.00h,23.83h,stable_ground,low,"(12.5,112.5)",0.0,0.0
E_stable_ground_0110_0240,0.00h,23.83h,stable_ground,low,"(-237.5,62.5)",0.0,0.0
E_stable_ground_0111_0214,0.00h,23.83h,stable_ground,low,"(112.5,12.5)",0.0,0.0
E_stable_ground_0112_0201,0.00h,23.83h,stable_ground,low,"(-212.5,12.5)",0.0,0.0
E_stable_ground_0113_0135,0.00h,23.83h,stable_ground,low,"(137.5,-87.5)",0.0,0.0
E_stable_ground_0114_0273,0.00h,23.83h,stable_ground,low,"(87.5,87.5)",0.0,0.0
E_stable_ground_0115_0265,0.00h,23.83h,stable_ground,low,"(-112.5,87.5)",0.0,0.0
E_stable_ground_0116_0287,0.00h,23.83h,stable_ground,low,"(-62.5,112.5)",0.0,0.0
E_stable_ground_0117_0257,0.00h,23.83h,stable_ground,low,"(187.5,62.5)",0.0,0.0
E_stable_ground_0118_0097,0.00h,23.83h,stable_ground,low,"(187.5,-137.5)",0.0,0.0
E_stable_ground_0119_0115,0.00h,23.83h,stable_ground,low,"(137.5,-112.5)",0.0,0.0
E_stable_ground_0120_0244,0.00h,23.83h,stable_ground,low,"(-137.5,62.5)",0.0,0.0
E_stable_ground_0121_0117,0.00h,23.83h,stable_ground,low,"(187.5,-112.5)",0.0,0.0
E_stable_ground_0122_0076,0.00h,23.83h,stable_ground,low,"(162.5,-162.5)",0.0,0.0
E_stable_ground_0123_0088,0.00h,23.83h,stable_ground,low,"(-37.5,-137.5)",0.0,0.0
E_stable_ground_0124_0137,0.00h,23.83h,stable_ground,low,"(187.5,-87.5)",0.0,0.0
E_stable_ground_0125_0040,0.00h,23.83h,stable_ground,low,"(-237.5,-187.5)",0.0,0.0
E_stable_ground_0126_0301,0.00h,23.83h,stable_ground,low,"(-212.5,137.5)",0.0,0.0
E_stable_ground_0127_0009,0.00h,23.83h,stable_ground,low,"(-12.5,-237.5)",0.0,0.0
E_stable_ground_0128_0201,0.00h,23.83h,stable_ground,low,"(-212.5,12.5)",0.0,0.0
E_stable_ground_0129_0362,0.00h,23.83h,stable_ground,low,"(-187.5,212.5)",0.0,0.0
E_stable_ground_0130_0307,0.00h,23.83h,stable_ground,low,"(-62.5,137.5)",0.0,0.0
E_stable_ground_0131_0065,0.00h,23.83h,stable_ground,low,"(-112.5,-162.5)",0.0,0.0
E_stable_ground_0132_0335,0.00h,23.83h,stable_ground,low,"(137.5,162.5)",0.0,0.0
E_stable_ground_0133_0131,0.00h,23.83h,stable_ground,low,"(37.5,-87.5)",0.0,0.0
E_stable_ground_0134_0130,0.00h,23.83h,stable_ground,low,"(12.5,-87.5)",0.0,0.0
E_stable_ground_0135_0396,0.00h,23.83h,stable_ground,low,"(162.5,237.5)",0.0,0.0
E_stable_ground_0136_0264,0.00h,23.83h,stable_ground,low,"(-137.5,87.5)",0.0,0.0
E_stable_ground_0137_0081,0.00h,23.83h,stable_ground,low,"(-212.5,-137.5)",0.0,0.0
E_stable_ground_0138_0089,0.00h,23.83h,stable_ground,low,"(-12.5,-137.5)",0.0,0.0
E_stable_ground_0139_0165,0.00h,23.83h,stable_ground,low,"(-112.5,-37.5)",0.0,0.0
E_stable_ground_0140_0361,0.00h,23.83h,stable_ground,low,"(-212.5,212.5)",0.0,0.0
E_stable_ground_0141_0130,0.00h,23.83h,stable_ground,low,"(12.5,-87.5)",0.0,0.0
E_stable_ground_0142_0279,0.00h,23.83h,stable_ground,low,"(237.5,87.5)",0.0,0.0
E_stable_ground_0143_0157,0.00h,23.83h,stable_ground,low,"(187.5,-62.5)",0.0,0.0
E_stable_ground_0144_0090,0.00h,23.83h,stable_ground,low,"(12.5,-137.5)",0.0,0.0
E_stable_ground_0145_0245,0.00h,23.83h,stable_ground,low,"(-112.5,62.5)",0.0,0.0
E_stable_ground_0146_0254,0.00h,23.83h,stable_ground,low,"(112.5,62.5)",0.0,0.0
E_stable_ground_0147_0187,0.00h,23.83h,stable_ground,low,"(-62.5,-12.5)",0.0,0.0
E_stable_ground_0148_0212,0.00h,23.83h,stable_ground,low,"(62.5,12.5)",0.0,0.0
E_stable_ground_0149_0394,0.00h,23.83h,stable_ground,low,"(112.5,237.5)",0.0,0.0
E_stable_ground_0150_0059,0.00h,23.83h,stable_ground,low,"(237.5,-187.5)",0.0,0.0
E_stable_ground_0151_0055,0.00h,23.83h,stable_ground,low,"(137.5,-187.5)",0.0,0.0
E_stable_ground_0152_0087,0.00h,23.83h,stable_ground,low,"(-62.5,-137.5)",0.0,0.0
E_stable_ground_0153_0098,0.00h,23.83h,stable_ground,low,"(212.5,-137.5)",0.0,0.0
E_stable_ground_0154_0186,0.00h,23.83h,stable_ground,low,"(-87.5,-12.5)",0.0,0.0
E_stable_ground_0155_0357,0.00h,23.83h,stable_ground,low,"(187.5,187.5)",0.0,0.0
E_stable_ground_0156_0106,0.00h,23.83h,stable_ground,low,"(-87.5,-112.5)",0.0,0.0
E_stable_ground_0157_0165,0.00h,23.83h,stable_ground,low,"(-112.5,-37.5)",0.0,0.0
E_stable_ground_0158_0081,0.00h,23.83h,stable_ground,low,"(-212.5,-137.5)",0.0,0.0
E_stable_ground_0159_0337,0.00h,23.83h,stable_ground,low,"(187.5,162.5)",0.0,0.0
E_stable_ground_0160_0199,0.00h,23.83h,stable_ground,low,"(237.5,-12.5)",0.0,0.0
E_stable_ground_0161_0352,0.00h,23.83h,stable_ground,low,"(62.5,187.5)",0.0,0.0
E_stable_ground_0162_0300,0.00h,23.83h,stable_ground,low,"(-237.5,137.5)",0.0,0.0
E_stable_ground_0163_0284,0.00h,23.83h,stable_ground,low,"(-137.5,112.5)",0.0,0.0
E_stable_ground_0164_0098,0.00h,23.83h,stable_ground,low,"(212.5,-137.5)",0.0,0.0
E_stable_ground_0165_0235,0.00h,23.83h,stable_ground,low,"(137.5,37.5)",0.0,0.0
E_stable_ground_0166_0149,0.00h,23.83h,stable_ground,low,"(-12.5,-62.5)",0.0,0.0
E_stable_ground_0167_0258,0.00h,23.83h,stable_ground,low,"(212.5,62.5)",0.0,0.0
E_stable_ground_0168_0136,0.00h,23.83h,stable_ground,low,"(162.5,-87.5)",0.0,0.0
E_stable_ground_0169_0327,0.00h,23.83h,stable_ground,low,"(-62.5,162.5)",0.0,0.0
E_stable_ground_0170_0360,0.00h,23.83h,stable_ground,low,"(-237.5,212.5)",0.0,0.0
E_stable_ground_0171_0115,0.00h,23.83h,stable_ground,low,"(137.5,-112.5)",0.0,0.0
E_stable_ground_0172_0005,0.00h,23.83h,stable_ground,low,"(-112.5,-237.5)",0.0,0.0
E_stable_ground_0173_0054,0.00h,23.83h,stable_ground,low,"(112.5,-187.5)",0.0,0.0
E_stable_ground_0174_0398,0.00h,23.83h,stable_ground,low,"(212.5,237.5)",0.0,0.0
E_stable_ground_0175_0335,0.00h,23.83h,stable_ground,low,"(137.5,162.5)",0.0,0.0
E_stable_ground_0176_0091,0.00h,23.83h,stable_ground,low,"(37.5,-137.5)",0.0,0.0
E_stable_ground_0177_0206,0.00h,23.83h,stable_ground,low,"(-87.5,12.5)",0.0,0.0
E_stable_ground_0178_0063,0.00h,23.83h,stable_ground,low,"(-162.5,-162.5)",0.0,0.0
E_stable_ground_0179_0254,0.00h,23.83h,stable_ground,low,"(112.5,62.5)",0.0,0.0
E_stable_ground_0180_0124,0.00h,23.83h,stable_ground,low,"(-137.5,-87.5)",0.0,0.0
E_stable_ground_0181_0387,0.00h,23.83h,stable_ground,low,"(-62.5,237.5)",0.0,0.0
E_stable_ground_0182_0018,0.00h,23.83h,stable_ground,low,"(212.5,-237.5)",0.0,0.0
E_stable_ground_0183_0237,0.00h,23.83h,stable_ground,low,"(187.5,37.5)",0.0,0.0
E_stable_ground_0184_0168,0.00h,23.83h,stable_ground,low,"(-37.5,-37.5)",0.0,0.0
E_stable_ground_0185_0329,0.00h,23.83h,stable_ground,low,"(-12.5,162.5)",0.0,0.0
E_stable_ground_0186_0353,0.00h,23.83h,stable_ground,low,"(87.5,187.5)",0.0,0.0
E_stable_ground_0187_0014,0.00h,23.83h,stable_ground,low,"(112.5,-237.5)",0.0,0.0
E_stable_ground_0188_0158,0.00h,23.83h,stable_ground,low,"(212.5,-62.5)",0.0,0.0
E_stable_ground_0189_0297,0.00h,23.83h,stable_ground,low,"(187.5,112.5)",0.0,0.0
E_stable_ground_0190_0172,0.00h,23.83h,stable_ground,low,"(62.5,-37.5)",0.0,0.0
E_stable_ground_0191_0274,0.00h,23.83h,stable_ground,low,"(112.5,87.5)",0.0,0.0
E_stable_ground_0192_0116,0.00h,23.83h,stable_ground,low,"(162.5,-112.5)",0.0,0.0
E_stable_ground_0193_0298,0.00h,23.83h,stable_ground,low,"(212.5,112.5)",0.0,0.0
E_stable_ground_0194_0089,0.00h,23.83h,stable_ground,low,"(-12.5,-137.5)",0.0,0.0
E_stable_ground_0195_0330,0.00h,23.83h,stable_ground,low,"(12.5,162.5)",0.0,0.0
E_stable_ground_0196_0059,0.00h,23.83h,stable_ground,low,"(237.5,-187.5)",0.0,0.0
E_stable_ground_0197_0333,0.00h,23.83h,stable_ground,low,"(87.5,162.5)",0.0,0.0
E_stable_ground_0198_0000,0.00h,23.83h,stable_ground,low,"(-237.5,-237.5)",0.0,0.0
E_stable_ground_0199_0181,0.00h,23.83h,stable_ground,low,"(-212.5,-12.5)",0.0,0.0
E_stable_ground_0200_0105,0.00h,23.83h,stable_ground,low,"(-112.5,-112.5)",0.0,0.0
E_stable_ground_0201_0373,0.00h,23.83h,stable_ground,low,"(87.5,212.5)",0.0,0.0
E_stable_ground_0202_0093,0.00h,23.83h,stable_ground,low,"(87.5,-137.5)",0.0,0.0
E_stable_ground_0203_0059,0.00h,23.83h,stable_ground,low,"(237.5,-187.5)",0.0,0.0
E_stable_ground_0204_0260,0.00h,23.83h,stable_ground,low,"(-237.5,87.5)",0.0,0.0
E_stable_ground_0205_0378,0.00h,23.83h,stable_ground,low,"(212.5,212.5)",0.0,0.0
E_stable_ground_0206_0355,0.00h,23.83h,stable_ground,low,"(137.5,187.5)",0.0,0.0
E_stable_ground_0207_0147,0.00h,23.83h,stable_ground,low,"(-62.5,-62.5)",0.0,0.0
E_stable_ground_0208_0155,0.00h,23.83h,stable_ground,low,"(137.5,-62.5)",0.0,0.0
E_stable_ground_0209_0208,0.00h,23.83h,stable_ground,low,"(-37.5,12.5)",0.0,0.0
E_stable_ground_0210_0283,0.00h,23.83h,stable_ground,low,"(-162.5,112.5)",0.0,0.0
E_stable_ground_0211_0270,0.00h,23.83h,stable_ground,low,"(12.5,87.5)",0.0,0.0
E_stable_ground_0212_0228,0.00h,23.83h,stable_ground,low,"(-37.5,37.5)",0.0,0.0
E_stable_ground_0213_0233,0.00h,23.83h,stable_ground,low,"(87.5,37.5)",0.0,0.0
E_stable_ground_0214_0021,0.00h,23.83h,stable_ground,low,"(-212.5,-212.5)",0.0,0.0
E_stable_ground_0215_0154,0.00h,23.83h,stable_ground,low,"(112.5,-62.5)",0.0,0.0
E_stable_ground_0216_0398,0.00h,23.83h,stable_ground,low,"(212.5,237.5)",0.0,0.0
E_stable_ground_0217_0349,0.00h,23.83h,stable_ground,low,"(-12.5,187.5)",0.0,0.0
E_stable_ground_0218_0132,0.00h,23.83h,stable_ground,low,"(62.5,-87.5)",0.0,0.0
E_stable_ground_0219_0345,0.00h,23.83h,stable_ground,low,"(-112.5,187.5)",0.0,0.0
E_stable_ground_0220_0223,0.00h,23.83h,stable_ground,low,"(-162.5,37.5)",0.0,0.0
E_stable_ground_0221_0083,0.00h,23.83h,stable_ground,low,"(-162.5,-137.5)",0.0,0.0
E_stable_ground_0222_0009,0.00h,23.83h,stable_ground,low,"(-12.5,-237.5)",0.0,0.0
E_stable_ground_0223_0153,0.00h,23.83h,stable_ground,low,"(87.5,-62.5)",0.0,0.0
E_stable_ground_0224_0269,0.00h,23.83h,stable_ground,low,"(-12.5,87.5)",0.0,0.0
E_stable_ground_0225_0080,0.00h,23.83h,stable_ground,low,"(-237.5,-137.5)",0.0,0.0
E_stable_ground_0226_0307,0.00h,23.83h,stable_ground,low,"(-62.5,137.5)",0.0,0.0
E_stable_ground_0227_0218,0.00h,23.83h,stable_ground,low,"(212.5,12.5)",0.0,0.0
E_stable_ground_0228_0314,0.00h,23.83h,stable_ground,low,"(112.5,137.5)",0.0,0.0
E_stable_ground_0229_0308,0.00h,23.83h,stable_ground,low,"(-37.5,137.5)",0.0,0.0
E_stable_ground_0230_0395,0.00h,23.83h,stable_ground,low,"(137.5,237.5)",0.0,0.0
E_stable_ground_0231_0159,0.00h,23.83h,stable_ground,low,"(237.5,-62.5)",0.0,0.0
E_stable_ground_0232_0300,0.00h,23.83h,stable_ground,low,"(-237.5,137.5)",0.0,0.0
E_stable_ground_0233_0186,0.00h,23.83h,stable_ground,low,"(-87.5,-12.5)",0.0,0.0
E_stable_ground_0234_0396,0.00h,23.83h,stable_ground,low,"(162.5,237.5)",0.0,0.0
E_stable_ground_0235_0387,0.00h,23.83h,stable_ground,low,"(-62.5,237.5)",0.0,0.0
E_stable_ground_0236_0217,0.00h,23.83h,stable_ground,low,"(187.5,12.5)",0.0,0.0
E_stable_ground_0237_0055,0.00h,23.83h,stable_ground,low,"(137.5,-187.5)",0.0,0.0
E_stable_ground_0238_0308,0.00h,23.83h,stable_ground,low,"(-37.5,137.5)",0.0,0.0
E_stable_ground_0239_0248,0.00h,23.83h,stable_ground,low,"(-37.5,62.5)",0.0,0.0
E_stable_ground_0240_0296,0.00h,23.83h,stable_ground,low,"(162.5,112.5)",0.0,0.0
E_stable_ground_0241_0159,0.00h,23.83h,stable_ground,low,"(237.5,-62.5)",0.0,0.0
E_stable_ground_0242_0207,0.00h,23.83h,stable_ground,low,"(-62.5,12.5)",0.0,0.0
E_stable_ground_0243_0049,0.00h,23.83h,stable_ground,low,"(-12.5,-187.5)",0.0,0.0
E_stable_ground_0244_0369,0.00h,23.83h,stable_ground,low,"(-12.5,212.5)",0.0,0.0
E_stable_ground_0245_0013,0.00h,23.83h,stable_ground,low,"(87.5,-237.5)",0.0,0.0
E_stable_ground_0246_0331,0.00h,23.83h,stable_ground,low,"(37.5,162.5)",0.0,0.0
E_stable_ground_0247_0318,0.00h,23.83h,stable_ground,low,"(212.5,137.5)",0.0,0.0
E_stable_ground_0248_0237,0.00h,23.83h,stable_ground,low,"(187.5,37.5)",0.0,0.0
E_stable_ground_0249_0392,0.00h,23.83h,stable_ground,low,"(62.5,237.5)",0.0,0.0
E_stable_ground_0250_0304,0.00h,23.83h,stable_ground,low,"(-137.5,137.5)",0.0,0.0
E_stable_ground_0251_0060,0.00h,23.83h,stable_ground,low,"(-237.5,-162.5)",0.0,0.0
E_stable_ground_0252_0305,0.00h,23.83h,stable_ground,low,"(-112.5,137.5)",0.0,0.0
E_stable_ground_0253_0337,0.00h,23.83h,stable_ground,low,"(187.5,162.5)",0.0,0.0
E_stable_ground_0254_0233,0.00h,23.83h,stable_ground,low,"(87.5,37.5)",0.0,0.0
E_stable_ground_0255_0305,0.00h,23.83h,stable_ground,low,"(-112.5,137.5)",0.0,0.0
E_stable_ground_0256_0165,0.00h,23.83h,stable_ground,low,"(-112.5,-37.5)",0.0,0.0
E_stable_ground_0257_0118,0.00h,23.83h,stable_ground,low,"(212.5,-112.5)",0.0,0.0
E_stable_ground_0258_0311,0.00h,23.83h,stable_ground,low,"(37.5,137.5)",0.0,0.0
E_stable_ground_0259_0146,0.00h,23.83h,stable_ground,low,"(-87.5,-62.5)",0.0,0.0
E_stable_ground_0260_0108,0.00h,23.83h,stable_ground,low,"(-37.5,-112.5)",0.0,0.0
E_stable_ground_0261_0057,0.00h,23.83h,stable_ground,low,"(187.5,-187.5)",0.0,0.0
E_stable_ground_0262_0036,0.00h,23.83h,stable_ground,low,"(162.5,-212.5)",0.0,0.0
E_stable_ground_0263_0168,0.00h,23.83h,stable_ground,low,"(-37.5,-37.5)",0.0,0.0
E_stable_ground_0264_0249,0.00h,23.83h,stable_ground,low,"(-12.5,62.5)",0.0,0.0
E_stable_ground_0265_0163,0.00h,23.83h,stable_ground,low,"(-162.5,-37.5)",0.0,0.0
E_stable_ground_0266_0392,0.00h,23.83h,stable_ground,low,"(62.5,237.5)",0.0,0.0
E_stable_ground_0267_0073,0.00h,23.83h,stable_ground,low,"(87.5,-162.5)",0.0,0.0
E_stable_ground_0268_0387,0.00h,23.83h,stable_ground,low,"(-62.5,237.5)",0.0,0.0
E_stable_ground_0269_0287,0.00h,23.83h,stable_ground,low,"(-62.5,112.5)",0.0,0.0
E_stable_ground_0270_0104,0.00h,23.83h,stable_ground,low,"(-137.5,-112.5)",0.0,0.0
E_stable_ground_0271_0095,0.00h,23.83h,stable_ground,low,"(137.5,-137.5)",0.0,0.0
E_stable_ground_0272_0098,0.00h,23.83h,stable_ground,low,"(212.5,-137.5)",0.0,0.0
E_stable_ground_0273_0053,0.00h,23.83h,stable_ground,low,"(87.5,-187.5)",0.0,0.0
E_stable_ground_0274_0276,0.00h,23.83h,stable_ground,low,"(162.5,87.5)",0.0,0.0
E_stable_ground_0275_0095,0.00h,23.83h,stable_ground,low,"(137.5,-137.5)",0.0,0.0
E_stable_ground_0276_0332,0.00h,23.83h,stable_ground,low,"(62.5,162.5)",0.0,0.0
E_stable_ground_0277_0219,0.00h,23.83h,stable_ground,low,"(237.5,12.5)",0.0,0.0
E_stable_ground_0278_0113,0.00h,23.83h,stable_ground,low,"(87.5,-112.5)",0.0,0.0
E_stable_ground_0279_0254,0.00h,23.83h,stable_ground,low,"(112.5,62.5)",0.0,0.0
E_stable_ground_0280_0356,0.00h,23.83h,stable_ground,low,"(162.5,187.5)",0.0,0.0
E_stable_ground_0281_0277,0.00h,23.83h,stable_ground,low,"(187.5,87.5)",0.0,0.0
E_stable_ground_0282_0042,0.00h,23.83h,stable_ground,low,"(-187.5,-187.5)",0.0,0.0
E_stable_ground_0283_0059,0.00h,23.83h,stable_ground,low,"(237.5,-187.5)",0.0,0.0
E_stable_ground_0284_0050,0.00h,23.83h,stable_ground,low,"(12.5,-187.5)",0.0,0.0
E_stable_ground_0285_0244,0.00h,23.83h,stable_ground,low,"(-137.5,62.5)",0.0,0.0
E_stable_ground_0286_0336,0.00h,23.83h,stable_ground,low,"(162.5,162.5)",0.0,0.0
E_stable_ground_0287_0196,0.00h,23.83h,stable_ground,low,"(162.5,-12.5)",0.0,0.0
E_stable_ground_0288_0202,0.00h,23.83h,stable_ground,low,"(-187.5,12.5)",0.0,0.0
E_stable_ground_0289_0070,0.00h,23.83h,stable_ground,low,"(12.5,-162.5)",0.0,0.0
E_stable_ground_0290_0057,0.00h,23.83h,stable_ground,low,"(187.5,-187.5)",0.0,0.0
E_stable_ground_0291_0149,0.00h,23.83h,stable_ground,low,"(-12.5,-62.5)",0.0,0.0
E_stable_ground_0292_0131,0.00h,23.83h,stable_ground,low,"(37.5,-87.5)",0.0,0.0
E_stable_ground_0293_0142,0.00h,23.83h,stable_ground,low,"(-187.5,-62.5)",0.0,0.0
E_stable_ground_0294_0392,0.00h,23.83h,stable_ground,low,"(62.5,237.5)",0.0,0.0
E_stable_ground_0295_0078,0.00h,23.83h,stable_ground,low,"(212.5,-162.5)",0.0,0.0
E_stable_ground_0296_0204,0.00h,23.83h,stable_ground,low,"(-137.5,12.5)",0.0,0.0
E_stable_ground_0297_0303,0.00h,23.83h,stable_ground,low,"(-162.5,137.5)",0.0,0.0
E_stable_ground_0298_0080,0.00h,23.83h,stable_ground,low,"(-237.5,-137.5)",0.0,0.0
E_stable_ground_0299_0152,0.00h,23.83h,stable_ground,low,"(62.5,-62.5)",0.0,0.0
E_stable_ground_0300_0112,0.00h,23.83h,stable_ground,low,"(62.5,-112.5)",0.0,0.0
E_stable_ground_0301_0278,0.00h,23.83h,stable_ground,low,"(212.5,87.5)",0.0,0.0
E_stable_ground_0302_0179,0.00h,23.83h,stable_ground,low,"(237.5,-37.5)",0.0,0.0
E_stable_ground_0303_0093,0.00h,23.83h,stable_ground,low,"(87.5,-137.5)",0.0,0.0
E_stable_ground_0304_0353,0.00h,23.83h,stable_ground,low,"(87.5,187.5)",0.0,0.0
E_stable_ground_0305_0360,0.00h,23.83h,stable_ground,low,"(-237.5,212.5)",0.0,0.0
E_stable_ground_0306_0099,0.00h,23.83h,stable_ground,low,"(237.5,-137.5)",0.0,0.0
E_stable_ground_0307_0123,0.00h,23.83h,stable_ground,low,"(-162.5,-87.5)",0.0,0.0
E_stable_ground_0308_0068,0.00h,23.83h,stable_ground,low,"(-37.5,-162.5)",0.0,0.0
E_stable_ground_0309_0379,0.00h,23.83h,stable_ground,low,"(237.5,212.5)",0.0,0.0
E_stable_ground_0310_0252,0.00h,23.83h,stable_ground,low,"(62.5,62.5)",0.0,0.0
E_stable_ground_0311_0102,0.00h,23.83h,stable_ground,low,"(-187.5,-112.5)",0.0,0.0
E_stable_ground_0312_0208,0.00h,23.83h,stable_ground,low,"(-37.5,12.5)",0.0,0.0
E_stable_ground_0313_0024,0.00h,23.83h,stable_ground,low,"(-137.5,-212.5)",0.0,0.0
E_stable_ground_0314_0354,0.00h,23.83h,stable_ground,low,"(112.5,187.5)",0.0,0.0
E_stable_ground_0315_0047,0.00h,23.83h,stable_ground,low,"(-62.5,-187.5)",0.0,0.0
E_stable_ground_0316_0325,0.00h,23.83h,stable_ground,low,"(-112.5,162.5)",0.0,0.0
E_stable_ground_0317_0004,0.00h,23.83h,stable_ground,low,"(-137.5,-237.5)",0.0,0.0
E_stable_ground_0318_0057,0.00h,23.83h,stable_ground,low,"(187.5,-187.5)",0.0,0.0
E_stable_ground_0319_0354,0.00h,23.83h,stable_ground,low,"(112.5,187.5)",0.0,0.0
E_stable_ground_0320_0251,0.00h,23.83h,stable_ground,low,"(37.5,62.5)",0.0,0.0
E_stable_ground_0321_0385,0.00h,23.83h,stable_ground,low,"(-112.5,237.5)",0.0,0.0
E_stable_ground_0322_0008,0.00h,23.83h,stable_ground,low,"(-37.5,-237.5)",0.0,0.0
E_stable_ground_0323_0296,0.00h,23.83h,stable_ground,low,"(162.5,112.5)",0.0,0.0
E_stable_ground_0324_0122,0.00h,23.83h,stable_ground,low,"(-187.5,-87.5)",0.0,0.0
E_stable_ground_0325_0274,0.00h,23.83h,stable_ground,low,"(112.5,87.5)",0.0,0.0
E_stable_ground_0326_0121,0.00h,23.83h,stable_ground,low,"(-212.5,-87.5)",0.0,0.0
E_stable_ground_0327_0316,0.00h,23.83h,stable_ground,low,"(162.5,137.5)",0.0,0.0
E_stable_ground_0328_0332,0.00h,23.83h,stable_ground,low,"(62.5,162.5)",0.0,0.0
E_stable_ground_0329_0260,0.00h,23.83h,stable_ground,low,"(-237.5,87.5)",0.0,0.0
E_stable_ground_0330_0083,0.00h,23.83h,stable_ground,low,"(-162.5,-137.5)",0.0,0.0
E_stable_ground_0331_0137,0.00h,23.83h,stable_ground,low,"(187.5,-87.5)",0.0,0.0
E_stable_ground_0332_0182,0.00h,23.83h,stable_ground,low,"(-187.5,-12.5)",0.0,0.0
E_stable_ground_0333_0362,0.00h,23.83h,stable_ground,low,"(-187.5,212.5)",0.0,0.0
E_stable_ground_0334_0035,0.00h,23.83h,stable_ground,low,"(137.5,-212.5)",0.0,0.0
E_stable_ground_0335_0086,0.00h,23.83h,stable_ground,low,"(-87.5,-137.5)",0.0,0.0
E_stable_ground_0336_0069,0.00h,23.83h,stable_ground,low,"(-12.5,-162.5)",0.0,0.0
E_stable_ground_0337_0119,0.00h,23.83h,stable_ground,low,"(237.5,-112.5)",0.0,0.0
E_stable_ground_0338_0048,0.00h,23.83h,stable_ground,low,"(-37.5,-187.5)",0.0,0.0
E_stable_ground_0339_0101,0.00h,23.83h,stable_ground,low,"(-212.5,-112.5)",0.0,0.0
E_stable_ground_0340_0205,0.00h,23.83h,stable_ground,low,"(-112.5,12.5)",0.0,0.0
E_stable_ground_0341_0121,0.00h,23.83h,stable_ground,low,"(-212.5,-87.5)",0.0,0.0
E_stable_ground_0342_0287,0.00h,23.83h,stable_ground,low,"(-62.5,112.5)",0.0,0.0
E_stable_ground_0343_0301,0.00h,23.83h,stable_ground,low,"(-212.5,137.5)",0.0,0.0
E_stable_ground_0344_0398,0.00h,23.83h,stable_ground,low,"(212.5,237.5)",0.0,0.0
E_stable_ground_0345_0007,0.00h,23.83h,stable_ground,low,"(-62.5,-237.5)",0.0,0.0
E_stable_ground_0346_0019,0.00h,23.83h,stable_ground,low,"(237.5,-237.5)",0.0,0.0
E_stable_ground_0347_0141,0.00h,23.83h,stable_ground,low,"(-212.5,-62.5)",0.0,0.0
E_stable_ground_0348_0055,0.00h,23.83h,stable_ground,low,"(137.5,-187.5)",0.0,0.0
E_stable_ground_0349_0265,0.00h,23.83h,stable_ground,low,"(-112.5,87.5)",0.0,0.0
E_stable_ground_0350_0130,0.00h,23.83h,stable_ground,low,"(12.5,-87.5)",0.0,0.0
E_stable_ground_0351_0224,0.00h,23.83h,stable_ground,low,"(-137.5,37.5)",0.0,0.0
E_stable_ground_0352_0128,0.00h,23.83h,stable_ground,low,"(-37.5,-87.5)",0.0,0.0
E_stable_ground_0353_0359,0.00h,23.83h,stable_ground,low,"(237.5,187.5)",0.0,0.0
E_stable_ground_0354_0147,0.00h,23.83h,stable_ground,low,"(-62.5,-62.5)",0.0,0.0
E_stable_ground_0355_0071,0.00h,23.83h,stable_ground,low,"(37.5,-162.5)",0.0,0.0
E_stable_ground_0356_0088,0.00h,23.83h,stable_ground,low,"(-37.5,-137.5)",0.0,0.0
E_stable_ground_0357_0188,0.00h,23.83h,stable_ground,low,"(-37.5,-12.5)",0.0,0.0
E_stable_ground_0358_0167,0.00h,23.83h,stable_ground,low,"(-62.5,-37.5)",0.0,0.0
E_stable_ground_0359_0316,0.00h,23.83h,stable_ground,low,"(162.5,137.5)",0.0,0.0
E_stable_ground_0360_0343,0.00h,23.83h,stable_ground,low,"(-162.5,187.5)",0.0,0.0
E_stable_ground_0361_0104,0.00h,23.83h,stable_ground,low,"(-137.5,-112.5)",0.0,0.0
E_stable_ground_0362_0282,0.00h,23.83h,stable_ground,low,"(-187.5,112.5)",0.0,0.0
E_stable_ground_0363_0358,0.00h,23.83h,stable_ground,low,"(212.5,187.5)",0.0,0.0
E_stable_ground_0364_0182,0.00h,23.83h,stable_ground,low,"(-187.5,-12.5)",0.0,0.0
E_stable_ground_0365_0207,0.00h,23.83h,stable_ground,low,"(-62.5,12.5)",0.0,0.0
E_stable_ground_0366_0352,0.00h,23.83h,stable_ground,low,"(62.5,187.5)",0.0,0.0
E_stable_ground_0367_0012,0.00h,23.83h,stable_ground,low,"(62.5,-237.5)",0.0,0.0
E_stable_ground_0368_0290,0.00h,23.83h,stable_ground,low,"(12.5,112.5)",0.0,0.0
E_stable_ground_0369_0384,0.00h,23.83h,stable_ground,low,"(-137.5,237.5)",0.0,0.0
E_stable_ground_0370_0144,0.00h,23.83h,stable_ground,low,"(-137.5,-62.5)",0.0,0.0
E_stable_ground_0371_0008,0.00h,23.83h,stable_ground,low,"(-37.5,-237.5)",0.0,0.0
E_stable_ground_0372_0167,0.00h,23.83h,stable_ground,low,"(-62.5,-37.5)",0.0,0.0
E_stable_ground_0373_0307,0.00h,23.83h,stable_ground,low,"(-62.5,137.5)",0.0,0.0
E_stable_ground_0374_0217,0.00h,23.83h,stable_ground,low,"(187.5,12.5)",0.0,0.0
E_stable_ground_0375_0203,0.00h,23.83h,stable_ground,low,"(-162.5,12.5)",0.0,0.0
E_stable_ground_0376_0179,0.00h,23.83h,stable_ground,low,"(237.5,-37.5)",0.0,0.0
E_stable_ground_0377_0075,0.00h,23.83h,stable_ground,low,"(137.5,-162.5)",0.0,0.0
E_stable_ground_0378_0376,0.00h,23.83h,stable_ground,low,"(162.5,212.5)",0.0,0.0
E_stable_ground_0379_0392,0.00h,23.83h,stable_ground,low,"(62.5,237.5)",0.0,0.0
E_stable_ground_0380_0195,0.00h,23.83h,stable_ground,low,"(137.5,-12.5)",0.0,0.0
E_stable_ground_0381_0167,0.00h,23.83h,stable_ground,low,"(-62.5,-37.5)",0.0,0.0
E_stable_ground_0382_0161,0.00h,23.83h,stable_ground,low,"(-212.5,-37.5)",0.0,0.0
E_stable_ground_0383_0293,0.00h,23.83h,stable_ground,low,"(87.5,112.5)",0.0,0.0
E_stable_ground_0384_0369,0.00h,23.83h,stable_ground,low,"(-12.5,212.5)",0.0,0.0
E_stable_ground_0385_0191,0.00h,23.83h,stable_ground,low,"(37.5,-12.5)",0.0,0.0
E_stable_ground_0386_0323,0.00h,23.83h,stable_ground,low,"(-162.5,162.5)",0.0,0.0
E_stable_ground_0387_0210,0.00h,23.83h,stable_ground,low,"(12.5,12.5)",0.0,0.0
E_stable_ground_0388_0158,0.00h,23.83h,stable_ground,low,"(212.5,-62.5)",0.0,0.0
E_stable_ground_0389_0061,0.00h,23.83h,stable_ground,low,"(-212.5,-162.5)",0.0,0.0
E_stable_ground_0390_0268,0.00h,23.83h,stable_ground,low,"(-37.5,87.5)",0.0,0.0
E_stable_ground_0391_0005,0.00h,23.83h,stable_ground,low,"(-112.5,-237.5)",0.0,0.0
E_stable_ground_0392_0058,0.00h,23.83h,stable_ground,low,"(212.5,-187.5)",0.0,0.0
E_stable_ground_0393_0332,0.00h,23.83h,stable_ground,low,"(62.5,162.5)",0.0,0.0
E_stable_ground_0394_0378,0.00h,23.83h,stable_ground,low,"(212.5,212.5)",0.0,0.0
E_stable_ground_0395_0368,0.00h,23.83h,stable_ground,low,"(-37.5,212.5)",0.0,0.0
E_stable_ground_0396_0053,0.00h,23.83h,stable_ground,low,"(87.5,-187.5)",0.0,0.0
E_stable_ground_0397_0117,0.00h,23.83h,stable_ground,low,"(187.5,-112.5)",0.0,0.0
E_stable_ground_0398_0178,0.00h,23.83h,stable_ground,low,"(212.5,-37.5)",0.0,0.0
E_stable_ground_0399_0024,0.00h,23.83h,stable_ground,low,"(-137.5,-212.5)",0.0,0.0
E_stable_ground_0400_0094,0.00h,23.83h,stable_ground,low,"(112.5,-137.5)",0.0,0.0
E_stable_ground_0401_0271,0.00h,23.83h,stable_ground,low,"(37.5,87.5)",0.0,0.0
E_stable_ground_0402_0084,0.00h,23.83h,stable_ground,low,"(-137.5,-137.5)",0.0,0.0
E_stable_ground_0403_0069,0.00h,23.83h,stable_ground,low,"(-12.5,-162.5)",0.0,0.0
E_stable_ground_0404_0137,0.00h,23.83h,stable_ground,low,"(187.5,-87.5)",0.0,0.0
E_stable_ground_0405_0134,0.00h,23.83h,stable_ground,low,"(112.5,-87.5)",0.0,0.0
E_stable_ground_0406_0261,0.00h,23.83h,stable_ground,low,"(-212.5,87.5)",0.0,0.0
E_stable_ground_0407_0365,0.00h,23.83h,stable_ground,low,"(-112.5,212.5)",0.0,0.0
E_stable_ground_0408_0108,0.00h,23.83h,stable_ground,low,"(-37.5,-112.5)",0.0,0.0
E_stable_ground_0409_0168,0.00h,23.83h,stable_ground,low,"(-37.5,-37.5)",0.0,0.0
E_stable_ground_0410_0182,0.00h,23.83h,stable_ground,low,"(-187.5,-12.5)",0.0,0.0
E_stable_ground_0411_0306,0.00h,23.83h,stable_ground,low,"(-87.5,137.5)",0.0,0.0
E_stable_ground_0412_0335,0.00h,23.83h,stable_ground,low,"(137.5,162.5)",0.0,0.0
E_stable_ground_0413_0115,0.00h,23.83h,stable_ground,low,"(137.5,-112.5)",0.0,0.0
E_stable_ground_0414_0278,0.00h,23.83h,stable_ground,low,"(212.5,87.5)",0.0,0.0
E_stable_ground_0415_0292,0.00h,23.83h,stable_ground,low,"(62.5,112.5)",0.0,0.0
E_stable_ground_0416_0356,0.00h,23.83h,stable_ground,low,"(162.5,187.5)",0.0,0.0
E_stable_ground_0417_0146,0.00h,23.83h,stable_ground,low,"(-87.5,-62.5)",0.0,0.0
E_stable_ground_0418_0106,0.00h,23.83h,stable_ground,low,"(-87.5,-112.5)",0.0,0.0
E_stable_ground_0419_0079,0.00h,23.83h,stable_ground,low,"(237.5,-162.5)",0.0,0.0
E_stable_ground_0420_0049,0.00h,23.83h,stable_ground,low,"(-12.5,-187.5)",0.0,0.0
E_stable_ground_0421_0022,0.00h,23.83h,stable_ground,low,"(-187.5,-212.5)",0.0,0.0
E_stable_ground_0422_0276,0.00h,23.83h,stable_ground,low,"(162.5,87.5)",0.0,0.0
E_stable_ground_0423_0007,0.00h,23.83h,stable_ground,low,"(-62.5,-237.5)",0.0,0.0
E_stable_ground_0424_0062,0.00h,23.83h,stable_ground,low,"(-187.5,-162.5)",0.0,0.0
E_stable_ground_0425_0048,0.00h,23.83h,stable_ground,low,"(-37.5,-187.5)",0.0,0.0
E_stable_ground_0426_0355,0.00h,23.83h,stable_ground,low,"(137.5,187.5)",0.0,0.0
E_stable_ground_0427_0205,0.00h,23.83h,stable_ground,low,"(-112.5,12.5)",0.0,0.0
E_stable_ground_0428_0169,0.00h,23.83h,stable_ground,low,"(-12.5,-37.5)",0.0,0.0
E_stable_ground_0429_0391,0.00h,23.83h,stable_ground,low,"(37.5,237.5)",0.0,0.0
E_stable_ground_0430_0062,0.00h,23.83h,stable_ground,low,"(-187.5,-162.5)",0.0,0.0
E_stable_ground_0431_0174,0.00h,23.83h,stable_ground,low,"(112.5,-37.5)",0.0,0.0
E_stable_ground_0432_0009,0.00h,23.83h,stable_ground,low,"(-12.5,-237.5)",0.0,0.0
E_stable_ground_0433_0380,0.00h,23.83h,stable_ground,low,"(-237.5,237.5)",0.0,0.0
E_stable_ground_0434_0260,0.00h,23.83h,stable_ground,low,"(-237.5,87.5)",0.0,0.0
E_stable_ground_0435_0064,0.00h,23.83h,stable_ground,low,"(-137.5,-162.5)",0.0,0.0
E_stable_ground_0436_0019,0.00h,23.83h,stable_ground,low,"(237.5,-237.5)",0.0,0.0
E_stable_ground_0437_0161,0.00h,23.83h,stable_ground,low,"(-212.5,-37.5)",0.0,0.0
E_stable_ground_0438_0005,0.00h,23.83h,stable_ground,low,"(-112.5,-237.5)",0.0,0.0
E_stable_ground_0439_0290,0.00h,23.83h,stable_ground,low,"(12.5,112.5)",0.0,0.0
E_stable_ground_0440_0195,0.00h,23.83h,stable_ground,low,"(137.5,-12.5)",0.0,0.0
E_stable_ground_0441_0007,0.00h,23.83h,stable_ground,low,"(-62.5,-237.5)",0.0,0.0
E_stable_ground_0442_0305,0.00h,23.83h,stable_ground,low,"(-112.5,137.5)",0.0,0.0
E_stable_ground_0443_0371,0.00h,23.83h,stable_ground,low,"(37.5,212.5)",0.0,0.0
E_stable_ground_0444_0371,0.00h,23.83h,stable_ground,low,"(37.5,212.5)",0.0,0.0
E_stable_ground_0445_0322,0.00h,23.83h,stable_ground,low,"(-187.5,162.5)",0.0,0.0
E_stable_ground_0446_0371,0.00h,23.83h,stable_ground,low,"(37.5,212.5)",0.0,0.0
E_stable_ground_0447_0314,0.00h,23.83h,stable_ground,low,"(112.5,137.5)",0.0,0.0
E_stable_ground_0448_0361,0.00h,23.83h,stable_ground,low,"(-212.5,212.5)",0.0,0.0
E_stable_ground_0449_0023,0.00h,23.83h,stable_ground,low,"(-162.5,-212.5)",0.0,0.0
E_stable_ground_0450_0378,0.00h,23.83h,stable_ground,low,"(212.5,212.5)",0.0,0.0
E_stable_ground_0451_0391,0.00h,23.83h,stable_ground,low,"(37.5,237.5)",0.0,0.0
E_stable_ground_0452_0097,0.00h,23.83h,stable_ground,low,"(187.5,-137.5)",0.0,0.0
E_stable_ground_0453_0032,0.00h,23.83h,stable_ground,low,"(62.5,-212.5)",0.0,0.0
E_stable_ground_0454_0322,0.00h,23.83h,stable_ground,low,"(-187.5,162.5)",0.0,0.0
E_stable_ground_0455_0086,0.00h,23.83h,stable_ground,low,"(-87.5,-137.5)",0.0,0.0
E_stable_ground_0456_0010,0.00h,23.83h,stable_ground,low,"(12.5,-237.5)",0.0,0.0
E_stable_ground_0457_0261,0.00h,23.83h,stable_ground,low,"(-212.5,87.5)",0.0,0.0
E_stable_ground_0458_0346,0.00h,23.83h,stable_ground,low,"(-87.5,187.5)",0.0,0.0
E_stable_ground_0459_0060,0.00h,23.83h,stable_ground,low,"(-237.5,-162.5)",0.0,0.0
E_stable_ground_0460_0216,0.00h,23.83h,stable_ground,low,"(162.5,12.5)",0.0,0.0
E_stable_ground_0461_0335,0.00h,23.83h,stable_ground,low,"(137.5,162.5)",0.0,0.0
E_stable_ground_0462_0055,0.00h,23.83h,stable_ground,low,"(137.5,-187.5)",0.0,0.0
E_stable_ground_0463_0353,0.00h,23.83h,stable_ground,low,"(87.5,187.5)",0.0,0.0
E_stable_ground_0464_0094,0.00h,23.83h,stable_ground,low,"(112.5,-137.5)",0.0,0.0
E_stable_ground_0465_0368,0.00h,23.83h,stable_ground,low,"(-37.5,212.5)",0.0,0.0
E_stable_ground_0466_0323,0.00h,23.83h,stable_ground,low,"(-162.5,162.5)",0.0,0.0
E_stable_ground_0467_0120,0.00h,23.83h,stable_ground,low,"(-237.5,-87.5)",0.0,0.0
E_stable_ground_0468_0105,0.00h,23.83h,stable_ground,low,"(-112.5,-112.5)",0.0,0.0
E_stable_ground_0469_0280,0.00h,23.83h,stable_ground,low,"(-237.5,112.5)",0.0,0.0
E_stable_ground_0470_0264,0.00h,23.83h,stable_ground,low,"(-137.5,87.5)",0.0,0.0
E_stable_ground_0471_0098,0.00h,23.83h,stable_ground,low,"(212.5,-137.5)",0.0,0.0
E_stable_ground_0472_0270,0.00h,23.83h,stable_ground,low,"(12.5,87.5)",0.0,0.0
E_stable_ground_0473_0308,0.00h,23.83h,stable_ground,low,"(-37.5,137.5)",0.0,0.0
E_stable_ground_0474_0163,0.00h,23.83h,stable_ground,low,"(-162.5,-37.5)",0.0,0.0
E_stable_ground_0475_0041,0.00h,23.83h,stable_ground,low,"(-212.5,-187.5)",0.0,0.0
E_stable_ground_0476_0133,0.00h,23.83h,stable_ground,low,"(87.5,-87.5)",0.0,0.0
E_stable_ground_0477_0354,0.00h,23.83h,stable_ground,low,"(112.5,187.5)",0.0,0.0
E_stable_ground_0478_0286,0.00h,23.83h,stable_ground,low,"(-87.5,112.5)",0.0,0.0
E_stable_ground_0479_0194,0.00h,23.83h,stable_ground,low,"(112.5,-12.5)",0.0,0.0
E_stable_ground_0480_0290,0.00h,23.83h,stable_ground,low,"(12.5,112.5)",0.0,0.0
E_stable_ground_0481_0309,0.00h,23.83h,stable_ground,low,"(-12.5,137.5)",0.0,0.0
E_stable_ground_0482_0257,0.00h,23.83h,stable_ground,low,"(187.5,62.5)",0.0,0.0
E_stable_ground_0483_0223,0.00h,23.83h,stable_ground,low,"(-162.5,37.5)",0.0,0.0
E_stable_ground_0484_0123,0.00h,23.83h,stable_ground,low,"(-162.5,-87.5)",0.0,0.0
E_stable_ground_0485_0032,0.00h,23.83h,stable_ground,low,"(62.5,-212.5)",0.0,0.0
E_stable_ground_0486_0033,0.00h,23.83h,stable_ground,low,"(87.5,-212.5)",0.0,0.0
E_stable_ground_0487_0082,0.00h,23.83h,stable_ground,low,"(-187.5,-137.5)",0.0,0.0
E_stable_ground_0488_0221,0.00h,23.83h,stable_ground,low,"(-212.5,37.5)",0.0,0.0
E_stable_ground_0489_0241,0.00h,23.83h,stable_ground,low,"(-212.5,62.5)",0.0,0.0
E_stable_ground_0490_0011,0.00h,23.83h,stable_ground,low,"(37.5,-237.5)",0.0,0.0
E_stable_ground_0491_0262,0.00h,23.83h,stable_ground,low,"(-187.5,87.5)",0.0,0.0
E_stable_ground_0492_0338,0.00h,23.83h,stable_ground,low,"(212.5,162.5)",0.0,0.0
E_stable_ground_0493_0235,0.00h,23.83h,stable_ground,low,"(137.5,37.5)",0.0,0.0
E_stable_ground_0494_0069,0.00h,23.83h,stable_ground,low,"(-12.5,-162.5)",0.0,0.0
E_stable_ground_0495_0090,0.00h,23.83h,stable_ground,low,"(12.5,-137.5)",0.0,0.0
E_stable_ground_0496_0272,0.00h,23.83h,stable_ground,low,"(62.5,87.5)",0.0,0.0
E_stable_ground_0497_0103,0.00h,23.83h,stable_ground,low,"(-162.5,-112.5)",0.0,0.0
E_stable_ground_0498_0025,0.00h,23.83h,stable_ground,low,"(-112.5,-212.5)",0.0,0.0
E_stable_ground_0499_0088,0.00h,23.83h,stable_ground,low,"(-37.5,-137.5)",0.0,0.0
E_stable_ground_0500_0036,0.00h,23.83h,stable_ground,low,"(162.5,-212.5)",0.0,0.0
E_stable_ground_0501_0340,0.00h,23.83h,stable_ground,low,"(-237.5,187.5)",0.0,0.0
E_stable_ground_0502_0356,0.00h,23.83h,stable_ground,low,"(162.5,187.5)",0.0,0.0
E_stable_ground_0503_0163,0.00h,23.83h,stable_ground,low,"(-162.5,-37.5)",0.0,0.0
E_stable_ground_0504_0112,0.00h,23.83h,stable_ground,low,"(62.5,-112.5)",0.0,0.0
E_stable_ground_0505_0277,0.00h,23.83h,stable_ground,low,"(187.5,87.5)",0.0,0.0
E_stable_ground_0506_0377,0.00h,23.83h,stable_ground,low,"(187.5,212.5)",0.0,0.0
E_stable_ground_0507_0394,0.00h,23.83h,stable_ground,low,"(112.5,237.5)",0.0,0.0
E_stable_ground_0508_0205,0.00h,23.83h,stable_ground,low,"(-112.5,12.5)",0.0,0.0
E_stable_ground_0509_0352,0.00h,23.83h,stable_ground,low,"(62.5,187.5)",0.0,0.0
E_stable_ground_0510_0217,0.00h,23.83h,stable_ground,low,"(187.5,12.5)",0.0,0.0
E_stable_ground_0511_0049,0.00h,23.83h,stable_ground,low,"(-12.5,-187.5)",0.0,0.0
E_stable_ground_0512_0031,0.00h,23.83h,stable_ground,low,"(37.5,-212.5)",0.0,0.0
E_stable_ground_0513_0362,0.00h,23.83h,stable_ground,low,"(-187.5,212.5)",0.0,0.0
E_stable_ground_0514_0387,0.00h,23.83h,stable_ground,low,"(-62.5,237.5)",0.0,0.0
E_stable_ground_0515_0344,0.00h,23.83h,stable_ground,low,"(-137.5,187.5)",0.0,0.0
E_stable_ground_0516_0239,0.00h,23.83h,stable_ground,low,"(237.5,37.5)",0.0,0.0
E_stable_ground_0517_0051,0.00h,23.83h,stable_ground,low,"(37.5,-187.5)",0.0,0.0
E_stable_ground_0518_0323,0.00h,23.83h,stable_ground,low,"(-162.5,162.5)",0.0,0.0
E_stable_ground_0519_0003,0.00h,23.83h,stable_ground,low,"(-162.5,-237.5)",0.0,0.0
E_stable_ground_0520_0340,0.00h,23.83h,stable_ground,low,"(-237.5,187.5)",0.0,0.0
E_stable_ground_0521_0232,0.00h,23.83h,stable_ground,low,"(62.5,37.5)",0.0,0.0
E_stable_ground_0522_0388,0.00h,23.83h,stable_ground,low,"(-37.5,237.5)",0.0,0.0
E_stable_ground_0523_0125,0.00h,23.83h,stable_ground,low,"(-112.5,-87.5)",0.0,0.0
E_stable_ground_0524_0141,0.00h,23.83h,stable_ground,low,"(-212.5,-62.5)",0.0,0.0
E_stable_ground_0525_0220,0.00h,23.83h,stable_ground,low,"(-237.5,37.5)",0.0,0.0
E_stable_ground_0526_0218,0.00h,23.83h,stable_ground,low,"(212.5,12.5)",0.0,0.0
E_stable_ground_0527_0274,0.00h,23.83h,stable_ground,low,"(112.5,87.5)",0.0,0.0
E_stable_ground_0528_0328,0.00h,23.83h,stable_ground,low,"(-37.5,162.5)",0.0,0.0
E_stable_ground_0529_0146,0.00h,23.83h,stable_ground,low,"(-87.5,-62.5)",0.0,0.0
E_stable_ground_0530_0113,0.00h,23.83h,stable_ground,low,"(87.5,-112.5)",0.0,0.0
E_stable_ground_0531_0301,0.00h,23.83h,stable_ground,low,"(-212.5,137.5)",0.0,0.0
E_stable_ground_0532_0115,0.00h,23.83h,stable_ground,low,"(137.5,-112.5)",0.0,0.0
E_stable_ground_0533_0032,0.00h,23.83h,stable_ground,low,"(62.5,-212.5)",0.0,0.0
E_stable_ground_0534_0090,0.00h,23.83h,stable_ground,low,"(12.5,-137.5)",0.0,0.0
E_stable_ground_0535_0062,0.00h,23.83h,stable_ground,low,"(-187.5,-162.5)",0.0,0.0
E_stable_ground_0536_0209,0.00h,23.83h,stable_ground,low,"(-12.5,12.5)",0.0,0.0
E_stable_ground_0537_0011,0.00h,23.83h,stable_ground,low,"(37.5,-237.5)",0.0,0.0
E_stable_ground_0538_0359,0.00h,23.83h,stable_ground,low,"(237.5,187.5)",0.0,0.0
E_stable_ground_0539_0077,0.00h,23.83h,stable_ground,low,"(187.5,-162.5)",0.0,0.0
E_stable_ground_0540_0368,0.00h,23.83h,stable_ground,low,"(-37.5,212.5)",0.0,0.0
E_stable_ground_0541_0192,0.00h,23.83h,stable_ground,low,"(62.5,-12.5)",0.0,0.0
E_stable_ground_0542_0343,0.00h,23.83h,stable_ground,low,"(-162.5,187.5)",0.0,0.0
E_stable_ground_0543_0152,0.00h,23.83h,stable_ground,low,"(62.5,-62.5)",0.0,0.0
E_stable_ground_0544_0140,0.00h,23.83h,stable_ground,low,"(-237.5,-62.5)",0.0,0.0
E_stable_ground_0545_0158,0.00h,23.83h,stable_ground,low,"(212.5,-62.5)",0.0,0.0
E_stable_ground_0546_0172,0.00h,23.83h,stable_ground,low,"(62.5,-37.5)",0.0,0.0
E_stable_ground_0547_0278,0.00h,23.83h,stable_ground,low,"(212.5,87.5)",0.0,0.0
E_stable_ground_0548_0178,0.00h,23.83h,stable_ground,low,"(212.5,-37.5)",0.0,0.0
E_stable_ground_0549_0172,0.00h,23.83h,stable_ground,low,"(62.5,-37.5)",0.0,0.0
E_stable_ground_0550_0138,0.00h,23.83h,stable_ground,low,"(212.5,-87.5)",0.0,0.0
E_stable_ground_0551_0208,0.00h,23.83h,stable_ground,low,"(-37.5,12.5)",0.0,0.0
E_stable_ground_0552_0114,0.00h,23.83h,stable_ground,low,"(112.5,-112.5)",0.0,0.0
E_stable_ground_0553_0391,0.00h,23.83h,stable_ground,low,"(37.5,237.5)",0.0,0.0
E_stable_ground_0554_0129,0.00h,23.83h,stable_ground,low,"(-12.5,-87.5)",0.0,0.0
E_stable_ground_0555_0359,0.00h,23.83h,stable_ground,low,"(237.5,187.5)",0.0,0.0
E_stable_ground_0556_0238,0.00h,23.83h,stable_ground,low,"(212.5,37.5)",0.0,0.0
E_stable_ground_0557_0129,0.00h,23.83h,stable_ground,low,"(-12.5,-87.5)",0.0,0.0
E_stable_ground_0558_0303,0.00h,23.83h,stable_ground,low,"(-162.5,137.5)",0.0,0.0
E_stable_ground_0559_0191,0.00h,23.83h,stable_ground,low,"(37.5,-12.5)",0.0,0.0
E_stable_ground_0560_0013,0.00h,23.83h,stable_ground,low,"(87.5,-237.5)",0.0,0.0
E_stable_ground_0561_0088,0.00h,23.83h,stable_ground,low,"(-37.5,-137.5)",0.0,0.0
E_stable_ground_0562_0341,0.00h,23.83h,stable_ground,low,"(-212.5,187.5)",0.0,0.0
E_stable_ground_0563_0278,0.00h,23.83h,stable_ground,low,"(212.5,87.5)",0.0,0.0
E_stable_ground_0564_0369,0.00h,23.83h,stable_ground,low,"(-12.5,212.5)",0.0,0.0
E_stable_ground_0565_0162,0.00h,23.83h,stable_ground,low,"(-187.5,-37.5)",0.0,0.0
E_stable_ground_0566_0047,0.00h,23.83h,stable_ground,low,"(-62.5,-187.5)",0.0,0.0
E_stable_ground_0567_0377,0.00h,23.83h,stable_ground,low,"(187.5,212.5)",0.0,0.0
E_stable_ground_0568_0098,0.00h,23.83h,stable_ground,low,"(212.5,-137.5)",0.0,0.0
E_stable_ground_0569_0155,0.00h,23.83h,stable_ground,low,"(137.5,-62.5)",0.0,0.0
E_stable_ground_0570_0269,0.00h,23.83h,stable_ground,low,"(-12.5,87.5)",0.0,0.0
E_stable_ground_0571_0048,0.00h,23.83h,stable_ground,low,"(-37.5,-187.5)",0.0,0.0
E_stable_ground_0572_0071,0.00h,23.83h,stable_ground,low,"(37.5,-162.5)",0.0,0.0
E_stable_ground_0573_0371,0.00h,23.83h,stable_ground,low,"(37.5,212.5)",0.0,0.0
E_stable_ground_0574_0349,0.00h,23.83h,stable_ground,low,"(-12.5,187.5)",0.0,0.0
E_stable_ground_0575_0385,0.00h,23.83h,stable_ground,low,"(-112.5,237.5)",0.0,0.0
E_stable_ground_0576_0276,0.00h,23.83h,stable_ground,low,"(162.5,87.5)",0.0,0.0
E_stable_ground_0577_0260,0.00h,23.83h,stable_ground,low,"(-237.5,87.5)",0.0,0.0
E_stable_ground_0578_0260,0.00h,23.83h,stable_ground,low,"(-237.5,87.5)",0.0,0.0
E_stable_ground_0579_0140,0.00h,23.83h,stable_ground,low,"(-237.5,-62.5)",0.0,0.0
E_stable_ground_0580_0221,0.00h,23.83h,stable_ground,low,"(-212.5,37.5)",0.0,0.0
E_stable_ground_0581_0201,0.00h,23.83h,stable_ground,low,"(-212.5,12.5)",0.0,0.0
E_stable_ground_0582_0347,0.00h,23.83h,stable_ground,low,"(-62.5,187.5)",0.0,0.0
E_stable_ground_0583_0124,0.00h,23.83h,stable_ground,low,"(-137.5,-87.5)",0.0,0.0
E_stable_ground_0584_0269,0.00h,23.83h,stable_ground,low,"(-12.5,87.5)",0.0,0.0
E_stable_ground_0585_0107,0.00h,23.83h,stable_ground,low,"(-62.5,-112.5)",0.0,0.0
E_stable_ground_0586_0297,0.00h,23.83h,stable_ground,low,"(187.5,112.5)",0.0,0.0
E_stable_ground_0587_0090,0.00h,23.83h,stable_ground,low,"(12.5,-137.5)",0.0,0.0
E_stable_ground_0588_0216,0.00h,23.83h,stable_ground,low,"(162.5,12.5)",0.0,0.0
E_stable_ground_0589_0243,0.00h,23.83h,stable_ground,low,"(-162.5,62.5)",0.0,0.0
E_stable_ground_0590_0051,0.00h,23.83h,stable_ground,low,"(37.5,-187.5)",0.0,0.0
E_stable_ground_0591_0373,0.00h,23.83h,stable_ground,low,"(87.5,212.5)",0.0,0.0
E_stable_ground_0592_0086,0.00h,23.83h,stable_ground,low,"(-87.5,-137.5)",0.0,0.0
E_stable_ground_0593_0242,0.00h,23.83h,stable_ground,low,"(-187.5,62.5)",0.0,0.0
E_stable_ground_0594_0009,0.00h,23.83h,stable_ground,low,"(-12.5,-237.5)",0.0,0.0
E_stable_ground_0595_0273,0.00h,23.83h,stable_ground,low,"(87.5,87.5)",0.0,0.0
E_stable_ground_0596_0317,0.00h,23.83h,stable_ground,low,"(187.5,137.5)",0.0,0.0
E_stable_ground_0597_0326,0.00h,23.83h,stable_ground,low,"(-87.5,162.5)",0.0,0.0
E_stable_ground_0598_0131,0.00h,23.83h,stable_ground,low,"(37.5,-87.5)",0.0,0.0
E_stable_ground_0599_0005,0.00h,23.83h,stable_ground,low,"(-112.5,-237.5)",0.0,0.0
E_stable_ground_0600_0285,0.00h,23.83h,stable_ground,low,"(-112.5,112.5)",0.0,0.0
E_stable_ground_0601_0275,0.00h,23.83h,stable_ground,low,"(137.5,87.5)",0.0,0.0
E_stable_ground_0602_0138,0.00h,23.83h,stable_ground,low,"(212.5,-87.5)",0.0,0.0
E_stable_ground_0603_0306,0.00h,23.83h,stable_ground,low,"(-87.5,137.5)",0.0,0.0
E_stable_ground_0604_0113,0.00h,23.83h,stable_ground,low,"(87.5,-112.5)",0.0,0.0
E_stable_ground_0605_0035,0.00h,23.83h,stable_ground,low,"(137.5,-212.5)",0.0,0.0
E_stable_ground_0606_0022,0.00h,23.83h,stable_ground,low,"(-187.5,-212.5)",0.0,0.0
E_stable_ground_0607_0381,0.00h,23.83h,stable_ground,low,"(-212.5,237.5)",0.0,0.0
E_stable_ground_0608_0354,0.00h,23.83h,stable_ground,low,"(112.5,187.5)",0.0,0.0
E_stable_ground_0609_0111,0.00h,23.83h,stable_ground,low,"(37.5,-112.5)",0.0,0.0
E_stable_ground_0610_0022,0.00h,23.83h,stable_ground,low,"(-187.5,-212.5)",0.0,0.0
E_stable_ground_0611_0099,0.00h,23.83h,stable_ground,low,"(237.5,-137.5)",0.0,0.0
E_stable_ground_0612_0209,0.00h,23.83h,stable_ground,low,"(-12.5,12.5)",0.0,0.0
E_stable_ground_0613_0000,0.00h,23.83h,stable_ground,low,"(-237.5,-237.5)",0.0,0.0
E_stable_ground_0614_0102,0.00h,23.83h,stable_ground,low,"(-187.5,-112.5)",0.0,0.0
E_stable_ground_0615_0215,0.00h,23.83h,stable_ground,low,"(137.5,12.5)",0.0,0.0
E_stable_ground_0616_0222,0.00h,23.83h,stable_ground,low,"(-187.5,37.5)",0.0,0.0
E_stable_ground_0617_0128,0.00h,23.83h,stable_ground,low,"(-37.5,-87.5)",0.0,0.0
E_stable_ground_0618_0374,0.00h,23.83h,stable_ground,low,"(112.5,212.5)",0.0,0.0
E_stable_ground_0619_0345,0.00h,23.83h,stable_ground,low,"(-112.5,187.5)",0.0,0.0
E_stable_ground_0620_0349,0.00h,23.83h,stable_ground,low,"(-12.5,187.5)",0.0,0.0
E_stable_ground_0621_0065,0.00h,23.83h,stable_ground,low,"(-112.5,-162.5)",0.0,0.0
E_stable_ground_0622_0160,0.00h,23.83h,stable_ground,low,"(-237.5,-37.5)",0.0,0.0
E_stable_ground_0623_0336,0.00h,23.83h,stable_ground,low,"(162.5,162.5)",0.0,0.0
E_stable_ground_0624_0128,0.00h,23.83h,stable_ground,low,"(-37.5,-87.5)",0.0,0.0
E_slow_drift_temperature_0000_0059,0.00h,23.83h,slow_drift_temperature,low,"(237.5,-187.5)",0.0,0.0
E_slow_drift_temperature_0001_0160,0.00h,23.83h,slow_drift_temperature,low,"(-237.5,-37.5)",0.0,0.0
E_slow_drift_temperature_0002_0131,0.00h,23.83h,slow_drift_temperature,low,"(37.5,-87.5)",0.0,0.0
E_slow_drift_temperature_0003_0074,0.00h,23.83h,slow_drift_temperature,low,"(112.5,-162.5)",0.0,0.0
E_slow_drift_temperature_0004_0000,0.00h,23.83h,slow_drift_temperature,low,"(-237.5,-237.5)",0.0,0.0
E_slow_drift_temperature_0005_0235,0.00h,23.83h,slow_drift_temperature,low,"(137.5,37.5)",0.0,0.0
E_slow_drift_temperature_0006_0295,0.00h,23.83h,slow_drift_temperature,low,"(137.5,112.5)",0.0,0.0
E_slow_drift_temperature_0007_0377,0.00h,23.83h,slow_drift_temperature,low,"(187.5,212.5)",0.0,0.0
E_slow_drift_temperature_0008_0270,0.00h,23.83h,slow_drift_temperature,low,"(12.5,87.5)",0.0,0.0
E_slow_drift_temperature_0009_0344,0.00h,23.83h,slow_drift_temperature,low,"(-137.5,187.5)",0.0,0.0
E_slow_drift_temperature_0010_0387,0.00h,23.83h,slow_drift_temperature,low,"(-62.5,237.5)",0.0,0.0
E_slow_drift_temperature_0011_0060,0.00h,23.83h,slow_drift_temperature,low,"(-237.5,-162.5)",0.0,0.0
E_slow_drift_temperature_0012_0184,0.00h,23.83h,slow_drift_temperature,low,"(-137.5,-12.5)",0.0,0.0
E_slow_drift_temperature_0013_0083,0.00h,23.83h,slow_drift_temperature,low,"(-162.5,-137.5)",0.0,0.0
E_slow_drift_temperature_0014_0092,0.00h,23.83h,slow_drift_temperature,low,"(62.5,-137.5)",0.0,0.0
E_slow_drift_temperature_0015_0293,0.00h,23.83h,slow_drift_temperature,low,"(87.5,112.5)",0.0,0.0
E_slow_drift_temperature_0016_0232,0.00h,23.83h,slow_drift_temperature,low,"(62.5,37.5)",0.0,0.0
E_slow_drift_temperature_0017_0365,0.00h,23.83h,slow_drift_temperature,low,"(-112.5,212.5)",0.0,0.0
E_slow_drift_temperature_0018_0037,0.00h,23.83h,slow_drift_temperature,low,"(187.5,-212.5)",0.0,0.0
E_slow_drift_temperature_0019_0268,0.00h,23.83h,slow_drift_temperature,low,"(-37.5,87.5)",0.0,0.0
E_slow_drift_temperature_0020_0299,0.00h,23.83h,slow_drift_temperature,low,"(237.5,112.5)",0.0,0.0
E_slow_drift_temperature_0021_0250,0.00h,23.83h,slow_drift_temperature,low,"(12.5,62.5)",0.0,0.0
E_slow_drift_temperature_0022_0078,0.00h,23.83h,slow_drift_temperature,low,"(212.5,-162.5)",0.0,0.0
E_slow_drift_temperature_0023_0061,0.00h,23.83h,slow_drift_temperature,low,"(-212.5,-162.5)",0.0,0.0
E_slow_drift_temperature_0024_0303,0.00h,23.83h,slow_drift_temperature,low,"(-162.5,137.5)",0.0,0.0
E_slow_drift_temperature_0025_0057,0.00h,23.83h,slow_drift_temperature,low,"(187.5,-187.5)",0.0,0.0
E_slow_drift_temperature_0026_0390,0.00h,23.83h,slow_drift_temperature,low,"(12.5,237.5)",0.0,0.0
E_slow_drift_temperature_0027_0296,0.00h,23.83h,slow_drift_temperature,low,"(162.5,112.5)",0.0,0.0
E_slow_drift_temperature_0028_0186,0.00h,23.83h,slow_drift_temperature,low,"(-87.5,-12.5)",0.0,0.0
E_slow_drift_temperature_0029_0109,0.00h,23.83h,slow_drift_temperature,low,"(-12.5,-112.5)",0.0,0.0
E_slow_drift_temperature_0030_0371,0.00h,23.83h,slow_drift_temperature,low,"(37.5,212.5)",0.0,0.0
E_slow_drift_temperature_0031_0089,0.00h,23.83h,slow_drift_temperature,low,"(-12.5,-137.5)",0.0,0.0
E_slow_drift_temperature_0032_0100,0.00h,23.83h,slow_drift_temperature,low,"(-237.5,-112.5)",0.0,0.0
E_slow_drift_temperature_0033_0369,0.00h,23.83h,slow_drift_temperature,low,"(-12.5,212.5)",0.0,0.0
E_slow_drift_temperature_0034_0220,0.00h,23.83h,slow_drift_temperature,low,"(-237.5,37.5)",0.0,0.0
E_slow_drift_temperature_0035_0207,0.00h,23.83h,slow_drift_temperature,low,"(-62.5,12.5)",0.0,0.0
E_slow_drift_temperature_0036_0104,0.00h,23.83h,slow_drift_temperature,low,"(-137.5,-112.5)",0.0,0.0
E_slow_drift_temperature_0037_0071,0.00h,23.83h,slow_drift_temperature,low,"(37.5,-162.5)",0.0,0.0
E_slow_drift_temperature_0038_0294,0.00h,23.83h,slow_drift_temperature,low,"(112.5,112.5)",0.0,0.0
E_slow_drift_temperature_0039_0361,0.00h,23.83h,slow_drift_temperature,low,"(-212.5,212.5)",0.0,0.0
E_slow_drift_temperature_0040_0072,0.00h,23.83h,slow_drift_temperature,low,"(62.5,-162.5)",0.0,0.0
E_slow_drift_temperature_0041_0318,0.00h,23.83h,slow_drift_temperature,low,"(212.5,137.5)",0.0,0.0
E_slow_drift_temperature_0042_0209,0.00h,23.83h,slow_drift_temperature,low,"(-12.5,12.5)",0.0,0.0
E_slow_drift_temperature_0043_0110,0.00h,23.83h,slow_drift_temperature,low,"(12.5,-112.5)",0.0,0.0
E_slow_drift_temperature_0044_0346,0.00h,23.83h,slow_drift_temperature,low,"(-87.5,187.5)",0.0,0.0
E_slow_drift_temperature_0045_0086,0.00h,23.83h,slow_drift_temperature,low,"(-87.5,-137.5)",0.0,0.0
E_slow_drift_temperature_0046_0011,0.00h,23.83h,slow_drift_temperature,low,"(37.5,-237.5)",0.0,0.0
E_slow_drift_temperature_0047_0290,0.00h,23.83h,slow_drift_temperature,low,"(12.5,112.5)",0.0,0.0
E_slow_drift_temperature_0048_0119,0.00h,23.83h,slow_drift_temperature,low,"(237.5,-112.5)",0.0,0.0
E_slow_drift_temperature_0049_0306,0.00h,23.83h,slow_drift_temperature,low,"(-87.5,137.5)",0.0,0.0
E_slow_drift_temperature_0050_0373,0.00h,23.83h,slow_drift_temperature,low,"(87.5,212.5)",0.0,0.0
E_slow_drift_temperature_0051_0244,0.00h,23.83h,slow_drift_temperature,low,"(-137.5,62.5)",0.0,0.0
E_slow_drift_temperature_0052_0066,0.00h,23.83h,slow_drift_temperature,low,"(-87.5,-162.5)",0.0,0.0
E_slow_drift_temperature_0053_0243,0.00h,23.83h,slow_drift_temperature,low,"(-162.5,62.5)",0.0,0.0
E_slow_drift_temperature_0054_0002,0.00h,23.83h,slow_drift_temperature,low,"(-187.5,-237.5)",0.0,0.0
E_slow_drift_temperature_0055_0137,0.00h,23.83h,slow_drift_temperature,low,"(187.5,-87.5)",0.0,0.0
E_slow_drift_temperature_0056_0089,0.00h,23.83h,slow_drift_temperature,low,"(-12.5,-137.5)",0.0,0.0
E_slow_drift_temperature_0057_0225,0.00h,23.83h,slow_drift_temperature,low,"(-112.5,37.5)",0.0,0.0
E_slow_drift_temperature_0058_0185,0.00h,23.83h,slow_drift_temperature,low,"(-112.5,-12.5)",0.0,0.0
E_slow_drift_temperature_0059_0007,0.00h,23.83h,slow_drift_temperature,low,"(-62.5,-237.5)",0.0,0.0
E_slow_drift_temperature_0060_0146,0.00h,23.83h,slow_drift_temperature,low,"(-87.5,-62.5)",0.0,0.0
E_slow_drift_temperature_0061_0159,0.00h,23.83h,slow_drift_temperature,low,"(237.5,-62.5)",0.0,0.0
E_slow_drift_temperature_0062_0044,0.00h,23.83h,slow_drift_temperature,low,"(-137.5,-187.5)",0.0,0.0
E_slow_drift_temperature_0063_0275,0.00h,23.83h,slow_drift_temperature,low,"(137.5,87.5)",0.0,0.0
E_slow_drift_temperature_0064_0017,0.00h,23.83h,slow_drift_temperature,low,"(187.5,-237.5)",0.0,0.0
E_slow_drift_temperature_0065_0159,0.00h,23.83h,slow_drift_temperature,low,"(237.5,-62.5)",0.0,0.0
E_slow_drift_temperature_0066_0088,0.00h,23.83h,slow_drift_temperature,low,"(-37.5,-137.5)",0.0,0.0
E_slow_drift_temperature_0067_0277,0.00h,23.83h,slow_drift_temperature,low,"(187.5,87.5)",0.0,0.0
E_slow_drift_temperature_0068_0074,0.00h,23.83h,slow_drift_temperature,low,"(112.5,-162.5)",0.0,0.0
E_slow_drift_temperature_0069_0025,0.00h,23.83h,slow_drift_temperature,low,"(-112.5,-212.5)",0.0,0.0
E_slow_drift_temperature_0070_0054,0.00h,23.83h,slow_drift_temperature,low,"(112.5,-187.5)",0.0,0.0
E_slow_drift_temperature_0071_0192,0.00h,23.83h,slow_drift_temperature,low,"(62.5,-12.5)",0.0,0.0
E_slow_drift_temperature_0072_0157,0.00h,23.83h,slow_drift_temperature,low,"(187.5,-62.5)",0.0,0.0
E_slow_drift_temperature_0073_0305,0.00h,23.83h,slow_drift_temperature,low,"(-112.5,137.5)",0.0,0.0
E_slow_drift_temperature_0074_0146,0.00h,23.83h,slow_drift_temperature,low,"(-87.5,-62.5)",0.0,0.0
E_slow_drift_temperature_0075_0309,0.00h,23.83h,slow_drift_temperature,low,"(-12.5,137.5)",0.0,0.0
E_slow_drift_temperature_0076_0213,0.00h,23.83h,slow_drift_temperature,low,"(87.5,12.5)",0.0,0.0
E_slow_drift_temperature_0077_0112,0.00h,23.83h,slow_drift_temperature,low,"(62.5,-112.5)",0.0,0.0
E_slow_drift_temperature_0078_0127,0.00h,23.83h,slow_drift_temperature,low,"(-62.5,-87.5)",0.0,0.0
E_slow_drift_temperature_0079_0201,0.00h,23.83h,slow_drift_temperature,low,"(-212.5,12.5)",0.0,0.0
E_slow_drift_temperature_0080_0110,0.00h,23.83h,slow_drift_temperature,low,"(12.5,-112.5)",0.0,0.0
E_slow_drift_temperature_0081_0243,0.00h,23.83h,slow_drift_temperature,low,"(-162.5,62.5)",0.0,0.0
E_slow_drift_temperature_0082_0015,0.00h,23.83h,slow_drift_temperature,low,"(137.5,-237.5)",0.0,0.0
E_slow_drift_temperature_0083_0236,0.00h,23.83h,slow_drift_temperature,low,"(162.5,37.5)",0.0,0.0
E_slow_drift_temperature_0084_0120,0.00h,23.83h,slow_drift_temperature,low,"(-237.5,-87.5)",0.0,0.0
E_slow_drift_temperature_0085_0384,0.00h,23.83h,slow_drift_temperature,low,"(-137.5,237.5)",0.0,0.0
E_slow_drift_temperature_0086_0028,0.00h,23.83h,slow_drift_temperature,low,"(-37.5,-212.5)",0.0,0.0
E_slow_drift_temperature_0087_0340,0.00h,23.83h,slow_drift_temperature,low,"(-237.5,187.5)",0.0,0.0
E_slow_drift_temperature_0088_0142,0.00h,23.83h,slow_drift_temperature,low,"(-187.5,-62.5)",0.0,0.0
E_slow_drift_temperature_0089_0058,0.00h,23.83h,slow_drift_temperature,low,"(212.5,-187.5)",0.0,0.0
E_slow_drift_temperature_0090_0053,0.00h,23.83h,slow_drift_temperature,low,"(87.5,-187.5)",0.0,0.0
E_slow_drift_temperature_0091_0038,0.00h,23.83h,slow_drift_temperature,low,"(212.5,-212.5)",0.0,0.0
E_slow_drift_temperature_0092_0126,0.00h,23.83h,slow_drift_temperature,low,"(-87.5,-87.5)",0.0,0.0
E_slow_drift_temperature_0093_0043,0.00h,23.83h,slow_drift_temperature,low,"(-162.5,-187.5)",0.0,0.0
E_slow_drift_temperature_0094_0266,0.00h,23.83h,slow_drift_temperature,low,"(-87.5,87.5)",0.0,0.0
E_slow_drift_temperature_0095_0363,0.00h,23.83h,slow_drift_temperature,low,"(-162.5,212.5)",0.0,0.0
E_slow_drift_temperature_0096_0264,0.00h,23.83h,slow_drift_temperature,low,"(-137.5,87.5)",0.0,0.0
E_slow_drift_temperature_0097_0341,0.00h,23.83h,slow_drift_temperature,low,"(-212.5,187.5)",0.0,0.0
E_slow_drift_temperature_0098_0243,0.00h,23.83h,slow_drift_temperature,low,"(-162.5,62.5)",0.0,0.0
E_slow_drift_temperature_0099_0253,0.00h,23.83h,slow_drift_temperature,low,"(87.5,62.5)",0.0,0.0
E_slow_drift_temperature_0100_0091,0.00h,23.83h,slow_drift_temperature,low,"(37.5,-137.5)",0.0,0.0
E_slow_drift_temperature_0101_0247,0.00h,23.83h,slow_drift_temperature,low,"(-62.5,62.5)",0.0,0.0
E_slow_drift_temperature_0102_0172,0.00h,23.83h,slow_drift_temperature,low,"(62.5,-37.5)",0.0,0.0
E_slow_drift_temperature_0103_0283,0.00h,23.83h,slow_drift_temperature,low,"(-162.5,112.5)",0.0,0.0
E_slow_drift_temperature_0104_0132,0.00h,23.83h,slow_drift_temperature,low,"(62.5,-87.5)",0.0,0.0
E_slow_drift_temperature_0105_0317,0.00h,23.83h,slow_drift_temperature,low,"(187.5,137.5)",0.0,0.0
E_slow_drift_temperature_0106_0150,0.00h,23.83h,slow_drift_temperature,low,"(12.5,-62.5)",0.0,0.0
E_slow_drift_temperature_0107_0278,0.00h,23.83h,slow_drift_temperature,low,"(212.5,87.5)",0.0,0.0
E_slow_drift_temperature_0108_0021,0.00h,23.83h,slow_drift_temperature,low,"(-212.5,-212.5)",0.0,0.0
E_slow_drift_temperature_0109_0200,0.00h,23.83h,slow_drift_temperature,low,"(-237.5,12.5)",0.0,0.0
E_slow_drift_temperature_0110_0044,0.00h,23.83h,slow_drift_temperature,low,"(-137.5,-187.5)",0.0,0.0
E_slow_drift_temperature_0111_0046,0.00h,23.83h,slow_drift_temperature,low,"(-87.5,-187.5)",0.0,0.0
E_slow_drift_temperature_0112_0395,0.00h,23.83h,slow_drift_temperature,low,"(137.5,237.5)",0.0,0.0
E_slow_drift_temperature_0113_0200,0.00h,23.83h,slow_drift_temperature,low,"(-237.5,12.5)",0.0,0.0
E_slow_drift_temperature_0114_0393,0.00h,23.83h,slow_drift_temperature,low,"(87.5,237.5)",0.0,0.0
E_slow_drift_temperature_0115_0180,0.00h,23.83h,slow_drift_temperature,low,"(-237.5,-12.5)",0.0,0.0
E_slow_drift_temperature_0116_0075,0.00h,23.83h,slow_drift_temperature,low,"(137.5,-162.5)",0.0,0.0
E_slow_drift_temperature_0117_0011,0.00h,23.83h,slow_drift_temperature,low,"(37.5,-237.5)",0.0,0.0
E_slow_drift_temperature_0118_0333,0.00h,23.83h,slow_drift_temperature,low,"(87.5,162.5)",0.0,0.0
E_slow_drift_temperature_0119_0240,0.00h,23.83h,slow_drift_temperature,low,"(-237.5,62.5)",0.0,0.0
E_slow_drift_temperature_0120_0208,0.00h,23.83h,slow_drift_temperature,low,"(-37.5,12.5)",0.0,0.0
E_slow_drift_temperature_0121_0207,0.00h,23.83h,slow_drift_temperature,low,"(-62.5,12.5)",0.0,0.0
E_slow_drift_temperature_0122_0056,0.00h,23.83h,slow_drift_temperature,low,"(162.5,-187.5)",0.0,0.0
E_slow_drift_temperature_0123_0007,0.00h,23.83h,slow_drift_temperature,low,"(-62.5,-237.5)",0.0,0.0
E_slow_drift_temperature_0124_0203,0.00h,23.83h,slow_drift_temperature,low,"(-162.5,12.5)",0.0,0.0
E_slow_drift_temperature_0125_0114,0.00h,23.83h,slow_drift_temperature,low,"(112.5,-112.5)",0.0,0.0
E_slow_drift_temperature_0126_0395,0.00h,23.83h,slow_drift_temperature,low,"(137.5,237.5)",0.0,0.0
E_slow_drift_temperature_0127_0388,0.00h,23.83h,slow_drift_temperature,low,"(-37.5,237.5)",0.0,0.0
E_slow_drift_temperature_0128_0084,0.00h,23.83h,slow_drift_temperature,low,"(-137.5,-137.5)",0.0,0.0
E_slow_drift_temperature_0129_0074,0.00h,23.83h,slow_drift_temperature,low,"(112.5,-162.5)",0.0,0.0
E_slow_drift_temperature_0130_0193,0.00h,23.83h,slow_drift_temperature,low,"(87.5,-12.5)",0.0,0.0
E_slow_drift_temperature_0131_0075,0.00h,23.83h,slow_drift_temperature,low,"(137.5,-162.5)",0.0,0.0
E_slow_drift_temperature_0132_0049,0.00h,23.83h,slow_drift_temperature,low,"(-12.5,-187.5)",0.0,0.0
E_slow_drift_temperature_0133_0154,0.00h,23.83h,slow_drift_temperature,low,"(112.5,-62.5)",0.0,0.0
E_slow_drift_temperature_0134_0275,0.00h,23.83h,slow_drift_temperature,low,"(137.5,87.5)",0.0,0.0
E_slow_drift_temperature_0135_0037,0.00h,23.83h,slow_drift_temperature,low,"(187.5,-212.5)",0.0,0.0
E_slow_drift_temperature_0136_0247,0.00h,23.83h,slow_drift_temperature,low,"(-62.5,62.5)",0.0,0.0
E_slow_drift_temperature_0137_0015,0.00h,23.83h,slow_drift_temperature,low,"(137.5,-237.5)",0.0,0.0
E_slow_drift_temperature_0138_0303,0.00h,23.83h,slow_drift_temperature,low,"(-162.5,137.5)",0.0,0.0
E_slow_drift_temperature_0139_0310,0.00h,23.83h,slow_drift_temperature,low,"(12.5,137.5)",0.0,0.0
E_slow_drift_temperature_0140_0349,0.00h,23.83h,slow_drift_temperature,low,"(-12.5,187.5)",0.0,0.0
E_slow_drift_temperature_0141_0340,0.00h,23.83h,slow_drift_temperature,low,"(-237.5,187.5)",0.0,0.0
E_slow_drift_temperature_0142_0048,0.00h,23.83h,slow_drift_temperature,low,"(-37.5,-187.5)",0.0,0.0
E_slow_drift_temperature_0143_0302,0.00h,23.83h,slow_drift_temperature,low,"(-187.5,137.5)",0.0,0.0
E_slow_drift_temperature_0144_0263,0.00h,23.83h,slow_drift_temperature,low,"(-162.5,87.5)",0.0,0.0
E_slow_drift_temperature_0145_0275,0.00h,23.83h,slow_drift_temperature,low,"(137.5,87.5)",0.0,0.0
E_slow_drift_temperature_0146_0105,0.00h,23.83h,slow_drift_temperature,low,"(-112.5,-112.5)",0.0,0.0
E_slow_drift_temperature_0147_0350,0.00h,23.83h,slow_drift_temperature,low,"(12.5,187.5)",0.0,0.0
E_slow_drift_temperature_0148_0043,0.00h,23.83h,slow_drift_temperature,low,"(-162.5,-187.5)",0.0,0.0
E_slow_drift_temperature_0149_0119,0.00h,23.83h,slow_drift_temperature,low,"(237.5,-112.5)",0.0,0.0
E_slow_drift_temperature_0150_0287,0.00h,23.83h,slow_drift_temperature,low,"(-62.5,112.5)",0.0,0.0
E_slow_drift_temperature_0151_0204,0.00h,23.83h,slow_drift_temperature,low,"(-137.5,12.5)",0.0,0.0
E_slow_drift_temperature_0152_0285,0.00h,23.83h,slow_drift_temperature,low,"(-112.5,112.5)",0.0,0.0
E_slow_drift_temperature_0153_0153,0.00h,23.83h,slow_drift_temperature,low,"(87.5,-62.5)",0.0,0.0
E_slow_drift_temperature_0154_0205,0.00h,23.83h,slow_drift_temperature,low,"(-112.5,12.5)",0.0,0.0
E_slow_drift_temperature_0155_0300,0.00h,23.83h,slow_drift_temperature,low,"(-237.5,137.5)",0.0,0.0
E_slow_drift_temperature_0156_0335,0.00h,23.83h,slow_drift_temperature,low,"(137.5,162.5)",0.0,0.0
E_slow_drift_temperature_0157_0077,0.00h,23.83h,slow_drift_temperature,low,"(187.5,-162.5)",0.0,0.0
E_slow_drift_temperature_0158_0142,0.00h,23.83h,slow_drift_temperature,low,"(-187.5,-62.5)",0.0,0.0
E_slow_drift_temperature_0159_0007,0.00h,23.83h,slow_drift_temperature,low,"(-62.5,-237.5)",0.0,0.0
E_slow_drift_temperature_0160_0384,0.00h,23.83h,slow_drift_temperature,low,"(-137.5,237.5)",0.0,0.0
E_slow_drift_temperature_0161_0340,0.00h,23.83h,slow_drift_temperature,low,"(-237.5,187.5)",0.0,0.0
E_slow_drift_temperature_0162_0333,0.00h,23.83h,slow_drift_temperature,low,"(87.5,162.5)",0.0,0.0
E_slow_drift_temperature_0163_0120,0.00h,23.83h,slow_drift_temperature,low,"(-237.5,-87.5)",0.0,0.0
E_slow_drift_temperature_0164_0089,0.00h,23.83h,slow_drift_temperature,low,"(-12.5,-137.5)",0.0,0.0
E_slow_drift_temperature_0165_0081,0.00h,23.83h,slow_drift_temperature,low,"(-212.5,-137.5)",0.0,0.0
E_slow_drift_temperature_0166_0364,0.00h,23.83h,slow_drift_temperature,low,"(-137.5,212.5)",0.0,0.0
E_slow_drift_temperature_0167_0093,0.00h,23.83h,slow_drift_temperature,low,"(87.5,-137.5)",0.0,0.0
E_slow_drift_temperature_0168_0147,0.00h,23.83h,slow_drift_temperature,low,"(-62.5,-62.5)",0.0,0.0
E_slow_drift_temperature_0169_0167,0.00h,23.83h,slow_drift_temperature,low,"(-62.5,-37.5)",0.0,0.0
E_slow_drift_temperature_0170_0128,0.00h,23.83h,slow_drift_temperature,low,"(-37.5,-87.5)",0.0,0.0
E_slow_drift_temperature_0171_0288,0.00h,23.83h,slow_drift_temperature,low,"(-37.5,112.5)",0.0,0.0
E_slow_drift_temperature_0172_0003,0.00h,23.83h,slow_drift_temperature,low,"(-162.5,-237.5)",0.0,0.0
E_slow_drift_temperature_0173_0107,0.00h,23.83h,slow_drift_temperature,low,"(-62.5,-112.5)",0.0,0.0
E_slow_drift_temperature_0174_0144,0.00h,23.83h,slow_drift_temperature,low,"(-137.5,-62.5)",0.0,0.0
E_slow_drift_temperature_0175_0144,0.00h,23.83h,slow_drift_temperature,low,"(-137.5,-62.5)",0.0,0.0
E_slow_drift_temperature_0176_0074,0.00h,23.83h,slow_drift_temperature,low,"(112.5,-162.5)",0.0,0.0
E_slow_drift_temperature_0177_0301,0.00h,23.83h,slow_drift_temperature,low,"(-212.5,137.5)",0.0,0.0
E_slow_drift_temperature_0178_0106,0.00h,23.83h,slow_drift_temperature,low,"(-87.5,-112.5)",0.0,0.0
E_slow_drift_temperature_0179_0067,0.00h,23.83h,slow_drift_temperature,low,"(-62.5,-162.5)",0.0,0.0
E_slow_drift_temperature_0180_0184,0.00h,23.83h,slow_drift_temperature,low,"(-137.5,-12.5)",0.0,0.0
E_slow_drift_temperature_0181_0041,0.00h,23.83h,slow_drift_temperature,low,"(-212.5,-187.5)",0.0,0.0
E_slow_drift_temperature_0182_0040,0.00h,23.83h,slow_drift_temperature,low,"(-237.5,-187.5)",0.0,0.0
E_slow_drift_temperature_0183_0022,0.00h,23.83h,slow_drift_temperature,low,"(-187.5,-212.5)",0.0,0.0
E_slow_drift_temperature_0184_0124,0.00h,23.83h,slow_drift_temperature,low,"(-137.5,-87.5)",0.0,0.0
E_slow_drift_temperature_0185_0230,0.00h,23.83h,slow_drift_temperature,low,"(12.5,37.5)",0.0,0.0
E_slow_drift_temperature_0186_0023,0.00h,23.83h,slow_drift_temperature,low,"(-162.5,-212.5)",0.0,0.0
E_slow_drift_temperature_0187_0373,0.00h,23.83h,slow_drift_temperature,low,"(87.5,212.5)",0.0,0.0
E_slow_drift_temperature_0188_0324,0.00h,23.83h,slow_drift_temperature,low,"(-137.5,162.5)",0.0,0.0
E_slow_drift_temperature_0189_0341,0.00h,23.83h,slow_drift_temperature,low,"(-212.5,187.5)",0.0,0.0
E_slow_drift_temperature_0190_0028,0.00h,23.83h,slow_drift_temperature,low,"(-37.5,-212.5)",0.0,0.0
E_slow_drift_temperature_0191_0230,0.00h,23.83h,slow_drift_temperature,low,"(12.5,37.5)",0.0,0.0
E_slow_drift_temperature_0192_0243,0.00h,23.83h,slow_drift_temperature,low,"(-162.5,62.5)",0.0,0.0
E_slow_drift_temperature_0193_0011,0.00h,23.83h,slow_drift_temperature,low,"(37.5,-237.5)",0.0,0.0
E_slow_drift_temperature_0194_0190,0.00h,23.83h,slow_drift_temperature,low,"(12.5,-12.5)",0.0,0.0
E_slow_drift_temperature_0195_0243,0.00h,23.83h,slow_drift_temperature,low,"(-162.5,62.5)",0.0,0.0
E_slow_drift_temperature_0196_0367,0.00h,23.83h,slow_drift_temperature,low,"(-62.5,212.5)",0.0,0.0
E_slow_drift_temperature_0197_0224,0.00h,23.83h,slow_drift_temperature,low,"(-137.5,37.5)",0.0,0.0
E_slow_drift_temperature_0198_0107,0.00h,23.83h,slow_drift_temperature,low,"(-62.5,-112.5)",0.0,0.0
E_slow_drift_temperature_0199_0035,0.00h,23.83h,slow_drift_temperature,low,"(137.5,-212.5)",0.0,0.0
E_slow_drift_temperature_0200_0250,0.00h,23.83h,slow_drift_temperature,low,"(12.5,62.5)",0.0,0.0
E_slow_drift_temperature_0201_0128,0.00h,23.83h,slow_drift_temperature,low,"(-37.5,-87.5)",0.0,0.0
E_slow_drift_temperature_0202_0238,0.00h,23.83h,slow_drift_temperature,low,"(212.5,37.5)",0.0,0.0
E_slow_drift_temperature_0203_0344,0.00h,23.83h,slow_drift_temperature,low,"(-137.5,187.5)",0.0,0.0
E_slow_drift_temperature_0204_0239,0.00h,23.83h,slow_drift_temperature,low,"(237.5,37.5)",0.0,0.0
E_slow_drift_temperature_0205_0096,0.00h,23.83h,slow_drift_temperature,low,"(162.5,-137.5)",0.0,0.0
E_slow_drift_temperature_0206_0009,0.00h,23.83h,slow_drift_temperature,low,"(-12.5,-237.5)",0.0,0.0
E_slow_drift_temperature_0207_0063,0.00h,23.83h,slow_drift_temperature,low,"(-162.5,-162.5)",0.0,0.0
E_slow_drift_temperature_0208_0243,0.00h,23.83h,slow_drift_temperature,low,"(-162.5,62.5)",0.0,0.0
E_slow_drift_temperature_0209_0149,0.00h,23.83h,slow_drift_temperature,low,"(-12.5,-62.5)",0.0,0.0
E_slow_drift_temperature_0210_0146,0.00h,23.83h,slow_drift_temperature,low,"(-87.5,-62.5)",0.0,0.0
E_slow_drift_temperature_0211_0130,0.00h,23.83h,slow_drift_temperature,low,"(12.5,-87.5)",0.0,0.0
E_slow_drift_temperature_0212_0106,0.00h,23.83h,slow_drift_temperature,low,"(-87.5,-112.5)",0.0,0.0
E_slow_drift_temperature_0213_0200,0.00h,23.83h,slow_drift_temperature,low,"(-237.5,12.5)",0.0,0.0
E_slow_drift_temperature_0214_0107,0.00h,23.83h,slow_drift_temperature,low,"(-62.5,-112.5)",0.0,0.0
E_slow_drift_temperature_0215_0361,0.00h,23.83h,slow_drift_temperature,low,"(-212.5,212.5)",0.0,0.0
E_slow_drift_temperature_0216_0098,0.00h,23.83h,slow_drift_temperature,low,"(212.5,-137.5)",0.0,0.0
E_slow_drift_temperature_0217_0110,0.00h,23.83h,slow_drift_temperature,low,"(12.5,-112.5)",0.0,0.0
E_slow_drift_temperature_0218_0200,0.00h,23.83h,slow_drift_temperature,low,"(-237.5,12.5)",0.0,0.0
E_slow_drift_temperature_0219_0305,0.00h,23.83h,slow_drift_temperature,low,"(-112.5,137.5)",0.0,0.0
E_slow_drift_temperature_0220_0308,0.00h,23.83h,slow_drift_temperature,low,"(-37.5,137.5)",0.0,0.0
E_slow_drift_temperature_0221_0365,0.00h,23.83h,slow_drift_temperature,low,"(-112.5,212.5)",0.0,0.0
E_slow_drift_temperature_0222_0304,0.00h,23.83h,slow_drift_temperature,low,"(-137.5,137.5)",0.0,0.0
E_slow_drift_temperature_0223_0240,0.00h,23.83h,slow_drift_temperature,low,"(-237.5,62.5)",0.0,0.0
E_slow_drift_temperature_0224_0309,0.00h,23.83h,slow_drift_temperature,low,"(-12.5,137.5)",0.0,0.0
E_slow_drift_temperature_0225_0089,0.00h,23.83h,slow_drift_temperature,low,"(-12.5,-137.5)",0.0,0.0
E_slow_drift_temperature_0226_0194,0.00h,23.83h,slow_drift_temperature,low,"(112.5,-12.5)",0.0,0.0
E_slow_drift_temperature_0227_0176,0.00h,23.83h,slow_drift_temperature,low,"(162.5,-37.5)",0.0,0.0
E_slow_drift_temperature_0228_0149,0.00h,23.83h,slow_drift_temperature,low,"(-12.5,-62.5)",0.0,0.0
E_slow_drift_temperature_0229_0265,0.00h,23.83h,slow_drift_temperature,low,"(-112.5,87.5)",0.0,0.0
E_slow_drift_temperature_0230_0076,0.00h,23.83h,slow_drift_temperature,low,"(162.5,-162.5)",0.0,0.0
E_slow_drift_temperature_0231_0006,0.00h,23.83h,slow_drift_temperature,low,"(-87.5,-237.5)",0.0,0.0
E_slow_drift_temperature_0232_0095,0.00h,23.83h,slow_drift_temperature,low,"(137.5,-137.5)",0.0,0.0
E_slow_drift_temperature_0233_0165,0.00h,23.83h,slow_drift_temperature,low,"(-112.5,-37.5)",0.0,0.0
E_slow_drift_temperature_0234_0128,0.00h,23.83h,slow_drift_temperature,low,"(-37.5,-87.5)",0.0,0.0
E_slow_drift_temperature_0235_0080,0.00h,23.83h,slow_drift_temperature,low,"(-237.5,-137.5)",0.0,0.0
E_slow_drift_temperature_0236_0326,0.00h,23.83h,slow_drift_temperature,low,"(-87.5,162.5)",0.0,0.0
E_slow_drift_temperature_0237_0056,0.00h,23.83h,slow_drift_temperature,low,"(162.5,-187.5)",0.0,0.0
E_slow_drift_temperature_0238_0131,0.00h,23.83h,slow_drift_temperature,low,"(37.5,-87.5)",0.0,0.0
E_slow_drift_temperature_0239_0378,0.00h,23.83h,slow_drift_temperature,low,"(212.5,212.5)",0.0,0.0
E_slow_drift_temperature_0240_0303,0.00h,23.83h,slow_drift_temperature,low,"(-162.5,137.5)",0.0,0.0
E_slow_drift_temperature_0241_0142,0.00h,23.83h,slow_drift_temperature,low,"(-187.5,-62.5)",0.0,0.0
E_slow_drift_temperature_0242_0059,0.00h,23.83h,slow_drift_temperature,low,"(237.5,-187.5)",0.0,0.0
E_slow_drift_temperature_0243_0016,0.00h,23.83h,slow_drift_temperature,low,"(162.5,-237.5)",0.0,0.0
E_slow_drift_temperature_0244_0361,0.00h,23.83h,slow_drift_temperature,low,"(-212.5,212.5)",0.0,0.0
E_slow_drift_temperature_0245_0072,0.00h,23.83h,slow_drift_temperature,low,"(62.5,-162.5)",0.0,0.0
E_slow_drift_temperature_0246_0134,0.00h,23.83h,slow_drift_temperature,low,"(112.5,-87.5)",0.0,0.0
E_slow_drift_temperature_0247_0328,0.00h,23.83h,slow_drift_temperature,low,"(-37.5,162.5)",0.0,0.0
E_slow_drift_temperature_0248_0082,0.00h,23.83h,slow_drift_temperature,low,"(-187.5,-137.5)",0.0,0.0
E_slow_drift_temperature_0249_0364,0.00h,23.83h,slow_drift_temperature,low,"(-137.5,212.5)",0.0,0.0
E_slow_drift_temperature_0250_0185,0.00h,23.83h,slow_drift_temperature,low,"(-112.5,-12.5)",0.0,0.0
E_slow_drift_temperature_0251_0048,0.00h,23.83h,slow_drift_temperature,low,"(-37.5,-187.5)",0.0,0.0
E_slow_drift_temperature_0252_0368,0.00h,23.83h,slow_drift_temperature,low,"(-37.5,212.5)",0.0,0.0
E_slow_drift_temperature_0253_0194,0.00h,23.83h,slow_drift_temperature,low,"(112.5,-12.5)",0.0,0.0
E_slow_drift_temperature_0254_0050,0.00h,23.83h,slow_drift_temperature,low,"(12.5,-187.5)",0.0,0.0
E_slow_drift_temperature_0255_0011,0.00h,23.83h,slow_drift_temperature,low,"(37.5,-237.5)",0.0,0.0
E_slow_drift_temperature_0256_0192,0.00h,23.83h,slow_drift_temperature,low,"(62.5,-12.5)",0.0,0.0
E_slow_drift_temperature_0257_0196,0.00h,23.83h,slow_drift_temperature,low,"(162.5,-12.5)",0.0,0.0
E_slow_drift_temperature_0258_0342,0.00h,23.83h,slow_drift_temperature,low,"(-187.5,187.5)",0.0,0.0
E_slow_drift_temperature_0259_0017,0.00h,23.83h,slow_drift_temperature,low,"(187.5,-237.5)",0.0,0.0
E_slow_drift_temperature_0260_0052,0.00h,23.83h,slow_drift_temperature,low,"(62.5,-187.5)",0.0,0.0
E_slow_drift_temperature_0261_0169,0.00h,23.83h,slow_drift_temperature,low,"(-12.5,-37.5)",0.0,0.0
E_slow_drift_temperature_0262_0180,0.00h,23.83h,slow_drift_temperature,low,"(-237.5,-12.5)",0.0,0.0
E_slow_drift_temperature_0263_0380,0.00h,23.83h,slow_drift_temperature,low,"(-237.5,237.5)",0.0,0.0
E_slow_drift_temperature_0264_0193,0.00h,23.83h,slow_drift_temperature,low,"(87.5,-12.5)",0.0,0.0
E_slow_drift_temperature_0265_0333,0.00h,23.83h,slow_drift_temperature,low,"(87.5,162.5)",0.0,0.0
E_slow_drift_temperature_0266_0043,0.00h,23.83h,slow_drift_temperature,low,"(-162.5,-187.5)",0.0,0.0
E_slow_drift_temperature_0267_0376,0.00h,23.83h,slow_drift_temperature,low,"(162.5,212.5)",0.0,0.0
E_slow_drift_temperature_0268_0136,0.00h,23.83h,slow_drift_temperature,low,"(162.5,-87.5)",0.0,0.0
E_slow_drift_temperature_0269_0189,0.00h,23.83h,slow_drift_temperature,low,"(-12.5,-12.5)",0.0,0.0
E_slow_drift_temperature_0270_0393,0.00h,23.83h,slow_drift_temperature,low,"(87.5,237.5)",0.0,0.0
E_slow_drift_temperature_0271_0254,0.00h,23.83h,slow_drift_temperature,low,"(112.5,62.5)",0.0,0.0
E_slow_drift_temperature_0272_0112,0.00h,23.83h,slow_drift_temperature,low,"(62.5,-112.5)",0.0,0.0
E_slow_drift_temperature_0273_0014,0.00h,23.83h,slow_drift_temperature,low,"(112.5,-237.5)",0.0,0.0
E_slow_drift_temperature_0274_0067,0.00h,23.83h,slow_drift_temperature,low,"(-62.5,-162.5)",0.0,0.0
E_slow_drift_temperature_0275_0153,0.00h,23.83h,slow_drift_temperature,low,"(87.5,-62.5)",0.0,0.0
E_slow_drift_temperature_0276_0276,0.00h,23.83h,slow_drift_temperature,low,"(162.5,87.5)",0.0,0.0
E_slow_drift_temperature_0277_0368,0.00h,23.83h,slow_drift_temperature,low,"(-37.5,212.5)",0.0,0.0
E_slow_drift_temperature_0278_0347,0.00h,23.83h,slow_drift_temperature,low,"(-62.5,187.5)",0.0,0.0
E_slow_drift_temperature_0279_0202,0.00h,23.83h,slow_drift_temperature,low,"(-187.5,12.5)",0.0,0.0
E_slow_drift_temperature_0280_0000,0.00h,23.83h,slow_drift_temperature,low,"(-237.5,-237.5)",0.0,0.0
E_slow_drift_temperature_0281_0019,0.00h,23.83h,slow_drift_temperature,low,"(237.5,-237.5)",0.0,0.0
E_slow_drift_temperature_0282_0066,0.00h,23.83h,slow_drift_temperature,low,"(-87.5,-162.5)",0.0,0.0
E_slow_drift_temperature_0283_0128,0.00h,23.83h,slow_drift_temperature,low,"(-37.5,-87.5)",0.0,0.0
E_slow_drift_temperature_0284_0347,0.00h,23.83h,slow_drift_temperature,low,"(-62.5,187.5)",0.0,0.0
E_slow_drift_temperature_0285_0031,0.00h,23.83h,slow_drift_temperature,low,"(37.5,-212.5)",0.0,0.0
E_slow_drift_temperature_0286_0142,0.00h,23.83h,slow_drift_temperature,low,"(-187.5,-62.5)",0.0,0.0
E_slow_drift_temperature_0287_0145,0.00h,23.83h,slow_drift_temperature,low,"(-112.5,-62.5)",0.0,0.0
E_slow_drift_temperature_0288_0239,0.00h,23.83h,slow_drift_temperature,low,"(237.5,37.5)",0.0,0.0
E_slow_drift_temperature_0289_0178,0.00h,23.83h,slow_drift_temperature,low,"(212.5,-37.5)",0.0,0.0
E_slow_drift_temperature_0290_0136,0.00h,23.83h,slow_drift_temperature,low,"(162.5,-87.5)",0.0,0.0
E_slow_drift_temperature_0291_0155,0.00h,23.83h,slow_drift_temperature,low,"(137.5,-62.5)",0.0,0.0
E_slow_drift_temperature_0292_0086,0.00h,23.83h,slow_drift_temperature,low,"(-87.5,-137.5)",0.0,0.0
E_slow_drift_temperature_0293_0044,0.00h,23.83h,slow_drift_temperature,low,"(-137.5,-187.5)",0.0,0.0
E_slow_drift_temperature_0294_0306,0.00h,23.83h,slow_drift_temperature,low,"(-87.5,137.5)",0.0,0.0
E_slow_drift_temperature_0295_0348,0.00h,23.83h,slow_drift_temperature,low,"(-37.5,187.5)",0.0,0.0
E_slow_drift_temperature_0296_0059,0.00h,23.83h,slow_drift_temperature,low,"(237.5,-187.5)",0.0,0.0
E_slow_drift_temperature_0297_0337,0.00h,23.83h,slow_drift_temperature,low,"(187.5,162.5)",0.0,0.0
E_slow_drift_temperature_0298_0063,0.00h,23.83h,slow_drift_temperature,low,"(-162.5,-162.5)",0.0,0.0
E_slow_drift_temperature_0299_0105,0.00h,23.83h,slow_drift_temperature,low,"(-112.5,-112.5)",0.0,0.0
E_slow_drift_temperature_0300_0380,0.00h,23.83h,slow_drift_temperature,low,"(-237.5,237.5)",0.0,0.0
E_slow_drift_temperature_0301_0275,0.00h,23.83h,slow_drift_temperature,low,"(137.5,87.5)",0.0,0.0
E_slow_drift_temperature_0302_0367,0.00h,23.83h,slow_drift_temperature,low,"(-62.5,212.5)",0.0,0.0
E_slow_drift_temperature_0303_0067,0.00h,23.83h,slow_drift_temperature,low,"(-62.5,-162.5)",0.0,0.0
E_slow_drift_temperature_0304_0365,0.00h,23.83h,slow_drift_temperature,low,"(-112.5,212.5)",0.0,0.0
E_slow_drift_temperature_0305_0260,0.00h,23.83h,slow_drift_temperature,low,"(-237.5,87.5)",0.0,0.0
E_slow_drift_temperature_0306_0048,0.00h,23.83h,slow_drift_temperature,low,"(-37.5,-187.5)",0.0,0.0
E_slow_drift_temperature_0307_0254,0.00h,23.83h,slow_drift_temperature,low,"(112.5,62.5)",0.0,0.0
E_slow_drift_temperature_0308_0124,0.00h,23.83h,slow_drift_temperature,low,"(-137.5,-87.5)",0.0,0.0
E_slow_drift_temperature_0309_0125,0.00h,23.83h,slow_drift_temperature,low,"(-112.5,-87.5)",0.0,0.0
E_slow_drift_temperature_0310_0093,0.00h,23.83h,slow_drift_temperature,low,"(87.5,-137.5)",0.0,0.0
E_slow_drift_temperature_0311_0286,0.00h,23.83h,slow_drift_temperature,low,"(-87.5,112.5)",0.0,0.0
E_slow_drift_temperature_0312_0071,0.00h,23.83h,slow_drift_temperature,low,"(37.5,-162.5)",0.0,0.0
E_slow_drift_temperature_0313_0144,0.00h,23.83h,slow_drift_temperature,low,"(-137.5,-62.5)",0.0,0.0
E_slow_drift_temperature_0314_0095,0.00h,23.83h,slow_drift_temperature,low,"(137.5,-137.5)",0.0,0.0
E_slow_drift_temperature_0315_0028,0.00h,23.83h,slow_drift_temperature,low,"(-37.5,-212.5)",0.0,0.0
E_slow_drift_temperature_0316_0012,0.00h,23.83h,slow_drift_temperature,low,"(62.5,-237.5)",0.0,0.0
E_slow_drift_temperature_0317_0287,0.00h,23.83h,slow_drift_temperature,low,"(-62.5,112.5)",0.0,0.0
E_slow_drift_temperature_0318_0133,0.00h,23.83h,slow_drift_temperature,low,"(87.5,-87.5)",0.0,0.0
E_slow_drift_temperature_0319_0005,0.00h,23.83h,slow_drift_temperature,low,"(-112.5,-237.5)",0.0,0.0
E_slow_drift_temperature_0320_0026,0.00h,23.83h,slow_drift_temperature,low,"(-87.5,-212.5)",0.0,0.0
E_slow_drift_temperature_0321_0244,0.00h,23.83h,slow_drift_temperature,low,"(-137.5,62.5)",0.0,0.0
E_slow_drift_temperature_0322_0249,0.00h,23.83h,slow_drift_temperature,low,"(-12.5,62.5)",0.0,0.0
E_slow_drift_temperature_0323_0110,0.00h,23.83h,slow_drift_temperature,low,"(12.5,-112.5)",0.0,0.0
E_slow_drift_temperature_0324_0032,0.00h,23.83h,slow_drift_temperature,low,"(62.5,-212.5)",0.0,0.0
E_slow_drift_temperature_0325_0156,0.00h,23.83h,slow_drift_temperature,low,"(162.5,-62.5)",0.0,0.0
E_slow_drift_temperature_0326_0224,0.00h,23.83h,slow_drift_temperature,low,"(-137.5,37.5)",0.0,0.0
E_slow_drift_temperature_0327_0380,0.00h,23.83h,slow_drift_temperature,low,"(-237.5,237.5)",0.0,0.0
E_slow_drift_temperature_0328_0003,0.00h,23.83h,slow_drift_temperature,low,"(-162.5,-237.5)",0.0,0.0
E_slow_drift_temperature_0329_0122,0.00h,23.83h,slow_drift_temperature,low,"(-187.5,-87.5)",0.0,0.0
E_slow_drift_temperature_0330_0135,0.00h,23.83h,slow_drift_temperature,low,"(137.5,-87.5)",0.0,0.0
E_slow_drift_temperature_0331_0140,0.00h,23.83h,slow_drift_temperature,low,"(-237.5,-62.5)",0.0,0.0
E_slow_drift_temperature_0332_0314,0.00h,23.83h,slow_drift_temperature,low,"(112.5,137.5)",0.0,0.0
E_slow_drift_temperature_0333_0180,0.00h,23.83h,slow_drift_temperature,low,"(-237.5,-12.5)",0.0,0.0
E_slow_drift_temperature_0334_0378,0.00h,23.83h,slow_drift_temperature,low,"(212.5,212.5)",0.0,0.0
E_slow_drift_temperature_0335_0186,0.00h,23.83h,slow_drift_temperature,low,"(-87.5,-12.5)",0.0,0.0
E_slow_drift_temperature_0336_0172,0.00h,23.83h,slow_drift_temperature,low,"(62.5,-37.5)",0.0,0.0
E_slow_drift_temperature_0337_0256,0.00h,23.83h,slow_drift_temperature,low,"(162.5,62.5)",0.0,0.0
E_slow_drift_temperature_0338_0013,0.00h,23.83h,slow_drift_temperature,low,"(87.5,-237.5)",0.0,0.0
E_slow_drift_temperature_0339_0030,0.00h,23.83h,slow_drift_temperature,low,"(12.5,-212.5)",0.0,0.0
E_slow_drift_temperature_0340_0295,0.00h,23.83h,slow_drift_temperature,low,"(137.5,112.5)",0.0,0.0
E_slow_drift_temperature_0341_0362,0.00h,23.83h,slow_drift_temperature,low,"(-187.5,212.5)",0.0,0.0
E_slow_drift_temperature_0342_0064,0.00h,23.83h,slow_drift_temperature,low,"(-137.5,-162.5)",0.0,0.0
E_slow_drift_temperature_0343_0003,0.00h,23.83h,slow_drift_temperature,low,"(-162.5,-237.5)",0.0,0.0
E_slow_drift_temperature_0344_0060,0.00h,23.83h,slow_drift_temperature,low,"(-237.5,-162.5)",0.0,0.0
E_slow_drift_temperature_0345_0114,0.00h,23.83h,slow_drift_temperature,low,"(112.5,-112.5)",0.0,0.0
E_slow_drift_temperature_0346_0024,0.00h,23.83h,slow_drift_temperature,low,"(-137.5,-212.5)",0.0,0.0
E_slow_drift_temperature_0347_0130,0.00h,23.83h,slow_drift_temperature,low,"(12.5,-87.5)",0.0,0.0
E_slow_drift_temperature_0348_0338,0.00h,23.83h,slow_drift_temperature,low,"(212.5,162.5)",0.0,0.0
E_slow_drift_temperature_0349_0368,0.00h,23.83h,slow_drift_temperature,low,"(-37.5,212.5)",0.0,0.0
E_slow_drift_temperature_0350_0290,0.00h,23.83h,slow_drift_temperature,low,"(12.5,112.5)",0.0,0.0
E_slow_drift_temperature_0351_0003,0.00h,23.83h,slow_drift_temperature,low,"(-162.5,-237.5)",0.0,0.0
E_slow_drift_temperature_0352_0333,0.00h,23.83h,slow_drift_temperature,low,"(87.5,162.5)",0.0,0.0
E_slow_drift_temperature_0353_0165,0.00h,23.83h,slow_drift_temperature,low,"(-112.5,-37.5)",0.0,0.0
E_slow_drift_temperature_0354_0267,0.00h,23.83h,slow_drift_temperature,low,"(-62.5,87.5)",0.0,0.0
E_slow_drift_temperature_0355_0250,0.00h,23.83h,slow_drift_temperature,low,"(12.5,62.5)",0.0,0.0
E_slow_drift_temperature_0356_0283,0.00h,23.83h,slow_drift_temperature,low,"(-162.5,112.5)",0.0,0.0
E_slow_drift_temperature_0357_0136,0.00h,23.83h,slow_drift_temperature,low,"(162.5,-87.5)",0.0,0.0
E_slow_drift_temperature_0358_0277,0.00h,23.83h,slow_drift_temperature,low,"(187.5,87.5)",0.0,0.0
E_slow_drift_temperature_0359_0113,0.00h,23.83h,slow_drift_temperature,low,"(87.5,-112.5)",0.0,0.0
E_slow_drift_temperature_0360_0385,0.00h,23.83h,slow_drift_temperature,low,"(-112.5,237.5)",0.0,0.0
E_slow_drift_temperature_0361_0015,0.00h,23.83h,slow_drift_temperature,low,"(137.5,-237.5)",0.0,0.0
E_slow_drift_temperature_0362_0148,0.00h,23.83h,slow_drift_temperature,low,"(-37.5,-62.5)",0.0,0.0
E_slow_drift_temperature_0363_0067,0.00h,23.83h,slow_drift_temperature,low,"(-62.5,-162.5)",0.0,0.0
E_slow_drift_temperature_0364_0012,0.00h,23.83h,slow_drift_temperature,low,"(62.5,-237.5)",0.0,0.0
E_slow_drift_temperature_0365_0099,0.00h,23.83h,slow_drift_temperature,low,"(237.5,-137.5)",0.0,0.0
E_slow_drift_temperature_0366_0025,0.00h,23.83h,slow_drift_temperature,low,"(-112.5,-212.5)",0.0,0.0
E_slow_drift_temperature_0367_0218,0.00h,23.83h,slow_drift_temperature,low,"(212.5,12.5)",0.0,0.0
E_slow_drift_temperature_0368_0029,0.00h,23.83h,slow_drift_temperature,low,"(-12.5,-212.5)",0.0,0.0
E_slow_drift_temperature_0369_0178,0.00h,23.83h,slow_drift_temperature,low,"(212.5,-37.5)",0.0,0.0
E_slow_drift_temperature_0370_0017,0.00h,23.83h,slow_drift_temperature,low,"(187.5,-237.5)",0.0,0.0
E_slow_drift_temperature_0371_0215,0.00h,23.83h,slow_drift_temperature,low,"(137.5,12.5)",0.0,0.0
E_slow_drift_temperature_0372_0287,0.00h,23.83h,slow_drift_temperature,low,"(-62.5,112.5)",0.0,0.0
E_slow_drift_temperature_0373_0191,0.00h,23.83h,slow_drift_temperature,low,"(37.5,-12.5)",0.0,0.0
E_slow_drift_temperature_0374_0079,0.00h,23.83h,slow_drift_temperature,low,"(237.5,-162.5)",0.0,0.0
E_slow_drift_temperature_0375_0080,0.00h,23.83h,slow_drift_temperature,low,"(-237.5,-137.5)",0.0,0.0
E_slow_drift_temperature_0376_0247,0.00h,23.83h,slow_drift_temperature,low,"(-62.5,62.5)",0.0,0.0
E_slow_drift_temperature_0377_0144,0.00h,23.83h,slow_drift_temperature,low,"(-137.5,-62.5)",0.0,0.0
E_slow_drift_temperature_0378_0247,0.00h,23.83h,slow_drift_temperature,low,"(-62.5,62.5)",0.0,0.0
E_slow_drift_temperature_0379_0188,0.00h,23.83h,slow_drift_temperature,low,"(-37.5,-12.5)",0.0,0.0
E_slow_drift_temperature_0380_0013,0.00h,23.83h,slow_drift_temperature,low,"(87.5,-237.5)",0.0,0.0
E_slow_drift_temperature_0381_0378,0.00h,23.83h,slow_drift_temperature,low,"(212.5,212.5)",0.0,0.0
E_slow_drift_temperature_0382_0347,0.00h,23.83h,slow_drift_temperature,low,"(-62.5,187.5)",0.0,0.0
E_slow_drift_temperature_0383_0060,0.00h,23.83h,slow_drift_temperature,low,"(-237.5,-162.5)",0.0,0.0
E_slow_drift_temperature_0384_0042,0.00h,23.83h,slow_drift_temperature,low,"(-187.5,-187.5)",0.0,0.0
E_slow_drift_temperature_0385_0036,0.00h,23.83h,slow_drift_temperature,low,"(162.5,-212.5)",0.0,0.0
E_slow_drift_temperature_0386_0032,0.00h,23.83h,slow_drift_temperature,low,"(62.5,-212.5)",0.0,0.0
E_slow_drift_temperature_0387_0126,0.00h,23.83h,slow_drift_temperature,low,"(-87.5,-87.5)",0.0,0.0
E_slow_drift_temperature_0388_0125,0.00h,23.83h,slow_drift_temperature,low,"(-112.5,-87.5)",0.0,0.0
E_slow_drift_temperature_0389_0217,0.00h,23.83h,slow_drift_temperature,low,"(187.5,12.5)",0.0,0.0
E_slow_drift_temperature_0390_0029,0.00h,23.83h,slow_drift_temperature,low,"(-12.5,-212.5)",0.0,0.0
E_slow_drift_temperature_0391_0003,0.00h,23.83h,slow_drift_temperature,low,"(-162.5,-237.5)",0.0,0.0
E_slow_drift_temperature_0392_0372,0.00h,23.83h,slow_drift_temperature,low,"(62.5,212.5)",0.0,0.0
E_slow_drift_temperature_0393_0050,0.00h,23.83h,slow_drift_temperature,low,"(12.5,-187.5)",0.0,0.0
E_slow_drift_temperature_0394_0386,0.00h,23.83h,slow_drift_temperature,low,"(-87.5,237.5)",0.0,0.0
E_slow_drift_temperature_0395_0012,0.00h,23.83h,slow_drift_temperature,low,"(62.5,-237.5)",0.0,0.0
E_slow_drift_temperature_0396_0229,0.00h,23.83h,slow_drift_temperature,low,"(-12.5,37.5)",0.0,0.0
E_slow_drift_temperature_0397_0219,0.00h,23.83h,slow_drift_temperature,low,"(237.5,12.5)",0.0,0.0
E_slow_drift_temperature_0398_0105,0.00h,23.83h,slow_drift_temperature,low,"(-112.5,-112.5)",0.0,0.0
E_slow_drift_temperature_0399_0299,0.00h,23.83h,slow_drift_temperature,low,"(237.5,112.5)",0.0,0.0
E_slow_drift_temperature_0400_0282,0.00h,23.83h,slow_drift_temperature,low,"(-187.5,112.5)",0.0,0.0
E_slow_drift_temperature_0401_0281,0.00h,23.83h,slow_drift_temperature,low,"(-212.5,112.5)",0.0,0.0
E_slow_drift_temperature_0402_0335,0.00h,23.83h,slow_drift_temperature,low,"(137.5,162.5)",0.0,0.0
E_slow_drift_temperature_0403_0031,0.00h,23.83h,slow_drift_temperature,low,"(37.5,-212.5)",0.0,0.0
E_slow_drift_temperature_0404_0138,0.00h,23.83h,slow_drift_temperature,low,"(212.5,-87.5)",0.0,0.0
E_slow_drift_temperature_0405_0094,0.00h,23.83h,slow_drift_temperature,low,"(112.5,-137.5)",0.0,0.0
E_slow_drift_temperature_0406_0312,0.00h,23.83h,slow_drift_temperature,low,"(62.5,137.5)",0.0,0.0
E_slow_drift_temperature_0407_0353,0.00h,23.83h,slow_drift_temperature,low,"(87.5,187.5)",0.0,0.0
E_slow_drift_temperature_0408_0346,0.00h,23.83h,slow_drift_temperature,low,"(-87.5,187.5)",0.0,0.0
E_slow_drift_temperature_0409_0150,0.00h,23.83h,slow_drift_temperature,low,"(12.5,-62.5)",0.0,0.0
E_slow_drift_temperature_0410_0045,0.00h,23.83h,slow_drift_temperature,low,"(-112.5,-187.5)",0.0,0.0
E_slow_drift_temperature_0411_0071,0.00h,23.83h,slow_drift_temperature,low,"(37.5,-162.5)",0.0,0.0
E_slow_drift_temperature_0412_0287,0.00h,23.83h,slow_drift_temperature,low,"(-62.5,112.5)",0.0,0.0
E_slow_drift_temperature_0413_0096,0.00h,23.83h,slow_drift_temperature,low,"(162.5,-137.5)",0.0,0.0
E_slow_drift_temperature_0414_0386,0.00h,23.83h,slow_drift_temperature,low,"(-87.5,237.5)",0.0,0.0
E_slow_drift_temperature_0415_0336,0.00h,23.83h,slow_drift_temperature,low,"(162.5,162.5)",0.0,0.0
E_slow_drift_temperature_0416_0281,0.00h,23.83h,slow_drift_temperature,low,"(-212.5,112.5)",0.0,0.0
E_slow_drift_temperature_0417_0176,0.00h,23.83h,slow_drift_temperature,low,"(162.5,-37.5)",0.0,0.0
E_slow_drift_temperature_0418_0023,0.00h,23.83h,slow_drift_temperature,low,"(-162.5,-212.5)",0.0,0.0
E_slow_drift_temperature_0419_0398,0.00h,23.83h,slow_drift_temperature,low,"(212.5,237.5)",0.0,0.0
E_slow_drift_temperature_0420_0375,0.00h,23.83h,slow_drift_temperature,low,"(137.5,212.5)",0.0,0.0
E_slow_drift_temperature_0421_0049,0.00h,23.83h,slow_drift_temperature,low,"(-12.5,-187.5)",0.0,0.0
E_slow_drift_temperature_0422_0003,0.00h,23.83h,slow_drift_temperature,low,"(-162.5,-237.5)",0.0,0.0
E_slow_drift_temperature_0423_0202,0.00h,23.83h,slow_drift_temperature,low,"(-187.5,12.5)",0.0,0.0
E_slow_drift_temperature_0424_0121,0.00h,23.83h,slow_drift_temperature,low,"(-212.5,-87.5)",0.0,0.0
E_slow_drift_temperature_0425_0203,0.00h,23.83h,slow_drift_temperature,low,"(-162.5,12.5)",0.0,0.0
E_slow_drift_temperature_0426_0346,0.00h,23.83h,slow_drift_temperature,low,"(-87.5,187.5)",0.0,0.0
E_slow_drift_temperature_0427_0226,0.00h,23.83h,slow_drift_temperature,low,"(-87.5,37.5)",0.0,0.0
E_slow_drift_temperature_0428_0372,0.00h,23.83h,slow_drift_temperature,low,"(62.5,212.5)",0.0,0.0
E_slow_drift_temperature_0429_0078,0.00h,23.83h,slow_drift_temperature,low,"(212.5,-162.5)",0.0,0.0
E_slow_drift_temperature_0430_0089,0.00h,23.83h,slow_drift_temperature,low,"(-12.5,-137.5)",0.0,0.0
E_slow_drift_temperature_0431_0273,0.00h,23.83h,slow_drift_temperature,low,"(87.5,87.5)",0.0,0.0
E_slow_drift_temperature_0432_0376,0.00h,23.83h,slow_drift_temperature,low,"(162.5,212.5)",0.0,0.0
E_slow_drift_temperature_0433_0168,0.00h,23.83h,slow_drift_temperature,low,"(-37.5,-37.5)",0.0,0.0
E_slow_drift_temperature_0434_0203,0.00h,23.83h,slow_drift_temperature,low,"(-162.5,12.5)",0.0,0.0
E_slow_drift_temperature_0435_0266,0.00h,23.83h,slow_drift_temperature,low,"(-87.5,87.5)",0.0,0.0
E_slow_drift_temperature_0436_0060,0.00h,23.83h,slow_drift_temperature,low,"(-237.5,-162.5)",0.0,0.0
E_slow_drift_temperature_0437_0205,0.00h,23.83h,slow_drift_temperature,low,"(-112.5,12.5)",0.0,0.0
E_slow_drift_temperature_0438_0083,0.00h,23.83h,slow_drift_temperature,low,"(-162.5,-137.5)",0.0,0.0
E_slow_drift_temperature_0439_0242,0.00h,23.83h,slow_drift_temperature,low,"(-187.5,62.5)",0.0,0.0
E_slow_drift_temperature_0440_0016,0.00h,23.83h,slow_drift_temperature,low,"(162.5,-237.5)",0.0,0.0
E_slow_drift_temperature_0441_0097,0.00h,23.83h,slow_drift_temperature,low,"(187.5,-137.5)",0.0,0.0
E_slow_drift_temperature_0442_0137,0.00h,23.83h,slow_drift_temperature,low,"(187.5,-87.5)",0.0,0.0
E_slow_drift_temperature_0443_0310,0.00h,23.83h,slow_drift_temperature,low,"(12.5,137.5)",0.0,0.0
E_slow_drift_temperature_0444_0218,0.00h,23.83h,slow_drift_temperature,low,"(212.5,12.5)",0.0,0.0
E_slow_drift_temperature_0445_0001,0.00h,23.83h,slow_drift_temperature,low,"(-212.5,-237.5)",0.0,0.0
E_slow_drift_temperature_0446_0148,0.00h,23.83h,slow_drift_temperature,low,"(-37.5,-62.5)",0.0,0.0
E_slow_drift_temperature_0447_0228,0.00h,23.83h,slow_drift_temperature,low,"(-37.5,37.5)",0.0,0.0
E_slow_drift_temperature_0448_0071,0.00h,23.83h,slow_drift_temperature,low,"(37.5,-162.5)",0.0,0.0
E_slow_drift_temperature_0449_0074,0.00h,23.83h,slow_drift_temperature,low,"(112.5,-162.5)",0.0,0.0
E_slow_drift_temperature_0450_0062,0.00h,23.83h,slow_drift_temperature,low,"(-187.5,-162.5)",0.0,0.0
E_slow_drift_temperature_0451_0255,0.00h,23.83h,slow_drift_temperature,low,"(137.5,62.5)",0.0,0.0
E_slow_drift_temperature_0452_0068,0.00h,23.83h,slow_drift_temperature,low,"(-37.5,-162.5)",0.0,0.0
E_slow_drift_temperature_0453_0055,0.00h,23.83h,slow_drift_temperature,low,"(137.5,-187.5)",0.0,0.0
E_slow_drift_temperature_0454_0396,0.00h,23.83h,slow_drift_temperature,low,"(162.5,237.5)",0.0,0.0
E_slow_drift_temperature_0455_0389,0.00h,23.83h,slow_drift_temperature,low,"(-12.5,237.5)",0.0,0.0
E_slow_drift_temperature_0456_0127,0.00h,23.83h,slow_drift_temperature,low,"(-62.5,-87.5)",0.0,0.0
E_slow_drift_temperature_0457_0281,0.00h,23.83h,slow_drift_temperature,low,"(-212.5,112.5)",0.0,0.0
E_slow_drift_temperature_0458_0126,0.00h,23.83h,slow_drift_temperature,low,"(-87.5,-87.5)",0.0,0.0
E_slow_drift_temperature_0459_0057,0.00h,23.83h,slow_drift_temperature,low,"(187.5,-187.5)",0.0,0.0
E_slow_drift_temperature_0460_0321,0.00h,23.83h,slow_drift_temperature,low,"(-212.5,162.5)",0.0,0.0
E_slow_drift_temperature_0461_0004,0.00h,23.83h,slow_drift_temperature,low,"(-137.5,-237.5)",0.0,0.0
E_slow_drift_temperature_0462_0277,0.00h,23.83h,slow_drift_temperature,low,"(187.5,87.5)",0.0,0.0
E_slow_drift_temperature_0463_0163,0.00h,23.83h,slow_drift_temperature,low,"(-162.5,-37.5)",0.0,0.0
E_slow_drift_temperature_0464_0122,0.00h,23.83h,slow_drift_temperature,low,"(-187.5,-87.5)",0.0,0.0
E_slow_drift_temperature_0465_0317,0.00h,23.83h,slow_drift_temperature,low,"(187.5,137.5)",0.0,0.0
E_slow_drift_temperature_0466_0283,0.00h,23.83h,slow_drift_temperature,low,"(-162.5,112.5)",0.0,0.0
E_slow_drift_temperature_0467_0011,0.00h,23.83h,slow_drift_temperature,low,"(37.5,-237.5)",0.0,0.0
E_slow_drift_temperature_0468_0165,0.00h,23.83h,slow_drift_temperature,low,"(-112.5,-37.5)",0.0,0.0
E_slow_drift_temperature_0469_0115,0.00h,23.83h,slow_drift_temperature,low,"(137.5,-112.5)",0.0,0.0
E_slow_drift_temperature_0470_0299,0.00h,23.83h,slow_drift_temperature,low,"(237.5,112.5)",0.0,0.0
E_slow_drift_temperature_0471_0080,0.00h,23.83h,slow_drift_temperature,low,"(-237.5,-137.5)",0.0,0.0
E_slow_drift_temperature_0472_0047,0.00h,23.83h,slow_drift_temperature,low,"(-62.5,-187.5)",0.0,0.0
E_slow_drift_temperature_0473_0381,0.00h,23.83h,slow_drift_temperature,low,"(-212.5,237.5)",0.0,0.0
E_slow_drift_temperature_0474_0221,0.00h,23.83h,slow_drift_temperature,low,"(-212.5,37.5)",0.0,0.0
E_slow_drift_temperature_0475_0226,0.00h,23.83h,slow_drift_temperature,low,"(-87.5,37.5)",0.0,0.0
E_slow_drift_temperature_0476_0382,0.00h,23.83h,slow_drift_temperature,low,"(-187.5,237.5)",0.0,0.0
E_slow_drift_temperature_0477_0157,0.00h,23.83h,slow_drift_temperature,low,"(187.5,-62.5)",0.0,0.0
E_slow_drift_temperature_0478_0196,0.00h,23.83h,slow_drift_temperature,low,"(162.5,-12.5)",0.0,0.0
E_slow_drift_temperature_0479_0330,0.00h,23.83h,slow_drift_temperature,low,"(12.5,162.5)",0.0,0.0
E_slow_drift_temperature_0480_0001,0.00h,23.83h,slow_drift_temperature,low,"(-212.5,-237.5)",0.0,0.0
E_slow_drift_temperature_0481_0259,0.00h,23.83h,slow_drift_temperature,low,"(237.5,62.5)",0.0,0.0
E_slow_drift_temperature_0482_0015,0.00h,23.83h,slow_drift_temperature,low,"(137.5,-237.5)",0.0,0.0
E_slow_drift_temperature_0483_0127,0.00h,23.83h,slow_drift_temperature,low,"(-62.5,-87.5)",0.0,0.0
E_slow_drift_temperature_0484_0178,0.00h,23.83h,slow_drift_temperature,low,"(212.5,-37.5)",0.0,0.0
E_slow_drift_temperature_0485_0254,0.00h,23.83h,slow_drift_temperature,low,"(112.5,62.5)",0.0,0.0
E_slow_drift_temperature_0486_0101,0.00h,23.83h,slow_drift_temperature,low,"(-212.5,-112.5)",0.0,0.0
E_slow_drift_temperature_0487_0221,0.00h,23.83h,slow_drift_temperature,low,"(-212.5,37.5)",0.0,0.0
E_slow_drift_temperature_0488_0271,0.00h,23.83h,slow_drift_temperature,low,"(37.5,87.5)",0.0,0.0
E_slow_drift_temperature_0489_0315,0.00h,23.83h,slow_drift_temperature,low,"(137.5,137.5)",0.0,0.0
E_slow_drift_temperature_0490_0226,0.00h,23.83h,slow_drift_temperature,low,"(-87.5,37.5)",0.0,0.0
E_slow_drift_temperature_0491_0138,0.00h,23.83h,slow_drift_temperature,low,"(212.5,-87.5)",0.0,0.0
E_slow_drift_temperature_0492_0340,0.00h,23.83h,slow_drift_temperature,low,"(-237.5,187.5)",0.0,0.0
E_slow_drift_temperature_0493_0146,0.00h,23.83h,slow_drift_temperature,low,"(-87.5,-62.5)",0.0,0.0
E_slow_drift_temperature_0494_0162,0.00h,23.83h,slow_drift_temperature,low,"(-187.5,-37.5)",0.0,0.0
E_slow_drift_temperature_0495_0212,0.00h,23.83h,slow_drift_temperature,low,"(62.5,12.5)",0.0,0.0
E_slow_drift_temperature_0496_0150,0.00h,23.83h,slow_drift_temperature,low,"(12.5,-62.5)",0.0,0.0
E_slow_drift_temperature_0497_0124,0.00h,23.83h,slow_drift_temperature,low,"(-137.5,-87.5)",0.0,0.0
E_slow_drift_temperature_0498_0386,0.00h,23.83h,slow_drift_temperature,low,"(-87.5,237.5)",0.0,0.0
E_slow_drift_temperature_0499_0250,0.00h,23.83h,slow_drift_temperature,low,"(12.5,62.5)",0.0,0.0
E_slow_drift_temperature_0500_0235,0.00h,23.83h,slow_drift_temperature,low,"(137.5,37.5)",0.0,0.0
E_slow_drift_temperature_0501_0205,0.00h,23.83h,slow_drift_temperature,low,"(-112.5,12.5)",0.0,0.0
E_slow_drift_temperature_0502_0300,0.00h,23.83h,slow_drift_temperature,low,"(-237.5,137.5)",0.0,0.0
E_slow_drift_temperature_0503_0323,0.00h,23.83h,slow_drift_temperature,low,"(-162.5,162.5)",0.0,0.0
E_slow_drift_temperature_0504_0323,0.00h,23.83h,slow_drift_temperature,low,"(-162.5,162.5)",0.0,0.0
E_slow_drift_temperature_0505_0256,0.00h,23.83h,slow_drift_temperature,low,"(162.5,62.5)",0.0,0.0
E_slow_drift_temperature_0506_0324,0.00h,23.83h,slow_drift_temperature,low,"(-137.5,162.5)",0.0,0.0
E_slow_drift_temperature_0507_0328,0.00h,23.83h,slow_drift_temperature,low,"(-37.5,162.5)",0.0,0.0
E_slow_drift_temperature_0508_0087,0.00h,23.83h,slow_drift_temperature,low,"(-62.5,-137.5)",0.0,0.0
E_slow_drift_temperature_0509_0142,0.00h,23.83h,slow_drift_temperature,low,"(-187.5,-62.5)",0.0,0.0
E_slow_drift_temperature_0510_0250,0.00h,23.83h,slow_drift_temperature,low,"(12.5,62.5)",0.0,0.0
E_slow_drift_temperature_0511_0017,0.00h,23.83h,slow_drift_temperature,low,"(187.5,-237.5)",0.0,0.0
E_slow_drift_temperature_0512_0377,0.00h,23.83h,slow_drift_temperature,low,"(187.5,212.5)",0.0,0.0
E_slow_drift_temperature_0513_0256,0.00h,23.83h,slow_drift_temperature,low,"(162.5,62.5)",0.0,0.0
E_slow_drift_temperature_0514_0160,0.00h,23.83h,slow_drift_temperature,low,"(-237.5,-37.5)",0.0,0.0
E_slow_drift_temperature_0515_0053,0.00h,23.83h,slow_drift_temperature,low,"(87.5,-187.5)",0.0,0.0
E_slow_drift_temperature_0516_0194,0.00h,23.83h,slow_drift_temperature,low,"(112.5,-12.5)",0.0,0.0
E_slow_drift_temperature_0517_0219,0.00h,23.83h,slow_drift_temperature,low,"(237.5,12.5)",0.0,0.0
E_slow_drift_temperature_0518_0003,0.00h,23.83h,slow_drift_temperature,low,"(-162.5,-237.5)",0.0,0.0
E_slow_drift_temperature_0519_0198,0.00h,23.83h,slow_drift_temperature,low,"(212.5,-12.5)",0.0,0.0
E_slow_drift_temperature_0520_0273,0.00h,23.83h,slow_drift_temperature,low,"(87.5,87.5)",0.0,0.0
E_slow_drift_temperature_0521_0041,0.00h,23.83h,slow_drift_temperature,low,"(-212.5,-187.5)",0.0,0.0
E_slow_drift_temperature_0522_0009,0.00h,23.83h,slow_drift_temperature,low,"(-12.5,-237.5)",0.0,0.0
E_slow_drift_temperature_0523_0234,0.00h,23.83h,slow_drift_temperature,low,"(112.5,37.5)",0.0,0.0
E_slow_drift_temperature_0524_0321,0.00h,23.83h,slow_drift_temperature,low,"(-212.5,162.5)",0.0,0.0
E_slow_drift_temperature_0525_0137,0.00h,23.83h,slow_drift_temperature,low,"(187.5,-87.5)",0.0,0.0
E_slow_drift_temperature_0526_0388,0.00h,23.83h,slow_drift_temperature,low,"(-37.5,237.5)",0.0,0.0
E_slow_drift_temperature_0527_0265,0.00h,23.83h,slow_drift_temperature,low,"(-112.5,87.5)",0.0,0.0
E_slow_drift_temperature_0528_0371,0.00h,23.83h,slow_drift_temperature,low,"(37.5,212.5)",0.0,0.0
E_slow_drift_temperature_0529_0358,0.00h,23.83h,slow_drift_temperature,low,"(212.5,187.5)",0.0,0.0
E_slow_drift_temperature_0530_0064,0.00h,23.83h,slow_drift_temperature,low,"(-137.5,-162.5)",0.0,0.0
E_slow_drift_temperature_0531_0384,0.00h,23.83h,slow_drift_temperature,low,"(-137.5,237.5)",0.0,0.0
E_slow_drift_temperature_0532_0290,0.00h,23.83h,slow_drift_temperature,low,"(12.5,112.5)",0.0,0.0
E_slow_drift_temperature_0533_0144,0.00h,23.83h,slow_drift_temperature,low,"(-137.5,-62.5)",0.0,0.0
E_slow_drift_temperature_0534_0087,0.00h,23.83h,slow_drift_temperature,low,"(-62.5,-137.5)",0.0,0.0
E_slow_drift_temperature_0535_0117,0.00h,23.83h,slow_drift_temperature,low,"(187.5,-112.5)",0.0,0.0
E_slow_drift_temperature_0536_0229,0.00h,23.83h,slow_drift_temperature,low,"(-12.5,37.5)",0.0,0.0
E_slow_drift_temperature_0537_0306,0.00h,23.83h,slow_drift_temperature,low,"(-87.5,137.5)",0.0,0.0
E_slow_drift_temperature_0538_0102,0.00h,23.83h,slow_drift_temperature,low,"(-187.5,-112.5)",0.0,0.0
E_slow_drift_temperature_0539_0388,0.00h,23.83h,slow_drift_temperature,low,"(-37.5,237.5)",0.0,0.0
E_slow_drift_temperature_0540_0247,0.00h,23.83h,slow_drift_temperature,low,"(-62.5,62.5)",0.0,0.0
E_slow_drift_temperature_0541_0314,0.00h,23.83h,slow_drift_temperature,low,"(112.5,137.5)",0.0,0.0
E_slow_drift_temperature_0542_0147,0.00h,23.83h,slow_drift_temperature,low,"(-62.5,-62.5)",0.0,0.0
E_slow_drift_temperature_0543_0241,0.00h,23.83h,slow_drift_temperature,low,"(-212.5,62.5)",0.0,0.0
E_slow_drift_temperature_0544_0343,0.00h,23.83h,slow_drift_temperature,low,"(-162.5,187.5)",0.0,0.0
E_slow_drift_temperature_0545_0351,0.00h,23.83h,slow_drift_temperature,low,"(37.5,187.5)",0.0,0.0
E_slow_drift_temperature_0546_0330,0.00h,23.83h,slow_drift_temperature,low,"(12.5,162.5)",0.0,0.0
E_slow_drift_temperature_0547_0169,0.00h,23.83h,slow_drift_temperature,low,"(-12.5,-37.5)",0.0,0.0
E_slow_drift_temperature_0548_0302,0.00h,23.83h,slow_drift_temperature,low,"(-187.5,137.5)",0.0,0.0
E_slow_drift_temperature_0549_0290,0.00h,23.83h,slow_drift_temperature,low,"(12.5,112.5)",0.0,0.0
E_slow_drift_temperature_0550_0399,0.00h,23.83h,slow_drift_temperature,low,"(237.5,237.5)",0.0,0.0
E_slow_drift_temperature_0551_0062,0.00h,23.83h,slow_drift_temperature,low,"(-187.5,-162.5)",0.0,0.0
E_slow_drift_temperature_0552_0245,0.00h,23.83h,slow_drift_temperature,low,"(-112.5,62.5)",0.0,0.0
E_slow_drift_temperature_0553_0048,0.00h,23.83h,slow_drift_temperature,low,"(-37.5,-187.5)",0.0,0.0
E_slow_drift_temperature_0554_0060,0.00h,23.83h,slow_drift_temperature,low,"(-237.5,-162.5)",0.0,0.0
E_slow_drift_temperature_0555_0320,0.00h,23.83h,slow_drift_temperature,low,"(-237.5,162.5)",0.0,0.0
E_slow_drift_temperature_0556_0036,0.00h,23.83h,slow_drift_temperature,low,"(162.5,-212.5)",0.0,0.0
E_slow_drift_temperature_0557_0303,0.00h,23.83h,slow_drift_temperature,low,"(-162.5,137.5)",0.0,0.0
E_slow_drift_temperature_0558_0113,0.00h,23.83h,slow_drift_temperature,low,"(87.5,-112.5)",0.0,0.0
E_slow_drift_temperature_0559_0120,0.00h,23.83h,slow_drift_temperature,low,"(-237.5,-87.5)",0.0,0.0
E_slow_drift_temperature_0560_0003,0.00h,23.83h,slow_drift_temperature,low,"(-162.5,-237.5)",0.0,0.0
E_slow_drift_temperature_0561_0174,0.00h,23.83h,slow_drift_temperature,low,"(112.5,-37.5)",0.0,0.0
E_slow_drift_temperature_0562_0266,0.00h,23.83h,slow_drift_temperature,low,"(-87.5,87.5)",0.0,0.0
E_slow_drift_temperature_0563_0206,0.00h,23.83h,slow_drift_temperature,low,"(-87.5,12.5)",0.0,0.0
E_slow_drift_temperature_0564_0153,0.00h,23.83h,slow_drift_temperature,low,"(87.5,-62.5)",0.0,0.0
E_slow_drift_temperature_0565_0014,0.00h,23.83h,slow_drift_temperature,low,"(112.5,-237.5)",0.0,0.0
E_slow_drift_temperature_0566_0052,0.00h,23.83h,slow_drift_temperature,low,"(62.5,-187.5)",0.0,0.0
E_slow_drift_temperature_0567_0154,0.00h,23.83h,slow_drift_temperature,low,"(112.5,-62.5)",0.0,0.0
E_slow_drift_temperature_0568_0256,0.00h,23.83h,slow_drift_temperature,low,"(162.5,62.5)",0.0,0.0
E_slow_drift_temperature_0569_0129,0.00h,23.83h,slow_drift_temperature,low,"(-12.5,-87.5)",0.0,0.0
E_slow_drift_temperature_0570_0256,0.00h,23.83h,slow_drift_temperature,low,"(162.5,62.5)",0.0,0.0
E_slow_drift_temperature_0571_0111,0.00h,23.83h,slow_drift_temperature,low,"(37.5,-112.5)",0.0,0.0
E_slow_drift_temperature_0572_0372,0.00h,23.83h,slow_drift_temperature,low,"(62.5,212.5)",0.0,0.0
E_slow_drift_temperature_0573_0304,0.00h,23.83h,slow_drift_temperature,low,"(-137.5,137.5)",0.0,0.0
E_slow_drift_temperature_0574_0182,0.00h,23.83h,slow_drift_temperature,low,"(-187.5,-12.5)",0.0,0.0
E_slow_drift_temperature_0575_0224,0.00h,23.83h,slow_drift_temperature,low,"(-137.5,37.5)",0.0,0.0
E_slow_drift_temperature_0576_0117,0.00h,23.83h,slow_drift_temperature,low,"(187.5,-112.5)",0.0,0.0
E_slow_drift_temperature_0577_0092,0.00h,23.83h,slow_drift_temperature,low,"(62.5,-137.5)",0.0,0.0
E_slow_drift_temperature_0578_0219,0.00h,23.83h,slow_drift_temperature,low,"(237.5,12.5)",0.0,0.0
E_slow_drift_temperature_0579_0378,0.00h,23.83h,slow_drift_temperature,low,"(212.5,212.5)",0.0,0.0
E_slow_drift_temperature_0580_0011,0.00h,23.83h,slow_drift_temperature,low,"(37.5,-237.5)",0.0,0.0
E_slow_drift_temperature_0581_0119,0.00h,23.83h,slow_drift_temperature,low,"(237.5,-112.5)",0.0,0.0
E_slow_drift_temperature_0582_0272,0.00h,23.83h,slow_drift_temperature,low,"(62.5,87.5)",0.0,0.0
E_slow_drift_temperature_0583_0202,0.00h,23.83h,slow_drift_temperature,low,"(-187.5,12.5)",0.0,0.0
E_slow_drift_temperature_0584_0283,0.00h,23.83h,slow_drift_temperature,low,"(-162.5,112.5)",0.0,0.0
E_slow_drift_temperature_0585_0397,0.00h,23.83h,slow_drift_temperature,low,"(187.5,237.5)",0.0,0.0
E_slow_drift_temperature_0586_0259,0.00h,23.83h,slow_drift_temperature,low,"(237.5,62.5)",0.0,0.0
E_slow_drift_temperature_0587_0063,0.00h,23.83h,slow_drift_temperature,low,"(-162.5,-162.5)",0.0,0.0
E_slow_drift_temperature_0588_0114,0.00h,23.83h,slow_drift_temperature,low,"(112.5,-112.5)",0.0,0.0
E_slow_drift_temperature_0589_0201,0.00h,23.83h,slow_drift_temperature,low,"(-212.5,12.5)",0.0,0.0
E_slow_drift_temperature_0590_0340,0.00h,23.83h,slow_drift_temperature,low,"(-237.5,187.5)",0.0,0.0
E_slow_drift_temperature_0591_0033,0.00h,23.83h,slow_drift_temperature,low,"(87.5,-212.5)",0.0,0.0
E_slow_drift_temperature_0592_0394,0.00h,23.83h,slow_drift_temperature,low,"(112.5,237.5)",0.0,0.0
E_slow_drift_temperature_0593_0294,0.00h,23.83h,slow_drift_temperature,low,"(112.5,112.5)",0.0,0.0
E_slow_drift_temperature_0594_0207,0.00h,23.83h,slow_drift_temperature,low,"(-62.5,12.5)",0.0,0.0
E_slow_drift_temperature_0595_0387,0.00h,23.83h,slow_drift_temperature,low,"(-62.5,237.5)",0.0,0.0
E_slow_drift_temperature_0596_0101,0.00h,23.83h,slow_drift_temperature,low,"(-212.5,-112.5)",0.0,0.0
E_slow_drift_temperature_0597_0239,0.00h,23.83h,slow_drift_temperature,low,"(237.5,37.5)",0.0,0.0
E_slow_drift_temperature_0598_0367,0.00h,23.83h,slow_drift_temperature,low,"(-62.5,212.5)",0.0,0.0
E_slow_drift_temperature_0599_0051,0.00h,23.83h,slow_drift_temperature,low,"(37.5,-187.5)",0.0,0.0
E_slow_drift_temperature_0600_0314,0.00h,23.83h,slow_drift_temperature,low,"(112.5,137.5)",0.0,0.0
E_slow_drift_temperature_0601_0035,0.00h,23.83h,slow_drift_temperature,low,"(137.5,-212.5)",0.0,0.0
E_slow_drift_temperature_0602_0283,0.00h,23.83h,slow_drift_temperature,low,"(-162.5,112.5)",0.0,0.0
E_slow_drift_temperature_0603_0353,0.00h,23.83h,slow_drift_temperature,low,"(87.5,187.5)",0.0,0.0
E_slow_drift_temperature_0604_0234,0.00h,23.83h,slow_drift_temperature,low,"(112.5,37.5)",0.0,0.0
E_slow_drift_temperature_0605_0286,0.00h,23.83h,slow_drift_temperature,low,"(-87.5,112.5)",0.0,0.0
E_slow_drift_temperature_0606_0196,0.00h,23.83h,slow_drift_temperature,low,"(162.5,-12.5)",0.0,0.0
E_slow_drift_temperature_0607_0050,0.00h,23.83h,slow_drift_temperature,low,"(12.5,-187.5)",0.0,0.0
E_slow_drift_temperature_0608_0124,0.00h,23.83h,slow_drift_temperature,low,"(-137.5,-87.5)",0.0,0.0
E_slow_drift_temperature_0609_0234,0.00h,23.83h,slow_drift_temperature,low,"(112.5,37.5)",0.0,0.0
E_slow_drift_temperature_0610_0222,0.00h,23.83h,slow_drift_temperature,low,"(-187.5,37.5)",0.0,0.0
E_slow_drift_temperature_0611_0159,0.00h,23.83h,slow_drift_temperature,low,"(237.5,-62.5)",0.0,0.0
E_slow_drift_temperature_0612_0397,0.00h,23.83h,slow_drift_temperature,low,"(187.5,237.5)",0.0,0.0
E_slow_drift_temperature_0613_0120,0.00h,23.83h,slow_drift_temperature,low,"(-237.5,-87.5)",0.0,0.0
E_slow_drift_temperature_0614_0090,0.00h,23.83h,slow_drift_temperature,low,"(12.5,-137.5)",0.0,0.0
E_slow_drift_temperature_0615_0111,0.00h,23.83h,slow_drift_temperature,low,"(37.5,-112.5)",0.0,0.0
E_slow_drift_temperature_0616_0050,0.00h,23.83h,slow_drift_temperature,low,"(12.5,-187.5)",0.0,0.0
E_slow_drift_temperature_0617_0343,0.00h,23.83h,slow_drift_temperature,low,"(-162.5,187.5)",0.0,0.0
E_slow_drift_temperature_0618_0392,0.00h,23.83h,slow_drift_temperature,low,"(62.5,237.5)",0.0,0.0
E_slow_drift_temperature_0619_0083,0.00h,23.83h,slow_drift_temperature,low,"(-162.5,-137.5)",0.0,0.0
E_slow_drift_temperature_0620_0094,0.00h,23.83h,slow_drift_temperature,low,"(112.5,-137.5)",0.0,0.0
E_slow_drift_temperature_0621_0011,0.00h,23.83h,slow_drift_temperature,low,"(37.5,-237.5)",0.0,0.0
E_slow_drift_temperature_0622_0258,0.00h,23.83h,slow_drift_temperature,low,"(212.5,62.5)",0.0,0.0
E_slow_drift_temperature_0623_0185,0.00h,23.83h,slow_drift_temperature,low,"(-112.5,-12.5)",0.0,0.0
E_slow_drift_temperature_0624_0271,0.00h,23.83h,slow_drift_temperature,low,"(37.5,87.5)",0.0,0.0
E_sensor_bias_0000_0193,0.00h,23.83h,sensor_bias,low,"(87.5,-12.5)",0.0,0.0
E_sensor_bias_0001_0154,0.00h,23.83h,sensor_bias,low,"(112.5,-62.5)",0.0,0.0
E_sensor_bias_0002_0340,0.00h,23.83h,sensor_bias,low,"(-237.5,187.5)",0.0,0.0
E_sensor_bias_0003_0149,0.00h,23.83h,sensor_bias,low,"(-12.5,-62.5)",0.0,0.0
E_sensor_bias_0004_0361,0.00h,23.83h,sensor_bias,low,"(-212.5,212.5)",0.0,0.0
E_sensor_bias_0005_0145,0.00h,23.83h,sensor_bias,low,"(-112.5,-62.5)",0.0,0.0
E_sensor_bias_0006_0012,0.00h,23.83h,sensor_bias,low,"(62.5,-237.5)",0.0,0.0
E_sensor_bias_0007_0378,0.00h,23.83h,sensor_bias,low,"(212.5,212.5)",0.0,0.0
E_sensor_bias_0008_0221,0.00h,23.83h,sensor_bias,low,"(-212.5,37.5)",0.0,0.0
E_sensor_bias_0009_0171,0.00h,23.83h,sensor_bias,low,"(37.5,-37.5)",0.0,0.0
E_sensor_bias_0010_0392,0.00h,23.83h,sensor_bias,low,"(62.5,237.5)",0.0,0.0
E_sensor_bias_0011_0084,0.00h,23.83h,sensor_bias,low,"(-137.5,-137.5)",0.0,0.0
E_sensor_bias_0012_0242,0.00h,23.83h,sensor_bias,low,"(-187.5,62.5)",0.0,0.0
E_sensor_bias_0013_0157,0.00h,23.83h,sensor_bias,low,"(187.5,-62.5)",0.0,0.0
E_sensor_bias_0014_0121,0.00h,23.83h,sensor_bias,low,"(-212.5,-87.5)",0.0,0.0
E_sensor_bias_0015_0079,0.00h,23.83h,sensor_bias,low,"(237.5,-162.5)",0.0,0.0
E_sensor_bias_0016_0226,0.00h,23.83h,sensor_bias,low,"(-87.5,37.5)",0.0,0.0
E_sensor_bias_0017_0346,0.00h,23.83h,sensor_bias,low,"(-87.5,187.5)",0.0,0.0
E_sensor_bias_0018_0102,0.00h,23.83h,sensor_bias,low,"(-187.5,-112.5)",0.0,0.0
E_sensor_bias_0019_0084,0.00h,23.83h,sensor_bias,low,"(-137.5,-137.5)",0.0,0.0
E_sensor_bias_0020_0166,0.00h,23.83h,sensor_bias,low,"(-87.5,-37.5)",0.0,0.0
E_sensor_bias_0021_0025,0.00h,23.83h,sensor_bias,low,"(-112.5,-212.5)",0.0,0.0
E_sensor_bias_0022_0191,0.00h,23.83h,sensor_bias,low,"(37.5,-12.5)",0.0,0.0
E_sensor_bias_0023_0260,0.00h,23.83h,sensor_bias,low,"(-237.5,87.5)",0.0,0.0
E_sensor_bias_0024_0358,0.00h,23.83h,sensor_bias,low,"(212.5,187.5)",0.0,0.0
E_sensor_bias_0025_0321,0.00h,23.83h,sensor_bias,low,"(-212.5,162.5)",0.0,0.0
E_sensor_bias_0026_0149,0.00h,23.83h,sensor_bias,low,"(-12.5,-62.5)",0.0,0.0
E_sensor_bias_0027_0325,0.00h,23.83h,sensor_bias,low,"(-112.5,162.5)",0.0,0.0
E_sensor_bias_0028_0226,0.00h,23.83h,sensor_bias,low,"(-87.5,37.5)",0.0,0.0
E_sensor_bias_0029_0121,0.00h,23.83h,sensor_bias,low,"(-212.5,-87.5)",0.0,0.0
E_sensor_bias_0030_0392,0.00h,23.83h,sensor_bias,low,"(62.5,237.5)",0.0,0.0
E_sensor_bias_0031_0123,0.00h,23.83h,sensor_bias,low,"(-162.5,-87.5)",0.0,0.0
E_sensor_bias_0032_0340,0.00h,23.83h,sensor_bias,low,"(-237.5,187.5)",0.0,0.0
E_sensor_bias_0033_0065,0.00h,23.83h,sensor_bias,low,"(-112.5,-162.5)",0.0,0.0
E_sensor_bias_0034_0001,0.00h,23.83h,sensor_bias,low,"(-212.5,-237.5)",0.0,0.0
E_sensor_bias_0035_0228,0.00h,23.83h,sensor_bias,low,"(-37.5,37.5)",0.0,0.0
E_sensor_bias_0036_0119,0.00h,23.83h,sensor_bias,low,"(237.5,-112.5)",0.0,0.0
E_sensor_bias_0037_0014,0.00h,23.83h,sensor_bias,low,"(112.5,-237.5)",0.0,0.0
E_sensor_bias_0038_0269,0.00h,23.83h,sensor_bias,low,"(-12.5,87.5)",0.0,0.0
E_sensor_bias_0039_0362,0.00h,23.83h,sensor_bias,low,"(-187.5,212.5)",0.0,0.0
E_sensor_bias_0040_0069,0.00h,23.83h,sensor_bias,low,"(-12.5,-162.5)",0.0,0.0
E_sensor_bias_0041_0062,0.00h,23.83h,sensor_bias,low,"(-187.5,-162.5)",0.0,0.0
E_sensor_bias_0042_0226,0.00h,23.83h,sensor_bias,low,"(-87.5,37.5)",0.0,0.0
E_sensor_bias_0043_0267,0.00h,23.83h,sensor_bias,low,"(-62.5,87.5)",0.0,0.0
E_sensor_bias_0044_0234,0.00h,23.83h,sensor_bias,low,"(112.5,37.5)",0.0,0.0
E_sensor_bias_0045_0366,0.00h,23.83h,sensor_bias,low,"(-87.5,212.5)",0.0,0.0
E_sensor_bias_0046_0178,0.00h,23.83h,sensor_bias,low,"(212.5,-37.5)",0.0,0.0
E_sensor_bias_0047_0043,0.00h,23.83h,sensor_bias,low,"(-162.5,-187.5)",0.0,0.0
E_sensor_bias_0048_0248,0.00h,23.83h,sensor_bias,low,"(-37.5,62.5)",0.0,0.0
E_sensor_bias_0049_0230,0.00h,23.83h,sensor_bias,low,"(12.5,37.5)",0.0,0.0
E_sensor_bias_0050_0290,0.00h,23.83h,sensor_bias,low,"(12.5,112.5)",0.0,0.0
E_sensor_bias_0051_0148,0.00h,23.83h,sensor_bias,low,"(-37.5,-62.5)",0.0,0.0
E_sensor_bias_0052_0275,0.00h,23.83h,sensor_bias,low,"(137.5,87.5)",0.0,0.0
E_sensor_bias_0053_0356,0.00h,23.83h,sensor_bias,low,"(162.5,187.5)",0.0,0.0
E_sensor_bias_0054_0065,0.00h,23.83h,sensor_bias,low,"(-112.5,-162.5)",0.0,0.0
E_sensor_bias_0055_0379,0.00h,23.83h,sensor_bias,low,"(237.5,212.5)",0.0,0.0
E_sensor_bias_0056_0246,0.00h,23.83h,sensor_bias,low,"(-87.5,62.5)",0.0,0.0
E_sensor_bias_0057_0211,0.00h,23.83h,sensor_bias,low,"(37.5,12.5)",0.0,0.0
E_sensor_bias_0058_0104,0.00h,23.83h,sensor_bias,low,"(-137.5,-112.5)",0.0,0.0
E_sensor_bias_0059_0054,0.00h,23.83h,sensor_bias,low,"(112.5,-187.5)",0.0,0.0
E_sensor_bias_0060_0132,0.00h,23.83h,sensor_bias,low,"(62.5,-87.5)",0.0,0.0
E_sensor_bias_0061_0027,0.00h,23.83h,sensor_bias,low,"(-62.5,-212.5)",0.0,0.0
E_sensor_bias_0062_0352,0.00h,23.83h,sensor_bias,low,"(62.5,187.5)",0.0,0.0
E_sensor_bias_0063_0187,0.00h,23.83h,sensor_bias,low,"(-62.5,-12.5)",0.0,0.0
E_sensor_bias_0064_0350,0.00h,23.83h,sensor_bias,low,"(12.5,187.5)",0.0,0.0
E_sensor_bias_0065_0002,0.00h,23.83h,sensor_bias,low,"(-187.5,-237.5)",0.0,0.0
E_sensor_bias_0066_0373,0.00h,23.83h,sensor_bias,low,"(87.5,212.5)",0.0,0.0
E_sensor_bias_0067_0397,0.00h,23.83h,sensor_bias,low,"(187.5,237.5)",0.0,0.0
E_sensor_bias_0068_0074,0.00h,23.83h,sensor_bias,low,"(112.5,-162.5)",0.0,0.0
E_sensor_bias_0069_0388,0.00h,23.83h,sensor_bias,low,"(-37.5,237.5)",0.0,0.0
E_sensor_bias_0070_0228,0.00h,23.83h,sensor_bias,low,"(-37.5,37.5)",0.0,0.0
E_sensor_bias_0071_0366,0.00h,23.83h,sensor_bias,low,"(-87.5,212.5)",0.0,0.0
E_sensor_bias_0072_0135,0.00h,23.83h,sensor_bias,low,"(137.5,-87.5)",0.0,0.0
E_sensor_bias_0073_0113,0.00h,23.83h,sensor_bias,low,"(87.5,-112.5)",0.0,0.0
E_sensor_bias_0074_0254,0.00h,23.83h,sensor_bias,low,"(112.5,62.5)",0.0,0.0
E_sensor_bias_0075_0021,0.00h,23.83h,sensor_bias,low,"(-212.5,-212.5)",0.0,0.0
E_sensor_bias_0076_0361,0.00h,23.83h,sensor_bias,low,"(-212.5,212.5)",0.0,0.0
E_sensor_bias_0077_0301,0.00h,23.83h,sensor_bias,low,"(-212.5,137.5)",0.0,0.0
E_sensor_bias_0078_0083,0.00h,23.83h,sensor_bias,low,"(-162.5,-137.5)",0.0,0.0
E_sensor_bias_0079_0103,0.00h,23.83h,sensor_bias,low,"(-162.5,-112.5)",0.0,0.0
E_sensor_bias_0080_0396,0.00h,23.83h,sensor_bias,low,"(162.5,237.5)",0.0,0.0
E_sensor_bias_0081_0016,0.00h,23.83h,sensor_bias,low,"(162.5,-237.5)",0.0,0.0
E_sensor_bias_0082_0397,0.00h,23.83h,sensor_bias,low,"(187.5,237.5)",0.0,0.0
E_sensor_bias_0083_0027,0.00h,23.83h,sensor_bias,low,"(-62.5,-212.5)",0.0,0.0
E_sensor_bias_0084_0361,0.00h,23.83h,sensor_bias,low,"(-212.5,212.5)",0.0,0.0
E_sensor_bias_0085_0080,0.00h,23.83h,sensor_bias,low,"(-237.5,-137.5)",0.0,0.0
E_sensor_bias_0086_0083,0.00h,23.83h,sensor_bias,low,"(-162.5,-137.5)",0.0,0.0
E_sensor_bias_0087_0128,0.00h,23.83h,sensor_bias,low,"(-37.5,-87.5)",0.0,0.0
E_sensor_bias_0088_0174,0.00h,23.83h,sensor_bias,low,"(112.5,-37.5)",0.0,0.0
E_sensor_bias_0089_0052,0.00h,23.83h,sensor_bias,low,"(62.5,-187.5)",0.0,0.0
E_sensor_bias_0090_0393,0.00h,23.83h,sensor_bias,low,"(87.5,237.5)",0.0,0.0
E_sensor_bias_0091_0063,0.00h,23.83h,sensor_bias,low,"(-162.5,-162.5)",0.0,0.0
E_sensor_bias_0092_0065,0.00h,23.83h,sensor_bias,low,"(-112.5,-162.5)",0.0,0.0
E_sensor_bias_0093_0360,0.00h,23.83h,sensor_bias,low,"(-237.5,212.5)",0.0,0.0
E_sensor_bias_0094_0333,0.00h,23.83h,sensor_bias,low,"(87.5,162.5)",0.0,0.0
E_sensor_bias_0095_0201,0.00h,23.83h,sensor_bias,low,"(-212.5,12.5)",0.0,0.0
E_sensor_bias_0096_0060,0.00h,23.83h,sensor_bias,low,"(-237.5,-162.5)",0.0,0.0
E_sensor_bias_0097_0080,0.00h,23.83h,sensor_bias,low,"(-237.5,-137.5)",0.0,0.0
E_sensor_bias_0098_0091,0.00h,23.83h,sensor_bias,low,"(37.5,-137.5)",0.0,0.0
E_sensor_bias_0099_0381,0.00h,23.83h,sensor_bias,low,"(-212.5,237.5)",0.0,0.0
E_sensor_bias_0100_0243,0.00h,23.83h,sensor_bias,low,"(-162.5,62.5)",0.0,0.0
E_sensor_bias_0101_0305,0.00h,23.83h,sensor_bias,low,"(-112.5,137.5)",0.0,0.0
E_sensor_bias_0102_0345,0.00h,23.83h,sensor_bias,low,"(-112.5,187.5)",0.0,0.0
E_sensor_bias_0103_0188,0.00h,23.83h,sensor_bias,low,"(-37.5,-12.5)",0.0,0.0
E_sensor_bias_0104_0053,0.00h,23.83h,sensor_bias,low,"(87.5,-187.5)",0.0,0.0
E_sensor_bias_0105_0157,0.00h,23.83h,sensor_bias,low,"(187.5,-62.5)",0.0,0.0
E_sensor_bias_0106_0017,0.00h,23.83h,sensor_bias,low,"(187.5,-237.5)",0.0,0.0
E_sensor_bias_0107_0055,0.00h,23.83h,sensor_bias,low,"(137.5,-187.5)",0.0,0.0
E_sensor_bias_0108_0150,0.00h,23.83h,sensor_bias,low,"(12.5,-62.5)",0.0,0.0
E_sensor_bias_0109_0372,0.00h,23.83h,sensor_bias,low,"(62.5,212.5)",0.0,0.0
E_sensor_bias_0110_0308,0.00h,23.83h,sensor_bias,low,"(-37.5,137.5)",0.0,0.0
E_sensor_bias_0111_0195,0.00h,23.83h,sensor_bias,low,"(137.5,-12.5)",0.0,0.0
E_sensor_bias_0112_0203,0.00h,23.83h,sensor_bias,low,"(-162.5,12.5)",0.0,0.0
E_sensor_bias_0113_0285,0.00h,23.83h,sensor_bias,low,"(-112.5,112.5)",0.0,0.0
E_sensor_bias_0114_0339,0.00h,23.83h,sensor_bias,low,"(237.5,162.5)",0.0,0.0
E_sensor_bias_0115_0218,0.00h,23.83h,sensor_bias,low,"(212.5,12.5)",0.0,0.0
E_sensor_bias_0116_0041,0.00h,23.83h,sensor_bias,low,"(-212.5,-187.5)",0.0,0.0
E_sensor_bias_0117_0025,0.00h,23.83h,sensor_bias,low,"(-112.5,-212.5)",0.0,0.0
E_sensor_bias_0118_0186,0.00h,23.83h,sensor_bias,low,"(-87.5,-12.5)",0.0,0.0
E_sensor_bias_0119_0349,0.00h,23.83h,sensor_bias,low,"(-12.5,187.5)",0.0,0.0
E_sensor_bias_0120_0099,0.00h,23.83h,sensor_bias,low,"(237.5,-137.5)",0.0,0.0
E_sensor_bias_0121_0374,0.00h,23.83h,sensor_bias,low,"(112.5,212.5)",0.0,0.0
E_sensor_bias_0122_0150,0.00h,23.83h,sensor_bias,low,"(12.5,-62.5)",0.0,0.0
E_sensor_bias_0123_0134,0.00h,23.83h,sensor_bias,low,"(112.5,-87.5)",0.0,0.0
E_sensor_bias_0124_0057,0.00h,23.83h,sensor_bias,low,"(187.5,-187.5)",0.0,0.0
E_sensor_bias_0125_0017,0.00h,23.83h,sensor_bias,low,"(187.5,-237.5)",0.0,0.0
E_sensor_bias_0126_0099,0.00h,23.83h,sensor_bias,low,"(237.5,-137.5)",0.0,0.0
E_sensor_bias_0127_0077,0.00h,23.83h,sensor_bias,low,"(187.5,-162.5)",0.0,0.0
E_sensor_bias_0128_0107,0.00h,23.83h,sensor_bias,low,"(-62.5,-112.5)",0.0,0.0
E_sensor_bias_0129_0106,0.00h,23.83h,sensor_bias,low,"(-87.5,-112.5)",0.0,0.0
E_sensor_bias_0130_0203,0.00h,23.83h,sensor_bias,low,"(-162.5,12.5)",0.0,0.0
E_sensor_bias_0131_0203,0.00h,23.83h,sensor_bias,low,"(-162.5,12.5)",0.0,0.0
E_sensor_bias_0132_0075,0.00h,23.83h,sensor_bias,low,"(137.5,-162.5)",0.0,0.0
E_sensor_bias_0133_0115,0.00h,23.83h,sensor_bias,low,"(137.5,-112.5)",0.0,0.0
E_sensor_bias_0134_0339,0.00h,23.83h,sensor_bias,low,"(237.5,162.5)",0.0,0.0
E_sensor_bias_0135_0207,0.00h,23.83h,sensor_bias,low,"(-62.5,12.5)",0.0,0.0
E_sensor_bias_0136_0399,0.00h,23.83h,sensor_bias,low,"(237.5,237.5)",0.0,0.0
E_sensor_bias_0137_0341,0.00h,23.83h,sensor_bias,low,"(-212.5,187.5)",0.0,0.0
E_sensor_bias_0138_0178,0.00h,23.83h,sensor_bias,low,"(212.5,-37.5)",0.0,0.0
E_sensor_bias_0139_0000,0.00h,23.83h,sensor_bias,low,"(-237.5,-237.5)",0.0,0.0
E_sensor_bias_0140_0315,0.00h,23.83h,sensor_bias,low,"(137.5,137.5)",0.0,0.0
E_sensor_bias_0141_0394,0.00h,23.83h,sensor_bias,low,"(112.5,237.5)",0.0,0.0
E_sensor_bias_0142_0064,0.00h,23.83h,sensor_bias,low,"(-137.5,-162.5)",0.0,0.0
E_sensor_bias_0143_0240,0.00h,23.83h,sensor_bias,low,"(-237.5,62.5)",0.0,0.0
E_sensor_bias_0144_0014,0.00h,23.83h,sensor_bias,low,"(112.5,-237.5)",0.0,0.0
E_sensor_bias_0145_0307,0.00h,23.83h,sensor_bias,low,"(-62.5,137.5)",0.0,0.0
E_sensor_bias_0146_0303,0.00h,23.83h,sensor_bias,low,"(-162.5,137.5)",0.0,0.0
E_sensor_bias_0147_0282,0.00h,23.83h,sensor_bias,low,"(-187.5,112.5)",0.0,0.0
E_sensor_bias_0148_0237,0.00h,23.83h,sensor_bias,low,"(187.5,37.5)",0.0,0.0
E_sensor_bias_0149_0383,0.00h,23.83h,sensor_bias,low,"(-162.5,237.5)",0.0,0.0
E_sensor_bias_0150_0144,0.00h,23.83h,sensor_bias,low,"(-137.5,-62.5)",0.0,0.0
E_sensor_bias_0151_0062,0.00h,23.83h,sensor_bias,low,"(-187.5,-162.5)",0.0,0.0
E_sensor_bias_0152_0327,0.00h,23.83h,sensor_bias,low,"(-62.5,162.5)",0.0,0.0
E_sensor_bias_0153_0136,0.00h,23.83h,sensor_bias,low,"(162.5,-87.5)",0.0,0.0
E_sensor_bias_0154_0174,0.00h,23.83h,sensor_bias,low,"(112.5,-37.5)",0.0,0.0
E_sensor_bias_0155_0195,0.00h,23.83h,sensor_bias,low,"(137.5,-12.5)",0.0,0.0
E_sensor_bias_0156_0050,0.00h,23.83h,sensor_bias,low,"(12.5,-187.5)",0.0,0.0
E_sensor_bias_0157_0227,0.00h,23.83h,sensor_bias,low,"(-62.5,37.5)",0.0,0.0
E_sensor_bias_0158_0089,0.00h,23.83h,sensor_bias,low,"(-12.5,-137.5)",0.0,0.0
E_sensor_bias_0159_0086,0.00h,23.83h,sensor_bias,low,"(-87.5,-137.5)",0.0,0.0
E_sensor_bias_0160_0336,0.00h,23.83h,sensor_bias,low,"(162.5,162.5)",0.0,0.0
E_sensor_bias_0161_0022,0.00h,23.83h,sensor_bias,low,"(-187.5,-212.5)",0.0,0.0
E_sensor_bias_0162_0038,0.00h,23.83h,sensor_bias,low,"(212.5,-212.5)",0.0,0.0
E_sensor_bias_0163_0150,0.00h,23.83h,sensor_bias,low,"(12.5,-62.5)",0.0,0.0
E_sensor_bias_0164_0251,0.00h,23.83h,sensor_bias,low,"(37.5,62.5)",0.0,0.0
E_sensor_bias_0165_0112,0.00h,23.83h,sensor_bias,low,"(62.5,-112.5)",0.0,0.0
E_sensor_bias_0166_0293,0.00h,23.83h,sensor_bias,low,"(87.5,112.5)",0.0,0.0
E_sensor_bias_0167_0120,0.00h,23.83h,sensor_bias,low,"(-237.5,-87.5)",0.0,0.0
E_sensor_bias_0168_0295,0.00h,23.83h,sensor_bias,low,"(137.5,112.5)",0.0,0.0
E_sensor_bias_0169_0107,0.00h,23.83h,sensor_bias,low,"(-62.5,-112.5)",0.0,0.0
E_sensor_bias_0170_0024,0.00h,23.83h,sensor_bias,low,"(-137.5,-212.5)",0.0,0.0
E_sensor_bias_0171_0161,0.00h,23.83h,sensor_bias,low,"(-212.5,-37.5)",0.0,0.0
E_sensor_bias_0172_0327,0.00h,23.83h,sensor_bias,low,"(-62.5,162.5)",0.0,0.0
E_sensor_bias_0173_0116,0.00h,23.83h,sensor_bias,low,"(162.5,-112.5)",0.0,0.0
E_sensor_bias_0174_0041,0.00h,23.83h,sensor_bias,low,"(-212.5,-187.5)",0.0,0.0
E_sensor_bias_0175_0062,0.00h,23.83h,sensor_bias,low,"(-187.5,-162.5)",0.0,0.0
E_sensor_bias_0176_0236,0.00h,23.83h,sensor_bias,low,"(162.5,37.5)",0.0,0.0
E_sensor_bias_0177_0161,0.00h,23.83h,sensor_bias,low,"(-212.5,-37.5)",0.0,0.0
E_sensor_bias_0178_0136,0.00h,23.83h,sensor_bias,low,"(162.5,-87.5)",0.0,0.0
E_sensor_bias_0179_0088,0.00h,23.83h,sensor_bias,low,"(-37.5,-137.5)",0.0,0.0
E_sensor_bias_0180_0211,0.00h,23.83h,sensor_bias,low,"(37.5,12.5)",0.0,0.0
E_sensor_bias_0181_0339,0.00h,23.83h,sensor_bias,low,"(237.5,162.5)",0.0,0.0
E_sensor_bias_0182_0219,0.00h,23.83h,sensor_bias,low,"(237.5,12.5)",0.0,0.0
E_sensor_bias_0183_0190,0.00h,23.83h,sensor_bias,low,"(12.5,-12.5)",0.0,0.0
E_sensor_bias_0184_0028,0.00h,23.83h,sensor_bias,low,"(-37.5,-212.5)",0.0,0.0
E_sensor_bias_0185_0014,0.00h,23.83h,sensor_bias,low,"(112.5,-237.5)",0.0,0.0
E_sensor_bias_0186_0388,0.00h,23.83h,sensor_bias,low,"(-37.5,237.5)",0.0,0.0
E_sensor_bias_0187_0081,0.00h,23.83h,sensor_bias,low,"(-212.5,-137.5)",0.0,0.0
E_sensor_bias_0188_0293,0.00h,23.83h,sensor_bias,low,"(87.5,112.5)",0.0,0.0
E_sensor_bias_0189_0099,0.00h,23.83h,sensor_bias,low,"(237.5,-137.5)",0.0,0.0
E_sensor_bias_0190_0076,0.00h,23.83h,sensor_bias,low,"(162.5,-162.5)",0.0,0.0
E_sensor_bias_0191_0394,0.00h,23.83h,sensor_bias,low,"(112.5,237.5)",0.0,0.0
E_sensor_bias_0192_0118,0.00h,23.83h,sensor_bias,low,"(212.5,-112.5)",0.0,0.0
E_sensor_bias_0193_0349,0.00h,23.83h,sensor_bias,low,"(-12.5,187.5)",0.0,0.0
E_sensor_bias_0194_0313,0.00h,23.83h,sensor_bias,low,"(87.5,137.5)",0.0,0.0
E_sensor_bias_0195_0235,0.00h,23.83h,sensor_bias,low,"(137.5,37.5)",0.0,0.0
E_sensor_bias_0196_0042,0.00h,23.83h,sensor_bias,low,"(-187.5,-187.5)",0.0,0.0
E_sensor_bias_0197_0147,0.00h,23.83h,sensor_bias,low,"(-62.5,-62.5)",0.0,0.0
E_sensor_bias_0198_0151,0.00h,23.83h,sensor_bias,low,"(37.5,-62.5)",0.0,0.0
E_sensor_bias_0199_0339,0.00h,23.83h,sensor_bias,low,"(237.5,162.5)",0.0,0.0
E_sensor_bias_0200_0355,0.00h,23.83h,sensor_bias,low,"(137.5,187.5)",0.0,0.0
E_sensor_bias_0201_0278,0.00h,23.83h,sensor_bias,low,"(212.5,87.5)",0.0,0.0
E_sensor_bias_0202_0016,0.00h,23.83h,sensor_bias,low,"(162.5,-237.5)",0.0,0.0
E_sensor_bias_0203_0167,0.00h,23.83h,sensor_bias,low,"(-62.5,-37.5)",0.0,0.0
E_sensor_bias_0204_0156,0.00h,23.83h,sensor_bias,low,"(162.5,-62.5)",0.0,0.0
E_sensor_bias_0205_0160,0.00h,23.83h,sensor_bias,low,"(-237.5,-37.5)",0.0,0.0
E_sensor_bias_0206_0282,0.00h,23.83h,sensor_bias,low,"(-187.5,112.5)",0.0,0.0
E_sensor_bias_0207_0146,0.00h,23.83h,sensor_bias,low,"(-87.5,-62.5)",0.0,0.0
E_sensor_bias_0208_0069,0.00h,23.83h,sensor_bias,low,"(-12.5,-162.5)",0.0,0.0
E_sensor_bias_0209_0056,0.00h,23.83h,sensor_bias,low,"(162.5,-187.5)",0.0,0.0
E_sensor_bias_0210_0265,0.00h,23.83h,sensor_bias,low,"(-112.5,87.5)",0.0,0.0
E_sensor_bias_0211_0003,0.00h,23.83h,sensor_bias,low,"(-162.5,-237.5)",0.0,0.0
E_sensor_bias_0212_0146,0.00h,23.83h,sensor_bias,low,"(-87.5,-62.5)",0.0,0.0
E_sensor_bias_0213_0079,0.00h,23.83h,sensor_bias,low,"(237.5,-162.5)",0.0,0.0
E_sensor_bias_0214_0279,0.00h,23.83h,sensor_bias,low,"(237.5,87.5)",0.0,0.0
E_sensor_bias_0215_0246,0.00h,23.83h,sensor_bias,low,"(-87.5,62.5)",0.0,0.0
E_sensor_bias_0216_0098,0.00h,23.83h,sensor_bias,low,"(212.5,-137.5)",0.0,0.0
E_sensor_bias_0217_0357,0.00h,23.83h,sensor_bias,low,"(187.5,187.5)",0.0,0.0
E_sensor_bias_0218_0019,0.00h,23.83h,sensor_bias,low,"(237.5,-237.5)",0.0,0.0
E_sensor_bias_0219_0223,0.00h,23.83h,sensor_bias,low,"(-162.5,37.5)",0.0,0.0
E_sensor_bias_0220_0356,0.00h,23.83h,sensor_bias,low,"(162.5,187.5)",0.0,0.0
E_sensor_bias_0221_0026,0.00h,23.83h,sensor_bias,low,"(-87.5,-212.5)",0.0,0.0
E_sensor_bias_0222_0271,0.00h,23.83h,sensor_bias,low,"(37.5,87.5)",0.0,0.0
E_sensor_bias_0223_0221,0.00h,23.83h,sensor_bias,low,"(-212.5,37.5)",0.0,0.0
E_sensor_bias_0224_0087,0.00h,23.83h,sensor_bias,low,"(-62.5,-137.5)",0.0,0.0
E_sensor_bias_0225_0087,0.00h,23.83h,sensor_bias,low,"(-62.5,-137.5)",0.0,0.0
E_sensor_bias_0226_0169,0.00h,23.83h,sensor_bias,low,"(-12.5,-37.5)",0.0,0.0
E_sensor_bias_0227_0291,0.00h,23.83h,sensor_bias,low,"(37.5,112.5)",0.0,0.0
E_sensor_bias_0228_0335,0.00h,23.83h,sensor_bias,low,"(137.5,162.5)",0.0,0.0
E_sensor_bias_0229_0389,0.00h,23.83h,sensor_bias,low,"(-12.5,237.5)",0.0,0.0
E_sensor_bias_0230_0054,0.00h,23.83h,sensor_bias,low,"(112.5,-187.5)",0.0,0.0
E_sensor_bias_0231_0333,0.00h,23.83h,sensor_bias,low,"(87.5,162.5)",0.0,0.0
E_sensor_bias_0232_0096,0.00h,23.83h,sensor_bias,low,"(162.5,-137.5)",0.0,0.0
E_sensor_bias_0233_0162,0.00h,23.83h,sensor_bias,low,"(-187.5,-37.5)",0.0,0.0
E_sensor_bias_0234_0131,0.00h,23.83h,sensor_bias,low,"(37.5,-87.5)",0.0,0.0
E_sensor_bias_0235_0222,0.00h,23.83h,sensor_bias,low,"(-187.5,37.5)",0.0,0.0
E_sensor_bias_0236_0027,0.00h,23.83h,sensor_bias,low,"(-62.5,-212.5)",0.0,0.0
E_sensor_bias_0237_0189,0.00h,23.83h,sensor_bias,low,"(-12.5,-12.5)",0.0,0.0
E_sensor_bias_0238_0327,0.00h,23.83h,sensor_bias,low,"(-62.5,162.5)",0.0,0.0
E_sensor_bias_0239_0333,0.00h,23.83h,sensor_bias,low,"(87.5,162.5)",0.0,0.0
E_sensor_bias_0240_0356,0.00h,23.83h,sensor_bias,low,"(162.5,187.5)",0.0,0.0
E_sensor_bias_0241_0240,0.00h,23.83h,sensor_bias,low,"(-237.5,62.5)",0.0,0.0
E_sensor_bias_0242_0302,0.00h,23.83h,sensor_bias,low,"(-187.5,137.5)",0.0,0.0
E_sensor_bias_0243_0193,0.00h,23.83h,sensor_bias,low,"(87.5,-12.5)",0.0,0.0
E_sensor_bias_0244_0180,0.00h,23.83h,sensor_bias,low,"(-237.5,-12.5)",0.0,0.0
E_sensor_bias_0245_0275,0.00h,23.83h,sensor_bias,low,"(137.5,87.5)",0.0,0.0
E_sensor_bias_0246_0160,0.00h,23.83h,sensor_bias,low,"(-237.5,-37.5)",0.0,0.0
E_sensor_bias_0247_0331,0.00h,23.83h,sensor_bias,low,"(37.5,162.5)",0.0,0.0
E_sensor_bias_0248_0241,0.00h,23.83h,sensor_bias,low,"(-212.5,62.5)",0.0,0.0
E_sensor_bias_0249_0247,0.00h,23.83h,sensor_bias,low,"(-62.5,62.5)",0.0,0.0
E_sensor_bias_0250_0213,0.00h,23.83h,sensor_bias,low,"(87.5,12.5)",0.0,0.0
E_sensor_bias_0251_0323,0.00h,23.83h,sensor_bias,low,"(-162.5,162.5)",0.0,0.0
E_sensor_bias_0252_0256,0.00h,23.83h,sensor_bias,low,"(162.5,62.5)",0.0,0.0
E_sensor_bias_0253_0370,0.00h,23.83h,sensor_bias,low,"(12.5,212.5)",0.0,0.0
E_sensor_bias_0254_0355,0.00h,23.83h,sensor_bias,low,"(137.5,187.5)",0.0,0.0
E_sensor_bias_0255_0323,0.00h,23.83h,sensor_bias,low,"(-162.5,162.5)",0.0,0.0
E_sensor_bias_0256_0376,0.00h,23.83h,sensor_bias,low,"(162.5,212.5)",0.0,0.0
E_sensor_bias_0257_0249,0.00h,23.83h,sensor_bias,low,"(-12.5,62.5)",0.0,0.0
E_sensor_bias_0258_0052,0.00h,23.83h,sensor_bias,low,"(62.5,-187.5)",0.0,0.0
E_sensor_bias_0259_0289,0.00h,23.83h,sensor_bias,low,"(-12.5,112.5)",0.0,0.0
E_sensor_bias_0260_0079,0.00h,23.83h,sensor_bias,low,"(237.5,-162.5)",0.0,0.0
E_sensor_bias_0261_0270,0.00h,23.83h,sensor_bias,low,"(12.5,87.5)",0.0,0.0
E_sensor_bias_0262_0360,0.00h,23.83h,sensor_bias,low,"(-237.5,212.5)",0.0,0.0
E_sensor_bias_0263_0002,0.00h,23.83h,sensor_bias,low,"(-187.5,-237.5)",0.0,0.0
E_sensor_bias_0264_0172,0.00h,23.83h,sensor_bias,low,"(62.5,-37.5)",0.0,0.0
E_sensor_bias_0265_0382,0.00h,23.83h,sensor_bias,low,"(-187.5,237.5)",0.0,0.0
E_sensor_bias_0266_0271,0.00h,23.83h,sensor_bias,low,"(37.5,87.5)",0.0,0.0
E_sensor_bias_0267_0118,0.00h,23.83h,sensor_bias,low,"(212.5,-112.5)",0.0,0.0
E_sensor_bias_0268_0294,0.00h,23.83h,sensor_bias,low,"(112.5,112.5)",0.0,0.0
E_sensor_bias_0269_0039,0.00h,23.83h,sensor_bias,low,"(237.5,-212.5)",0.0,0.0
E_sensor_bias_0270_0303,0.00h,23.83h,sensor_bias,low,"(-162.5,137.5)",0.0,0.0
E_sensor_bias_0271_0005,0.00h,23.83h,sensor_bias,low,"(-112.5,-237.5)",0.0,0.0
E_sensor_bias_0272_0243,0.00h,23.83h,sensor_bias,low,"(-162.5,62.5)",0.0,0.0
E_sensor_bias_0273_0244,0.00h,23.83h,sensor_bias,low,"(-137.5,62.5)",0.0,0.0
E_sensor_bias_0274_0101,0.00h,23.83h,sensor_bias,low,"(-212.5,-112.5)",0.0,0.0
E_sensor_bias_0275_0060,0.00h,23.83h,sensor_bias,low,"(-237.5,-162.5)",0.0,0.0
E_sensor_bias_0276_0190,0.00h,23.83h,sensor_bias,low,"(12.5,-12.5)",0.0,0.0
E_sensor_bias_0277_0013,0.00h,23.83h,sensor_bias,low,"(87.5,-237.5)",0.0,0.0
E_sensor_bias_0278_0364,0.00h,23.83h,sensor_bias,low,"(-137.5,212.5)",0.0,0.0
E_sensor_bias_0279_0190,0.00h,23.83h,sensor_bias,low,"(12.5,-12.5)",0.0,0.0
E_sensor_bias_0280_0394,0.00h,23.83h,sensor_bias,low,"(112.5,237.5)",0.0,0.0
E_sensor_bias_0281_0356,0.00h,23.83h,sensor_bias,low,"(162.5,187.5)",0.0,0.0
E_sensor_bias_0282_0195,0.00h,23.83h,sensor_bias,low,"(137.5,-12.5)",0.0,0.0
E_sensor_bias_0283_0093,0.00h,23.83h,sensor_bias,low,"(87.5,-137.5)",0.0,0.0
E_sensor_bias_0284_0099,0.00h,23.83h,sensor_bias,low,"(237.5,-137.5)",0.0,0.0
E_sensor_bias_0285_0166,0.00h,23.83h,sensor_bias,low,"(-87.5,-37.5)",0.0,0.0
E_sensor_bias_0286_0020,0.00h,23.83h,sensor_bias,low,"(-237.5,-212.5)",0.0,0.0
E_sensor_bias_0287_0393,0.00h,23.83h,sensor_bias,low,"(87.5,237.5)",0.0,0.0
E_sensor_bias_0288_0320,0.00h,23.83h,sensor_bias,low,"(-237.5,162.5)",0.0,0.0
E_sensor_bias_0289_0269,0.00h,23.83h,sensor_bias,low,"(-12.5,87.5)",0.0,0.0
E_sensor_bias_0290_0364,0.00h,23.83h,sensor_bias,low,"(-137.5,212.5)",0.0,0.0
E_sensor_bias_0291_0255,0.00h,23.83h,sensor_bias,low,"(137.5,62.5)",0.0,0.0
E_sensor_bias_0292_0102,0.00h,23.83h,sensor_bias,low,"(-187.5,-112.5)",0.0,0.0
E_sensor_bias_0293_0317,0.00h,23.83h,sensor_bias,low,"(187.5,137.5)",0.0,0.0
E_sensor_bias_0294_0258,0.00h,23.83h,sensor_bias,low,"(212.5,62.5)",0.0,0.0
E_sensor_bias_0295_0018,0.00h,23.83h,sensor_bias,low,"(212.5,-237.5)",0.0,0.0
E_sensor_bias_0296_0214,0.00h,23.83h,sensor_bias,low,"(112.5,12.5)",0.0,0.0
E_sensor_bias_0297_0023,0.00h,23.83h,sensor_bias,low,"(-162.5,-212.5)",0.0,0.0
E_sensor_bias_0298_0244,0.00h,23.83h,sensor_bias,low,"(-137.5,62.5)",0.0,0.0
E_sensor_bias_0299_0323,0.00h,23.83h,sensor_bias,low,"(-162.5,162.5)",0.0,0.0
E_sensor_bias_0300_0267,0.00h,23.83h,sensor_bias,low,"(-62.5,87.5)",0.0,0.0
E_sensor_bias_0301_0015,0.00h,23.83h,sensor_bias,low,"(137.5,-237.5)",0.0,0.0
E_sensor_bias_0302_0108,0.00h,23.83h,sensor_bias,low,"(-37.5,-112.5)",0.0,0.0
E_sensor_bias_0303_0057,0.00h,23.83h,sensor_bias,low,"(187.5,-187.5)",0.0,0.0
E_sensor_bias_0304_0171,0.00h,23.83h,sensor_bias,low,"(37.5,-37.5)",0.0,0.0
E_sensor_bias_0305_0205,0.00h,23.83h,sensor_bias,low,"(-112.5,12.5)",0.0,0.0
E_sensor_bias_0306_0222,0.00h,23.83h,sensor_bias,low,"(-187.5,37.5)",0.0,0.0
E_sensor_bias_0307_0131,0.00h,23.83h,sensor_bias,low,"(37.5,-87.5)",0.0,0.0
E_sensor_bias_0308_0089,0.00h,23.83h,sensor_bias,low,"(-12.5,-137.5)",0.0,0.0
E_sensor_bias_0309_0394,0.00h,23.83h,sensor_bias,low,"(112.5,237.5)",0.0,0.0
E_sensor_bias_0310_0179,0.00h,23.83h,sensor_bias,low,"(237.5,-37.5)",0.0,0.0
E_sensor_bias_0311_0228,0.00h,23.83h,sensor_bias,low,"(-37.5,37.5)",0.0,0.0
E_sensor_bias_0312_0310,0.00h,23.83h,sensor_bias,low,"(12.5,137.5)",0.0,0.0
E_sensor_bias_0313_0046,0.00h,23.83h,sensor_bias,low,"(-87.5,-187.5)",0.0,0.0
E_sensor_bias_0314_0274,0.00h,23.83h,sensor_bias,low,"(112.5,87.5)",0.0,0.0
E_sensor_bias_0315_0258,0.00h,23.83h,sensor_bias,low,"(212.5,62.5)",0.0,0.0
E_sensor_bias_0316_0178,0.00h,23.83h,sensor_bias,low,"(212.5,-37.5)",0.0,0.0
E_sensor_bias_0317_0001,0.00h,23.83h,sensor_bias,low,"(-212.5,-237.5)",0.0,0.0
E_sensor_bias_0318_0365,0.00h,23.83h,sensor_bias,low,"(-112.5,212.5)",0.0,0.0
E_sensor_bias_0319_0394,0.00h,23.83h,sensor_bias,low,"(112.5,237.5)",0.0,0.0
E_sensor_bias_0320_0270,0.00h,23.83h,sensor_bias,low,"(12.5,87.5)",0.0,0.0
E_sensor_bias_0321_0116,0.00h,23.83h,sensor_bias,low,"(162.5,-112.5)",0.0,0.0
E_sensor_bias_0322_0100,0.00h,23.83h,sensor_bias,low,"(-237.5,-112.5)",0.0,0.0
E_sensor_bias_0323_0060,0.00h,23.83h,sensor_bias,low,"(-237.5,-162.5)",0.0,0.0
E_sensor_bias_0324_0216,0.00h,23.83h,sensor_bias,low,"(162.5,12.5)",0.0,0.0
E_sensor_bias_0325_0216,0.00h,23.83h,sensor_bias,low,"(162.5,12.5)",0.0,0.0
E_sensor_bias_0326_0042,0.00h,23.83h,sensor_bias,low,"(-187.5,-187.5)",0.0,0.0
E_sensor_bias_0327_0391,0.00h,23.83h,sensor_bias,low,"(37.5,237.5)",0.0,0.0
E_sensor_bias_0328_0048,0.00h,23.83h,sensor_bias,low,"(-37.5,-187.5)",0.0,0.0
E_sensor_bias_0329_0072,0.00h,23.83h,sensor_bias,low,"(62.5,-162.5)",0.0,0.0
E_sensor_bias_0330_0246,0.00h,23.83h,sensor_bias,low,"(-87.5,62.5)",0.0,0.0
E_sensor_bias_0331_0164,0.00h,23.83h,sensor_bias,low,"(-137.5,-37.5)",0.0,0.0
E_sensor_bias_0332_0355,0.00h,23.83h,sensor_bias,low,"(137.5,187.5)",0.0,0.0
E_sensor_bias_0333_0350,0.00h,23.83h,sensor_bias,low,"(12.5,187.5)",0.0,0.0
E_sensor_bias_0334_0111,0.00h,23.83h,sensor_bias,low,"(37.5,-112.5)",0.0,0.0
E_sensor_bias_0335_0013,0.00h,23.83h,sensor_bias,low,"(87.5,-237.5)",0.0,0.0
E_sensor_bias_0336_0178,0.00h,23.83h,sensor_bias,low,"(212.5,-37.5)",0.0,0.0
E_sensor_bias_0337_0212,0.00h,23.83h,sensor_bias,low,"(62.5,12.5)",0.0,0.0
E_sensor_bias_0338_0140,0.00h,23.83h,sensor_bias,low,"(-237.5,-62.5)",0.0,0.0
E_sensor_bias_0339_0190,0.00h,23.83h,sensor_bias,low,"(12.5,-12.5)",0.0,0.0
E_sensor_bias_0340_0131,0.00h,23.83h,sensor_bias,low,"(37.5,-87.5)",0.0,0.0
E_sensor_bias_0341_0166,0.00h,23.83h,sensor_bias,low,"(-87.5,-37.5)",0.0,0.0
E_sensor_bias_0342_0344,0.00h,23.83h,sensor_bias,low,"(-137.5,187.5)",0.0,0.0
E_sensor_bias_0343_0236,0.00h,23.83h,sensor_bias,low,"(162.5,37.5)",0.0,0.0
E_sensor_bias_0344_0006,0.00h,23.83h,sensor_bias,low,"(-87.5,-237.5)",0.0,0.0
E_sensor_bias_0345_0092,0.00h,23.83h,sensor_bias,low,"(62.5,-137.5)",0.0,0.0
E_sensor_bias_0346_0344,0.00h,23.83h,sensor_bias,low,"(-137.5,187.5)",0.0,0.0
E_sensor_bias_0347_0377,0.00h,23.83h,sensor_bias,low,"(187.5,212.5)",0.0,0.0
E_sensor_bias_0348_0242,0.00h,23.83h,sensor_bias,low,"(-187.5,62.5)",0.0,0.0
E_sensor_bias_0349_0100,0.00h,23.83h,sensor_bias,low,"(-237.5,-112.5)",0.0,0.0
E_sensor_bias_0350_0070,0.00h,23.83h,sensor_bias,low,"(12.5,-162.5)",0.0,0.0
E_sensor_bias_0351_0278,0.00h,23.83h,sensor_bias,low,"(212.5,87.5)",0.0,0.0
E_sensor_bias_0352_0375,0.00h,23.83h,sensor_bias,low,"(137.5,212.5)",0.0,0.0
E_sensor_bias_0353_0156,0.00h,23.83h,sensor_bias,low,"(162.5,-62.5)",0.0,0.0
E_sensor_bias_0354_0119,0.00h,23.83h,sensor_bias,low,"(237.5,-112.5)",0.0,0.0
E_sensor_bias_0355_0072,0.00h,23.83h,sensor_bias,low,"(62.5,-162.5)",0.0,0.0
E_sensor_bias_0356_0320,0.00h,23.83h,sensor_bias,low,"(-237.5,162.5)",0.0,0.0
E_sensor_bias_0357_0010,0.00h,23.83h,sensor_bias,low,"(12.5,-237.5)",0.0,0.0
E_sensor_bias_0358_0254,0.00h,23.83h,sensor_bias,low,"(112.5,62.5)",0.0,0.0
E_sensor_bias_0359_0238,0.00h,23.83h,sensor_bias,low,"(212.5,37.5)",0.0,0.0
E_sensor_bias_0360_0005,0.00h,23.83h,sensor_bias,low,"(-112.5,-237.5)",0.0,0.0
E_sensor_bias_0361_0277,0.00h,23.83h,sensor_bias,low,"(187.5,87.5)",0.0,0.0
E_sensor_bias_0362_0279,0.00h,23.83h,sensor_bias,low,"(237.5,87.5)",0.0,0.0
E_sensor_bias_0363_0320,0.00h,23.83h,sensor_bias,low,"(-237.5,162.5)",0.0,0.0
E_sensor_bias_0364_0312,0.00h,23.83h,sensor_bias,low,"(62.5,137.5)",0.0,0.0
E_sensor_bias_0365_0003,0.00h,23.83h,sensor_bias,low,"(-162.5,-237.5)",0.0,0.0
E_sensor_bias_0366_0078,0.00h,23.83h,sensor_bias,low,"(212.5,-162.5)",0.0,0.0
E_sensor_bias_0367_0376,0.00h,23.83h,sensor_bias,low,"(162.5,212.5)",0.0,0.0
E_sensor_bias_0368_0079,0.00h,23.83h,sensor_bias,low,"(237.5,-162.5)",0.0,0.0
E_sensor_bias_0369_0394,0.00h,23.83h,sensor_bias,low,"(112.5,237.5)",0.0,0.0
E_sensor_bias_0370_0346,0.00h,23.83h,sensor_bias,low,"(-87.5,187.5)",0.0,0.0
E_sensor_bias_0371_0081,0.00h,23.83h,sensor_bias,low,"(-212.5,-137.5)",0.0,0.0
E_sensor_bias_0372_0139,0.00h,23.83h,sensor_bias,low,"(237.5,-87.5)",0.0,0.0
E_sensor_bias_0373_0354,0.00h,23.83h,sensor_bias,low,"(112.5,187.5)",0.0,0.0
E_sensor_bias_0374_0185,0.00h,23.83h,sensor_bias,low,"(-112.5,-12.5)",0.0,0.0
E_sensor_bias_0375_0396,0.00h,23.83h,sensor_bias,low,"(162.5,237.5)",0.0,0.0
E_sensor_bias_0376_0048,0.00h,23.83h,sensor_bias,low,"(-37.5,-187.5)",0.0,0.0
E_sensor_bias_0377_0200,0.00h,23.83h,sensor_bias,low,"(-237.5,12.5)",0.0,0.0
E_sensor_bias_0378_0149,0.00h,23.83h,sensor_bias,low,"(-12.5,-62.5)",0.0,0.0
E_sensor_bias_0379_0285,0.00h,23.83h,sensor_bias,low,"(-112.5,112.5)",0.0,0.0
E_sensor_bias_0380_0024,0.00h,23.83h,sensor_bias,low,"(-137.5,-212.5)",0.0,0.0
E_sensor_bias_0381_0303,0.00h,23.83h,sensor_bias,low,"(-162.5,137.5)",0.0,0.0
E_sensor_bias_0382_0133,0.00h,23.83h,sensor_bias,low,"(87.5,-87.5)",0.0,0.0
E_sensor_bias_0383_0004,0.00h,23.83h,sensor_bias,low,"(-137.5,-237.5)",0.0,0.0
E_sensor_bias_0384_0247,0.00h,23.83h,sensor_bias,low,"(-62.5,62.5)",0.0,0.0
E_sensor_bias_0385_0059,0.00h,23.83h,sensor_bias,low,"(237.5,-187.5)",0.0,0.0
E_sensor_bias_0386_0348,0.00h,23.83h,sensor_bias,low,"(-37.5,187.5)",0.0,0.0
E_sensor_bias_0387_0176,0.00h,23.83h,sensor_bias,low,"(162.5,-37.5)",0.0,0.0
E_sensor_bias_0388_0335,0.00h,23.83h,sensor_bias,low,"(137.5,162.5)",0.0,0.0
E_sensor_bias_0389_0148,0.00h,23.83h,sensor_bias,low,"(-37.5,-62.5)",0.0,0.0
E_sensor_bias_0390_0007,0.00h,23.83h,sensor_bias,low,"(-62.5,-237.5)",0.0,0.0
E_sensor_bias_0391_0248,0.00h,23.83h,sensor_bias,low,"(-37.5,62.5)",0.0,0.0
E_sensor_bias_0392_0018,0.00h,23.83h,sensor_bias,low,"(212.5,-237.5)",0.0,0.0
E_sensor_bias_0393_0167,0.00h,23.83h,sensor_bias,low,"(-62.5,-37.5)",0.0,0.0
E_sensor_bias_0394_0310,0.00h,23.83h,sensor_bias,low,"(12.5,137.5)",0.0,0.0
E_sensor_bias_0395_0115,0.00h,23.83h,sensor_bias,low,"(137.5,-112.5)",0.0,0.0
E_sensor_bias_0396_0300,0.00h,23.83h,sensor_bias,low,"(-237.5,137.5)",0.0,0.0
E_sensor_bias_0397_0065,0.00h,23.83h,sensor_bias,low,"(-112.5,-162.5)",0.0,0.0
E_sensor_bias_0398_0254,0.00h,23.83h,sensor_bias,low,"(112.5,62.5)",0.0,0.0
E_sensor_bias_0399_0091,0.00h,23.83h,sensor_bias,low,"(37.5,-137.5)",0.0,0.0
E_sensor_bias_0400_0020,0.00h,23.83h,sensor_bias,low,"(-237.5,-212.5)",0.0,0.0
E_sensor_bias_0401_0065,0.00h,23.83h,sensor_bias,low,"(-112.5,-162.5)",0.0,0.0
E_sensor_bias_0402_0351,0.00h,23.83h,sensor_bias,low,"(37.5,187.5)",0.0,0.0
E_sensor_bias_0403_0101,0.00h,23.83h,sensor_bias,low,"(-212.5,-112.5)",0.0,0.0
E_sensor_bias_0404_0036,0.00h,23.83h,sensor_bias,low,"(162.5,-212.5)",0.0,0.0
E_sensor_bias_0405_0166,0.00h,23.83h,sensor_bias,low,"(-87.5,-37.5)",0.0,0.0
E_sensor_bias_0406_0010,0.00h,23.83h,sensor_bias,low,"(12.5,-237.5)",0.0,0.0
E_sensor_bias_0407_0218,0.00h,23.83h,sensor_bias,low,"(212.5,12.5)",0.0,0.0
E_sensor_bias_0408_0087,0.00h,23.83h,sensor_bias,low,"(-62.5,-137.5)",0.0,0.0
E_sensor_bias_0409_0280,0.00h,23.83h,sensor_bias,low,"(-237.5,112.5)",0.0,0.0
E_sensor_bias_0410_0183,0.00h,23.83h,sensor_bias,low,"(-162.5,-12.5)",0.0,0.0
E_sensor_bias_0411_0177,0.00h,23.83h,sensor_bias,low,"(187.5,-37.5)",0.0,0.0
E_sensor_bias_0412_0293,0.00h,23.83h,sensor_bias,low,"(87.5,112.5)",0.0,0.0
E_sensor_bias_0413_0214,0.00h,23.83h,sensor_bias,low,"(112.5,12.5)",0.0,0.0
E_sensor_bias_0414_0070,0.00h,23.83h,sensor_bias,low,"(12.5,-162.5)",0.0,0.0
E_sensor_bias_0415_0260,0.00h,23.83h,sensor_bias,low,"(-237.5,87.5)",0.0,0.0
E_sensor_bias_0416_0235,0.00h,23.83h,sensor_bias,low,"(137.5,37.5)",0.0,0.0
E_sensor_bias_0417_0289,0.00h,23.83h,sensor_bias,low,"(-12.5,112.5)",0.0,0.0
E_sensor_bias_0418_0246,0.00h,23.83h,sensor_bias,low,"(-87.5,62.5)",0.0,0.0
E_sensor_bias_0419_0361,0.00h,23.83h,sensor_bias,low,"(-212.5,212.5)",0.0,0.0
E_sensor_bias_0420_0375,0.00h,23.83h,sensor_bias,low,"(137.5,212.5)",0.0,0.0
E_sensor_bias_0421_0256,0.00h,23.83h,sensor_bias,low,"(162.5,62.5)",0.0,0.0
E_sensor_bias_0422_0059,0.00h,23.83h,sensor_bias,low,"(237.5,-187.5)",0.0,0.0
E_sensor_bias_0423_0022,0.00h,23.83h,sensor_bias,low,"(-187.5,-212.5)",0.0,0.0
E_sensor_bias_0424_0035,0.00h,23.83h,sensor_bias,low,"(137.5,-212.5)",0.0,0.0
E_sensor_bias_0425_0326,0.00h,23.83h,sensor_bias,low,"(-87.5,162.5)",0.0,0.0
E_sensor_bias_0426_0289,0.00h,23.83h,sensor_bias,low,"(-12.5,112.5)",0.0,0.0
E_sensor_bias_0427_0316,0.00h,23.83h,sensor_bias,low,"(162.5,137.5)",0.0,0.0
E_sensor_bias_0428_0036,0.00h,23.83h,sensor_bias,low,"(162.5,-212.5)",0.0,0.0
E_sensor_bias_0429_0265,0.00h,23.83h,sensor_bias,low,"(-112.5,87.5)",0.0,0.0
E_sensor_bias_0430_0201,0.00h,23.83h,sensor_bias,low,"(-212.5,12.5)",0.0,0.0
E_sensor_bias_0431_0387,0.00h,23.83h,sensor_bias,low,"(-62.5,237.5)",0.0,0.0
E_sensor_bias_0432_0236,0.00h,23.83h,sensor_bias,low,"(162.5,37.5)",0.0,0.0
E_sensor_bias_0433_0231,0.00h,23.83h,sensor_bias,low,"(37.5,37.5)",0.0,0.0
E_sensor_bias_0434_0071,0.00h,23.83h,sensor_bias,low,"(37.5,-162.5)",0.0,0.0
E_sensor_bias_0435_0331,0.00h,23.83h,sensor_bias,low,"(37.5,162.5)",0.0,0.0
E_sensor_bias_0436_0063,0.00h,23.83h,sensor_bias,low,"(-162.5,-162.5)",0.0,0.0
E_sensor_bias_0437_0052,0.00h,23.83h,sensor_bias,low,"(62.5,-187.5)",0.0,0.0
E_sensor_bias_0438_0150,0.00h,23.83h,sensor_bias,low,"(12.5,-62.5)",0.0,0.0
E_sensor_bias_0439_0154,0.00h,23.83h,sensor_bias,low,"(112.5,-62.5)",0.0,0.0
E_sensor_bias_0440_0268,0.00h,23.83h,sensor_bias,low,"(-37.5,87.5)",0.0,0.0
E_sensor_bias_0441_0140,0.00h,23.83h,sensor_bias,low,"(-237.5,-62.5)",0.0,0.0
E_sensor_bias_0442_0121,0.00h,23.83h,sensor_bias,low,"(-212.5,-87.5)",0.0,0.0
E_sensor_bias_0443_0297,0.00h,23.83h,sensor_bias,low,"(187.5,112.5)",0.0,0.0
E_sensor_bias_0444_0354,0.00h,23.83h,sensor_bias,low,"(112.5,187.5)",0.0,0.0
E_sensor_bias_0445_0233,0.00h,23.83h,sensor_bias,low,"(87.5,37.5)",0.0,0.0
E_sensor_bias_0446_0114,0.00h,23.83h,sensor_bias,low,"(112.5,-112.5)",0.0,0.0
E_sensor_bias_0447_0019,0.00h,23.83h,sensor_bias,low,"(237.5,-237.5)",0.0,0.0
E_sensor_bias_0448_0200,0.00h,23.83h,sensor_bias,low,"(-237.5,12.5)",0.0,0.0
E_sensor_bias_0449_0269,0.00h,23.83h,sensor_bias,low,"(-12.5,87.5)",0.0,0.0
E_sensor_bias_0450_0387,0.00h,23.83h,sensor_bias,low,"(-62.5,237.5)",0.0,0.0
E_sensor_bias_0451_0256,0.00h,23.83h,sensor_bias,low,"(162.5,62.5)",0.0,0.0
E_sensor_bias_0452_0297,0.00h,23.83h,sensor_bias,low,"(187.5,112.5)",0.0,0.0
E_sensor_bias_0453_0024,0.00h,23.83h,sensor_bias,low,"(-137.5,-212.5)",0.0,0.0
E_sensor_bias_0454_0024,0.00h,23.83h,sensor_bias,low,"(-137.5,-212.5)",0.0,0.0
E_sensor_bias_0455_0140,0.00h,23.83h,sensor_bias,low,"(-237.5,-62.5)",0.0,0.0
E_sensor_bias_0456_0161,0.00h,23.83h,sensor_bias,low,"(-212.5,-37.5)",0.0,0.0
E_sensor_bias_0457_0270,0.00h,23.83h,sensor_bias,low,"(12.5,87.5)",0.0,0.0
E_sensor_bias_0458_0018,0.00h,23.83h,sensor_bias,low,"(212.5,-237.5)",0.0,0.0
E_sensor_bias_0459_0256,0.00h,23.83h,sensor_bias,low,"(162.5,62.5)",0.0,0.0
E_sensor_bias_0460_0071,0.00h,23.83h,sensor_bias,low,"(37.5,-162.5)",0.0,0.0
E_sensor_bias_0461_0240,0.00h,23.83h,sensor_bias,low,"(-237.5,62.5)",0.0,0.0
E_sensor_bias_0462_0055,0.00h,23.83h,sensor_bias,low,"(137.5,-187.5)",0.0,0.0
E_sensor_bias_0463_0337,0.00h,23.83h,sensor_bias,low,"(187.5,162.5)",0.0,0.0
E_sensor_bias_0464_0366,0.00h,23.83h,sensor_bias,low,"(-87.5,212.5)",0.0,0.0
E_sensor_bias_0465_0020,0.00h,23.83h,sensor_bias,low,"(-237.5,-212.5)",0.0,0.0
E_sensor_bias_0466_0390,0.00h,23.83h,sensor_bias,low,"(12.5,237.5)",0.0,0.0
E_sensor_bias_0467_0356,0.00h,23.83h,sensor_bias,low,"(162.5,187.5)",0.0,0.0
E_sensor_bias_0468_0380,0.00h,23.83h,sensor_bias,low,"(-237.5,237.5)",0.0,0.0
E_sensor_bias_0469_0195,0.00h,23.83h,sensor_bias,low,"(137.5,-12.5)",0.0,0.0
E_sensor_bias_0470_0122,0.00h,23.83h,sensor_bias,low,"(-187.5,-87.5)",0.0,0.0
E_sensor_bias_0471_0182,0.00h,23.83h,sensor_bias,low,"(-187.5,-12.5)",0.0,0.0
E_sensor_bias_0472_0333,0.00h,23.83h,sensor_bias,low,"(87.5,162.5)",0.0,0.0
E_sensor_bias_0473_0019,0.00h,23.83h,sensor_bias,low,"(237.5,-237.5)",0.0,0.0
E_sensor_bias_0474_0077,0.00h,23.83h,sensor_bias,low,"(187.5,-162.5)",0.0,0.0
E_sensor_bias_0475_0271,0.00h,23.83h,sensor_bias,low,"(37.5,87.5)",0.0,0.0
E_sensor_bias_0476_0117,0.00h,23.83h,sensor_bias,low,"(187.5,-112.5)",0.0,0.0
E_sensor_bias_0477_0080,0.00h,23.83h,sensor_bias,low,"(-237.5,-137.5)",0.0,0.0
E_sensor_bias_0478_0302,0.00h,23.83h,sensor_bias,low,"(-187.5,137.5)",0.0,0.0
E_sensor_bias_0479_0362,0.00h,23.83h,sensor_bias,low,"(-187.5,212.5)",0.0,0.0
E_sensor_bias_0480_0378,0.00h,23.83h,sensor_bias,low,"(212.5,212.5)",0.0,0.0
E_sensor_bias_0481_0085,0.00h,23.83h,sensor_bias,low,"(-112.5,-137.5)",0.0,0.0
E_sensor_bias_0482_0270,0.00h,23.83h,sensor_bias,low,"(12.5,87.5)",0.0,0.0
E_sensor_bias_0483_0331,0.00h,23.83h,sensor_bias,low,"(37.5,162.5)",0.0,0.0
E_sensor_bias_0484_0237,0.00h,23.83h,sensor_bias,low,"(187.5,37.5)",0.0,0.0
E_sensor_bias_0485_0153,0.00h,23.83h,sensor_bias,low,"(87.5,-62.5)",0.0,0.0
E_sensor_bias_0486_0294,0.00h,23.83h,sensor_bias,low,"(112.5,112.5)",0.0,0.0
E_sensor_bias_0487_0217,0.00h,23.83h,sensor_bias,low,"(187.5,12.5)",0.0,0.0
E_sensor_bias_0488_0087,0.00h,23.83h,sensor_bias,low,"(-62.5,-137.5)",0.0,0.0
E_sensor_bias_0489_0154,0.00h,23.83h,sensor_bias,low,"(112.5,-62.5)",0.0,0.0
E_sensor_bias_0490_0262,0.00h,23.83h,sensor_bias,low,"(-187.5,87.5)",0.0,0.0
E_sensor_bias_0491_0266,0.00h,23.83h,sensor_bias,low,"(-87.5,87.5)",0.0,0.0
E_sensor_bias_0492_0088,0.00h,23.83h,sensor_bias,low,"(-37.5,-137.5)",0.0,0.0
E_sensor_bias_0493_0173,0.00h,23.83h,sensor_bias,low,"(87.5,-37.5)",0.0,0.0
E_sensor_bias_0494_0198,0.00h,23.83h,sensor_bias,low,"(212.5,-12.5)",0.0,0.0
E_sensor_bias_0495_0025,0.00h,23.83h,sensor_bias,low,"(-112.5,-212.5)",0.0,0.0
E_sensor_bias_0496_0140,0.00h,23.83h,sensor_bias,low,"(-237.5,-62.5)",0.0,0.0
E_sensor_bias_0497_0297,0.00h,23.83h,sensor_bias,low,"(187.5,112.5)",0.0,0.0
E_sensor_bias_0498_0100,0.00h,23.83h,sensor_bias,low,"(-237.5,-112.5)",0.0,0.0
E_sensor_bias_0499_0212,0.00h,23.83h,sensor_bias,low,"(62.5,12.5)",0.0,0.0
E_sensor_bias_0500_0117,0.00h,23.83h,sensor_bias,low,"(187.5,-112.5)",0.0,0.0
E_sensor_bias_0501_0048,0.00h,23.83h,sensor_bias,low,"(-37.5,-187.5)",0.0,0.0
E_sensor_bias_0502_0040,0.00h,23.83h,sensor_bias,low,"(-237.5,-187.5)",0.0,0.0
E_sensor_bias_0503_0002,0.00h,23.83h,sensor_bias,low,"(-187.5,-237.5)",0.0,0.0
E_sensor_bias_0504_0333,0.00h,23.83h,sensor_bias,low,"(87.5,162.5)",0.0,0.0
E_sensor_bias_0505_0092,0.00h,23.83h,sensor_bias,low,"(62.5,-137.5)",0.0,0.0
E_sensor_bias_0506_0042,0.00h,23.83h,sensor_bias,low,"(-187.5,-187.5)",0.0,0.0
E_sensor_bias_0507_0036,0.00h,23.83h,sensor_bias,low,"(162.5,-212.5)",0.0,0.0
E_sensor_bias_0508_0225,0.00h,23.83h,sensor_bias,low,"(-112.5,37.5)",0.0,0.0
E_sensor_bias_0509_0164,0.00h,23.83h,sensor_bias,low,"(-137.5,-37.5)",0.0,0.0
E_sensor_bias_0510_0003,0.00h,23.83h,sensor_bias,low,"(-162.5,-237.5)",0.0,0.0
E_sensor_bias_0511_0082,0.00h,23.83h,sensor_bias,low,"(-187.5,-137.5)",0.0,0.0
E_sensor_bias_0512_0172,0.00h,23.83h,sensor_bias,low,"(62.5,-37.5)",0.0,0.0
E_sensor_bias_0513_0371,0.00h,23.83h,sensor_bias,low,"(37.5,212.5)",0.0,0.0
E_sensor_bias_0514_0262,0.00h,23.83h,sensor_bias,low,"(-187.5,87.5)",0.0,0.0
E_sensor_bias_0515_0207,0.00h,23.83h,sensor_bias,low,"(-62.5,12.5)",0.0,0.0
E_sensor_bias_0516_0305,0.00h,23.83h,sensor_bias,low,"(-112.5,137.5)",0.0,0.0
E_sensor_bias_0517_0261,0.00h,23.83h,sensor_bias,low,"(-212.5,87.5)",0.0,0.0
E_sensor_bias_0518_0187,0.00h,23.83h,sensor_bias,low,"(-62.5,-12.5)",0.0,0.0
E_sensor_bias_0519_0270,0.00h,23.83h,sensor_bias,low,"(12.5,87.5)",0.0,0.0
E_sensor_bias_0520_0038,0.00h,23.83h,sensor_bias,low,"(212.5,-212.5)",0.0,0.0
E_sensor_bias_0521_0282,0.00h,23.83h,sensor_bias,low,"(-187.5,112.5)",0.0,0.0
E_sensor_bias_0522_0078,0.00h,23.83h,sensor_bias,low,"(212.5,-162.5)",0.0,0.0
E_sensor_bias_0523_0155,0.00h,23.83h,sensor_bias,low,"(137.5,-62.5)",0.0,0.0
E_sensor_bias_0524_0094,0.00h,23.83h,sensor_bias,low,"(112.5,-137.5)",0.0,0.0
E_sensor_bias_0525_0080,0.00h,23.83h,sensor_bias,low,"(-237.5,-137.5)",0.0,0.0
E_sensor_bias_0526_0017,0.00h,23.83h,sensor_bias,low,"(187.5,-237.5)",0.0,0.0
E_sensor_bias_0527_0196,0.00h,23.83h,sensor_bias,low,"(162.5,-12.5)",0.0,0.0
E_sensor_bias_0528_0362,0.00h,23.83h,sensor_bias,low,"(-187.5,212.5)",0.0,0.0
E_sensor_bias_0529_0000,0.00h,23.83h,sensor_bias,low,"(-237.5,-237.5)",0.0,0.0
E_sensor_bias_0530_0153,0.00h,23.83h,sensor_bias,low,"(87.5,-62.5)",0.0,0.0
E_sensor_bias_0531_0025,0.00h,23.83h,sensor_bias,low,"(-112.5,-212.5)",0.0,0.0
E_sensor_bias_0532_0040,0.00h,23.83h,sensor_bias,low,"(-237.5,-187.5)",0.0,0.0
E_sensor_bias_0533_0261,0.00h,23.83h,sensor_bias,low,"(-212.5,87.5)",0.0,0.0
E_sensor_bias_0534_0168,0.00h,23.83h,sensor_bias,low,"(-37.5,-37.5)",0.0,0.0
E_sensor_bias_0535_0169,0.00h,23.83h,sensor_bias,low,"(-12.5,-37.5)",0.0,0.0
E_sensor_bias_0536_0391,0.00h,23.83h,sensor_bias,low,"(37.5,237.5)",0.0,0.0
E_sensor_bias_0537_0295,0.00h,23.83h,sensor_bias,low,"(137.5,112.5)",0.0,0.0
E_sensor_bias_0538_0163,0.00h,23.83h,sensor_bias,low,"(-162.5,-37.5)",0.0,0.0
E_sensor_bias_0539_0046,0.00h,23.83h,sensor_bias,low,"(-87.5,-187.5)",0.0,0.0
E_sensor_bias_0540_0056,0.00h,23.83h,sensor_bias,low,"(162.5,-187.5)",0.0,0.0
E_sensor_bias_0541_0009,0.00h,23.83h,sensor_bias,low,"(-12.5,-237.5)",0.0,0.0
E_sensor_bias_0542_0106,0.00h,23.83h,sensor_bias,low,"(-87.5,-112.5)",0.0,0.0
E_sensor_bias_0543_0206,0.00h,23.83h,sensor_bias,low,"(-87.5,12.5)",0.0,0.0
E_sensor_bias_0544_0366,0.00h,23.83h,sensor_bias,low,"(-87.5,212.5)",0.0,0.0
E_sensor_bias_0545_0033,0.00h,23.83h,sensor_bias,low,"(87.5,-212.5)",0.0,0.0
E_sensor_bias_0546_0138,0.00h,23.83h,sensor_bias,low,"(212.5,-87.5)",0.0,0.0
E_sensor_bias_0547_0185,0.00h,23.83h,sensor_bias,low,"(-112.5,-12.5)",0.0,0.0
E_sensor_bias_0548_0074,0.00h,23.83h,sensor_bias,low,"(112.5,-162.5)",0.0,0.0
E_sensor_bias_0549_0344,0.00h,23.83h,sensor_bias,low,"(-137.5,187.5)",0.0,0.0
E_sensor_bias_0550_0331,0.00h,23.83h,sensor_bias,low,"(37.5,162.5)",0.0,0.0
E_sensor_bias_0551_0296,0.00h,23.83h,sensor_bias,low,"(162.5,112.5)",0.0,0.0
E_sensor_bias_0552_0258,0.00h,23.83h,sensor_bias,low,"(212.5,62.5)",0.0,0.0
E_sensor_bias_0553_0116,0.00h,23.83h,sensor_bias,low,"(162.5,-112.5)",0.0,0.0
E_sensor_bias_0554_0257,0.00h,23.83h,sensor_bias,low,"(187.5,62.5)",0.0,0.0
E_sensor_bias_0555_0276,0.00h,23.83h,sensor_bias,low,"(162.5,87.5)",0.0,0.0
E_sensor_bias_0556_0069,0.00h,23.83h,sensor_bias,low,"(-12.5,-162.5)",0.0,0.0
E_sensor_bias_0557_0166,0.00h,23.83h,sensor_bias,low,"(-87.5,-37.5)",0.0,0.0
E_sensor_bias_0558_0241,0.00h,23.83h,sensor_bias,low,"(-212.5,62.5)",0.0,0.0
E_sensor_bias_0559_0128,0.00h,23.83h,sensor_bias,low,"(-37.5,-87.5)",0.0,0.0
E_sensor_bias_0560_0347,0.00h,23.83h,sensor_bias,low,"(-62.5,187.5)",0.0,0.0
E_sensor_bias_0561_0100,0.00h,23.83h,sensor_bias,low,"(-237.5,-112.5)",0.0,0.0
E_sensor_bias_0562_0238,0.00h,23.83h,sensor_bias,low,"(212.5,37.5)",0.0,0.0
E_sensor_bias_0563_0069,0.00h,23.83h,sensor_bias,low,"(-12.5,-162.5)",0.0,0.0
E_sensor_bias_0564_0127,0.00h,23.83h,sensor_bias,low,"(-62.5,-87.5)",0.0,0.0
E_sensor_bias_0565_0192,0.00h,23.83h,sensor_bias,low,"(62.5,-12.5)",0.0,0.0
E_sensor_bias_0566_0061,0.00h,23.83h,sensor_bias,low,"(-212.5,-162.5)",0.0,0.0
E_sensor_bias_0567_0226,0.00h,23.83h,sensor_bias,low,"(-87.5,37.5)",0.0,0.0
E_sensor_bias_0568_0270,0.00h,23.83h,sensor_bias,low,"(12.5,87.5)",0.0,0.0
E_sensor_bias_0569_0381,0.00h,23.83h,sensor_bias,low,"(-212.5,237.5)",0.0,0.0
E_sensor_bias_0570_0208,0.00h,23.83h,sensor_bias,low,"(-37.5,12.5)",0.0,0.0
E_sensor_bias_0571_0011,0.00h,23.83h,sensor_bias,low,"(37.5,-237.5)",0.0,0.0
E_sensor_bias_0572_0156,0.00h,23.83h,sensor_bias,low,"(162.5,-62.5)",0.0,0.0
E_sensor_bias_0573_0343,0.00h,23.83h,sensor_bias,low,"(-162.5,187.5)",0.0,0.0
E_sensor_bias_0574_0040,0.00h,23.83h,sensor_bias,low,"(-237.5,-187.5)",0.0,0.0
E_sensor_bias_0575_0241,0.00h,23.83h,sensor_bias,low,"(-212.5,62.5)",0.0,0.0
E_sensor_bias_0576_0323,0.00h,23.83h,sensor_bias,low,"(-162.5,162.5)",0.0,0.0
E_sensor_bias_0577_0027,0.00h,23.83h,sensor_bias,low,"(-62.5,-212.5)",0.0,0.0
E_sensor_bias_0578_0221,0.00h,23.83h,sensor_bias,low,"(-212.5,37.5)",0.0,0.0
E_sensor_bias_0579_0367,0.00h,23.83h,sensor_bias,low,"(-62.5,212.5)",0.0,0.0
E_sensor_bias_0580_0373,0.00h,23.83h,sensor_bias,low,"(87.5,212.5)",0.0,0.0
E_sensor_bias_0581_0329,0.00h,23.83h,sensor_bias,low,"(-12.5,162.5)",0.0,0.0
E_sensor_bias_0582_0077,0.00h,23.83h,sensor_bias,low,"(187.5,-162.5)",0.0,0.0
E_sensor_bias_0583_0011,0.00h,23.83h,sensor_bias,low,"(37.5,-237.5)",0.0,0.0
E_sensor_bias_0584_0237,0.00h,23.83h,sensor_bias,low,"(187.5,37.5)",0.0,0.0
E_sensor_bias_0585_0358,0.00h,23.83h,sensor_bias,low,"(212.5,187.5)",0.0,0.0
E_sensor_bias_0586_0010,0.00h,23.83h,sensor_bias,low,"(12.5,-237.5)",0.0,0.0
E_sensor_bias_0587_0342,0.00h,23.83h,sensor_bias,low,"(-187.5,187.5)",0.0,0.0
E_sensor_bias_0588_0054,0.00h,23.83h,sensor_bias,low,"(112.5,-187.5)",0.0,0.0
E_sensor_bias_0589_0097,0.00h,23.83h,sensor_bias,low,"(187.5,-137.5)",0.0,0.0
E_sensor_bias_0590_0244,0.00h,23.83h,sensor_bias,low,"(-137.5,62.5)",0.0,0.0
E_sensor_bias_0591_0100,0.00h,23.83h,sensor_bias,low,"(-237.5,-112.5)",0.0,0.0
E_sensor_bias_0592_0119,0.00h,23.83h,sensor_bias,low,"(237.5,-112.5)",0.0,0.0
E_sensor_bias_0593_0360,0.00h,23.83h,sensor_bias,low,"(-237.5,212.5)",0.0,0.0
E_sensor_bias_0594_0351,0.00h,23.83h,sensor_bias,low,"(37.5,187.5)",0.0,0.0
E_sensor_bias_0595_0328,0.00h,23.83h,sensor_bias,low,"(-37.5,162.5)",0.0,0.0
E_sensor_bias_0596_0148,0.00h,23.83h,sensor_bias,low,"(-37.5,-62.5)",0.0,0.0
E_sensor_bias_0597_0039,0.00h,23.83h,sensor_bias,low,"(237.5,-212.5)",0.0,0.0
E_sensor_bias_0598_0169,0.00h,23.83h,sensor_bias,low,"(-12.5,-37.5)",0.0,0.0
E_sensor_bias_0599_0057,0.00h,23.83h,sensor_bias,low,"(187.5,-187.5)",0.0,0.0
E_sensor_bias_0600_0353,0.00h,23.83h,sensor_bias,low,"(87.5,187.5)",0.0,0.0
E_sensor_bias_0601_0155,0.00h,23.83h,sensor_bias,low,"(137.5,-62.5)",0.0,0.0
E_sensor_bias_0602_0034,0.00h,23.83h,sensor_bias,low,"(112.5,-212.5)",0.0,0.0
E_sensor_bias_0603_0262,0.00h,23.83h,sensor_bias,low,"(-187.5,87.5)",0.0,0.0
E_sensor_bias_0604_0041,0.00h,23.83h,sensor_bias,low,"(-212.5,-187.5)",0.0,0.0
E_sensor_bias_0605_0280,0.00h,23.83h,sensor_bias,low,"(-237.5,112.5)",0.0,0.0
E_sensor_bias_0606_0202,0.00h,23.83h,sensor_bias,low,"(-187.5,12.5)",0.0,0.0
E_sensor_bias_0607_0394,0.00h,23.83h,sensor_bias,low,"(112.5,237.5)",0.0,0.0
E_sensor_bias_0608_0147,0.00h,23.83h,sensor_bias,low,"(-62.5,-62.5)",0.0,0.0
E_sensor_bias_0609_0081,0.00h,23.83h,sensor_bias,low,"(-212.5,-137.5)",0.0,0.0
E_sensor_bias_0610_0368,0.00h,23.83h,sensor_bias,low,"(-37.5,212.5)",0.0,0.0
E_sensor_bias_0611_0088,0.00h,23.83h,sensor_bias,low,"(-37.5,-137.5)",0.0,0.0
E_sensor_bias_0612_0274,0.00h,23.83h,sensor_bias,low,"(112.5,87.5)",0.0,0.0
E_sensor_bias_0613_0084,0.00h,23.83h,sensor_bias,low,"(-137.5,-137.5)",0.0,0.0
E_sensor_bias_0614_0133,0.00h,23.83h,sensor_bias,low,"(87.5,-87.5)",0.0,0.0
E_sensor_bias_0615_0197,0.00h,23.83h,sensor_bias,low,"(187.5,-12.5)",0.0,0.0
E_sensor_bias_0616_0301,0.00h,23.83h,sensor_bias,low,"(-212.5,137.5)",0.0,0.0
E_sensor_bias_0617_0310,0.00h,23.83h,sensor_bias,low,"(12.5,137.5)",0.0,0.0
E_sensor_bias_0618_0081,0.00h,23.83h,sensor_bias,low,"(-212.5,-137.5)",0.0,0.0
E_sensor_bias_0619_0155,0.00h,23.83h,sensor_bias,low,"(137.5,-62.5)",0.0,0.0
E_sensor_bias_0620_0289,0.00h,23.83h,sensor_bias,low,"(-12.5,112.5)",0.0,0.0
E_sensor_bias_0621_0254,0.00h,23.83h,sensor_bias,low,"(112.5,62.5)",0.0,0.0
E_sensor_bias_0622_0121,0.00h,23.83h,sensor_bias,low,"(-212.5,-87.5)",0.0,0.0
E_sensor_bias_0623_0191,0.00h,23.83h,sensor_bias,low,"(37.5,-12.5)",0.0,0.0
E_sensor_bias_0624_0230,0.00h,23.83h,sensor_bias,low,"(12.5,37.5)",0.0,0.0
E_sensor_stuck_0000_0136,0.00h,23.83h,sensor_stuck,low,"(162.5,-87.5)",0.0,0.0
E_sensor_stuck_0001_0181,0.00h,23.83h,sensor_stuck,low,"(-212.5,-12.5)",0.0,0.0
E_sensor_stuck_0002_0086,0.00h,23.83h,sensor_stuck,low,"(-87.5,-137.5)",0.0,0.0
E_sensor_stuck_0003_0294,0.00h,23.83h,sensor_stuck,low,"(112.5,112.5)",0.0,0.0
E_sensor_stuck_0004_0019,0.00h,23.83h,sensor_stuck,low,"(237.5,-237.5)",0.0,0.0
E_sensor_stuck_0005_0292,0.00h,23.83h,sensor_stuck,low,"(62.5,112.5)",0.0,0.0
E_sensor_stuck_0006_0178,0.00h,23.83h,sensor_stuck,low,"(212.5,-37.5)",0.0,0.0
E_sensor_stuck_0007_0062,0.00h,23.83h,sensor_stuck,low,"(-187.5,-162.5)",0.0,0.0
E_sensor_stuck_0008_0126,0.00h,23.83h,sensor_stuck,low,"(-87.5,-87.5)",0.0,0.0
E_sensor_stuck_0009_0089,0.00h,23.83h,sensor_stuck,low,"(-12.5,-137.5)",0.0,0.0
E_sensor_stuck_0010_0005,0.00h,23.83h,sensor_stuck,low,"(-112.5,-237.5)",0.0,0.0
E_sensor_stuck_0011_0217,0.00h,23.83h,sensor_stuck,low,"(187.5,12.5)",0.0,0.0
E_sensor_stuck_0012_0393,0.00h,23.83h,sensor_stuck,low,"(87.5,237.5)",0.0,0.0
E_sensor_stuck_0013_0384,0.00h,23.83h,sensor_stuck,low,"(-137.5,237.5)",0.0,0.0
E_sensor_stuck_0014_0098,0.00h,23.83h,sensor_stuck,low,"(212.5,-137.5)",0.0,0.0
E_sensor_stuck_0015_0262,0.00h,23.83h,sensor_stuck,low,"(-187.5,87.5)",0.0,0.0
E_sensor_stuck_0016_0156,0.00h,23.83h,sensor_stuck,low,"(162.5,-62.5)",0.0,0.0
E_sensor_stuck_0017_0382,0.00h,23.83h,sensor_stuck,low,"(-187.5,237.5)",0.0,0.0
E_sensor_stuck_0018_0330,0.00h,23.83h,sensor_stuck,low,"(12.5,162.5)",0.0,0.0
E_sensor_stuck_0019_0379,0.00h,23.83h,sensor_stuck,low,"(237.5,212.5)",0.0,0.0
E_sensor_stuck_0020_0302,0.00h,23.83h,sensor_stuck,low,"(-187.5,137.5)",0.0,0.0
E_sensor_stuck_0021_0144,0.00h,23.83h,sensor_stuck,low,"(-137.5,-62.5)",0.0,0.0
E_sensor_stuck_0022_0092,0.00h,23.83h,sensor_stuck,low,"(62.5,-137.5)",0.0,0.0
E_sensor_stuck_0023_0009,0.00h,23.83h,sensor_stuck,low,"(-12.5,-237.5)",0.0,0.0
E_sensor_stuck_0024_0107,0.00h,23.83h,sensor_stuck,low,"(-62.5,-112.5)",0.0,0.0
E_sensor_stuck_0025_0325,0.00h,23.83h,sensor_stuck,low,"(-112.5,162.5)",0.0,0.0
E_sensor_stuck_0026_0196,0.00h,23.83h,sensor_stuck,low,"(162.5,-12.5)",0.0,0.0
E_sensor_stuck_0027_0376,0.00h,23.83h,sensor_stuck,low,"(162.5,212.5)",0.0,0.0
E_sensor_stuck_0028_0386,0.00h,23.83h,sensor_stuck,low,"(-87.5,237.5)",0.0,0.0
E_sensor_stuck_0029_0051,0.00h,23.83h,sensor_stuck,low,"(37.5,-187.5)",0.0,0.0
E_sensor_stuck_0030_0219,0.00h,23.83h,sensor_stuck,low,"(237.5,12.5)",0.0,0.0
E_sensor_stuck_0031_0223,0.00h,23.83h,sensor_stuck,low,"(-162.5,37.5)",0.0,0.0
E_sensor_stuck_0032_0043,0.00h,23.83h,sensor_stuck,low,"(-162.5,-187.5)",0.0,0.0
E_sensor_stuck_0033_0253,0.00h,23.83h,sensor_stuck,low,"(87.5,62.5)",0.0,0.0
E_sensor_stuck_0034_0224,0.00h,23.83h,sensor_stuck,low,"(-137.5,37.5)",0.0,0.0
E_sensor_stuck_0035_0329,0.00h,23.83h,sensor_stuck,low,"(-12.5,162.5)",0.0,0.0
E_sensor_stuck_0036_0121,0.00h,23.83h,sensor_stuck,low,"(-212.5,-87.5)",0.0,0.0
E_sensor_stuck_0037_0015,0.00h,23.83h,sensor_stuck,low,"(137.5,-237.5)",0.0,0.0
E_sensor_stuck_0038_0215,0.00h,23.83h,sensor_stuck,low,"(137.5,12.5)",0.0,0.0
E_sensor_stuck_0039_0360,0.00h,23.83h,sensor_stuck,low,"(-237.5,212.5)",0.0,0.0
E_sensor_stuck_0040_0208,0.00h,23.83h,sensor_stuck,low,"(-37.5,12.5)",0.0,0.0
E_sensor_stuck_0041_0206,0.00h,23.83h,sensor_stuck,low,"(-87.5,12.5)",0.0,0.0
E_sensor_stuck_0042_0282,0.00h,23.83h,sensor_stuck,low,"(-187.5,112.5)",0.0,0.0
E_sensor_stuck_0043_0325,0.00h,23.83h,sensor_stuck,low,"(-112.5,162.5)",0.0,0.0
E_sensor_stuck_0044_0373,0.00h,23.83h,sensor_stuck,low,"(87.5,212.5)",0.0,0.0
E_sensor_stuck_0045_0335,0.00h,23.83h,sensor_stuck,low,"(137.5,162.5)",0.0,0.0
E_sensor_stuck_0046_0263,0.00h,23.83h,sensor_stuck,low,"(-162.5,87.5)",0.0,0.0
E_sensor_stuck_0047_0087,0.00h,23.83h,sensor_stuck,low,"(-62.5,-137.5)",0.0,0.0
E_sensor_stuck_0048_0380,0.00h,23.83h,sensor_stuck,low,"(-237.5,237.5)",0.0,0.0
E_sensor_stuck_0049_0345,0.00h,23.83h,sensor_stuck,low,"(-112.5,187.5)",0.0,0.0
E_sensor_stuck_0050_0200,0.00h,23.83h,sensor_stuck,low,"(-237.5,12.5)",0.0,0.0
E_sensor_stuck_0051_0004,0.00h,23.83h,sensor_stuck,low,"(-137.5,-237.5)",0.0,0.0
E_sensor_stuck_0052_0351,0.00h,23.83h,sensor_stuck,low,"(37.5,187.5)",0.0,0.0
E_sensor_stuck_0053_0108,0.00h,23.83h,sensor_stuck,low,"(-37.5,-112.5)",0.0,0.0
E_sensor_stuck_0054_0219,0.00h,23.83h,sensor_stuck,low,"(237.5,12.5)",0.0,0.0
E_sensor_stuck_0055_0086,0.00h,23.83h,sensor_stuck,low,"(-87.5,-137.5)",0.0,0.0
E_sensor_stuck_0056_0134,0.00h,23.83h,sensor_stuck,low,"(112.5,-87.5)",0.0,0.0
E_sensor_stuck_0057_0265,0.00h,23.83h,sensor_stuck,low,"(-112.5,87.5)",0.0,0.0
E_sensor_stuck_0058_0070,0.00h,23.83h,sensor_stuck,low,"(12.5,-162.5)",0.0,0.0
E_sensor_stuck_0059_0021,0.00h,23.83h,sensor_stuck,low,"(-212.5,-212.5)",0.0,0.0
E_sensor_stuck_0060_0058,0.00h,23.83h,sensor_stuck,low,"(212.5,-187.5)",0.0,0.0
E_sensor_stuck_0061_0172,0.00h,23.83h,sensor_stuck,low,"(62.5,-37.5)",0.0,0.0
E_sensor_stuck_0062_0356,0.00h,23.83h,sensor_stuck,low,"(162.5,187.5)",0.0,0.0
E_sensor_stuck_0063_0238,0.00h,23.83h,sensor_stuck,low,"(212.5,37.5)",0.0,0.0
E_sensor_stuck_0064_0072,0.00h,23.83h,sensor_stuck,low,"(62.5,-162.5)",0.0,0.0
E_sensor_stuck_0065_0236,0.00h,23.83h,sensor_stuck,low,"(162.5,37.5)",0.0,0.0
E_sensor_stuck_0066_0143,0.00h,23.83h,sensor_stuck,low,"(-162.5,-62.5)",0.0,0.0
E_sensor_stuck_0067_0033,0.00h,23.83h,sensor_stuck,low,"(87.5,-212.5)",0.0,0.0
E_sensor_stuck_0068_0006,0.00h,23.83h,sensor_stuck,low,"(-87.5,-237.5)",0.0,0.0
E_sensor_stuck_0069_0337,0.00h,23.83h,sensor_stuck,low,"(187.5,162.5)",0.0,0.0
E_sensor_stuck_0070_0337,0.00h,23.83h,sensor_stuck,low,"(187.5,162.5)",0.0,0.0
E_sensor_stuck_0071_0357,0.00h,23.83h,sensor_stuck,low,"(187.5,187.5)",0.0,0.0
E_sensor_stuck_0072_0091,0.00h,23.83h,sensor_stuck,low,"(37.5,-137.5)",0.0,0.0
E_sensor_stuck_0073_0013,0.00h,23.83h,sensor_stuck,low,"(87.5,-237.5)",0.0,0.0
E_sensor_stuck_0074_0230,0.00h,23.83h,sensor_stuck,low,"(12.5,37.5)",0.0,0.0
E_sensor_stuck_0075_0334,0.00h,23.83h,sensor_stuck,low,"(112.5,162.5)",0.0,0.0
E_sensor_stuck_0076_0296,0.00h,23.83h,sensor_stuck,low,"(162.5,112.5)",0.0,0.0
E_sensor_stuck_0077_0025,0.00h,23.83h,sensor_stuck,low,"(-112.5,-212.5)",0.0,0.0
E_sensor_stuck_0078_0369,0.00h,23.83h,sensor_stuck,low,"(-12.5,212.5)",0.0,0.0
E_sensor_stuck_0079_0157,0.00h,23.83h,sensor_stuck,low,"(187.5,-62.5)",0.0,0.0
E_sensor_stuck_0080_0396,0.00h,23.83h,sensor_stuck,low,"(162.5,237.5)",0.0,0.0
E_sensor_stuck_0081_0117,0.00h,23.83h,sensor_stuck,low,"(187.5,-112.5)",0.0,0.0
E_sensor_stuck_0082_0170,0.00h,23.83h,sensor_stuck,low,"(12.5,-37.5)",0.0,0.0
E_sensor_stuck_0083_0202,0.00h,23.83h,sensor_stuck,low,"(-187.5,12.5)",0.0,0.0
E_sensor_stuck_0084_0076,0.00h,23.83h,sensor_stuck,low,"(162.5,-162.5)",0.0,0.0
E_sensor_stuck_0085_0081,0.00h,23.83h,sensor_stuck,low,"(-212.5,-137.5)",0.0,0.0
E_sensor_stuck_0086_0045,0.00h,23.83h,sensor_stuck,low,"(-112.5,-187.5)",0.0,0.0
E_sensor_stuck_0087_0243,0.00h,23.83h,sensor_stuck,low,"(-162.5,62.5)",0.0,0.0
E_sensor_stuck_0088_0376,0.00h,23.83h,sensor_stuck,low,"(162.5,212.5)",0.0,0.0
E_sensor_stuck_0089_0218,0.00h,23.83h,sensor_stuck,low,"(212.5,12.5)",0.0,0.0
E_sensor_stuck_0090_0322,0.00h,23.83h,sensor_stuck,low,"(-187.5,162.5)",0.0,0.0
E_sensor_stuck_0091_0333,0.00h,23.83h,sensor_stuck,low,"(87.5,162.5)",0.0,0.0
E_sensor_stuck_0092_0292,0.00h,23.83h,sensor_stuck,low,"(62.5,112.5)",0.0,0.0
E_sensor_stuck_0093_0142,0.00h,23.83h,sensor_stuck,low,"(-187.5,-62.5)",0.0,0.0
E_sensor_stuck_0094_0318,0.00h,23.83h,sensor_stuck,low,"(212.5,137.5)",0.0,0.0
E_sensor_stuck_0095_0213,0.00h,23.83h,sensor_stuck,low,"(87.5,12.5)",0.0,0.0
E_sensor_stuck_0096_0331,0.00h,23.83h,sensor_stuck,low,"(37.5,162.5)",0.0,0.0
E_sensor_stuck_0097_0197,0.00h,23.83h,sensor_stuck,low,"(187.5,-12.5)",0.0,0.0
E_sensor_stuck_0098_0311,0.00h,23.83h,sensor_stuck,low,"(37.5,137.5)",0.0,0.0
E_sensor_stuck_0099_0333,0.00h,23.83h,sensor_stuck,low,"(87.5,162.5)",0.0,0.0
E_sensor_stuck_0100_0183,0.00h,23.83h,sensor_stuck,low,"(-162.5,-12.5)",0.0,0.0
E_sensor_stuck_0101_0145,0.00h,23.83h,sensor_stuck,low,"(-112.5,-62.5)",0.0,0.0
E_sensor_stuck_0102_0356,0.00h,23.83h,sensor_stuck,low,"(162.5,187.5)",0.0,0.0
E_sensor_stuck_0103_0148,0.00h,23.83h,sensor_stuck,low,"(-37.5,-62.5)",0.0,0.0
E_sensor_stuck_0104_0061,0.00h,23.83h,sensor_stuck,low,"(-212.5,-162.5)",0.0,0.0
E_sensor_stuck_0105_0254,0.00h,23.83h,sensor_stuck,low,"(112.5,62.5)",0.0,0.0
E_sensor_stuck_0106_0345,0.00h,23.83h,sensor_stuck,low,"(-112.5,187.5)",0.0,0.0
E_sensor_stuck_0107_0068,0.00h,23.83h,sensor_stuck,low,"(-37.5,-162.5)",0.0,0.0
E_sensor_stuck_0108_0318,0.00h,23.83h,sensor_stuck,low,"(212.5,137.5)",0.0,0.0
E_sensor_stuck_0109_0082,0.00h,23.83h,sensor_stuck,low,"(-187.5,-137.5)",0.0,0.0
E_sensor_stuck_0110_0302,0.00h,23.83h,sensor_stuck,low,"(-187.5,137.5)",0.0,0.0
E_sensor_stuck_0111_0066,0.00h,23.83h,sensor_stuck,low,"(-87.5,-162.5)",0.0,0.0
E_sensor_stuck_0112_0017,0.00h,23.83h,sensor_stuck,low,"(187.5,-237.5)",0.0,0.0
E_sensor_stuck_0113_0283,0.00h,23.83h,sensor_stuck,low,"(-162.5,112.5)",0.0,0.0
E_sensor_stuck_0114_0275,0.00h,23.83h,sensor_stuck,low,"(137.5,87.5)",0.0,0.0
E_sensor_stuck_0115_0136,0.00h,23.83h,sensor_stuck,low,"(162.5,-87.5)",0.0,0.0
E_sensor_stuck_0116_0384,0.00h,23.83h,sensor_stuck,low,"(-137.5,237.5)",0.0,0.0
E_sensor_stuck_0117_0274,0.00h,23.83h,sensor_stuck,low,"(112.5,87.5)",0.0,0.0
E_sensor_stuck_0118_0382,0.00h,23.83h,sensor_stuck,low,"(-187.5,237.5)",0.0,0.0
E_sensor_stuck_0119_0332,0.00h,23.83h,sensor_stuck,low,"(62.5,162.5)",0.0,0.0
E_sensor_stuck_0120_0332,0.00h,23.83h,sensor_stuck,low,"(62.5,162.5)",0.0,0.0
E_sensor_stuck_0121_0137,0.00h,23.83h,sensor_stuck,low,"(187.5,-87.5)",0.0,0.0
E_sensor_stuck_0122_0265,0.00h,23.83h,sensor_stuck,low,"(-112.5,87.5)",0.0,0.0
E_sensor_stuck_0123_0299,0.00h,23.83h,sensor_stuck,low,"(237.5,112.5)",0.0,0.0
E_sensor_stuck_0124_0012,0.00h,23.83h,sensor_stuck,low,"(62.5,-237.5)",0.0,0.0
E_sensor_stuck_0125_0324,0.00h,23.83h,sensor_stuck,low,"(-137.5,162.5)",0.0,0.0
E_sensor_stuck_0126_0101,0.00h,23.83h,sensor_stuck,low,"(-212.5,-112.5)",0.0,0.0
E_sensor_stuck_0127_0058,0.00h,23.83h,sensor_stuck,low,"(212.5,-187.5)",0.0,0.0
E_sensor_stuck_0128_0393,0.00h,23.83h,sensor_stuck,low,"(87.5,237.5)",0.0,0.0
E_sensor_stuck_0129_0037,0.00h,23.83h,sensor_stuck,low,"(187.5,-212.5)",0.0,0.0
E_sensor_stuck_0130_0247,0.00h,23.83h,sensor_stuck,low,"(-62.5,62.5)",0.0,0.0
E_sensor_stuck_0131_0363,0.00h,23.83h,sensor_stuck,low,"(-162.5,212.5)",0.0,0.0
E_sensor_stuck_0132_0314,0.00h,23.83h,sensor_stuck,low,"(112.5,137.5)",0.0,0.0
E_sensor_stuck_0133_0374,0.00h,23.83h,sensor_stuck,low,"(112.5,212.5)",0.0,0.0
E_sensor_stuck_0134_0336,0.00h,23.83h,sensor_stuck,low,"(162.5,162.5)",0.0,0.0
E_sensor_stuck_0135_0183,0.00h,23.83h,sensor_stuck,low,"(-162.5,-12.5)",0.0,0.0
E_sensor_stuck_0136_0188,0.00h,23.83h,sensor_stuck,low,"(-37.5,-12.5)",0.0,0.0
E_sensor_stuck_0137_0383,0.00h,23.83h,sensor_stuck,low,"(-162.5,237.5)",0.0,0.0
E_sensor_stuck_0138_0114,0.00h,23.83h,sensor_stuck,low,"(112.5,-112.5)",0.0,0.0
E_sensor_stuck_0139_0384,0.00h,23.83h,sensor_stuck,low,"(-137.5,237.5)",0.0,0.0
E_sensor_stuck_0140_0117,0.00h,23.83h,sensor_stuck,low,"(187.5,-112.5)",0.0,0.0
E_sensor_stuck_0141_0145,0.00h,23.83h,sensor_stuck,low,"(-112.5,-62.5)",0.0,0.0
E_sensor_stuck_0142_0127,0.00h,23.83h,sensor_stuck,low,"(-62.5,-87.5)",0.0,0.0
E_sensor_stuck_0143_0067,0.00h,23.83h,sensor_stuck,low,"(-62.5,-162.5)",0.0,0.0
E_sensor_stuck_0144_0058,0.00h,23.83h,sensor_stuck,low,"(212.5,-187.5)",0.0,0.0
E_sensor_stuck_0145_0021,0.00h,23.83h,sensor_stuck,low,"(-212.5,-212.5)",0.0,0.0
E_sensor_stuck_0146_0332,0.00h,23.83h,sensor_stuck,low,"(62.5,162.5)",0.0,0.0
E_sensor_stuck_0147_0046,0.00h,23.83h,sensor_stuck,low,"(-87.5,-187.5)",0.0,0.0
E_sensor_stuck_0148_0320,0.00h,23.83h,sensor_stuck,low,"(-237.5,162.5)",0.0,0.0
E_sensor_stuck_0149_0041,0.00h,23.83h,sensor_stuck,low,"(-212.5,-187.5)",0.0,0.0
E_sensor_stuck_0150_0068,0.00h,23.83h,sensor_stuck,low,"(-37.5,-162.5)",0.0,0.0
E_sensor_stuck_0151_0084,0.00h,23.83h,sensor_stuck,low,"(-137.5,-137.5)",0.0,0.0
E_sensor_stuck_0152_0160,0.00h,23.83h,sensor_stuck,low,"(-237.5,-37.5)",0.0,0.0
E_sensor_stuck_0153_0275,0.00h,23.83h,sensor_stuck,low,"(137.5,87.5)",0.0,0.0
E_sensor_stuck_0154_0092,0.00h,23.83h,sensor_stuck,low,"(62.5,-137.5)",0.0,0.0
E_sensor_stuck_0155_0189,0.00h,23.83h,sensor_stuck,low,"(-12.5,-12.5)",0.0,0.0
E_sensor_stuck_0156_0314,0.00h,23.83h,sensor_stuck,low,"(112.5,137.5)",0.0,0.0
E_sensor_stuck_0157_0393,0.00h,23.83h,sensor_stuck,low,"(87.5,237.5)",0.0,0.0
E_sensor_stuck_0158_0114,0.00h,23.83h,sensor_stuck,low,"(112.5,-112.5)",0.0,0.0
E_sensor_stuck_0159_0066,0.00h,23.83h,sensor_stuck,low,"(-87.5,-162.5)",0.0,0.0
E_sensor_stuck_0160_0386,0.00h,23.83h,sensor_stuck,low,"(-87.5,237.5)",0.0,0.0
E_sensor_stuck_0161_0226,0.00h,23.83h,sensor_stuck,low,"(-87.5,37.5)",0.0,0.0
E_sensor_stuck_0162_0093,0.00h,23.83h,sensor_stuck,low,"(87.5,-137.5)",0.0,0.0
E_sensor_stuck_0163_0395,0.00h,23.83h,sensor_stuck,low,"(137.5,237.5)",0.0,0.0
E_sensor_stuck_0164_0380,0.00h,23.83h,sensor_stuck,low,"(-237.5,237.5)",0.0,0.0
E_sensor_stuck_0165_0180,0.00h,23.83h,sensor_stuck,low,"(-237.5,-12.5)",0.0,0.0
E_sensor_stuck_0166_0226,0.00h,23.83h,sensor_stuck,low,"(-87.5,37.5)",0.0,0.0
E_sensor_stuck_0167_0395,0.00h,23.83h,sensor_stuck,low,"(137.5,237.5)",0.0,0.0
E_sensor_stuck_0168_0119,0.00h,23.83h,sensor_stuck,low,"(237.5,-112.5)",0.0,0.0
E_sensor_stuck_0169_0341,0.00h,23.83h,sensor_stuck,low,"(-212.5,187.5)",0.0,0.0
E_sensor_stuck_0170_0341,0.00h,23.83h,sensor_stuck,low,"(-212.5,187.5)",0.0,0.0
E_sensor_stuck_0171_0243,0.00h,23.83h,sensor_stuck,low,"(-162.5,62.5)",0.0,0.0
E_sensor_stuck_0172_0390,0.00h,23.83h,sensor_stuck,low,"(12.5,237.5)",0.0,0.0
E_sensor_stuck_0173_0351,0.00h,23.83h,sensor_stuck,low,"(37.5,187.5)",0.0,0.0
E_sensor_stuck_0174_0128,0.00h,23.83h,sensor_stuck,low,"(-37.5,-87.5)",0.0,0.0
E_sensor_stuck_0175_0224,0.00h,23.83h,sensor_stuck,low,"(-137.5,37.5)",0.0,0.0
E_sensor_stuck_0176_0031,0.00h,23.83h,sensor_stuck,low,"(37.5,-212.5)",0.0,0.0
E_sensor_stuck_0177_0044,0.00h,23.83h,sensor_stuck,low,"(-137.5,-187.5)",0.0,0.0
E_sensor_stuck_0178_0321,0.00h,23.83h,sensor_stuck,low,"(-212.5,162.5)",0.0,0.0
E_sensor_stuck_0179_0121,0.00h,23.83h,sensor_stuck,low,"(-212.5,-87.5)",0.0,0.0
E_sensor_stuck_0180_0056,0.00h,23.83h,sensor_stuck,low,"(162.5,-187.5)",0.0,0.0
E_sensor_stuck_0181_0218,0.00h,23.83h,sensor_stuck,low,"(212.5,12.5)",0.0,0.0
E_sensor_stuck_0182_0058,0.00h,23.83h,sensor_stuck,low,"(212.5,-187.5)",0.0,0.0
E_sensor_stuck_0183_0058,0.00h,23.83h,sensor_stuck,low,"(212.5,-187.5)",0.0,0.0
E_sensor_stuck_0184_0256,0.00h,23.83h,sensor_stuck,low,"(162.5,62.5)",0.0,0.0
E_sensor_stuck_0185_0149,0.00h,23.83h,sensor_stuck,low,"(-12.5,-62.5)",0.0,0.0
E_sensor_stuck_0186_0043,0.00h,23.83h,sensor_stuck,low,"(-162.5,-187.5)",0.0,0.0
E_sensor_stuck_0187_0253,0.00h,23.83h,sensor_stuck,low,"(87.5,62.5)",0.0,0.0
E_sensor_stuck_0188_0200,0.00h,23.83h,sensor_stuck,low,"(-237.5,12.5)",0.0,0.0
E_sensor_stuck_0189_0031,0.00h,23.83h,sensor_stuck,low,"(37.5,-212.5)",0.0,0.0
E_sensor_stuck_0190_0384,0.00h,23.83h,sensor_stuck,low,"(-137.5,237.5)",0.0,0.0
E_sensor_stuck_0191_0089,0.00h,23.83h,sensor_stuck,low,"(-12.5,-137.5)",0.0,0.0
E_sensor_stuck_0192_0165,0.00h,23.83h,sensor_stuck,low,"(-112.5,-37.5)",0.0,0.0
E_sensor_stuck_0193_0349,0.00h,23.83h,sensor_stuck,low,"(-12.5,187.5)",0.0,0.0
E_sensor_stuck_0194_0130,0.00h,23.83h,sensor_stuck,low,"(12.5,-87.5)",0.0,0.0
E_sensor_stuck_0195_0283,0.00h,23.83h,sensor_stuck,low,"(-162.5,112.5)",0.0,0.0
E_sensor_stuck_0196_0200,0.00h,23.83h,sensor_stuck,low,"(-237.5,12.5)",0.0,0.0
E_sensor_stuck_0197_0386,0.00h,23.83h,sensor_stuck,low,"(-87.5,237.5)",0.0,0.0
E_sensor_stuck_0198_0051,0.00h,23.83h,sensor_stuck,low,"(37.5,-187.5)",0.0,0.0
E_sensor_stuck_0199_0004,0.00h,23.83h,sensor_stuck,low,"(-137.5,-237.5)",0.0,0.0
E_sensor_stuck_0200_0077,0.00h,23.83h,sensor_stuck,low,"(187.5,-162.5)",0.0,0.0
E_sensor_stuck_0201_0108,0.00h,23.83h,sensor_stuck,low,"(-37.5,-112.5)",0.0,0.0
E_sensor_stuck_0202_0251,0.00h,23.83h,sensor_stuck,low,"(37.5,62.5)",0.0,0.0
E_sensor_stuck_0203_0300,0.00h,23.83h,sensor_stuck,low,"(-237.5,137.5)",0.0,0.0
E_sensor_stuck_0204_0349,0.00h,23.83h,sensor_stuck,low,"(-12.5,187.5)",0.0,0.0
E_sensor_stuck_0205_0202,0.00h,23.83h,sensor_stuck,low,"(-187.5,12.5)",0.0,0.0
E_sensor_stuck_0206_0192,0.00h,23.83h,sensor_stuck,low,"(62.5,-12.5)",0.0,0.0
E_sensor_stuck_0207_0232,0.00h,23.83h,sensor_stuck,low,"(62.5,37.5)",0.0,0.0
E_sensor_stuck_0208_0398,0.00h,23.83h,sensor_stuck,low,"(212.5,237.5)",0.0,0.0
E_sensor_stuck_0209_0298,0.00h,23.83h,sensor_stuck,low,"(212.5,112.5)",0.0,0.0
E_sensor_stuck_0210_0262,0.00h,23.83h,sensor_stuck,low,"(-187.5,87.5)",0.0,0.0
E_sensor_stuck_0211_0045,0.00h,23.83h,sensor_stuck,low,"(-112.5,-187.5)",0.0,0.0
E_sensor_stuck_0212_0355,0.00h,23.83h,sensor_stuck,low,"(137.5,187.5)",0.0,0.0
E_sensor_stuck_0213_0145,0.00h,23.83h,sensor_stuck,low,"(-112.5,-62.5)",0.0,0.0
E_sensor_stuck_0214_0277,0.00h,23.83h,sensor_stuck,low,"(187.5,87.5)",0.0,0.0
E_sensor_stuck_0215_0307,0.00h,23.83h,sensor_stuck,low,"(-62.5,137.5)",0.0,0.0
E_sensor_stuck_0216_0025,0.00h,23.83h,sensor_stuck,low,"(-112.5,-212.5)",0.0,0.0
E_sensor_stuck_0217_0060,0.00h,23.83h,sensor_stuck,low,"(-237.5,-162.5)",0.0,0.0
E_sensor_stuck_0218_0219,0.00h,23.83h,sensor_stuck,low,"(237.5,12.5)",0.0,0.0
E_sensor_stuck_0219_0112,0.00h,23.83h,sensor_stuck,low,"(62.5,-112.5)",0.0,0.0
E_sensor_stuck_0220_0259,0.00h,23.83h,sensor_stuck,low,"(237.5,62.5)",0.0,0.0
E_sensor_stuck_0221_0223,0.00h,23.83h,sensor_stuck,low,"(-162.5,37.5)",0.0,0.0
E_sensor_stuck_0222_0234,0.00h,23.83h,sensor_stuck,low,"(112.5,37.5)",0.0,0.0
E_sensor_stuck_0223_0034,0.00h,23.83h,sensor_stuck,low,"(112.5,-212.5)",0.0,0.0
E_sensor_stuck_0224_0244,0.00h,23.83h,sensor_stuck,low,"(-137.5,62.5)",0.0,0.0
E_sensor_stuck_0225_0277,0.00h,23.83h,sensor_stuck,low,"(187.5,87.5)",0.0,0.0
E_sensor_stuck_0226_0215,0.00h,23.83h,sensor_stuck,low,"(137.5,12.5)",0.0,0.0
E_sensor_stuck_0227_0068,0.00h,23.83h,sensor_stuck,low,"(-37.5,-162.5)",0.0,0.0
E_sensor_stuck_0228_0294,0.00h,23.83h,sensor_stuck,low,"(112.5,112.5)",0.0,0.0
E_sensor_stuck_0229_0383,0.00h,23.83h,sensor_stuck,low,"(-162.5,237.5)",0.0,0.0
E_sensor_stuck_0230_0060,0.00h,23.83h,sensor_stuck,low,"(-237.5,-162.5)",0.0,0.0
E_sensor_stuck_0231_0167,0.00h,23.83h,sensor_stuck,low,"(-62.5,-37.5)",0.0,0.0
E_sensor_stuck_0232_0297,0.00h,23.83h,sensor_stuck,low,"(187.5,112.5)",0.0,0.0
E_sensor_stuck_0233_0020,0.00h,23.83h,sensor_stuck,low,"(-237.5,-212.5)",0.0,0.0
E_sensor_stuck_0234_0364,0.00h,23.83h,sensor_stuck,low,"(-137.5,212.5)",0.0,0.0
E_sensor_stuck_0235_0170,0.00h,23.83h,sensor_stuck,low,"(12.5,-37.5)",0.0,0.0
E_sensor_stuck_0236_0013,0.00h,23.83h,sensor_stuck,low,"(87.5,-237.5)",0.0,0.0
E_sensor_stuck_0237_0246,0.00h,23.83h,sensor_stuck,low,"(-87.5,62.5)",0.0,0.0
E_sensor_stuck_0238_0392,0.00h,23.83h,sensor_stuck,low,"(62.5,237.5)",0.0,0.0
E_sensor_stuck_0239_0072,0.00h,23.83h,sensor_stuck,low,"(62.5,-162.5)",0.0,0.0
E_sensor_stuck_0240_0044,0.00h,23.83h,sensor_stuck,low,"(-137.5,-187.5)",0.0,0.0
E_sensor_stuck_0241_0019,0.00h,23.83h,sensor_stuck,low,"(237.5,-237.5)",0.0,0.0
E_sensor_stuck_0242_0306,0.00h,23.83h,sensor_stuck,low,"(-87.5,137.5)",0.0,0.0
E_sensor_stuck_0243_0340,0.00h,23.83h,sensor_stuck,low,"(-237.5,187.5)",0.0,0.0
E_sensor_stuck_0244_0128,0.00h,23.83h,sensor_stuck,low,"(-37.5,-87.5)",0.0,0.0
E_sensor_stuck_0245_0279,0.00h,23.83h,sensor_stuck,low,"(237.5,87.5)",0.0,0.0
E_sensor_stuck_0246_0196,0.00h,23.83h,sensor_stuck,low,"(162.5,-12.5)",0.0,0.0
E_sensor_stuck_0247_0288,0.00h,23.83h,sensor_stuck,low,"(-37.5,112.5)",0.0,0.0
E_sensor_stuck_0248_0021,0.00h,23.83h,sensor_stuck,low,"(-212.5,-212.5)",0.0,0.0
E_sensor_stuck_0249_0258,0.00h,23.83h,sensor_stuck,low,"(212.5,62.5)",0.0,0.0
E_sensor_stuck_0250_0367,0.00h,23.83h,sensor_stuck,low,"(-62.5,212.5)",0.0,0.0
E_sensor_stuck_0251_0262,0.00h,23.83h,sensor_stuck,low,"(-187.5,87.5)",0.0,0.0
E_sensor_stuck_0252_0003,0.00h,23.83h,sensor_stuck,low,"(-162.5,-237.5)",0.0,0.0
E_sensor_stuck_0253_0205,0.00h,23.83h,sensor_stuck,low,"(-112.5,12.5)",0.0,0.0
E_sensor_stuck_0254_0141,0.00h,23.83h,sensor_stuck,low,"(-212.5,-62.5)",0.0,0.0
E_sensor_stuck_0255_0127,0.00h,23.83h,sensor_stuck,low,"(-62.5,-87.5)",0.0,0.0
E_sensor_stuck_0256_0376,0.00h,23.83h,sensor_stuck,low,"(162.5,212.5)",0.0,0.0
E_sensor_stuck_0257_0342,0.00h,23.83h,sensor_stuck,low,"(-187.5,187.5)",0.0,0.0
E_sensor_stuck_0258_0388,0.00h,23.83h,sensor_stuck,low,"(-37.5,237.5)",0.0,0.0
E_sensor_stuck_0259_0152,0.00h,23.83h,sensor_stuck,low,"(62.5,-62.5)",0.0,0.0
E_sensor_stuck_0260_0055,0.00h,23.83h,sensor_stuck,low,"(137.5,-187.5)",0.0,0.0
E_sensor_stuck_0261_0091,0.00h,23.83h,sensor_stuck,low,"(37.5,-137.5)",0.0,0.0
E_sensor_stuck_0262_0067,0.00h,23.83h,sensor_stuck,low,"(-62.5,-162.5)",0.0,0.0
E_sensor_stuck_0263_0120,0.00h,23.83h,sensor_stuck,low,"(-237.5,-87.5)",0.0,0.0
E_sensor_stuck_0264_0264,0.00h,23.83h,sensor_stuck,low,"(-137.5,87.5)",0.0,0.0
E_sensor_stuck_0265_0295,0.00h,23.83h,sensor_stuck,low,"(137.5,112.5)",0.0,0.0
E_sensor_stuck_0266_0070,0.00h,23.83h,sensor_stuck,low,"(12.5,-162.5)",0.0,0.0
E_sensor_stuck_0267_0361,0.00h,23.83h,sensor_stuck,low,"(-212.5,212.5)",0.0,0.0
E_sensor_stuck_0268_0138,0.00h,23.83h,sensor_stuck,low,"(212.5,-87.5)",0.0,0.0
E_sensor_stuck_0269_0046,0.00h,23.83h,sensor_stuck,low,"(-87.5,-187.5)",0.0,0.0
E_sensor_stuck_0270_0032,0.00h,23.83h,sensor_stuck,low,"(62.5,-212.5)",0.0,0.0
E_sensor_stuck_0271_0282,0.00h,23.83h,sensor_stuck,low,"(-187.5,112.5)",0.0,0.0
E_sensor_stuck_0272_0010,0.00h,23.83h,sensor_stuck,low,"(12.5,-237.5)",0.0,0.0
E_sensor_stuck_0273_0300,0.00h,23.83h,sensor_stuck,low,"(-237.5,137.5)",0.0,0.0
E_sensor_stuck_0274_0168,0.00h,23.83h,sensor_stuck,low,"(-37.5,-37.5)",0.0,0.0
E_sensor_stuck_0275_0232,0.00h,23.83h,sensor_stuck,low,"(62.5,37.5)",0.0,0.0
E_sensor_stuck_0276_0370,0.00h,23.83h,sensor_stuck,low,"(12.5,212.5)",0.0,0.0
E_sensor_stuck_0277_0098,0.00h,23.83h,sensor_stuck,low,"(212.5,-137.5)",0.0,0.0
E_sensor_stuck_0278_0032,0.00h,23.83h,sensor_stuck,low,"(62.5,-212.5)",0.0,0.0
E_sensor_stuck_0279_0087,0.00h,23.83h,sensor_stuck,low,"(-62.5,-137.5)",0.0,0.0
E_sensor_stuck_0280_0233,0.00h,23.83h,sensor_stuck,low,"(87.5,37.5)",0.0,0.0
E_sensor_stuck_0281_0189,0.00h,23.83h,sensor_stuck,low,"(-12.5,-12.5)",0.0,0.0
E_sensor_stuck_0282_0099,0.00h,23.83h,sensor_stuck,low,"(237.5,-137.5)",0.0,0.0
E_sensor_stuck_0283_0048,0.00h,23.83h,sensor_stuck,low,"(-37.5,-187.5)",0.0,0.0
E_sensor_stuck_0284_0366,0.00h,23.83h,sensor_stuck,low,"(-87.5,212.5)",0.0,0.0
E_sensor_stuck_0285_0300,0.00h,23.83h,sensor_stuck,low,"(-237.5,137.5)",0.0,0.0
E_sensor_stuck_0286_0396,0.00h,23.83h,sensor_stuck,low,"(162.5,237.5)",0.0,0.0
E_sensor_stuck_0287_0015,0.00h,23.83h,sensor_stuck,low,"(137.5,-237.5)",0.0,0.0
E_sensor_stuck_0288_0300,0.00h,23.83h,sensor_stuck,low,"(-237.5,137.5)",0.0,0.0
E_sensor_stuck_0289_0200,0.00h,23.83h,sensor_stuck,low,"(-237.5,12.5)",0.0,0.0
E_sensor_stuck_0290_0151,0.00h,23.83h,sensor_stuck,low,"(37.5,-62.5)",0.0,0.0
E_sensor_stuck_0291_0291,0.00h,23.83h,sensor_stuck,low,"(37.5,112.5)",0.0,0.0
E_sensor_stuck_0292_0370,0.00h,23.83h,sensor_stuck,low,"(12.5,212.5)",0.0,0.0
E_sensor_stuck_0293_0191,0.00h,23.83h,sensor_stuck,low,"(37.5,-12.5)",0.0,0.0
E_sensor_stuck_0294_0080,0.00h,23.83h,sensor_stuck,low,"(-237.5,-137.5)",0.0,0.0
E_sensor_stuck_0295_0059,0.00h,23.83h,sensor_stuck,low,"(237.5,-187.5)",0.0,0.0
E_sensor_stuck_0296_0131,0.00h,23.83h,sensor_stuck,low,"(37.5,-87.5)",0.0,0.0
E_sensor_stuck_0297_0333,0.00h,23.83h,sensor_stuck,low,"(87.5,162.5)",0.0,0.0
E_sensor_stuck_0298_0359,0.00h,23.83h,sensor_stuck,low,"(237.5,187.5)",0.0,0.0
E_sensor_stuck_0299_0022,0.00h,23.83h,sensor_stuck,low,"(-187.5,-212.5)",0.0,0.0
E_sensor_stuck_0300_0075,0.00h,23.83h,sensor_stuck,low,"(137.5,-162.5)",0.0,0.0
E_sensor_stuck_0301_0109,0.00h,23.83h,sensor_stuck,low,"(-12.5,-112.5)",0.0,0.0
E_sensor_stuck_0302_0331,0.00h,23.83h,sensor_stuck,low,"(37.5,162.5)",0.0,0.0
E_sensor_stuck_0303_0370,0.00h,23.83h,sensor_stuck,low,"(12.5,212.5)",0.0,0.0
E_sensor_stuck_0304_0290,0.00h,23.83h,sensor_stuck,low,"(12.5,112.5)",0.0,0.0
E_sensor_stuck_0305_0174,0.00h,23.83h,sensor_stuck,low,"(112.5,-37.5)",0.0,0.0
E_sensor_stuck_0306_0333,0.00h,23.83h,sensor_stuck,low,"(87.5,162.5)",0.0,0.0
E_sensor_stuck_0307_0023,0.00h,23.83h,sensor_stuck,low,"(-162.5,-212.5)",0.0,0.0
E_sensor_stuck_0308_0169,0.00h,23.83h,sensor_stuck,low,"(-12.5,-37.5)",0.0,0.0
E_sensor_stuck_0309_0350,0.00h,23.83h,sensor_stuck,low,"(12.5,187.5)",0.0,0.0
E_sensor_stuck_0310_0262,0.00h,23.83h,sensor_stuck,low,"(-187.5,87.5)",0.0,0.0
E_sensor_stuck_0311_0153,0.00h,23.83h,sensor_stuck,low,"(87.5,-62.5)",0.0,0.0
E_sensor_stuck_0312_0365,0.00h,23.83h,sensor_stuck,low,"(-112.5,212.5)",0.0,0.0
E_sensor_stuck_0313_0033,0.00h,23.83h,sensor_stuck,low,"(87.5,-212.5)",0.0,0.0
E_sensor_stuck_0314_0369,0.00h,23.83h,sensor_stuck,low,"(-12.5,212.5)",0.0,0.0
E_sensor_stuck_0315_0035,0.00h,23.83h,sensor_stuck,low,"(137.5,-212.5)",0.0,0.0
E_sensor_stuck_0316_0280,0.00h,23.83h,sensor_stuck,low,"(-237.5,112.5)",0.0,0.0
E_sensor_stuck_0317_0396,0.00h,23.83h,sensor_stuck,low,"(162.5,237.5)",0.0,0.0
E_sensor_stuck_0318_0162,0.00h,23.83h,sensor_stuck,low,"(-187.5,-37.5)",0.0,0.0
E_sensor_stuck_0319_0234,0.00h,23.83h,sensor_stuck,low,"(112.5,37.5)",0.0,0.0
E_sensor_stuck_0320_0249,0.00h,23.83h,sensor_stuck,low,"(-12.5,62.5)",0.0,0.0
E_sensor_stuck_0321_0046,0.00h,23.83h,sensor_stuck,low,"(-87.5,-187.5)",0.0,0.0
E_sensor_stuck_0322_0095,0.00h,23.83h,sensor_stuck,low,"(137.5,-137.5)",0.0,0.0
E_sensor_stuck_0323_0275,0.00h,23.83h,sensor_stuck,low,"(137.5,87.5)",0.0,0.0
E_sensor_stuck_0324_0117,0.00h,23.83h,sensor_stuck,low,"(187.5,-112.5)",0.0,0.0
E_sensor_stuck_0325_0244,0.00h,23.83h,sensor_stuck,low,"(-137.5,62.5)",0.0,0.0
E_sensor_stuck_0326_0398,0.00h,23.83h,sensor_stuck,low,"(212.5,237.5)",0.0,0.0
E_sensor_stuck_0327_0319,0.00h,23.83h,sensor_stuck,low,"(237.5,137.5)",0.0,0.0
E_sensor_stuck_0328_0325,0.00h,23.83h,sensor_stuck,low,"(-112.5,162.5)",0.0,0.0
E_sensor_stuck_0329_0240,0.00h,23.83h,sensor_stuck,low,"(-237.5,62.5)",0.0,0.0
E_sensor_stuck_0330_0094,0.00h,23.83h,sensor_stuck,low,"(112.5,-137.5)",0.0,0.0
E_sensor_stuck_0331_0284,0.00h,23.83h,sensor_stuck,low,"(-137.5,112.5)",0.0,0.0
E_sensor_stuck_0332_0293,0.00h,23.83h,sensor_stuck,low,"(87.5,112.5)",0.0,0.0
E_sensor_stuck_0333_0302,0.00h,23.83h,sensor_stuck,low,"(-187.5,137.5)",0.0,0.0
E_sensor_stuck_0334_0381,0.00h,23.83h,sensor_stuck,low,"(-212.5,237.5)",0.0,0.0
E_sensor_stuck_0335_0318,0.00h,23.83h,sensor_stuck,low,"(212.5,137.5)",0.0,0.0
E_sensor_stuck_0336_0239,0.00h,23.83h,sensor_stuck,low,"(237.5,37.5)",0.0,0.0
E_sensor_stuck_0337_0020,0.00h,23.83h,sensor_stuck,low,"(-237.5,-212.5)",0.0,0.0
E_sensor_stuck_0338_0135,0.00h,23.83h,sensor_stuck,low,"(137.5,-87.5)",0.0,0.0
E_sensor_stuck_0339_0389,0.00h,23.83h,sensor_stuck,low,"(-12.5,237.5)",0.0,0.0
E_sensor_stuck_0340_0132,0.00h,23.83h,sensor_stuck,low,"(62.5,-87.5)",0.0,0.0
E_sensor_stuck_0341_0275,0.00h,23.83h,sensor_stuck,low,"(137.5,87.5)",0.0,0.0
E_sensor_stuck_0342_0339,0.00h,23.83h,sensor_stuck,low,"(237.5,162.5)",0.0,0.0
E_sensor_stuck_0343_0339,0.00h,23.83h,sensor_stuck,low,"(237.5,162.5)",0.0,0.0
E_sensor_stuck_0344_0282,0.00h,23.83h,sensor_stuck,low,"(-187.5,112.5)",0.0,0.0
E_sensor_stuck_0345_0119,0.00h,23.83h,sensor_stuck,low,"(237.5,-112.5)",0.0,0.0
E_sensor_stuck_0346_0150,0.00h,23.83h,sensor_stuck,low,"(12.5,-62.5)",0.0,0.0
E_sensor_stuck_0347_0250,0.00h,23.83h,sensor_stuck,low,"(12.5,62.5)",0.0,0.0
E_sensor_stuck_0348_0274,0.00h,23.83h,sensor_stuck,low,"(112.5,87.5)",0.0,0.0
E_sensor_stuck_0349_0188,0.00h,23.83h,sensor_stuck,low,"(-37.5,-12.5)",0.0,0.0
E_sensor_stuck_0350_0341,0.00h,23.83h,sensor_stuck,low,"(-212.5,187.5)",0.0,0.0
E_sensor_stuck_0351_0282,0.00h,23.83h,sensor_stuck,low,"(-187.5,112.5)",0.0,0.0
E_sensor_stuck_0352_0103,0.00h,23.83h,sensor_stuck,low,"(-162.5,-112.5)",0.0,0.0
E_sensor_stuck_0353_0391,0.00h,23.83h,sensor_stuck,low,"(37.5,237.5)",0.0,0.0
E_sensor_stuck_0354_0084,0.00h,23.83h,sensor_stuck,low,"(-137.5,-137.5)",0.0,0.0
E_sensor_stuck_0355_0304,0.00h,23.83h,sensor_stuck,low,"(-137.5,137.5)",0.0,0.0
E_sensor_stuck_0356_0234,0.00h,23.83h,sensor_stuck,low,"(112.5,37.5)",0.0,0.0
E_sensor_stuck_0357_0315,0.00h,23.83h,sensor_stuck,low,"(137.5,137.5)",0.0,0.0
E_sensor_stuck_0358_0196,0.00h,23.83h,sensor_stuck,low,"(162.5,-12.5)",0.0,0.0
E_sensor_stuck_0359_0145,0.00h,23.83h,sensor_stuck,low,"(-112.5,-62.5)",0.0,0.0
E_sensor_stuck_0360_0054,0.00h,23.83h,sensor_stuck,low,"(112.5,-187.5)",0.0,0.0
E_sensor_stuck_0361_0001,0.00h,23.83h,sensor_stuck,low,"(-212.5,-237.5)",0.0,0.0
E_sensor_stuck_0362_0208,0.00h,23.83h,sensor_stuck,low,"(-37.5,12.5)",0.0,0.0
E_sensor_stuck_0363_0223,0.00h,23.83h,sensor_stuck,low,"(-162.5,37.5)",0.0,0.0
E_sensor_stuck_0364_0184,0.00h,23.83h,sensor_stuck,low,"(-137.5,-12.5)",0.0,0.0
E_sensor_stuck_0365_0223,0.00h,23.83h,sensor_stuck,low,"(-162.5,37.5)",0.0,0.0
E_sensor_stuck_0366_0353,0.00h,23.83h,sensor_stuck,low,"(87.5,187.5)",0.0,0.0
E_sensor_stuck_0367_0030,0.00h,23.83h,sensor_stuck,low,"(12.5,-212.5)",0.0,0.0
E_sensor_stuck_0368_0282,0.00h,23.83h,sensor_stuck,low,"(-187.5,112.5)",0.0,0.0
E_sensor_stuck_0369_0033,0.00h,23.83h,sensor_stuck,low,"(87.5,-212.5)",0.0,0.0
E_sensor_stuck_0370_0390,0.00h,23.83h,sensor_stuck,low,"(12.5,237.5)",0.0,0.0
E_sensor_stuck_0371_0187,0.00h,23.83h,sensor_stuck,low,"(-62.5,-12.5)",0.0,0.0
E_sensor_stuck_0372_0297,0.00h,23.83h,sensor_stuck,low,"(187.5,112.5)",0.0,0.0
E_sensor_stuck_0373_0224,0.00h,23.83h,sensor_stuck,low,"(-137.5,37.5)",0.0,0.0
E_sensor_stuck_0374_0309,0.00h,23.83h,sensor_stuck,low,"(-12.5,137.5)",0.0,0.0
E_sensor_stuck_0375_0045,0.00h,23.83h,sensor_stuck,low,"(-112.5,-187.5)",0.0,0.0
E_sensor_stuck_0376_0080,0.00h,23.83h,sensor_stuck,low,"(-237.5,-137.5)",0.0,0.0
E_sensor_stuck_0377_0105,0.00h,23.83h,sensor_stuck,low,"(-112.5,-112.5)",0.0,0.0
E_sensor_stuck_0378_0182,0.00h,23.83h,sensor_stuck,low,"(-187.5,-12.5)",0.0,0.0
E_sensor_stuck_0379_0132,0.00h,23.83h,sensor_stuck,low,"(62.5,-87.5)",0.0,0.0
E_sensor_stuck_0380_0218,0.00h,23.83h,sensor_stuck,low,"(212.5,12.5)",0.0,0.0
E_sensor_stuck_0381_0034,0.00h,23.83h,sensor_stuck,low,"(112.5,-212.5)",0.0,0.0
E_sensor_stuck_0382_0176,0.00h,23.83h,sensor_stuck,low,"(162.5,-37.5)",0.0,0.0
E_sensor_stuck_0383_0094,0.00h,23.83h,sensor_stuck,low,"(112.5,-137.5)",0.0,0.0
E_sensor_stuck_0384_0085,0.00h,23.83h,sensor_stuck,low,"(-112.5,-137.5)",0.0,0.0
E_sensor_stuck_0385_0356,0.00h,23.83h,sensor_stuck,low,"(162.5,187.5)",0.0,0.0
E_sensor_stuck_0386_0374,0.00h,23.83h,sensor_stuck,low,"(112.5,212.5)",0.0,0.0
E_sensor_stuck_0387_0198,0.00h,23.83h,sensor_stuck,low,"(212.5,-12.5)",0.0,0.0
E_sensor_stuck_0388_0153,0.00h,23.83h,sensor_stuck,low,"(87.5,-62.5)",0.0,0.0
E_sensor_stuck_0389_0002,0.00h,23.83h,sensor_stuck,low,"(-187.5,-237.5)",0.0,0.0
E_sensor_stuck_0390_0260,0.00h,23.83h,sensor_stuck,low,"(-237.5,87.5)",0.0,0.0
E_sensor_stuck_0391_0216,0.00h,23.83h,sensor_stuck,low,"(162.5,12.5)",0.0,0.0
E_sensor_stuck_0392_0236,0.00h,23.83h,sensor_stuck,low,"(162.5,37.5)",0.0,0.0
E_sensor_stuck_0393_0391,0.00h,23.83h,sensor_stuck,low,"(37.5,237.5)",0.0,0.0
E_sensor_stuck_0394_0032,0.00h,23.83h,sensor_stuck,low,"(62.5,-212.5)",0.0,0.0
E_sensor_stuck_0395_0349,0.00h,23.83h,sensor_stuck,low,"(-12.5,187.5)",0.0,0.0
E_sensor_stuck_0396_0061,0.00h,23.83h,sensor_stuck,low,"(-212.5,-162.5)",0.0,0.0
E_sensor_stuck_0397_0131,0.00h,23.83h,sensor_stuck,low,"(37.5,-87.5)",0.0,0.0
E_sensor_stuck_0398_0036,0.00h,23.83h,sensor_stuck,low,"(162.5,-212.5)",0.0,0.0
E_sensor_stuck_0399_0329,0.00h,23.83h,sensor_stuck,low,"(-12.5,162.5)",0.0,0.0
E_sensor_stuck_0400_0393,0.00h,23.83h,sensor_stuck,low,"(87.5,237.5)",0.0,0.0
E_sensor_stuck_0401_0131,0.00h,23.83h,sensor_stuck,low,"(37.5,-87.5)",0.0,0.0
E_sensor_stuck_0402_0041,0.00h,23.83h,sensor_stuck,low,"(-212.5,-187.5)",0.0,0.0
E_sensor_stuck_0403_0304,0.00h,23.83h,sensor_stuck,low,"(-137.5,137.5)",0.0,0.0
E_sensor_stuck_0404_0183,0.00h,23.83h,sensor_stuck,low,"(-162.5,-12.5)",0.0,0.0
E_sensor_stuck_0405_0058,0.00h,23.83h,sensor_stuck,low,"(212.5,-187.5)",0.0,0.0
E_sensor_stuck_0406_0230,0.00h,23.83h,sensor_stuck,low,"(12.5,37.5)",0.0,0.0
E_sensor_stuck_0407_0352,0.00h,23.83h,sensor_stuck,low,"(62.5,187.5)",0.0,0.0
E_sensor_stuck_0408_0377,0.00h,23.83h,sensor_stuck,low,"(187.5,212.5)",0.0,0.0
E_sensor_stuck_0409_0248,0.00h,23.83h,sensor_stuck,low,"(-37.5,62.5)",0.0,0.0
E_sensor_stuck_0410_0227,0.00h,23.83h,sensor_stuck,low,"(-62.5,37.5)",0.0,0.0
E_sensor_stuck_0411_0213,0.00h,23.83h,sensor_stuck,low,"(87.5,12.5)",0.0,0.0
E_sensor_stuck_0412_0321,0.00h,23.83h,sensor_stuck,low,"(-212.5,162.5)",0.0,0.0
E_sensor_stuck_0413_0024,0.00h,23.83h,sensor_stuck,low,"(-137.5,-212.5)",0.0,0.0
E_sensor_stuck_0414_0358,0.00h,23.83h,sensor_stuck,low,"(212.5,187.5)",0.0,0.0
E_sensor_stuck_0415_0334,0.00h,23.83h,sensor_stuck,low,"(112.5,162.5)",0.0,0.0
E_sensor_stuck_0416_0341,0.00h,23.83h,sensor_stuck,low,"(-212.5,187.5)",0.0,0.0
E_sensor_stuck_0417_0144,0.00h,23.83h,sensor_stuck,low,"(-137.5,-62.5)",0.0,0.0
E_sensor_stuck_0418_0231,0.00h,23.83h,sensor_stuck,low,"(37.5,37.5)",0.0,0.0
E_sensor_stuck_0419_0154,0.00h,23.83h,sensor_stuck,low,"(112.5,-62.5)",0.0,0.0
E_sensor_stuck_0420_0288,0.00h,23.83h,sensor_stuck,low,"(-37.5,112.5)",0.0,0.0
E_sensor_stuck_0421_0159,0.00h,23.83h,sensor_stuck,low,"(237.5,-62.5)",0.0,0.0
E_sensor_stuck_0422_0245,0.00h,23.83h,sensor_stuck,low,"(-112.5,62.5)",0.0,0.0
E_sensor_stuck_0423_0333,0.00h,23.83h,sensor_stuck,low,"(87.5,162.5)",0.0,0.0
E_sensor_stuck_0424_0315,0.00h,23.83h,sensor_stuck,low,"(137.5,137.5)",0.0,0.0
E_sensor_stuck_0425_0023,0.00h,23.83h,sensor_stuck,low,"(-162.5,-212.5)",0.0,0.0
E_sensor_stuck_0426_0008,0.00h,23.83h,sensor_stuck,low,"(-37.5,-237.5)",0.0,0.0
E_sensor_stuck_0427_0056,0.00h,23.83h,sensor_stuck,low,"(162.5,-187.5)",0.0,0.0
E_sensor_stuck_0428_0318,0.00h,23.83h,sensor_stuck,low,"(212.5,137.5)",0.0,0.0
E_sensor_stuck_0429_0395,0.00h,23.83h,sensor_stuck,low,"(137.5,237.5)",0.0,0.0
E_sensor_stuck_0430_0384,0.00h,23.83h,sensor_stuck,low,"(-137.5,237.5)",0.0,0.0
E_sensor_stuck_0431_0015,0.00h,23.83h,sensor_stuck,low,"(137.5,-237.5)",0.0,0.0
E_sensor_stuck_0432_0004,0.00h,23.83h,sensor_stuck,low,"(-137.5,-237.5)",0.0,0.0
E_sensor_stuck_0433_0115,0.00h,23.83h,sensor_stuck,low,"(137.5,-112.5)",0.0,0.0
E_sensor_stuck_0434_0048,0.00h,23.83h,sensor_stuck,low,"(-37.5,-187.5)",0.0,0.0
E_sensor_stuck_0435_0301,0.00h,23.83h,sensor_stuck,low,"(-212.5,137.5)",0.0,0.0
E_sensor_stuck_0436_0056,0.00h,23.83h,sensor_stuck,low,"(162.5,-187.5)",0.0,0.0
E_sensor_stuck_0437_0003,0.00h,23.83h,sensor_stuck,low,"(-162.5,-237.5)",0.0,0.0
E_sensor_stuck_0438_0150,0.00h,23.83h,sensor_stuck,low,"(12.5,-62.5)",0.0,0.0
E_sensor_stuck_0439_0271,0.00h,23.83h,sensor_stuck,low,"(37.5,87.5)",0.0,0.0
E_sensor_stuck_0440_0159,0.00h,23.83h,sensor_stuck,low,"(237.5,-62.5)",0.0,0.0
E_sensor_stuck_0441_0109,0.00h,23.83h,sensor_stuck,low,"(-12.5,-112.5)",0.0,0.0
E_sensor_stuck_0442_0323,0.00h,23.83h,sensor_stuck,low,"(-162.5,162.5)",0.0,0.0
E_sensor_stuck_0443_0364,0.00h,23.83h,sensor_stuck,low,"(-137.5,212.5)",0.0,0.0
E_sensor_stuck_0444_0351,0.00h,23.83h,sensor_stuck,low,"(37.5,187.5)",0.0,0.0
E_sensor_stuck_0445_0115,0.00h,23.83h,sensor_stuck,low,"(137.5,-112.5)",0.0,0.0
E_sensor_stuck_0446_0055,0.00h,23.83h,sensor_stuck,low,"(137.5,-187.5)",0.0,0.0
E_sensor_stuck_0447_0153,0.00h,23.83h,sensor_stuck,low,"(87.5,-62.5)",0.0,0.0
E_sensor_stuck_0448_0148,0.00h,23.83h,sensor_stuck,low,"(-37.5,-62.5)",0.0,0.0
E_sensor_stuck_0449_0267,0.00h,23.83h,sensor_stuck,low,"(-62.5,87.5)",0.0,0.0
E_sensor_stuck_0450_0366,0.00h,23.83h,sensor_stuck,low,"(-87.5,212.5)",0.0,0.0
E_sensor_stuck_0451_0172,0.00h,23.83h,sensor_stuck,low,"(62.5,-37.5)",0.0,0.0
E_sensor_stuck_0452_0094,0.00h,23.83h,sensor_stuck,low,"(112.5,-137.5)",0.0,0.0
E_sensor_stuck_0453_0081,0.00h,23.83h,sensor_stuck,low,"(-212.5,-137.5)",0.0,0.0
E_sensor_stuck_0454_0015,0.00h,23.83h,sensor_stuck,low,"(137.5,-237.5)",0.0,0.0
E_sensor_stuck_0455_0273,0.00h,23.83h,sensor_stuck,low,"(87.5,87.5)",0.0,0.0
E_sensor_stuck_0456_0338,0.00h,23.83h,sensor_stuck,low,"(212.5,162.5)",0.0,0.0
E_sensor_stuck_0457_0016,0.00h,23.83h,sensor_stuck,low,"(162.5,-237.5)",0.0,0.0
E_sensor_stuck_0458_0178,0.00h,23.83h,sensor_stuck,low,"(212.5,-37.5)",0.0,0.0
E_sensor_stuck_0459_0144,0.00h,23.83h,sensor_stuck,low,"(-137.5,-62.5)",0.0,0.0
E_sensor_stuck_0460_0243,0.00h,23.83h,sensor_stuck,low,"(-162.5,62.5)",0.0,0.0
E_sensor_stuck_0461_0138,0.00h,23.83h,sensor_stuck,low,"(212.5,-87.5)",0.0,0.0
E_sensor_stuck_0462_0084,0.00h,23.83h,sensor_stuck,low,"(-137.5,-137.5)",0.0,0.0
E_sensor_stuck_0463_0033,0.00h,23.83h,sensor_stuck,low,"(87.5,-212.5)",0.0,0.0
E_sensor_stuck_0464_0140,0.00h,23.83h,sensor_stuck,low,"(-237.5,-62.5)",0.0,0.0
E_sensor_stuck_0465_0365,0.00h,23.83h,sensor_stuck,low,"(-112.5,212.5)",0.0,0.0
E_sensor_stuck_0466_0307,0.00h,23.83h,sensor_stuck,low,"(-62.5,137.5)",0.0,0.0
E_sensor_stuck_0467_0044,0.00h,23.83h,sensor_stuck,low,"(-137.5,-187.5)",0.0,0.0
E_sensor_stuck_0468_0385,0.00h,23.83h,sensor_stuck,low,"(-112.5,237.5)",0.0,0.0
E_sensor_stuck_0469_0272,0.00h,23.83h,sensor_stuck,low,"(62.5,87.5)",0.0,0.0
E_sensor_stuck_0470_0263,0.00h,23.83h,sensor_stuck,low,"(-162.5,87.5)",0.0,0.0
E_sensor_stuck_0471_0032,0.00h,23.83h,sensor_stuck,low,"(62.5,-212.5)",0.0,0.0
E_sensor_stuck_0472_0311,0.00h,23.83h,sensor_stuck,low,"(37.5,137.5)",0.0,0.0
E_sensor_stuck_0473_0059,0.00h,23.83h,sensor_stuck,low,"(237.5,-187.5)",0.0,0.0
E_sensor_stuck_0474_0054,0.00h,23.83h,sensor_stuck,low,"(112.5,-187.5)",0.0,0.0
E_sensor_stuck_0475_0365,0.00h,23.83h,sensor_stuck,low,"(-112.5,212.5)",0.0,0.0
E_sensor_stuck_0476_0176,0.00h,23.83h,sensor_stuck,low,"(162.5,-37.5)",0.0,0.0
E_sensor_stuck_0477_0046,0.00h,23.83h,sensor_stuck,low,"(-87.5,-187.5)",0.0,0.0
E_sensor_stuck_0478_0355,0.00h,23.83h,sensor_stuck,low,"(137.5,187.5)",0.0,0.0
E_sensor_stuck_0479_0007,0.00h,23.83h,sensor_stuck,low,"(-62.5,-237.5)",0.0,0.0
E_sensor_stuck_0480_0127,0.00h,23.83h,sensor_stuck,low,"(-62.5,-87.5)",0.0,0.0
E_sensor_stuck_0481_0393,0.00h,23.83h,sensor_stuck,low,"(87.5,237.5)",0.0,0.0
E_sensor_stuck_0482_0010,0.00h,23.83h,sensor_stuck,low,"(12.5,-237.5)",0.0,0.0
E_sensor_stuck_0483_0101,0.00h,23.83h,sensor_stuck,low,"(-212.5,-112.5)",0.0,0.0
E_sensor_stuck_0484_0282,0.00h,23.83h,sensor_stuck,low,"(-187.5,112.5)",0.0,0.0
E_sensor_stuck_0485_0054,0.00h,23.83h,sensor_stuck,low,"(112.5,-187.5)",0.0,0.0
E_sensor_stuck_0486_0025,0.00h,23.83h,sensor_stuck,low,"(-112.5,-212.5)",0.0,0.0
E_sensor_stuck_0487_0322,0.00h,23.83h,sensor_stuck,low,"(-187.5,162.5)",0.0,0.0
E_sensor_stuck_0488_0087,0.00h,23.83h,sensor_stuck,low,"(-62.5,-137.5)",0.0,0.0
E_sensor_stuck_0489_0257,0.00h,23.83h,sensor_stuck,low,"(187.5,62.5)",0.0,0.0
E_sensor_stuck_0490_0344,0.00h,23.83h,sensor_stuck,low,"(-137.5,187.5)",0.0,0.0
E_sensor_stuck_0491_0300,0.00h,23.83h,sensor_stuck,low,"(-237.5,137.5)",0.0,0.0
E_sensor_stuck_0492_0138,0.00h,23.83h,sensor_stuck,low,"(212.5,-87.5)",0.0,0.0
E_sensor_stuck_0493_0062,0.00h,23.83h,sensor_stuck,low,"(-187.5,-162.5)",0.0,0.0
E_sensor_stuck_0494_0383,0.00h,23.83h,sensor_stuck,low,"(-162.5,237.5)",0.0,0.0
E_sensor_stuck_0495_0295,0.00h,23.83h,sensor_stuck,low,"(137.5,112.5)",0.0,0.0
E_sensor_stuck_0496_0358,0.00h,23.83h,sensor_stuck,low,"(212.5,187.5)",0.0,0.0
E_sensor_stuck_0497_0109,0.00h,23.83h,sensor_stuck,low,"(-12.5,-112.5)",0.0,0.0
E_sensor_stuck_0498_0130,0.00h,23.83h,sensor_stuck,low,"(12.5,-87.5)",0.0,0.0
E_sensor_stuck_0499_0080,0.00h,23.83h,sensor_stuck,low,"(-237.5,-137.5)",0.0,0.0
E_sensor_stuck_0500_0141,0.00h,23.83h,sensor_stuck,low,"(-212.5,-62.5)",0.0,0.0
E_sensor_stuck_0501_0262,0.00h,23.83h,sensor_stuck,low,"(-187.5,87.5)",0.0,0.0
E_sensor_stuck_0502_0099,0.00h,23.83h,sensor_stuck,low,"(237.5,-137.5)",0.0,0.0
E_sensor_stuck_0503_0155,0.00h,23.83h,sensor_stuck,low,"(137.5,-62.5)",0.0,0.0
E_sensor_stuck_0504_0267,0.00h,23.83h,sensor_stuck,low,"(-62.5,87.5)",0.0,0.0
E_sensor_stuck_0505_0323,0.00h,23.83h,sensor_stuck,low,"(-162.5,162.5)",0.0,0.0
E_sensor_stuck_0506_0076,0.00h,23.83h,sensor_stuck,low,"(162.5,-162.5)",0.0,0.0
E_sensor_stuck_0507_0112,0.00h,23.83h,sensor_stuck,low,"(62.5,-112.5)",0.0,0.0
E_sensor_stuck_0508_0128,0.00h,23.83h,sensor_stuck,low,"(-37.5,-87.5)",0.0,0.0
E_sensor_stuck_0509_0126,0.00h,23.83h,sensor_stuck,low,"(-87.5,-87.5)",0.0,0.0
E_sensor_stuck_0510_0193,0.00h,23.83h,sensor_stuck,low,"(87.5,-12.5)",0.0,0.0
E_sensor_stuck_0511_0332,0.00h,23.83h,sensor_stuck,low,"(62.5,162.5)",0.0,0.0
E_sensor_stuck_0512_0019,0.00h,23.83h,sensor_stuck,low,"(237.5,-237.5)",0.0,0.0
E_sensor_stuck_0513_0004,0.00h,23.83h,sensor_stuck,low,"(-137.5,-237.5)",0.0,0.0
E_sensor_stuck_0514_0156,0.00h,23.83h,sensor_stuck,low,"(162.5,-62.5)",0.0,0.0
E_sensor_stuck_0515_0002,0.00h,23.83h,sensor_stuck,low,"(-187.5,-237.5)",0.0,0.0
E_sensor_stuck_0516_0034,0.00h,23.83h,sensor_stuck,low,"(112.5,-212.5)",0.0,0.0
E_sensor_stuck_0517_0286,0.00h,23.83h,sensor_stuck,low,"(-87.5,112.5)",0.0,0.0
E_sensor_stuck_0518_0172,0.00h,23.83h,sensor_stuck,low,"(62.5,-37.5)",0.0,0.0
E_sensor_stuck_0519_0117,0.00h,23.83h,sensor_stuck,low,"(187.5,-112.5)",0.0,0.0
E_sensor_stuck_0520_0369,0.00h,23.83h,sensor_stuck,low,"(-12.5,212.5)",0.0,0.0
E_sensor_stuck_0521_0146,0.00h,23.83h,sensor_stuck,low,"(-87.5,-62.5)",0.0,0.0
E_sensor_stuck_0522_0212,0.00h,23.83h,sensor_stuck,low,"(62.5,12.5)",0.0,0.0
E_sensor_stuck_0523_0156,0.00h,23.83h,sensor_stuck,low,"(162.5,-62.5)",0.0,0.0
E_sensor_stuck_0524_0357,0.00h,23.83h,sensor_stuck,low,"(187.5,187.5)",0.0,0.0
E_sensor_stuck_0525_0151,0.00h,23.83h,sensor_stuck,low,"(37.5,-62.5)",0.0,0.0
E_sensor_stuck_0526_0320,0.00h,23.83h,sensor_stuck,low,"(-237.5,162.5)",0.0,0.0
E_sensor_stuck_0527_0230,0.00h,23.83h,sensor_stuck,low,"(12.5,37.5)",0.0,0.0
E_sensor_stuck_0528_0022,0.00h,23.83h,sensor_stuck,low,"(-187.5,-212.5)",0.0,0.0
E_sensor_stuck_0529_0139,0.00h,23.83h,sensor_stuck,low,"(237.5,-87.5)",0.0,0.0
E_sensor_stuck_0530_0133,0.00h,23.83h,sensor_stuck,low,"(87.5,-87.5)",0.0,0.0
E_sensor_stuck_0531_0385,0.00h,23.83h,sensor_stuck,low,"(-112.5,237.5)",0.0,0.0
E_sensor_stuck_0532_0064,0.00h,23.83h,sensor_stuck,low,"(-137.5,-162.5)",0.0,0.0
E_sensor_stuck_0533_0152,0.00h,23.83h,sensor_stuck,low,"(62.5,-62.5)",0.0,0.0
E_sensor_stuck_0534_0197,0.00h,23.83h,sensor_stuck,low,"(187.5,-12.5)",0.0,0.0
E_sensor_stuck_0535_0342,0.00h,23.83h,sensor_stuck,low,"(-187.5,187.5)",0.0,0.0
E_sensor_stuck_0536_0061,0.00h,23.83h,sensor_stuck,low,"(-212.5,-162.5)",0.0,0.0
E_sensor_stuck_0537_0385,0.00h,23.83h,sensor_stuck,low,"(-112.5,237.5)",0.0,0.0
E_sensor_stuck_0538_0176,0.00h,23.83h,sensor_stuck,low,"(162.5,-37.5)",0.0,0.0
E_sensor_stuck_0539_0277,0.00h,23.83h,sensor_stuck,low,"(187.5,87.5)",0.0,0.0
E_sensor_stuck_0540_0200,0.00h,23.83h,sensor_stuck,low,"(-237.5,12.5)",0.0,0.0
E_sensor_stuck_0541_0365,0.00h,23.83h,sensor_stuck,low,"(-112.5,212.5)",0.0,0.0
E_sensor_stuck_0542_0269,0.00h,23.83h,sensor_stuck,low,"(-12.5,87.5)",0.0,0.0
E_sensor_stuck_0543_0156,0.00h,23.83h,sensor_stuck,low,"(162.5,-62.5)",0.0,0.0
E_sensor_stuck_0544_0177,0.00h,23.83h,sensor_stuck,low,"(187.5,-37.5)",0.0,0.0
E_sensor_stuck_0545_0027,0.00h,23.83h,sensor_stuck,low,"(-62.5,-212.5)",0.0,0.0
E_sensor_stuck_0546_0035,0.00h,23.83h,sensor_stuck,low,"(137.5,-212.5)",0.0,0.0
E_sensor_stuck_0547_0051,0.00h,23.83h,sensor_stuck,low,"(37.5,-187.5)",0.0,0.0
E_sensor_stuck_0548_0350,0.00h,23.83h,sensor_stuck,low,"(12.5,187.5)",0.0,0.0
E_sensor_stuck_0549_0275,0.00h,23.83h,sensor_stuck,low,"(137.5,87.5)",0.0,0.0
E_sensor_stuck_0550_0286,0.00h,23.83h,sensor_stuck,low,"(-87.5,112.5)",0.0,0.0
E_sensor_stuck_0551_0243,0.00h,23.83h,sensor_stuck,low,"(-162.5,62.5)",0.0,0.0
E_sensor_stuck_0552_0084,0.00h,23.83h,sensor_stuck,low,"(-137.5,-137.5)",0.0,0.0
E_sensor_stuck_0553_0390,0.00h,23.83h,sensor_stuck,low,"(12.5,237.5)",0.0,0.0
E_sensor_stuck_0554_0373,0.00h,23.83h,sensor_stuck,low,"(87.5,212.5)",0.0,0.0
E_sensor_stuck_0555_0234,0.00h,23.83h,sensor_stuck,low,"(112.5,37.5)",0.0,0.0
E_sensor_stuck_0556_0334,0.00h,23.83h,sensor_stuck,low,"(112.5,162.5)",0.0,0.0
E_sensor_stuck_0557_0181,0.00h,23.83h,sensor_stuck,low,"(-212.5,-12.5)",0.0,0.0
E_sensor_stuck_0558_0045,0.00h,23.83h,sensor_stuck,low,"(-112.5,-187.5)",0.0,0.0
E_sensor_stuck_0559_0120,0.00h,23.83h,sensor_stuck,low,"(-237.5,-87.5)",0.0,0.0
E_sensor_stuck_0560_0138,0.00h,23.83h,sensor_stuck,low,"(212.5,-87.5)",0.0,0.0
E_sensor_stuck_0561_0019,0.00h,23.83h,sensor_stuck,low,"(237.5,-237.5)",0.0,0.0
E_sensor_stuck_0562_0249,0.00h,23.83h,sensor_stuck,low,"(-12.5,62.5)",0.0,0.0
E_sensor_stuck_0563_0350,0.00h,23.83h,sensor_stuck,low,"(12.5,187.5)",0.0,0.0
E_sensor_stuck_0564_0107,0.00h,23.83h,sensor_stuck,low,"(-62.5,-112.5)",0.0,0.0
E_sensor_stuck_0565_0125,0.00h,23.83h,sensor_stuck,low,"(-112.5,-87.5)",0.0,0.0
E_sensor_stuck_0566_0121,0.00h,23.83h,sensor_stuck,low,"(-212.5,-87.5)",0.0,0.0
E_sensor_stuck_0567_0221,0.00h,23.83h,sensor_stuck,low,"(-212.5,37.5)",0.0,0.0
E_sensor_stuck_0568_0165,0.00h,23.83h,sensor_stuck,low,"(-112.5,-37.5)",0.0,0.0
E_sensor_stuck_0569_0172,0.00h,23.83h,sensor_stuck,low,"(62.5,-37.5)",0.0,0.0
E_sensor_stuck_0570_0293,0.00h,23.83h,sensor_stuck,low,"(87.5,112.5)",0.0,0.0
E_sensor_stuck_0571_0004,0.00h,23.83h,sensor_stuck,low,"(-137.5,-237.5)",0.0,0.0
E_sensor_stuck_0572_0271,0.00h,23.83h,sensor_stuck,low,"(37.5,87.5)",0.0,0.0
E_sensor_stuck_0573_0033,0.00h,23.83h,sensor_stuck,low,"(87.5,-212.5)",0.0,0.0
E_sensor_stuck_0574_0361,0.00h,23.83h,sensor_stuck,low,"(-212.5,212.5)",0.0,0.0
E_sensor_stuck_0575_0222,0.00h,23.83h,sensor_stuck,low,"(-187.5,37.5)",0.0,0.0
E_sensor_stuck_0576_0288,0.00h,23.83h,sensor_stuck,low,"(-37.5,112.5)",0.0,0.0
E_sensor_stuck_0577_0086,0.00h,23.83h,sensor_stuck,low,"(-87.5,-137.5)",0.0,0.0
E_sensor_stuck_0578_0141,0.00h,23.83h,sensor_stuck,low,"(-212.5,-62.5)",0.0,0.0
E_sensor_stuck_0579_0212,0.00h,23.83h,sensor_stuck,low,"(62.5,12.5)",0.0,0.0
E_sensor_stuck_0580_0214,0.00h,23.83h,sensor_stuck,low,"(112.5,12.5)",0.0,0.0
E_sensor_stuck_0581_0315,0.00h,23.83h,sensor_stuck,low,"(137.5,137.5)",0.0,0.0
E_sensor_stuck_0582_0394,0.00h,23.83h,sensor_stuck,low,"(112.5,237.5)",0.0,0.0
E_sensor_stuck_0583_0023,0.00h,23.83h,sensor_stuck,low,"(-162.5,-212.5)",0.0,0.0
E_sensor_stuck_0584_0064,0.00h,23.83h,sensor_stuck,low,"(-137.5,-162.5)",0.0,0.0
E_sensor_stuck_0585_0380,0.00h,23.83h,sensor_stuck,low,"(-237.5,237.5)",0.0,0.0
E_sensor_stuck_0586_0380,0.00h,23.83h,sensor_stuck,low,"(-237.5,237.5)",0.0,0.0
E_sensor_stuck_0587_0098,0.00h,23.83h,sensor_stuck,low,"(212.5,-137.5)",0.0,0.0
E_sensor_stuck_0588_0224,0.00h,23.83h,sensor_stuck,low,"(-137.5,37.5)",0.0,0.0
E_sensor_stuck_0589_0253,0.00h,23.83h,sensor_stuck,low,"(87.5,62.5)",0.0,0.0
E_sensor_stuck_0590_0277,0.00h,23.83h,sensor_stuck,low,"(187.5,87.5)",0.0,0.0
E_sensor_stuck_0591_0307,0.00h,23.83h,sensor_stuck,low,"(-62.5,137.5)",0.0,0.0
E_sensor_stuck_0592_0323,0.00h,23.83h,sensor_stuck,low,"(-162.5,162.5)",0.0,0.0
E_sensor_stuck_0593_0142,0.00h,23.83h,sensor_stuck,low,"(-187.5,-62.5)",0.0,0.0
E_sensor_stuck_0594_0227,0.00h,23.83h,sensor_stuck,low,"(-62.5,37.5)",0.0,0.0
E_sensor_stuck_0595_0006,0.00h,23.83h,sensor_stuck,low,"(-87.5,-237.5)",0.0,0.0
E_sensor_stuck_0596_0148,0.00h,23.83h,sensor_stuck,low,"(-37.5,-62.5)",0.0,0.0
E_sensor_stuck_0597_0356,0.00h,23.83h,sensor_stuck,low,"(162.5,187.5)",0.0,0.0
E_sensor_stuck_0598_0092,0.00h,23.83h,sensor_stuck,low,"(62.5,-137.5)",0.0,0.0
E_sensor_stuck_0599_0253,0.00h,23.83h,sensor_stuck,low,"(87.5,62.5)",0.0,0.0
E_sensor_stuck_0600_0126,0.00h,23.83h,sensor_stuck,low,"(-87.5,-87.5)",0.0,0.0
E_sensor_stuck_0601_0070,0.00h,23.83h,sensor_stuck,low,"(12.5,-162.5)",0.0,0.0
E_sensor_stuck_0602_0363,0.00h,23.83h,sensor_stuck,low,"(-162.5,212.5)",0.0,0.0
E_sensor_stuck_0603_0311,0.00h,23.83h,sensor_stuck,low,"(37.5,137.5)",0.0,0.0
E_sensor_stuck_0604_0230,0.00h,23.83h,sensor_stuck,low,"(12.5,37.5)",0.0,0.0
E_sensor_stuck_0605_0052,0.00h,23.83h,sensor_stuck,low,"(62.5,-187.5)",0.0,0.0
E_sensor_stuck_0606_0213,0.00h,23.83h,sensor_stuck,low,"(87.5,12.5)",0.0,0.0
E_sensor_stuck_0607_0318,0.00h,23.83h,sensor_stuck,low,"(212.5,137.5)",0.0,0.0
E_sensor_stuck_0608_0092,0.00h,23.83h,sensor_stuck,low,"(62.5,-137.5)",0.0,0.0
E_sensor_stuck_0609_0012,0.00h,23.83h,sensor_stuck,low,"(62.5,-237.5)",0.0,0.0
E_sensor_stuck_0610_0047,0.00h,23.83h,sensor_stuck,low,"(-62.5,-187.5)",0.0,0.0
E_sensor_stuck_0611_0049,0.00h,23.83h,sensor_stuck,low,"(-12.5,-187.5)",0.0,0.0
E_sensor_stuck_0612_0101,0.00h,23.83h,sensor_stuck,low,"(-212.5,-112.5)",0.0,0.0
E_sensor_stuck_0613_0125,0.00h,23.83h,sensor_stuck,low,"(-112.5,-87.5)",0.0,0.0
E_sensor_stuck_0614_0052,0.00h,23.83h,sensor_stuck,low,"(62.5,-187.5)",0.0,0.0
E_sensor_stuck_0615_0192,0.00h,23.83h,sensor_stuck,low,"(62.5,-12.5)",0.0,0.0
E_sensor_stuck_0616_0235,0.00h,23.83h,sensor_stuck,low,"(137.5,37.5)",0.0,0.0
E_sensor_stuck_0617_0196,0.00h,23.83h,sensor_stuck,low,"(162.5,-12.5)",0.0,0.0
E_sensor_stuck_0618_0381,0.00h,23.83h,sensor_stuck,low,"(-212.5,237.5)",0.0,0.0
E_sensor_stuck_0619_0211,0.00h,23.83h,sensor_stuck,low,"(37.5,12.5)",0.0,0.0
E_sensor_stuck_0620_0224,0.00h,23.83h,sensor_stuck,low,"(-137.5,37.5)",0.0,0.0
E_sensor_stuck_0621_0344,0.00h,23.83h,sensor_stuck,low,"(-137.5,187.5)",0.0,0.0
E_sensor_stuck_0622_0008,0.00h,23.83h,sensor_stuck,low,"(-37.5,-237.5)",0.0,0.0
E_sensor_stuck_0623_0133,0.00h,23.83h,sensor_stuck,low,"(87.5,-87.5)",0.0,0.0
E_sensor_stuck_0624_0385,0.00h,23.83h,sensor_stuck,low,"(-112.5,237.5)",0.0,0.0
E_sensor_dropout_0000_0168,0.00h,23.83h,sensor_dropout,low,"(-37.5,-37.5)",0.0,0.0
E_sensor_dropout_0001_0016,0.00h,23.83h,sensor_dropout,low,"(162.5,-237.5)",0.0,0.0
E_sensor_dropout_0002_0092,0.00h,23.83h,sensor_dropout,low,"(62.5,-137.5)",0.0,0.0
E_sensor_dropout_0003_0301,0.00h,23.83h,sensor_dropout,low,"(-212.5,137.5)",0.0,0.0
E_sensor_dropout_0004_0356,0.00h,23.83h,sensor_dropout,low,"(162.5,187.5)",0.0,0.0
E_sensor_dropout_0005_0362,0.00h,23.83h,sensor_dropout,low,"(-187.5,212.5)",0.0,0.0
E_sensor_dropout_0006_0229,0.00h,23.83h,sensor_dropout,low,"(-12.5,37.5)",0.0,0.0
E_sensor_dropout_0007_0325,0.00h,23.83h,sensor_dropout,low,"(-112.5,162.5)",0.0,0.0
E_sensor_dropout_0008_0323,0.00h,23.83h,sensor_dropout,low,"(-162.5,162.5)",0.0,0.0
E_sensor_dropout_0009_0271,0.00h,23.83h,sensor_dropout,low,"(37.5,87.5)",0.0,0.0
E_sensor_dropout_0010_0396,0.00h,23.83h,sensor_dropout,low,"(162.5,237.5)",0.0,0.0
E_sensor_dropout_0011_0071,0.00h,23.83h,sensor_dropout,low,"(37.5,-162.5)",0.0,0.0
E_sensor_dropout_0012_0246,0.00h,23.83h,sensor_dropout,low,"(-87.5,62.5)",0.0,0.0
E_sensor_dropout_0013_0221,0.00h,23.83h,sensor_dropout,low,"(-212.5,37.5)",0.0,0.0
E_sensor_dropout_0014_0079,0.00h,23.83h,sensor_dropout,low,"(237.5,-162.5)",0.0,0.0
E_sensor_dropout_0015_0234,0.00h,23.83h,sensor_dropout,low,"(112.5,37.5)",0.0,0.0
E_sensor_dropout_0016_0102,0.00h,23.83h,sensor_dropout,low,"(-187.5,-112.5)",0.0,0.0
E_sensor_dropout_0017_0061,0.00h,23.83h,sensor_dropout,low,"(-212.5,-162.5)",0.0,0.0
E_sensor_dropout_0018_0321,0.00h,23.83h,sensor_dropout,low,"(-212.5,162.5)",0.0,0.0
E_sensor_dropout_0019_0260,0.00h,23.83h,sensor_dropout,low,"(-237.5,87.5)",0.0,0.0
E_sensor_dropout_0020_0309,0.00h,23.83h,sensor_dropout,low,"(-12.5,137.5)",0.0,0.0
E_sensor_dropout_0021_0127,0.00h,23.83h,sensor_dropout,low,"(-62.5,-87.5)",0.0,0.0
E_sensor_dropout_0022_0155,0.00h,23.83h,sensor_dropout,low,"(137.5,-62.5)",0.0,0.0
E_sensor_dropout_0023_0115,0.00h,23.83h,sensor_dropout,low,"(137.5,-112.5)",0.0,0.0
E_sensor_dropout_0024_0373,0.00h,23.83h,sensor_dropout,low,"(87.5,212.5)",0.0,0.0
E_sensor_dropout_0025_0019,0.00h,23.83h,sensor_dropout,low,"(237.5,-237.5)",0.0,0.0
E_sensor_dropout_0026_0086,0.00h,23.83h,sensor_dropout,low,"(-87.5,-137.5)",0.0,0.0
E_sensor_dropout_0027_0139,0.00h,23.83h,sensor_dropout,low,"(237.5,-87.5)",0.0,0.0
E_sensor_dropout_0028_0058,0.00h,23.83h,sensor_dropout,low,"(212.5,-187.5)",0.0,0.0
E_sensor_dropout_0029_0394,0.00h,23.83h,sensor_dropout,low,"(112.5,237.5)",0.0,0.0
E_sensor_dropout_0030_0341,0.00h,23.83h,sensor_dropout,low,"(-212.5,187.5)",0.0,0.0
E_sensor_dropout_0031_0018,0.00h,23.83h,sensor_dropout,low,"(212.5,-237.5)",0.0,0.0
E_sensor_dropout_0032_0220,0.00h,23.83h,sensor_dropout,low,"(-237.5,37.5)",0.0,0.0
E_sensor_dropout_0033_0002,0.00h,23.83h,sensor_dropout,low,"(-187.5,-237.5)",0.0,0.0
E_sensor_dropout_0034_0045,0.00h,23.83h,sensor_dropout,low,"(-112.5,-187.5)",0.0,0.0
E_sensor_dropout_0035_0242,0.00h,23.83h,sensor_dropout,low,"(-187.5,62.5)",0.0,0.0
E_sensor_dropout_0036_0072,0.00h,23.83h,sensor_dropout,low,"(62.5,-162.5)",0.0,0.0
E_sensor_dropout_0037_0137,0.00h,23.83h,sensor_dropout,low,"(187.5,-87.5)",0.0,0.0
E_sensor_dropout_0038_0016,0.00h,23.83h,sensor_dropout,low,"(162.5,-237.5)",0.0,0.0
E_sensor_dropout_0039_0352,0.00h,23.83h,sensor_dropout,low,"(62.5,187.5)",0.0,0.0
E_sensor_dropout_0040_0205,0.00h,23.83h,sensor_dropout,low,"(-112.5,12.5)",0.0,0.0
E_sensor_dropout_0041_0187,0.00h,23.83h,sensor_dropout,low,"(-62.5,-12.5)",0.0,0.0
E_sensor_dropout_0042_0397,0.00h,23.83h,sensor_dropout,low,"(187.5,237.5)",0.0,0.0
E_sensor_dropout_0043_0241,0.00h,23.83h,sensor_dropout,low,"(-212.5,62.5)",0.0,0.0
E_sensor_dropout_0044_0148,0.00h,23.83h,sensor_dropout,low,"(-37.5,-62.5)",0.0,0.0
E_sensor_dropout_0045_0097,0.00h,23.83h,sensor_dropout,low,"(187.5,-137.5)",0.0,0.0
E_sensor_dropout_0046_0320,0.00h,23.83h,sensor_dropout,low,"(-237.5,162.5)",0.0,0.0
E_sensor_dropout_0047_0122,0.00h,23.83h,sensor_dropout,low,"(-187.5,-87.5)",0.0,0.0
E_sensor_dropout_0048_0269,0.00h,23.83h,sensor_dropout,low,"(-12.5,87.5)",0.0,0.0
E_sensor_dropout_0049_0090,0.00h,23.83h,sensor_dropout,low,"(12.5,-137.5)",0.0,0.0
E_sensor_dropout_0050_0351,0.00h,23.83h,sensor_dropout,low,"(37.5,187.5)",0.0,0.0
E_sensor_dropout_0051_0037,0.00h,23.83h,sensor_dropout,low,"(187.5,-212.5)",0.0,0.0
E_sensor_dropout_0052_0208,0.00h,23.83h,sensor_dropout,low,"(-37.5,12.5)",0.0,0.0
E_sensor_dropout_0053_0007,0.00h,23.83h,sensor_dropout,low,"(-62.5,-237.5)",0.0,0.0
E_sensor_dropout_0054_0257,0.00h,23.83h,sensor_dropout,low,"(187.5,62.5)",0.0,0.0
E_sensor_dropout_0055_0008,0.00h,23.83h,sensor_dropout,low,"(-37.5,-237.5)",0.0,0.0
E_sensor_dropout_0056_0142,0.00h,23.83h,sensor_dropout,low,"(-187.5,-62.5)",0.0,0.0
E_sensor_dropout_0057_0329,0.00h,23.83h,sensor_dropout,low,"(-12.5,162.5)",0.0,0.0
E_sensor_dropout_0058_0284,0.00h,23.83h,sensor_dropout,low,"(-137.5,112.5)",0.0,0.0
E_sensor_dropout_0059_0128,0.00h,23.83h,sensor_dropout,low,"(-37.5,-87.5)",0.0,0.0
E_sensor_dropout_0060_0246,0.00h,23.83h,sensor_dropout,low,"(-87.5,62.5)",0.0,0.0
E_sensor_dropout_0061_0273,0.00h,23.83h,sensor_dropout,low,"(87.5,87.5)",0.0,0.0
E_sensor_dropout_0062_0067,0.00h,23.83h,sensor_dropout,low,"(-62.5,-162.5)",0.0,0.0
E_sensor_dropout_0063_0323,0.00h,23.83h,sensor_dropout,low,"(-162.5,162.5)",0.0,0.0
E_sensor_dropout_0064_0368,0.00h,23.83h,sensor_dropout,low,"(-37.5,212.5)",0.0,0.0
E_sensor_dropout_0065_0227,0.00h,23.83h,sensor_dropout,low,"(-62.5,37.5)",0.0,0.0
E_sensor_dropout_0066_0089,0.00h,23.83h,sensor_dropout,low,"(-12.5,-137.5)",0.0,0.0
E_sensor_dropout_0067_0033,0.00h,23.83h,sensor_dropout,low,"(87.5,-212.5)",0.0,0.0
E_sensor_dropout_0068_0377,0.00h,23.83h,sensor_dropout,low,"(187.5,212.5)",0.0,0.0
E_sensor_dropout_0069_0389,0.00h,23.83h,sensor_dropout,low,"(-12.5,237.5)",0.0,0.0
E_sensor_dropout_0070_0024,0.00h,23.83h,sensor_dropout,low,"(-137.5,-212.5)",0.0,0.0
E_sensor_dropout_0071_0252,0.00h,23.83h,sensor_dropout,low,"(62.5,62.5)",0.0,0.0
E_sensor_dropout_0072_0343,0.00h,23.83h,sensor_dropout,low,"(-162.5,187.5)",0.0,0.0
E_sensor_dropout_0073_0027,0.00h,23.83h,sensor_dropout,low,"(-62.5,-212.5)",0.0,0.0
E_sensor_dropout_0074_0183,0.00h,23.83h,sensor_dropout,low,"(-162.5,-12.5)",0.0,0.0
E_sensor_dropout_0075_0109,0.00h,23.83h,sensor_dropout,low,"(-12.5,-112.5)",0.0,0.0
E_sensor_dropout_0076_0239,0.00h,23.83h,sensor_dropout,low,"(237.5,37.5)",0.0,0.0
E_sensor_dropout_0077_0033,0.00h,23.83h,sensor_dropout,low,"(87.5,-212.5)",0.0,0.0
E_sensor_dropout_0078_0134,0.00h,23.83h,sensor_dropout,low,"(112.5,-87.5)",0.0,0.0
E_sensor_dropout_0079_0193,0.00h,23.83h,sensor_dropout,low,"(87.5,-12.5)",0.0,0.0
E_sensor_dropout_0080_0379,0.00h,23.83h,sensor_dropout,low,"(237.5,212.5)",0.0,0.0
E_sensor_dropout_0081_0112,0.00h,23.83h,sensor_dropout,low,"(62.5,-112.5)",0.0,0.0
E_sensor_dropout_0082_0352,0.00h,23.83h,sensor_dropout,low,"(62.5,187.5)",0.0,0.0
E_sensor_dropout_0083_0193,0.00h,23.83h,sensor_dropout,low,"(87.5,-12.5)",0.0,0.0
E_sensor_dropout_0084_0327,0.00h,23.83h,sensor_dropout,low,"(-62.5,162.5)",0.0,0.0
E_sensor_dropout_0085_0169,0.00h,23.83h,sensor_dropout,low,"(-12.5,-37.5)",0.0,0.0
E_sensor_dropout_0086_0130,0.00h,23.83h,sensor_dropout,low,"(12.5,-87.5)",0.0,0.0
E_sensor_dropout_0087_0132,0.00h,23.83h,sensor_dropout,low,"(62.5,-87.5)",0.0,0.0
E_sensor_dropout_0088_0078,0.00h,23.83h,sensor_dropout,low,"(212.5,-162.5)",0.0,0.0
E_sensor_dropout_0089_0094,0.00h,23.83h,sensor_dropout,low,"(112.5,-137.5)",0.0,0.0
E_sensor_dropout_0090_0372,0.00h,23.83h,sensor_dropout,low,"(62.5,212.5)",0.0,0.0
E_sensor_dropout_0091_0301,0.00h,23.83h,sensor_dropout,low,"(-212.5,137.5)",0.0,0.0
E_sensor_dropout_0092_0360,0.00h,23.83h,sensor_dropout,low,"(-237.5,212.5)",0.0,0.0
E_sensor_dropout_0093_0265,0.00h,23.83h,sensor_dropout,low,"(-112.5,87.5)",0.0,0.0
E_sensor_dropout_0094_0195,0.00h,23.83h,sensor_dropout,low,"(137.5,-12.5)",0.0,0.0
E_sensor_dropout_0095_0288,0.00h,23.83h,sensor_dropout,low,"(-37.5,112.5)",0.0,0.0
E_sensor_dropout_0096_0128,0.00h,23.83h,sensor_dropout,low,"(-37.5,-87.5)",0.0,0.0
E_sensor_dropout_0097_0302,0.00h,23.83h,sensor_dropout,low,"(-187.5,137.5)",0.0,0.0
E_sensor_dropout_0098_0182,0.00h,23.83h,sensor_dropout,low,"(-187.5,-12.5)",0.0,0.0
E_sensor_dropout_0099_0029,0.00h,23.83h,sensor_dropout,low,"(-12.5,-212.5)",0.0,0.0
E_sensor_dropout_0100_0084,0.00h,23.83h,sensor_dropout,low,"(-137.5,-137.5)",0.0,0.0
E_sensor_dropout_0101_0047,0.00h,23.83h,sensor_dropout,low,"(-62.5,-187.5)",0.0,0.0
E_sensor_dropout_0102_0328,0.00h,23.83h,sensor_dropout,low,"(-37.5,162.5)",0.0,0.0
E_sensor_dropout_0103_0132,0.00h,23.83h,sensor_dropout,low,"(62.5,-87.5)",0.0,0.0
E_sensor_dropout_0104_0123,0.00h,23.83h,sensor_dropout,low,"(-162.5,-87.5)",0.0,0.0
E_sensor_dropout_0105_0195,0.00h,23.83h,sensor_dropout,low,"(137.5,-12.5)",0.0,0.0
E_sensor_dropout_0106_0150,0.00h,23.83h,sensor_dropout,low,"(12.5,-62.5)",0.0,0.0
E_sensor_dropout_0107_0133,0.00h,23.83h,sensor_dropout,low,"(87.5,-87.5)",0.0,0.0
E_sensor_dropout_0108_0062,0.00h,23.83h,sensor_dropout,low,"(-187.5,-162.5)",0.0,0.0
E_sensor_dropout_0109_0127,0.00h,23.83h,sensor_dropout,low,"(-62.5,-87.5)",0.0,0.0
E_sensor_dropout_0110_0018,0.00h,23.83h,sensor_dropout,low,"(212.5,-237.5)",0.0,0.0
E_sensor_dropout_0111_0090,0.00h,23.83h,sensor_dropout,low,"(12.5,-137.5)",0.0,0.0
E_sensor_dropout_0112_0319,0.00h,23.83h,sensor_dropout,low,"(237.5,137.5)",0.0,0.0
E_sensor_dropout_0113_0038,0.00h,23.83h,sensor_dropout,low,"(212.5,-212.5)",0.0,0.0
E_sensor_dropout_0114_0011,0.00h,23.83h,sensor_dropout,low,"(37.5,-237.5)",0.0,0.0
E_sensor_dropout_0115_0127,0.00h,23.83h,sensor_dropout,low,"(-62.5,-87.5)",0.0,0.0
E_sensor_dropout_0116_0169,0.00h,23.83h,sensor_dropout,low,"(-12.5,-37.5)",0.0,0.0
E_sensor_dropout_0117_0394,0.00h,23.83h,sensor_dropout,low,"(112.5,237.5)",0.0,0.0
E_sensor_dropout_0118_0324,0.00h,23.83h,sensor_dropout,low,"(-137.5,162.5)",0.0,0.0
E_sensor_dropout_0119_0243,0.00h,23.83h,sensor_dropout,low,"(-162.5,62.5)",0.0,0.0
E_sensor_dropout_0120_0217,0.00h,23.83h,sensor_dropout,low,"(187.5,12.5)",0.0,0.0
E_sensor_dropout_0121_0197,0.00h,23.83h,sensor_dropout,low,"(187.5,-12.5)",0.0,0.0
E_sensor_dropout_0122_0314,0.00h,23.83h,sensor_dropout,low,"(112.5,137.5)",0.0,0.0
E_sensor_dropout_0123_0289,0.00h,23.83h,sensor_dropout,low,"(-12.5,112.5)",0.0,0.0
E_sensor_dropout_0124_0086,0.00h,23.83h,sensor_dropout,low,"(-87.5,-137.5)",0.0,0.0
E_sensor_dropout_0125_0103,0.00h,23.83h,sensor_dropout,low,"(-162.5,-112.5)",0.0,0.0
E_sensor_dropout_0126_0178,0.00h,23.83h,sensor_dropout,low,"(212.5,-37.5)",0.0,0.0
E_sensor_dropout_0127_0323,0.00h,23.83h,sensor_dropout,low,"(-162.5,162.5)",0.0,0.0
E_sensor_dropout_0128_0077,0.00h,23.83h,sensor_dropout,low,"(187.5,-162.5)",0.0,0.0
E_sensor_dropout_0129_0099,0.00h,23.83h,sensor_dropout,low,"(237.5,-137.5)",0.0,0.0
E_sensor_dropout_0130_0275,0.00h,23.83h,sensor_dropout,low,"(137.5,87.5)",0.0,0.0
E_sensor_dropout_0131_0051,0.00h,23.83h,sensor_dropout,low,"(37.5,-187.5)",0.0,0.0
E_sensor_dropout_0132_0113,0.00h,23.83h,sensor_dropout,low,"(87.5,-112.5)",0.0,0.0
E_sensor_dropout_0133_0059,0.00h,23.83h,sensor_dropout,low,"(237.5,-187.5)",0.0,0.0
E_sensor_dropout_0134_0368,0.00h,23.83h,sensor_dropout,low,"(-37.5,212.5)",0.0,0.0
E_sensor_dropout_0135_0175,0.00h,23.83h,sensor_dropout,low,"(137.5,-37.5)",0.0,0.0
E_sensor_dropout_0136_0288,0.00h,23.83h,sensor_dropout,low,"(-37.5,112.5)",0.0,0.0
E_sensor_dropout_0137_0216,0.00h,23.83h,sensor_dropout,low,"(162.5,12.5)",0.0,0.0
E_sensor_dropout_0138_0058,0.00h,23.83h,sensor_dropout,low,"(212.5,-187.5)",0.0,0.0
E_sensor_dropout_0139_0336,0.00h,23.83h,sensor_dropout,low,"(162.5,162.5)",0.0,0.0
E_sensor_dropout_0140_0253,0.00h,23.83h,sensor_dropout,low,"(87.5,62.5)",0.0,0.0
E_sensor_dropout_0141_0136,0.00h,23.83h,sensor_dropout,low,"(162.5,-87.5)",0.0,0.0
E_sensor_dropout_0142_0312,0.00h,23.83h,sensor_dropout,low,"(62.5,137.5)",0.0,0.0
E_sensor_dropout_0143_0194,0.00h,23.83h,sensor_dropout,low,"(112.5,-12.5)",0.0,0.0
E_sensor_dropout_0144_0278,0.00h,23.83h,sensor_dropout,low,"(212.5,87.5)",0.0,0.0
E_sensor_dropout_0145_0282,0.00h,23.83h,sensor_dropout,low,"(-187.5,112.5)",0.0,0.0
E_sensor_dropout_0146_0163,0.00h,23.83h,sensor_dropout,low,"(-162.5,-37.5)",0.0,0.0
E_sensor_dropout_0147_0352,0.00h,23.83h,sensor_dropout,low,"(62.5,187.5)",0.0,0.0
E_sensor_dropout_0148_0000,0.00h,23.83h,sensor_dropout,low,"(-237.5,-237.5)",0.0,0.0
E_sensor_dropout_0149_0322,0.00h,23.83h,sensor_dropout,low,"(-187.5,162.5)",0.0,0.0
E_sensor_dropout_0150_0001,0.00h,23.83h,sensor_dropout,low,"(-212.5,-237.5)",0.0,0.0
E_sensor_dropout_0151_0175,0.00h,23.83h,sensor_dropout,low,"(137.5,-37.5)",0.0,0.0
E_sensor_dropout_0152_0269,0.00h,23.83h,sensor_dropout,low,"(-12.5,87.5)",0.0,0.0
E_sensor_dropout_0153_0388,0.00h,23.83h,sensor_dropout,low,"(-37.5,237.5)",0.0,0.0
E_sensor_dropout_0154_0274,0.00h,23.83h,sensor_dropout,low,"(112.5,87.5)",0.0,0.0
E_sensor_dropout_0155_0221,0.00h,23.83h,sensor_dropout,low,"(-212.5,37.5)",0.0,0.0
E_sensor_dropout_0156_0188,0.00h,23.83h,sensor_dropout,low,"(-37.5,-12.5)",0.0,0.0
E_sensor_dropout_0157_0003,0.00h,23.83h,sensor_dropout,low,"(-162.5,-237.5)",0.0,0.0
E_sensor_dropout_0158_0333,0.00h,23.83h,sensor_dropout,low,"(87.5,162.5)",0.0,0.0
E_sensor_dropout_0159_0377,0.00h,23.83h,sensor_dropout,low,"(187.5,212.5)",0.0,0.0
E_sensor_dropout_0160_0002,0.00h,23.83h,sensor_dropout,low,"(-187.5,-237.5)",0.0,0.0
E_sensor_dropout_0161_0351,0.00h,23.83h,sensor_dropout,low,"(37.5,187.5)",0.0,0.0
E_sensor_dropout_0162_0348,0.00h,23.83h,sensor_dropout,low,"(-37.5,187.5)",0.0,0.0
E_sensor_dropout_0163_0065,0.00h,23.83h,sensor_dropout,low,"(-112.5,-162.5)",0.0,0.0
E_sensor_dropout_0164_0346,0.00h,23.83h,sensor_dropout,low,"(-87.5,187.5)",0.0,0.0
E_sensor_dropout_0165_0054,0.00h,23.83h,sensor_dropout,low,"(112.5,-187.5)",0.0,0.0
E_sensor_dropout_0166_0138,0.00h,23.83h,sensor_dropout,low,"(212.5,-87.5)",0.0,0.0
E_sensor_dropout_0167_0073,0.00h,23.83h,sensor_dropout,low,"(87.5,-162.5)",0.0,0.0
E_sensor_dropout_0168_0058,0.00h,23.83h,sensor_dropout,low,"(212.5,-187.5)",0.0,0.0
E_sensor_dropout_0169_0061,0.00h,23.83h,sensor_dropout,low,"(-212.5,-162.5)",0.0,0.0
E_sensor_dropout_0170_0359,0.00h,23.83h,sensor_dropout,low,"(237.5,187.5)",0.0,0.0
E_sensor_dropout_0171_0104,0.00h,23.83h,sensor_dropout,low,"(-137.5,-112.5)",0.0,0.0
E_sensor_dropout_0172_0226,0.00h,23.83h,sensor_dropout,low,"(-87.5,37.5)",0.0,0.0
E_sensor_dropout_0173_0276,0.00h,23.83h,sensor_dropout,low,"(162.5,87.5)",0.0,0.0
E_sensor_dropout_0174_0259,0.00h,23.83h,sensor_dropout,low,"(237.5,62.5)",0.0,0.0
E_sensor_dropout_0175_0277,0.00h,23.83h,sensor_dropout,low,"(187.5,87.5)",0.0,0.0
E_sensor_dropout_0176_0355,0.00h,23.83h,sensor_dropout,low,"(137.5,187.5)",0.0,0.0
E_sensor_dropout_0177_0181,0.00h,23.83h,sensor_dropout,low,"(-212.5,-12.5)",0.0,0.0
E_sensor_dropout_0178_0260,0.00h,23.83h,sensor_dropout,low,"(-237.5,87.5)",0.0,0.0
E_sensor_dropout_0179_0292,0.00h,23.83h,sensor_dropout,low,"(62.5,112.5)",0.0,0.0
E_sensor_dropout_0180_0188,0.00h,23.83h,sensor_dropout,low,"(-37.5,-12.5)",0.0,0.0
E_sensor_dropout_0181_0057,0.00h,23.83h,sensor_dropout,low,"(187.5,-187.5)",0.0,0.0
E_sensor_dropout_0182_0127,0.00h,23.83h,sensor_dropout,low,"(-62.5,-87.5)",0.0,0.0
E_sensor_dropout_0183_0055,0.00h,23.83h,sensor_dropout,low,"(137.5,-187.5)",0.0,0.0
E_sensor_dropout_0184_0325,0.00h,23.83h,sensor_dropout,low,"(-112.5,162.5)",0.0,0.0
E_sensor_dropout_0185_0367,0.00h,23.83h,sensor_dropout,low,"(-62.5,212.5)",0.0,0.0
E_sensor_dropout_0186_0301,0.00h,23.83h,sensor_dropout,low,"(-212.5,137.5)",0.0,0.0
E_sensor_dropout_0187_0359,0.00h,23.83h,sensor_dropout,low,"(237.5,187.5)",0.0,0.0
E_sensor_dropout_0188_0394,0.00h,23.83h,sensor_dropout,low,"(112.5,237.5)",0.0,0.0
E_sensor_dropout_0189_0082,0.00h,23.83h,sensor_dropout,low,"(-187.5,-137.5)",0.0,0.0
E_sensor_dropout_0190_0267,0.00h,23.83h,sensor_dropout,low,"(-62.5,87.5)",0.0,0.0
E_sensor_dropout_0191_0160,0.00h,23.83h,sensor_dropout,low,"(-237.5,-37.5)",0.0,0.0
E_sensor_dropout_0192_0229,0.00h,23.83h,sensor_dropout,low,"(-12.5,37.5)",0.0,0.0
E_sensor_dropout_0193_0220,0.00h,23.83h,sensor_dropout,low,"(-237.5,37.5)",0.0,0.0
E_sensor_dropout_0194_0231,0.00h,23.83h,sensor_dropout,low,"(37.5,37.5)",0.0,0.0
E_sensor_dropout_0195_0185,0.00h,23.83h,sensor_dropout,low,"(-112.5,-12.5)",0.0,0.0
E_sensor_dropout_0196_0389,0.00h,23.83h,sensor_dropout,low,"(-12.5,237.5)",0.0,0.0
E_sensor_dropout_0197_0393,0.00h,23.83h,sensor_dropout,low,"(87.5,237.5)",0.0,0.0
E_sensor_dropout_0198_0316,0.00h,23.83h,sensor_dropout,low,"(162.5,137.5)",0.0,0.0
E_sensor_dropout_0199_0092,0.00h,23.83h,sensor_dropout,low,"(62.5,-137.5)",0.0,0.0
E_sensor_dropout_0200_0142,0.00h,23.83h,sensor_dropout,low,"(-187.5,-62.5)",0.0,0.0
E_sensor_dropout_0201_0345,0.00h,23.83h,sensor_dropout,low,"(-112.5,187.5)",0.0,0.0
E_sensor_dropout_0202_0294,0.00h,23.83h,sensor_dropout,low,"(112.5,112.5)",0.0,0.0
E_sensor_dropout_0203_0223,0.00h,23.83h,sensor_dropout,low,"(-162.5,37.5)",0.0,0.0
E_sensor_dropout_0204_0297,0.00h,23.83h,sensor_dropout,low,"(187.5,112.5)",0.0,0.0
E_sensor_dropout_0205_0297,0.00h,23.83h,sensor_dropout,low,"(187.5,112.5)",0.0,0.0
E_sensor_dropout_0206_0345,0.00h,23.83h,sensor_dropout,low,"(-112.5,187.5)",0.0,0.0
E_sensor_dropout_0207_0393,0.00h,23.83h,sensor_dropout,low,"(87.5,237.5)",0.0,0.0
E_sensor_dropout_0208_0091,0.00h,23.83h,sensor_dropout,low,"(37.5,-137.5)",0.0,0.0
E_sensor_dropout_0209_0108,0.00h,23.83h,sensor_dropout,low,"(-37.5,-112.5)",0.0,0.0
E_sensor_dropout_0210_0246,0.00h,23.83h,sensor_dropout,low,"(-87.5,62.5)",0.0,0.0
E_sensor_dropout_0211_0148,0.00h,23.83h,sensor_dropout,low,"(-37.5,-62.5)",0.0,0.0
E_sensor_dropout_0212_0383,0.00h,23.83h,sensor_dropout,low,"(-162.5,237.5)",0.0,0.0
E_sensor_dropout_0213_0191,0.00h,23.83h,sensor_dropout,low,"(37.5,-12.5)",0.0,0.0
E_sensor_dropout_0214_0067,0.00h,23.83h,sensor_dropout,low,"(-62.5,-162.5)",0.0,0.0
E_sensor_dropout_0215_0155,0.00h,23.83h,sensor_dropout,low,"(137.5,-62.5)",0.0,0.0
E_sensor_dropout_0216_0305,0.00h,23.83h,sensor_dropout,low,"(-112.5,137.5)",0.0,0.0
E_sensor_dropout_0217_0123,0.00h,23.83h,sensor_dropout,low,"(-162.5,-87.5)",0.0,0.0
E_sensor_dropout_0218_0338,0.00h,23.83h,sensor_dropout,low,"(212.5,162.5)",0.0,0.0
E_sensor_dropout_0219_0305,0.00h,23.83h,sensor_dropout,low,"(-112.5,137.5)",0.0,0.0
E_sensor_dropout_0220_0356,0.00h,23.83h,sensor_dropout,low,"(162.5,187.5)",0.0,0.0
E_sensor_dropout_0221_0278,0.00h,23.83h,sensor_dropout,low,"(212.5,87.5)",0.0,0.0
E_sensor_dropout_0222_0020,0.00h,23.83h,sensor_dropout,low,"(-237.5,-212.5)",0.0,0.0
E_sensor_dropout_0223_0195,0.00h,23.83h,sensor_dropout,low,"(137.5,-12.5)",0.0,0.0
E_sensor_dropout_0224_0231,0.00h,23.83h,sensor_dropout,low,"(37.5,37.5)",0.0,0.0
E_sensor_dropout_0225_0009,0.00h,23.83h,sensor_dropout,low,"(-12.5,-237.5)",0.0,0.0
E_sensor_dropout_0226_0348,0.00h,23.83h,sensor_dropout,low,"(-37.5,187.5)",0.0,0.0
E_sensor_dropout_0227_0390,0.00h,23.83h,sensor_dropout,low,"(12.5,237.5)",0.0,0.0
E_sensor_dropout_0228_0313,0.00h,23.83h,sensor_dropout,low,"(87.5,137.5)",0.0,0.0
E_sensor_dropout_0229_0006,0.00h,23.83h,sensor_dropout,low,"(-87.5,-237.5)",0.0,0.0
E_sensor_dropout_0230_0184,0.00h,23.83h,sensor_dropout,low,"(-137.5,-12.5)",0.0,0.0
E_sensor_dropout_0231_0196,0.00h,23.83h,sensor_dropout,low,"(162.5,-12.5)",0.0,0.0
E_sensor_dropout_0232_0127,0.00h,23.83h,sensor_dropout,low,"(-62.5,-87.5)",0.0,0.0
E_sensor_dropout_0233_0289,0.00h,23.83h,sensor_dropout,low,"(-12.5,112.5)",0.0,0.0
E_sensor_dropout_0234_0359,0.00h,23.83h,sensor_dropout,low,"(237.5,187.5)",0.0,0.0
E_sensor_dropout_0235_0121,0.00h,23.83h,sensor_dropout,low,"(-212.5,-87.5)",0.0,0.0
E_sensor_dropout_0236_0360,0.00h,23.83h,sensor_dropout,low,"(-237.5,212.5)",0.0,0.0
E_sensor_dropout_0237_0062,0.00h,23.83h,sensor_dropout,low,"(-187.5,-162.5)",0.0,0.0
E_sensor_dropout_0238_0207,0.00h,23.83h,sensor_dropout,low,"(-62.5,12.5)",0.0,0.0
E_sensor_dropout_0239_0326,0.00h,23.83h,sensor_dropout,low,"(-87.5,162.5)",0.0,0.0
E_sensor_dropout_0240_0122,0.00h,23.83h,sensor_dropout,low,"(-187.5,-87.5)",0.0,0.0
E_sensor_dropout_0241_0198,0.00h,23.83h,sensor_dropout,low,"(212.5,-12.5)",0.0,0.0
E_sensor_dropout_0242_0092,0.00h,23.83h,sensor_dropout,low,"(62.5,-137.5)",0.0,0.0
E_sensor_dropout_0243_0326,0.00h,23.83h,sensor_dropout,low,"(-87.5,162.5)",0.0,0.0
E_sensor_dropout_0244_0168,0.00h,23.83h,sensor_dropout,low,"(-37.5,-37.5)",0.0,0.0
E_sensor_dropout_0245_0181,0.00h,23.83h,sensor_dropout,low,"(-212.5,-12.5)",0.0,0.0
E_sensor_dropout_0246_0001,0.00h,23.83h,sensor_dropout,low,"(-212.5,-237.5)",0.0,0.0
E_sensor_dropout_0247_0246,0.00h,23.83h,sensor_dropout,low,"(-87.5,62.5)",0.0,0.0
E_sensor_dropout_0248_0110,0.00h,23.83h,sensor_dropout,low,"(12.5,-112.5)",0.0,0.0
E_sensor_dropout_0249_0385,0.00h,23.83h,sensor_dropout,low,"(-112.5,237.5)",0.0,0.0
E_sensor_dropout_0250_0225,0.00h,23.83h,sensor_dropout,low,"(-112.5,37.5)",0.0,0.0
E_sensor_dropout_0251_0083,0.00h,23.83h,sensor_dropout,low,"(-162.5,-137.5)",0.0,0.0
E_sensor_dropout_0252_0262,0.00h,23.83h,sensor_dropout,low,"(-187.5,87.5)",0.0,0.0
E_sensor_dropout_0253_0201,0.00h,23.83h,sensor_dropout,low,"(-212.5,12.5)",0.0,0.0
E_sensor_dropout_0254_0313,0.00h,23.83h,sensor_dropout,low,"(87.5,137.5)",0.0,0.0
E_sensor_dropout_0255_0252,0.00h,23.83h,sensor_dropout,low,"(62.5,62.5)",0.0,0.0
E_sensor_dropout_0256_0228,0.00h,23.83h,sensor_dropout,low,"(-37.5,37.5)",0.0,0.0
E_sensor_dropout_0257_0029,0.00h,23.83h,sensor_dropout,low,"(-12.5,-212.5)",0.0,0.0
E_sensor_dropout_0258_0355,0.00h,23.83h,sensor_dropout,low,"(137.5,187.5)",0.0,0.0
E_sensor_dropout_0259_0242,0.00h,23.83h,sensor_dropout,low,"(-187.5,62.5)",0.0,0.0
E_sensor_dropout_0260_0008,0.00h,23.83h,sensor_dropout,low,"(-37.5,-237.5)",0.0,0.0
E_sensor_dropout_0261_0107,0.00h,23.83h,sensor_dropout,low,"(-62.5,-112.5)",0.0,0.0
E_sensor_dropout_0262_0228,0.00h,23.83h,sensor_dropout,low,"(-37.5,37.5)",0.0,0.0
E_sensor_dropout_0263_0016,0.00h,23.83h,sensor_dropout,low,"(162.5,-237.5)",0.0,0.0
E_sensor_dropout_0264_0154,0.00h,23.83h,sensor_dropout,low,"(112.5,-62.5)",0.0,0.0
E_sensor_dropout_0265_0247,0.00h,23.83h,sensor_dropout,low,"(-62.5,62.5)",0.0,0.0
E_sensor_dropout_0266_0229,0.00h,23.83h,sensor_dropout,low,"(-12.5,37.5)",0.0,0.0
E_sensor_dropout_0267_0338,0.00h,23.83h,sensor_dropout,low,"(212.5,162.5)",0.0,0.0
E_sensor_dropout_0268_0327,0.00h,23.83h,sensor_dropout,low,"(-62.5,162.5)",0.0,0.0
E_sensor_dropout_0269_0087,0.00h,23.83h,sensor_dropout,low,"(-62.5,-137.5)",0.0,0.0
E_sensor_dropout_0270_0140,0.00h,23.83h,sensor_dropout,low,"(-237.5,-62.5)",0.0,0.0
E_sensor_dropout_0271_0035,0.00h,23.83h,sensor_dropout,low,"(137.5,-212.5)",0.0,0.0
E_sensor_dropout_0272_0178,0.00h,23.83h,sensor_dropout,low,"(212.5,-37.5)",0.0,0.0
E_sensor_dropout_0273_0020,0.00h,23.83h,sensor_dropout,low,"(-237.5,-212.5)",0.0,0.0
E_sensor_dropout_0274_0349,0.00h,23.83h,sensor_dropout,low,"(-12.5,187.5)",0.0,0.0
E_sensor_dropout_0275_0211,0.00h,23.83h,sensor_dropout,low,"(37.5,12.5)",0.0,0.0
E_sensor_dropout_0276_0226,0.00h,23.83h,sensor_dropout,low,"(-87.5,37.5)",0.0,0.0
E_sensor_dropout_0277_0236,0.00h,23.83h,sensor_dropout,low,"(162.5,37.5)",0.0,0.0
E_sensor_dropout_0278_0194,0.00h,23.83h,sensor_dropout,low,"(112.5,-12.5)",0.0,0.0
E_sensor_dropout_0279_0129,0.00h,23.83h,sensor_dropout,low,"(-12.5,-87.5)",0.0,0.0
E_sensor_dropout_0280_0184,0.00h,23.83h,sensor_dropout,low,"(-137.5,-12.5)",0.0,0.0
E_sensor_dropout_0281_0143,0.00h,23.83h,sensor_dropout,low,"(-162.5,-62.5)",0.0,0.0
E_sensor_dropout_0282_0234,0.00h,23.83h,sensor_dropout,low,"(112.5,37.5)",0.0,0.0
E_sensor_dropout_0283_0256,0.00h,23.83h,sensor_dropout,low,"(162.5,62.5)",0.0,0.0
E_sensor_dropout_0284_0395,0.00h,23.83h,sensor_dropout,low,"(137.5,237.5)",0.0,0.0
E_sensor_dropout_0285_0303,0.00h,23.83h,sensor_dropout,low,"(-162.5,137.5)",0.0,0.0
E_sensor_dropout_0286_0219,0.00h,23.83h,sensor_dropout,low,"(237.5,12.5)",0.0,0.0
E_sensor_dropout_0287_0379,0.00h,23.83h,sensor_dropout,low,"(237.5,212.5)",0.0,0.0
E_sensor_dropout_0288_0195,0.00h,23.83h,sensor_dropout,low,"(137.5,-12.5)",0.0,0.0
E_sensor_dropout_0289_0063,0.00h,23.83h,sensor_dropout,low,"(-162.5,-162.5)",0.0,0.0
E_sensor_dropout_0290_0276,0.00h,23.83h,sensor_dropout,low,"(162.5,87.5)",0.0,0.0
E_sensor_dropout_0291_0029,0.00h,23.83h,sensor_dropout,low,"(-12.5,-212.5)",0.0,0.0
E_sensor_dropout_0292_0196,0.00h,23.83h,sensor_dropout,low,"(162.5,-12.5)",0.0,0.0
E_sensor_dropout_0293_0323,0.00h,23.83h,sensor_dropout,low,"(-162.5,162.5)",0.0,0.0
E_sensor_dropout_0294_0158,0.00h,23.83h,sensor_dropout,low,"(212.5,-62.5)",0.0,0.0
E_sensor_dropout_0295_0017,0.00h,23.83h,sensor_dropout,low,"(187.5,-237.5)",0.0,0.0
E_sensor_dropout_0296_0067,0.00h,23.83h,sensor_dropout,low,"(-62.5,-162.5)",0.0,0.0
E_sensor_dropout_0297_0186,0.00h,23.83h,sensor_dropout,low,"(-87.5,-12.5)",0.0,0.0
E_sensor_dropout_0298_0120,0.00h,23.83h,sensor_dropout,low,"(-237.5,-87.5)",0.0,0.0
E_sensor_dropout_0299_0021,0.00h,23.83h,sensor_dropout,low,"(-212.5,-212.5)",0.0,0.0
E_sensor_dropout_0300_0027,0.00h,23.83h,sensor_dropout,low,"(-62.5,-212.5)",0.0,0.0
E_sensor_dropout_0301_0399,0.00h,23.83h,sensor_dropout,low,"(237.5,237.5)",0.0,0.0
E_sensor_dropout_0302_0261,0.00h,23.83h,sensor_dropout,low,"(-212.5,87.5)",0.0,0.0
E_sensor_dropout_0303_0101,0.00h,23.83h,sensor_dropout,low,"(-212.5,-112.5)",0.0,0.0
E_sensor_dropout_0304_0162,0.00h,23.83h,sensor_dropout,low,"(-187.5,-37.5)",0.0,0.0
E_sensor_dropout_0305_0173,0.00h,23.83h,sensor_dropout,low,"(87.5,-37.5)",0.0,0.0
E_sensor_dropout_0306_0059,0.00h,23.83h,sensor_dropout,low,"(237.5,-187.5)",0.0,0.0
E_sensor_dropout_0307_0218,0.00h,23.83h,sensor_dropout,low,"(212.5,12.5)",0.0,0.0
E_sensor_dropout_0308_0248,0.00h,23.83h,sensor_dropout,low,"(-37.5,62.5)",0.0,0.0
E_sensor_dropout_0309_0112,0.00h,23.83h,sensor_dropout,low,"(62.5,-112.5)",0.0,0.0
E_sensor_dropout_0310_0348,0.00h,23.83h,sensor_dropout,low,"(-37.5,187.5)",0.0,0.0
E_sensor_dropout_0311_0104,0.00h,23.83h,sensor_dropout,low,"(-137.5,-112.5)",0.0,0.0
E_sensor_dropout_0312_0326,0.00h,23.83h,sensor_dropout,low,"(-87.5,162.5)",0.0,0.0
E_sensor_dropout_0313_0083,0.00h,23.83h,sensor_dropout,low,"(-162.5,-137.5)",0.0,0.0
E_sensor_dropout_0314_0017,0.00h,23.83h,sensor_dropout,low,"(187.5,-237.5)",0.0,0.0
E_sensor_dropout_0315_0315,0.00h,23.83h,sensor_dropout,low,"(137.5,137.5)",0.0,0.0
E_sensor_dropout_0316_0315,0.00h,23.83h,sensor_dropout,low,"(137.5,137.5)",0.0,0.0
E_sensor_dropout_0317_0028,0.00h,23.83h,sensor_dropout,low,"(-37.5,-212.5)",0.0,0.0
E_sensor_dropout_0318_0252,0.00h,23.83h,sensor_dropout,low,"(62.5,62.5)",0.0,0.0
E_sensor_dropout_0319_0232,0.00h,23.83h,sensor_dropout,low,"(62.5,37.5)",0.0,0.0
E_sensor_dropout_0320_0369,0.00h,23.83h,sensor_dropout,low,"(-12.5,212.5)",0.0,0.0
E_sensor_dropout_0321_0147,0.00h,23.83h,sensor_dropout,low,"(-62.5,-62.5)",0.0,0.0
E_sensor_dropout_0322_0311,0.00h,23.83h,sensor_dropout,low,"(37.5,137.5)",0.0,0.0
E_sensor_dropout_0323_0336,0.00h,23.83h,sensor_dropout,low,"(162.5,162.5)",0.0,0.0
E_sensor_dropout_0324_0062,0.00h,23.83h,sensor_dropout,low,"(-187.5,-162.5)",0.0,0.0
E_sensor_dropout_0325_0235,0.00h,23.83h,sensor_dropout,low,"(137.5,37.5)",0.0,0.0
E_sensor_dropout_0326_0384,0.00h,23.83h,sensor_dropout,low,"(-137.5,237.5)",0.0,0.0
E_sensor_dropout_0327_0234,0.00h,23.83h,sensor_dropout,low,"(112.5,37.5)",0.0,0.0
E_sensor_dropout_0328_0277,0.00h,23.83h,sensor_dropout,low,"(187.5,87.5)",0.0,0.0
E_sensor_dropout_0329_0209,0.00h,23.83h,sensor_dropout,low,"(-12.5,12.5)",0.0,0.0
E_sensor_dropout_0330_0123,0.00h,23.83h,sensor_dropout,low,"(-162.5,-87.5)",0.0,0.0
E_sensor_dropout_0331_0044,0.00h,23.83h,sensor_dropout,low,"(-137.5,-187.5)",0.0,0.0
E_sensor_dropout_0332_0031,0.00h,23.83h,sensor_dropout,low,"(37.5,-212.5)",0.0,0.0
E_sensor_dropout_0333_0283,0.00h,23.83h,sensor_dropout,low,"(-162.5,112.5)",0.0,0.0
E_sensor_dropout_0334_0300,0.00h,23.83h,sensor_dropout,low,"(-237.5,137.5)",0.0,0.0
E_sensor_dropout_0335_0196,0.00h,23.83h,sensor_dropout,low,"(162.5,-12.5)",0.0,0.0
E_sensor_dropout_0336_0050,0.00h,23.83h,sensor_dropout,low,"(12.5,-187.5)",0.0,0.0
E_sensor_dropout_0337_0048,0.00h,23.83h,sensor_dropout,low,"(-37.5,-187.5)",0.0,0.0
E_sensor_dropout_0338_0234,0.00h,23.83h,sensor_dropout,low,"(112.5,37.5)",0.0,0.0
E_sensor_dropout_0339_0122,0.00h,23.83h,sensor_dropout,low,"(-187.5,-87.5)",0.0,0.0
E_sensor_dropout_0340_0011,0.00h,23.83h,sensor_dropout,low,"(37.5,-237.5)",0.0,0.0
E_sensor_dropout_0341_0353,0.00h,23.83h,sensor_dropout,low,"(87.5,187.5)",0.0,0.0
E_sensor_dropout_0342_0368,0.00h,23.83h,sensor_dropout,low,"(-37.5,212.5)",0.0,0.0
E_sensor_dropout_0343_0222,0.00h,23.83h,sensor_dropout,low,"(-187.5,37.5)",0.0,0.0
E_sensor_dropout_0344_0078,0.00h,23.83h,sensor_dropout,low,"(212.5,-162.5)",0.0,0.0
E_sensor_dropout_0345_0328,0.00h,23.83h,sensor_dropout,low,"(-37.5,162.5)",0.0,0.0
E_sensor_dropout_0346_0291,0.00h,23.83h,sensor_dropout,low,"(37.5,112.5)",0.0,0.0
E_sensor_dropout_0347_0376,0.00h,23.83h,sensor_dropout,low,"(162.5,212.5)",0.0,0.0
E_sensor_dropout_0348_0062,0.00h,23.83h,sensor_dropout,low,"(-187.5,-162.5)",0.0,0.0
E_sensor_dropout_0349_0397,0.00h,23.83h,sensor_dropout,low,"(187.5,237.5)",0.0,0.0
E_sensor_dropout_0350_0048,0.00h,23.83h,sensor_dropout,low,"(-37.5,-187.5)",0.0,0.0
E_sensor_dropout_0351_0013,0.00h,23.83h,sensor_dropout,low,"(87.5,-237.5)",0.0,0.0
E_sensor_dropout_0352_0061,0.00h,23.83h,sensor_dropout,low,"(-212.5,-162.5)",0.0,0.0
E_sensor_dropout_0353_0151,0.00h,23.83h,sensor_dropout,low,"(37.5,-62.5)",0.0,0.0
E_sensor_dropout_0354_0277,0.00h,23.83h,sensor_dropout,low,"(187.5,87.5)",0.0,0.0
E_sensor_dropout_0355_0299,0.00h,23.83h,sensor_dropout,low,"(237.5,112.5)",0.0,0.0
E_sensor_dropout_0356_0187,0.00h,23.83h,sensor_dropout,low,"(-62.5,-12.5)",0.0,0.0
E_sensor_dropout_0357_0216,0.00h,23.83h,sensor_dropout,low,"(162.5,12.5)",0.0,0.0
E_sensor_dropout_0358_0166,0.00h,23.83h,sensor_dropout,low,"(-87.5,-37.5)",0.0,0.0
E_sensor_dropout_0359_0220,0.00h,23.83h,sensor_dropout,low,"(-237.5,37.5)",0.0,0.0
E_sensor_dropout_0360_0282,0.00h,23.83h,sensor_dropout,low,"(-187.5,112.5)",0.0,0.0
E_sensor_dropout_0361_0176,0.00h,23.83h,sensor_dropout,low,"(162.5,-37.5)",0.0,0.0
E_sensor_dropout_0362_0210,0.00h,23.83h,sensor_dropout,low,"(12.5,12.5)",0.0,0.0
E_sensor_dropout_0363_0311,0.00h,23.83h,sensor_dropout,low,"(37.5,137.5)",0.0,0.0
E_sensor_dropout_0364_0183,0.00h,23.83h,sensor_dropout,low,"(-162.5,-12.5)",0.0,0.0
E_sensor_dropout_0365_0300,0.00h,23.83h,sensor_dropout,low,"(-237.5,137.5)",0.0,0.0
E_sensor_dropout_0366_0353,0.00h,23.83h,sensor_dropout,low,"(87.5,187.5)",0.0,0.0
E_sensor_dropout_0367_0058,0.00h,23.83h,sensor_dropout,low,"(212.5,-187.5)",0.0,0.0
E_sensor_dropout_0368_0323,0.00h,23.83h,sensor_dropout,low,"(-162.5,162.5)",0.0,0.0
E_sensor_dropout_0369_0118,0.00h,23.83h,sensor_dropout,low,"(212.5,-112.5)",0.0,0.0
E_sensor_dropout_0370_0015,0.00h,23.83h,sensor_dropout,low,"(137.5,-237.5)",0.0,0.0
E_sensor_dropout_0371_0226,0.00h,23.83h,sensor_dropout,low,"(-87.5,37.5)",0.0,0.0
E_sensor_dropout_0372_0259,0.00h,23.83h,sensor_dropout,low,"(237.5,62.5)",0.0,0.0
E_sensor_dropout_0373_0028,0.00h,23.83h,sensor_dropout,low,"(-37.5,-212.5)",0.0,0.0
E_sensor_dropout_0374_0188,0.00h,23.83h,sensor_dropout,low,"(-37.5,-12.5)",0.0,0.0
E_sensor_dropout_0375_0143,0.00h,23.83h,sensor_dropout,low,"(-162.5,-62.5)",0.0,0.0
E_sensor_dropout_0376_0221,0.00h,23.83h,sensor_dropout,low,"(-212.5,37.5)",0.0,0.0
E_sensor_dropout_0377_0250,0.00h,23.83h,sensor_dropout,low,"(12.5,62.5)",0.0,0.0
E_sensor_dropout_0378_0098,0.00h,23.83h,sensor_dropout,low,"(212.5,-137.5)",0.0,0.0
E_sensor_dropout_0379_0372,0.00h,23.83h,sensor_dropout,low,"(62.5,212.5)",0.0,0.0
E_sensor_dropout_0380_0240,0.00h,23.83h,sensor_dropout,low,"(-237.5,62.5)",0.0,0.0
E_sensor_dropout_0381_0216,0.00h,23.83h,sensor_dropout,low,"(162.5,12.5)",0.0,0.0
E_sensor_dropout_0382_0223,0.00h,23.83h,sensor_dropout,low,"(-162.5,37.5)",0.0,0.0
E_sensor_dropout_0383_0086,0.00h,23.83h,sensor_dropout,low,"(-87.5,-137.5)",0.0,0.0
E_sensor_dropout_0384_0011,0.00h,23.83h,sensor_dropout,low,"(37.5,-237.5)",0.0,0.0
E_sensor_dropout_0385_0324,0.00h,23.83h,sensor_dropout,low,"(-137.5,162.5)",0.0,0.0
E_sensor_dropout_0386_0381,0.00h,23.83h,sensor_dropout,low,"(-212.5,237.5)",0.0,0.0
E_sensor_dropout_0387_0222,0.00h,23.83h,sensor_dropout,low,"(-187.5,37.5)",0.0,0.0
E_sensor_dropout_0388_0203,0.00h,23.83h,sensor_dropout,low,"(-162.5,12.5)",0.0,0.0
E_sensor_dropout_0389_0114,0.00h,23.83h,sensor_dropout,low,"(112.5,-112.5)",0.0,0.0
E_sensor_dropout_0390_0050,0.00h,23.83h,sensor_dropout,low,"(12.5,-187.5)",0.0,0.0
E_sensor_dropout_0391_0054,0.00h,23.83h,sensor_dropout,low,"(112.5,-187.5)",0.0,0.0
E_sensor_dropout_0392_0257,0.00h,23.83h,sensor_dropout,low,"(187.5,62.5)",0.0,0.0
E_sensor_dropout_0393_0347,0.00h,23.83h,sensor_dropout,low,"(-62.5,187.5)",0.0,0.0
E_sensor_dropout_0394_0166,0.00h,23.83h,sensor_dropout,low,"(-87.5,-37.5)",0.0,0.0
E_sensor_dropout_0395_0202,0.00h,23.83h,sensor_dropout,low,"(-187.5,12.5)",0.0,0.0
E_sensor_dropout_0396_0185,0.00h,23.83h,sensor_dropout,low,"(-112.5,-12.5)",0.0,0.0
E_sensor_dropout_0397_0168,0.00h,23.83h,sensor_dropout,low,"(-37.5,-37.5)",0.0,0.0
E_sensor_dropout_0398_0206,0.00h,23.83h,sensor_dropout,low,"(-87.5,12.5)",0.0,0.0
E_sensor_dropout_0399_0080,0.00h,23.83h,sensor_dropout,low,"(-237.5,-137.5)",0.0,0.0
E_sensor_dropout_0400_0193,0.00h,23.83h,sensor_dropout,low,"(87.5,-12.5)",0.0,0.0
E_sensor_dropout_0401_0365,0.00h,23.83h,sensor_dropout,low,"(-112.5,212.5)",0.0,0.0
E_sensor_dropout_0402_0202,0.00h,23.83h,sensor_dropout,low,"(-187.5,12.5)",0.0,0.0
E_sensor_dropout_0403_0362,0.00h,23.83h,sensor_dropout,low,"(-187.5,212.5)",0.0,0.0
E_sensor_dropout_0404_0243,0.00h,23.83h,sensor_dropout,low,"(-162.5,62.5)",0.0,0.0
E_sensor_dropout_0405_0104,0.00h,23.83h,sensor_dropout,low,"(-137.5,-112.5)",0.0,0.0
E_sensor_dropout_0406_0038,0.00h,23.83h,sensor_dropout,low,"(212.5,-212.5)",0.0,0.0
E_sensor_dropout_0407_0033,0.00h,23.83h,sensor_dropout,low,"(87.5,-212.5)",0.0,0.0
E_sensor_dropout_0408_0228,0.00h,23.83h,sensor_dropout,low,"(-37.5,37.5)",0.0,0.0
E_sensor_dropout_0409_0229,0.00h,23.83h,sensor_dropout,low,"(-12.5,37.5)",0.0,0.0
E_sensor_dropout_0410_0049,0.00h,23.83h,sensor_dropout,low,"(-12.5,-187.5)",0.0,0.0
E_sensor_dropout_0411_0237,0.00h,23.83h,sensor_dropout,low,"(187.5,37.5)",0.0,0.0
E_sensor_dropout_0412_0007,0.00h,23.83h,sensor_dropout,low,"(-62.5,-237.5)",0.0,0.0
E_sensor_dropout_0413_0353,0.00h,23.83h,sensor_dropout,low,"(87.5,187.5)",0.0,0.0
E_sensor_dropout_0414_0285,0.00h,23.83h,sensor_dropout,low,"(-112.5,112.5)",0.0,0.0
E_sensor_dropout_0415_0329,0.00h,23.83h,sensor_dropout,low,"(-12.5,162.5)",0.0,0.0
E_sensor_dropout_0416_0170,0.00h,23.83h,sensor_dropout,low,"(12.5,-37.5)",0.0,0.0
E_sensor_dropout_0417_0020,0.00h,23.83h,sensor_dropout,low,"(-237.5,-212.5)",0.0,0.0
E_sensor_dropout_0418_0249,0.00h,23.83h,sensor_dropout,low,"(-12.5,62.5)",0.0,0.0
E_sensor_dropout_0419_0256,0.00h,23.83h,sensor_dropout,low,"(162.5,62.5)",0.0,0.0
E_sensor_dropout_0420_0100,0.00h,23.83h,sensor_dropout,low,"(-237.5,-112.5)",0.0,0.0
E_sensor_dropout_0421_0249,0.00h,23.83h,sensor_dropout,low,"(-12.5,62.5)",0.0,0.0
E_sensor_dropout_0422_0047,0.00h,23.83h,sensor_dropout,low,"(-62.5,-187.5)",0.0,0.0
E_sensor_dropout_0423_0125,0.00h,23.83h,sensor_dropout,low,"(-112.5,-87.5)",0.0,0.0
E_sensor_dropout_0424_0292,0.00h,23.83h,sensor_dropout,low,"(62.5,112.5)",0.0,0.0
E_sensor_dropout_0425_0328,0.00h,23.83h,sensor_dropout,low,"(-37.5,162.5)",0.0,0.0
E_sensor_dropout_0426_0185,0.00h,23.83h,sensor_dropout,low,"(-112.5,-12.5)",0.0,0.0
E_sensor_dropout_0427_0238,0.00h,23.83h,sensor_dropout,low,"(212.5,37.5)",0.0,0.0
E_sensor_dropout_0428_0316,0.00h,23.83h,sensor_dropout,low,"(162.5,137.5)",0.0,0.0
E_sensor_dropout_0429_0133,0.00h,23.83h,sensor_dropout,low,"(87.5,-87.5)",0.0,0.0
E_sensor_dropout_0430_0310,0.00h,23.83h,sensor_dropout,low,"(12.5,137.5)",0.0,0.0
E_sensor_dropout_0431_0384,0.00h,23.83h,sensor_dropout,low,"(-137.5,237.5)",0.0,0.0
E_sensor_dropout_0432_0050,0.00h,23.83h,sensor_dropout,low,"(12.5,-187.5)",0.0,0.0
E_sensor_dropout_0433_0034,0.00h,23.83h,sensor_dropout,low,"(112.5,-212.5)",0.0,0.0
E_sensor_dropout_0434_0041,0.00h,23.83h,sensor_dropout,low,"(-212.5,-187.5)",0.0,0.0
E_sensor_dropout_0435_0087,0.00h,23.83h,sensor_dropout,low,"(-62.5,-137.5)",0.0,0.0
E_sensor_dropout_0436_0086,0.00h,23.83h,sensor_dropout,low,"(-87.5,-137.5)",0.0,0.0
E_sensor_dropout_0437_0071,0.00h,23.83h,sensor_dropout,low,"(37.5,-162.5)",0.0,0.0
E_sensor_dropout_0438_0097,0.00h,23.83h,sensor_dropout,low,"(187.5,-137.5)",0.0,0.0
E_sensor_dropout_0439_0277,0.00h,23.83h,sensor_dropout,low,"(187.5,87.5)",0.0,0.0
E_sensor_dropout_0440_0058,0.00h,23.83h,sensor_dropout,low,"(212.5,-187.5)",0.0,0.0
E_sensor_dropout_0441_0092,0.00h,23.83h,sensor_dropout,low,"(62.5,-137.5)",0.0,0.0
E_sensor_dropout_0442_0286,0.00h,23.83h,sensor_dropout,low,"(-87.5,112.5)",0.0,0.0
E_sensor_dropout_0443_0165,0.00h,23.83h,sensor_dropout,low,"(-112.5,-37.5)",0.0,0.0
E_sensor_dropout_0444_0267,0.00h,23.83h,sensor_dropout,low,"(-62.5,87.5)",0.0,0.0
E_sensor_dropout_0445_0249,0.00h,23.83h,sensor_dropout,low,"(-12.5,62.5)",0.0,0.0
E_sensor_dropout_0446_0338,0.00h,23.83h,sensor_dropout,low,"(212.5,162.5)",0.0,0.0
E_sensor_dropout_0447_0050,0.00h,23.83h,sensor_dropout,low,"(12.5,-187.5)",0.0,0.0
E_sensor_dropout_0448_0240,0.00h,23.83h,sensor_dropout,low,"(-237.5,62.5)",0.0,0.0
E_sensor_dropout_0449_0373,0.00h,23.83h,sensor_dropout,low,"(87.5,212.5)",0.0,0.0
E_sensor_dropout_0450_0118,0.00h,23.83h,sensor_dropout,low,"(212.5,-112.5)",0.0,0.0
E_sensor_dropout_0451_0172,0.00h,23.83h,sensor_dropout,low,"(62.5,-37.5)",0.0,0.0
E_sensor_dropout_0452_0150,0.00h,23.83h,sensor_dropout,low,"(12.5,-62.5)",0.0,0.0
E_sensor_dropout_0453_0371,0.00h,23.83h,sensor_dropout,low,"(37.5,212.5)",0.0,0.0
E_sensor_dropout_0454_0178,0.00h,23.83h,sensor_dropout,low,"(212.5,-37.5)",0.0,0.0
E_sensor_dropout_0455_0170,0.00h,23.83h,sensor_dropout,low,"(12.5,-37.5)",0.0,0.0
E_sensor_dropout_0456_0229,0.00h,23.83h,sensor_dropout,low,"(-12.5,37.5)",0.0,0.0
E_sensor_dropout_0457_0206,0.00h,23.83h,sensor_dropout,low,"(-87.5,12.5)",0.0,0.0
E_sensor_dropout_0458_0120,0.00h,23.83h,sensor_dropout,low,"(-237.5,-87.5)",0.0,0.0
E_sensor_dropout_0459_0203,0.00h,23.83h,sensor_dropout,low,"(-162.5,12.5)",0.0,0.0
E_sensor_dropout_0460_0339,0.00h,23.83h,sensor_dropout,low,"(237.5,162.5)",0.0,0.0
E_sensor_dropout_0461_0094,0.00h,23.83h,sensor_dropout,low,"(112.5,-137.5)",0.0,0.0
E_sensor_dropout_0462_0308,0.00h,23.83h,sensor_dropout,low,"(-37.5,137.5)",0.0,0.0
E_sensor_dropout_0463_0176,0.00h,23.83h,sensor_dropout,low,"(162.5,-37.5)",0.0,0.0
E_sensor_dropout_0464_0306,0.00h,23.83h,sensor_dropout,low,"(-87.5,137.5)",0.0,0.0
E_sensor_dropout_0465_0107,0.00h,23.83h,sensor_dropout,low,"(-62.5,-112.5)",0.0,0.0
E_sensor_dropout_0466_0063,0.00h,23.83h,sensor_dropout,low,"(-162.5,-162.5)",0.0,0.0
E_sensor_dropout_0467_0048,0.00h,23.83h,sensor_dropout,low,"(-37.5,-187.5)",0.0,0.0
E_sensor_dropout_0468_0281,0.00h,23.83h,sensor_dropout,low,"(-212.5,112.5)",0.0,0.0
E_sensor_dropout_0469_0056,0.00h,23.83h,sensor_dropout,low,"(162.5,-187.5)",0.0,0.0
E_sensor_dropout_0470_0003,0.00h,23.83h,sensor_dropout,low,"(-162.5,-237.5)",0.0,0.0
E_sensor_dropout_0471_0226,0.00h,23.83h,sensor_dropout,low,"(-87.5,37.5)",0.0,0.0
E_sensor_dropout_0472_0318,0.00h,23.83h,sensor_dropout,low,"(212.5,137.5)",0.0,0.0
E_sensor_dropout_0473_0338,0.00h,23.83h,sensor_dropout,low,"(212.5,162.5)",0.0,0.0
E_sensor_dropout_0474_0288,0.00h,23.83h,sensor_dropout,low,"(-37.5,112.5)",0.0,0.0
E_sensor_dropout_0475_0049,0.00h,23.83h,sensor_dropout,low,"(-12.5,-187.5)",0.0,0.0
E_sensor_dropout_0476_0111,0.00h,23.83h,sensor_dropout,low,"(37.5,-112.5)",0.0,0.0
E_sensor_dropout_0477_0380,0.00h,23.83h,sensor_dropout,low,"(-237.5,237.5)",0.0,0.0
E_sensor_dropout_0478_0320,0.00h,23.83h,sensor_dropout,low,"(-237.5,162.5)",0.0,0.0
E_sensor_dropout_0479_0291,0.00h,23.83h,sensor_dropout,low,"(37.5,112.5)",0.0,0.0
E_sensor_dropout_0480_0260,0.00h,23.83h,sensor_dropout,low,"(-237.5,87.5)",0.0,0.0
E_sensor_dropout_0481_0399,0.00h,23.83h,sensor_dropout,low,"(237.5,237.5)",0.0,0.0
E_sensor_dropout_0482_0078,0.00h,23.83h,sensor_dropout,low,"(212.5,-162.5)",0.0,0.0
E_sensor_dropout_0483_0348,0.00h,23.83h,sensor_dropout,low,"(-37.5,187.5)",0.0,0.0
E_sensor_dropout_0484_0395,0.00h,23.83h,sensor_dropout,low,"(137.5,237.5)",0.0,0.0
E_sensor_dropout_0485_0290,0.00h,23.83h,sensor_dropout,low,"(12.5,112.5)",0.0,0.0
E_sensor_dropout_0486_0006,0.00h,23.83h,sensor_dropout,low,"(-87.5,-237.5)",0.0,0.0
E_sensor_dropout_0487_0230,0.00h,23.83h,sensor_dropout,low,"(12.5,37.5)",0.0,0.0
E_sensor_dropout_0488_0327,0.00h,23.83h,sensor_dropout,low,"(-62.5,162.5)",0.0,0.0
E_sensor_dropout_0489_0041,0.00h,23.83h,sensor_dropout,low,"(-212.5,-187.5)",0.0,0.0
E_sensor_dropout_0490_0237,0.00h,23.83h,sensor_dropout,low,"(187.5,37.5)",0.0,0.0
E_sensor_dropout_0491_0174,0.00h,23.83h,sensor_dropout,low,"(112.5,-37.5)",0.0,0.0
E_sensor_dropout_0492_0339,0.00h,23.83h,sensor_dropout,low,"(237.5,162.5)",0.0,0.0
E_sensor_dropout_0493_0297,0.00h,23.83h,sensor_dropout,low,"(187.5,112.5)",0.0,0.0
E_sensor_dropout_0494_0073,0.00h,23.83h,sensor_dropout,low,"(87.5,-162.5)",0.0,0.0
E_sensor_dropout_0495_0297,0.00h,23.83h,sensor_dropout,low,"(187.5,112.5)",0.0,0.0
E_sensor_dropout_0496_0244,0.00h,23.83h,sensor_dropout,low,"(-137.5,62.5)",0.0,0.0
E_sensor_dropout_0497_0071,0.00h,23.83h,sensor_dropout,low,"(37.5,-162.5)",0.0,0.0
E_sensor_dropout_0498_0047,0.00h,23.83h,sensor_dropout,low,"(-62.5,-187.5)",0.0,0.0
E_sensor_dropout_0499_0306,0.00h,23.83h,sensor_dropout,low,"(-87.5,137.5)",0.0,0.0
E_sensor_dropout_0500_0024,0.00h,23.83h,sensor_dropout,low,"(-137.5,-212.5)",0.0,0.0
E_sensor_dropout_0501_0193,0.00h,23.83h,sensor_dropout,low,"(87.5,-12.5)",0.0,0.0
E_sensor_dropout_0502_0060,0.00h,23.83h,sensor_dropout,low,"(-237.5,-162.5)",0.0,0.0
E_sensor_dropout_0503_0145,0.00h,23.83h,sensor_dropout,low,"(-112.5,-62.5)",0.0,0.0
E_sensor_dropout_0504_0059,0.00h,23.83h,sensor_dropout,low,"(237.5,-187.5)",0.0,0.0
E_sensor_dropout_0505_0004,0.00h,23.83h,sensor_dropout,low,"(-137.5,-237.5)",0.0,0.0
E_sensor_dropout_0506_0065,0.00h,23.83h,sensor_dropout,low,"(-112.5,-162.5)",0.0,0.0
E_sensor_dropout_0507_0102,0.00h,23.83h,sensor_dropout,low,"(-187.5,-112.5)",0.0,0.0
E_sensor_dropout_0508_0108,0.00h,23.83h,sensor_dropout,low,"(-37.5,-112.5)",0.0,0.0
E_sensor_dropout_0509_0325,0.00h,23.83h,sensor_dropout,low,"(-112.5,162.5)",0.0,0.0
E_sensor_dropout_0510_0099,0.00h,23.83h,sensor_dropout,low,"(237.5,-137.5)",0.0,0.0
E_sensor_dropout_0511_0124,0.00h,23.83h,sensor_dropout,low,"(-137.5,-87.5)",0.0,0.0
E_sensor_dropout_0512_0044,0.00h,23.83h,sensor_dropout,low,"(-137.5,-187.5)",0.0,0.0
E_sensor_dropout_0513_0221,0.00h,23.83h,sensor_dropout,low,"(-212.5,37.5)",0.0,0.0
E_sensor_dropout_0514_0259,0.00h,23.83h,sensor_dropout,low,"(237.5,62.5)",0.0,0.0
E_sensor_dropout_0515_0365,0.00h,23.83h,sensor_dropout,low,"(-112.5,212.5)",0.0,0.0
E_sensor_dropout_0516_0103,0.00h,23.83h,sensor_dropout,low,"(-162.5,-112.5)",0.0,0.0
E_sensor_dropout_0517_0298,0.00h,23.83h,sensor_dropout,low,"(212.5,112.5)",0.0,0.0
E_sensor_dropout_0518_0294,0.00h,23.83h,sensor_dropout,low,"(112.5,112.5)",0.0,0.0
E_sensor_dropout_0519_0189,0.00h,23.83h,sensor_dropout,low,"(-12.5,-12.5)",0.0,0.0
E_sensor_dropout_0520_0353,0.00h,23.83h,sensor_dropout,low,"(87.5,187.5)",0.0,0.0
E_sensor_dropout_0521_0364,0.00h,23.83h,sensor_dropout,low,"(-137.5,212.5)",0.0,0.0
E_sensor_dropout_0522_0018,0.00h,23.83h,sensor_dropout,low,"(212.5,-237.5)",0.0,0.0
E_sensor_dropout_0523_0005,0.00h,23.83h,sensor_dropout,low,"(-112.5,-237.5)",0.0,0.0
E_sensor_dropout_0524_0113,0.00h,23.83h,sensor_dropout,low,"(87.5,-112.5)",0.0,0.0
E_sensor_dropout_0525_0057,0.00h,23.83h,sensor_dropout,low,"(187.5,-187.5)",0.0,0.0
E_sensor_dropout_0526_0112,0.00h,23.83h,sensor_dropout,low,"(62.5,-112.5)",0.0,0.0
E_sensor_dropout_0527_0233,0.00h,23.83h,sensor_dropout,low,"(87.5,37.5)",0.0,0.0
E_sensor_dropout_0528_0140,0.00h,23.83h,sensor_dropout,low,"(-237.5,-62.5)",0.0,0.0
E_sensor_dropout_0529_0209,0.00h,23.83h,sensor_dropout,low,"(-12.5,12.5)",0.0,0.0
E_sensor_dropout_0530_0147,0.00h,23.83h,sensor_dropout,low,"(-62.5,-62.5)",0.0,0.0
E_sensor_dropout_0531_0119,0.00h,23.83h,sensor_dropout,low,"(237.5,-112.5)",0.0,0.0
E_sensor_dropout_0532_0057,0.00h,23.83h,sensor_dropout,low,"(187.5,-187.5)",0.0,0.0
E_sensor_dropout_0533_0367,0.00h,23.83h,sensor_dropout,low,"(-62.5,212.5)",0.0,0.0
E_sensor_dropout_0534_0017,0.00h,23.83h,sensor_dropout,low,"(187.5,-237.5)",0.0,0.0
E_sensor_dropout_0535_0174,0.00h,23.83h,sensor_dropout,low,"(112.5,-37.5)",0.0,0.0
E_sensor_dropout_0536_0005,0.00h,23.83h,sensor_dropout,low,"(-112.5,-237.5)",0.0,0.0
E_sensor_dropout_0537_0023,0.00h,23.83h,sensor_dropout,low,"(-162.5,-212.5)",0.0,0.0
E_sensor_dropout_0538_0092,0.00h,23.83h,sensor_dropout,low,"(62.5,-137.5)",0.0,0.0
E_sensor_dropout_0539_0031,0.00h,23.83h,sensor_dropout,low,"(37.5,-212.5)",0.0,0.0
E_sensor_dropout_0540_0339,0.00h,23.83h,sensor_dropout,low,"(237.5,162.5)",0.0,0.0
E_sensor_dropout_0541_0367,0.00h,23.83h,sensor_dropout,low,"(-62.5,212.5)",0.0,0.0
E_sensor_dropout_0542_0321,0.00h,23.83h,sensor_dropout,low,"(-212.5,162.5)",0.0,0.0
E_sensor_dropout_0543_0309,0.00h,23.83h,sensor_dropout,low,"(-12.5,137.5)",0.0,0.0
E_sensor_dropout_0544_0232,0.00h,23.83h,sensor_dropout,low,"(62.5,37.5)",0.0,0.0
E_sensor_dropout_0545_0193,0.00h,23.83h,sensor_dropout,low,"(87.5,-12.5)",0.0,0.0
E_sensor_dropout_0546_0203,0.00h,23.83h,sensor_dropout,low,"(-162.5,12.5)",0.0,0.0
E_sensor_dropout_0547_0058,0.00h,23.83h,sensor_dropout,low,"(212.5,-187.5)",0.0,0.0
E_sensor_dropout_0548_0110,0.00h,23.83h,sensor_dropout,low,"(12.5,-112.5)",0.0,0.0
E_sensor_dropout_0549_0138,0.00h,23.83h,sensor_dropout,low,"(212.5,-87.5)",0.0,0.0
E_sensor_dropout_0550_0056,0.00h,23.83h,sensor_dropout,low,"(162.5,-187.5)",0.0,0.0
E_sensor_dropout_0551_0206,0.00h,23.83h,sensor_dropout,low,"(-87.5,12.5)",0.0,0.0
E_sensor_dropout_0552_0061,0.00h,23.83h,sensor_dropout,low,"(-212.5,-162.5)",0.0,0.0
E_sensor_dropout_0553_0323,0.00h,23.83h,sensor_dropout,low,"(-162.5,162.5)",0.0,0.0
E_sensor_dropout_0554_0159,0.00h,23.83h,sensor_dropout,low,"(237.5,-62.5)",0.0,0.0
E_sensor_dropout_0555_0036,0.00h,23.83h,sensor_dropout,low,"(162.5,-212.5)",0.0,0.0
E_sensor_dropout_0556_0136,0.00h,23.83h,sensor_dropout,low,"(162.5,-87.5)",0.0,0.0
E_sensor_dropout_0557_0083,0.00h,23.83h,sensor_dropout,low,"(-162.5,-137.5)",0.0,0.0
E_sensor_dropout_0558_0387,0.00h,23.83h,sensor_dropout,low,"(-62.5,237.5)",0.0,0.0
E_sensor_dropout_0559_0366,0.00h,23.83h,sensor_dropout,low,"(-87.5,212.5)",0.0,0.0
E_sensor_dropout_0560_0154,0.00h,23.83h,sensor_dropout,low,"(112.5,-62.5)",0.0,0.0
E_sensor_dropout_0561_0242,0.00h,23.83h,sensor_dropout,low,"(-187.5,62.5)",0.0,0.0
E_sensor_dropout_0562_0050,0.00h,23.83h,sensor_dropout,low,"(12.5,-187.5)",0.0,0.0
E_sensor_dropout_0563_0250,0.00h,23.83h,sensor_dropout,low,"(12.5,62.5)",0.0,0.0
E_sensor_dropout_0564_0281,0.00h,23.83h,sensor_dropout,low,"(-212.5,112.5)",0.0,0.0
E_sensor_dropout_0565_0089,0.00h,23.83h,sensor_dropout,low,"(-12.5,-137.5)",0.0,0.0
E_sensor_dropout_0566_0267,0.00h,23.83h,sensor_dropout,low,"(-62.5,87.5)",0.0,0.0
E_sensor_dropout_0567_0130,0.00h,23.83h,sensor_dropout,low,"(12.5,-87.5)",0.0,0.0
E_sensor_dropout_0568_0335,0.00h,23.83h,sensor_dropout,low,"(137.5,162.5)",0.0,0.0
E_sensor_dropout_0569_0237,0.00h,23.83h,sensor_dropout,low,"(187.5,37.5)",0.0,0.0
E_sensor_dropout_0570_0385,0.00h,23.83h,sensor_dropout,low,"(-112.5,237.5)",0.0,0.0
E_sensor_dropout_0571_0104,0.00h,23.83h,sensor_dropout,low,"(-137.5,-112.5)",0.0,0.0
E_sensor_dropout_0572_0128,0.00h,23.83h,sensor_dropout,low,"(-37.5,-87.5)",0.0,0.0
E_sensor_dropout_0573_0265,0.00h,23.83h,sensor_dropout,low,"(-112.5,87.5)",0.0,0.0
E_sensor_dropout_0574_0039,0.00h,23.83h,sensor_dropout,low,"(237.5,-212.5)",0.0,0.0
E_sensor_dropout_0575_0332,0.00h,23.83h,sensor_dropout,low,"(62.5,162.5)",0.0,0.0
E_sensor_dropout_0576_0119,0.00h,23.83h,sensor_dropout,low,"(237.5,-112.5)",0.0,0.0
E_sensor_dropout_0577_0024,0.00h,23.83h,sensor_dropout,low,"(-137.5,-212.5)",0.0,0.0
E_sensor_dropout_0578_0127,0.00h,23.83h,sensor_dropout,low,"(-62.5,-87.5)",0.0,0.0
E_sensor_dropout_0579_0159,0.00h,23.83h,sensor_dropout,low,"(237.5,-62.5)",0.0,0.0
E_sensor_dropout_0580_0002,0.00h,23.83h,sensor_dropout,low,"(-187.5,-237.5)",0.0,0.0
E_sensor_dropout_0581_0296,0.00h,23.83h,sensor_dropout,low,"(162.5,112.5)",0.0,0.0
E_sensor_dropout_0582_0051,0.00h,23.83h,sensor_dropout,low,"(37.5,-187.5)",0.0,0.0
E_sensor_dropout_0583_0079,0.00h,23.83h,sensor_dropout,low,"(237.5,-162.5)",0.0,0.0
E_sensor_dropout_0584_0265,0.00h,23.83h,sensor_dropout,low,"(-112.5,87.5)",0.0,0.0
E_sensor_dropout_0585_0057,0.00h,23.83h,sensor_dropout,low,"(187.5,-187.5)",0.0,0.0
E_sensor_dropout_0586_0327,0.00h,23.83h,sensor_dropout,low,"(-62.5,162.5)",0.0,0.0
E_sensor_dropout_0587_0389,0.00h,23.83h,sensor_dropout,low,"(-12.5,237.5)",0.0,0.0
E_sensor_dropout_0588_0343,0.00h,23.83h,sensor_dropout,low,"(-162.5,187.5)",0.0,0.0
E_sensor_dropout_0589_0364,0.00h,23.83h,sensor_dropout,low,"(-137.5,212.5)",0.0,0.0
E_sensor_dropout_0590_0223,0.00h,23.83h,sensor_dropout,low,"(-162.5,37.5)",0.0,0.0
E_sensor_dropout_0591_0208,0.00h,23.83h,sensor_dropout,low,"(-37.5,12.5)",0.0,0.0
E_sensor_dropout_0592_0171,0.00h,23.83h,sensor_dropout,low,"(37.5,-37.5)",0.0,0.0
E_sensor_dropout_0593_0331,0.00h,23.83h,sensor_dropout,low,"(37.5,162.5)",0.0,0.0
E_sensor_dropout_0594_0006,0.00h,23.83h,sensor_dropout,low,"(-87.5,-237.5)",0.0,0.0
E_sensor_dropout_0595_0143,0.00h,23.83h,sensor_dropout,low,"(-162.5,-62.5)",0.0,0.0
E_sensor_dropout_0596_0110,0.00h,23.83h,sensor_dropout,low,"(12.5,-112.5)",0.0,0.0
E_sensor_dropout_0597_0225,0.00h,23.83h,sensor_dropout,low,"(-112.5,37.5)",0.0,0.0
E_sensor_dropout_0598_0316,0.00h,23.83h,sensor_dropout,low,"(162.5,137.5)",0.0,0.0
E_sensor_dropout_0599_0300,0.00h,23.83h,sensor_dropout,low,"(-237.5,137.5)",0.0,0.0
E_sensor_dropout_0600_0396,0.00h,23.83h,sensor_dropout,low,"(162.5,237.5)",0.0,0.0
E_sensor_dropout_0601_0289,0.00h,23.83h,sensor_dropout,low,"(-12.5,112.5)",0.0,0.0
E_sensor_dropout_0602_0373,0.00h,23.83h,sensor_dropout,low,"(87.5,212.5)",0.0,0.0
E_sensor_dropout_0603_0167,0.00h,23.83h,sensor_dropout,low,"(-62.5,-37.5)",0.0,0.0
E_sensor_dropout_0604_0231,0.00h,23.83h,sensor_dropout,low,"(37.5,37.5)",0.0,0.0
E_sensor_dropout_0605_0017,0.00h,23.83h,sensor_dropout,low,"(187.5,-237.5)",0.0,0.0
E_sensor_dropout_0606_0071,0.00h,23.83h,sensor_dropout,low,"(37.5,-162.5)",0.0,0.0
E_sensor_dropout_0607_0205,0.00h,23.83h,sensor_dropout,low,"(-112.5,12.5)",0.0,0.0
E_sensor_dropout_0608_0230,0.00h,23.83h,sensor_dropout,low,"(12.5,37.5)",0.0,0.0
E_sensor_dropout_0609_0040,0.00h,23.83h,sensor_dropout,low,"(-237.5,-187.5)",0.0,0.0
E_sensor_dropout_0610_0002,0.00h,23.83h,sensor_dropout,low,"(-187.5,-237.5)",0.0,0.0
E_sensor_dropout_0611_0098,0.00h,23.83h,sensor_dropout,low,"(212.5,-137.5)",0.0,0.0
E_sensor_dropout_0612_0380,0.00h,23.83h,sensor_dropout,low,"(-237.5,237.5)",0.0,0.0
E_sensor_dropout_0613_0323,0.00h,23.83h,sensor_dropout,low,"(-162.5,162.5)",0.0,0.0
E_sensor_dropout_0614_0110,0.00h,23.83h,sensor_dropout,low,"(12.5,-112.5)",0.0,0.0
E_sensor_dropout_0615_0130,0.00h,23.83h,sensor_dropout,low,"(12.5,-87.5)",0.0,0.0
E_sensor_dropout_0616_0355,0.00h,23.83h,sensor_dropout,low,"(137.5,187.5)",0.0,0.0
E_sensor_dropout_0617_0023,0.00h,23.83h,sensor_dropout,low,"(-162.5,-212.5)",0.0,0.0
E_sensor_dropout_0618_0218,0.00h,23.83h,sensor_dropout,low,"(212.5,12.5)",0.0,0.0
E_sensor_dropout_0619_0215,0.00h,23.83h,sensor_dropout,low,"(137.5,12.5)",0.0,0.0
E_sensor_dropout_0620_0334,0.00h,23.83h,sensor_dropout,low,"(112.5,162.5)",0.0,0.0
E_sensor_dropout_0621_0294,0.00h,23.83h,sensor_dropout,low,"(112.5,112.5)",0.0,0.0
E_sensor_dropout_0622_0229,0.00h,23.83h,sensor_dropout,low,"(-12.5,37.5)",0.0,0.0
E_sensor_dropout_0623_0194,0.00h,23.83h,sensor_dropout,low,"(112.5,-12.5)",0.0,0.0
E_sensor_dropout_0624_0291,0.00h,23.83h,sensor_dropout,low,"(37.5,112.5)",0.0,0.0
E_sensor_spike_0000_0290,0.00h,23.83h,sensor_spike,low,"(12.5,112.5)",0.0,0.0
E_sensor_spike_0001_0236,0.00h,23.83h,sensor_spike,low,"(162.5,37.5)",0.0,0.0
E_sensor_spike_0002_0273,0.00h,23.83h,sensor_spike,low,"(87.5,87.5)",0.0,0.0
E_sensor_spike_0003_0239,0.00h,23.83h,sensor_spike,low,"(237.5,37.5)",0.0,0.0
E_sensor_spike_0004_0280,0.00h,23.83h,sensor_spike,low,"(-237.5,112.5)",0.0,0.0
E_sensor_spike_0005_0020,0.00h,23.83h,sensor_spike,low,"(-237.5,-212.5)",0.0,0.0
E_sensor_spike_0006_0065,0.00h,23.83h,sensor_spike,low,"(-112.5,-162.5)",0.0,0.0
E_sensor_spike_0007_0133,0.00h,23.83h,sensor_spike,low,"(87.5,-87.5)",0.0,0.0
E_sensor_spike_0008_0118,0.00h,23.83h,sensor_spike,low,"(212.5,-112.5)",0.0,0.0
E_sensor_spike_0009_0379,0.00h,23.83h,sensor_spike,low,"(237.5,212.5)",0.0,0.0
E_sensor_spike_0010_0352,0.00h,23.83h,sensor_spike,low,"(62.5,187.5)",0.0,0.0
E_sensor_spike_0011_0286,0.00h,23.83h,sensor_spike,low,"(-87.5,112.5)",0.0,0.0
E_sensor_spike_0012_0092,0.00h,23.83h,sensor_spike,low,"(62.5,-137.5)",0.0,0.0
E_sensor_spike_0013_0019,0.00h,23.83h,sensor_spike,low,"(237.5,-237.5)",0.0,0.0
E_sensor_spike_0014_0256,0.00h,23.83h,sensor_spike,low,"(162.5,62.5)",0.0,0.0
E_sensor_spike_0015_0042,0.00h,23.83h,sensor_spike,low,"(-187.5,-187.5)",0.0,0.0
E_sensor_spike_0016_0300,0.00h,23.83h,sensor_spike,low,"(-237.5,137.5)",0.0,0.0
E_sensor_spike_0017_0037,0.00h,23.83h,sensor_spike,low,"(187.5,-212.5)",0.0,0.0
E_sensor_spike_0018_0371,0.00h,23.83h,sensor_spike,low,"(37.5,212.5)",0.0,0.0
E_sensor_spike_0019_0372,0.00h,23.83h,sensor_spike,low,"(62.5,212.5)",0.0,0.0
E_sensor_spike_0020_0077,0.00h,23.83h,sensor_spike,low,"(187.5,-162.5)",0.0,0.0
E_sensor_spike_0021_0363,0.00h,23.83h,sensor_spike,low,"(-162.5,212.5)",0.0,0.0
E_sensor_spike_0022_0308,0.00h,23.83h,sensor_spike,low,"(-37.5,137.5)",0.0,0.0
E_sensor_spike_0023_0108,0.00h,23.83h,sensor_spike,low,"(-37.5,-112.5)",0.0,0.0
E_sensor_spike_0024_0256,0.00h,23.83h,sensor_spike,low,"(162.5,62.5)",0.0,0.0
E_sensor_spike_0025_0344,0.00h,23.83h,sensor_spike,low,"(-137.5,187.5)",0.0,0.0
E_sensor_spike_0026_0314,0.00h,23.83h,sensor_spike,low,"(112.5,137.5)",0.0,0.0
E_sensor_spike_0027_0132,0.00h,23.83h,sensor_spike,low,"(62.5,-87.5)",0.0,0.0
E_sensor_spike_0028_0046,0.00h,23.83h,sensor_spike,low,"(-87.5,-187.5)",0.0,0.0
E_sensor_spike_0029_0035,0.00h,23.83h,sensor_spike,low,"(137.5,-212.5)",0.0,0.0
E_sensor_spike_0030_0375,0.00h,23.83h,sensor_spike,low,"(137.5,212.5)",0.0,0.0
E_sensor_spike_0031_0339,0.00h,23.83h,sensor_spike,low,"(237.5,162.5)",0.0,0.0
E_sensor_spike_0032_0388,0.00h,23.83h,sensor_spike,low,"(-37.5,237.5)",0.0,0.0
E_sensor_spike_0033_0168,0.00h,23.83h,sensor_spike,low,"(-37.5,-37.5)",0.0,0.0
E_sensor_spike_0034_0217,0.00h,23.83h,sensor_spike,low,"(187.5,12.5)",0.0,0.0
E_sensor_spike_0035_0204,0.00h,23.83h,sensor_spike,low,"(-137.5,12.5)",0.0,0.0
E_sensor_spike_0036_0239,0.00h,23.83h,sensor_spike,low,"(237.5,37.5)",0.0,0.0
E_sensor_spike_0037_0086,0.00h,23.83h,sensor_spike,low,"(-87.5,-137.5)",0.0,0.0
E_sensor_spike_0038_0067,0.00h,23.83h,sensor_spike,low,"(-62.5,-162.5)",0.0,0.0
E_sensor_spike_0039_0106,0.00h,23.83h,sensor_spike,low,"(-87.5,-112.5)",0.0,0.0
E_sensor_spike_0040_0072,0.00h,23.83h,sensor_spike,low,"(62.5,-162.5)",0.0,0.0
E_sensor_spike_0041_0259,0.00h,23.83h,sensor_spike,low,"(237.5,62.5)",0.0,0.0
E_sensor_spike_0042_0281,0.00h,23.83h,sensor_spike,low,"(-212.5,112.5)",0.0,0.0
E_sensor_spike_0043_0219,0.00h,23.83h,sensor_spike,low,"(237.5,12.5)",0.0,0.0
E_sensor_spike_0044_0047,0.00h,23.83h,sensor_spike,low,"(-62.5,-187.5)",0.0,0.0
E_sensor_spike_0045_0379,0.00h,23.83h,sensor_spike,low,"(237.5,212.5)",0.0,0.0
E_sensor_spike_0046_0291,0.00h,23.83h,sensor_spike,low,"(37.5,112.5)",0.0,0.0
E_sensor_spike_0047_0093,0.00h,23.83h,sensor_spike,low,"(87.5,-137.5)",0.0,0.0
E_sensor_spike_0048_0032,0.00h,23.83h,sensor_spike,low,"(62.5,-212.5)",0.0,0.0
E_sensor_spike_0049_0073,0.00h,23.83h,sensor_spike,low,"(87.5,-162.5)",0.0,0.0
E_sensor_spike_0050_0350,0.00h,23.83h,sensor_spike,low,"(12.5,187.5)",0.0,0.0
E_sensor_spike_0051_0208,0.00h,23.83h,sensor_spike,low,"(-37.5,12.5)",0.0,0.0
E_sensor_spike_0052_0230,0.00h,23.83h,sensor_spike,low,"(12.5,37.5)",0.0,0.0
E_sensor_spike_0053_0326,0.00h,23.83h,sensor_spike,low,"(-87.5,162.5)",0.0,0.0
E_sensor_spike_0054_0285,0.00h,23.83h,sensor_spike,low,"(-112.5,112.5)",0.0,0.0
E_sensor_spike_0055_0394,0.00h,23.83h,sensor_spike,low,"(112.5,237.5)",0.0,0.0
E_sensor_spike_0056_0248,0.00h,23.83h,sensor_spike,low,"(-37.5,62.5)",0.0,0.0
E_sensor_spike_0057_0205,0.00h,23.83h,sensor_spike,low,"(-112.5,12.5)",0.0,0.0
E_sensor_spike_0058_0128,0.00h,23.83h,sensor_spike,low,"(-37.5,-87.5)",0.0,0.0
E_sensor_spike_0059_0278,0.00h,23.83h,sensor_spike,low,"(212.5,87.5)",0.0,0.0
E_sensor_spike_0060_0136,0.00h,23.83h,sensor_spike,low,"(162.5,-87.5)",0.0,0.0
E_sensor_spike_0061_0215,0.00h,23.83h,sensor_spike,low,"(137.5,12.5)",0.0,0.0
E_sensor_spike_0062_0006,0.00h,23.83h,sensor_spike,low,"(-87.5,-237.5)",0.0,0.0
E_sensor_spike_0063_0355,0.00h,23.83h,sensor_spike,low,"(137.5,187.5)",0.0,0.0
E_sensor_spike_0064_0027,0.00h,23.83h,sensor_spike,low,"(-62.5,-212.5)",0.0,0.0
E_sensor_spike_0065_0336,0.00h,23.83h,sensor_spike,low,"(162.5,162.5)",0.0,0.0
E_sensor_spike_0066_0094,0.00h,23.83h,sensor_spike,low,"(112.5,-137.5)",0.0,0.0
E_sensor_spike_0067_0018,0.00h,23.83h,sensor_spike,low,"(212.5,-237.5)",0.0,0.0
E_sensor_spike_0068_0249,0.00h,23.83h,sensor_spike,low,"(-12.5,62.5)",0.0,0.0
E_sensor_spike_0069_0301,0.00h,23.83h,sensor_spike,low,"(-212.5,137.5)",0.0,0.0
E_sensor_spike_0070_0064,0.00h,23.83h,sensor_spike,low,"(-137.5,-162.5)",0.0,0.0
E_sensor_spike_0071_0294,0.00h,23.83h,sensor_spike,low,"(112.5,112.5)",0.0,0.0
E_sensor_spike_0072_0073,0.00h,23.83h,sensor_spike,low,"(87.5,-162.5)",0.0,0.0
E_sensor_spike_0073_0316,0.00h,23.83h,sensor_spike,low,"(162.5,137.5)",0.0,0.0
E_sensor_spike_0074_0388,0.00h,23.83h,sensor_spike,low,"(-37.5,237.5)",0.0,0.0
E_sensor_spike_0075_0389,0.00h,23.83h,sensor_spike,low,"(-12.5,237.5)",0.0,0.0
E_sensor_spike_0076_0140,0.00h,23.83h,sensor_spike,low,"(-237.5,-62.5)",0.0,0.0
E_sensor_spike_0077_0125,0.00h,23.83h,sensor_spike,low,"(-112.5,-87.5)",0.0,0.0
E_sensor_spike_0078_0186,0.00h,23.83h,sensor_spike,low,"(-87.5,-12.5)",0.0,0.0
E_sensor_spike_0079_0361,0.00h,23.83h,sensor_spike,low,"(-212.5,212.5)",0.0,0.0
E_sensor_spike_0080_0066,0.00h,23.83h,sensor_spike,low,"(-87.5,-162.5)",0.0,0.0
E_sensor_spike_0081_0225,0.00h,23.83h,sensor_spike,low,"(-112.5,37.5)",0.0,0.0
E_sensor_spike_0082_0223,0.00h,23.83h,sensor_spike,low,"(-162.5,37.5)",0.0,0.0
E_sensor_spike_0083_0086,0.00h,23.83h,sensor_spike,low,"(-87.5,-137.5)",0.0,0.0
E_sensor_spike_0084_0329,0.00h,23.83h,sensor_spike,low,"(-12.5,162.5)",0.0,0.0
E_sensor_spike_0085_0236,0.00h,23.83h,sensor_spike,low,"(162.5,37.5)",0.0,0.0
E_sensor_spike_0086_0154,0.00h,23.83h,sensor_spike,low,"(112.5,-62.5)",0.0,0.0
E_sensor_spike_0087_0359,0.00h,23.83h,sensor_spike,low,"(237.5,187.5)",0.0,0.0
E_sensor_spike_0088_0276,0.00h,23.83h,sensor_spike,low,"(162.5,87.5)",0.0,0.0
E_sensor_spike_0089_0334,0.00h,23.83h,sensor_spike,low,"(112.5,162.5)",0.0,0.0
E_sensor_spike_0090_0324,0.00h,23.83h,sensor_spike,low,"(-137.5,162.5)",0.0,0.0
E_sensor_spike_0091_0125,0.00h,23.83h,sensor_spike,low,"(-112.5,-87.5)",0.0,0.0
E_sensor_spike_0092_0022,0.00h,23.83h,sensor_spike,low,"(-187.5,-212.5)",0.0,0.0
E_sensor_spike_0093_0344,0.00h,23.83h,sensor_spike,low,"(-137.5,187.5)",0.0,0.0
E_sensor_spike_0094_0203,0.00h,23.83h,sensor_spike,low,"(-162.5,12.5)",0.0,0.0
E_sensor_spike_0095_0396,0.00h,23.83h,sensor_spike,low,"(162.5,237.5)",0.0,0.0
E_sensor_spike_0096_0137,0.00h,23.83h,sensor_spike,low,"(187.5,-87.5)",0.0,0.0
E_sensor_spike_0097_0098,0.00h,23.83h,sensor_spike,low,"(212.5,-137.5)",0.0,0.0
E_sensor_spike_0098_0095,0.00h,23.83h,sensor_spike,low,"(137.5,-137.5)",0.0,0.0
E_sensor_spike_0099_0274,0.00h,23.83h,sensor_spike,low,"(112.5,87.5)",0.0,0.0
E_sensor_spike_0100_0223,0.00h,23.83h,sensor_spike,low,"(-162.5,37.5)",0.0,0.0
E_sensor_spike_0101_0120,0.00h,23.83h,sensor_spike,low,"(-237.5,-87.5)",0.0,0.0
E_sensor_spike_0102_0310,0.00h,23.83h,sensor_spike,low,"(12.5,137.5)",0.0,0.0
E_sensor_spike_0103_0042,0.00h,23.83h,sensor_spike,low,"(-187.5,-187.5)",0.0,0.0
E_sensor_spike_0104_0057,0.00h,23.83h,sensor_spike,low,"(187.5,-187.5)",0.0,0.0
E_sensor_spike_0105_0322,0.00h,23.83h,sensor_spike,low,"(-187.5,162.5)",0.0,0.0
E_sensor_spike_0106_0247,0.00h,23.83h,sensor_spike,low,"(-62.5,62.5)",0.0,0.0
E_sensor_spike_0107_0362,0.00h,23.83h,sensor_spike,low,"(-187.5,212.5)",0.0,0.0
E_sensor_spike_0108_0022,0.00h,23.83h,sensor_spike,low,"(-187.5,-212.5)",0.0,0.0
E_sensor_spike_0109_0268,0.00h,23.83h,sensor_spike,low,"(-37.5,87.5)",0.0,0.0
E_sensor_spike_0110_0041,0.00h,23.83h,sensor_spike,low,"(-212.5,-187.5)",0.0,0.0
E_sensor_spike_0111_0239,0.00h,23.83h,sensor_spike,low,"(237.5,37.5)",0.0,0.0
E_sensor_spike_0112_0237,0.00h,23.83h,sensor_spike,low,"(187.5,37.5)",0.0,0.0
E_sensor_spike_0113_0241,0.00h,23.83h,sensor_spike,low,"(-212.5,62.5)",0.0,0.0
E_sensor_spike_0114_0286,0.00h,23.83h,sensor_spike,low,"(-87.5,112.5)",0.0,0.0
E_sensor_spike_0115_0198,0.00h,23.83h,sensor_spike,low,"(212.5,-12.5)",0.0,0.0
E_sensor_spike_0116_0081,0.00h,23.83h,sensor_spike,low,"(-212.5,-137.5)",0.0,0.0
E_sensor_spike_0117_0154,0.00h,23.83h,sensor_spike,low,"(112.5,-62.5)",0.0,0.0
E_sensor_spike_0118_0388,0.00h,23.83h,sensor_spike,low,"(-37.5,237.5)",0.0,0.0
E_sensor_spike_0119_0173,0.00h,23.83h,sensor_spike,low,"(87.5,-37.5)",0.0,0.0
E_sensor_spike_0120_0279,0.00h,23.83h,sensor_spike,low,"(237.5,87.5)",0.0,0.0
E_sensor_spike_0121_0298,0.00h,23.83h,sensor_spike,low,"(212.5,112.5)",0.0,0.0
E_sensor_spike_0122_0364,0.00h,23.83h,sensor_spike,low,"(-137.5,212.5)",0.0,0.0
E_sensor_spike_0123_0257,0.00h,23.83h,sensor_spike,low,"(187.5,62.5)",0.0,0.0
E_sensor_spike_0124_0005,0.00h,23.83h,sensor_spike,low,"(-112.5,-237.5)",0.0,0.0
E_sensor_spike_0125_0340,0.00h,23.83h,sensor_spike,low,"(-237.5,187.5)",0.0,0.0
E_sensor_spike_0126_0155,0.00h,23.83h,sensor_spike,low,"(137.5,-62.5)",0.0,0.0
E_sensor_spike_0127_0395,0.00h,23.83h,sensor_spike,low,"(137.5,237.5)",0.0,0.0
E_sensor_spike_0128_0315,0.00h,23.83h,sensor_spike,low,"(137.5,137.5)",0.0,0.0
E_sensor_spike_0129_0295,0.00h,23.83h,sensor_spike,low,"(137.5,112.5)",0.0,0.0
E_sensor_spike_0130_0384,0.00h,23.83h,sensor_spike,low,"(-137.5,237.5)",0.0,0.0
E_sensor_spike_0131_0380,0.00h,23.83h,sensor_spike,low,"(-237.5,237.5)",0.0,0.0
E_sensor_spike_0132_0246,0.00h,23.83h,sensor_spike,low,"(-87.5,62.5)",0.0,0.0
E_sensor_spike_0133_0273,0.00h,23.83h,sensor_spike,low,"(87.5,87.5)",0.0,0.0
E_sensor_spike_0134_0291,0.00h,23.83h,sensor_spike,low,"(37.5,112.5)",0.0,0.0
E_sensor_spike_0135_0305,0.00h,23.83h,sensor_spike,low,"(-112.5,137.5)",0.0,0.0
E_sensor_spike_0136_0397,0.00h,23.83h,sensor_spike,low,"(187.5,237.5)",0.0,0.0
E_sensor_spike_0137_0026,0.00h,23.83h,sensor_spike,low,"(-87.5,-212.5)",0.0,0.0
E_sensor_spike_0138_0246,0.00h,23.83h,sensor_spike,low,"(-87.5,62.5)",0.0,0.0
E_sensor_spike_0139_0230,0.00h,23.83h,sensor_spike,low,"(12.5,37.5)",0.0,0.0
E_sensor_spike_0140_0243,0.00h,23.83h,sensor_spike,low,"(-162.5,62.5)",0.0,0.0
E_sensor_spike_0141_0264,0.00h,23.83h,sensor_spike,low,"(-137.5,87.5)",0.0,0.0
E_sensor_spike_0142_0340,0.00h,23.83h,sensor_spike,low,"(-237.5,187.5)",0.0,0.0
E_sensor_spike_0143_0022,0.00h,23.83h,sensor_spike,low,"(-187.5,-212.5)",0.0,0.0
E_sensor_spike_0144_0224,0.00h,23.83h,sensor_spike,low,"(-137.5,37.5)",0.0,0.0
E_sensor_spike_0145_0012,0.00h,23.83h,sensor_spike,low,"(62.5,-237.5)",0.0,0.0
E_sensor_spike_0146_0232,0.00h,23.83h,sensor_spike,low,"(62.5,37.5)",0.0,0.0
E_sensor_spike_0147_0252,0.00h,23.83h,sensor_spike,low,"(62.5,62.5)",0.0,0.0
E_sensor_spike_0148_0323,0.00h,23.83h,sensor_spike,low,"(-162.5,162.5)",0.0,0.0
E_sensor_spike_0149_0036,0.00h,23.83h,sensor_spike,low,"(162.5,-212.5)",0.0,0.0
E_sensor_spike_0150_0146,0.00h,23.83h,sensor_spike,low,"(-87.5,-62.5)",0.0,0.0
E_sensor_spike_0151_0392,0.00h,23.83h,sensor_spike,low,"(62.5,237.5)",0.0,0.0
E_sensor_spike_0152_0252,0.00h,23.83h,sensor_spike,low,"(62.5,62.5)",0.0,0.0
E_sensor_spike_0153_0323,0.00h,23.83h,sensor_spike,low,"(-162.5,162.5)",0.0,0.0
E_sensor_spike_0154_0308,0.00h,23.83h,sensor_spike,low,"(-37.5,137.5)",0.0,0.0
E_sensor_spike_0155_0030,0.00h,23.83h,sensor_spike,low,"(12.5,-212.5)",0.0,0.0
E_sensor_spike_0156_0109,0.00h,23.83h,sensor_spike,low,"(-12.5,-112.5)",0.0,0.0
E_sensor_spike_0157_0376,0.00h,23.83h,sensor_spike,low,"(162.5,212.5)",0.0,0.0
E_sensor_spike_0158_0314,0.00h,23.83h,sensor_spike,low,"(112.5,137.5)",0.0,0.0
E_sensor_spike_0159_0101,0.00h,23.83h,sensor_spike,low,"(-212.5,-112.5)",0.0,0.0
E_sensor_spike_0160_0021,0.00h,23.83h,sensor_spike,low,"(-212.5,-212.5)",0.0,0.0
E_sensor_spike_0161_0175,0.00h,23.83h,sensor_spike,low,"(137.5,-37.5)",0.0,0.0
E_sensor_spike_0162_0379,0.00h,23.83h,sensor_spike,low,"(237.5,212.5)",0.0,0.0
E_sensor_spike_0163_0080,0.00h,23.83h,sensor_spike,low,"(-237.5,-137.5)",0.0,0.0
E_sensor_spike_0164_0216,0.00h,23.83h,sensor_spike,low,"(162.5,12.5)",0.0,0.0
E_sensor_spike_0165_0065,0.00h,23.83h,sensor_spike,low,"(-112.5,-162.5)",0.0,0.0
E_sensor_spike_0166_0076,0.00h,23.83h,sensor_spike,low,"(162.5,-162.5)",0.0,0.0
E_sensor_spike_0167_0098,0.00h,23.83h,sensor_spike,low,"(212.5,-137.5)",0.0,0.0
E_sensor_spike_0168_0029,0.00h,23.83h,sensor_spike,low,"(-12.5,-212.5)",0.0,0.0
E_sensor_spike_0169_0211,0.00h,23.83h,sensor_spike,low,"(37.5,12.5)",0.0,0.0
E_sensor_spike_0170_0375,0.00h,23.83h,sensor_spike,low,"(137.5,212.5)",0.0,0.0
E_sensor_spike_0171_0380,0.00h,23.83h,sensor_spike,low,"(-237.5,237.5)",0.0,0.0
E_sensor_spike_0172_0089,0.00h,23.83h,sensor_spike,low,"(-12.5,-137.5)",0.0,0.0
E_sensor_spike_0173_0320,0.00h,23.83h,sensor_spike,low,"(-237.5,162.5)",0.0,0.0
E_sensor_spike_0174_0373,0.00h,23.83h,sensor_spike,low,"(87.5,212.5)",0.0,0.0
E_sensor_spike_0175_0032,0.00h,23.83h,sensor_spike,low,"(62.5,-212.5)",0.0,0.0
E_sensor_spike_0176_0310,0.00h,23.83h,sensor_spike,low,"(12.5,137.5)",0.0,0.0
E_sensor_spike_0177_0220,0.00h,23.83h,sensor_spike,low,"(-237.5,37.5)",0.0,0.0
E_sensor_spike_0178_0386,0.00h,23.83h,sensor_spike,low,"(-87.5,237.5)",0.0,0.0
E_sensor_spike_0179_0217,0.00h,23.83h,sensor_spike,low,"(187.5,12.5)",0.0,0.0
E_sensor_spike_0180_0242,0.00h,23.83h,sensor_spike,low,"(-187.5,62.5)",0.0,0.0
E_sensor_spike_0181_0093,0.00h,23.83h,sensor_spike,low,"(87.5,-137.5)",0.0,0.0
E_sensor_spike_0182_0227,0.00h,23.83h,sensor_spike,low,"(-62.5,37.5)",0.0,0.0
E_sensor_spike_0183_0209,0.00h,23.83h,sensor_spike,low,"(-12.5,12.5)",0.0,0.0
E_sensor_spike_0184_0233,0.00h,23.83h,sensor_spike,low,"(87.5,37.5)",0.0,0.0
E_sensor_spike_0185_0202,0.00h,23.83h,sensor_spike,low,"(-187.5,12.5)",0.0,0.0
E_sensor_spike_0186_0304,0.00h,23.83h,sensor_spike,low,"(-137.5,137.5)",0.0,0.0
E_sensor_spike_0187_0158,0.00h,23.83h,sensor_spike,low,"(212.5,-62.5)",0.0,0.0
E_sensor_spike_0188_0251,0.00h,23.83h,sensor_spike,low,"(37.5,62.5)",0.0,0.0
E_sensor_spike_0189_0131,0.00h,23.83h,sensor_spike,low,"(37.5,-87.5)",0.0,0.0
E_sensor_spike_0190_0120,0.00h,23.83h,sensor_spike,low,"(-237.5,-87.5)",0.0,0.0
E_sensor_spike_0191_0163,0.00h,23.83h,sensor_spike,low,"(-162.5,-37.5)",0.0,0.0
E_sensor_spike_0192_0194,0.00h,23.83h,sensor_spike,low,"(112.5,-12.5)",0.0,0.0
E_sensor_spike_0193_0238,0.00h,23.83h,sensor_spike,low,"(212.5,37.5)",0.0,0.0
E_sensor_spike_0194_0230,0.00h,23.83h,sensor_spike,low,"(12.5,37.5)",0.0,0.0
E_sensor_spike_0195_0037,0.00h,23.83h,sensor_spike,low,"(187.5,-212.5)",0.0,0.0
E_sensor_spike_0196_0147,0.00h,23.83h,sensor_spike,low,"(-62.5,-62.5)",0.0,0.0
E_sensor_spike_0197_0037,0.00h,23.83h,sensor_spike,low,"(187.5,-212.5)",0.0,0.0
E_sensor_spike_0198_0185,0.00h,23.83h,sensor_spike,low,"(-112.5,-12.5)",0.0,0.0
E_sensor_spike_0199_0046,0.00h,23.83h,sensor_spike,low,"(-87.5,-187.5)",0.0,0.0
E_sensor_spike_0200_0114,0.00h,23.83h,sensor_spike,low,"(112.5,-112.5)",0.0,0.0
E_sensor_spike_0201_0319,0.00h,23.83h,sensor_spike,low,"(237.5,137.5)",0.0,0.0
E_sensor_spike_0202_0077,0.00h,23.83h,sensor_spike,low,"(187.5,-162.5)",0.0,0.0
E_sensor_spike_0203_0206,0.00h,23.83h,sensor_spike,low,"(-87.5,12.5)",0.0,0.0
E_sensor_spike_0204_0143,0.00h,23.83h,sensor_spike,low,"(-162.5,-62.5)",0.0,0.0
E_sensor_spike_0205_0158,0.00h,23.83h,sensor_spike,low,"(212.5,-62.5)",0.0,0.0
E_sensor_spike_0206_0280,0.00h,23.83h,sensor_spike,low,"(-237.5,112.5)",0.0,0.0
E_sensor_spike_0207_0121,0.00h,23.83h,sensor_spike,low,"(-212.5,-87.5)",0.0,0.0
E_sensor_spike_0208_0199,0.00h,23.83h,sensor_spike,low,"(237.5,-12.5)",0.0,0.0
E_sensor_spike_0209_0023,0.00h,23.83h,sensor_spike,low,"(-162.5,-212.5)",0.0,0.0
E_sensor_spike_0210_0272,0.00h,23.83h,sensor_spike,low,"(62.5,87.5)",0.0,0.0
E_sensor_spike_0211_0319,0.00h,23.83h,sensor_spike,low,"(237.5,137.5)",0.0,0.0
E_sensor_spike_0212_0133,0.00h,23.83h,sensor_spike,low,"(87.5,-87.5)",0.0,0.0
E_sensor_spike_0213_0152,0.00h,23.83h,sensor_spike,low,"(62.5,-62.5)",0.0,0.0
E_sensor_spike_0214_0185,0.00h,23.83h,sensor_spike,low,"(-112.5,-12.5)",0.0,0.0
E_sensor_spike_0215_0178,0.00h,23.83h,sensor_spike,low,"(212.5,-37.5)",0.0,0.0
E_sensor_spike_0216_0030,0.00h,23.83h,sensor_spike,low,"(12.5,-212.5)",0.0,0.0
E_sensor_spike_0217_0383,0.00h,23.83h,sensor_spike,low,"(-162.5,237.5)",0.0,0.0
E_sensor_spike_0218_0051,0.00h,23.83h,sensor_spike,low,"(37.5,-187.5)",0.0,0.0
E_sensor_spike_0219_0046,0.00h,23.83h,sensor_spike,low,"(-87.5,-187.5)",0.0,0.0
E_sensor_spike_0220_0122,0.00h,23.83h,sensor_spike,low,"(-187.5,-87.5)",0.0,0.0
E_sensor_spike_0221_0173,0.00h,23.83h,sensor_spike,low,"(87.5,-37.5)",0.0,0.0
E_sensor_spike_0222_0084,0.00h,23.83h,sensor_spike,low,"(-137.5,-137.5)",0.0,0.0
E_sensor_spike_0223_0048,0.00h,23.83h,sensor_spike,low,"(-37.5,-187.5)",0.0,0.0
E_sensor_spike_0224_0266,0.00h,23.83h,sensor_spike,low,"(-87.5,87.5)",0.0,0.0
E_sensor_spike_0225_0085,0.00h,23.83h,sensor_spike,low,"(-112.5,-137.5)",0.0,0.0
E_sensor_spike_0226_0172,0.00h,23.83h,sensor_spike,low,"(62.5,-37.5)",0.0,0.0
E_sensor_spike_0227_0399,0.00h,23.83h,sensor_spike,low,"(237.5,237.5)",0.0,0.0
E_sensor_spike_0228_0020,0.00h,23.83h,sensor_spike,low,"(-237.5,-212.5)",0.0,0.0
E_sensor_spike_0229_0254,0.00h,23.83h,sensor_spike,low,"(112.5,62.5)",0.0,0.0
E_sensor_spike_0230_0142,0.00h,23.83h,sensor_spike,low,"(-187.5,-62.5)",0.0,0.0
E_sensor_spike_0231_0361,0.00h,23.83h,sensor_spike,low,"(-212.5,212.5)",0.0,0.0
E_sensor_spike_0232_0112,0.00h,23.83h,sensor_spike,low,"(62.5,-112.5)",0.0,0.0
E_sensor_spike_0233_0128,0.00h,23.83h,sensor_spike,low,"(-37.5,-87.5)",0.0,0.0
E_sensor_spike_0234_0356,0.00h,23.83h,sensor_spike,low,"(162.5,187.5)",0.0,0.0
E_sensor_spike_0235_0202,0.00h,23.83h,sensor_spike,low,"(-187.5,12.5)",0.0,0.0
E_sensor_spike_0236_0174,0.00h,23.83h,sensor_spike,low,"(112.5,-37.5)",0.0,0.0
E_sensor_spike_0237_0179,0.00h,23.83h,sensor_spike,low,"(237.5,-37.5)",0.0,0.0
E_sensor_spike_0238_0169,0.00h,23.83h,sensor_spike,low,"(-12.5,-37.5)",0.0,0.0
E_sensor_spike_0239_0236,0.00h,23.83h,sensor_spike,low,"(162.5,37.5)",0.0,0.0
E_sensor_spike_0240_0082,0.00h,23.83h,sensor_spike,low,"(-187.5,-137.5)",0.0,0.0
E_sensor_spike_0241_0006,0.00h,23.83h,sensor_spike,low,"(-87.5,-237.5)",0.0,0.0
E_sensor_spike_0242_0082,0.00h,23.83h,sensor_spike,low,"(-187.5,-137.5)",0.0,0.0
E_sensor_spike_0243_0129,0.00h,23.83h,sensor_spike,low,"(-12.5,-87.5)",0.0,0.0
E_sensor_spike_0244_0245,0.00h,23.83h,sensor_spike,low,"(-112.5,62.5)",0.0,0.0
E_sensor_spike_0245_0313,0.00h,23.83h,sensor_spike,low,"(87.5,137.5)",0.0,0.0
E_sensor_spike_0246_0045,0.00h,23.83h,sensor_spike,low,"(-112.5,-187.5)",0.0,0.0
E_sensor_spike_0247_0019,0.00h,23.83h,sensor_spike,low,"(237.5,-237.5)",0.0,0.0
E_sensor_spike_0248_0206,0.00h,23.83h,sensor_spike,low,"(-87.5,12.5)",0.0,0.0
E_sensor_spike_0249_0065,0.00h,23.83h,sensor_spike,low,"(-112.5,-162.5)",0.0,0.0
E_sensor_spike_0250_0094,0.00h,23.83h,sensor_spike,low,"(112.5,-137.5)",0.0,0.0
E_sensor_spike_0251_0384,0.00h,23.83h,sensor_spike,low,"(-137.5,237.5)",0.0,0.0
E_sensor_spike_0252_0295,0.00h,23.83h,sensor_spike,low,"(137.5,112.5)",0.0,0.0
E_sensor_spike_0253_0397,0.00h,23.83h,sensor_spike,low,"(187.5,237.5)",0.0,0.0
E_sensor_spike_0254_0251,0.00h,23.83h,sensor_spike,low,"(37.5,62.5)",0.0,0.0
E_sensor_spike_0255_0152,0.00h,23.83h,sensor_spike,low,"(62.5,-62.5)",0.0,0.0
E_sensor_spike_0256_0389,0.00h,23.83h,sensor_spike,low,"(-12.5,237.5)",0.0,0.0
E_sensor_spike_0257_0106,0.00h,23.83h,sensor_spike,low,"(-87.5,-112.5)",0.0,0.0
E_sensor_spike_0258_0194,0.00h,23.83h,sensor_spike,low,"(112.5,-12.5)",0.0,0.0
E_sensor_spike_0259_0347,0.00h,23.83h,sensor_spike,low,"(-62.5,187.5)",0.0,0.0
E_sensor_spike_0260_0363,0.00h,23.83h,sensor_spike,low,"(-162.5,212.5)",0.0,0.0
E_sensor_spike_0261_0375,0.00h,23.83h,sensor_spike,low,"(137.5,212.5)",0.0,0.0
E_sensor_spike_0262_0279,0.00h,23.83h,sensor_spike,low,"(237.5,87.5)",0.0,0.0
E_sensor_spike_0263_0269,0.00h,23.83h,sensor_spike,low,"(-12.5,87.5)",0.0,0.0
E_sensor_spike_0264_0336,0.00h,23.83h,sensor_spike,low,"(162.5,162.5)",0.0,0.0
E_sensor_spike_0265_0372,0.00h,23.83h,sensor_spike,low,"(62.5,212.5)",0.0,0.0
E_sensor_spike_0266_0113,0.00h,23.83h,sensor_spike,low,"(87.5,-112.5)",0.0,0.0
E_sensor_spike_0267_0139,0.00h,23.83h,sensor_spike,low,"(237.5,-87.5)",0.0,0.0
E_sensor_spike_0268_0250,0.00h,23.83h,sensor_spike,low,"(12.5,62.5)",0.0,0.0
E_sensor_spike_0269_0180,0.00h,23.83h,sensor_spike,low,"(-237.5,-12.5)",0.0,0.0
E_sensor_spike_0270_0036,0.00h,23.83h,sensor_spike,low,"(162.5,-212.5)",0.0,0.0
E_sensor_spike_0271_0233,0.00h,23.83h,sensor_spike,low,"(87.5,37.5)",0.0,0.0
E_sensor_spike_0272_0081,0.00h,23.83h,sensor_spike,low,"(-212.5,-137.5)",0.0,0.0
E_sensor_spike_0273_0263,0.00h,23.83h,sensor_spike,low,"(-162.5,87.5)",0.0,0.0
E_sensor_spike_0274_0045,0.00h,23.83h,sensor_spike,low,"(-112.5,-187.5)",0.0,0.0
E_sensor_spike_0275_0197,0.00h,23.83h,sensor_spike,low,"(187.5,-12.5)",0.0,0.0
E_sensor_spike_0276_0344,0.00h,23.83h,sensor_spike,low,"(-137.5,187.5)",0.0,0.0
E_sensor_spike_0277_0156,0.00h,23.83h,sensor_spike,low,"(162.5,-62.5)",0.0,0.0
E_sensor_spike_0278_0007,0.00h,23.83h,sensor_spike,low,"(-62.5,-237.5)",0.0,0.0
E_sensor_spike_0279_0216,0.00h,23.83h,sensor_spike,low,"(162.5,12.5)",0.0,0.0
E_sensor_spike_0280_0269,0.00h,23.83h,sensor_spike,low,"(-12.5,87.5)",0.0,0.0
E_sensor_spike_0281_0397,0.00h,23.83h,sensor_spike,low,"(187.5,237.5)",0.0,0.0
E_sensor_spike_0282_0270,0.00h,23.83h,sensor_spike,low,"(12.5,87.5)",0.0,0.0
E_sensor_spike_0283_0391,0.00h,23.83h,sensor_spike,low,"(37.5,237.5)",0.0,0.0
E_sensor_spike_0284_0199,0.00h,23.83h,sensor_spike,low,"(237.5,-12.5)",0.0,0.0
E_sensor_spike_0285_0077,0.00h,23.83h,sensor_spike,low,"(187.5,-162.5)",0.0,0.0
E_sensor_spike_0286_0153,0.00h,23.83h,sensor_spike,low,"(87.5,-62.5)",0.0,0.0
E_sensor_spike_0287_0091,0.00h,23.83h,sensor_spike,low,"(37.5,-137.5)",0.0,0.0
E_sensor_spike_0288_0243,0.00h,23.83h,sensor_spike,low,"(-162.5,62.5)",0.0,0.0
E_sensor_spike_0289_0221,0.00h,23.83h,sensor_spike,low,"(-212.5,37.5)",0.0,0.0
E_sensor_spike_0290_0146,0.00h,23.83h,sensor_spike,low,"(-87.5,-62.5)",0.0,0.0
E_sensor_spike_0291_0339,0.00h,23.83h,sensor_spike,low,"(237.5,162.5)",0.0,0.0
E_sensor_spike_0292_0398,0.00h,23.83h,sensor_spike,low,"(212.5,237.5)",0.0,0.0
E_sensor_spike_0293_0091,0.00h,23.83h,sensor_spike,low,"(37.5,-137.5)",0.0,0.0
E_sensor_spike_0294_0330,0.00h,23.83h,sensor_spike,low,"(12.5,162.5)",0.0,0.0
E_sensor_spike_0295_0332,0.00h,23.83h,sensor_spike,low,"(62.5,162.5)",0.0,0.0
E_sensor_spike_0296_0015,0.00h,23.83h,sensor_spike,low,"(137.5,-237.5)",0.0,0.0
E_sensor_spike_0297_0239,0.00h,23.83h,sensor_spike,low,"(237.5,37.5)",0.0,0.0
E_sensor_spike_0298_0068,0.00h,23.83h,sensor_spike,low,"(-37.5,-162.5)",0.0,0.0
E_sensor_spike_0299_0194,0.00h,23.83h,sensor_spike,low,"(112.5,-12.5)",0.0,0.0
E_sensor_spike_0300_0300,0.00h,23.83h,sensor_spike,low,"(-237.5,137.5)",0.0,0.0
E_sensor_spike_0301_0267,0.00h,23.83h,sensor_spike,low,"(-62.5,87.5)",0.0,0.0
E_sensor_spike_0302_0262,0.00h,23.83h,sensor_spike,low,"(-187.5,87.5)",0.0,0.0
E_sensor_spike_0303_0002,0.00h,23.83h,sensor_spike,low,"(-187.5,-237.5)",0.0,0.0
E_sensor_spike_0304_0366,0.00h,23.83h,sensor_spike,low,"(-87.5,212.5)",0.0,0.0
E_sensor_spike_0305_0393,0.00h,23.83h,sensor_spike,low,"(87.5,237.5)",0.0,0.0
E_sensor_spike_0306_0288,0.00h,23.83h,sensor_spike,low,"(-37.5,112.5)",0.0,0.0
E_sensor_spike_0307_0380,0.00h,23.83h,sensor_spike,low,"(-237.5,237.5)",0.0,0.0
E_sensor_spike_0308_0222,0.00h,23.83h,sensor_spike,low,"(-187.5,37.5)",0.0,0.0
E_sensor_spike_0309_0152,0.00h,23.83h,sensor_spike,low,"(62.5,-62.5)",0.0,0.0
E_sensor_spike_0310_0017,0.00h,23.83h,sensor_spike,low,"(187.5,-237.5)",0.0,0.0
E_sensor_spike_0311_0199,0.00h,23.83h,sensor_spike,low,"(237.5,-12.5)",0.0,0.0
E_sensor_spike_0312_0395,0.00h,23.83h,sensor_spike,low,"(137.5,237.5)",0.0,0.0
E_sensor_spike_0313_0146,0.00h,23.83h,sensor_spike,low,"(-87.5,-62.5)",0.0,0.0
E_sensor_spike_0314_0210,0.00h,23.83h,sensor_spike,low,"(12.5,12.5)",0.0,0.0
E_sensor_spike_0315_0002,0.00h,23.83h,sensor_spike,low,"(-187.5,-237.5)",0.0,0.0
E_sensor_spike_0316_0323,0.00h,23.83h,sensor_spike,low,"(-162.5,162.5)",0.0,0.0
E_sensor_spike_0317_0306,0.00h,23.83h,sensor_spike,low,"(-87.5,137.5)",0.0,0.0
E_sensor_spike_0318_0295,0.00h,23.83h,sensor_spike,low,"(137.5,112.5)",0.0,0.0
E_sensor_spike_0319_0138,0.00h,23.83h,sensor_spike,low,"(212.5,-87.5)",0.0,0.0
E_sensor_spike_0320_0106,0.00h,23.83h,sensor_spike,low,"(-87.5,-112.5)",0.0,0.0
E_sensor_spike_0321_0089,0.00h,23.83h,sensor_spike,low,"(-12.5,-137.5)",0.0,0.0
E_sensor_spike_0322_0029,0.00h,23.83h,sensor_spike,low,"(-12.5,-212.5)",0.0,0.0
E_sensor_spike_0323_0097,0.00h,23.83h,sensor_spike,low,"(187.5,-137.5)",0.0,0.0
E_sensor_spike_0324_0153,0.00h,23.83h,sensor_spike,low,"(87.5,-62.5)",0.0,0.0
E_sensor_spike_0325_0358,0.00h,23.83h,sensor_spike,low,"(212.5,187.5)",0.0,0.0
E_sensor_spike_0326_0022,0.00h,23.83h,sensor_spike,low,"(-187.5,-212.5)",0.0,0.0
E_sensor_spike_0327_0007,0.00h,23.83h,sensor_spike,low,"(-62.5,-237.5)",0.0,0.0
E_sensor_spike_0328_0144,0.00h,23.83h,sensor_spike,low,"(-137.5,-62.5)",0.0,0.0
E_sensor_spike_0329_0121,0.00h,23.83h,sensor_spike,low,"(-212.5,-87.5)",0.0,0.0
E_sensor_spike_0330_0347,0.00h,23.83h,sensor_spike,low,"(-62.5,187.5)",0.0,0.0
E_sensor_spike_0331_0257,0.00h,23.83h,sensor_spike,low,"(187.5,62.5)",0.0,0.0
E_sensor_spike_0332_0305,0.00h,23.83h,sensor_spike,low,"(-112.5,137.5)",0.0,0.0
E_sensor_spike_0333_0165,0.00h,23.83h,sensor_spike,low,"(-112.5,-37.5)",0.0,0.0
E_sensor_spike_0334_0131,0.00h,23.83h,sensor_spike,low,"(37.5,-87.5)",0.0,0.0
E_sensor_spike_0335_0108,0.00h,23.83h,sensor_spike,low,"(-37.5,-112.5)",0.0,0.0
E_sensor_spike_0336_0111,0.00h,23.83h,sensor_spike,low,"(37.5,-112.5)",0.0,0.0
E_sensor_spike_0337_0376,0.00h,23.83h,sensor_spike,low,"(162.5,212.5)",0.0,0.0
E_sensor_spike_0338_0326,0.00h,23.83h,sensor_spike,low,"(-87.5,162.5)",0.0,0.0
E_sensor_spike_0339_0197,0.00h,23.83h,sensor_spike,low,"(187.5,-12.5)",0.0,0.0
E_sensor_spike_0340_0081,0.00h,23.83h,sensor_spike,low,"(-212.5,-137.5)",0.0,0.0
E_sensor_spike_0341_0010,0.00h,23.83h,sensor_spike,low,"(12.5,-237.5)",0.0,0.0
E_sensor_spike_0342_0307,0.00h,23.83h,sensor_spike,low,"(-62.5,137.5)",0.0,0.0
E_sensor_spike_0343_0118,0.00h,23.83h,sensor_spike,low,"(212.5,-112.5)",0.0,0.0
E_sensor_spike_0344_0249,0.00h,23.83h,sensor_spike,low,"(-12.5,62.5)",0.0,0.0
E_sensor_spike_0345_0188,0.00h,23.83h,sensor_spike,low,"(-37.5,-12.5)",0.0,0.0
E_sensor_spike_0346_0064,0.00h,23.83h,sensor_spike,low,"(-137.5,-162.5)",0.0,0.0
E_sensor_spike_0347_0225,0.00h,23.83h,sensor_spike,low,"(-112.5,37.5)",0.0,0.0
E_sensor_spike_0348_0091,0.00h,23.83h,sensor_spike,low,"(37.5,-137.5)",0.0,0.0
E_sensor_spike_0349_0036,0.00h,23.83h,sensor_spike,low,"(162.5,-212.5)",0.0,0.0
E_sensor_spike_0350_0381,0.00h,23.83h,sensor_spike,low,"(-212.5,237.5)",0.0,0.0
E_sensor_spike_0351_0331,0.00h,23.83h,sensor_spike,low,"(37.5,162.5)",0.0,0.0
E_sensor_spike_0352_0165,0.00h,23.83h,sensor_spike,low,"(-112.5,-37.5)",0.0,0.0
E_sensor_spike_0353_0095,0.00h,23.83h,sensor_spike,low,"(137.5,-137.5)",0.0,0.0
E_sensor_spike_0354_0187,0.00h,23.83h,sensor_spike,low,"(-62.5,-12.5)",0.0,0.0
E_sensor_spike_0355_0363,0.00h,23.83h,sensor_spike,low,"(-162.5,212.5)",0.0,0.0
E_sensor_spike_0356_0387,0.00h,23.83h,sensor_spike,low,"(-62.5,237.5)",0.0,0.0
E_sensor_spike_0357_0067,0.00h,23.83h,sensor_spike,low,"(-62.5,-162.5)",0.0,0.0
E_sensor_spike_0358_0033,0.00h,23.83h,sensor_spike,low,"(87.5,-212.5)",0.0,0.0
E_sensor_spike_0359_0026,0.00h,23.83h,sensor_spike,low,"(-87.5,-212.5)",0.0,0.0
E_sensor_spike_0360_0177,0.00h,23.83h,sensor_spike,low,"(187.5,-37.5)",0.0,0.0
E_sensor_spike_0361_0146,0.00h,23.83h,sensor_spike,low,"(-87.5,-62.5)",0.0,0.0
E_sensor_spike_0362_0332,0.00h,23.83h,sensor_spike,low,"(62.5,162.5)",0.0,0.0
E_sensor_spike_0363_0255,0.00h,23.83h,sensor_spike,low,"(137.5,62.5)",0.0,0.0
E_sensor_spike_0364_0381,0.00h,23.83h,sensor_spike,low,"(-212.5,237.5)",0.0,0.0
E_sensor_spike_0365_0012,0.00h,23.83h,sensor_spike,low,"(62.5,-237.5)",0.0,0.0
E_sensor_spike_0366_0087,0.00h,23.83h,sensor_spike,low,"(-62.5,-137.5)",0.0,0.0
E_sensor_spike_0367_0052,0.00h,23.83h,sensor_spike,low,"(62.5,-187.5)",0.0,0.0
E_sensor_spike_0368_0150,0.00h,23.83h,sensor_spike,low,"(12.5,-62.5)",0.0,0.0
E_sensor_spike_0369_0189,0.00h,23.83h,sensor_spike,low,"(-12.5,-12.5)",0.0,0.0
E_sensor_spike_0370_0015,0.00h,23.83h,sensor_spike,low,"(137.5,-237.5)",0.0,0.0
E_sensor_spike_0371_0384,0.00h,23.83h,sensor_spike,low,"(-137.5,237.5)",0.0,0.0
E_sensor_spike_0372_0159,0.00h,23.83h,sensor_spike,low,"(237.5,-62.5)",0.0,0.0
E_sensor_spike_0373_0375,0.00h,23.83h,sensor_spike,low,"(137.5,212.5)",0.0,0.0
E_sensor_spike_0374_0393,0.00h,23.83h,sensor_spike,low,"(87.5,237.5)",0.0,0.0
E_sensor_spike_0375_0259,0.00h,23.83h,sensor_spike,low,"(237.5,62.5)",0.0,0.0
E_sensor_spike_0376_0358,0.00h,23.83h,sensor_spike,low,"(212.5,187.5)",0.0,0.0
E_sensor_spike_0377_0312,0.00h,23.83h,sensor_spike,low,"(62.5,137.5)",0.0,0.0
E_sensor_spike_0378_0060,0.00h,23.83h,sensor_spike,low,"(-237.5,-162.5)",0.0,0.0
E_sensor_spike_0379_0070,0.00h,23.83h,sensor_spike,low,"(12.5,-162.5)",0.0,0.0
E_sensor_spike_0380_0182,0.00h,23.83h,sensor_spike,low,"(-187.5,-12.5)",0.0,0.0
E_sensor_spike_0381_0140,0.00h,23.83h,sensor_spike,low,"(-237.5,-62.5)",0.0,0.0
E_sensor_spike_0382_0129,0.00h,23.83h,sensor_spike,low,"(-12.5,-87.5)",0.0,0.0
E_sensor_spike_0383_0308,0.00h,23.83h,sensor_spike,low,"(-37.5,137.5)",0.0,0.0
E_sensor_spike_0384_0131,0.00h,23.83h,sensor_spike,low,"(37.5,-87.5)",0.0,0.0
E_sensor_spike_0385_0157,0.00h,23.83h,sensor_spike,low,"(187.5,-62.5)",0.0,0.0
E_sensor_spike_0386_0339,0.00h,23.83h,sensor_spike,low,"(237.5,162.5)",0.0,0.0
E_sensor_spike_0387_0320,0.00h,23.83h,sensor_spike,low,"(-237.5,162.5)",0.0,0.0
E_sensor_spike_0388_0280,0.00h,23.83h,sensor_spike,low,"(-237.5,112.5)",0.0,0.0
E_sensor_spike_0389_0157,0.00h,23.83h,sensor_spike,low,"(187.5,-62.5)",0.0,0.0
E_sensor_spike_0390_0031,0.00h,23.83h,sensor_spike,low,"(37.5,-212.5)",0.0,0.0
E_sensor_spike_0391_0068,0.00h,23.83h,sensor_spike,low,"(-37.5,-162.5)",0.0,0.0
E_sensor_spike_0392_0194,0.00h,23.83h,sensor_spike,low,"(112.5,-12.5)",0.0,0.0
E_sensor_spike_0393_0176,0.00h,23.83h,sensor_spike,low,"(162.5,-37.5)",0.0,0.0
E_sensor_spike_0394_0146,0.00h,23.83h,sensor_spike,low,"(-87.5,-62.5)",0.0,0.0
E_sensor_spike_0395_0156,0.00h,23.83h,sensor_spike,low,"(162.5,-62.5)",0.0,0.0
E_sensor_spike_0396_0357,0.00h,23.83h,sensor_spike,low,"(187.5,187.5)",0.0,0.0
E_sensor_spike_0397_0182,0.00h,23.83h,sensor_spike,low,"(-187.5,-12.5)",0.0,0.0
E_sensor_spike_0398_0028,0.00h,23.83h,sensor_spike,low,"(-37.5,-212.5)",0.0,0.0
E_sensor_spike_0399_0073,0.00h,23.83h,sensor_spike,low,"(87.5,-162.5)",0.0,0.0
E_sensor_spike_0400_0172,0.00h,23.83h,sensor_spike,low,"(62.5,-37.5)",0.0,0.0
E_sensor_spike_0401_0352,0.00h,23.83h,sensor_spike,low,"(62.5,187.5)",0.0,0.0
E_sensor_spike_0402_0184,0.00h,23.83h,sensor_spike,low,"(-137.5,-12.5)",0.0,0.0
E_sensor_spike_0403_0177,0.00h,23.83h,sensor_spike,low,"(187.5,-37.5)",0.0,0.0
E_sensor_spike_0404_0050,0.00h,23.83h,sensor_spike,low,"(12.5,-187.5)",0.0,0.0
E_sensor_spike_0405_0162,0.00h,23.83h,sensor_spike,low,"(-187.5,-37.5)",0.0,0.0
E_sensor_spike_0406_0026,0.00h,23.83h,sensor_spike,low,"(-87.5,-212.5)",0.0,0.0
E_sensor_spike_0407_0002,0.00h,23.83h,sensor_spike,low,"(-187.5,-237.5)",0.0,0.0
E_sensor_spike_0408_0392,0.00h,23.83h,sensor_spike,low,"(62.5,237.5)",0.0,0.0
E_sensor_spike_0409_0292,0.00h,23.83h,sensor_spike,low,"(62.5,112.5)",0.0,0.0
E_sensor_spike_0410_0314,0.00h,23.83h,sensor_spike,low,"(112.5,137.5)",0.0,0.0
E_sensor_spike_0411_0078,0.00h,23.83h,sensor_spike,low,"(212.5,-162.5)",0.0,0.0
E_sensor_spike_0412_0103,0.00h,23.83h,sensor_spike,low,"(-162.5,-112.5)",0.0,0.0
E_sensor_spike_0413_0090,0.00h,23.83h,sensor_spike,low,"(12.5,-137.5)",0.0,0.0
E_sensor_spike_0414_0293,0.00h,23.83h,sensor_spike,low,"(87.5,112.5)",0.0,0.0
E_sensor_spike_0415_0381,0.00h,23.83h,sensor_spike,low,"(-212.5,237.5)",0.0,0.0
E_sensor_spike_0416_0082,0.00h,23.83h,sensor_spike,low,"(-187.5,-137.5)",0.0,0.0
E_sensor_spike_0417_0225,0.00h,23.83h,sensor_spike,low,"(-112.5,37.5)",0.0,0.0
E_sensor_spike_0418_0051,0.00h,23.83h,sensor_spike,low,"(37.5,-187.5)",0.0,0.0
E_sensor_spike_0419_0308,0.00h,23.83h,sensor_spike,low,"(-37.5,137.5)",0.0,0.0
E_sensor_spike_0420_0324,0.00h,23.83h,sensor_spike,low,"(-137.5,162.5)",0.0,0.0
E_sensor_spike_0421_0353,0.00h,23.83h,sensor_spike,low,"(87.5,187.5)",0.0,0.0
E_sensor_spike_0422_0081,0.00h,23.83h,sensor_spike,low,"(-212.5,-137.5)",0.0,0.0
E_sensor_spike_0423_0244,0.00h,23.83h,sensor_spike,low,"(-137.5,62.5)",0.0,0.0
E_sensor_spike_0424_0020,0.00h,23.83h,sensor_spike,low,"(-237.5,-212.5)",0.0,0.0
E_sensor_spike_0425_0272,0.00h,23.83h,sensor_spike,low,"(62.5,87.5)",0.0,0.0
E_sensor_spike_0426_0019,0.00h,23.83h,sensor_spike,low,"(237.5,-237.5)",0.0,0.0
E_sensor_spike_0427_0053,0.00h,23.83h,sensor_spike,low,"(87.5,-187.5)",0.0,0.0
E_sensor_spike_0428_0039,0.00h,23.83h,sensor_spike,low,"(237.5,-212.5)",0.0,0.0
E_sensor_spike_0429_0368,0.00h,23.83h,sensor_spike,low,"(-37.5,212.5)",0.0,0.0
E_sensor_spike_0430_0339,0.00h,23.83h,sensor_spike,low,"(237.5,162.5)",0.0,0.0
E_sensor_spike_0431_0061,0.00h,23.83h,sensor_spike,low,"(-212.5,-162.5)",0.0,0.0
E_sensor_spike_0432_0034,0.00h,23.83h,sensor_spike,low,"(112.5,-212.5)",0.0,0.0
E_sensor_spike_0433_0199,0.00h,23.83h,sensor_spike,low,"(237.5,-12.5)",0.0,0.0
E_sensor_spike_0434_0155,0.00h,23.83h,sensor_spike,low,"(137.5,-62.5)",0.0,0.0
E_sensor_spike_0435_0116,0.00h,23.83h,sensor_spike,low,"(162.5,-112.5)",0.0,0.0
E_sensor_spike_0436_0366,0.00h,23.83h,sensor_spike,low,"(-87.5,212.5)",0.0,0.0
E_sensor_spike_0437_0155,0.00h,23.83h,sensor_spike,low,"(137.5,-62.5)",0.0,0.0
E_sensor_spike_0438_0387,0.00h,23.83h,sensor_spike,low,"(-62.5,237.5)",0.0,0.0
E_sensor_spike_0439_0122,0.00h,23.83h,sensor_spike,low,"(-187.5,-87.5)",0.0,0.0
E_sensor_spike_0440_0340,0.00h,23.83h,sensor_spike,low,"(-237.5,187.5)",0.0,0.0
E_sensor_spike_0441_0110,0.00h,23.83h,sensor_spike,low,"(12.5,-112.5)",0.0,0.0
E_sensor_spike_0442_0119,0.00h,23.83h,sensor_spike,low,"(237.5,-112.5)",0.0,0.0
E_sensor_spike_0443_0254,0.00h,23.83h,sensor_spike,low,"(112.5,62.5)",0.0,0.0
E_sensor_spike_0444_0323,0.00h,23.83h,sensor_spike,low,"(-162.5,162.5)",0.0,0.0
E_sensor_spike_0445_0090,0.00h,23.83h,sensor_spike,low,"(12.5,-137.5)",0.0,0.0
E_sensor_spike_0446_0278,0.00h,23.83h,sensor_spike,low,"(212.5,87.5)",0.0,0.0
E_sensor_spike_0447_0255,0.00h,23.83h,sensor_spike,low,"(137.5,62.5)",0.0,0.0
E_sensor_spike_0448_0241,0.00h,23.83h,sensor_spike,low,"(-212.5,62.5)",0.0,0.0
E_sensor_spike_0449_0224,0.00h,23.83h,sensor_spike,low,"(-137.5,37.5)",0.0,0.0
E_sensor_spike_0450_0221,0.00h,23.83h,sensor_spike,low,"(-212.5,37.5)",0.0,0.0
E_sensor_spike_0451_0299,0.00h,23.83h,sensor_spike,low,"(237.5,112.5)",0.0,0.0
E_sensor_spike_0452_0101,0.00h,23.83h,sensor_spike,low,"(-212.5,-112.5)",0.0,0.0
E_sensor_spike_0453_0153,0.00h,23.83h,sensor_spike,low,"(87.5,-62.5)",0.0,0.0
E_sensor_spike_0454_0302,0.00h,23.83h,sensor_spike,low,"(-187.5,137.5)",0.0,0.0
E_sensor_spike_0455_0056,0.00h,23.83h,sensor_spike,low,"(162.5,-187.5)",0.0,0.0
E_sensor_spike_0456_0280,0.00h,23.83h,sensor_spike,low,"(-237.5,112.5)",0.0,0.0
E_sensor_spike_0457_0206,0.00h,23.83h,sensor_spike,low,"(-87.5,12.5)",0.0,0.0
E_sensor_spike_0458_0182,0.00h,23.83h,sensor_spike,low,"(-187.5,-12.5)",0.0,0.0
E_sensor_spike_0459_0244,0.00h,23.83h,sensor_spike,low,"(-137.5,62.5)",0.0,0.0
E_sensor_spike_0460_0239,0.00h,23.83h,sensor_spike,low,"(237.5,37.5)",0.0,0.0
E_sensor_spike_0461_0339,0.00h,23.83h,sensor_spike,low,"(237.5,162.5)",0.0,0.0
E_sensor_spike_0462_0068,0.00h,23.83h,sensor_spike,low,"(-37.5,-162.5)",0.0,0.0
E_sensor_spike_0463_0122,0.00h,23.83h,sensor_spike,low,"(-187.5,-87.5)",0.0,0.0
E_sensor_spike_0464_0367,0.00h,23.83h,sensor_spike,low,"(-62.5,212.5)",0.0,0.0
E_sensor_spike_0465_0374,0.00h,23.83h,sensor_spike,low,"(112.5,212.5)",0.0,0.0
E_sensor_spike_0466_0248,0.00h,23.83h,sensor_spike,low,"(-37.5,62.5)",0.0,0.0
E_sensor_spike_0467_0208,0.00h,23.83h,sensor_spike,low,"(-37.5,12.5)",0.0,0.0
E_sensor_spike_0468_0170,0.00h,23.83h,sensor_spike,low,"(12.5,-37.5)",0.0,0.0
E_sensor_spike_0469_0052,0.00h,23.83h,sensor_spike,low,"(62.5,-187.5)",0.0,0.0
E_sensor_spike_0470_0186,0.00h,23.83h,sensor_spike,low,"(-87.5,-12.5)",0.0,0.0
E_sensor_spike_0471_0017,0.00h,23.83h,sensor_spike,low,"(187.5,-237.5)",0.0,0.0
E_sensor_spike_0472_0039,0.00h,23.83h,sensor_spike,low,"(237.5,-212.5)",0.0,0.0
E_sensor_spike_0473_0140,0.00h,23.83h,sensor_spike,low,"(-237.5,-62.5)",0.0,0.0
E_sensor_spike_0474_0383,0.00h,23.83h,sensor_spike,low,"(-162.5,237.5)",0.0,0.0
E_sensor_spike_0475_0183,0.00h,23.83h,sensor_spike,low,"(-162.5,-12.5)",0.0,0.0
E_sensor_spike_0476_0231,0.00h,23.83h,sensor_spike,low,"(37.5,37.5)",0.0,0.0
E_sensor_spike_0477_0005,0.00h,23.83h,sensor_spike,low,"(-112.5,-237.5)",0.0,0.0
E_sensor_spike_0478_0316,0.00h,23.83h,sensor_spike,low,"(162.5,137.5)",0.0,0.0
E_sensor_spike_0479_0138,0.00h,23.83h,sensor_spike,low,"(212.5,-87.5)",0.0,0.0
E_sensor_spike_0480_0391,0.00h,23.83h,sensor_spike,low,"(37.5,237.5)",0.0,0.0
E_sensor_spike_0481_0275,0.00h,23.83h,sensor_spike,low,"(137.5,87.5)",0.0,0.0
E_sensor_spike_0482_0099,0.00h,23.83h,sensor_spike,low,"(237.5,-137.5)",0.0,0.0
E_sensor_spike_0483_0243,0.00h,23.83h,sensor_spike,low,"(-162.5,62.5)",0.0,0.0
E_sensor_spike_0484_0280,0.00h,23.83h,sensor_spike,low,"(-237.5,112.5)",0.0,0.0
E_sensor_spike_0485_0357,0.00h,23.83h,sensor_spike,low,"(187.5,187.5)",0.0,0.0
E_sensor_spike_0486_0019,0.00h,23.83h,sensor_spike,low,"(237.5,-237.5)",0.0,0.0
E_sensor_spike_0487_0086,0.00h,23.83h,sensor_spike,low,"(-87.5,-137.5)",0.0,0.0
E_sensor_spike_0488_0131,0.00h,23.83h,sensor_spike,low,"(37.5,-87.5)",0.0,0.0
E_sensor_spike_0489_0146,0.00h,23.83h,sensor_spike,low,"(-87.5,-62.5)",0.0,0.0
E_sensor_spike_0490_0272,0.00h,23.83h,sensor_spike,low,"(62.5,87.5)",0.0,0.0
E_sensor_spike_0491_0045,0.00h,23.83h,sensor_spike,low,"(-112.5,-187.5)",0.0,0.0
E_sensor_spike_0492_0121,0.00h,23.83h,sensor_spike,low,"(-212.5,-87.5)",0.0,0.0
E_sensor_spike_0493_0385,0.00h,23.83h,sensor_spike,low,"(-112.5,237.5)",0.0,0.0
E_sensor_spike_0494_0023,0.00h,23.83h,sensor_spike,low,"(-162.5,-212.5)",0.0,0.0
E_sensor_spike_0495_0189,0.00h,23.83h,sensor_spike,low,"(-12.5,-12.5)",0.0,0.0
E_sensor_spike_0496_0132,0.00h,23.83h,sensor_spike,low,"(62.5,-87.5)",0.0,0.0
E_sensor_spike_0497_0092,0.00h,23.83h,sensor_spike,low,"(62.5,-137.5)",0.0,0.0
E_sensor_spike_0498_0040,0.00h,23.83h,sensor_spike,low,"(-237.5,-187.5)",0.0,0.0
E_sensor_spike_0499_0353,0.00h,23.83h,sensor_spike,low,"(87.5,187.5)",0.0,0.0
E_sensor_spike_0500_0202,0.00h,23.83h,sensor_spike,low,"(-187.5,12.5)",0.0,0.0
E_sensor_spike_0501_0367,0.00h,23.83h,sensor_spike,low,"(-62.5,212.5)",0.0,0.0
E_sensor_spike_0502_0042,0.00h,23.83h,sensor_spike,low,"(-187.5,-187.5)",0.0,0.0
E_sensor_spike_0503_0065,0.00h,23.83h,sensor_spike,low,"(-112.5,-162.5)",0.0,0.0
E_sensor_spike_0504_0007,0.00h,23.83h,sensor_spike,low,"(-62.5,-237.5)",0.0,0.0
E_sensor_spike_0505_0381,0.00h,23.83h,sensor_spike,low,"(-212.5,237.5)",0.0,0.0
E_sensor_spike_0506_0361,0.00h,23.83h,sensor_spike,low,"(-212.5,212.5)",0.0,0.0
E_sensor_spike_0507_0179,0.00h,23.83h,sensor_spike,low,"(237.5,-37.5)",0.0,0.0
E_sensor_spike_0508_0359,0.00h,23.83h,sensor_spike,low,"(237.5,187.5)",0.0,0.0
E_sensor_spike_0509_0173,0.00h,23.83h,sensor_spike,low,"(87.5,-37.5)",0.0,0.0
E_sensor_spike_0510_0285,0.00h,23.83h,sensor_spike,low,"(-112.5,112.5)",0.0,0.0
E_sensor_spike_0511_0171,0.00h,23.83h,sensor_spike,low,"(37.5,-37.5)",0.0,0.0
E_sensor_spike_0512_0146,0.00h,23.83h,sensor_spike,low,"(-87.5,-62.5)",0.0,0.0
E_sensor_spike_0513_0010,0.00h,23.83h,sensor_spike,low,"(12.5,-237.5)",0.0,0.0
E_sensor_spike_0514_0180,0.00h,23.83h,sensor_spike,low,"(-237.5,-12.5)",0.0,0.0
E_sensor_spike_0515_0154,0.00h,23.83h,sensor_spike,low,"(112.5,-62.5)",0.0,0.0
E_sensor_spike_0516_0042,0.00h,23.83h,sensor_spike,low,"(-187.5,-187.5)",0.0,0.0
E_sensor_spike_0517_0150,0.00h,23.83h,sensor_spike,low,"(12.5,-62.5)",0.0,0.0
E_sensor_spike_0518_0070,0.00h,23.83h,sensor_spike,low,"(12.5,-162.5)",0.0,0.0
E_sensor_spike_0519_0079,0.00h,23.83h,sensor_spike,low,"(237.5,-162.5)",0.0,0.0
E_sensor_spike_0520_0113,0.00h,23.83h,sensor_spike,low,"(87.5,-112.5)",0.0,0.0
E_sensor_spike_0521_0147,0.00h,23.83h,sensor_spike,low,"(-62.5,-62.5)",0.0,0.0
E_sensor_spike_0522_0291,0.00h,23.83h,sensor_spike,low,"(37.5,112.5)",0.0,0.0
E_sensor_spike_0523_0286,0.00h,23.83h,sensor_spike,low,"(-87.5,112.5)",0.0,0.0
E_sensor_spike_0524_0064,0.00h,23.83h,sensor_spike,low,"(-137.5,-162.5)",0.0,0.0
E_sensor_spike_0525_0077,0.00h,23.83h,sensor_spike,low,"(187.5,-162.5)",0.0,0.0
E_sensor_spike_0526_0303,0.00h,23.83h,sensor_spike,low,"(-162.5,137.5)",0.0,0.0
E_sensor_spike_0527_0312,0.00h,23.83h,sensor_spike,low,"(62.5,137.5)",0.0,0.0
E_sensor_spike_0528_0288,0.00h,23.83h,sensor_spike,low,"(-37.5,112.5)",0.0,0.0
E_sensor_spike_0529_0360,0.00h,23.83h,sensor_spike,low,"(-237.5,212.5)",0.0,0.0
E_sensor_spike_0530_0170,0.00h,23.83h,sensor_spike,low,"(12.5,-37.5)",0.0,0.0
E_sensor_spike_0531_0347,0.00h,23.83h,sensor_spike,low,"(-62.5,187.5)",0.0,0.0
E_sensor_spike_0532_0330,0.00h,23.83h,sensor_spike,low,"(12.5,162.5)",0.0,0.0
E_sensor_spike_0533_0119,0.00h,23.83h,sensor_spike,low,"(237.5,-112.5)",0.0,0.0
E_sensor_spike_0534_0140,0.00h,23.83h,sensor_spike,low,"(-237.5,-62.5)",0.0,0.0
E_sensor_spike_0535_0230,0.00h,23.83h,sensor_spike,low,"(12.5,37.5)",0.0,0.0
E_sensor_spike_0536_0196,0.00h,23.83h,sensor_spike,low,"(162.5,-12.5)",0.0,0.0
E_sensor_spike_0537_0185,0.00h,23.83h,sensor_spike,low,"(-112.5,-12.5)",0.0,0.0
E_sensor_spike_0538_0258,0.00h,23.83h,sensor_spike,low,"(212.5,62.5)",0.0,0.0
E_sensor_spike_0539_0037,0.00h,23.83h,sensor_spike,low,"(187.5,-212.5)",0.0,0.0
E_sensor_spike_0540_0059,0.00h,23.83h,sensor_spike,low,"(237.5,-187.5)",0.0,0.0
E_sensor_spike_0541_0284,0.00h,23.83h,sensor_spike,low,"(-137.5,112.5)",0.0,0.0
E_sensor_spike_0542_0093,0.00h,23.83h,sensor_spike,low,"(87.5,-137.5)",0.0,0.0
E_sensor_spike_0543_0094,0.00h,23.83h,sensor_spike,low,"(112.5,-137.5)",0.0,0.0
E_sensor_spike_0544_0020,0.00h,23.83h,sensor_spike,low,"(-237.5,-212.5)",0.0,0.0
E_sensor_spike_0545_0191,0.00h,23.83h,sensor_spike,low,"(37.5,-12.5)",0.0,0.0
E_sensor_spike_0546_0363,0.00h,23.83h,sensor_spike,low,"(-162.5,212.5)",0.0,0.0
E_sensor_spike_0547_0172,0.00h,23.83h,sensor_spike,low,"(62.5,-37.5)",0.0,0.0
E_sensor_spike_0548_0381,0.00h,23.83h,sensor_spike,low,"(-212.5,237.5)",0.0,0.0
E_sensor_spike_0549_0189,0.00h,23.83h,sensor_spike,low,"(-12.5,-12.5)",0.0,0.0
E_sensor_spike_0550_0164,0.00h,23.83h,sensor_spike,low,"(-137.5,-37.5)",0.0,0.0
E_sensor_spike_0551_0044,0.00h,23.83h,sensor_spike,low,"(-137.5,-187.5)",0.0,0.0
E_sensor_spike_0552_0251,0.00h,23.83h,sensor_spike,low,"(37.5,62.5)",0.0,0.0
E_sensor_spike_0553_0047,0.00h,23.83h,sensor_spike,low,"(-62.5,-187.5)",0.0,0.0
E_sensor_spike_0554_0049,0.00h,23.83h,sensor_spike,low,"(-12.5,-187.5)",0.0,0.0
E_sensor_spike_0555_0013,0.00h,23.83h,sensor_spike,low,"(87.5,-237.5)",0.0,0.0
E_sensor_spike_0556_0169,0.00h,23.83h,sensor_spike,low,"(-12.5,-37.5)",0.0,0.0
E_sensor_spike_0557_0306,0.00h,23.83h,sensor_spike,low,"(-87.5,137.5)",0.0,0.0
E_sensor_spike_0558_0158,0.00h,23.83h,sensor_spike,low,"(212.5,-62.5)",0.0,0.0
E_sensor_spike_0559_0014,0.00h,23.83h,sensor_spike,low,"(112.5,-237.5)",0.0,0.0
E_sensor_spike_0560_0388,0.00h,23.83h,sensor_spike,low,"(-37.5,237.5)",0.0,0.0
E_sensor_spike_0561_0193,0.00h,23.83h,sensor_spike,low,"(87.5,-12.5)",0.0,0.0
E_sensor_spike_0562_0222,0.00h,23.83h,sensor_spike,low,"(-187.5,37.5)",0.0,0.0
E_sensor_spike_0563_0034,0.00h,23.83h,sensor_spike,low,"(112.5,-212.5)",0.0,0.0
E_sensor_spike_0564_0239,0.00h,23.83h,sensor_spike,low,"(237.5,37.5)",0.0,0.0
E_sensor_spike_0565_0092,0.00h,23.83h,sensor_spike,low,"(62.5,-137.5)",0.0,0.0
E_sensor_spike_0566_0248,0.00h,23.83h,sensor_spike,low,"(-37.5,62.5)",0.0,0.0
E_sensor_spike_0567_0098,0.00h,23.83h,sensor_spike,low,"(212.5,-137.5)",0.0,0.0
E_sensor_spike_0568_0276,0.00h,23.83h,sensor_spike,low,"(162.5,87.5)",0.0,0.0
E_sensor_spike_0569_0074,0.00h,23.83h,sensor_spike,low,"(112.5,-162.5)",0.0,0.0
E_sensor_spike_0570_0271,0.00h,23.83h,sensor_spike,low,"(37.5,87.5)",0.0,0.0
E_sensor_spike_0571_0355,0.00h,23.83h,sensor_spike,low,"(137.5,187.5)",0.0,0.0
E_sensor_spike_0572_0236,0.00h,23.83h,sensor_spike,low,"(162.5,37.5)",0.0,0.0
E_sensor_spike_0573_0111,0.00h,23.83h,sensor_spike,low,"(37.5,-112.5)",0.0,0.0
E_sensor_spike_0574_0223,0.00h,23.83h,sensor_spike,low,"(-162.5,37.5)",0.0,0.0
E_sensor_spike_0575_0272,0.00h,23.83h,sensor_spike,low,"(62.5,87.5)",0.0,0.0
E_sensor_spike_0576_0380,0.00h,23.83h,sensor_spike,low,"(-237.5,237.5)",0.0,0.0
E_sensor_spike_0577_0228,0.00h,23.83h,sensor_spike,low,"(-37.5,37.5)",0.0,0.0
E_sensor_spike_0578_0281,0.00h,23.83h,sensor_spike,low,"(-212.5,112.5)",0.0,0.0
E_sensor_spike_0579_0337,0.00h,23.83h,sensor_spike,low,"(187.5,162.5)",0.0,0.0
E_sensor_spike_0580_0353,0.00h,23.83h,sensor_spike,low,"(87.5,187.5)",0.0,0.0
E_sensor_spike_0581_0251,0.00h,23.83h,sensor_spike,low,"(37.5,62.5)",0.0,0.0
E_sensor_spike_0582_0321,0.00h,23.83h,sensor_spike,low,"(-212.5,162.5)",0.0,0.0
E_sensor_spike_0583_0186,0.00h,23.83h,sensor_spike,low,"(-87.5,-12.5)",0.0,0.0
E_sensor_spike_0584_0398,0.00h,23.83h,sensor_spike,low,"(212.5,237.5)",0.0,0.0
E_sensor_spike_0585_0380,0.00h,23.83h,sensor_spike,low,"(-237.5,237.5)",0.0,0.0
E_sensor_spike_0586_0326,0.00h,23.83h,sensor_spike,low,"(-87.5,162.5)",0.0,0.0
E_sensor_spike_0587_0009,0.00h,23.83h,sensor_spike,low,"(-12.5,-237.5)",0.0,0.0
E_sensor_spike_0588_0393,0.00h,23.83h,sensor_spike,low,"(87.5,237.5)",0.0,0.0
E_sensor_spike_0589_0266,0.00h,23.83h,sensor_spike,low,"(-87.5,87.5)",0.0,0.0
E_sensor_spike_0590_0166,0.00h,23.83h,sensor_spike,low,"(-87.5,-37.5)",0.0,0.0
E_sensor_spike_0591_0063,0.00h,23.83h,sensor_spike,low,"(-162.5,-162.5)",0.0,0.0
E_sensor_spike_0592_0392,0.00h,23.83h,sensor_spike,low,"(62.5,237.5)",0.0,0.0
E_sensor_spike_0593_0150,0.00h,23.83h,sensor_spike,low,"(12.5,-62.5)",0.0,0.0
E_sensor_spike_0594_0170,0.00h,23.83h,sensor_spike,low,"(12.5,-37.5)",0.0,0.0
E_sensor_spike_0595_0290,0.00h,23.83h,sensor_spike,low,"(12.5,112.5)",0.0,0.0
E_sensor_spike_0596_0261,0.00h,23.83h,sensor_spike,low,"(-212.5,87.5)",0.0,0.0
E_sensor_spike_0597_0276,0.00h,23.83h,sensor_spike,low,"(162.5,87.5)",0.0,0.0
E_sensor_spike_0598_0112,0.00h,23.83h,sensor_spike,low,"(62.5,-112.5)",0.0,0.0
E_sensor_spike_0599_0304,0.00h,23.83h,sensor_spike,low,"(-137.5,137.5)",0.0,0.0
E_sensor_spike_0600_0086,0.00h,23.83h,sensor_spike,low,"(-87.5,-137.5)",0.0,0.0
E_sensor_spike_0601_0252,0.00h,23.83h,sensor_spike,low,"(62.5,62.5)",0.0,0.0
E_sensor_spike_0602_0368,0.00h,23.83h,sensor_spike,low,"(-37.5,212.5)",0.0,0.0
E_sensor_spike_0603_0262,0.00h,23.83h,sensor_spike,low,"(-187.5,87.5)",0.0,0.0
E_sensor_spike_0604_0318,0.00h,23.83h,sensor_spike,low,"(212.5,137.5)",0.0,0.0
E_sensor_spike_0605_0144,0.00h,23.83h,sensor_spike,low,"(-137.5,-62.5)",0.0,0.0
E_sensor_spike_0606_0310,0.00h,23.83h,sensor_spike,low,"(12.5,137.5)",0.0,0.0
E_sensor_spike_0607_0062,0.00h,23.83h,sensor_spike,low,"(-187.5,-162.5)",0.0,0.0
E_sensor_spike_0608_0122,0.00h,23.83h,sensor_spike,low,"(-187.5,-87.5)",0.0,0.0
E_sensor_spike_0609_0134,0.00h,23.83h,sensor_spike,low,"(112.5,-87.5)",0.0,0.0
E_sensor_spike_0610_0126,0.00h,23.83h,sensor_spike,low,"(-87.5,-87.5)",0.0,0.0
E_sensor_spike_0611_0072,0.00h,23.83h,sensor_spike,low,"(62.5,-162.5)",0.0,0.0
E_sensor_spike_0612_0052,0.00h,23.83h,sensor_spike,low,"(62.5,-187.5)",0.0,0.0
E_sensor_spike_0613_0059,0.00h,23.83h,sensor_spike,low,"(237.5,-187.5)",0.0,0.0
E_sensor_spike_0614_0349,0.00h,23.83h,sensor_spike,low,"(-12.5,187.5)",0.0,0.0
E_sensor_spike_0615_0199,0.00h,23.83h,sensor_spike,low,"(237.5,-12.5)",0.0,0.0
E_sensor_spike_0616_0071,0.00h,23.83h,sensor_spike,low,"(37.5,-162.5)",0.0,0.0
E_sensor_spike_0617_0369,0.00h,23.83h,sensor_spike,low,"(-12.5,212.5)",0.0,0.0
E_sensor_spike_0618_0102,0.00h,23.83h,sensor_spike,low,"(-187.5,-112.5)",0.0,0.0
E_sensor_spike_0619_0143,0.00h,23.83h,sensor_spike,low,"(-162.5,-62.5)",0.0,0.0
E_sensor_spike_0620_0190,0.00h,23.83h,sensor_spike,low,"(12.5,-12.5)",0.0,0.0
E_sensor_spike_0621_0206,0.00h,23.83h,sensor_spike,low,"(-87.5,12.5)",0.0,0.0
E_sensor_spike_0622_0357,0.00h,23.83h,sensor_spike,low,"(187.5,187.5)",0.0,0.0
E_sensor_spike_0623_0174,0.00h,23.83h,sensor_spike,low,"(112.5,-37.5)",0.0,0.0
E_sensor_spike_0624_0052,0.00h,23.83h,sensor_spike,low,"(62.5,-187.5)",0.0,0.0
E_sensor_drift_0000_0143,0.00h,23.83h,sensor_drift,low,"(-162.5,-62.5)",0.0,0.0
E_sensor_drift_0001_0170,0.00h,23.83h,sensor_drift,low,"(12.5,-37.5)",0.0,0.0
E_sensor_drift_0002_0221,0.00h,23.83h,sensor_drift,low,"(-212.5,37.5)",0.0,0.0
E_sensor_drift_0003_0190,0.00h,23.83h,sensor_drift,low,"(12.5,-12.5)",0.0,0.0
E_sensor_drift_0004_0264,0.00h,23.83h,sensor_drift,low,"(-137.5,87.5)",0.0,0.0
E_sensor_drift_0005_0320,0.00h,23.83h,sensor_drift,low,"(-237.5,162.5)",0.0,0.0
E_sensor_drift_0006_0369,0.00h,23.83h,sensor_drift,low,"(-12.5,212.5)",0.0,0.0
E_sensor_drift_0007_0080,0.00h,23.83h,sensor_drift,low,"(-237.5,-137.5)",0.0,0.0
E_sensor_drift_0008_0334,0.00h,23.83h,sensor_drift,low,"(112.5,162.5)",0.0,0.0
E_sensor_drift_0009_0140,0.00h,23.83h,sensor_drift,low,"(-237.5,-62.5)",0.0,0.0
E_sensor_drift_0010_0038,0.00h,23.83h,sensor_drift,low,"(212.5,-212.5)",0.0,0.0
E_sensor_drift_0011_0008,0.00h,23.83h,sensor_drift,low,"(-37.5,-237.5)",0.0,0.0
E_sensor_drift_0012_0048,0.00h,23.83h,sensor_drift,low,"(-37.5,-187.5)",0.0,0.0
E_sensor_drift_0013_0258,0.00h,23.83h,sensor_drift,low,"(212.5,62.5)",0.0,0.0
E_sensor_drift_0014_0089,0.00h,23.83h,sensor_drift,low,"(-12.5,-137.5)",0.0,0.0
E_sensor_drift_0015_0368,0.00h,23.83h,sensor_drift,low,"(-37.5,212.5)",0.0,0.0
E_sensor_drift_0016_0310,0.00h,23.83h,sensor_drift,low,"(12.5,137.5)",0.0,0.0
E_sensor_drift_0017_0127,0.00h,23.83h,sensor_drift,low,"(-62.5,-87.5)",0.0,0.0
E_sensor_drift_0018_0028,0.00h,23.83h,sensor_drift,low,"(-37.5,-212.5)",0.0,0.0
E_sensor_drift_0019_0386,0.00h,23.83h,sensor_drift,low,"(-87.5,237.5)",0.0,0.0
E_sensor_drift_0020_0138,0.00h,23.83h,sensor_drift,low,"(212.5,-87.5)",0.0,0.0
E_sensor_drift_0021_0137,0.00h,23.83h,sensor_drift,low,"(187.5,-87.5)",0.0,0.0
E_sensor_drift_0022_0168,0.00h,23.83h,sensor_drift,low,"(-37.5,-37.5)",0.0,0.0
E_sensor_drift_0023_0031,0.00h,23.83h,sensor_drift,low,"(37.5,-212.5)",0.0,0.0
E_sensor_drift_0024_0109,0.00h,23.83h,sensor_drift,low,"(-12.5,-112.5)",0.0,0.0
E_sensor_drift_0025_0255,0.00h,23.83h,sensor_drift,low,"(137.5,62.5)",0.0,0.0
E_sensor_drift_0026_0281,0.00h,23.83h,sensor_drift,low,"(-212.5,112.5)",0.0,0.0
E_sensor_drift_0027_0397,0.00h,23.83h,sensor_drift,low,"(187.5,237.5)",0.0,0.0
E_sensor_drift_0028_0062,0.00h,23.83h,sensor_drift,low,"(-187.5,-162.5)",0.0,0.0
E_sensor_drift_0029_0011,0.00h,23.83h,sensor_drift,low,"(37.5,-237.5)",0.0,0.0
E_sensor_drift_0030_0020,0.00h,23.83h,sensor_drift,low,"(-237.5,-212.5)",0.0,0.0
E_sensor_drift_0031_0348,0.00h,23.83h,sensor_drift,low,"(-37.5,187.5)",0.0,0.0
E_sensor_drift_0032_0012,0.00h,23.83h,sensor_drift,low,"(62.5,-237.5)",0.0,0.0
E_sensor_drift_0033_0279,0.00h,23.83h,sensor_drift,low,"(237.5,87.5)",0.0,0.0
E_sensor_drift_0034_0053,0.00h,23.83h,sensor_drift,low,"(87.5,-187.5)",0.0,0.0
E_sensor_drift_0035_0183,0.00h,23.83h,sensor_drift,low,"(-162.5,-12.5)",0.0,0.0
E_sensor_drift_0036_0151,0.00h,23.83h,sensor_drift,low,"(37.5,-62.5)",0.0,0.0
E_sensor_drift_0037_0155,0.00h,23.83h,sensor_drift,low,"(137.5,-62.5)",0.0,0.0
E_sensor_drift_0038_0129,0.00h,23.83h,sensor_drift,low,"(-12.5,-87.5)",0.0,0.0
E_sensor_drift_0039_0206,0.00h,23.83h,sensor_drift,low,"(-87.5,12.5)",0.0,0.0
E_sensor_drift_0040_0080,0.00h,23.83h,sensor_drift,low,"(-237.5,-137.5)",0.0,0.0
E_sensor_drift_0041_0260,0.00h,23.83h,sensor_drift,low,"(-237.5,87.5)",0.0,0.0
E_sensor_drift_0042_0047,0.00h,23.83h,sensor_drift,low,"(-62.5,-187.5)",0.0,0.0
E_sensor_drift_0043_0198,0.00h,23.83h,sensor_drift,low,"(212.5,-12.5)",0.0,0.0
E_sensor_drift_0044_0147,0.00h,23.83h,sensor_drift,low,"(-62.5,-62.5)",0.0,0.0
E_sensor_drift_0045_0140,0.00h,23.83h,sensor_drift,low,"(-237.5,-62.5)",0.0,0.0
E_sensor_drift_0046_0191,0.00h,23.83h,sensor_drift,low,"(37.5,-12.5)",0.0,0.0
E_sensor_drift_0047_0212,0.00h,23.83h,sensor_drift,low,"(62.5,12.5)",0.0,0.0
E_sensor_drift_0048_0287,0.00h,23.83h,sensor_drift,low,"(-62.5,112.5)",0.0,0.0
E_sensor_drift_0049_0130,0.00h,23.83h,sensor_drift,low,"(12.5,-87.5)",0.0,0.0
E_sensor_drift_0050_0213,0.00h,23.83h,sensor_drift,low,"(87.5,12.5)",0.0,0.0
E_sensor_drift_0051_0335,0.00h,23.83h,sensor_drift,low,"(137.5,162.5)",0.0,0.0
E_sensor_drift_0052_0375,0.00h,23.83h,sensor_drift,low,"(137.5,212.5)",0.0,0.0
E_sensor_drift_0053_0317,0.00h,23.83h,sensor_drift,low,"(187.5,137.5)",0.0,0.0
E_sensor_drift_0054_0107,0.00h,23.83h,sensor_drift,low,"(-62.5,-112.5)",0.0,0.0
E_sensor_drift_0055_0071,0.00h,23.83h,sensor_drift,low,"(37.5,-162.5)",0.0,0.0
E_sensor_drift_0056_0306,0.00h,23.83h,sensor_drift,low,"(-87.5,137.5)",0.0,0.0
E_sensor_drift_0057_0275,0.00h,23.83h,sensor_drift,low,"(137.5,87.5)",0.0,0.0
E_sensor_drift_0058_0204,0.00h,23.83h,sensor_drift,low,"(-137.5,12.5)",0.0,0.0
E_sensor_drift_0059_0374,0.00h,23.83h,sensor_drift,low,"(112.5,212.5)",0.0,0.0
E_sensor_drift_0060_0117,0.00h,23.83h,sensor_drift,low,"(187.5,-112.5)",0.0,0.0
E_sensor_drift_0061_0207,0.00h,23.83h,sensor_drift,low,"(-62.5,12.5)",0.0,0.0
E_sensor_drift_0062_0137,0.00h,23.83h,sensor_drift,low,"(187.5,-87.5)",0.0,0.0
E_sensor_drift_0063_0133,0.00h,23.83h,sensor_drift,low,"(87.5,-87.5)",0.0,0.0
E_sensor_drift_0064_0095,0.00h,23.83h,sensor_drift,low,"(137.5,-137.5)",0.0,0.0
E_sensor_drift_0065_0387,0.00h,23.83h,sensor_drift,low,"(-62.5,237.5)",0.0,0.0
E_sensor_drift_0066_0017,0.00h,23.83h,sensor_drift,low,"(187.5,-237.5)",0.0,0.0
E_sensor_drift_0067_0310,0.00h,23.83h,sensor_drift,low,"(12.5,137.5)",0.0,0.0
E_sensor_drift_0068_0240,0.00h,23.83h,sensor_drift,low,"(-237.5,62.5)",0.0,0.0
E_sensor_drift_0069_0363,0.00h,23.83h,sensor_drift,low,"(-162.5,212.5)",0.0,0.0
E_sensor_drift_0070_0210,0.00h,23.83h,sensor_drift,low,"(12.5,12.5)",0.0,0.0
E_sensor_drift_0071_0381,0.00h,23.83h,sensor_drift,low,"(-212.5,237.5)",0.0,0.0
E_sensor_drift_0072_0173,0.00h,23.83h,sensor_drift,low,"(87.5,-37.5)",0.0,0.0
E_sensor_drift_0073_0154,0.00h,23.83h,sensor_drift,low,"(112.5,-62.5)",0.0,0.0
E_sensor_drift_0074_0211,0.00h,23.83h,sensor_drift,low,"(37.5,12.5)",0.0,0.0
E_sensor_drift_0075_0376,0.00h,23.83h,sensor_drift,low,"(162.5,212.5)",0.0,0.0
E_sensor_drift_0076_0063,0.00h,23.83h,sensor_drift,low,"(-162.5,-162.5)",0.0,0.0
E_sensor_drift_0077_0302,0.00h,23.83h,sensor_drift,low,"(-187.5,137.5)",0.0,0.0
E_sensor_drift_0078_0382,0.00h,23.83h,sensor_drift,low,"(-187.5,237.5)",0.0,0.0
E_sensor_drift_0079_0349,0.00h,23.83h,sensor_drift,low,"(-12.5,187.5)",0.0,0.0
E_sensor_drift_0080_0201,0.00h,23.83h,sensor_drift,low,"(-212.5,12.5)",0.0,0.0
E_sensor_drift_0081_0347,0.00h,23.83h,sensor_drift,low,"(-62.5,187.5)",0.0,0.0
E_sensor_drift_0082_0331,0.00h,23.83h,sensor_drift,low,"(37.5,162.5)",0.0,0.0
E_sensor_drift_0083_0065,0.00h,23.83h,sensor_drift,low,"(-112.5,-162.5)",0.0,0.0
E_sensor_drift_0084_0117,0.00h,23.83h,sensor_drift,low,"(187.5,-112.5)",0.0,0.0
E_sensor_drift_0085_0162,0.00h,23.83h,sensor_drift,low,"(-187.5,-37.5)",0.0,0.0
E_sensor_drift_0086_0043,0.00h,23.83h,sensor_drift,low,"(-162.5,-187.5)",0.0,0.0
E_sensor_drift_0087_0028,0.00h,23.83h,sensor_drift,low,"(-37.5,-212.5)",0.0,0.0
E_sensor_drift_0088_0174,0.00h,23.83h,sensor_drift,low,"(112.5,-37.5)",0.0,0.0
E_sensor_drift_0089_0153,0.00h,23.83h,sensor_drift,low,"(87.5,-62.5)",0.0,0.0
E_sensor_drift_0090_0139,0.00h,23.83h,sensor_drift,low,"(237.5,-87.5)",0.0,0.0
E_sensor_drift_0091_0128,0.00h,23.83h,sensor_drift,low,"(-37.5,-87.5)",0.0,0.0
E_sensor_drift_0092_0303,0.00h,23.83h,sensor_drift,low,"(-162.5,137.5)",0.0,0.0
E_sensor_drift_0093_0245,0.00h,23.83h,sensor_drift,low,"(-112.5,62.5)",0.0,0.0
E_sensor_drift_0094_0327,0.00h,23.83h,sensor_drift,low,"(-62.5,162.5)",0.0,0.0
E_sensor_drift_0095_0104,0.00h,23.83h,sensor_drift,low,"(-137.5,-112.5)",0.0,0.0
E_sensor_drift_0096_0317,0.00h,23.83h,sensor_drift,low,"(187.5,137.5)",0.0,0.0
E_sensor_drift_0097_0072,0.00h,23.83h,sensor_drift,low,"(62.5,-162.5)",0.0,0.0
E_sensor_drift_0098_0240,0.00h,23.83h,sensor_drift,low,"(-237.5,62.5)",0.0,0.0
E_sensor_drift_0099_0071,0.00h,23.83h,sensor_drift,low,"(37.5,-162.5)",0.0,0.0
E_sensor_drift_0100_0184,0.00h,23.83h,sensor_drift,low,"(-137.5,-12.5)",0.0,0.0
E_sensor_drift_0101_0168,0.00h,23.83h,sensor_drift,low,"(-37.5,-37.5)",0.0,0.0
E_sensor_drift_0102_0292,0.00h,23.83h,sensor_drift,low,"(62.5,112.5)",0.0,0.0
E_sensor_drift_0103_0340,0.00h,23.83h,sensor_drift,low,"(-237.5,187.5)",0.0,0.0
E_sensor_drift_0104_0117,0.00h,23.83h,sensor_drift,low,"(187.5,-112.5)",0.0,0.0
E_sensor_drift_0105_0323,0.00h,23.83h,sensor_drift,low,"(-162.5,162.5)",0.0,0.0
E_sensor_drift_0106_0095,0.00h,23.83h,sensor_drift,low,"(137.5,-137.5)",0.0,0.0
E_sensor_drift_0107_0181,0.00h,23.83h,sensor_drift,low,"(-212.5,-12.5)",0.0,0.0
E_sensor_drift_0108_0308,0.00h,23.83h,sensor_drift,low,"(-37.5,137.5)",0.0,0.0
E_sensor_drift_0109_0227,0.00h,23.83h,sensor_drift,low,"(-62.5,37.5)",0.0,0.0
E_sensor_drift_0110_0338,0.00h,23.83h,sensor_drift,low,"(212.5,162.5)",0.0,0.0
E_sensor_drift_0111_0302,0.00h,23.83h,sensor_drift,low,"(-187.5,137.5)",0.0,0.0
E_sensor_drift_0112_0132,0.00h,23.83h,sensor_drift,low,"(62.5,-87.5)",0.0,0.0
E_sensor_drift_0113_0353,0.00h,23.83h,sensor_drift,low,"(87.5,187.5)",0.0,0.0
E_sensor_drift_0114_0023,0.00h,23.83h,sensor_drift,low,"(-162.5,-212.5)",0.0,0.0
E_sensor_drift_0115_0150,0.00h,23.83h,sensor_drift,low,"(12.5,-62.5)",0.0,0.0
E_sensor_drift_0116_0253,0.00h,23.83h,sensor_drift,low,"(87.5,62.5)",0.0,0.0
E_sensor_drift_0117_0371,0.00h,23.83h,sensor_drift,low,"(37.5,212.5)",0.0,0.0
E_sensor_drift_0118_0344,0.00h,23.83h,sensor_drift,low,"(-137.5,187.5)",0.0,0.0
E_sensor_drift_0119_0250,0.00h,23.83h,sensor_drift,low,"(12.5,62.5)",0.0,0.0
E_sensor_drift_0120_0267,0.00h,23.83h,sensor_drift,low,"(-62.5,87.5)",0.0,0.0
E_sensor_drift_0121_0280,0.00h,23.83h,sensor_drift,low,"(-237.5,112.5)",0.0,0.0
E_sensor_drift_0122_0344,0.00h,23.83h,sensor_drift,low,"(-137.5,187.5)",0.0,0.0
E_sensor_drift_0123_0375,0.00h,23.83h,sensor_drift,low,"(137.5,212.5)",0.0,0.0
E_sensor_drift_0124_0192,0.00h,23.83h,sensor_drift,low,"(62.5,-12.5)",0.0,0.0
E_sensor_drift_0125_0118,0.00h,23.83h,sensor_drift,low,"(212.5,-112.5)",0.0,0.0
E_sensor_drift_0126_0054,0.00h,23.83h,sensor_drift,low,"(112.5,-187.5)",0.0,0.0
E_sensor_drift_0127_0304,0.00h,23.83h,sensor_drift,low,"(-137.5,137.5)",0.0,0.0
E_sensor_drift_0128_0057,0.00h,23.83h,sensor_drift,low,"(187.5,-187.5)",0.0,0.0
E_sensor_drift_0129_0263,0.00h,23.83h,sensor_drift,low,"(-162.5,87.5)",0.0,0.0
E_sensor_drift_0130_0346,0.00h,23.83h,sensor_drift,low,"(-87.5,187.5)",0.0,0.0
E_sensor_drift_0131_0089,0.00h,23.83h,sensor_drift,low,"(-12.5,-137.5)",0.0,0.0
E_sensor_drift_0132_0112,0.00h,23.83h,sensor_drift,low,"(62.5,-112.5)",0.0,0.0
E_sensor_drift_0133_0065,0.00h,23.83h,sensor_drift,low,"(-112.5,-162.5)",0.0,0.0
E_sensor_drift_0134_0248,0.00h,23.83h,sensor_drift,low,"(-37.5,62.5)",0.0,0.0
E_sensor_drift_0135_0222,0.00h,23.83h,sensor_drift,low,"(-187.5,37.5)",0.0,0.0
E_sensor_drift_0136_0022,0.00h,23.83h,sensor_drift,low,"(-187.5,-212.5)",0.0,0.0
E_sensor_drift_0137_0189,0.00h,23.83h,sensor_drift,low,"(-12.5,-12.5)",0.0,0.0
E_sensor_drift_0138_0227,0.00h,23.83h,sensor_drift,low,"(-62.5,37.5)",0.0,0.0
E_sensor_drift_0139_0027,0.00h,23.83h,sensor_drift,low,"(-62.5,-212.5)",0.0,0.0
E_sensor_drift_0140_0102,0.00h,23.83h,sensor_drift,low,"(-187.5,-112.5)",0.0,0.0
E_sensor_drift_0141_0137,0.00h,23.83h,sensor_drift,low,"(187.5,-87.5)",0.0,0.0
E_sensor_drift_0142_0046,0.00h,23.83h,sensor_drift,low,"(-87.5,-187.5)",0.0,0.0
E_sensor_drift_0143_0085,0.00h,23.83h,sensor_drift,low,"(-112.5,-137.5)",0.0,0.0
E_sensor_drift_0144_0331,0.00h,23.83h,sensor_drift,low,"(37.5,162.5)",0.0,0.0
E_sensor_drift_0145_0045,0.00h,23.83h,sensor_drift,low,"(-112.5,-187.5)",0.0,0.0
E_sensor_drift_0146_0272,0.00h,23.83h,sensor_drift,low,"(62.5,87.5)",0.0,0.0
E_sensor_drift_0147_0081,0.00h,23.83h,sensor_drift,low,"(-212.5,-137.5)",0.0,0.0
E_sensor_drift_0148_0391,0.00h,23.83h,sensor_drift,low,"(37.5,237.5)",0.0,0.0
E_sensor_drift_0149_0002,0.00h,23.83h,sensor_drift,low,"(-187.5,-237.5)",0.0,0.0
E_sensor_drift_0150_0051,0.00h,23.83h,sensor_drift,low,"(37.5,-187.5)",0.0,0.0
E_sensor_drift_0151_0163,0.00h,23.83h,sensor_drift,low,"(-162.5,-37.5)",0.0,0.0
E_sensor_drift_0152_0101,0.00h,23.83h,sensor_drift,low,"(-212.5,-112.5)",0.0,0.0
E_sensor_drift_0153_0046,0.00h,23.83h,sensor_drift,low,"(-87.5,-187.5)",0.0,0.0
E_sensor_drift_0154_0101,0.00h,23.83h,sensor_drift,low,"(-212.5,-112.5)",0.0,0.0
E_sensor_drift_0155_0305,0.00h,23.83h,sensor_drift,low,"(-112.5,137.5)",0.0,0.0
E_sensor_drift_0156_0127,0.00h,23.83h,sensor_drift,low,"(-62.5,-87.5)",0.0,0.0
E_sensor_drift_0157_0142,0.00h,23.83h,sensor_drift,low,"(-187.5,-62.5)",0.0,0.0
E_sensor_drift_0158_0306,0.00h,23.83h,sensor_drift,low,"(-87.5,137.5)",0.0,0.0
E_sensor_drift_0159_0317,0.00h,23.83h,sensor_drift,low,"(187.5,137.5)",0.0,0.0
E_sensor_drift_0160_0184,0.00h,23.83h,sensor_drift,low,"(-137.5,-12.5)",0.0,0.0
E_sensor_drift_0161_0112,0.00h,23.83h,sensor_drift,low,"(62.5,-112.5)",0.0,0.0
E_sensor_drift_0162_0305,0.00h,23.83h,sensor_drift,low,"(-112.5,137.5)",0.0,0.0
E_sensor_drift_0163_0148,0.00h,23.83h,sensor_drift,low,"(-37.5,-62.5)",0.0,0.0
E_sensor_drift_0164_0225,0.00h,23.83h,sensor_drift,low,"(-112.5,37.5)",0.0,0.0
E_sensor_drift_0165_0215,0.00h,23.83h,sensor_drift,low,"(137.5,12.5)",0.0,0.0
E_sensor_drift_0166_0048,0.00h,23.83h,sensor_drift,low,"(-37.5,-187.5)",0.0,0.0
E_sensor_drift_0167_0001,0.00h,23.83h,sensor_drift,low,"(-212.5,-237.5)",0.0,0.0
E_sensor_drift_0168_0184,0.00h,23.83h,sensor_drift,low,"(-137.5,-12.5)",0.0,0.0
E_sensor_drift_0169_0083,0.00h,23.83h,sensor_drift,low,"(-162.5,-137.5)",0.0,0.0
E_sensor_drift_0170_0242,0.00h,23.83h,sensor_drift,low,"(-187.5,62.5)",0.0,0.0
E_sensor_drift_0171_0125,0.00h,23.83h,sensor_drift,low,"(-112.5,-87.5)",0.0,0.0
E_sensor_drift_0172_0222,0.00h,23.83h,sensor_drift,low,"(-187.5,37.5)",0.0,0.0
E_sensor_drift_0173_0129,0.00h,23.83h,sensor_drift,low,"(-12.5,-87.5)",0.0,0.0
E_sensor_drift_0174_0296,0.00h,23.83h,sensor_drift,low,"(162.5,112.5)",0.0,0.0
E_sensor_drift_0175_0059,0.00h,23.83h,sensor_drift,low,"(237.5,-187.5)",0.0,0.0
E_sensor_drift_0176_0206,0.00h,23.83h,sensor_drift,low,"(-87.5,12.5)",0.0,0.0
E_sensor_drift_0177_0064,0.00h,23.83h,sensor_drift,low,"(-137.5,-162.5)",0.0,0.0
E_sensor_drift_0178_0039,0.00h,23.83h,sensor_drift,low,"(237.5,-212.5)",0.0,0.0
E_sensor_drift_0179_0298,0.00h,23.83h,sensor_drift,low,"(212.5,112.5)",0.0,0.0
E_sensor_drift_0180_0223,0.00h,23.83h,sensor_drift,low,"(-162.5,37.5)",0.0,0.0
E_sensor_drift_0181_0056,0.00h,23.83h,sensor_drift,low,"(162.5,-187.5)",0.0,0.0
E_sensor_drift_0182_0035,0.00h,23.83h,sensor_drift,low,"(137.5,-212.5)",0.0,0.0
E_sensor_drift_0183_0140,0.00h,23.83h,sensor_drift,low,"(-237.5,-62.5)",0.0,0.0
E_sensor_drift_0184_0342,0.00h,23.83h,sensor_drift,low,"(-187.5,187.5)",0.0,0.0
E_sensor_drift_0185_0204,0.00h,23.83h,sensor_drift,low,"(-137.5,12.5)",0.0,0.0
E_sensor_drift_0186_0225,0.00h,23.83h,sensor_drift,low,"(-112.5,37.5)",0.0,0.0
E_sensor_drift_0187_0344,0.00h,23.83h,sensor_drift,low,"(-137.5,187.5)",0.0,0.0
E_sensor_drift_0188_0023,0.00h,23.83h,sensor_drift,low,"(-162.5,-212.5)",0.0,0.0
E_sensor_drift_0189_0149,0.00h,23.83h,sensor_drift,low,"(-12.5,-62.5)",0.0,0.0
E_sensor_drift_0190_0232,0.00h,23.83h,sensor_drift,low,"(62.5,37.5)",0.0,0.0
E_sensor_drift_0191_0072,0.00h,23.83h,sensor_drift,low,"(62.5,-162.5)",0.0,0.0
E_sensor_drift_0192_0340,0.00h,23.83h,sensor_drift,low,"(-237.5,187.5)",0.0,0.0
E_sensor_drift_0193_0162,0.00h,23.83h,sensor_drift,low,"(-187.5,-37.5)",0.0,0.0
E_sensor_drift_0194_0253,0.00h,23.83h,sensor_drift,low,"(87.5,62.5)",0.0,0.0
E_sensor_drift_0195_0085,0.00h,23.83h,sensor_drift,low,"(-112.5,-137.5)",0.0,0.0
E_sensor_drift_0196_0032,0.00h,23.83h,sensor_drift,low,"(62.5,-212.5)",0.0,0.0
E_sensor_drift_0197_0316,0.00h,23.83h,sensor_drift,low,"(162.5,137.5)",0.0,0.0
E_sensor_drift_0198_0270,0.00h,23.83h,sensor_drift,low,"(12.5,87.5)",0.0,0.0
E_sensor_drift_0199_0341,0.00h,23.83h,sensor_drift,low,"(-212.5,187.5)",0.0,0.0
E_sensor_drift_0200_0073,0.00h,23.83h,sensor_drift,low,"(87.5,-162.5)",0.0,0.0
E_sensor_drift_0201_0092,0.00h,23.83h,sensor_drift,low,"(62.5,-137.5)",0.0,0.0
E_sensor_drift_0202_0269,0.00h,23.83h,sensor_drift,low,"(-12.5,87.5)",0.0,0.0
E_sensor_drift_0203_0231,0.00h,23.83h,sensor_drift,low,"(37.5,37.5)",0.0,0.0
E_sensor_drift_0204_0340,0.00h,23.83h,sensor_drift,low,"(-237.5,187.5)",0.0,0.0
E_sensor_drift_0205_0026,0.00h,23.83h,sensor_drift,low,"(-87.5,-212.5)",0.0,0.0
E_sensor_drift_0206_0115,0.00h,23.83h,sensor_drift,low,"(137.5,-112.5)",0.0,0.0
E_sensor_drift_0207_0149,0.00h,23.83h,sensor_drift,low,"(-12.5,-62.5)",0.0,0.0
E_sensor_drift_0208_0301,0.00h,23.83h,sensor_drift,low,"(-212.5,137.5)",0.0,0.0
E_sensor_drift_0209_0300,0.00h,23.83h,sensor_drift,low,"(-237.5,137.5)",0.0,0.0
E_sensor_drift_0210_0224,0.00h,23.83h,sensor_drift,low,"(-137.5,37.5)",0.0,0.0
E_sensor_drift_0211_0397,0.00h,23.83h,sensor_drift,low,"(187.5,237.5)",0.0,0.0
E_sensor_drift_0212_0215,0.00h,23.83h,sensor_drift,low,"(137.5,12.5)",0.0,0.0
E_sensor_drift_0213_0245,0.00h,23.83h,sensor_drift,low,"(-112.5,62.5)",0.0,0.0
E_sensor_drift_0214_0239,0.00h,23.83h,sensor_drift,low,"(237.5,37.5)",0.0,0.0
E_sensor_drift_0215_0322,0.00h,23.83h,sensor_drift,low,"(-187.5,162.5)",0.0,0.0
E_sensor_drift_0216_0058,0.00h,23.83h,sensor_drift,low,"(212.5,-187.5)",0.0,0.0
E_sensor_drift_0217_0232,0.00h,23.83h,sensor_drift,low,"(62.5,37.5)",0.0,0.0
E_sensor_drift_0218_0044,0.00h,23.83h,sensor_drift,low,"(-137.5,-187.5)",0.0,0.0
E_sensor_drift_0219_0085,0.00h,23.83h,sensor_drift,low,"(-112.5,-137.5)",0.0,0.0
E_sensor_drift_0220_0202,0.00h,23.83h,sensor_drift,low,"(-187.5,12.5)",0.0,0.0
E_sensor_drift_0221_0058,0.00h,23.83h,sensor_drift,low,"(212.5,-187.5)",0.0,0.0
E_sensor_drift_0222_0340,0.00h,23.83h,sensor_drift,low,"(-237.5,187.5)",0.0,0.0
E_sensor_drift_0223_0392,0.00h,23.83h,sensor_drift,low,"(62.5,237.5)",0.0,0.0
E_sensor_drift_0224_0173,0.00h,23.83h,sensor_drift,low,"(87.5,-37.5)",0.0,0.0
E_sensor_drift_0225_0231,0.00h,23.83h,sensor_drift,low,"(37.5,37.5)",0.0,0.0
E_sensor_drift_0226_0050,0.00h,23.83h,sensor_drift,low,"(12.5,-187.5)",0.0,0.0
E_sensor_drift_0227_0387,0.00h,23.83h,sensor_drift,low,"(-62.5,237.5)",0.0,0.0
E_sensor_drift_0228_0173,0.00h,23.83h,sensor_drift,low,"(87.5,-37.5)",0.0,0.0
E_sensor_drift_0229_0003,0.00h,23.83h,sensor_drift,low,"(-162.5,-237.5)",0.0,0.0
E_sensor_drift_0230_0370,0.00h,23.83h,sensor_drift,low,"(12.5,212.5)",0.0,0.0
E_sensor_drift_0231_0120,0.00h,23.83h,sensor_drift,low,"(-237.5,-87.5)",0.0,0.0
E_sensor_drift_0232_0009,0.00h,23.83h,sensor_drift,low,"(-12.5,-237.5)",0.0,0.0
E_sensor_drift_0233_0137,0.00h,23.83h,sensor_drift,low,"(187.5,-87.5)",0.0,0.0
E_sensor_drift_0234_0391,0.00h,23.83h,sensor_drift,low,"(37.5,237.5)",0.0,0.0
E_sensor_drift_0235_0371,0.00h,23.83h,sensor_drift,low,"(37.5,212.5)",0.0,0.0
E_sensor_drift_0236_0140,0.00h,23.83h,sensor_drift,low,"(-237.5,-62.5)",0.0,0.0
E_sensor_drift_0237_0069,0.00h,23.83h,sensor_drift,low,"(-12.5,-162.5)",0.0,0.0
E_sensor_drift_0238_0364,0.00h,23.83h,sensor_drift,low,"(-137.5,212.5)",0.0,0.0
E_sensor_drift_0239_0328,0.00h,23.83h,sensor_drift,low,"(-37.5,162.5)",0.0,0.0
E_sensor_drift_0240_0158,0.00h,23.83h,sensor_drift,low,"(212.5,-62.5)",0.0,0.0
E_sensor_drift_0241_0065,0.00h,23.83h,sensor_drift,low,"(-112.5,-162.5)",0.0,0.0
E_sensor_drift_0242_0102,0.00h,23.83h,sensor_drift,low,"(-187.5,-112.5)",0.0,0.0
E_sensor_drift_0243_0312,0.00h,23.83h,sensor_drift,low,"(62.5,137.5)",0.0,0.0
E_sensor_drift_0244_0248,0.00h,23.83h,sensor_drift,low,"(-37.5,62.5)",0.0,0.0
E_sensor_drift_0245_0103,0.00h,23.83h,sensor_drift,low,"(-162.5,-112.5)",0.0,0.0
E_sensor_drift_0246_0266,0.00h,23.83h,sensor_drift,low,"(-87.5,87.5)",0.0,0.0
E_sensor_drift_0247_0055,0.00h,23.83h,sensor_drift,low,"(137.5,-187.5)",0.0,0.0
E_sensor_drift_0248_0058,0.00h,23.83h,sensor_drift,low,"(212.5,-187.5)",0.0,0.0
E_sensor_drift_0249_0352,0.00h,23.83h,sensor_drift,low,"(62.5,187.5)",0.0,0.0
E_sensor_drift_0250_0392,0.00h,23.83h,sensor_drift,low,"(62.5,237.5)",0.0,0.0
E_sensor_drift_0251_0069,0.00h,23.83h,sensor_drift,low,"(-12.5,-162.5)",0.0,0.0
E_sensor_drift_0252_0182,0.00h,23.83h,sensor_drift,low,"(-187.5,-12.5)",0.0,0.0
E_sensor_drift_0253_0281,0.00h,23.83h,sensor_drift,low,"(-212.5,112.5)",0.0,0.0
E_sensor_drift_0254_0292,0.00h,23.83h,sensor_drift,low,"(62.5,112.5)",0.0,0.0
E_sensor_drift_0255_0139,0.00h,23.83h,sensor_drift,low,"(237.5,-87.5)",0.0,0.0
E_sensor_drift_0256_0385,0.00h,23.83h,sensor_drift,low,"(-112.5,237.5)",0.0,0.0
E_sensor_drift_0257_0352,0.00h,23.83h,sensor_drift,low,"(62.5,187.5)",0.0,0.0
E_sensor_drift_0258_0307,0.00h,23.83h,sensor_drift,low,"(-62.5,137.5)",0.0,0.0
E_sensor_drift_0259_0015,0.00h,23.83h,sensor_drift,low,"(137.5,-237.5)",0.0,0.0
E_sensor_drift_0260_0190,0.00h,23.83h,sensor_drift,low,"(12.5,-12.5)",0.0,0.0
E_sensor_drift_0261_0162,0.00h,23.83h,sensor_drift,low,"(-187.5,-37.5)",0.0,0.0
E_sensor_drift_0262_0099,0.00h,23.83h,sensor_drift,low,"(237.5,-137.5)",0.0,0.0
E_sensor_drift_0263_0393,0.00h,23.83h,sensor_drift,low,"(87.5,237.5)",0.0,0.0
E_sensor_drift_0264_0353,0.00h,23.83h,sensor_drift,low,"(87.5,187.5)",0.0,0.0
E_sensor_drift_0265_0296,0.00h,23.83h,sensor_drift,low,"(162.5,112.5)",0.0,0.0
E_sensor_drift_0266_0302,0.00h,23.83h,sensor_drift,low,"(-187.5,137.5)",0.0,0.0
E_sensor_drift_0267_0031,0.00h,23.83h,sensor_drift,low,"(37.5,-212.5)",0.0,0.0
E_sensor_drift_0268_0159,0.00h,23.83h,sensor_drift,low,"(237.5,-62.5)",0.0,0.0
E_sensor_drift_0269_0360,0.00h,23.83h,sensor_drift,low,"(-237.5,212.5)",0.0,0.0
E_sensor_drift_0270_0223,0.00h,23.83h,sensor_drift,low,"(-162.5,37.5)",0.0,0.0
E_sensor_drift_0271_0144,0.00h,23.83h,sensor_drift,low,"(-137.5,-62.5)",0.0,0.0
E_sensor_drift_0272_0338,0.00h,23.83h,sensor_drift,low,"(212.5,162.5)",0.0,0.0
E_sensor_drift_0273_0348,0.00h,23.83h,sensor_drift,low,"(-37.5,187.5)",0.0,0.0
E_sensor_drift_0274_0131,0.00h,23.83h,sensor_drift,low,"(37.5,-87.5)",0.0,0.0
E_sensor_drift_0275_0348,0.00h,23.83h,sensor_drift,low,"(-37.5,187.5)",0.0,0.0
E_sensor_drift_0276_0192,0.00h,23.83h,sensor_drift,low,"(62.5,-12.5)",0.0,0.0
E_sensor_drift_0277_0156,0.00h,23.83h,sensor_drift,low,"(162.5,-62.5)",0.0,0.0
E_sensor_drift_0278_0243,0.00h,23.83h,sensor_drift,low,"(-162.5,62.5)",0.0,0.0
E_sensor_drift_0279_0318,0.00h,23.83h,sensor_drift,low,"(212.5,137.5)",0.0,0.0
E_sensor_drift_0280_0219,0.00h,23.83h,sensor_drift,low,"(237.5,12.5)",0.0,0.0
E_sensor_drift_0281_0072,0.00h,23.83h,sensor_drift,low,"(62.5,-162.5)",0.0,0.0
E_sensor_drift_0282_0080,0.00h,23.83h,sensor_drift,low,"(-237.5,-137.5)",0.0,0.0
E_sensor_drift_0283_0300,0.00h,23.83h,sensor_drift,low,"(-237.5,137.5)",0.0,0.0
E_sensor_drift_0284_0147,0.00h,23.83h,sensor_drift,low,"(-62.5,-62.5)",0.0,0.0
E_sensor_drift_0285_0365,0.00h,23.83h,sensor_drift,low,"(-112.5,212.5)",0.0,0.0
E_sensor_drift_0286_0294,0.00h,23.83h,sensor_drift,low,"(112.5,112.5)",0.0,0.0
E_sensor_drift_0287_0354,0.00h,23.83h,sensor_drift,low,"(112.5,187.5)",0.0,0.0
E_sensor_drift_0288_0337,0.00h,23.83h,sensor_drift,low,"(187.5,162.5)",0.0,0.0
E_sensor_drift_0289_0267,0.00h,23.83h,sensor_drift,low,"(-62.5,87.5)",0.0,0.0
E_sensor_drift_0290_0118,0.00h,23.83h,sensor_drift,low,"(212.5,-112.5)",0.0,0.0
E_sensor_drift_0291_0334,0.00h,23.83h,sensor_drift,low,"(112.5,162.5)",0.0,0.0
E_sensor_drift_0292_0183,0.00h,23.83h,sensor_drift,low,"(-162.5,-12.5)",0.0,0.0
E_sensor_drift_0293_0288,0.00h,23.83h,sensor_drift,low,"(-37.5,112.5)",0.0,0.0
E_sensor_drift_0294_0227,0.00h,23.83h,sensor_drift,low,"(-62.5,37.5)",0.0,0.0
E_sensor_drift_0295_0120,0.00h,23.83h,sensor_drift,low,"(-237.5,-87.5)",0.0,0.0
E_sensor_drift_0296_0051,0.00h,23.83h,sensor_drift,low,"(37.5,-187.5)",0.0,0.0
E_sensor_drift_0297_0045,0.00h,23.83h,sensor_drift,low,"(-112.5,-187.5)",0.0,0.0
E_sensor_drift_0298_0239,0.00h,23.83h,sensor_drift,low,"(237.5,37.5)",0.0,0.0
E_sensor_drift_0299_0368,0.00h,23.83h,sensor_drift,low,"(-37.5,212.5)",0.0,0.0
E_sensor_drift_0300_0269,0.00h,23.83h,sensor_drift,low,"(-12.5,87.5)",0.0,0.0
E_sensor_drift_0301_0027,0.00h,23.83h,sensor_drift,low,"(-62.5,-212.5)",0.0,0.0
E_sensor_drift_0302_0385,0.00h,23.83h,sensor_drift,low,"(-112.5,237.5)",0.0,0.0
E_sensor_drift_0303_0378,0.00h,23.83h,sensor_drift,low,"(212.5,212.5)",0.0,0.0
E_sensor_drift_0304_0256,0.00h,23.83h,sensor_drift,low,"(162.5,62.5)",0.0,0.0
E_sensor_drift_0305_0342,0.00h,23.83h,sensor_drift,low,"(-187.5,187.5)",0.0,0.0
E_sensor_drift_0306_0325,0.00h,23.83h,sensor_drift,low,"(-112.5,162.5)",0.0,0.0
E_sensor_drift_0307_0358,0.00h,23.83h,sensor_drift,low,"(212.5,187.5)",0.0,0.0
E_sensor_drift_0308_0215,0.00h,23.83h,sensor_drift,low,"(137.5,12.5)",0.0,0.0
E_sensor_drift_0309_0383,0.00h,23.83h,sensor_drift,low,"(-162.5,237.5)",0.0,0.0
E_sensor_drift_0310_0313,0.00h,23.83h,sensor_drift,low,"(87.5,137.5)",0.0,0.0
E_sensor_drift_0311_0382,0.00h,23.83h,sensor_drift,low,"(-187.5,237.5)",0.0,0.0
E_sensor_drift_0312_0204,0.00h,23.83h,sensor_drift,low,"(-137.5,12.5)",0.0,0.0
E_sensor_drift_0313_0284,0.00h,23.83h,sensor_drift,low,"(-137.5,112.5)",0.0,0.0
E_sensor_drift_0314_0211,0.00h,23.83h,sensor_drift,low,"(37.5,12.5)",0.0,0.0
E_sensor_drift_0315_0089,0.00h,23.83h,sensor_drift,low,"(-12.5,-137.5)",0.0,0.0
E_sensor_drift_0316_0305,0.00h,23.83h,sensor_drift,low,"(-112.5,137.5)",0.0,0.0
E_sensor_drift_0317_0047,0.00h,23.83h,sensor_drift,low,"(-62.5,-187.5)",0.0,0.0
E_sensor_drift_0318_0033,0.00h,23.83h,sensor_drift,low,"(87.5,-212.5)",0.0,0.0
E_sensor_drift_0319_0017,0.00h,23.83h,sensor_drift,low,"(187.5,-237.5)",0.0,0.0
E_sensor_drift_0320_0359,0.00h,23.83h,sensor_drift,low,"(237.5,187.5)",0.0,0.0
E_sensor_drift_0321_0138,0.00h,23.83h,sensor_drift,low,"(212.5,-87.5)",0.0,0.0
E_sensor_drift_0322_0395,0.00h,23.83h,sensor_drift,low,"(137.5,237.5)",0.0,0.0
E_sensor_drift_0323_0357,0.00h,23.83h,sensor_drift,low,"(187.5,187.5)",0.0,0.0
E_sensor_drift_0324_0308,0.00h,23.83h,sensor_drift,low,"(-37.5,137.5)",0.0,0.0
E_sensor_drift_0325_0105,0.00h,23.83h,sensor_drift,low,"(-112.5,-112.5)",0.0,0.0
E_sensor_drift_0326_0355,0.00h,23.83h,sensor_drift,low,"(137.5,187.5)",0.0,0.0
E_sensor_drift_0327_0153,0.00h,23.83h,sensor_drift,low,"(87.5,-62.5)",0.0,0.0
E_sensor_drift_0328_0233,0.00h,23.83h,sensor_drift,low,"(87.5,37.5)",0.0,0.0
E_sensor_drift_0329_0051,0.00h,23.83h,sensor_drift,low,"(37.5,-187.5)",0.0,0.0
E_sensor_drift_0330_0220,0.00h,23.83h,sensor_drift,low,"(-237.5,37.5)",0.0,0.0
E_sensor_drift_0331_0004,0.00h,23.83h,sensor_drift,low,"(-137.5,-237.5)",0.0,0.0
E_sensor_drift_0332_0190,0.00h,23.83h,sensor_drift,low,"(12.5,-12.5)",0.0,0.0
E_sensor_drift_0333_0203,0.00h,23.83h,sensor_drift,low,"(-162.5,12.5)",0.0,0.0
E_sensor_drift_0334_0216,0.00h,23.83h,sensor_drift,low,"(162.5,12.5)",0.0,0.0
E_sensor_drift_0335_0016,0.00h,23.83h,sensor_drift,low,"(162.5,-237.5)",0.0,0.0
E_sensor_drift_0336_0384,0.00h,23.83h,sensor_drift,low,"(-137.5,237.5)",0.0,0.0
E_sensor_drift_0337_0121,0.00h,23.83h,sensor_drift,low,"(-212.5,-87.5)",0.0,0.0
E_sensor_drift_0338_0359,0.00h,23.83h,sensor_drift,low,"(237.5,187.5)",0.0,0.0
E_sensor_drift_0339_0267,0.00h,23.83h,sensor_drift,low,"(-62.5,87.5)",0.0,0.0
E_sensor_drift_0340_0162,0.00h,23.83h,sensor_drift,low,"(-187.5,-37.5)",0.0,0.0
E_sensor_drift_0341_0072,0.00h,23.83h,sensor_drift,low,"(62.5,-162.5)",0.0,0.0
E_sensor_drift_0342_0373,0.00h,23.83h,sensor_drift,low,"(87.5,212.5)",0.0,0.0
E_sensor_drift_0343_0338,0.00h,23.83h,sensor_drift,low,"(212.5,162.5)",0.0,0.0
E_sensor_drift_0344_0235,0.00h,23.83h,sensor_drift,low,"(137.5,37.5)",0.0,0.0
E_sensor_drift_0345_0105,0.00h,23.83h,sensor_drift,low,"(-112.5,-112.5)",0.0,0.0
E_sensor_drift_0346_0032,0.00h,23.83h,sensor_drift,low,"(62.5,-212.5)",0.0,0.0
E_sensor_drift_0347_0237,0.00h,23.83h,sensor_drift,low,"(187.5,37.5)",0.0,0.0
E_sensor_drift_0348_0304,0.00h,23.83h,sensor_drift,low,"(-137.5,137.5)",0.0,0.0
E_sensor_drift_0349_0254,0.00h,23.83h,sensor_drift,low,"(112.5,62.5)",0.0,0.0
E_sensor_drift_0350_0118,0.00h,23.83h,sensor_drift,low,"(212.5,-112.5)",0.0,0.0
E_sensor_drift_0351_0101,0.00h,23.83h,sensor_drift,low,"(-212.5,-112.5)",0.0,0.0
E_sensor_drift_0352_0224,0.00h,23.83h,sensor_drift,low,"(-137.5,37.5)",0.0,0.0
E_sensor_drift_0353_0150,0.00h,23.83h,sensor_drift,low,"(12.5,-62.5)",0.0,0.0
E_sensor_drift_0354_0332,0.00h,23.83h,sensor_drift,low,"(62.5,162.5)",0.0,0.0
E_sensor_drift_0355_0112,0.00h,23.83h,sensor_drift,low,"(62.5,-112.5)",0.0,0.0
E_sensor_drift_0356_0287,0.00h,23.83h,sensor_drift,low,"(-62.5,112.5)",0.0,0.0
E_sensor_drift_0357_0132,0.00h,23.83h,sensor_drift,low,"(62.5,-87.5)",0.0,0.0
E_sensor_drift_0358_0379,0.00h,23.83h,sensor_drift,low,"(237.5,212.5)",0.0,0.0
E_sensor_drift_0359_0191,0.00h,23.83h,sensor_drift,low,"(37.5,-12.5)",0.0,0.0
E_sensor_drift_0360_0002,0.00h,23.83h,sensor_drift,low,"(-187.5,-237.5)",0.0,0.0
E_sensor_drift_0361_0267,0.00h,23.83h,sensor_drift,low,"(-62.5,87.5)",0.0,0.0
E_sensor_drift_0362_0038,0.00h,23.83h,sensor_drift,low,"(212.5,-212.5)",0.0,0.0
E_sensor_drift_0363_0134,0.00h,23.83h,sensor_drift,low,"(112.5,-87.5)",0.0,0.0
E_sensor_drift_0364_0021,0.00h,23.83h,sensor_drift,low,"(-212.5,-212.5)",0.0,0.0
E_sensor_drift_0365_0236,0.00h,23.83h,sensor_drift,low,"(162.5,37.5)",0.0,0.0
E_sensor_drift_0366_0251,0.00h,23.83h,sensor_drift,low,"(37.5,62.5)",0.0,0.0
E_sensor_drift_0367_0246,0.00h,23.83h,sensor_drift,low,"(-87.5,62.5)",0.0,0.0
E_sensor_drift_0368_0372,0.00h,23.83h,sensor_drift,low,"(62.5,212.5)",0.0,0.0
E_sensor_drift_0369_0076,0.00h,23.83h,sensor_drift,low,"(162.5,-162.5)",0.0,0.0
E_sensor_drift_0370_0307,0.00h,23.83h,sensor_drift,low,"(-62.5,137.5)",0.0,0.0
E_sensor_drift_0371_0355,0.00h,23.83h,sensor_drift,low,"(137.5,187.5)",0.0,0.0
E_sensor_drift_0372_0176,0.00h,23.83h,sensor_drift,low,"(162.5,-37.5)",0.0,0.0
E_sensor_drift_0373_0321,0.00h,23.83h,sensor_drift,low,"(-212.5,162.5)",0.0,0.0
E_sensor_drift_0374_0120,0.00h,23.83h,sensor_drift,low,"(-237.5,-87.5)",0.0,0.0
E_sensor_drift_0375_0166,0.00h,23.83h,sensor_drift,low,"(-87.5,-37.5)",0.0,0.0
E_sensor_drift_0376_0097,0.00h,23.83h,sensor_drift,low,"(187.5,-137.5)",0.0,0.0
E_sensor_drift_0377_0351,0.00h,23.83h,sensor_drift,low,"(37.5,187.5)",0.0,0.0
E_sensor_drift_0378_0223,0.00h,23.83h,sensor_drift,low,"(-162.5,37.5)",0.0,0.0
E_sensor_drift_0379_0297,0.00h,23.83h,sensor_drift,low,"(187.5,112.5)",0.0,0.0
E_sensor_drift_0380_0321,0.00h,23.83h,sensor_drift,low,"(-212.5,162.5)",0.0,0.0
E_sensor_drift_0381_0238,0.00h,23.83h,sensor_drift,low,"(212.5,37.5)",0.0,0.0
E_sensor_drift_0382_0011,0.00h,23.83h,sensor_drift,low,"(37.5,-237.5)",0.0,0.0
E_sensor_drift_0383_0275,0.00h,23.83h,sensor_drift,low,"(137.5,87.5)",0.0,0.0
E_sensor_drift_0384_0212,0.00h,23.83h,sensor_drift,low,"(62.5,12.5)",0.0,0.0
E_sensor_drift_0385_0132,0.00h,23.83h,sensor_drift,low,"(62.5,-87.5)",0.0,0.0
E_sensor_drift_0386_0172,0.00h,23.83h,sensor_drift,low,"(62.5,-37.5)",0.0,0.0
E_sensor_drift_0387_0259,0.00h,23.83h,sensor_drift,low,"(237.5,62.5)",0.0,0.0
E_sensor_drift_0388_0019,0.00h,23.83h,sensor_drift,low,"(237.5,-237.5)",0.0,0.0
E_sensor_drift_0389_0298,0.00h,23.83h,sensor_drift,low,"(212.5,112.5)",0.0,0.0
E_sensor_drift_0390_0114,0.00h,23.83h,sensor_drift,low,"(112.5,-112.5)",0.0,0.0
E_sensor_drift_0391_0396,0.00h,23.83h,sensor_drift,low,"(162.5,237.5)",0.0,0.0
E_sensor_drift_0392_0291,0.00h,23.83h,sensor_drift,low,"(37.5,112.5)",0.0,0.0
E_sensor_drift_0393_0055,0.00h,23.83h,sensor_drift,low,"(137.5,-187.5)",0.0,0.0
E_sensor_drift_0394_0156,0.00h,23.83h,sensor_drift,low,"(162.5,-62.5)",0.0,0.0
E_sensor_drift_0395_0368,0.00h,23.83h,sensor_drift,low,"(-37.5,212.5)",0.0,0.0
E_sensor_drift_0396_0263,0.00h,23.83h,sensor_drift,low,"(-162.5,87.5)",0.0,0.0
E_sensor_drift_0397_0295,0.00h,23.83h,sensor_drift,low,"(137.5,112.5)",0.0,0.0
E_sensor_drift_0398_0336,0.00h,23.83h,sensor_drift,low,"(162.5,162.5)",0.0,0.0
E_sensor_drift_0399_0183,0.00h,23.83h,sensor_drift,low,"(-162.5,-12.5)",0.0,0.0
E_sensor_drift_0400_0253,0.00h,23.83h,sensor_drift,low,"(87.5,62.5)",0.0,0.0
E_sensor_drift_0401_0311,0.00h,23.83h,sensor_drift,low,"(37.5,137.5)",0.0,0.0
E_sensor_drift_0402_0240,0.00h,23.83h,sensor_drift,low,"(-237.5,62.5)",0.0,0.0
E_sensor_drift_0403_0099,0.00h,23.83h,sensor_drift,low,"(237.5,-137.5)",0.0,0.0
E_sensor_drift_0404_0038,0.00h,23.83h,sensor_drift,low,"(212.5,-212.5)",0.0,0.0
E_sensor_drift_0405_0289,0.00h,23.83h,sensor_drift,low,"(-12.5,112.5)",0.0,0.0
E_sensor_drift_0406_0394,0.00h,23.83h,sensor_drift,low,"(112.5,237.5)",0.0,0.0
E_sensor_drift_0407_0307,0.00h,23.83h,sensor_drift,low,"(-62.5,137.5)",0.0,0.0
E_sensor_drift_0408_0178,0.00h,23.83h,sensor_drift,low,"(212.5,-37.5)",0.0,0.0
E_sensor_drift_0409_0364,0.00h,23.83h,sensor_drift,low,"(-137.5,212.5)",0.0,0.0
E_sensor_drift_0410_0074,0.00h,23.83h,sensor_drift,low,"(112.5,-162.5)",0.0,0.0
E_sensor_drift_0411_0353,0.00h,23.83h,sensor_drift,low,"(87.5,187.5)",0.0,0.0
E_sensor_drift_0412_0214,0.00h,23.83h,sensor_drift,low,"(112.5,12.5)",0.0,0.0
E_sensor_drift_0413_0044,0.00h,23.83h,sensor_drift,low,"(-137.5,-187.5)",0.0,0.0
E_sensor_drift_0414_0347,0.00h,23.83h,sensor_drift,low,"(-62.5,187.5)",0.0,0.0
E_sensor_drift_0415_0198,0.00h,23.83h,sensor_drift,low,"(212.5,-12.5)",0.0,0.0
E_sensor_drift_0416_0384,0.00h,23.83h,sensor_drift,low,"(-137.5,237.5)",0.0,0.0
E_sensor_drift_0417_0286,0.00h,23.83h,sensor_drift,low,"(-87.5,112.5)",0.0,0.0
E_sensor_drift_0418_0196,0.00h,23.83h,sensor_drift,low,"(162.5,-12.5)",0.0,0.0
E_sensor_drift_0419_0161,0.00h,23.83h,sensor_drift,low,"(-212.5,-37.5)",0.0,0.0
E_sensor_drift_0420_0247,0.00h,23.83h,sensor_drift,low,"(-62.5,62.5)",0.0,0.0
E_sensor_drift_0421_0166,0.00h,23.83h,sensor_drift,low,"(-87.5,-37.5)",0.0,0.0
E_sensor_drift_0422_0198,0.00h,23.83h,sensor_drift,low,"(212.5,-12.5)",0.0,0.0
E_sensor_drift_0423_0049,0.00h,23.83h,sensor_drift,low,"(-12.5,-187.5)",0.0,0.0
E_sensor_drift_0424_0221,0.00h,23.83h,sensor_drift,low,"(-212.5,37.5)",0.0,0.0
E_sensor_drift_0425_0009,0.00h,23.83h,sensor_drift,low,"(-12.5,-237.5)",0.0,0.0
E_sensor_drift_0426_0137,0.00h,23.83h,sensor_drift,low,"(187.5,-87.5)",0.0,0.0
E_sensor_drift_0427_0093,0.00h,23.83h,sensor_drift,low,"(87.5,-137.5)",0.0,0.0
E_sensor_drift_0428_0120,0.00h,23.83h,sensor_drift,low,"(-237.5,-87.5)",0.0,0.0
E_sensor_drift_0429_0356,0.00h,23.83h,sensor_drift,low,"(162.5,187.5)",0.0,0.0
E_sensor_drift_0430_0252,0.00h,23.83h,sensor_drift,low,"(62.5,62.5)",0.0,0.0
E_sensor_drift_0431_0012,0.00h,23.83h,sensor_drift,low,"(62.5,-237.5)",0.0,0.0
E_sensor_drift_0432_0133,0.00h,23.83h,sensor_drift,low,"(87.5,-87.5)",0.0,0.0
E_sensor_drift_0433_0176,0.00h,23.83h,sensor_drift,low,"(162.5,-37.5)",0.0,0.0
E_sensor_drift_0434_0327,0.00h,23.83h,sensor_drift,low,"(-62.5,162.5)",0.0,0.0
E_sensor_drift_0435_0126,0.00h,23.83h,sensor_drift,low,"(-87.5,-87.5)",0.0,0.0
E_sensor_drift_0436_0111,0.00h,23.83h,sensor_drift,low,"(37.5,-112.5)",0.0,0.0
E_sensor_drift_0437_0320,0.00h,23.83h,sensor_drift,low,"(-237.5,162.5)",0.0,0.0
E_sensor_drift_0438_0218,0.00h,23.83h,sensor_drift,low,"(212.5,12.5)",0.0,0.0
E_sensor_drift_0439_0340,0.00h,23.83h,sensor_drift,low,"(-237.5,187.5)",0.0,0.0
E_sensor_drift_0440_0006,0.00h,23.83h,sensor_drift,low,"(-87.5,-237.5)",0.0,0.0
E_sensor_drift_0441_0027,0.00h,23.83h,sensor_drift,low,"(-62.5,-212.5)",0.0,0.0
E_sensor_drift_0442_0115,0.00h,23.83h,sensor_drift,low,"(137.5,-112.5)",0.0,0.0
E_sensor_drift_0443_0122,0.00h,23.83h,sensor_drift,low,"(-187.5,-87.5)",0.0,0.0
E_sensor_drift_0444_0018,0.00h,23.83h,sensor_drift,low,"(212.5,-237.5)",0.0,0.0
E_sensor_drift_0445_0264,0.00h,23.83h,sensor_drift,low,"(-137.5,87.5)",0.0,0.0
E_sensor_drift_0446_0261,0.00h,23.83h,sensor_drift,low,"(-212.5,87.5)",0.0,0.0
E_sensor_drift_0447_0145,0.00h,23.83h,sensor_drift,low,"(-112.5,-62.5)",0.0,0.0
E_sensor_drift_0448_0247,0.00h,23.83h,sensor_drift,low,"(-62.5,62.5)",0.0,0.0
E_sensor_drift_0449_0323,0.00h,23.83h,sensor_drift,low,"(-162.5,162.5)",0.0,0.0
E_sensor_drift_0450_0206,0.00h,23.83h,sensor_drift,low,"(-87.5,12.5)",0.0,0.0
E_sensor_drift_0451_0269,0.00h,23.83h,sensor_drift,low,"(-12.5,87.5)",0.0,0.0
E_sensor_drift_0452_0139,0.00h,23.83h,sensor_drift,low,"(237.5,-87.5)",0.0,0.0
E_sensor_drift_0453_0039,0.00h,23.83h,sensor_drift,low,"(237.5,-212.5)",0.0,0.0
E_sensor_drift_0454_0057,0.00h,23.83h,sensor_drift,low,"(187.5,-187.5)",0.0,0.0
E_sensor_drift_0455_0165,0.00h,23.83h,sensor_drift,low,"(-112.5,-37.5)",0.0,0.0
E_sensor_drift_0456_0269,0.00h,23.83h,sensor_drift,low,"(-12.5,87.5)",0.0,0.0
E_sensor_drift_0457_0191,0.00h,23.83h,sensor_drift,low,"(37.5,-12.5)",0.0,0.0
E_sensor_drift_0458_0220,0.00h,23.83h,sensor_drift,low,"(-237.5,37.5)",0.0,0.0
E_sensor_drift_0459_0195,0.00h,23.83h,sensor_drift,low,"(137.5,-12.5)",0.0,0.0
E_sensor_drift_0460_0209,0.00h,23.83h,sensor_drift,low,"(-12.5,12.5)",0.0,0.0
E_sensor_drift_0461_0105,0.00h,23.83h,sensor_drift,low,"(-112.5,-112.5)",0.0,0.0
E_sensor_drift_0462_0223,0.00h,23.83h,sensor_drift,low,"(-162.5,37.5)",0.0,0.0
E_sensor_drift_0463_0396,0.00h,23.83h,sensor_drift,low,"(162.5,237.5)",0.0,0.0
E_sensor_drift_0464_0166,0.00h,23.83h,sensor_drift,low,"(-87.5,-37.5)",0.0,0.0
E_sensor_drift_0465_0278,0.00h,23.83h,sensor_drift,low,"(212.5,87.5)",0.0,0.0
E_sensor_drift_0466_0265,0.00h,23.83h,sensor_drift,low,"(-112.5,87.5)",0.0,0.0
E_sensor_drift_0467_0124,0.00h,23.83h,sensor_drift,low,"(-137.5,-87.5)",0.0,0.0
E_sensor_drift_0468_0281,0.00h,23.83h,sensor_drift,low,"(-212.5,112.5)",0.0,0.0
E_sensor_drift_0469_0366,0.00h,23.83h,sensor_drift,low,"(-87.5,212.5)",0.0,0.0
E_sensor_drift_0470_0344,0.00h,23.83h,sensor_drift,low,"(-137.5,187.5)",0.0,0.0
E_sensor_drift_0471_0122,0.00h,23.83h,sensor_drift,low,"(-187.5,-87.5)",0.0,0.0
E_sensor_drift_0472_0331,0.00h,23.83h,sensor_drift,low,"(37.5,162.5)",0.0,0.0
E_sensor_drift_0473_0307,0.00h,23.83h,sensor_drift,low,"(-62.5,137.5)",0.0,0.0
E_sensor_drift_0474_0322,0.00h,23.83h,sensor_drift,low,"(-187.5,162.5)",0.0,0.0
E_sensor_drift_0475_0108,0.00h,23.83h,sensor_drift,low,"(-37.5,-112.5)",0.0,0.0
E_sensor_drift_0476_0265,0.00h,23.83h,sensor_drift,low,"(-112.5,87.5)",0.0,0.0
E_sensor_drift_0477_0387,0.00h,23.83h,sensor_drift,low,"(-62.5,237.5)",0.0,0.0
E_sensor_drift_0478_0378,0.00h,23.83h,sensor_drift,low,"(212.5,212.5)",0.0,0.0
E_sensor_drift_0479_0338,0.00h,23.83h,sensor_drift,low,"(212.5,162.5)",0.0,0.0
E_sensor_drift_0480_0185,0.00h,23.83h,sensor_drift,low,"(-112.5,-12.5)",0.0,0.0
E_sensor_drift_0481_0328,0.00h,23.83h,sensor_drift,low,"(-37.5,162.5)",0.0,0.0
E_sensor_drift_0482_0046,0.00h,23.83h,sensor_drift,low,"(-87.5,-187.5)",0.0,0.0
E_sensor_drift_0483_0177,0.00h,23.83h,sensor_drift,low,"(187.5,-37.5)",0.0,0.0
E_sensor_drift_0484_0128,0.00h,23.83h,sensor_drift,low,"(-37.5,-87.5)",0.0,0.0
E_sensor_drift_0485_0276,0.00h,23.83h,sensor_drift,low,"(162.5,87.5)",0.0,0.0
E_sensor_drift_0486_0255,0.00h,23.83h,sensor_drift,low,"(137.5,62.5)",0.0,0.0
E_sensor_drift_0487_0156,0.00h,23.83h,sensor_drift,low,"(162.5,-62.5)",0.0,0.0
E_sensor_drift_0488_0283,0.00h,23.83h,sensor_drift,low,"(-162.5,112.5)",0.0,0.0
E_sensor_drift_0489_0297,0.00h,23.83h,sensor_drift,low,"(187.5,112.5)",0.0,0.0
E_sensor_drift_0490_0243,0.00h,23.83h,sensor_drift,low,"(-162.5,62.5)",0.0,0.0
E_sensor_drift_0491_0361,0.00h,23.83h,sensor_drift,low,"(-212.5,212.5)",0.0,0.0
E_sensor_drift_0492_0065,0.00h,23.83h,sensor_drift,low,"(-112.5,-162.5)",0.0,0.0
E_sensor_drift_0493_0134,0.00h,23.83h,sensor_drift,low,"(112.5,-87.5)",0.0,0.0
E_sensor_drift_0494_0305,0.00h,23.83h,sensor_drift,low,"(-112.5,137.5)",0.0,0.0
E_sensor_drift_0495_0131,0.00h,23.83h,sensor_drift,low,"(37.5,-87.5)",0.0,0.0
E_sensor_drift_0496_0124,0.00h,23.83h,sensor_drift,low,"(-137.5,-87.5)",0.0,0.0
E_sensor_drift_0497_0203,0.00h,23.83h,sensor_drift,low,"(-162.5,12.5)",0.0,0.0
E_sensor_drift_0498_0058,0.00h,23.83h,sensor_drift,low,"(212.5,-187.5)",0.0,0.0
E_sensor_drift_0499_0106,0.00h,23.83h,sensor_drift,low,"(-87.5,-112.5)",0.0,0.0
E_sensor_drift_0500_0262,0.00h,23.83h,sensor_drift,low,"(-187.5,87.5)",0.0,0.0
E_sensor_drift_0501_0153,0.00h,23.83h,sensor_drift,low,"(87.5,-62.5)",0.0,0.0
E_sensor_drift_0502_0304,0.00h,23.83h,sensor_drift,low,"(-137.5,137.5)",0.0,0.0
E_sensor_drift_0503_0232,0.00h,23.83h,sensor_drift,low,"(62.5,37.5)",0.0,0.0
E_sensor_drift_0504_0083,0.00h,23.83h,sensor_drift,low,"(-162.5,-137.5)",0.0,0.0
E_sensor_drift_0505_0389,0.00h,23.83h,sensor_drift,low,"(-12.5,237.5)",0.0,0.0
E_sensor_drift_0506_0092,0.00h,23.83h,sensor_drift,low,"(62.5,-137.5)",0.0,0.0
E_sensor_drift_0507_0184,0.00h,23.83h,sensor_drift,low,"(-137.5,-12.5)",0.0,0.0
E_sensor_drift_0508_0212,0.00h,23.83h,sensor_drift,low,"(62.5,12.5)",0.0,0.0
E_sensor_drift_0509_0322,0.00h,23.83h,sensor_drift,low,"(-187.5,162.5)",0.0,0.0
E_sensor_drift_0510_0089,0.00h,23.83h,sensor_drift,low,"(-12.5,-137.5)",0.0,0.0
E_sensor_drift_0511_0161,0.00h,23.83h,sensor_drift,low,"(-212.5,-37.5)",0.0,0.0
E_sensor_drift_0512_0299,0.00h,23.83h,sensor_drift,low,"(237.5,112.5)",0.0,0.0
E_sensor_drift_0513_0017,0.00h,23.83h,sensor_drift,low,"(187.5,-237.5)",0.0,0.0
E_sensor_drift_0514_0296,0.00h,23.83h,sensor_drift,low,"(162.5,112.5)",0.0,0.0
E_sensor_drift_0515_0395,0.00h,23.83h,sensor_drift,low,"(137.5,237.5)",0.0,0.0
E_sensor_drift_0516_0173,0.00h,23.83h,sensor_drift,low,"(87.5,-37.5)",0.0,0.0
E_sensor_drift_0517_0196,0.00h,23.83h,sensor_drift,low,"(162.5,-12.5)",0.0,0.0
E_sensor_drift_0518_0160,0.00h,23.83h,sensor_drift,low,"(-237.5,-37.5)",0.0,0.0
E_sensor_drift_0519_0225,0.00h,23.83h,sensor_drift,low,"(-112.5,37.5)",0.0,0.0
E_sensor_drift_0520_0295,0.00h,23.83h,sensor_drift,low,"(137.5,112.5)",0.0,0.0
E_sensor_drift_0521_0159,0.00h,23.83h,sensor_drift,low,"(237.5,-62.5)",0.0,0.0
E_sensor_drift_0522_0038,0.00h,23.83h,sensor_drift,low,"(212.5,-212.5)",0.0,0.0
E_sensor_drift_0523_0099,0.00h,23.83h,sensor_drift,low,"(237.5,-137.5)",0.0,0.0
E_sensor_drift_0524_0399,0.00h,23.83h,sensor_drift,low,"(237.5,237.5)",0.0,0.0
E_sensor_drift_0525_0375,0.00h,23.83h,sensor_drift,low,"(137.5,212.5)",0.0,0.0
E_sensor_drift_0526_0253,0.00h,23.83h,sensor_drift,low,"(87.5,62.5)",0.0,0.0
E_sensor_drift_0527_0137,0.00h,23.83h,sensor_drift,low,"(187.5,-87.5)",0.0,0.0
E_sensor_drift_0528_0112,0.00h,23.83h,sensor_drift,low,"(62.5,-112.5)",0.0,0.0
E_sensor_drift_0529_0035,0.00h,23.83h,sensor_drift,low,"(137.5,-212.5)",0.0,0.0
E_sensor_drift_0530_0327,0.00h,23.83h,sensor_drift,low,"(-62.5,162.5)",0.0,0.0
E_sensor_drift_0531_0379,0.00h,23.83h,sensor_drift,low,"(237.5,212.5)",0.0,0.0
E_sensor_drift_0532_0156,0.00h,23.83h,sensor_drift,low,"(162.5,-62.5)",0.0,0.0
E_sensor_drift_0533_0077,0.00h,23.83h,sensor_drift,low,"(187.5,-162.5)",0.0,0.0
E_sensor_drift_0534_0284,0.00h,23.83h,sensor_drift,low,"(-137.5,112.5)",0.0,0.0
E_sensor_drift_0535_0104,0.00h,23.83h,sensor_drift,low,"(-137.5,-112.5)",0.0,0.0
E_sensor_drift_0536_0014,0.00h,23.83h,sensor_drift,low,"(112.5,-237.5)",0.0,0.0
E_sensor_drift_0537_0293,0.00h,23.83h,sensor_drift,low,"(87.5,112.5)",0.0,0.0
E_sensor_drift_0538_0348,0.00h,23.83h,sensor_drift,low,"(-37.5,187.5)",0.0,0.0
E_sensor_drift_0539_0214,0.00h,23.83h,sensor_drift,low,"(112.5,12.5)",0.0,0.0
E_sensor_drift_0540_0354,0.00h,23.83h,sensor_drift,low,"(112.5,187.5)",0.0,0.0
E_sensor_drift_0541_0029,0.00h,23.83h,sensor_drift,low,"(-12.5,-212.5)",0.0,0.0
E_sensor_drift_0542_0304,0.00h,23.83h,sensor_drift,low,"(-137.5,137.5)",0.0,0.0
E_sensor_drift_0543_0069,0.00h,23.83h,sensor_drift,low,"(-12.5,-162.5)",0.0,0.0
E_sensor_drift_0544_0385,0.00h,23.83h,sensor_drift,low,"(-112.5,237.5)",0.0,0.0
E_sensor_drift_0545_0391,0.00h,23.83h,sensor_drift,low,"(37.5,237.5)",0.0,0.0
E_sensor_drift_0546_0358,0.00h,23.83h,sensor_drift,low,"(212.5,187.5)",0.0,0.0
E_sensor_drift_0547_0379,0.00h,23.83h,sensor_drift,low,"(237.5,212.5)",0.0,0.0
E_sensor_drift_0548_0334,0.00h,23.83h,sensor_drift,low,"(112.5,162.5)",0.0,0.0
E_sensor_drift_0549_0382,0.00h,23.83h,sensor_drift,low,"(-187.5,237.5)",0.0,0.0
E_sensor_drift_0550_0041,0.00h,23.83h,sensor_drift,low,"(-212.5,-187.5)",0.0,0.0
E_sensor_drift_0551_0225,0.00h,23.83h,sensor_drift,low,"(-112.5,37.5)",0.0,0.0
E_sensor_drift_0552_0080,0.00h,23.83h,sensor_drift,low,"(-237.5,-137.5)",0.0,0.0
E_sensor_drift_0553_0284,0.00h,23.83h,sensor_drift,low,"(-137.5,112.5)",0.0,0.0
E_sensor_drift_0554_0105,0.00h,23.83h,sensor_drift,low,"(-112.5,-112.5)",0.0,0.0
E_sensor_drift_0555_0002,0.00h,23.83h,sensor_drift,low,"(-187.5,-237.5)",0.0,0.0
E_sensor_drift_0556_0093,0.00h,23.83h,sensor_drift,low,"(87.5,-137.5)",0.0,0.0
E_sensor_drift_0557_0250,0.00h,23.83h,sensor_drift,low,"(12.5,62.5)",0.0,0.0
E_sensor_drift_0558_0223,0.00h,23.83h,sensor_drift,low,"(-162.5,37.5)",0.0,0.0
E_sensor_drift_0559_0160,0.00h,23.83h,sensor_drift,low,"(-237.5,-37.5)",0.0,0.0
E_sensor_drift_0560_0272,0.00h,23.83h,sensor_drift,low,"(62.5,87.5)",0.0,0.0
E_sensor_drift_0561_0364,0.00h,23.83h,sensor_drift,low,"(-137.5,212.5)",0.0,0.0
E_sensor_drift_0562_0335,0.00h,23.83h,sensor_drift,low,"(137.5,162.5)",0.0,0.0
E_sensor_drift_0563_0162,0.00h,23.83h,sensor_drift,low,"(-187.5,-37.5)",0.0,0.0
E_sensor_drift_0564_0332,0.00h,23.83h,sensor_drift,low,"(62.5,162.5)",0.0,0.0
E_sensor_drift_0565_0257,0.00h,23.83h,sensor_drift,low,"(187.5,62.5)",0.0,0.0
E_sensor_drift_0566_0183,0.00h,23.83h,sensor_drift,low,"(-162.5,-12.5)",0.0,0.0
E_sensor_drift_0567_0103,0.00h,23.83h,sensor_drift,low,"(-162.5,-112.5)",0.0,0.0
E_sensor_drift_0568_0134,0.00h,23.83h,sensor_drift,low,"(112.5,-87.5)",0.0,0.0
E_sensor_drift_0569_0283,0.00h,23.83h,sensor_drift,low,"(-162.5,112.5)",0.0,0.0
E_sensor_drift_0570_0048,0.00h,23.83h,sensor_drift,low,"(-37.5,-187.5)",0.0,0.0
E_sensor_drift_0571_0111,0.00h,23.83h,sensor_drift,low,"(37.5,-112.5)",0.0,0.0
E_sensor_drift_0572_0030,0.00h,23.83h,sensor_drift,low,"(12.5,-212.5)",0.0,0.0
E_sensor_drift_0573_0284,0.00h,23.83h,sensor_drift,low,"(-137.5,112.5)",0.0,0.0
E_sensor_drift_0574_0241,0.00h,23.83h,sensor_drift,low,"(-212.5,62.5)",0.0,0.0
E_sensor_drift_0575_0316,0.00h,23.83h,sensor_drift,low,"(162.5,137.5)",0.0,0.0
E_sensor_drift_0576_0353,0.00h,23.83h,sensor_drift,low,"(87.5,187.5)",0.0,0.0
E_sensor_drift_0577_0336,0.00h,23.83h,sensor_drift,low,"(162.5,162.5)",0.0,0.0
E_sensor_drift_0578_0157,0.00h,23.83h,sensor_drift,low,"(187.5,-62.5)",0.0,0.0
E_sensor_drift_0579_0109,0.00h,23.83h,sensor_drift,low,"(-12.5,-112.5)",0.0,0.0
E_sensor_drift_0580_0332,0.00h,23.83h,sensor_drift,low,"(62.5,162.5)",0.0,0.0
E_sensor_drift_0581_0022,0.00h,23.83h,sensor_drift,low,"(-187.5,-212.5)",0.0,0.0
E_sensor_drift_0582_0324,0.00h,23.83h,sensor_drift,low,"(-137.5,162.5)",0.0,0.0
E_sensor_drift_0583_0075,0.00h,23.83h,sensor_drift,low,"(137.5,-162.5)",0.0,0.0
E_sensor_drift_0584_0143,0.00h,23.83h,sensor_drift,low,"(-162.5,-62.5)",0.0,0.0
E_sensor_drift_0585_0381,0.00h,23.83h,sensor_drift,low,"(-212.5,237.5)",0.0,0.0
E_sensor_drift_0586_0043,0.00h,23.83h,sensor_drift,low,"(-162.5,-187.5)",0.0,0.0
E_sensor_drift_0587_0299,0.00h,23.83h,sensor_drift,low,"(237.5,112.5)",0.0,0.0
E_sensor_drift_0588_0323,0.00h,23.83h,sensor_drift,low,"(-162.5,162.5)",0.0,0.0
E_sensor_drift_0589_0177,0.00h,23.83h,sensor_drift,low,"(187.5,-37.5)",0.0,0.0
E_sensor_drift_0590_0326,0.00h,23.83h,sensor_drift,low,"(-87.5,162.5)",0.0,0.0
E_sensor_drift_0591_0348,0.00h,23.83h,sensor_drift,low,"(-37.5,187.5)",0.0,0.0
E_sensor_drift_0592_0024,0.00h,23.83h,sensor_drift,low,"(-137.5,-212.5)",0.0,0.0
E_sensor_drift_0593_0338,0.00h,23.83h,sensor_drift,low,"(212.5,162.5)",0.0,0.0
E_sensor_drift_0594_0143,0.00h,23.83h,sensor_drift,low,"(-162.5,-62.5)",0.0,0.0
E_sensor_drift_0595_0035,0.00h,23.83h,sensor_drift,low,"(137.5,-212.5)",0.0,0.0
E_sensor_drift_0596_0122,0.00h,23.83h,sensor_drift,low,"(-187.5,-87.5)",0.0,0.0
E_sensor_drift_0597_0310,0.00h,23.83h,sensor_drift,low,"(12.5,137.5)",0.0,0.0
E_sensor_drift_0598_0183,0.00h,23.83h,sensor_drift,low,"(-162.5,-12.5)",0.0,0.0
E_sensor_drift_0599_0286,0.00h,23.83h,sensor_drift,low,"(-87.5,112.5)",0.0,0.0
E_sensor_drift_0600_0057,0.00h,23.83h,sensor_drift,low,"(187.5,-187.5)",0.0,0.0
E_sensor_drift_0601_0296,0.00h,23.83h,sensor_drift,low,"(162.5,112.5)",0.0,0.0
E_sensor_drift_0602_0216,0.00h,23.83h,sensor_drift,low,"(162.5,12.5)",0.0,0.0
E_sensor_drift_0603_0292,0.00h,23.83h,sensor_drift,low,"(62.5,112.5)",0.0,0.0
E_sensor_drift_0604_0161,0.00h,23.83h,sensor_drift,low,"(-212.5,-37.5)",0.0,0.0
E_sensor_drift_0605_0006,0.00h,23.83h,sensor_drift,low,"(-87.5,-237.5)",0.0,0.0
E_sensor_drift_0606_0157,0.00h,23.83h,sensor_drift,low,"(187.5,-62.5)",0.0,0.0
E_sensor_drift_0607_0025,0.00h,23.83h,sensor_drift,low,"(-112.5,-212.5)",0.0,0.0
E_sensor_drift_0608_0027,0.00h,23.83h,sensor_drift,low,"(-62.5,-212.5)",0.0,0.0
E_sensor_drift_0609_0358,0.00h,23.83h,sensor_drift,low,"(212.5,187.5)",0.0,0.0
E_sensor_drift_0610_0324,0.00h,23.83h,sensor_drift,low,"(-137.5,162.5)",0.0,0.0
E_sensor_drift_0611_0001,0.00h,23.83h,sensor_drift,low,"(-212.5,-237.5)",0.0,0.0
E_sensor_drift_0612_0046,0.00h,23.83h,sensor_drift,low,"(-87.5,-187.5)",0.0,0.0
E_sensor_drift_0613_0130,0.00h,23.83h,sensor_drift,low,"(12.5,-87.5)",0.0,0.0
E_sensor_drift_0614_0383,0.00h,23.83h,sensor_drift,low,"(-162.5,237.5)",0.0,0.0
E_sensor_drift_0615_0208,0.00h,23.83h,sensor_drift,low,"(-37.5,12.5)",0.0,0.0
E_sensor_drift_0616_0096,0.00h,23.83h,sensor_drift,low,"(162.5,-137.5)",0.0,0.0
E_sensor_drift_0617_0335,0.00h,23.83h,sensor_drift,low,"(137.5,162.5)",0.0,0.0
E_sensor_drift_0618_0196,0.00h,23.83h,sensor_drift,low,"(162.5,-12.5)",0.0,0.0
E_sensor_drift_0619_0220,0.00h,23.83h,sensor_drift,low,"(-237.5,37.5)",0.0,0.0
E_sensor_drift_0620_0235,0.00h,23.83h,sensor_drift,low,"(137.5,37.5)",0.0,0.0
E_sensor_drift_0621_0394,0.00h,23.83h,sensor_drift,low,"(112.5,237.5)",0.0,0.0
E_sensor_drift_0622_0373,0.00h,23.83h,sensor_drift,low,"(87.5,212.5)",0.0,0.0
E_sensor_drift_0623_0363,0.00h,23.83h,sensor_drift,low,"(-162.5,212.5)",0.0,0.0
E_sensor_drift_0624_0147,0.00h,23.83h,sensor_drift,low,"(-62.5,-62.5)",0.0,0.0
E_packet_loss_0000_0223,0.00h,23.83h,packet_loss,low,"(-162.5,37.5)",0.0,0.0
E_packet_loss_0001_0354,0.00h,23.83h,packet_loss,low,"(112.5,187.5)",0.0,0.0
E_packet_loss_0002_0114,0.00h,23.83h,packet_loss,low,"(112.5,-112.5)",0.0,0.0
E_packet_loss_0003_0251,0.00h,23.83h,packet_loss,low,"(37.5,62.5)",0.0,0.0
E_packet_loss_0004_0085,0.00h,23.83h,packet_loss,low,"(-112.5,-137.5)",0.0,0.0
E_packet_loss_0005_0185,0.00h,23.83h,packet_loss,low,"(-112.5,-12.5)",0.0,0.0
E_packet_loss_0006_0328,0.00h,23.83h,packet_loss,low,"(-37.5,162.5)",0.0,0.0
E_packet_loss_0007_0221,0.00h,23.83h,packet_loss,low,"(-212.5,37.5)",0.0,0.0
E_packet_loss_0008_0140,0.00h,23.83h,packet_loss,low,"(-237.5,-62.5)",0.0,0.0
E_packet_loss_0009_0103,0.00h,23.83h,packet_loss,low,"(-162.5,-112.5)",0.0,0.0
E_packet_loss_0010_0218,0.00h,23.83h,packet_loss,low,"(212.5,12.5)",0.0,0.0
E_packet_loss_0011_0335,0.00h,23.83h,packet_loss,low,"(137.5,162.5)",0.0,0.0
E_packet_loss_0012_0369,0.00h,23.83h,packet_loss,low,"(-12.5,212.5)",0.0,0.0
E_packet_loss_0013_0065,0.00h,23.83h,packet_loss,low,"(-112.5,-162.5)",0.0,0.0
E_packet_loss_0014_0236,0.00h,23.83h,packet_loss,low,"(162.5,37.5)",0.0,0.0
E_packet_loss_0015_0185,0.00h,23.83h,packet_loss,low,"(-112.5,-12.5)",0.0,0.0
E_packet_loss_0016_0398,0.00h,23.83h,packet_loss,low,"(212.5,237.5)",0.0,0.0
E_packet_loss_0017_0301,0.00h,23.83h,packet_loss,low,"(-212.5,137.5)",0.0,0.0
E_packet_loss_0018_0117,0.00h,23.83h,packet_loss,low,"(187.5,-112.5)",0.0,0.0
E_packet_loss_0019_0217,0.00h,23.83h,packet_loss,low,"(187.5,12.5)",0.0,0.0
E_packet_loss_0020_0048,0.00h,23.83h,packet_loss,low,"(-37.5,-187.5)",0.0,0.0
E_packet_loss_0021_0310,0.00h,23.83h,packet_loss,low,"(12.5,137.5)",0.0,0.0
E_packet_loss_0022_0279,0.00h,23.83h,packet_loss,low,"(237.5,87.5)",0.0,0.0
E_packet_loss_0023_0387,0.00h,23.83h,packet_loss,low,"(-62.5,237.5)",0.0,0.0
E_packet_loss_0024_0381,0.00h,23.83h,packet_loss,low,"(-212.5,237.5)",0.0,0.0
E_packet_loss_0025_0120,0.00h,23.83h,packet_loss,low,"(-237.5,-87.5)",0.0,0.0
E_packet_loss_0026_0359,0.00h,23.83h,packet_loss,low,"(237.5,187.5)",0.0,0.0
E_packet_loss_0027_0358,0.00h,23.83h,packet_loss,low,"(212.5,187.5)",0.0,0.0
E_packet_loss_0028_0219,0.00h,23.83h,packet_loss,low,"(237.5,12.5)",0.0,0.0
E_packet_loss_0029_0386,0.00h,23.83h,packet_loss,low,"(-87.5,237.5)",0.0,0.0
E_packet_loss_0030_0101,0.00h,23.83h,packet_loss,low,"(-212.5,-112.5)",0.0,0.0
E_packet_loss_0031_0191,0.00h,23.83h,packet_loss,low,"(37.5,-12.5)",0.0,0.0
E_packet_loss_0032_0329,0.00h,23.83h,packet_loss,low,"(-12.5,162.5)",0.0,0.0
E_packet_loss_0033_0064,0.00h,23.83h,packet_loss,low,"(-137.5,-162.5)",0.0,0.0
E_packet_loss_0034_0324,0.00h,23.83h,packet_loss,low,"(-137.5,162.5)",0.0,0.0
E_packet_loss_0035_0366,0.00h,23.83h,packet_loss,low,"(-87.5,212.5)",0.0,0.0
E_packet_loss_0036_0336,0.00h,23.83h,packet_loss,low,"(162.5,162.5)",0.0,0.0
E_packet_loss_0037_0159,0.00h,23.83h,packet_loss,low,"(237.5,-62.5)",0.0,0.0
E_packet_loss_0038_0165,0.00h,23.83h,packet_loss,low,"(-112.5,-37.5)",0.0,0.0
E_packet_loss_0039_0319,0.00h,23.83h,packet_loss,low,"(237.5,137.5)",0.0,0.0
E_packet_loss_0040_0189,0.00h,23.83h,packet_loss,low,"(-12.5,-12.5)",0.0,0.0
E_packet_loss_0041_0256,0.00h,23.83h,packet_loss,low,"(162.5,62.5)",0.0,0.0
E_packet_loss_0042_0061,0.00h,23.83h,packet_loss,low,"(-212.5,-162.5)",0.0,0.0
E_packet_loss_0043_0299,0.00h,23.83h,packet_loss,low,"(237.5,112.5)",0.0,0.0
E_packet_loss_0044_0169,0.00h,23.83h,packet_loss,low,"(-12.5,-37.5)",0.0,0.0
E_packet_loss_0045_0308,0.00h,23.83h,packet_loss,low,"(-37.5,137.5)",0.0,0.0
E_packet_loss_0046_0024,0.00h,23.83h,packet_loss,low,"(-137.5,-212.5)",0.0,0.0
E_packet_loss_0047_0123,0.00h,23.83h,packet_loss,low,"(-162.5,-87.5)",0.0,0.0
E_packet_loss_0048_0219,0.00h,23.83h,packet_loss,low,"(237.5,12.5)",0.0,0.0
E_packet_loss_0049_0018,0.00h,23.83h,packet_loss,low,"(212.5,-237.5)",0.0,0.0
E_packet_loss_0050_0102,0.00h,23.83h,packet_loss,low,"(-187.5,-112.5)",0.0,0.0
E_packet_loss_0051_0304,0.00h,23.83h,packet_loss,low,"(-137.5,137.5)",0.0,0.0
E_packet_loss_0052_0370,0.00h,23.83h,packet_loss,low,"(12.5,212.5)",0.0,0.0
E_packet_loss_0053_0001,0.00h,23.83h,packet_loss,low,"(-212.5,-237.5)",0.0,0.0
E_packet_loss_0054_0138,0.00h,23.83h,packet_loss,low,"(212.5,-87.5)",0.0,0.0
E_packet_loss_0055_0381,0.00h,23.83h,packet_loss,low,"(-212.5,237.5)",0.0,0.0
E_packet_loss_0056_0040,0.00h,23.83h,packet_loss,low,"(-237.5,-187.5)",0.0,0.0
E_packet_loss_0057_0337,0.00h,23.83h,packet_loss,low,"(187.5,162.5)",0.0,0.0
E_packet_loss_0058_0297,0.00h,23.83h,packet_loss,low,"(187.5,112.5)",0.0,0.0
E_packet_loss_0059_0062,0.00h,23.83h,packet_loss,low,"(-187.5,-162.5)",0.0,0.0
E_packet_loss_0060_0070,0.00h,23.83h,packet_loss,low,"(12.5,-162.5)",0.0,0.0
E_packet_loss_0061_0241,0.00h,23.83h,packet_loss,low,"(-212.5,62.5)",0.0,0.0
E_packet_loss_0062_0306,0.00h,23.83h,packet_loss,low,"(-87.5,137.5)",0.0,0.0
E_packet_loss_0063_0079,0.00h,23.83h,packet_loss,low,"(237.5,-162.5)",0.0,0.0
E_packet_loss_0064_0123,0.00h,23.83h,packet_loss,low,"(-162.5,-87.5)",0.0,0.0
E_packet_loss_0065_0269,0.00h,23.83h,packet_loss,low,"(-12.5,87.5)",0.0,0.0
E_packet_loss_0066_0232,0.00h,23.83h,packet_loss,low,"(62.5,37.5)",0.0,0.0
E_packet_loss_0067_0235,0.00h,23.83h,packet_loss,low,"(137.5,37.5)",0.0,0.0
E_packet_loss_0068_0274,0.00h,23.83h,packet_loss,low,"(112.5,87.5)",0.0,0.0
E_packet_loss_0069_0310,0.00h,23.83h,packet_loss,low,"(12.5,137.5)",0.0,0.0
E_packet_loss_0070_0398,0.00h,23.83h,packet_loss,low,"(212.5,237.5)",0.0,0.0
E_packet_loss_0071_0237,0.00h,23.83h,packet_loss,low,"(187.5,37.5)",0.0,0.0
E_packet_loss_0072_0330,0.00h,23.83h,packet_loss,low,"(12.5,162.5)",0.0,0.0
E_packet_loss_0073_0189,0.00h,23.83h,packet_loss,low,"(-12.5,-12.5)",0.0,0.0
E_packet_loss_0074_0162,0.00h,23.83h,packet_loss,low,"(-187.5,-37.5)",0.0,0.0
E_packet_loss_0075_0046,0.00h,23.83h,packet_loss,low,"(-87.5,-187.5)",0.0,0.0
E_packet_loss_0076_0210,0.00h,23.83h,packet_loss,low,"(12.5,12.5)",0.0,0.0
E_packet_loss_0077_0215,0.00h,23.83h,packet_loss,low,"(137.5,12.5)",0.0,0.0
E_packet_loss_0078_0074,0.00h,23.83h,packet_loss,low,"(112.5,-162.5)",0.0,0.0
E_packet_loss_0079_0062,0.00h,23.83h,packet_loss,low,"(-187.5,-162.5)",0.0,0.0
E_packet_loss_0080_0287,0.00h,23.83h,packet_loss,low,"(-62.5,112.5)",0.0,0.0
E_packet_loss_0081_0031,0.00h,23.83h,packet_loss,low,"(37.5,-212.5)",0.0,0.0
E_packet_loss_0082_0038,0.00h,23.83h,packet_loss,low,"(212.5,-212.5)",0.0,0.0
E_packet_loss_0083_0283,0.00h,23.83h,packet_loss,low,"(-162.5,112.5)",0.0,0.0
E_packet_loss_0084_0195,0.00h,23.83h,packet_loss,low,"(137.5,-12.5)",0.0,0.0
E_packet_loss_0085_0339,0.00h,23.83h,packet_loss,low,"(237.5,162.5)",0.0,0.0
E_packet_loss_0086_0044,0.00h,23.83h,packet_loss,low,"(-137.5,-187.5)",0.0,0.0
E_packet_loss_0087_0078,0.00h,23.83h,packet_loss,low,"(212.5,-162.5)",0.0,0.0
E_packet_loss_0088_0197,0.00h,23.83h,packet_loss,low,"(187.5,-12.5)",0.0,0.0
E_packet_loss_0089_0119,0.00h,23.83h,packet_loss,low,"(237.5,-112.5)",0.0,0.0
E_packet_loss_0090_0068,0.00h,23.83h,packet_loss,low,"(-37.5,-162.5)",0.0,0.0
E_packet_loss_0091_0101,0.00h,23.83h,packet_loss,low,"(-212.5,-112.5)",0.0,0.0
E_packet_loss_0092_0189,0.00h,23.83h,packet_loss,low,"(-12.5,-12.5)",0.0,0.0
E_packet_loss_0093_0231,0.00h,23.83h,packet_loss,low,"(37.5,37.5)",0.0,0.0
E_packet_loss_0094_0210,0.00h,23.83h,packet_loss,low,"(12.5,12.5)",0.0,0.0
E_packet_loss_0095_0171,0.00h,23.83h,packet_loss,low,"(37.5,-37.5)",0.0,0.0
E_packet_loss_0096_0085,0.00h,23.83h,packet_loss,low,"(-112.5,-137.5)",0.0,0.0
E_packet_loss_0097_0185,0.00h,23.83h,packet_loss,low,"(-112.5,-12.5)",0.0,0.0
E_packet_loss_0098_0184,0.00h,23.83h,packet_loss,low,"(-137.5,-12.5)",0.0,0.0
E_packet_loss_0099_0263,0.00h,23.83h,packet_loss,low,"(-162.5,87.5)",0.0,0.0
E_packet_loss_0100_0204,0.00h,23.83h,packet_loss,low,"(-137.5,12.5)",0.0,0.0
E_packet_loss_0101_0045,0.00h,23.83h,packet_loss,low,"(-112.5,-187.5)",0.0,0.0
E_packet_loss_0102_0146,0.00h,23.83h,packet_loss,low,"(-87.5,-62.5)",0.0,0.0
E_packet_loss_0103_0231,0.00h,23.83h,packet_loss,low,"(37.5,37.5)",0.0,0.0
E_packet_loss_0104_0233,0.00h,23.83h,packet_loss,low,"(87.5,37.5)",0.0,0.0
E_packet_loss_0105_0078,0.00h,23.83h,packet_loss,low,"(212.5,-162.5)",0.0,0.0
E_packet_loss_0106_0047,0.00h,23.83h,packet_loss,low,"(-62.5,-187.5)",0.0,0.0
E_packet_loss_0107_0313,0.00h,23.83h,packet_loss,low,"(87.5,137.5)",0.0,0.0
E_packet_loss_0108_0306,0.00h,23.83h,packet_loss,low,"(-87.5,137.5)",0.0,0.0
E_packet_loss_0109_0317,0.00h,23.83h,packet_loss,low,"(187.5,137.5)",0.0,0.0
E_packet_loss_0110_0162,0.00h,23.83h,packet_loss,low,"(-187.5,-37.5)",0.0,0.0
E_packet_loss_0111_0251,0.00h,23.83h,packet_loss,low,"(37.5,62.5)",0.0,0.0
E_packet_loss_0112_0016,0.00h,23.83h,packet_loss,low,"(162.5,-237.5)",0.0,0.0
E_packet_loss_0113_0372,0.00h,23.83h,packet_loss,low,"(62.5,212.5)",0.0,0.0
E_packet_loss_0114_0100,0.00h,23.83h,packet_loss,low,"(-237.5,-112.5)",0.0,0.0
E_packet_loss_0115_0242,0.00h,23.83h,packet_loss,low,"(-187.5,62.5)",0.0,0.0
E_packet_loss_0116_0297,0.00h,23.83h,packet_loss,low,"(187.5,112.5)",0.0,0.0
E_packet_loss_0117_0357,0.00h,23.83h,packet_loss,low,"(187.5,187.5)",0.0,0.0
E_packet_loss_0118_0129,0.00h,23.83h,packet_loss,low,"(-12.5,-87.5)",0.0,0.0
E_packet_loss_0119_0370,0.00h,23.83h,packet_loss,low,"(12.5,212.5)",0.0,0.0
E_packet_loss_0120_0248,0.00h,23.83h,packet_loss,low,"(-37.5,62.5)",0.0,0.0
E_packet_loss_0121_0081,0.00h,23.83h,packet_loss,low,"(-212.5,-137.5)",0.0,0.0
E_packet_loss_0122_0052,0.00h,23.83h,packet_loss,low,"(62.5,-187.5)",0.0,0.0
E_packet_loss_0123_0080,0.00h,23.83h,packet_loss,low,"(-237.5,-137.5)",0.0,0.0
E_packet_loss_0124_0026,0.00h,23.83h,packet_loss,low,"(-87.5,-212.5)",0.0,0.0
E_packet_loss_0125_0239,0.00h,23.83h,packet_loss,low,"(237.5,37.5)",0.0,0.0
E_packet_loss_0126_0058,0.00h,23.83h,packet_loss,low,"(212.5,-187.5)",0.0,0.0
E_packet_loss_0127_0284,0.00h,23.83h,packet_loss,low,"(-137.5,112.5)",0.0,0.0
E_packet_loss_0128_0080,0.00h,23.83h,packet_loss,low,"(-237.5,-137.5)",0.0,0.0
E_packet_loss_0129_0131,0.00h,23.83h,packet_loss,low,"(37.5,-87.5)",0.0,0.0
E_packet_loss_0130_0205,0.00h,23.83h,packet_loss,low,"(-112.5,12.5)",0.0,0.0
E_packet_loss_0131_0382,0.00h,23.83h,packet_loss,low,"(-187.5,237.5)",0.0,0.0
E_packet_loss_0132_0139,0.00h,23.83h,packet_loss,low,"(237.5,-87.5)",0.0,0.0
E_packet_loss_0133_0218,0.00h,23.83h,packet_loss,low,"(212.5,12.5)",0.0,0.0
E_packet_loss_0134_0126,0.00h,23.83h,packet_loss,low,"(-87.5,-87.5)",0.0,0.0
E_packet_loss_0135_0347,0.00h,23.83h,packet_loss,low,"(-62.5,187.5)",0.0,0.0
E_packet_loss_0136_0295,0.00h,23.83h,packet_loss,low,"(137.5,112.5)",0.0,0.0
E_packet_loss_0137_0290,0.00h,23.83h,packet_loss,low,"(12.5,112.5)",0.0,0.0
E_packet_loss_0138_0026,0.00h,23.83h,packet_loss,low,"(-87.5,-212.5)",0.0,0.0
E_packet_loss_0139_0382,0.00h,23.83h,packet_loss,low,"(-187.5,237.5)",0.0,0.0
E_packet_loss_0140_0238,0.00h,23.83h,packet_loss,low,"(212.5,37.5)",0.0,0.0
E_packet_loss_0141_0184,0.00h,23.83h,packet_loss,low,"(-137.5,-12.5)",0.0,0.0
E_packet_loss_0142_0103,0.00h,23.83h,packet_loss,low,"(-162.5,-112.5)",0.0,0.0
E_packet_loss_0143_0347,0.00h,23.83h,packet_loss,low,"(-62.5,187.5)",0.0,0.0
E_packet_loss_0144_0340,0.00h,23.83h,packet_loss,low,"(-237.5,187.5)",0.0,0.0
E_packet_loss_0145_0273,0.00h,23.83h,packet_loss,low,"(87.5,87.5)",0.0,0.0
E_packet_loss_0146_0384,0.00h,23.83h,packet_loss,low,"(-137.5,237.5)",0.0,0.0
E_packet_loss_0147_0190,0.00h,23.83h,packet_loss,low,"(12.5,-12.5)",0.0,0.0
E_packet_loss_0148_0163,0.00h,23.83h,packet_loss,low,"(-162.5,-37.5)",0.0,0.0
E_packet_loss_0149_0078,0.00h,23.83h,packet_loss,low,"(212.5,-162.5)",0.0,0.0
E_packet_loss_0150_0324,0.00h,23.83h,packet_loss,low,"(-137.5,162.5)",0.0,0.0
E_packet_loss_0151_0035,0.00h,23.83h,packet_loss,low,"(137.5,-212.5)",0.0,0.0
E_packet_loss_0152_0336,0.00h,23.83h,packet_loss,low,"(162.5,162.5)",0.0,0.0
E_packet_loss_0153_0139,0.00h,23.83h,packet_loss,low,"(237.5,-87.5)",0.0,0.0
E_packet_loss_0154_0048,0.00h,23.83h,packet_loss,low,"(-37.5,-187.5)",0.0,0.0
E_packet_loss_0155_0163,0.00h,23.83h,packet_loss,low,"(-162.5,-37.5)",0.0,0.0
E_packet_loss_0156_0258,0.00h,23.83h,packet_loss,low,"(212.5,62.5)",0.0,0.0
E_packet_loss_0157_0377,0.00h,23.83h,packet_loss,low,"(187.5,212.5)",0.0,0.0
E_packet_loss_0158_0365,0.00h,23.83h,packet_loss,low,"(-112.5,212.5)",0.0,0.0
E_packet_loss_0159_0253,0.00h,23.83h,packet_loss,low,"(87.5,62.5)",0.0,0.0
E_packet_loss_0160_0319,0.00h,23.83h,packet_loss,low,"(237.5,137.5)",0.0,0.0
E_packet_loss_0161_0389,0.00h,23.83h,packet_loss,low,"(-12.5,237.5)",0.0,0.0
E_packet_loss_0162_0171,0.00h,23.83h,packet_loss,low,"(37.5,-37.5)",0.0,0.0
E_packet_loss_0163_0041,0.00h,23.83h,packet_loss,low,"(-212.5,-187.5)",0.0,0.0
E_packet_loss_0164_0162,0.00h,23.83h,packet_loss,low,"(-187.5,-37.5)",0.0,0.0
E_packet_loss_0165_0089,0.00h,23.83h,packet_loss,low,"(-12.5,-137.5)",0.0,0.0
E_packet_loss_0166_0136,0.00h,23.83h,packet_loss,low,"(162.5,-87.5)",0.0,0.0
E_packet_loss_0167_0049,0.00h,23.83h,packet_loss,low,"(-12.5,-187.5)",0.0,0.0
E_packet_loss_0168_0255,0.00h,23.83h,packet_loss,low,"(137.5,62.5)",0.0,0.0
E_packet_loss_0169_0252,0.00h,23.83h,packet_loss,low,"(62.5,62.5)",0.0,0.0
E_packet_loss_0170_0367,0.00h,23.83h,packet_loss,low,"(-62.5,212.5)",0.0,0.0
E_packet_loss_0171_0218,0.00h,23.83h,packet_loss,low,"(212.5,12.5)",0.0,0.0
E_packet_loss_0172_0261,0.00h,23.83h,packet_loss,low,"(-212.5,87.5)",0.0,0.0
E_packet_loss_0173_0223,0.00h,23.83h,packet_loss,low,"(-162.5,37.5)",0.0,0.0
E_packet_loss_0174_0017,0.00h,23.83h,packet_loss,low,"(187.5,-237.5)",0.0,0.0
E_packet_loss_0175_0369,0.00h,23.83h,packet_loss,low,"(-12.5,212.5)",0.0,0.0
E_packet_loss_0176_0386,0.00h,23.83h,packet_loss,low,"(-87.5,237.5)",0.0,0.0
E_packet_loss_0177_0360,0.00h,23.83h,packet_loss,low,"(-237.5,212.5)",0.0,0.0
E_packet_loss_0178_0157,0.00h,23.83h,packet_loss,low,"(187.5,-62.5)",0.0,0.0
E_packet_loss_0179_0375,0.00h,23.83h,packet_loss,low,"(137.5,212.5)",0.0,0.0
E_packet_loss_0180_0016,0.00h,23.83h,packet_loss,low,"(162.5,-237.5)",0.0,0.0
E_packet_loss_0181_0070,0.00h,23.83h,packet_loss,low,"(12.5,-162.5)",0.0,0.0
E_packet_loss_0182_0347,0.00h,23.83h,packet_loss,low,"(-62.5,187.5)",0.0,0.0
E_packet_loss_0183_0245,0.00h,23.83h,packet_loss,low,"(-112.5,62.5)",0.0,0.0
E_packet_loss_0184_0371,0.00h,23.83h,packet_loss,low,"(37.5,212.5)",0.0,0.0
E_packet_loss_0185_0144,0.00h,23.83h,packet_loss,low,"(-137.5,-62.5)",0.0,0.0
E_packet_loss_0186_0119,0.00h,23.83h,packet_loss,low,"(237.5,-112.5)",0.0,0.0
E_packet_loss_0187_0176,0.00h,23.83h,packet_loss,low,"(162.5,-37.5)",0.0,0.0
E_packet_loss_0188_0314,0.00h,23.83h,packet_loss,low,"(112.5,137.5)",0.0,0.0
E_packet_loss_0189_0370,0.00h,23.83h,packet_loss,low,"(12.5,212.5)",0.0,0.0
E_packet_loss_0190_0271,0.00h,23.83h,packet_loss,low,"(37.5,87.5)",0.0,0.0
E_packet_loss_0191_0160,0.00h,23.83h,packet_loss,low,"(-237.5,-37.5)",0.0,0.0
E_packet_loss_0192_0300,0.00h,23.83h,packet_loss,low,"(-237.5,137.5)",0.0,0.0
E_packet_loss_0193_0352,0.00h,23.83h,packet_loss,low,"(62.5,187.5)",0.0,0.0
E_packet_loss_0194_0042,0.00h,23.83h,packet_loss,low,"(-187.5,-187.5)",0.0,0.0
E_packet_loss_0195_0327,0.00h,23.83h,packet_loss,low,"(-62.5,162.5)",0.0,0.0
E_packet_loss_0196_0240,0.00h,23.83h,packet_loss,low,"(-237.5,62.5)",0.0,0.0
E_packet_loss_0197_0053,0.00h,23.83h,packet_loss,low,"(87.5,-187.5)",0.0,0.0
E_packet_loss_0198_0131,0.00h,23.83h,packet_loss,low,"(37.5,-87.5)",0.0,0.0
E_packet_loss_0199_0108,0.00h,23.83h,packet_loss,low,"(-37.5,-112.5)",0.0,0.0
E_packet_loss_0200_0055,0.00h,23.83h,packet_loss,low,"(137.5,-187.5)",0.0,0.0
E_packet_loss_0201_0392,0.00h,23.83h,packet_loss,low,"(62.5,237.5)",0.0,0.0
E_packet_loss_0202_0023,0.00h,23.83h,packet_loss,low,"(-162.5,-212.5)",0.0,0.0
E_packet_loss_0203_0222,0.00h,23.83h,packet_loss,low,"(-187.5,37.5)",0.0,0.0
E_packet_loss_0204_0313,0.00h,23.83h,packet_loss,low,"(87.5,137.5)",0.0,0.0
E_packet_loss_0205_0030,0.00h,23.83h,packet_loss,low,"(12.5,-212.5)",0.0,0.0
E_packet_loss_0206_0180,0.00h,23.83h,packet_loss,low,"(-237.5,-12.5)",0.0,0.0
E_packet_loss_0207_0384,0.00h,23.83h,packet_loss,low,"(-137.5,237.5)",0.0,0.0
E_packet_loss_0208_0372,0.00h,23.83h,packet_loss,low,"(62.5,212.5)",0.0,0.0
E_packet_loss_0209_0238,0.00h,23.83h,packet_loss,low,"(212.5,37.5)",0.0,0.0
E_packet_loss_0210_0136,0.00h,23.83h,packet_loss,low,"(162.5,-87.5)",0.0,0.0
E_packet_loss_0211_0330,0.00h,23.83h,packet_loss,low,"(12.5,162.5)",0.0,0.0
E_packet_loss_0212_0013,0.00h,23.83h,packet_loss,low,"(87.5,-237.5)",0.0,0.0
E_packet_loss_0213_0006,0.00h,23.83h,packet_loss,low,"(-87.5,-237.5)",0.0,0.0
E_packet_loss_0214_0111,0.00h,23.83h,packet_loss,low,"(37.5,-112.5)",0.0,0.0
E_packet_loss_0215_0223,0.00h,23.83h,packet_loss,low,"(-162.5,37.5)",0.0,0.0
E_packet_loss_0216_0216,0.00h,23.83h,packet_loss,low,"(162.5,12.5)",0.0,0.0
E_packet_loss_0217_0180,0.00h,23.83h,packet_loss,low,"(-237.5,-12.5)",0.0,0.0
E_packet_loss_0218_0179,0.00h,23.83h,packet_loss,low,"(237.5,-37.5)",0.0,0.0
E_packet_loss_0219_0293,0.00h,23.83h,packet_loss,low,"(87.5,112.5)",0.0,0.0
E_packet_loss_0220_0321,0.00h,23.83h,packet_loss,low,"(-212.5,162.5)",0.0,0.0
E_packet_loss_0221_0063,0.00h,23.83h,packet_loss,low,"(-162.5,-162.5)",0.0,0.0
E_packet_loss_0222_0116,0.00h,23.83h,packet_loss,low,"(162.5,-112.5)",0.0,0.0
E_packet_loss_0223_0322,0.00h,23.83h,packet_loss,low,"(-187.5,162.5)",0.0,0.0
E_packet_loss_0224_0056,0.00h,23.83h,packet_loss,low,"(162.5,-187.5)",0.0,0.0
E_packet_loss_0225_0082,0.00h,23.83h,packet_loss,low,"(-187.5,-137.5)",0.0,0.0
E_packet_loss_0226_0145,0.00h,23.83h,packet_loss,low,"(-112.5,-62.5)",0.0,0.0
E_packet_loss_0227_0116,0.00h,23.83h,packet_loss,low,"(162.5,-112.5)",0.0,0.0
E_packet_loss_0228_0292,0.00h,23.83h,packet_loss,low,"(62.5,112.5)",0.0,0.0
E_packet_loss_0229_0140,0.00h,23.83h,packet_loss,low,"(-237.5,-62.5)",0.0,0.0
E_packet_loss_0230_0369,0.00h,23.83h,packet_loss,low,"(-12.5,212.5)",0.0,0.0
E_packet_loss_0231_0182,0.00h,23.83h,packet_loss,low,"(-187.5,-12.5)",0.0,0.0
E_packet_loss_0232_0228,0.00h,23.83h,packet_loss,low,"(-37.5,37.5)",0.0,0.0
E_packet_loss_0233_0159,0.00h,23.83h,packet_loss,low,"(237.5,-62.5)",0.0,0.0
E_packet_loss_0234_0060,0.00h,23.83h,packet_loss,low,"(-237.5,-162.5)",0.0,0.0
E_packet_loss_0235_0333,0.00h,23.83h,packet_loss,low,"(87.5,162.5)",0.0,0.0
E_packet_loss_0236_0176,0.00h,23.83h,packet_loss,low,"(162.5,-37.5)",0.0,0.0
E_packet_loss_0237_0399,0.00h,23.83h,packet_loss,low,"(237.5,237.5)",0.0,0.0
E_packet_loss_0238_0077,0.00h,23.83h,packet_loss,low,"(187.5,-162.5)",0.0,0.0
E_packet_loss_0239_0261,0.00h,23.83h,packet_loss,low,"(-212.5,87.5)",0.0,0.0
E_packet_loss_0240_0092,0.00h,23.83h,packet_loss,low,"(62.5,-137.5)",0.0,0.0
E_packet_loss_0241_0006,0.00h,23.83h,packet_loss,low,"(-87.5,-237.5)",0.0,0.0
E_packet_loss_0242_0050,0.00h,23.83h,packet_loss,low,"(12.5,-187.5)",0.0,0.0
E_packet_loss_0243_0019,0.00h,23.83h,packet_loss,low,"(237.5,-237.5)",0.0,0.0
E_packet_loss_0244_0212,0.00h,23.83h,packet_loss,low,"(62.5,12.5)",0.0,0.0
E_packet_loss_0245_0365,0.00h,23.83h,packet_loss,low,"(-112.5,212.5)",0.0,0.0
E_packet_loss_0246_0307,0.00h,23.83h,packet_loss,low,"(-62.5,137.5)",0.0,0.0
E_packet_loss_0247_0237,0.00h,23.83h,packet_loss,low,"(187.5,37.5)",0.0,0.0
E_packet_loss_0248_0366,0.00h,23.83h,packet_loss,low,"(-87.5,212.5)",0.0,0.0
E_packet_loss_0249_0230,0.00h,23.83h,packet_loss,low,"(12.5,37.5)",0.0,0.0
E_packet_loss_0250_0260,0.00h,23.83h,packet_loss,low,"(-237.5,87.5)",0.0,0.0
E_packet_loss_0251_0303,0.00h,23.83h,packet_loss,low,"(-162.5,137.5)",0.0,0.0
E_packet_loss_0252_0145,0.00h,23.83h,packet_loss,low,"(-112.5,-62.5)",0.0,0.0
E_packet_loss_0253_0304,0.00h,23.83h,packet_loss,low,"(-137.5,137.5)",0.0,0.0
E_packet_loss_0254_0190,0.00h,23.83h,packet_loss,low,"(12.5,-12.5)",0.0,0.0
E_packet_loss_0255_0049,0.00h,23.83h,packet_loss,low,"(-12.5,-187.5)",0.0,0.0
E_packet_loss_0256_0192,0.00h,23.83h,packet_loss,low,"(62.5,-12.5)",0.0,0.0
E_packet_loss_0257_0107,0.00h,23.83h,packet_loss,low,"(-62.5,-112.5)",0.0,0.0
E_packet_loss_0258_0270,0.00h,23.83h,packet_loss,low,"(12.5,87.5)",0.0,0.0
E_packet_loss_0259_0297,0.00h,23.83h,packet_loss,low,"(187.5,112.5)",0.0,0.0
E_packet_loss_0260_0298,0.00h,23.83h,packet_loss,low,"(212.5,112.5)",0.0,0.0
E_packet_loss_0261_0349,0.00h,23.83h,packet_loss,low,"(-12.5,187.5)",0.0,0.0
E_packet_loss_0262_0054,0.00h,23.83h,packet_loss,low,"(112.5,-187.5)",0.0,0.0
E_packet_loss_0263_0297,0.00h,23.83h,packet_loss,low,"(187.5,112.5)",0.0,0.0
E_packet_loss_0264_0120,0.00h,23.83h,packet_loss,low,"(-237.5,-87.5)",0.0,0.0
E_packet_loss_0265_0218,0.00h,23.83h,packet_loss,low,"(212.5,12.5)",0.0,0.0
E_packet_loss_0266_0099,0.00h,23.83h,packet_loss,low,"(237.5,-137.5)",0.0,0.0
E_packet_loss_0267_0134,0.00h,23.83h,packet_loss,low,"(112.5,-87.5)",0.0,0.0
E_packet_loss_0268_0261,0.00h,23.83h,packet_loss,low,"(-212.5,87.5)",0.0,0.0
E_packet_loss_0269_0044,0.00h,23.83h,packet_loss,low,"(-137.5,-187.5)",0.0,0.0
E_packet_loss_0270_0029,0.00h,23.83h,packet_loss,low,"(-12.5,-212.5)",0.0,0.0
E_packet_loss_0271_0206,0.00h,23.83h,packet_loss,low,"(-87.5,12.5)",0.0,0.0
E_packet_loss_0272_0098,0.00h,23.83h,packet_loss,low,"(212.5,-137.5)",0.0,0.0
E_packet_loss_0273_0210,0.00h,23.83h,packet_loss,low,"(12.5,12.5)",0.0,0.0
E_packet_loss_0274_0201,0.00h,23.83h,packet_loss,low,"(-212.5,12.5)",0.0,0.0
E_packet_loss_0275_0070,0.00h,23.83h,packet_loss,low,"(12.5,-162.5)",0.0,0.0
E_packet_loss_0276_0000,0.00h,23.83h,packet_loss,low,"(-237.5,-237.5)",0.0,0.0
E_packet_loss_0277_0158,0.00h,23.83h,packet_loss,low,"(212.5,-62.5)",0.0,0.0
E_packet_loss_0278_0256,0.00h,23.83h,packet_loss,low,"(162.5,62.5)",0.0,0.0
E_packet_loss_0279_0167,0.00h,23.83h,packet_loss,low,"(-62.5,-37.5)",0.0,0.0
E_packet_loss_0280_0175,0.00h,23.83h,packet_loss,low,"(137.5,-37.5)",0.0,0.0
E_packet_loss_0281_0201,0.00h,23.83h,packet_loss,low,"(-212.5,12.5)",0.0,0.0
E_packet_loss_0282_0370,0.00h,23.83h,packet_loss,low,"(12.5,212.5)",0.0,0.0
E_packet_loss_0283_0163,0.00h,23.83h,packet_loss,low,"(-162.5,-37.5)",0.0,0.0
E_packet_loss_0284_0050,0.00h,23.83h,packet_loss,low,"(12.5,-187.5)",0.0,0.0
E_packet_loss_0285_0100,0.00h,23.83h,packet_loss,low,"(-237.5,-112.5)",0.0,0.0
E_packet_loss_0286_0150,0.00h,23.83h,packet_loss,low,"(12.5,-62.5)",0.0,0.0
E_packet_loss_0287_0382,0.00h,23.83h,packet_loss,low,"(-187.5,237.5)",0.0,0.0
E_packet_loss_0288_0040,0.00h,23.83h,packet_loss,low,"(-237.5,-187.5)",0.0,0.0
E_packet_loss_0289_0367,0.00h,23.83h,packet_loss,low,"(-62.5,212.5)",0.0,0.0
E_packet_loss_0290_0369,0.00h,23.83h,packet_loss,low,"(-12.5,212.5)",0.0,0.0
E_packet_loss_0291_0016,0.00h,23.83h,packet_loss,low,"(162.5,-237.5)",0.0,0.0
E_packet_loss_0292_0088,0.00h,23.83h,packet_loss,low,"(-37.5,-137.5)",0.0,0.0
E_packet_loss_0293_0314,0.00h,23.83h,packet_loss,low,"(112.5,137.5)",0.0,0.0
E_packet_loss_0294_0244,0.00h,23.83h,packet_loss,low,"(-137.5,62.5)",0.0,0.0
E_packet_loss_0295_0295,0.00h,23.83h,packet_loss,low,"(137.5,112.5)",0.0,0.0
E_packet_loss_0296_0026,0.00h,23.83h,packet_loss,low,"(-87.5,-212.5)",0.0,0.0
E_packet_loss_0297_0031,0.00h,23.83h,packet_loss,low,"(37.5,-212.5)",0.0,0.0
E_packet_loss_0298_0126,0.00h,23.83h,packet_loss,low,"(-87.5,-87.5)",0.0,0.0
E_packet_loss_0299_0254,0.00h,23.83h,packet_loss,low,"(112.5,62.5)",0.0,0.0
E_packet_loss_0300_0306,0.00h,23.83h,packet_loss,low,"(-87.5,137.5)",0.0,0.0
E_packet_loss_0301_0026,0.00h,23.83h,packet_loss,low,"(-87.5,-212.5)",0.0,0.0
E_packet_loss_0302_0261,0.00h,23.83h,packet_loss,low,"(-212.5,87.5)",0.0,0.0
E_packet_loss_0303_0346,0.00h,23.83h,packet_loss,low,"(-87.5,187.5)",0.0,0.0
E_packet_loss_0304_0386,0.00h,23.83h,packet_loss,low,"(-87.5,237.5)",0.0,0.0
E_packet_loss_0305_0234,0.00h,23.83h,packet_loss,low,"(112.5,37.5)",0.0,0.0
E_packet_loss_0306_0070,0.00h,23.83h,packet_loss,low,"(12.5,-162.5)",0.0,0.0
E_packet_loss_0307_0338,0.00h,23.83h,packet_loss,low,"(212.5,162.5)",0.0,0.0
E_packet_loss_0308_0033,0.00h,23.83h,packet_loss,low,"(87.5,-212.5)",0.0,0.0
E_packet_loss_0309_0333,0.00h,23.83h,packet_loss,low,"(87.5,162.5)",0.0,0.0
E_packet_loss_0310_0334,0.00h,23.83h,packet_loss,low,"(112.5,162.5)",0.0,0.0
E_packet_loss_0311_0213,0.00h,23.83h,packet_loss,low,"(87.5,12.5)",0.0,0.0
E_packet_loss_0312_0063,0.00h,23.83h,packet_loss,low,"(-162.5,-162.5)",0.0,0.0
E_packet_loss_0313_0179,0.00h,23.83h,packet_loss,low,"(237.5,-37.5)",0.0,0.0
E_packet_loss_0314_0040,0.00h,23.83h,packet_loss,low,"(-237.5,-187.5)",0.0,0.0
E_packet_loss_0315_0148,0.00h,23.83h,packet_loss,low,"(-37.5,-62.5)",0.0,0.0
E_packet_loss_0316_0277,0.00h,23.83h,packet_loss,low,"(187.5,87.5)",0.0,0.0
E_packet_loss_0317_0116,0.00h,23.83h,packet_loss,low,"(162.5,-112.5)",0.0,0.0
E_packet_loss_0318_0021,0.00h,23.83h,packet_loss,low,"(-212.5,-212.5)",0.0,0.0
E_packet_loss_0319_0196,0.00h,23.83h,packet_loss,low,"(162.5,-12.5)",0.0,0.0
E_packet_loss_0320_0002,0.00h,23.83h,packet_loss,low,"(-187.5,-237.5)",0.0,0.0
E_packet_loss_0321_0174,0.00h,23.83h,packet_loss,low,"(112.5,-37.5)",0.0,0.0
E_packet_loss_0322_0126,0.00h,23.83h,packet_loss,low,"(-87.5,-87.5)",0.0,0.0
E_packet_loss_0323_0160,0.00h,23.83h,packet_loss,low,"(-237.5,-37.5)",0.0,0.0
E_packet_loss_0324_0190,0.00h,23.83h,packet_loss,low,"(12.5,-12.5)",0.0,0.0
E_packet_loss_0325_0257,0.00h,23.83h,packet_loss,low,"(187.5,62.5)",0.0,0.0
E_packet_loss_0326_0182,0.00h,23.83h,packet_loss,low,"(-187.5,-12.5)",0.0,0.0
E_packet_loss_0327_0236,0.00h,23.83h,packet_loss,low,"(162.5,37.5)",0.0,0.0
E_packet_loss_0328_0380,0.00h,23.83h,packet_loss,low,"(-237.5,237.5)",0.0,0.0
E_packet_loss_0329_0080,0.00h,23.83h,packet_loss,low,"(-237.5,-137.5)",0.0,0.0
E_packet_loss_0330_0105,0.00h,23.83h,packet_loss,low,"(-112.5,-112.5)",0.0,0.0
E_packet_loss_0331_0022,0.00h,23.83h,packet_loss,low,"(-187.5,-212.5)",0.0,0.0
E_packet_loss_0332_0073,0.00h,23.83h,packet_loss,low,"(87.5,-162.5)",0.0,0.0
E_packet_loss_0333_0058,0.00h,23.83h,packet_loss,low,"(212.5,-187.5)",0.0,0.0
E_packet_loss_0334_0168,0.00h,23.83h,packet_loss,low,"(-37.5,-37.5)",0.0,0.0
E_packet_loss_0335_0223,0.00h,23.83h,packet_loss,low,"(-162.5,37.5)",0.0,0.0
E_packet_loss_0336_0142,0.00h,23.83h,packet_loss,low,"(-187.5,-62.5)",0.0,0.0
E_packet_loss_0337_0286,0.00h,23.83h,packet_loss,low,"(-87.5,112.5)",0.0,0.0
E_packet_loss_0338_0315,0.00h,23.83h,packet_loss,low,"(137.5,137.5)",0.0,0.0
E_packet_loss_0339_0211,0.00h,23.83h,packet_loss,low,"(37.5,12.5)",0.0,0.0
E_packet_loss_0340_0027,0.00h,23.83h,packet_loss,low,"(-62.5,-212.5)",0.0,0.0
E_packet_loss_0341_0094,0.00h,23.83h,packet_loss,low,"(112.5,-137.5)",0.0,0.0
E_packet_loss_0342_0115,0.00h,23.83h,packet_loss,low,"(137.5,-112.5)",0.0,0.0
E_packet_loss_0343_0042,0.00h,23.83h,packet_loss,low,"(-187.5,-187.5)",0.0,0.0
E_packet_loss_0344_0330,0.00h,23.83h,packet_loss,low,"(12.5,162.5)",0.0,0.0
E_packet_loss_0345_0069,0.00h,23.83h,packet_loss,low,"(-12.5,-162.5)",0.0,0.0
E_packet_loss_0346_0164,0.00h,23.83h,packet_loss,low,"(-137.5,-37.5)",0.0,0.0
E_packet_loss_0347_0005,0.00h,23.83h,packet_loss,low,"(-112.5,-237.5)",0.0,0.0
E_packet_loss_0348_0086,0.00h,23.83h,packet_loss,low,"(-87.5,-137.5)",0.0,0.0
E_packet_loss_0349_0141,0.00h,23.83h,packet_loss,low,"(-212.5,-62.5)",0.0,0.0
E_packet_loss_0350_0310,0.00h,23.83h,packet_loss,low,"(12.5,137.5)",0.0,0.0
E_packet_loss_0351_0167,0.00h,23.83h,packet_loss,low,"(-62.5,-37.5)",0.0,0.0
E_packet_loss_0352_0146,0.00h,23.83h,packet_loss,low,"(-87.5,-62.5)",0.0,0.0
E_packet_loss_0353_0199,0.00h,23.83h,packet_loss,low,"(237.5,-12.5)",0.0,0.0
E_packet_loss_0354_0239,0.00h,23.83h,packet_loss,low,"(237.5,37.5)",0.0,0.0
E_packet_loss_0355_0169,0.00h,23.83h,packet_loss,low,"(-12.5,-37.5)",0.0,0.0
E_packet_loss_0356_0202,0.00h,23.83h,packet_loss,low,"(-187.5,12.5)",0.0,0.0
E_packet_loss_0357_0068,0.00h,23.83h,packet_loss,low,"(-37.5,-162.5)",0.0,0.0
E_packet_loss_0358_0385,0.00h,23.83h,packet_loss,low,"(-112.5,237.5)",0.0,0.0
E_packet_loss_0359_0163,0.00h,23.83h,packet_loss,low,"(-162.5,-37.5)",0.0,0.0
E_packet_loss_0360_0112,0.00h,23.83h,packet_loss,low,"(62.5,-112.5)",0.0,0.0
E_packet_loss_0361_0042,0.00h,23.83h,packet_loss,low,"(-187.5,-187.5)",0.0,0.0
E_packet_loss_0362_0263,0.00h,23.83h,packet_loss,low,"(-162.5,87.5)",0.0,0.0
E_packet_loss_0363_0208,0.00h,23.83h,packet_loss,low,"(-37.5,12.5)",0.0,0.0
E_packet_loss_0364_0121,0.00h,23.83h,packet_loss,low,"(-212.5,-87.5)",0.0,0.0
E_packet_loss_0365_0047,0.00h,23.83h,packet_loss,low,"(-62.5,-187.5)",0.0,0.0
E_packet_loss_0366_0297,0.00h,23.83h,packet_loss,low,"(187.5,112.5)",0.0,0.0
E_packet_loss_0367_0282,0.00h,23.83h,packet_loss,low,"(-187.5,112.5)",0.0,0.0
E_packet_loss_0368_0287,0.00h,23.83h,packet_loss,low,"(-62.5,112.5)",0.0,0.0
E_packet_loss_0369_0312,0.00h,23.83h,packet_loss,low,"(62.5,137.5)",0.0,0.0
E_packet_loss_0370_0179,0.00h,23.83h,packet_loss,low,"(237.5,-37.5)",0.0,0.0
E_packet_loss_0371_0013,0.00h,23.83h,packet_loss,low,"(87.5,-237.5)",0.0,0.0
E_packet_loss_0372_0181,0.00h,23.83h,packet_loss,low,"(-212.5,-12.5)",0.0,0.0
E_packet_loss_0373_0007,0.00h,23.83h,packet_loss,low,"(-62.5,-237.5)",0.0,0.0
E_packet_loss_0374_0397,0.00h,23.83h,packet_loss,low,"(187.5,237.5)",0.0,0.0
E_packet_loss_0375_0318,0.00h,23.83h,packet_loss,low,"(212.5,137.5)",0.0,0.0
E_packet_loss_0376_0322,0.00h,23.83h,packet_loss,low,"(-187.5,162.5)",0.0,0.0
E_packet_loss_0377_0331,0.00h,23.83h,packet_loss,low,"(37.5,162.5)",0.0,0.0
E_packet_loss_0378_0295,0.00h,23.83h,packet_loss,low,"(137.5,112.5)",0.0,0.0
E_packet_loss_0379_0345,0.00h,23.83h,packet_loss,low,"(-112.5,187.5)",0.0,0.0
E_packet_loss_0380_0132,0.00h,23.83h,packet_loss,low,"(62.5,-87.5)",0.0,0.0
E_packet_loss_0381_0368,0.00h,23.83h,packet_loss,low,"(-37.5,212.5)",0.0,0.0
E_packet_loss_0382_0188,0.00h,23.83h,packet_loss,low,"(-37.5,-12.5)",0.0,0.0
E_packet_loss_0383_0061,0.00h,23.83h,packet_loss,low,"(-212.5,-162.5)",0.0,0.0
E_packet_loss_0384_0077,0.00h,23.83h,packet_loss,low,"(187.5,-162.5)",0.0,0.0
E_packet_loss_0385_0024,0.00h,23.83h,packet_loss,low,"(-137.5,-212.5)",0.0,0.0
E_packet_loss_0386_0148,0.00h,23.83h,packet_loss,low,"(-37.5,-62.5)",0.0,0.0
E_packet_loss_0387_0389,0.00h,23.83h,packet_loss,low,"(-12.5,237.5)",0.0,0.0
E_packet_loss_0388_0051,0.00h,23.83h,packet_loss,low,"(37.5,-187.5)",0.0,0.0
E_packet_loss_0389_0036,0.00h,23.83h,packet_loss,low,"(162.5,-212.5)",0.0,0.0
E_packet_loss_0390_0157,0.00h,23.83h,packet_loss,low,"(187.5,-62.5)",0.0,0.0
E_packet_loss_0391_0220,0.00h,23.83h,packet_loss,low,"(-237.5,37.5)",0.0,0.0
E_packet_loss_0392_0026,0.00h,23.83h,packet_loss,low,"(-87.5,-212.5)",0.0,0.0
E_packet_loss_0393_0388,0.00h,23.83h,packet_loss,low,"(-37.5,237.5)",0.0,0.0
E_packet_loss_0394_0196,0.00h,23.83h,packet_loss,low,"(162.5,-12.5)",0.0,0.0
E_packet_loss_0395_0098,0.00h,23.83h,packet_loss,low,"(212.5,-137.5)",0.0,0.0
E_packet_loss_0396_0287,0.00h,23.83h,packet_loss,low,"(-62.5,112.5)",0.0,0.0
E_packet_loss_0397_0370,0.00h,23.83h,packet_loss,low,"(12.5,212.5)",0.0,0.0
E_packet_loss_0398_0087,0.00h,23.83h,packet_loss,low,"(-62.5,-137.5)",0.0,0.0
E_packet_loss_0399_0328,0.00h,23.83h,packet_loss,low,"(-37.5,162.5)",0.0,0.0
E_packet_loss_0400_0027,0.00h,23.83h,packet_loss,low,"(-62.5,-212.5)",0.0,0.0
E_packet_loss_0401_0228,0.00h,23.83h,packet_loss,low,"(-37.5,37.5)",0.0,0.0
E_packet_loss_0402_0353,0.00h,23.83h,packet_loss,low,"(87.5,187.5)",0.0,0.0
E_packet_loss_0403_0072,0.00h,23.83h,packet_loss,low,"(62.5,-162.5)",0.0,0.0
E_packet_loss_0404_0371,0.00h,23.83h,packet_loss,low,"(37.5,212.5)",0.0,0.0
E_packet_loss_0405_0314,0.00h,23.83h,packet_loss,low,"(112.5,137.5)",0.0,0.0
E_packet_loss_0406_0062,0.00h,23.83h,packet_loss,low,"(-187.5,-162.5)",0.0,0.0
E_packet_loss_0407_0212,0.00h,23.83h,packet_loss,low,"(62.5,12.5)",0.0,0.0
E_packet_loss_0408_0091,0.00h,23.83h,packet_loss,low,"(37.5,-137.5)",0.0,0.0
E_packet_loss_0409_0331,0.00h,23.83h,packet_loss,low,"(37.5,162.5)",0.0,0.0
E_packet_loss_0410_0203,0.00h,23.83h,packet_loss,low,"(-162.5,12.5)",0.0,0.0
E_packet_loss_0411_0335,0.00h,23.83h,packet_loss,low,"(137.5,162.5)",0.0,0.0
E_packet_loss_0412_0008,0.00h,23.83h,packet_loss,low,"(-37.5,-237.5)",0.0,0.0
E_packet_loss_0413_0312,0.00h,23.83h,packet_loss,low,"(62.5,137.5)",0.0,0.0
E_packet_loss_0414_0194,0.00h,23.83h,packet_loss,low,"(112.5,-12.5)",0.0,0.0
E_packet_loss_0415_0394,0.00h,23.83h,packet_loss,low,"(112.5,237.5)",0.0,0.0
E_packet_loss_0416_0036,0.00h,23.83h,packet_loss,low,"(162.5,-212.5)",0.0,0.0
E_packet_loss_0417_0063,0.00h,23.83h,packet_loss,low,"(-162.5,-162.5)",0.0,0.0
E_packet_loss_0418_0130,0.00h,23.83h,packet_loss,low,"(12.5,-87.5)",0.0,0.0
E_packet_loss_0419_0233,0.00h,23.83h,packet_loss,low,"(87.5,37.5)",0.0,0.0
E_packet_loss_0420_0272,0.00h,23.83h,packet_loss,low,"(62.5,87.5)",0.0,0.0
E_packet_loss_0421_0370,0.00h,23.83h,packet_loss,low,"(12.5,212.5)",0.0,0.0
E_packet_loss_0422_0337,0.00h,23.83h,packet_loss,low,"(187.5,162.5)",0.0,0.0
E_packet_loss_0423_0298,0.00h,23.83h,packet_loss,low,"(212.5,112.5)",0.0,0.0
E_packet_loss_0424_0130,0.00h,23.83h,packet_loss,low,"(12.5,-87.5)",0.0,0.0
E_packet_loss_0425_0388,0.00h,23.83h,packet_loss,low,"(-37.5,237.5)",0.0,0.0
E_packet_loss_0426_0271,0.00h,23.83h,packet_loss,low,"(37.5,87.5)",0.0,0.0
E_packet_loss_0427_0111,0.00h,23.83h,packet_loss,low,"(37.5,-112.5)",0.0,0.0
E_packet_loss_0428_0001,0.00h,23.83h,packet_loss,low,"(-212.5,-237.5)",0.0,0.0
E_packet_loss_0429_0036,0.00h,23.83h,packet_loss,low,"(162.5,-212.5)",0.0,0.0
E_packet_loss_0430_0197,0.00h,23.83h,packet_loss,low,"(187.5,-12.5)",0.0,0.0
E_packet_loss_0431_0220,0.00h,23.83h,packet_loss,low,"(-237.5,37.5)",0.0,0.0
E_packet_loss_0432_0038,0.00h,23.83h,packet_loss,low,"(212.5,-212.5)",0.0,0.0
E_packet_loss_0433_0179,0.00h,23.83h,packet_loss,low,"(237.5,-37.5)",0.0,0.0
E_packet_loss_0434_0231,0.00h,23.83h,packet_loss,low,"(37.5,37.5)",0.0,0.0
E_packet_loss_0435_0374,0.00h,23.83h,packet_loss,low,"(112.5,212.5)",0.0,0.0
E_packet_loss_0436_0191,0.00h,23.83h,packet_loss,low,"(37.5,-12.5)",0.0,0.0
E_packet_loss_0437_0386,0.00h,23.83h,packet_loss,low,"(-87.5,237.5)",0.0,0.0
E_packet_loss_0438_0024,0.00h,23.83h,packet_loss,low,"(-137.5,-212.5)",0.0,0.0
E_packet_loss_0439_0234,0.00h,23.83h,packet_loss,low,"(112.5,37.5)",0.0,0.0
E_packet_loss_0440_0120,0.00h,23.83h,packet_loss,low,"(-237.5,-87.5)",0.0,0.0
E_packet_loss_0441_0118,0.00h,23.83h,packet_loss,low,"(212.5,-112.5)",0.0,0.0
E_packet_loss_0442_0262,0.00h,23.83h,packet_loss,low,"(-187.5,87.5)",0.0,0.0
E_packet_loss_0443_0305,0.00h,23.83h,packet_loss,low,"(-112.5,137.5)",0.0,0.0
E_packet_loss_0444_0087,0.00h,23.83h,packet_loss,low,"(-62.5,-137.5)",0.0,0.0
E_packet_loss_0445_0318,0.00h,23.83h,packet_loss,low,"(212.5,137.5)",0.0,0.0
E_packet_loss_0446_0306,0.00h,23.83h,packet_loss,low,"(-87.5,137.5)",0.0,0.0
E_packet_loss_0447_0236,0.00h,23.83h,packet_loss,low,"(162.5,37.5)",0.0,0.0
E_packet_loss_0448_0202,0.00h,23.83h,packet_loss,low,"(-187.5,12.5)",0.0,0.0
E_packet_loss_0449_0275,0.00h,23.83h,packet_loss,low,"(137.5,87.5)",0.0,0.0
E_packet_loss_0450_0164,0.00h,23.83h,packet_loss,low,"(-137.5,-37.5)",0.0,0.0
E_packet_loss_0451_0305,0.00h,23.83h,packet_loss,low,"(-112.5,137.5)",0.0,0.0
E_packet_loss_0452_0058,0.00h,23.83h,packet_loss,low,"(212.5,-187.5)",0.0,0.0
E_packet_loss_0453_0217,0.00h,23.83h,packet_loss,low,"(187.5,12.5)",0.0,0.0
E_packet_loss_0454_0300,0.00h,23.83h,packet_loss,low,"(-237.5,137.5)",0.0,0.0
E_packet_loss_0455_0049,0.00h,23.83h,packet_loss,low,"(-12.5,-187.5)",0.0,0.0
E_packet_loss_0456_0004,0.00h,23.83h,packet_loss,low,"(-137.5,-237.5)",0.0,0.0
E_packet_loss_0457_0182,0.00h,23.83h,packet_loss,low,"(-187.5,-12.5)",0.0,0.0
E_packet_loss_0458_0276,0.00h,23.83h,packet_loss,low,"(162.5,87.5)",0.0,0.0
E_packet_loss_0459_0221,0.00h,23.83h,packet_loss,low,"(-212.5,37.5)",0.0,0.0
E_packet_loss_0460_0334,0.00h,23.83h,packet_loss,low,"(112.5,162.5)",0.0,0.0
E_packet_loss_0461_0042,0.00h,23.83h,packet_loss,low,"(-187.5,-187.5)",0.0,0.0
E_packet_loss_0462_0062,0.00h,23.83h,packet_loss,low,"(-187.5,-162.5)",0.0,0.0
E_packet_loss_0463_0352,0.00h,23.83h,packet_loss,low,"(62.5,187.5)",0.0,0.0
E_packet_loss_0464_0195,0.00h,23.83h,packet_loss,low,"(137.5,-12.5)",0.0,0.0
E_packet_loss_0465_0218,0.00h,23.83h,packet_loss,low,"(212.5,12.5)",0.0,0.0
E_packet_loss_0466_0152,0.00h,23.83h,packet_loss,low,"(62.5,-62.5)",0.0,0.0
E_packet_loss_0467_0117,0.00h,23.83h,packet_loss,low,"(187.5,-112.5)",0.0,0.0
E_packet_loss_0468_0332,0.00h,23.83h,packet_loss,low,"(62.5,162.5)",0.0,0.0
E_packet_loss_0469_0042,0.00h,23.83h,packet_loss,low,"(-187.5,-187.5)",0.0,0.0
E_packet_loss_0470_0321,0.00h,23.83h,packet_loss,low,"(-212.5,162.5)",0.0,0.0
E_packet_loss_0471_0327,0.00h,23.83h,packet_loss,low,"(-62.5,162.5)",0.0,0.0
E_packet_loss_0472_0161,0.00h,23.83h,packet_loss,low,"(-212.5,-37.5)",0.0,0.0
E_packet_loss_0473_0029,0.00h,23.83h,packet_loss,low,"(-12.5,-212.5)",0.0,0.0
E_packet_loss_0474_0005,0.00h,23.83h,packet_loss,low,"(-112.5,-237.5)",0.0,0.0
E_packet_loss_0475_0283,0.00h,23.83h,packet_loss,low,"(-162.5,112.5)",0.0,0.0
E_packet_loss_0476_0080,0.00h,23.83h,packet_loss,low,"(-237.5,-137.5)",0.0,0.0
E_packet_loss_0477_0274,0.00h,23.83h,packet_loss,low,"(112.5,87.5)",0.0,0.0
E_packet_loss_0478_0259,0.00h,23.83h,packet_loss,low,"(237.5,62.5)",0.0,0.0
E_packet_loss_0479_0383,0.00h,23.83h,packet_loss,low,"(-162.5,237.5)",0.0,0.0
E_packet_loss_0480_0161,0.00h,23.83h,packet_loss,low,"(-212.5,-37.5)",0.0,0.0
E_packet_loss_0481_0138,0.00h,23.83h,packet_loss,low,"(212.5,-87.5)",0.0,0.0
E_packet_loss_0482_0241,0.00h,23.83h,packet_loss,low,"(-212.5,62.5)",0.0,0.0
E_packet_loss_0483_0326,0.00h,23.83h,packet_loss,low,"(-87.5,162.5)",0.0,0.0
E_packet_loss_0484_0359,0.00h,23.83h,packet_loss,low,"(237.5,187.5)",0.0,0.0
E_packet_loss_0485_0177,0.00h,23.83h,packet_loss,low,"(187.5,-37.5)",0.0,0.0
E_packet_loss_0486_0201,0.00h,23.83h,packet_loss,low,"(-212.5,12.5)",0.0,0.0
E_packet_loss_0487_0375,0.00h,23.83h,packet_loss,low,"(137.5,212.5)",0.0,0.0
E_packet_loss_0488_0374,0.00h,23.83h,packet_loss,low,"(112.5,212.5)",0.0,0.0
E_packet_loss_0489_0170,0.00h,23.83h,packet_loss,low,"(12.5,-37.5)",0.0,0.0
E_packet_loss_0490_0066,0.00h,23.83h,packet_loss,low,"(-87.5,-162.5)",0.0,0.0
E_packet_loss_0491_0314,0.00h,23.83h,packet_loss,low,"(112.5,137.5)",0.0,0.0
E_packet_loss_0492_0119,0.00h,23.83h,packet_loss,low,"(237.5,-112.5)",0.0,0.0
E_packet_loss_0493_0167,0.00h,23.83h,packet_loss,low,"(-62.5,-37.5)",0.0,0.0
E_packet_loss_0494_0051,0.00h,23.83h,packet_loss,low,"(37.5,-187.5)",0.0,0.0
E_packet_loss_0495_0014,0.00h,23.83h,packet_loss,low,"(112.5,-237.5)",0.0,0.0
E_packet_loss_0496_0328,0.00h,23.83h,packet_loss,low,"(-37.5,162.5)",0.0,0.0
E_packet_loss_0497_0046,0.00h,23.83h,packet_loss,low,"(-87.5,-187.5)",0.0,0.0
E_packet_loss_0498_0077,0.00h,23.83h,packet_loss,low,"(187.5,-162.5)",0.0,0.0
E_packet_loss_0499_0172,0.00h,23.83h,packet_loss,low,"(62.5,-37.5)",0.0,0.0
E_packet_loss_0500_0321,0.00h,23.83h,packet_loss,low,"(-212.5,162.5)",0.0,0.0
E_packet_loss_0501_0208,0.00h,23.83h,packet_loss,low,"(-37.5,12.5)",0.0,0.0
E_packet_loss_0502_0142,0.00h,23.83h,packet_loss,low,"(-187.5,-62.5)",0.0,0.0
E_packet_loss_0503_0191,0.00h,23.83h,packet_loss,low,"(37.5,-12.5)",0.0,0.0
E_packet_loss_0504_0345,0.00h,23.83h,packet_loss,low,"(-112.5,187.5)",0.0,0.0
E_packet_loss_0505_0319,0.00h,23.83h,packet_loss,low,"(237.5,137.5)",0.0,0.0
E_packet_loss_0506_0309,0.00h,23.83h,packet_loss,low,"(-12.5,137.5)",0.0,0.0
E_packet_loss_0507_0010,0.00h,23.83h,packet_loss,low,"(12.5,-237.5)",0.0,0.0
E_packet_loss_0508_0227,0.00h,23.83h,packet_loss,low,"(-62.5,37.5)",0.0,0.0
E_packet_loss_0509_0205,0.00h,23.83h,packet_loss,low,"(-112.5,12.5)",0.0,0.0
E_packet_loss_0510_0192,0.00h,23.83h,packet_loss,low,"(62.5,-12.5)",0.0,0.0
E_packet_loss_0511_0062,0.00h,23.83h,packet_loss,low,"(-187.5,-162.5)",0.0,0.0
E_packet_loss_0512_0242,0.00h,23.83h,packet_loss,low,"(-187.5,62.5)",0.0,0.0
E_packet_loss_0513_0183,0.00h,23.83h,packet_loss,low,"(-162.5,-12.5)",0.0,0.0
E_packet_loss_0514_0162,0.00h,23.83h,packet_loss,low,"(-187.5,-37.5)",0.0,0.0
E_packet_loss_0515_0244,0.00h,23.83h,packet_loss,low,"(-137.5,62.5)",0.0,0.0
E_packet_loss_0516_0007,0.00h,23.83h,packet_loss,low,"(-62.5,-237.5)",0.0,0.0
E_packet_loss_0517_0180,0.00h,23.83h,packet_loss,low,"(-237.5,-12.5)",0.0,0.0
E_packet_loss_0518_0148,0.00h,23.83h,packet_loss,low,"(-37.5,-62.5)",0.0,0.0
E_packet_loss_0519_0272,0.00h,23.83h,packet_loss,low,"(62.5,87.5)",0.0,0.0
E_packet_loss_0520_0010,0.00h,23.83h,packet_loss,low,"(12.5,-237.5)",0.0,0.0
E_packet_loss_0521_0097,0.00h,23.83h,packet_loss,low,"(187.5,-137.5)",0.0,0.0
E_packet_loss_0522_0349,0.00h,23.83h,packet_loss,low,"(-12.5,187.5)",0.0,0.0
E_packet_loss_0523_0215,0.00h,23.83h,packet_loss,low,"(137.5,12.5)",0.0,0.0
E_packet_loss_0524_0003,0.00h,23.83h,packet_loss,low,"(-162.5,-237.5)",0.0,0.0
E_packet_loss_0525_0338,0.00h,23.83h,packet_loss,low,"(212.5,162.5)",0.0,0.0
E_packet_loss_0526_0398,0.00h,23.83h,packet_loss,low,"(212.5,237.5)",0.0,0.0
E_packet_loss_0527_0028,0.00h,23.83h,packet_loss,low,"(-37.5,-212.5)",0.0,0.0
E_packet_loss_0528_0368,0.00h,23.83h,packet_loss,low,"(-37.5,212.5)",0.0,0.0
E_packet_loss_0529_0198,0.00h,23.83h,packet_loss,low,"(212.5,-12.5)",0.0,0.0
E_packet_loss_0530_0032,0.00h,23.83h,packet_loss,low,"(62.5,-212.5)",0.0,0.0
E_packet_loss_0531_0111,0.00h,23.83h,packet_loss,low,"(37.5,-112.5)",0.0,0.0
E_packet_loss_0532_0329,0.00h,23.83h,packet_loss,low,"(-12.5,162.5)",0.0,0.0
E_packet_loss_0533_0347,0.00h,23.83h,packet_loss,low,"(-62.5,187.5)",0.0,0.0
E_packet_loss_0534_0226,0.00h,23.83h,packet_loss,low,"(-87.5,37.5)",0.0,0.0
E_packet_loss_0535_0358,0.00h,23.83h,packet_loss,low,"(212.5,187.5)",0.0,0.0
E_packet_loss_0536_0059,0.00h,23.83h,packet_loss,low,"(237.5,-187.5)",0.0,0.0
E_packet_loss_0537_0056,0.00h,23.83h,packet_loss,low,"(162.5,-187.5)",0.0,0.0
E_packet_loss_0538_0068,0.00h,23.83h,packet_loss,low,"(-37.5,-162.5)",0.0,0.0
E_packet_loss_0539_0063,0.00h,23.83h,packet_loss,low,"(-162.5,-162.5)",0.0,0.0
E_packet_loss_0540_0026,0.00h,23.83h,packet_loss,low,"(-87.5,-212.5)",0.0,0.0
E_packet_loss_0541_0270,0.00h,23.83h,packet_loss,low,"(12.5,87.5)",0.0,0.0
E_packet_loss_0542_0190,0.00h,23.83h,packet_loss,low,"(12.5,-12.5)",0.0,0.0
E_packet_loss_0543_0298,0.00h,23.83h,packet_loss,low,"(212.5,112.5)",0.0,0.0
E_packet_loss_0544_0232,0.00h,23.83h,packet_loss,low,"(62.5,37.5)",0.0,0.0
E_packet_loss_0545_0295,0.00h,23.83h,packet_loss,low,"(137.5,112.5)",0.0,0.0
E_packet_loss_0546_0131,0.00h,23.83h,packet_loss,low,"(37.5,-87.5)",0.0,0.0
E_packet_loss_0547_0340,0.00h,23.83h,packet_loss,low,"(-237.5,187.5)",0.0,0.0
E_packet_loss_0548_0128,0.00h,23.83h,packet_loss,low,"(-37.5,-87.5)",0.0,0.0
E_packet_loss_0549_0113,0.00h,23.83h,packet_loss,low,"(87.5,-112.5)",0.0,0.0
E_packet_loss_0550_0292,0.00h,23.83h,packet_loss,low,"(62.5,112.5)",0.0,0.0
E_packet_loss_0551_0291,0.00h,23.83h,packet_loss,low,"(37.5,112.5)",0.0,0.0
E_packet_loss_0552_0237,0.00h,23.83h,packet_loss,low,"(187.5,37.5)",0.0,0.0
E_packet_loss_0553_0274,0.00h,23.83h,packet_loss,low,"(112.5,87.5)",0.0,0.0
E_packet_loss_0554_0394,0.00h,23.83h,packet_loss,low,"(112.5,237.5)",0.0,0.0
E_packet_loss_0555_0072,0.00h,23.83h,packet_loss,low,"(62.5,-162.5)",0.0,0.0
E_packet_loss_0556_0091,0.00h,23.83h,packet_loss,low,"(37.5,-137.5)",0.0,0.0
E_packet_loss_0557_0355,0.00h,23.83h,packet_loss,low,"(137.5,187.5)",0.0,0.0
E_packet_loss_0558_0218,0.00h,23.83h,packet_loss,low,"(212.5,12.5)",0.0,0.0
E_packet_loss_0559_0001,0.00h,23.83h,packet_loss,low,"(-212.5,-237.5)",0.0,0.0
E_packet_loss_0560_0082,0.00h,23.83h,packet_loss,low,"(-187.5,-137.5)",0.0,0.0
E_packet_loss_0561_0327,0.00h,23.83h,packet_loss,low,"(-62.5,162.5)",0.0,0.0
E_packet_loss_0562_0374,0.00h,23.83h,packet_loss,low,"(112.5,212.5)",0.0,0.0
E_packet_loss_0563_0219,0.00h,23.83h,packet_loss,low,"(237.5,12.5)",0.0,0.0
E_packet_loss_0564_0101,0.00h,23.83h,packet_loss,low,"(-212.5,-112.5)",0.0,0.0
E_packet_loss_0565_0332,0.00h,23.83h,packet_loss,low,"(62.5,162.5)",0.0,0.0
E_packet_loss_0566_0014,0.00h,23.83h,packet_loss,low,"(112.5,-237.5)",0.0,0.0
E_packet_loss_0567_0092,0.00h,23.83h,packet_loss,low,"(62.5,-137.5)",0.0,0.0
E_packet_loss_0568_0120,0.00h,23.83h,packet_loss,low,"(-237.5,-87.5)",0.0,0.0
E_packet_loss_0569_0080,0.00h,23.83h,packet_loss,low,"(-237.5,-137.5)",0.0,0.0
E_packet_loss_0570_0385,0.00h,23.83h,packet_loss,low,"(-112.5,237.5)",0.0,0.0
E_packet_loss_0571_0098,0.00h,23.83h,packet_loss,low,"(212.5,-137.5)",0.0,0.0
E_packet_loss_0572_0273,0.00h,23.83h,packet_loss,low,"(87.5,87.5)",0.0,0.0
E_packet_loss_0573_0131,0.00h,23.83h,packet_loss,low,"(37.5,-87.5)",0.0,0.0
E_packet_loss_0574_0347,0.00h,23.83h,packet_loss,low,"(-62.5,187.5)",0.0,0.0
E_packet_loss_0575_0294,0.00h,23.83h,packet_loss,low,"(112.5,112.5)",0.0,0.0
E_packet_loss_0576_0265,0.00h,23.83h,packet_loss,low,"(-112.5,87.5)",0.0,0.0
E_packet_loss_0577_0030,0.00h,23.83h,packet_loss,low,"(12.5,-212.5)",0.0,0.0
E_packet_loss_0578_0066,0.00h,23.83h,packet_loss,low,"(-87.5,-162.5)",0.0,0.0
E_packet_loss_0579_0191,0.00h,23.83h,packet_loss,low,"(37.5,-12.5)",0.0,0.0
E_packet_loss_0580_0070,0.00h,23.83h,packet_loss,low,"(12.5,-162.5)",0.0,0.0
E_packet_loss_0581_0261,0.00h,23.83h,packet_loss,low,"(-212.5,87.5)",0.0,0.0
E_packet_loss_0582_0046,0.00h,23.83h,packet_loss,low,"(-87.5,-187.5)",0.0,0.0
E_packet_loss_0583_0238,0.00h,23.83h,packet_loss,low,"(212.5,37.5)",0.0,0.0
E_packet_loss_0584_0041,0.00h,23.83h,packet_loss,low,"(-212.5,-187.5)",0.0,0.0
E_packet_loss_0585_0109,0.00h,23.83h,packet_loss,low,"(-12.5,-112.5)",0.0,0.0
E_packet_loss_0586_0114,0.00h,23.83h,packet_loss,low,"(112.5,-112.5)",0.0,0.0
E_packet_loss_0587_0109,0.00h,23.83h,packet_loss,low,"(-12.5,-112.5)",0.0,0.0
E_packet_loss_0588_0317,0.00h,23.83h,packet_loss,low,"(187.5,137.5)",0.0,0.0
E_packet_loss_0589_0217,0.00h,23.83h,packet_loss,low,"(187.5,12.5)",0.0,0.0
E_packet_loss_0590_0327,0.00h,23.83h,packet_loss,low,"(-62.5,162.5)",0.0,0.0
E_packet_loss_0591_0339,0.00h,23.83h,packet_loss,low,"(237.5,162.5)",0.0,0.0
E_packet_loss_0592_0268,0.00h,23.83h,packet_loss,low,"(-37.5,87.5)",0.0,0.0
E_packet_loss_0593_0169,0.00h,23.83h,packet_loss,low,"(-12.5,-37.5)",0.0,0.0
E_packet_loss_0594_0181,0.00h,23.83h,packet_loss,low,"(-212.5,-12.5)",0.0,0.0
E_packet_loss_0595_0060,0.00h,23.83h,packet_loss,low,"(-237.5,-162.5)",0.0,0.0
E_packet_loss_0596_0291,0.00h,23.83h,packet_loss,low,"(37.5,112.5)",0.0,0.0
E_packet_loss_0597_0087,0.00h,23.83h,packet_loss,low,"(-62.5,-137.5)",0.0,0.0
E_packet_loss_0598_0073,0.00h,23.83h,packet_loss,low,"(87.5,-162.5)",0.0,0.0
E_packet_loss_0599_0130,0.00h,23.83h,packet_loss,low,"(12.5,-87.5)",0.0,0.0
E_packet_loss_0600_0089,0.00h,23.83h,packet_loss,low,"(-12.5,-137.5)",0.0,0.0
E_packet_loss_0601_0086,0.00h,23.83h,packet_loss,low,"(-87.5,-137.5)",0.0,0.0
E_packet_loss_0602_0025,0.00h,23.83h,packet_loss,low,"(-112.5,-212.5)",0.0,0.0
E_packet_loss_0603_0009,0.00h,23.83h,packet_loss,low,"(-12.5,-237.5)",0.0,0.0
E_packet_loss_0604_0328,0.00h,23.83h,packet_loss,low,"(-37.5,162.5)",0.0,0.0
E_packet_loss_0605_0387,0.00h,23.83h,packet_loss,low,"(-62.5,237.5)",0.0,0.0
E_packet_loss_0606_0283,0.00h,23.83h,packet_loss,low,"(-162.5,112.5)",0.0,0.0
E_packet_loss_0607_0366,0.00h,23.83h,packet_loss,low,"(-87.5,212.5)",0.0,0.0
E_packet_loss_0608_0394,0.00h,23.83h,packet_loss,low,"(112.5,237.5)",0.0,0.0
E_packet_loss_0609_0234,0.00h,23.83h,packet_loss,low,"(112.5,37.5)",0.0,0.0
E_packet_loss_0610_0215,0.00h,23.83h,packet_loss,low,"(137.5,12.5)",0.0,0.0
E_packet_loss_0611_0007,0.00h,23.83h,packet_loss,low,"(-62.5,-237.5)",0.0,0.0
E_packet_loss_0612_0010,0.00h,23.83h,packet_loss,low,"(12.5,-237.5)",0.0,0.0
E_packet_loss_0613_0169,0.00h,23.83h,packet_loss,low,"(-12.5,-37.5)",0.0,0.0
E_packet_loss_0614_0193,0.00h,23.83h,packet_loss,low,"(87.5,-12.5)",0.0,0.0
E_packet_loss_0615_0100,0.00h,23.83h,packet_loss,low,"(-237.5,-112.5)",0.0,0.0
E_packet_loss_0616_0052,0.00h,23.83h,packet_loss,low,"(62.5,-187.5)",0.0,0.0
E_packet_loss_0617_0086,0.00h,23.83h,packet_loss,low,"(-87.5,-137.5)",0.0,0.0
E_packet_loss_0618_0071,0.00h,23.83h,packet_loss,low,"(37.5,-162.5)",0.0,0.0
E_packet_loss_0619_0113,0.00h,23.83h,packet_loss,low,"(87.5,-112.5)",0.0,0.0
E_packet_loss_0620_0025,0.00h,23.83h,packet_loss,low,"(-112.5,-212.5)",0.0,0.0
E_packet_loss_0621_0253,0.00h,23.83h,packet_loss,low,"(87.5,62.5)",0.0,0.0
E_packet_loss_0622_0289,0.00h,23.83h,packet_loss,low,"(-12.5,112.5)",0.0,0.0
E_packet_loss_0623_0138,0.00h,23.83h,packet_loss,low,"(212.5,-87.5)",0.0,0.0
E_packet_loss_0624_0366,0.00h,23.83h,packet_loss,low,"(-87.5,212.5)",0.0,0.0
E_single_node_disturbance_0000_0151,0.00h,23.83h,single_node_disturbance,low,"(37.5,-62.5)",0.0,0.0
E_single_node_disturbance_0001_0075,0.00h,23.83h,single_node_disturbance,low,"(137.5,-162.5)",0.0,0.0
E_single_node_disturbance_0002_0041,0.00h,23.83h,single_node_disturbance,low,"(-212.5,-187.5)",0.0,0.0
E_single_node_disturbance_0003_0198,0.00h,23.83h,single_node_disturbance,low,"(212.5,-12.5)",0.0,0.0
E_single_node_disturbance_0004_0337,0.00h,23.83h,single_node_disturbance,low,"(187.5,162.5)",0.0,0.0
E_single_node_disturbance_0005_0105,0.00h,23.83h,single_node_disturbance,low,"(-112.5,-112.5)",0.0,0.0
E_single_node_disturbance_0006_0164,0.00h,23.83h,single_node_disturbance,low,"(-137.5,-37.5)",0.0,0.0
E_single_node_disturbance_0007_0143,0.00h,23.83h,single_node_disturbance,low,"(-162.5,-62.5)",0.0,0.0
E_single_node_disturbance_0008_0044,0.00h,23.83h,single_node_disturbance,low,"(-137.5,-187.5)",0.0,0.0
E_single_node_disturbance_0009_0116,0.00h,23.83h,single_node_disturbance,low,"(162.5,-112.5)",0.0,0.0
E_single_node_disturbance_0010_0387,0.00h,23.83h,single_node_disturbance,low,"(-62.5,237.5)",0.0,0.0
E_single_node_disturbance_0011_0131,0.00h,23.83h,single_node_disturbance,low,"(37.5,-87.5)",0.0,0.0
E_single_node_disturbance_0012_0057,0.00h,23.83h,single_node_disturbance,low,"(187.5,-187.5)",0.0,0.0
E_single_node_disturbance_0013_0175,0.00h,23.83h,single_node_disturbance,low,"(137.5,-37.5)",0.0,0.0
E_single_node_disturbance_0014_0229,0.00h,23.83h,single_node_disturbance,low,"(-12.5,37.5)",0.0,0.0
E_single_node_disturbance_0015_0245,0.00h,23.83h,single_node_disturbance,low,"(-112.5,62.5)",0.0,0.0
E_single_node_disturbance_0016_0231,0.00h,23.83h,single_node_disturbance,low,"(37.5,37.5)",0.0,0.0
E_single_node_disturbance_0017_0198,0.00h,23.83h,single_node_disturbance,low,"(212.5,-12.5)",0.0,0.0
E_single_node_disturbance_0018_0029,0.00h,23.83h,single_node_disturbance,low,"(-12.5,-212.5)",0.0,0.0
E_single_node_disturbance_0019_0266,0.00h,23.83h,single_node_disturbance,low,"(-87.5,87.5)",0.0,0.0
E_single_node_disturbance_0020_0011,0.00h,23.83h,single_node_disturbance,low,"(37.5,-237.5)",0.0,0.0
E_single_node_disturbance_0021_0207,0.00h,23.83h,single_node_disturbance,low,"(-62.5,12.5)",0.0,0.0
E_single_node_disturbance_0022_0372,0.00h,23.83h,single_node_disturbance,low,"(62.5,212.5)",0.0,0.0
E_single_node_disturbance_0023_0226,0.00h,23.83h,single_node_disturbance,low,"(-87.5,37.5)",0.0,0.0
E_single_node_disturbance_0024_0094,0.00h,23.83h,single_node_disturbance,low,"(112.5,-137.5)",0.0,0.0
E_single_node_disturbance_0025_0255,0.00h,23.83h,single_node_disturbance,low,"(137.5,62.5)",0.0,0.0
E_single_node_disturbance_0026_0350,0.00h,23.83h,single_node_disturbance,low,"(12.5,187.5)",0.0,0.0
E_single_node_disturbance_0027_0108,0.00h,23.83h,single_node_disturbance,low,"(-37.5,-112.5)",0.0,0.0
E_single_node_disturbance_0028_0023,0.00h,23.83h,single_node_disturbance,low,"(-162.5,-212.5)",0.0,0.0
E_single_node_disturbance_0029_0045,0.00h,23.83h,single_node_disturbance,low,"(-112.5,-187.5)",0.0,0.0
E_single_node_disturbance_0030_0355,0.00h,23.83h,single_node_disturbance,low,"(137.5,187.5)",0.0,0.0
E_single_node_disturbance_0031_0087,0.00h,23.83h,single_node_disturbance,low,"(-62.5,-137.5)",0.0,0.0
E_single_node_disturbance_0032_0084,0.00h,23.83h,single_node_disturbance,low,"(-137.5,-137.5)",0.0,0.0
E_single_node_disturbance_0033_0113,0.00h,23.83h,single_node_disturbance,low,"(87.5,-112.5)",0.0,0.0
E_single_node_disturbance_0034_0012,0.00h,23.83h,single_node_disturbance,low,"(62.5,-237.5)",0.0,0.0
E_single_node_disturbance_0035_0320,0.00h,23.83h,single_node_disturbance,low,"(-237.5,162.5)",0.0,0.0
E_single_node_disturbance_0036_0378,0.00h,23.83h,single_node_disturbance,low,"(212.5,212.5)",0.0,0.0
E_single_node_disturbance_0037_0310,0.00h,23.83h,single_node_disturbance,low,"(12.5,137.5)",0.0,0.0
E_single_node_disturbance_0038_0088,0.00h,23.83h,single_node_disturbance,low,"(-37.5,-137.5)",0.0,0.0
E_single_node_disturbance_0039_0340,0.00h,23.83h,single_node_disturbance,low,"(-237.5,187.5)",0.0,0.0
E_single_node_disturbance_0040_0176,0.00h,23.83h,single_node_disturbance,low,"(162.5,-37.5)",0.0,0.0
E_single_node_disturbance_0041_0302,0.00h,23.83h,single_node_disturbance,low,"(-187.5,137.5)",0.0,0.0
E_single_node_disturbance_0042_0384,0.00h,23.83h,single_node_disturbance,low,"(-137.5,237.5)",0.0,0.0
E_single_node_disturbance_0043_0318,0.00h,23.83h,single_node_disturbance,low,"(212.5,137.5)",0.0,0.0
E_single_node_disturbance_0044_0213,0.00h,23.83h,single_node_disturbance,low,"(87.5,12.5)",0.0,0.0
E_single_node_disturbance_0045_0005,0.00h,23.83h,single_node_disturbance,low,"(-112.5,-237.5)",0.0,0.0
E_single_node_disturbance_0046_0369,0.00h,23.83h,single_node_disturbance,low,"(-12.5,212.5)",0.0,0.0
E_single_node_disturbance_0047_0039,0.00h,23.83h,single_node_disturbance,low,"(237.5,-212.5)",0.0,0.0
E_single_node_disturbance_0048_0220,0.00h,23.83h,single_node_disturbance,low,"(-237.5,37.5)",0.0,0.0
E_single_node_disturbance_0049_0174,0.00h,23.83h,single_node_disturbance,low,"(112.5,-37.5)",0.0,0.0
E_single_node_disturbance_0050_0302,0.00h,23.83h,single_node_disturbance,low,"(-187.5,137.5)",0.0,0.0
E_single_node_disturbance_0051_0207,0.00h,23.83h,single_node_disturbance,low,"(-62.5,12.5)",0.0,0.0
E_single_node_disturbance_0052_0283,0.00h,23.83h,single_node_disturbance,low,"(-162.5,112.5)",0.0,0.0
E_single_node_disturbance_0053_0243,0.00h,23.83h,single_node_disturbance,low,"(-162.5,62.5)",0.0,0.0
E_single_node_disturbance_0054_0120,0.00h,23.83h,single_node_disturbance,low,"(-237.5,-87.5)",0.0,0.0
E_single_node_disturbance_0055_0167,0.00h,23.83h,single_node_disturbance,low,"(-62.5,-37.5)",0.0,0.0
E_single_node_disturbance_0056_0025,0.00h,23.83h,single_node_disturbance,low,"(-112.5,-212.5)",0.0,0.0
E_single_node_disturbance_0057_0132,0.00h,23.83h,single_node_disturbance,low,"(62.5,-87.5)",0.0,0.0
E_single_node_disturbance_0058_0057,0.00h,23.83h,single_node_disturbance,low,"(187.5,-187.5)",0.0,0.0
E_single_node_disturbance_0059_0210,0.00h,23.83h,single_node_disturbance,low,"(12.5,12.5)",0.0,0.0
E_single_node_disturbance_0060_0221,0.00h,23.83h,single_node_disturbance,low,"(-212.5,37.5)",0.0,0.0
E_single_node_disturbance_0061_0286,0.00h,23.83h,single_node_disturbance,low,"(-87.5,112.5)",0.0,0.0
E_single_node_disturbance_0062_0378,0.00h,23.83h,single_node_disturbance,low,"(212.5,212.5)",0.0,0.0
E_single_node_disturbance_0063_0186,0.00h,23.83h,single_node_disturbance,low,"(-87.5,-12.5)",0.0,0.0
E_single_node_disturbance_0064_0350,0.00h,23.83h,single_node_disturbance,low,"(12.5,187.5)",0.0,0.0
E_single_node_disturbance_0065_0141,0.00h,23.83h,single_node_disturbance,low,"(-212.5,-62.5)",0.0,0.0
E_single_node_disturbance_0066_0382,0.00h,23.83h,single_node_disturbance,low,"(-187.5,237.5)",0.0,0.0
E_single_node_disturbance_0067_0272,0.00h,23.83h,single_node_disturbance,low,"(62.5,87.5)",0.0,0.0
E_single_node_disturbance_0068_0054,0.00h,23.83h,single_node_disturbance,low,"(112.5,-187.5)",0.0,0.0
E_single_node_disturbance_0069_0104,0.00h,23.83h,single_node_disturbance,low,"(-137.5,-112.5)",0.0,0.0
E_single_node_disturbance_0070_0064,0.00h,23.83h,single_node_disturbance,low,"(-137.5,-162.5)",0.0,0.0
E_single_node_disturbance_0071_0076,0.00h,23.83h,single_node_disturbance,low,"(162.5,-162.5)",0.0,0.0
E_single_node_disturbance_0072_0209,0.00h,23.83h,single_node_disturbance,low,"(-12.5,12.5)",0.0,0.0
E_single_node_disturbance_0073_0024,0.00h,23.83h,single_node_disturbance,low,"(-137.5,-212.5)",0.0,0.0
E_single_node_disturbance_0074_0191,0.00h,23.83h,single_node_disturbance,low,"(37.5,-12.5)",0.0,0.0
E_single_node_disturbance_0075_0167,0.00h,23.83h,single_node_disturbance,low,"(-62.5,-37.5)",0.0,0.0
E_single_node_disturbance_0076_0027,0.00h,23.83h,single_node_disturbance,low,"(-62.5,-212.5)",0.0,0.0
E_single_node_disturbance_0077_0204,0.00h,23.83h,single_node_disturbance,low,"(-137.5,12.5)",0.0,0.0
E_single_node_disturbance_0078_0190,0.00h,23.83h,single_node_disturbance,low,"(12.5,-12.5)",0.0,0.0
E_single_node_disturbance_0079_0017,0.00h,23.83h,single_node_disturbance,low,"(187.5,-237.5)",0.0,0.0
E_single_node_disturbance_0080_0016,0.00h,23.83h,single_node_disturbance,low,"(162.5,-237.5)",0.0,0.0
E_single_node_disturbance_0081_0025,0.00h,23.83h,single_node_disturbance,low,"(-112.5,-212.5)",0.0,0.0
E_single_node_disturbance_0082_0129,0.00h,23.83h,single_node_disturbance,low,"(-12.5,-87.5)",0.0,0.0
E_single_node_disturbance_0083_0331,0.00h,23.83h,single_node_disturbance,low,"(37.5,162.5)",0.0,0.0
E_single_node_disturbance_0084_0247,0.00h,23.83h,single_node_disturbance,low,"(-62.5,62.5)",0.0,0.0
E_single_node_disturbance_0085_0146,0.00h,23.83h,single_node_disturbance,low,"(-87.5,-62.5)",0.0,0.0
E_single_node_disturbance_0086_0327,0.00h,23.83h,single_node_disturbance,low,"(-62.5,162.5)",0.0,0.0
E_single_node_disturbance_0087_0124,0.00h,23.83h,single_node_disturbance,low,"(-137.5,-87.5)",0.0,0.0
E_single_node_disturbance_0088_0387,0.00h,23.83h,single_node_disturbance,low,"(-62.5,237.5)",0.0,0.0
E_single_node_disturbance_0089_0062,0.00h,23.83h,single_node_disturbance,low,"(-187.5,-162.5)",0.0,0.0
E_single_node_disturbance_0090_0004,0.00h,23.83h,single_node_disturbance,low,"(-137.5,-237.5)",0.0,0.0
E_single_node_disturbance_0091_0093,0.00h,23.83h,single_node_disturbance,low,"(87.5,-137.5)",0.0,0.0
E_single_node_disturbance_0092_0244,0.00h,23.83h,single_node_disturbance,low,"(-137.5,62.5)",0.0,0.0
E_single_node_disturbance_0093_0173,0.00h,23.83h,single_node_disturbance,low,"(87.5,-37.5)",0.0,0.0
E_single_node_disturbance_0094_0327,0.00h,23.83h,single_node_disturbance,low,"(-62.5,162.5)",0.0,0.0
E_single_node_disturbance_0095_0137,0.00h,23.83h,single_node_disturbance,low,"(187.5,-87.5)",0.0,0.0
E_single_node_disturbance_0096_0269,0.00h,23.83h,single_node_disturbance,low,"(-12.5,87.5)",0.0,0.0
E_single_node_disturbance_0097_0340,0.00h,23.83h,single_node_disturbance,low,"(-237.5,187.5)",0.0,0.0
E_single_node_disturbance_0098_0288,0.00h,23.83h,single_node_disturbance,low,"(-37.5,112.5)",0.0,0.0
E_single_node_disturbance_0099_0152,0.00h,23.83h,single_node_disturbance,low,"(62.5,-62.5)",0.0,0.0
E_single_node_disturbance_0100_0311,0.00h,23.83h,single_node_disturbance,low,"(37.5,137.5)",0.0,0.0
E_single_node_disturbance_0101_0165,0.00h,23.83h,single_node_disturbance,low,"(-112.5,-37.5)",0.0,0.0
E_single_node_disturbance_0102_0359,0.00h,23.83h,single_node_disturbance,low,"(237.5,187.5)",0.0,0.0
E_single_node_disturbance_0103_0349,0.00h,23.83h,single_node_disturbance,low,"(-12.5,187.5)",0.0,0.0
E_single_node_disturbance_0104_0226,0.00h,23.83h,single_node_disturbance,low,"(-87.5,37.5)",0.0,0.0
E_single_node_disturbance_0105_0245,0.00h,23.83h,single_node_disturbance,low,"(-112.5,62.5)",0.0,0.0
E_single_node_disturbance_0106_0339,0.00h,23.83h,single_node_disturbance,low,"(237.5,162.5)",0.0,0.0
E_single_node_disturbance_0107_0371,0.00h,23.83h,single_node_disturbance,low,"(37.5,212.5)",0.0,0.0
E_single_node_disturbance_0108_0198,0.00h,23.83h,single_node_disturbance,low,"(212.5,-12.5)",0.0,0.0
E_single_node_disturbance_0109_0326,0.00h,23.83h,single_node_disturbance,low,"(-87.5,162.5)",0.0,0.0
E_single_node_disturbance_0110_0391,0.00h,23.83h,single_node_disturbance,low,"(37.5,237.5)",0.0,0.0
E_single_node_disturbance_0111_0010,0.00h,23.83h,single_node_disturbance,low,"(12.5,-237.5)",0.0,0.0
E_single_node_disturbance_0112_0106,0.00h,23.83h,single_node_disturbance,low,"(-87.5,-112.5)",0.0,0.0
E_single_node_disturbance_0113_0216,0.00h,23.83h,single_node_disturbance,low,"(162.5,12.5)",0.0,0.0
E_single_node_disturbance_0114_0032,0.00h,23.83h,single_node_disturbance,low,"(62.5,-212.5)",0.0,0.0
E_single_node_disturbance_0115_0282,0.00h,23.83h,single_node_disturbance,low,"(-187.5,112.5)",0.0,0.0
E_single_node_disturbance_0116_0294,0.00h,23.83h,single_node_disturbance,low,"(112.5,112.5)",0.0,0.0
E_single_node_disturbance_0117_0378,0.00h,23.83h,single_node_disturbance,low,"(212.5,212.5)",0.0,0.0
E_single_node_disturbance_0118_0086,0.00h,23.83h,single_node_disturbance,low,"(-87.5,-137.5)",0.0,0.0
E_single_node_disturbance_0119_0149,0.00h,23.83h,single_node_disturbance,low,"(-12.5,-62.5)",0.0,0.0
E_single_node_disturbance_0120_0022,0.00h,23.83h,single_node_disturbance,low,"(-187.5,-212.5)",0.0,0.0
E_single_node_disturbance_0121_0185,0.00h,23.83h,single_node_disturbance,low,"(-112.5,-12.5)",0.0,0.0
E_single_node_disturbance_0122_0048,0.00h,23.83h,single_node_disturbance,low,"(-37.5,-187.5)",0.0,0.0
E_single_node_disturbance_0123_0107,0.00h,23.83h,single_node_disturbance,low,"(-62.5,-112.5)",0.0,0.0
E_single_node_disturbance_0124_0356,0.00h,23.83h,single_node_disturbance,low,"(162.5,187.5)",0.0,0.0
E_single_node_disturbance_0125_0184,0.00h,23.83h,single_node_disturbance,low,"(-137.5,-12.5)",0.0,0.0
E_single_node_disturbance_0126_0338,0.00h,23.83h,single_node_disturbance,low,"(212.5,162.5)",0.0,0.0
E_single_node_disturbance_0127_0384,0.00h,23.83h,single_node_disturbance,low,"(-137.5,237.5)",0.0,0.0
E_single_node_disturbance_0128_0157,0.00h,23.83h,single_node_disturbance,low,"(187.5,-62.5)",0.0,0.0
E_single_node_disturbance_0129_0313,0.00h,23.83h,single_node_disturbance,low,"(87.5,137.5)",0.0,0.0
E_single_node_disturbance_0130_0249,0.00h,23.83h,single_node_disturbance,low,"(-12.5,62.5)",0.0,0.0
E_single_node_disturbance_0131_0132,0.00h,23.83h,single_node_disturbance,low,"(62.5,-87.5)",0.0,0.0
E_single_node_disturbance_0132_0149,0.00h,23.83h,single_node_disturbance,low,"(-12.5,-62.5)",0.0,0.0
E_single_node_disturbance_0133_0289,0.00h,23.83h,single_node_disturbance,low,"(-12.5,112.5)",0.0,0.0
E_single_node_disturbance_0134_0040,0.00h,23.83h,single_node_disturbance,low,"(-237.5,-187.5)",0.0,0.0
E_single_node_disturbance_0135_0348,0.00h,23.83h,single_node_disturbance,low,"(-37.5,187.5)",0.0,0.0
E_single_node_disturbance_0136_0332,0.00h,23.83h,single_node_disturbance,low,"(62.5,162.5)",0.0,0.0
E_single_node_disturbance_0137_0369,0.00h,23.83h,single_node_disturbance,low,"(-12.5,212.5)",0.0,0.0
E_single_node_disturbance_0138_0331,0.00h,23.83h,single_node_disturbance,low,"(37.5,162.5)",0.0,0.0
E_single_node_disturbance_0139_0375,0.00h,23.83h,single_node_disturbance,low,"(137.5,212.5)",0.0,0.0
E_single_node_disturbance_0140_0088,0.00h,23.83h,single_node_disturbance,low,"(-37.5,-137.5)",0.0,0.0
E_single_node_disturbance_0141_0373,0.00h,23.83h,single_node_disturbance,low,"(87.5,212.5)",0.0,0.0
E_single_node_disturbance_0142_0380,0.00h,23.83h,single_node_disturbance,low,"(-237.5,237.5)",0.0,0.0
E_single_node_disturbance_0143_0192,0.00h,23.83h,single_node_disturbance,low,"(62.5,-12.5)",0.0,0.0
E_single_node_disturbance_0144_0246,0.00h,23.83h,single_node_disturbance,low,"(-87.5,62.5)",0.0,0.0
E_single_node_disturbance_0145_0316,0.00h,23.83h,single_node_disturbance,low,"(162.5,137.5)",0.0,0.0
E_single_node_disturbance_0146_0255,0.00h,23.83h,single_node_disturbance,low,"(137.5,62.5)",0.0,0.0
E_single_node_disturbance_0147_0375,0.00h,23.83h,single_node_disturbance,low,"(137.5,212.5)",0.0,0.0
E_single_node_disturbance_0148_0189,0.00h,23.83h,single_node_disturbance,low,"(-12.5,-12.5)",0.0,0.0
E_single_node_disturbance_0149_0099,0.00h,23.83h,single_node_disturbance,low,"(237.5,-137.5)",0.0,0.0
E_single_node_disturbance_0150_0394,0.00h,23.83h,single_node_disturbance,low,"(112.5,237.5)",0.0,0.0
E_single_node_disturbance_0151_0249,0.00h,23.83h,single_node_disturbance,low,"(-12.5,62.5)",0.0,0.0
E_single_node_disturbance_0152_0206,0.00h,23.83h,single_node_disturbance,low,"(-87.5,12.5)",0.0,0.0
E_single_node_disturbance_0153_0342,0.00h,23.83h,single_node_disturbance,low,"(-187.5,187.5)",0.0,0.0
E_single_node_disturbance_0154_0185,0.00h,23.83h,single_node_disturbance,low,"(-112.5,-12.5)",0.0,0.0
E_single_node_disturbance_0155_0314,0.00h,23.83h,single_node_disturbance,low,"(112.5,137.5)",0.0,0.0
E_single_node_disturbance_0156_0032,0.00h,23.83h,single_node_disturbance,low,"(62.5,-212.5)",0.0,0.0
E_single_node_disturbance_0157_0013,0.00h,23.83h,single_node_disturbance,low,"(87.5,-237.5)",0.0,0.0
E_single_node_disturbance_0158_0109,0.00h,23.83h,single_node_disturbance,low,"(-12.5,-112.5)",0.0,0.0
E_single_node_disturbance_0159_0268,0.00h,23.83h,single_node_disturbance,low,"(-37.5,87.5)",0.0,0.0
E_single_node_disturbance_0160_0240,0.00h,23.83h,single_node_disturbance,low,"(-237.5,62.5)",0.0,0.0
E_single_node_disturbance_0161_0198,0.00h,23.83h,single_node_disturbance,low,"(212.5,-12.5)",0.0,0.0
E_single_node_disturbance_0162_0056,0.00h,23.83h,single_node_disturbance,low,"(162.5,-187.5)",0.0,0.0
E_single_node_disturbance_0163_0206,0.00h,23.83h,single_node_disturbance,low,"(-87.5,12.5)",0.0,0.0
E_single_node_disturbance_0164_0137,0.00h,23.83h,single_node_disturbance,low,"(187.5,-87.5)",0.0,0.0
E_single_node_disturbance_0165_0041,0.00h,23.83h,single_node_disturbance,low,"(-212.5,-187.5)",0.0,0.0
E_single_node_disturbance_0166_0379,0.00h,23.83h,single_node_disturbance,low,"(237.5,212.5)",0.0,0.0
E_single_node_disturbance_0167_0290,0.00h,23.83h,single_node_disturbance,low,"(12.5,112.5)",0.0,0.0
E_single_node_disturbance_0168_0147,0.00h,23.83h,single_node_disturbance,low,"(-62.5,-62.5)",0.0,0.0
E_single_node_disturbance_0169_0309,0.00h,23.83h,single_node_disturbance,low,"(-12.5,137.5)",0.0,0.0
E_single_node_disturbance_0170_0171,0.00h,23.83h,single_node_disturbance,low,"(37.5,-37.5)",0.0,0.0
E_single_node_disturbance_0171_0095,0.00h,23.83h,single_node_disturbance,low,"(137.5,-137.5)",0.0,0.0
E_single_node_disturbance_0172_0334,0.00h,23.83h,single_node_disturbance,low,"(112.5,162.5)",0.0,0.0
E_single_node_disturbance_0173_0197,0.00h,23.83h,single_node_disturbance,low,"(187.5,-12.5)",0.0,0.0
E_single_node_disturbance_0174_0022,0.00h,23.83h,single_node_disturbance,low,"(-187.5,-212.5)",0.0,0.0
E_single_node_disturbance_0175_0367,0.00h,23.83h,single_node_disturbance,low,"(-62.5,212.5)",0.0,0.0
E_single_node_disturbance_0176_0128,0.00h,23.83h,single_node_disturbance,low,"(-37.5,-87.5)",0.0,0.0
E_single_node_disturbance_0177_0283,0.00h,23.83h,single_node_disturbance,low,"(-162.5,112.5)",0.0,0.0
E_single_node_disturbance_0178_0340,0.00h,23.83h,single_node_disturbance,low,"(-237.5,187.5)",0.0,0.0
E_single_node_disturbance_0179_0137,0.00h,23.83h,single_node_disturbance,low,"(187.5,-87.5)",0.0,0.0
E_single_node_disturbance_0180_0169,0.00h,23.83h,single_node_disturbance,low,"(-12.5,-37.5)",0.0,0.0
E_single_node_disturbance_0181_0289,0.00h,23.83h,single_node_disturbance,low,"(-12.5,112.5)",0.0,0.0
E_single_node_disturbance_0182_0279,0.00h,23.83h,single_node_disturbance,low,"(237.5,87.5)",0.0,0.0
E_single_node_disturbance_0183_0347,0.00h,23.83h,single_node_disturbance,low,"(-62.5,187.5)",0.0,0.0
E_single_node_disturbance_0184_0253,0.00h,23.83h,single_node_disturbance,low,"(87.5,62.5)",0.0,0.0
E_single_node_disturbance_0185_0032,0.00h,23.83h,single_node_disturbance,low,"(62.5,-212.5)",0.0,0.0
E_single_node_disturbance_0186_0083,0.00h,23.83h,single_node_disturbance,low,"(-162.5,-137.5)",0.0,0.0
E_single_node_disturbance_0187_0083,0.00h,23.83h,single_node_disturbance,low,"(-162.5,-137.5)",0.0,0.0
E_single_node_disturbance_0188_0348,0.00h,23.83h,single_node_disturbance,low,"(-37.5,187.5)",0.0,0.0
E_single_node_disturbance_0189_0167,0.00h,23.83h,single_node_disturbance,low,"(-62.5,-37.5)",0.0,0.0
E_single_node_disturbance_0190_0338,0.00h,23.83h,single_node_disturbance,low,"(212.5,162.5)",0.0,0.0
E_single_node_disturbance_0191_0118,0.00h,23.83h,single_node_disturbance,low,"(212.5,-112.5)",0.0,0.0
E_single_node_disturbance_0192_0164,0.00h,23.83h,single_node_disturbance,low,"(-137.5,-37.5)",0.0,0.0
E_single_node_disturbance_0193_0336,0.00h,23.83h,single_node_disturbance,low,"(162.5,162.5)",0.0,0.0
E_single_node_disturbance_0194_0121,0.00h,23.83h,single_node_disturbance,low,"(-212.5,-87.5)",0.0,0.0
E_single_node_disturbance_0195_0395,0.00h,23.83h,single_node_disturbance,low,"(137.5,237.5)",0.0,0.0
E_single_node_disturbance_0196_0343,0.00h,23.83h,single_node_disturbance,low,"(-162.5,187.5)",0.0,0.0
E_single_node_disturbance_0197_0023,0.00h,23.83h,single_node_disturbance,low,"(-162.5,-212.5)",0.0,0.0
E_single_node_disturbance_0198_0275,0.00h,23.83h,single_node_disturbance,low,"(137.5,87.5)",0.0,0.0
E_single_node_disturbance_0199_0300,0.00h,23.83h,single_node_disturbance,low,"(-237.5,137.5)",0.0,0.0
E_single_node_disturbance_0200_0069,0.00h,23.83h,single_node_disturbance,low,"(-12.5,-162.5)",0.0,0.0
E_single_node_disturbance_0201_0289,0.00h,23.83h,single_node_disturbance,low,"(-12.5,112.5)",0.0,0.0
E_single_node_disturbance_0202_0387,0.00h,23.83h,single_node_disturbance,low,"(-62.5,237.5)",0.0,0.0
E_single_node_disturbance_0203_0240,0.00h,23.83h,single_node_disturbance,low,"(-237.5,62.5)",0.0,0.0
E_single_node_disturbance_0204_0302,0.00h,23.83h,single_node_disturbance,low,"(-187.5,137.5)",0.0,0.0
E_single_node_disturbance_0205_0188,0.00h,23.83h,single_node_disturbance,low,"(-37.5,-12.5)",0.0,0.0
E_single_node_disturbance_0206_0234,0.00h,23.83h,single_node_disturbance,low,"(112.5,37.5)",0.0,0.0
E_single_node_disturbance_0207_0397,0.00h,23.83h,single_node_disturbance,low,"(187.5,237.5)",0.0,0.0
E_single_node_disturbance_0208_0058,0.00h,23.83h,single_node_disturbance,low,"(212.5,-187.5)",0.0,0.0
E_single_node_disturbance_0209_0016,0.00h,23.83h,single_node_disturbance,low,"(162.5,-237.5)",0.0,0.0
E_single_node_disturbance_0210_0391,0.00h,23.83h,single_node_disturbance,low,"(37.5,237.5)",0.0,0.0
E_single_node_disturbance_0211_0039,0.00h,23.83h,single_node_disturbance,low,"(237.5,-212.5)",0.0,0.0
E_single_node_disturbance_0212_0032,0.00h,23.83h,single_node_disturbance,low,"(62.5,-212.5)",0.0,0.0
E_single_node_disturbance_0213_0340,0.00h,23.83h,single_node_disturbance,low,"(-237.5,187.5)",0.0,0.0
E_single_node_disturbance_0214_0273,0.00h,23.83h,single_node_disturbance,low,"(87.5,87.5)",0.0,0.0
E_single_node_disturbance_0215_0257,0.00h,23.83h,single_node_disturbance,low,"(187.5,62.5)",0.0,0.0
E_single_node_disturbance_0216_0054,0.00h,23.83h,single_node_disturbance,low,"(112.5,-187.5)",0.0,0.0
E_single_node_disturbance_0217_0359,0.00h,23.83h,single_node_disturbance,low,"(237.5,187.5)",0.0,0.0
E_single_node_disturbance_0218_0113,0.00h,23.83h,single_node_disturbance,low,"(87.5,-112.5)",0.0,0.0
E_single_node_disturbance_0219_0079,0.00h,23.83h,single_node_disturbance,low,"(237.5,-162.5)",0.0,0.0
E_single_node_disturbance_0220_0001,0.00h,23.83h,single_node_disturbance,low,"(-212.5,-237.5)",0.0,0.0
E_single_node_disturbance_0221_0121,0.00h,23.83h,single_node_disturbance,low,"(-212.5,-87.5)",0.0,0.0
E_single_node_disturbance_0222_0099,0.00h,23.83h,single_node_disturbance,low,"(237.5,-137.5)",0.0,0.0
E_single_node_disturbance_0223_0060,0.00h,23.83h,single_node_disturbance,low,"(-237.5,-162.5)",0.0,0.0
E_single_node_disturbance_0224_0203,0.00h,23.83h,single_node_disturbance,low,"(-162.5,12.5)",0.0,0.0
E_single_node_disturbance_0225_0327,0.00h,23.83h,single_node_disturbance,low,"(-62.5,162.5)",0.0,0.0
E_single_node_disturbance_0226_0344,0.00h,23.83h,single_node_disturbance,low,"(-137.5,187.5)",0.0,0.0
E_single_node_disturbance_0227_0203,0.00h,23.83h,single_node_disturbance,low,"(-162.5,12.5)",0.0,0.0
E_single_node_disturbance_0228_0324,0.00h,23.83h,single_node_disturbance,low,"(-137.5,162.5)",0.0,0.0
E_single_node_disturbance_0229_0360,0.00h,23.83h,single_node_disturbance,low,"(-237.5,212.5)",0.0,0.0
E_single_node_disturbance_0230_0033,0.00h,23.83h,single_node_disturbance,low,"(87.5,-212.5)",0.0,0.0
E_single_node_disturbance_0231_0151,0.00h,23.83h,single_node_disturbance,low,"(37.5,-62.5)",0.0,0.0
E_single_node_disturbance_0232_0110,0.00h,23.83h,single_node_disturbance,low,"(12.5,-112.5)",0.0,0.0
E_single_node_disturbance_0233_0291,0.00h,23.83h,single_node_disturbance,low,"(37.5,112.5)",0.0,0.0
E_single_node_disturbance_0234_0277,0.00h,23.83h,single_node_disturbance,low,"(187.5,87.5)",0.0,0.0
E_single_node_disturbance_0235_0381,0.00h,23.83h,single_node_disturbance,low,"(-212.5,237.5)",0.0,0.0
E_single_node_disturbance_0236_0182,0.00h,23.83h,single_node_disturbance,low,"(-187.5,-12.5)",0.0,0.0
E_single_node_disturbance_0237_0258,0.00h,23.83h,single_node_disturbance,low,"(212.5,62.5)",0.0,0.0
E_single_node_disturbance_0238_0235,0.00h,23.83h,single_node_disturbance,low,"(137.5,37.5)",0.0,0.0
E_single_node_disturbance_0239_0141,0.00h,23.83h,single_node_disturbance,low,"(-212.5,-62.5)",0.0,0.0
E_single_node_disturbance_0240_0116,0.00h,23.83h,single_node_disturbance,low,"(162.5,-112.5)",0.0,0.0
E_single_node_disturbance_0241_0215,0.00h,23.83h,single_node_disturbance,low,"(137.5,12.5)",0.0,0.0
E_single_node_disturbance_0242_0007,0.00h,23.83h,single_node_disturbance,low,"(-62.5,-237.5)",0.0,0.0
E_single_node_disturbance_0243_0250,0.00h,23.83h,single_node_disturbance,low,"(12.5,62.5)",0.0,0.0
E_single_node_disturbance_0244_0237,0.00h,23.83h,single_node_disturbance,low,"(187.5,37.5)",0.0,0.0
E_single_node_disturbance_0245_0102,0.00h,23.83h,single_node_disturbance,low,"(-187.5,-112.5)",0.0,0.0
E_single_node_disturbance_0246_0011,0.00h,23.83h,single_node_disturbance,low,"(37.5,-237.5)",0.0,0.0
E_single_node_disturbance_0247_0326,0.00h,23.83h,single_node_disturbance,low,"(-87.5,162.5)",0.0,0.0
E_single_node_disturbance_0248_0002,0.00h,23.83h,single_node_disturbance,low,"(-187.5,-237.5)",0.0,0.0
E_single_node_disturbance_0249_0268,0.00h,23.83h,single_node_disturbance,low,"(-37.5,87.5)",0.0,0.0
E_single_node_disturbance_0250_0227,0.00h,23.83h,single_node_disturbance,low,"(-62.5,37.5)",0.0,0.0
E_single_node_disturbance_0251_0346,0.00h,23.83h,single_node_disturbance,low,"(-87.5,187.5)",0.0,0.0
E_single_node_disturbance_0252_0278,0.00h,23.83h,single_node_disturbance,low,"(212.5,87.5)",0.0,0.0
E_single_node_disturbance_0253_0273,0.00h,23.83h,single_node_disturbance,low,"(87.5,87.5)",0.0,0.0
E_single_node_disturbance_0254_0283,0.00h,23.83h,single_node_disturbance,low,"(-162.5,112.5)",0.0,0.0
E_single_node_disturbance_0255_0033,0.00h,23.83h,single_node_disturbance,low,"(87.5,-212.5)",0.0,0.0
E_single_node_disturbance_0256_0220,0.00h,23.83h,single_node_disturbance,low,"(-237.5,37.5)",0.0,0.0
E_single_node_disturbance_0257_0202,0.00h,23.83h,single_node_disturbance,low,"(-187.5,12.5)",0.0,0.0
E_single_node_disturbance_0258_0305,0.00h,23.83h,single_node_disturbance,low,"(-112.5,137.5)",0.0,0.0
E_single_node_disturbance_0259_0116,0.00h,23.83h,single_node_disturbance,low,"(162.5,-112.5)",0.0,0.0
E_single_node_disturbance_0260_0067,0.00h,23.83h,single_node_disturbance,low,"(-62.5,-162.5)",0.0,0.0
E_single_node_disturbance_0261_0113,0.00h,23.83h,single_node_disturbance,low,"(87.5,-112.5)",0.0,0.0
E_single_node_disturbance_0262_0273,0.00h,23.83h,single_node_disturbance,low,"(87.5,87.5)",0.0,0.0
E_single_node_disturbance_0263_0373,0.00h,23.83h,single_node_disturbance,low,"(87.5,212.5)",0.0,0.0
E_single_node_disturbance_0264_0379,0.00h,23.83h,single_node_disturbance,low,"(237.5,212.5)",0.0,0.0
E_single_node_disturbance_0265_0299,0.00h,23.83h,single_node_disturbance,low,"(237.5,112.5)",0.0,0.0
E_single_node_disturbance_0266_0262,0.00h,23.83h,single_node_disturbance,low,"(-187.5,87.5)",0.0,0.0
E_single_node_disturbance_0267_0283,0.00h,23.83h,single_node_disturbance,low,"(-162.5,112.5)",0.0,0.0
E_single_node_disturbance_0268_0138,0.00h,23.83h,single_node_disturbance,low,"(212.5,-87.5)",0.0,0.0
E_single_node_disturbance_0269_0359,0.00h,23.83h,single_node_disturbance,low,"(237.5,187.5)",0.0,0.0
E_single_node_disturbance_0270_0285,0.00h,23.83h,single_node_disturbance,low,"(-112.5,112.5)",0.0,0.0
E_single_node_disturbance_0271_0339,0.00h,23.83h,single_node_disturbance,low,"(237.5,162.5)",0.0,0.0
E_single_node_disturbance_0272_0096,0.00h,23.83h,single_node_disturbance,low,"(162.5,-137.5)",0.0,0.0
E_single_node_disturbance_0273_0084,0.00h,23.83h,single_node_disturbance,low,"(-137.5,-137.5)",0.0,0.0
E_single_node_disturbance_0274_0098,0.00h,23.83h,single_node_disturbance,low,"(212.5,-137.5)",0.0,0.0
E_single_node_disturbance_0275_0112,0.00h,23.83h,single_node_disturbance,low,"(62.5,-112.5)",0.0,0.0
E_single_node_disturbance_0276_0289,0.00h,23.83h,single_node_disturbance,low,"(-12.5,112.5)",0.0,0.0
E_single_node_disturbance_0277_0362,0.00h,23.83h,single_node_disturbance,low,"(-187.5,212.5)",0.0,0.0
E_single_node_disturbance_0278_0023,0.00h,23.83h,single_node_disturbance,low,"(-162.5,-212.5)",0.0,0.0
E_single_node_disturbance_0279_0010,0.00h,23.83h,single_node_disturbance,low,"(12.5,-237.5)",0.0,0.0
E_single_node_disturbance_0280_0151,0.00h,23.83h,single_node_disturbance,low,"(37.5,-62.5)",0.0,0.0
E_single_node_disturbance_0281_0259,0.00h,23.83h,single_node_disturbance,low,"(237.5,62.5)",0.0,0.0
E_single_node_disturbance_0282_0103,0.00h,23.83h,single_node_disturbance,low,"(-162.5,-112.5)",0.0,0.0
E_single_node_disturbance_0283_0266,0.00h,23.83h,single_node_disturbance,low,"(-87.5,87.5)",0.0,0.0
E_single_node_disturbance_0284_0132,0.00h,23.83h,single_node_disturbance,low,"(62.5,-87.5)",0.0,0.0
E_single_node_disturbance_0285_0160,0.00h,23.83h,single_node_disturbance,low,"(-237.5,-37.5)",0.0,0.0
E_single_node_disturbance_0286_0188,0.00h,23.83h,single_node_disturbance,low,"(-37.5,-12.5)",0.0,0.0
E_single_node_disturbance_0287_0318,0.00h,23.83h,single_node_disturbance,low,"(212.5,137.5)",0.0,0.0
E_single_node_disturbance_0288_0382,0.00h,23.83h,single_node_disturbance,low,"(-187.5,237.5)",0.0,0.0
E_single_node_disturbance_0289_0382,0.00h,23.83h,single_node_disturbance,low,"(-187.5,237.5)",0.0,0.0
E_single_node_disturbance_0290_0207,0.00h,23.83h,single_node_disturbance,low,"(-62.5,12.5)",0.0,0.0
E_single_node_disturbance_0291_0058,0.00h,23.83h,single_node_disturbance,low,"(212.5,-187.5)",0.0,0.0
E_single_node_disturbance_0292_0352,0.00h,23.83h,single_node_disturbance,low,"(62.5,187.5)",0.0,0.0
E_single_node_disturbance_0293_0214,0.00h,23.83h,single_node_disturbance,low,"(112.5,12.5)",0.0,0.0
E_single_node_disturbance_0294_0192,0.00h,23.83h,single_node_disturbance,low,"(62.5,-12.5)",0.0,0.0
E_single_node_disturbance_0295_0026,0.00h,23.83h,single_node_disturbance,low,"(-87.5,-212.5)",0.0,0.0
E_single_node_disturbance_0296_0382,0.00h,23.83h,single_node_disturbance,low,"(-187.5,237.5)",0.0,0.0
E_single_node_disturbance_0297_0225,0.00h,23.83h,single_node_disturbance,low,"(-112.5,37.5)",0.0,0.0
E_single_node_disturbance_0298_0107,0.00h,23.83h,single_node_disturbance,low,"(-62.5,-112.5)",0.0,0.0
E_single_node_disturbance_0299_0102,0.00h,23.83h,single_node_disturbance,low,"(-187.5,-112.5)",0.0,0.0
E_single_node_disturbance_0300_0045,0.00h,23.83h,single_node_disturbance,low,"(-112.5,-187.5)",0.0,0.0
E_single_node_disturbance_0301_0187,0.00h,23.83h,single_node_disturbance,low,"(-62.5,-12.5)",0.0,0.0
E_single_node_disturbance_0302_0225,0.00h,23.83h,single_node_disturbance,low,"(-112.5,37.5)",0.0,0.0
E_single_node_disturbance_0303_0386,0.00h,23.83h,single_node_disturbance,low,"(-87.5,237.5)",0.0,0.0
E_single_node_disturbance_0304_0185,0.00h,23.83h,single_node_disturbance,low,"(-112.5,-12.5)",0.0,0.0
E_single_node_disturbance_0305_0296,0.00h,23.83h,single_node_disturbance,low,"(162.5,112.5)",0.0,0.0
E_single_node_disturbance_0306_0304,0.00h,23.83h,single_node_disturbance,low,"(-137.5,137.5)",0.0,0.0
E_single_node_disturbance_0307_0007,0.00h,23.83h,single_node_disturbance,low,"(-62.5,-237.5)",0.0,0.0
E_single_node_disturbance_0308_0039,0.00h,23.83h,single_node_disturbance,low,"(237.5,-212.5)",0.0,0.0
E_single_node_disturbance_0309_0001,0.00h,23.83h,single_node_disturbance,low,"(-212.5,-237.5)",0.0,0.0
E_single_node_disturbance_0310_0212,0.00h,23.83h,single_node_disturbance,low,"(62.5,12.5)",0.0,0.0
E_single_node_disturbance_0311_0346,0.00h,23.83h,single_node_disturbance,low,"(-87.5,187.5)",0.0,0.0
E_single_node_disturbance_0312_0308,0.00h,23.83h,single_node_disturbance,low,"(-37.5,137.5)",0.0,0.0
E_single_node_disturbance_0313_0399,0.00h,23.83h,single_node_disturbance,low,"(237.5,237.5)",0.0,0.0
E_single_node_disturbance_0314_0310,0.00h,23.83h,single_node_disturbance,low,"(12.5,137.5)",0.0,0.0
E_single_node_disturbance_0315_0123,0.00h,23.83h,single_node_disturbance,low,"(-162.5,-87.5)",0.0,0.0
E_single_node_disturbance_0316_0336,0.00h,23.83h,single_node_disturbance,low,"(162.5,162.5)",0.0,0.0
E_single_node_disturbance_0317_0205,0.00h,23.83h,single_node_disturbance,low,"(-112.5,12.5)",0.0,0.0
E_single_node_disturbance_0318_0216,0.00h,23.83h,single_node_disturbance,low,"(162.5,12.5)",0.0,0.0
E_single_node_disturbance_0319_0357,0.00h,23.83h,single_node_disturbance,low,"(187.5,187.5)",0.0,0.0
E_single_node_disturbance_0320_0009,0.00h,23.83h,single_node_disturbance,low,"(-12.5,-237.5)",0.0,0.0
E_single_node_disturbance_0321_0339,0.00h,23.83h,single_node_disturbance,low,"(237.5,162.5)",0.0,0.0
E_single_node_disturbance_0322_0179,0.00h,23.83h,single_node_disturbance,low,"(237.5,-37.5)",0.0,0.0
E_single_node_disturbance_0323_0119,0.00h,23.83h,single_node_disturbance,low,"(237.5,-112.5)",0.0,0.0
E_single_node_disturbance_0324_0071,0.00h,23.83h,single_node_disturbance,low,"(37.5,-162.5)",0.0,0.0
E_single_node_disturbance_0325_0219,0.00h,23.83h,single_node_disturbance,low,"(237.5,12.5)",0.0,0.0
E_single_node_disturbance_0326_0218,0.00h,23.83h,single_node_disturbance,low,"(212.5,12.5)",0.0,0.0
E_single_node_disturbance_0327_0041,0.00h,23.83h,single_node_disturbance,low,"(-212.5,-187.5)",0.0,0.0
E_single_node_disturbance_0328_0083,0.00h,23.83h,single_node_disturbance,low,"(-162.5,-137.5)",0.0,0.0
E_single_node_disturbance_0329_0362,0.00h,23.83h,single_node_disturbance,low,"(-187.5,212.5)",0.0,0.0
E_single_node_disturbance_0330_0385,0.00h,23.83h,single_node_disturbance,low,"(-112.5,237.5)",0.0,0.0
E_single_node_disturbance_0331_0177,0.00h,23.83h,single_node_disturbance,low,"(187.5,-37.5)",0.0,0.0
E_single_node_disturbance_0332_0312,0.00h,23.83h,single_node_disturbance,low,"(62.5,137.5)",0.0,0.0
E_single_node_disturbance_0333_0242,0.00h,23.83h,single_node_disturbance,low,"(-187.5,62.5)",0.0,0.0
E_single_node_disturbance_0334_0102,0.00h,23.83h,single_node_disturbance,low,"(-187.5,-112.5)",0.0,0.0
E_single_node_disturbance_0335_0073,0.00h,23.83h,single_node_disturbance,low,"(87.5,-162.5)",0.0,0.0
E_single_node_disturbance_0336_0131,0.00h,23.83h,single_node_disturbance,low,"(37.5,-87.5)",0.0,0.0
E_single_node_disturbance_0337_0320,0.00h,23.83h,single_node_disturbance,low,"(-237.5,162.5)",0.0,0.0
E_single_node_disturbance_0338_0162,0.00h,23.83h,single_node_disturbance,low,"(-187.5,-37.5)",0.0,0.0
E_single_node_disturbance_0339_0270,0.00h,23.83h,single_node_disturbance,low,"(12.5,87.5)",0.0,0.0
E_single_node_disturbance_0340_0151,0.00h,23.83h,single_node_disturbance,low,"(37.5,-62.5)",0.0,0.0
E_single_node_disturbance_0341_0228,0.00h,23.83h,single_node_disturbance,low,"(-37.5,37.5)",0.0,0.0
E_single_node_disturbance_0342_0289,0.00h,23.83h,single_node_disturbance,low,"(-12.5,112.5)",0.0,0.0
E_single_node_disturbance_0343_0361,0.00h,23.83h,single_node_disturbance,low,"(-212.5,212.5)",0.0,0.0
E_single_node_disturbance_0344_0314,0.00h,23.83h,single_node_disturbance,low,"(112.5,137.5)",0.0,0.0
E_single_node_disturbance_0345_0077,0.00h,23.83h,single_node_disturbance,low,"(187.5,-162.5)",0.0,0.0
E_single_node_disturbance_0346_0155,0.00h,23.83h,single_node_disturbance,low,"(137.5,-62.5)",0.0,0.0
E_single_node_disturbance_0347_0104,0.00h,23.83h,single_node_disturbance,low,"(-137.5,-112.5)",0.0,0.0
E_single_node_disturbance_0348_0218,0.00h,23.83h,single_node_disturbance,low,"(212.5,12.5)",0.0,0.0
E_single_node_disturbance_0349_0134,0.00h,23.83h,single_node_disturbance,low,"(112.5,-87.5)",0.0,0.0
E_single_node_disturbance_0350_0262,0.00h,23.83h,single_node_disturbance,low,"(-187.5,87.5)",0.0,0.0
E_single_node_disturbance_0351_0315,0.00h,23.83h,single_node_disturbance,low,"(137.5,137.5)",0.0,0.0
E_single_node_disturbance_0352_0379,0.00h,23.83h,single_node_disturbance,low,"(237.5,212.5)",0.0,0.0
E_single_node_disturbance_0353_0164,0.00h,23.83h,single_node_disturbance,low,"(-137.5,-37.5)",0.0,0.0
E_single_node_disturbance_0354_0274,0.00h,23.83h,single_node_disturbance,low,"(112.5,87.5)",0.0,0.0
E_single_node_disturbance_0355_0372,0.00h,23.83h,single_node_disturbance,low,"(62.5,212.5)",0.0,0.0
E_single_node_disturbance_0356_0358,0.00h,23.83h,single_node_disturbance,low,"(212.5,187.5)",0.0,0.0
E_single_node_disturbance_0357_0138,0.00h,23.83h,single_node_disturbance,low,"(212.5,-87.5)",0.0,0.0
E_single_node_disturbance_0358_0389,0.00h,23.83h,single_node_disturbance,low,"(-12.5,237.5)",0.0,0.0
E_single_node_disturbance_0359_0366,0.00h,23.83h,single_node_disturbance,low,"(-87.5,212.5)",0.0,0.0
E_single_node_disturbance_0360_0085,0.00h,23.83h,single_node_disturbance,low,"(-112.5,-137.5)",0.0,0.0
E_single_node_disturbance_0361_0237,0.00h,23.83h,single_node_disturbance,low,"(187.5,37.5)",0.0,0.0
E_single_node_disturbance_0362_0111,0.00h,23.83h,single_node_disturbance,low,"(37.5,-112.5)",0.0,0.0
E_single_node_disturbance_0363_0123,0.00h,23.83h,single_node_disturbance,low,"(-162.5,-87.5)",0.0,0.0
E_single_node_disturbance_0364_0040,0.00h,23.83h,single_node_disturbance,low,"(-237.5,-187.5)",0.0,0.0
E_single_node_disturbance_0365_0379,0.00h,23.83h,single_node_disturbance,low,"(237.5,212.5)",0.0,0.0
E_single_node_disturbance_0366_0365,0.00h,23.83h,single_node_disturbance,low,"(-112.5,212.5)",0.0,0.0
E_single_node_disturbance_0367_0220,0.00h,23.83h,single_node_disturbance,low,"(-237.5,37.5)",0.0,0.0
E_single_node_disturbance_0368_0392,0.00h,23.83h,single_node_disturbance,low,"(62.5,237.5)",0.0,0.0
E_single_node_disturbance_0369_0000,0.00h,23.83h,single_node_disturbance,low,"(-237.5,-237.5)",0.0,0.0
E_single_node_disturbance_0370_0189,0.00h,23.83h,single_node_disturbance,low,"(-12.5,-12.5)",0.0,0.0
E_single_node_disturbance_0371_0057,0.00h,23.83h,single_node_disturbance,low,"(187.5,-187.5)",0.0,0.0
E_single_node_disturbance_0372_0172,0.00h,23.83h,single_node_disturbance,low,"(62.5,-37.5)",0.0,0.0
E_single_node_disturbance_0373_0155,0.00h,23.83h,single_node_disturbance,low,"(137.5,-62.5)",0.0,0.0
E_single_node_disturbance_0374_0221,0.00h,23.83h,single_node_disturbance,low,"(-212.5,37.5)",0.0,0.0
E_single_node_disturbance_0375_0128,0.00h,23.83h,single_node_disturbance,low,"(-37.5,-87.5)",0.0,0.0
E_single_node_disturbance_0376_0274,0.00h,23.83h,single_node_disturbance,low,"(112.5,87.5)",0.0,0.0
E_single_node_disturbance_0377_0235,0.00h,23.83h,single_node_disturbance,low,"(137.5,37.5)",0.0,0.0
E_single_node_disturbance_0378_0061,0.00h,23.83h,single_node_disturbance,low,"(-212.5,-162.5)",0.0,0.0
E_single_node_disturbance_0379_0006,0.00h,23.83h,single_node_disturbance,low,"(-87.5,-237.5)",0.0,0.0
E_single_node_disturbance_0380_0101,0.00h,23.83h,single_node_disturbance,low,"(-212.5,-112.5)",0.0,0.0
E_single_node_disturbance_0381_0389,0.00h,23.83h,single_node_disturbance,low,"(-12.5,237.5)",0.0,0.0
E_single_node_disturbance_0382_0210,0.00h,23.83h,single_node_disturbance,low,"(12.5,12.5)",0.0,0.0
E_single_node_disturbance_0383_0008,0.00h,23.83h,single_node_disturbance,low,"(-37.5,-237.5)",0.0,0.0
E_single_node_disturbance_0384_0318,0.00h,23.83h,single_node_disturbance,low,"(212.5,137.5)",0.0,0.0
E_single_node_disturbance_0385_0335,0.00h,23.83h,single_node_disturbance,low,"(137.5,162.5)",0.0,0.0
E_single_node_disturbance_0386_0013,0.00h,23.83h,single_node_disturbance,low,"(87.5,-237.5)",0.0,0.0
E_single_node_disturbance_0387_0329,0.00h,23.83h,single_node_disturbance,low,"(-12.5,162.5)",0.0,0.0
E_single_node_disturbance_0388_0119,0.00h,23.83h,single_node_disturbance,low,"(237.5,-112.5)",0.0,0.0
E_single_node_disturbance_0389_0394,0.00h,23.83h,single_node_disturbance,low,"(112.5,237.5)",0.0,0.0
E_single_node_disturbance_0390_0037,0.00h,23.83h,single_node_disturbance,low,"(187.5,-212.5)",0.0,0.0
E_single_node_disturbance_0391_0064,0.00h,23.83h,single_node_disturbance,low,"(-137.5,-162.5)",0.0,0.0
E_single_node_disturbance_0392_0177,0.00h,23.83h,single_node_disturbance,low,"(187.5,-37.5)",0.0,0.0
E_single_node_disturbance_0393_0199,0.00h,23.83h,single_node_disturbance,low,"(237.5,-12.5)",0.0,0.0
E_single_node_disturbance_0394_0198,0.00h,23.83h,single_node_disturbance,low,"(212.5,-12.5)",0.0,0.0
E_single_node_disturbance_0395_0208,0.00h,23.83h,single_node_disturbance,low,"(-37.5,12.5)",0.0,0.0
E_single_node_disturbance_0396_0038,0.00h,23.83h,single_node_disturbance,low,"(212.5,-212.5)",0.0,0.0
E_single_node_disturbance_0397_0218,0.00h,23.83h,single_node_disturbance,low,"(212.5,12.5)",0.0,0.0
E_single_node_disturbance_0398_0043,0.00h,23.83h,single_node_disturbance,low,"(-162.5,-187.5)",0.0,0.0
E_single_node_disturbance_0399_0130,0.00h,23.83h,single_node_disturbance,low,"(12.5,-87.5)",0.0,0.0
E_single_node_disturbance_0400_0120,0.00h,23.83h,single_node_disturbance,low,"(-237.5,-87.5)",0.0,0.0
E_single_node_disturbance_0401_0261,0.00h,23.83h,single_node_disturbance,low,"(-212.5,87.5)",0.0,0.0
E_single_node_disturbance_0402_0170,0.00h,23.83h,single_node_disturbance,low,"(12.5,-37.5)",0.0,0.0
E_single_node_disturbance_0403_0042,0.00h,23.83h,single_node_disturbance,low,"(-187.5,-187.5)",0.0,0.0
E_single_node_disturbance_0404_0259,0.00h,23.83h,single_node_disturbance,low,"(237.5,62.5)",0.0,0.0
E_single_node_disturbance_0405_0052,0.00h,23.83h,single_node_disturbance,low,"(62.5,-187.5)",0.0,0.0
E_single_node_disturbance_0406_0196,0.00h,23.83h,single_node_disturbance,low,"(162.5,-12.5)",0.0,0.0
E_single_node_disturbance_0407_0168,0.00h,23.83h,single_node_disturbance,low,"(-37.5,-37.5)",0.0,0.0
E_single_node_disturbance_0408_0213,0.00h,23.83h,single_node_disturbance,low,"(87.5,12.5)",0.0,0.0
E_single_node_disturbance_0409_0311,0.00h,23.83h,single_node_disturbance,low,"(37.5,137.5)",0.0,0.0
E_single_node_disturbance_0410_0314,0.00h,23.83h,single_node_disturbance,low,"(112.5,137.5)",0.0,0.0
E_single_node_disturbance_0411_0290,0.00h,23.83h,single_node_disturbance,low,"(12.5,112.5)",0.0,0.0
E_single_node_disturbance_0412_0126,0.00h,23.83h,single_node_disturbance,low,"(-87.5,-87.5)",0.0,0.0
E_single_node_disturbance_0413_0363,0.00h,23.83h,single_node_disturbance,low,"(-162.5,212.5)",0.0,0.0
E_single_node_disturbance_0414_0340,0.00h,23.83h,single_node_disturbance,low,"(-237.5,187.5)",0.0,0.0
E_single_node_disturbance_0415_0302,0.00h,23.83h,single_node_disturbance,low,"(-187.5,137.5)",0.0,0.0
E_single_node_disturbance_0416_0280,0.00h,23.83h,single_node_disturbance,low,"(-237.5,112.5)",0.0,0.0
E_single_node_disturbance_0417_0157,0.00h,23.83h,single_node_disturbance,low,"(187.5,-62.5)",0.0,0.0
E_single_node_disturbance_0418_0205,0.00h,23.83h,single_node_disturbance,low,"(-112.5,12.5)",0.0,0.0
E_single_node_disturbance_0419_0033,0.00h,23.83h,single_node_disturbance,low,"(87.5,-212.5)",0.0,0.0
E_single_node_disturbance_0420_0324,0.00h,23.83h,single_node_disturbance,low,"(-137.5,162.5)",0.0,0.0
E_single_node_disturbance_0421_0169,0.00h,23.83h,single_node_disturbance,low,"(-12.5,-37.5)",0.0,0.0
E_single_node_disturbance_0422_0233,0.00h,23.83h,single_node_disturbance,low,"(87.5,37.5)",0.0,0.0
E_single_node_disturbance_0423_0059,0.00h,23.83h,single_node_disturbance,low,"(237.5,-187.5)",0.0,0.0
E_single_node_disturbance_0424_0167,0.00h,23.83h,single_node_disturbance,low,"(-62.5,-37.5)",0.0,0.0
E_single_node_disturbance_0425_0044,0.00h,23.83h,single_node_disturbance,low,"(-137.5,-187.5)",0.0,0.0
E_single_node_disturbance_0426_0276,0.00h,23.83h,single_node_disturbance,low,"(162.5,87.5)",0.0,0.0
E_single_node_disturbance_0427_0054,0.00h,23.83h,single_node_disturbance,low,"(112.5,-187.5)",0.0,0.0
E_single_node_disturbance_0428_0073,0.00h,23.83h,single_node_disturbance,low,"(87.5,-162.5)",0.0,0.0
E_single_node_disturbance_0429_0237,0.00h,23.83h,single_node_disturbance,low,"(187.5,37.5)",0.0,0.0
E_single_node_disturbance_0430_0382,0.00h,23.83h,single_node_disturbance,low,"(-187.5,237.5)",0.0,0.0
E_single_node_disturbance_0431_0355,0.00h,23.83h,single_node_disturbance,low,"(137.5,187.5)",0.0,0.0
E_single_node_disturbance_0432_0358,0.00h,23.83h,single_node_disturbance,low,"(212.5,187.5)",0.0,0.0
E_single_node_disturbance_0433_0142,0.00h,23.83h,single_node_disturbance,low,"(-187.5,-62.5)",0.0,0.0
E_single_node_disturbance_0434_0126,0.00h,23.83h,single_node_disturbance,low,"(-87.5,-87.5)",0.0,0.0
E_single_node_disturbance_0435_0109,0.00h,23.83h,single_node_disturbance,low,"(-12.5,-112.5)",0.0,0.0
E_single_node_disturbance_0436_0034,0.00h,23.83h,single_node_disturbance,low,"(112.5,-212.5)",0.0,0.0
E_single_node_disturbance_0437_0024,0.00h,23.83h,single_node_disturbance,low,"(-137.5,-212.5)",0.0,0.0
E_single_node_disturbance_0438_0374,0.00h,23.83h,single_node_disturbance,low,"(112.5,212.5)",0.0,0.0
E_single_node_disturbance_0439_0270,0.00h,23.83h,single_node_disturbance,low,"(12.5,87.5)",0.0,0.0
E_single_node_disturbance_0440_0169,0.00h,23.83h,single_node_disturbance,low,"(-12.5,-37.5)",0.0,0.0
E_single_node_disturbance_0441_0115,0.00h,23.83h,single_node_disturbance,low,"(137.5,-112.5)",0.0,0.0
E_single_node_disturbance_0442_0301,0.00h,23.83h,single_node_disturbance,low,"(-212.5,137.5)",0.0,0.0
E_single_node_disturbance_0443_0377,0.00h,23.83h,single_node_disturbance,low,"(187.5,212.5)",0.0,0.0
E_single_node_disturbance_0444_0077,0.00h,23.83h,single_node_disturbance,low,"(187.5,-162.5)",0.0,0.0
E_single_node_disturbance_0445_0301,0.00h,23.83h,single_node_disturbance,low,"(-212.5,137.5)",0.0,0.0
E_single_node_disturbance_0446_0320,0.00h,23.83h,single_node_disturbance,low,"(-237.5,162.5)",0.0,0.0
E_single_node_disturbance_0447_0007,0.00h,23.83h,single_node_disturbance,low,"(-62.5,-237.5)",0.0,0.0
E_single_node_disturbance_0448_0177,0.00h,23.83h,single_node_disturbance,low,"(187.5,-37.5)",0.0,0.0
E_single_node_disturbance_0449_0225,0.00h,23.83h,single_node_disturbance,low,"(-112.5,37.5)",0.0,0.0
E_single_node_disturbance_0450_0217,0.00h,23.83h,single_node_disturbance,low,"(187.5,12.5)",0.0,0.0
E_single_node_disturbance_0451_0034,0.00h,23.83h,single_node_disturbance,low,"(112.5,-212.5)",0.0,0.0
E_single_node_disturbance_0452_0395,0.00h,23.83h,single_node_disturbance,low,"(137.5,237.5)",0.0,0.0
E_single_node_disturbance_0453_0223,0.00h,23.83h,single_node_disturbance,low,"(-162.5,37.5)",0.0,0.0
E_single_node_disturbance_0454_0078,0.00h,23.83h,single_node_disturbance,low,"(212.5,-162.5)",0.0,0.0
E_single_node_disturbance_0455_0182,0.00h,23.83h,single_node_disturbance,low,"(-187.5,-12.5)",0.0,0.0
E_single_node_disturbance_0456_0289,0.00h,23.83h,single_node_disturbance,low,"(-12.5,112.5)",0.0,0.0
E_single_node_disturbance_0457_0282,0.00h,23.83h,single_node_disturbance,low,"(-187.5,112.5)",0.0,0.0
E_single_node_disturbance_0458_0042,0.00h,23.83h,single_node_disturbance,low,"(-187.5,-187.5)",0.0,0.0
E_single_node_disturbance_0459_0221,0.00h,23.83h,single_node_disturbance,low,"(-212.5,37.5)",0.0,0.0
E_single_node_disturbance_0460_0386,0.00h,23.83h,single_node_disturbance,low,"(-87.5,237.5)",0.0,0.0
E_single_node_disturbance_0461_0342,0.00h,23.83h,single_node_disturbance,low,"(-187.5,187.5)",0.0,0.0
E_single_node_disturbance_0462_0308,0.00h,23.83h,single_node_disturbance,low,"(-37.5,137.5)",0.0,0.0
E_single_node_disturbance_0463_0145,0.00h,23.83h,single_node_disturbance,low,"(-112.5,-62.5)",0.0,0.0
E_single_node_disturbance_0464_0287,0.00h,23.83h,single_node_disturbance,low,"(-62.5,112.5)",0.0,0.0
E_single_node_disturbance_0465_0159,0.00h,23.83h,single_node_disturbance,low,"(237.5,-62.5)",0.0,0.0
E_single_node_disturbance_0466_0099,0.00h,23.83h,single_node_disturbance,low,"(237.5,-137.5)",0.0,0.0
E_single_node_disturbance_0467_0122,0.00h,23.83h,single_node_disturbance,low,"(-187.5,-87.5)",0.0,0.0
E_single_node_disturbance_0468_0121,0.00h,23.83h,single_node_disturbance,low,"(-212.5,-87.5)",0.0,0.0
E_single_node_disturbance_0469_0144,0.00h,23.83h,single_node_disturbance,low,"(-137.5,-62.5)",0.0,0.0
E_single_node_disturbance_0470_0209,0.00h,23.83h,single_node_disturbance,low,"(-12.5,12.5)",0.0,0.0
E_single_node_disturbance_0471_0126,0.00h,23.83h,single_node_disturbance,low,"(-87.5,-87.5)",0.0,0.0
E_single_node_disturbance_0472_0352,0.00h,23.83h,single_node_disturbance,low,"(62.5,187.5)",0.0,0.0
E_single_node_disturbance_0473_0181,0.00h,23.83h,single_node_disturbance,low,"(-212.5,-12.5)",0.0,0.0
E_single_node_disturbance_0474_0276,0.00h,23.83h,single_node_disturbance,low,"(162.5,87.5)",0.0,0.0
E_single_node_disturbance_0475_0200,0.00h,23.83h,single_node_disturbance,low,"(-237.5,12.5)",0.0,0.0
E_single_node_disturbance_0476_0178,0.00h,23.83h,single_node_disturbance,low,"(212.5,-37.5)",0.0,0.0
E_single_node_disturbance_0477_0214,0.00h,23.83h,single_node_disturbance,low,"(112.5,12.5)",0.0,0.0
E_single_node_disturbance_0478_0017,0.00h,23.83h,single_node_disturbance,low,"(187.5,-237.5)",0.0,0.0
E_single_node_disturbance_0479_0291,0.00h,23.83h,single_node_disturbance,low,"(37.5,112.5)",0.0,0.0
E_single_node_disturbance_0480_0149,0.00h,23.83h,single_node_disturbance,low,"(-12.5,-62.5)",0.0,0.0
E_single_node_disturbance_0481_0151,0.00h,23.83h,single_node_disturbance,low,"(37.5,-62.5)",0.0,0.0
E_single_node_disturbance_0482_0168,0.00h,23.83h,single_node_disturbance,low,"(-37.5,-37.5)",0.0,0.0
E_single_node_disturbance_0483_0010,0.00h,23.83h,single_node_disturbance,low,"(12.5,-237.5)",0.0,0.0
E_single_node_disturbance_0484_0082,0.00h,23.83h,single_node_disturbance,low,"(-187.5,-137.5)",0.0,0.0
E_single_node_disturbance_0485_0367,0.00h,23.83h,single_node_disturbance,low,"(-62.5,212.5)",0.0,0.0
E_single_node_disturbance_0486_0105,0.00h,23.83h,single_node_disturbance,low,"(-112.5,-112.5)",0.0,0.0
E_single_node_disturbance_0487_0274,0.00h,23.83h,single_node_disturbance,low,"(112.5,87.5)",0.0,0.0
E_single_node_disturbance_0488_0353,0.00h,23.83h,single_node_disturbance,low,"(87.5,187.5)",0.0,0.0
E_single_node_disturbance_0489_0117,0.00h,23.83h,single_node_disturbance,low,"(187.5,-112.5)",0.0,0.0
E_single_node_disturbance_0490_0340,0.00h,23.83h,single_node_disturbance,low,"(-237.5,187.5)",0.0,0.0
E_single_node_disturbance_0491_0078,0.00h,23.83h,single_node_disturbance,low,"(212.5,-162.5)",0.0,0.0
E_single_node_disturbance_0492_0380,0.00h,23.83h,single_node_disturbance,low,"(-237.5,237.5)",0.0,0.0
E_single_node_disturbance_0493_0015,0.00h,23.83h,single_node_disturbance,low,"(137.5,-237.5)",0.0,0.0
E_single_node_disturbance_0494_0027,0.00h,23.83h,single_node_disturbance,low,"(-62.5,-212.5)",0.0,0.0
E_single_node_disturbance_0495_0295,0.00h,23.83h,single_node_disturbance,low,"(137.5,112.5)",0.0,0.0
E_single_node_disturbance_0496_0235,0.00h,23.83h,single_node_disturbance,low,"(137.5,37.5)",0.0,0.0
E_single_node_disturbance_0497_0357,0.00h,23.83h,single_node_disturbance,low,"(187.5,187.5)",0.0,0.0
E_single_node_disturbance_0498_0394,0.00h,23.83h,single_node_disturbance,low,"(112.5,237.5)",0.0,0.0
E_single_node_disturbance_0499_0162,0.00h,23.83h,single_node_disturbance,low,"(-187.5,-37.5)",0.0,0.0
E_single_node_disturbance_0500_0158,0.00h,23.83h,single_node_disturbance,low,"(212.5,-62.5)",0.0,0.0
E_single_node_disturbance_0501_0103,0.00h,23.83h,single_node_disturbance,low,"(-162.5,-112.5)",0.0,0.0
E_single_node_disturbance_0502_0035,0.00h,23.83h,single_node_disturbance,low,"(137.5,-212.5)",0.0,0.0
E_single_node_disturbance_0503_0091,0.00h,23.83h,single_node_disturbance,low,"(37.5,-137.5)",0.0,0.0
E_single_node_disturbance_0504_0393,0.00h,23.83h,single_node_disturbance,low,"(87.5,237.5)",0.0,0.0
E_single_node_disturbance_0505_0125,0.00h,23.83h,single_node_disturbance,low,"(-112.5,-87.5)",0.0,0.0
E_single_node_disturbance_0506_0000,0.00h,23.83h,single_node_disturbance,low,"(-237.5,-237.5)",0.0,0.0
E_single_node_disturbance_0507_0111,0.00h,23.83h,single_node_disturbance,low,"(37.5,-112.5)",0.0,0.0
E_single_node_disturbance_0508_0248,0.00h,23.83h,single_node_disturbance,low,"(-37.5,62.5)",0.0,0.0
E_single_node_disturbance_0509_0317,0.00h,23.83h,single_node_disturbance,low,"(187.5,137.5)",0.0,0.0
E_single_node_disturbance_0510_0156,0.00h,23.83h,single_node_disturbance,low,"(162.5,-62.5)",0.0,0.0
E_single_node_disturbance_0511_0327,0.00h,23.83h,single_node_disturbance,low,"(-62.5,162.5)",0.0,0.0
E_single_node_disturbance_0512_0121,0.00h,23.83h,single_node_disturbance,low,"(-212.5,-87.5)",0.0,0.0
E_single_node_disturbance_0513_0331,0.00h,23.83h,single_node_disturbance,low,"(37.5,162.5)",0.0,0.0
E_single_node_disturbance_0514_0110,0.00h,23.83h,single_node_disturbance,low,"(12.5,-112.5)",0.0,0.0
E_single_node_disturbance_0515_0303,0.00h,23.83h,single_node_disturbance,low,"(-162.5,137.5)",0.0,0.0
E_single_node_disturbance_0516_0194,0.00h,23.83h,single_node_disturbance,low,"(112.5,-12.5)",0.0,0.0
E_single_node_disturbance_0517_0269,0.00h,23.83h,single_node_disturbance,low,"(-12.5,87.5)",0.0,0.0
E_single_node_disturbance_0518_0111,0.00h,23.83h,single_node_disturbance,low,"(37.5,-112.5)",0.0,0.0
E_single_node_disturbance_0519_0072,0.00h,23.83h,single_node_disturbance,low,"(62.5,-162.5)",0.0,0.0
E_single_node_disturbance_0520_0076,0.00h,23.83h,single_node_disturbance,low,"(162.5,-162.5)",0.0,0.0
E_single_node_disturbance_0521_0361,0.00h,23.83h,single_node_disturbance,low,"(-212.5,212.5)",0.0,0.0
E_single_node_disturbance_0522_0391,0.00h,23.83h,single_node_disturbance,low,"(37.5,237.5)",0.0,0.0
E_single_node_disturbance_0523_0250,0.00h,23.83h,single_node_disturbance,low,"(12.5,62.5)",0.0,0.0
E_single_node_disturbance_0524_0121,0.00h,23.83h,single_node_disturbance,low,"(-212.5,-87.5)",0.0,0.0
E_single_node_disturbance_0525_0292,0.00h,23.83h,single_node_disturbance,low,"(62.5,112.5)",0.0,0.0
E_single_node_disturbance_0526_0139,0.00h,23.83h,single_node_disturbance,low,"(237.5,-87.5)",0.0,0.0
E_single_node_disturbance_0527_0073,0.00h,23.83h,single_node_disturbance,low,"(87.5,-162.5)",0.0,0.0
E_single_node_disturbance_0528_0059,0.00h,23.83h,single_node_disturbance,low,"(237.5,-187.5)",0.0,0.0
E_single_node_disturbance_0529_0161,0.00h,23.83h,single_node_disturbance,low,"(-212.5,-37.5)",0.0,0.0
E_single_node_disturbance_0530_0399,0.00h,23.83h,single_node_disturbance,low,"(237.5,237.5)",0.0,0.0
E_single_node_disturbance_0531_0208,0.00h,23.83h,single_node_disturbance,low,"(-37.5,12.5)",0.0,0.0
E_single_node_disturbance_0532_0243,0.00h,23.83h,single_node_disturbance,low,"(-162.5,62.5)",0.0,0.0
E_single_node_disturbance_0533_0006,0.00h,23.83h,single_node_disturbance,low,"(-87.5,-237.5)",0.0,0.0
E_single_node_disturbance_0534_0349,0.00h,23.83h,single_node_disturbance,low,"(-12.5,187.5)",0.0,0.0
E_single_node_disturbance_0535_0137,0.00h,23.83h,single_node_disturbance,low,"(187.5,-87.5)",0.0,0.0
E_single_node_disturbance_0536_0192,0.00h,23.83h,single_node_disturbance,low,"(62.5,-12.5)",0.0,0.0
E_single_node_disturbance_0537_0154,0.00h,23.83h,single_node_disturbance,low,"(112.5,-62.5)",0.0,0.0
E_single_node_disturbance_0538_0336,0.00h,23.83h,single_node_disturbance,low,"(162.5,162.5)",0.0,0.0
E_single_node_disturbance_0539_0039,0.00h,23.83h,single_node_disturbance,low,"(237.5,-212.5)",0.0,0.0
E_single_node_disturbance_0540_0300,0.00h,23.83h,single_node_disturbance,low,"(-237.5,137.5)",0.0,0.0
E_single_node_disturbance_0541_0203,0.00h,23.83h,single_node_disturbance,low,"(-162.5,12.5)",0.0,0.0
E_single_node_disturbance_0542_0359,0.00h,23.83h,single_node_disturbance,low,"(237.5,187.5)",0.0,0.0
E_single_node_disturbance_0543_0330,0.00h,23.83h,single_node_disturbance,low,"(12.5,162.5)",0.0,0.0
E_single_node_disturbance_0544_0101,0.00h,23.83h,single_node_disturbance,low,"(-212.5,-112.5)",0.0,0.0
E_single_node_disturbance_0545_0104,0.00h,23.83h,single_node_disturbance,low,"(-137.5,-112.5)",0.0,0.0
E_single_node_disturbance_0546_0038,0.00h,23.83h,single_node_disturbance,low,"(212.5,-212.5)",0.0,0.0
E_single_node_disturbance_0547_0271,0.00h,23.83h,single_node_disturbance,low,"(37.5,87.5)",0.0,0.0
E_single_node_disturbance_0548_0311,0.00h,23.83h,single_node_disturbance,low,"(37.5,137.5)",0.0,0.0
E_single_node_disturbance_0549_0104,0.00h,23.83h,single_node_disturbance,low,"(-137.5,-112.5)",0.0,0.0
E_single_node_disturbance_0550_0109,0.00h,23.83h,single_node_disturbance,low,"(-12.5,-112.5)",0.0,0.0
E_single_node_disturbance_0551_0020,0.00h,23.83h,single_node_disturbance,low,"(-237.5,-212.5)",0.0,0.0
E_single_node_disturbance_0552_0126,0.00h,23.83h,single_node_disturbance,low,"(-87.5,-87.5)",0.0,0.0
E_single_node_disturbance_0553_0212,0.00h,23.83h,single_node_disturbance,low,"(62.5,12.5)",0.0,0.0
E_single_node_disturbance_0554_0038,0.00h,23.83h,single_node_disturbance,low,"(212.5,-212.5)",0.0,0.0
E_single_node_disturbance_0555_0100,0.00h,23.83h,single_node_disturbance,low,"(-237.5,-112.5)",0.0,0.0
E_single_node_disturbance_0556_0037,0.00h,23.83h,single_node_disturbance,low,"(187.5,-212.5)",0.0,0.0
E_single_node_disturbance_0557_0061,0.00h,23.83h,single_node_disturbance,low,"(-212.5,-162.5)",0.0,0.0
E_single_node_disturbance_0558_0324,0.00h,23.83h,single_node_disturbance,low,"(-137.5,162.5)",0.0,0.0
E_single_node_disturbance_0559_0300,0.00h,23.83h,single_node_disturbance,low,"(-237.5,137.5)",0.0,0.0
E_single_node_disturbance_0560_0184,0.00h,23.83h,single_node_disturbance,low,"(-137.5,-12.5)",0.0,0.0
E_single_node_disturbance_0561_0286,0.00h,23.83h,single_node_disturbance,low,"(-87.5,112.5)",0.0,0.0
E_single_node_disturbance_0562_0104,0.00h,23.83h,single_node_disturbance,low,"(-137.5,-112.5)",0.0,0.0
E_single_node_disturbance_0563_0231,0.00h,23.83h,single_node_disturbance,low,"(37.5,37.5)",0.0,0.0
E_single_node_disturbance_0564_0095,0.00h,23.83h,single_node_disturbance,low,"(137.5,-137.5)",0.0,0.0
E_single_node_disturbance_0565_0073,0.00h,23.83h,single_node_disturbance,low,"(87.5,-162.5)",0.0,0.0
E_single_node_disturbance_0566_0253,0.00h,23.83h,single_node_disturbance,low,"(87.5,62.5)",0.0,0.0
E_single_node_disturbance_0567_0281,0.00h,23.83h,single_node_disturbance,low,"(-212.5,112.5)",0.0,0.0
E_single_node_disturbance_0568_0158,0.00h,23.83h,single_node_disturbance,low,"(212.5,-62.5)",0.0,0.0
E_single_node_disturbance_0569_0317,0.00h,23.83h,single_node_disturbance,low,"(187.5,137.5)",0.0,0.0
E_single_node_disturbance_0570_0048,0.00h,23.83h,single_node_disturbance,low,"(-37.5,-187.5)",0.0,0.0
E_single_node_disturbance_0571_0167,0.00h,23.83h,single_node_disturbance,low,"(-62.5,-37.5)",0.0,0.0
E_single_node_disturbance_0572_0026,0.00h,23.83h,single_node_disturbance,low,"(-87.5,-212.5)",0.0,0.0
E_single_node_disturbance_0573_0369,0.00h,23.83h,single_node_disturbance,low,"(-12.5,212.5)",0.0,0.0
E_single_node_disturbance_0574_0354,0.00h,23.83h,single_node_disturbance,low,"(112.5,187.5)",0.0,0.0
E_single_node_disturbance_0575_0077,0.00h,23.83h,single_node_disturbance,low,"(187.5,-162.5)",0.0,0.0
E_single_node_disturbance_0576_0109,0.00h,23.83h,single_node_disturbance,low,"(-12.5,-112.5)",0.0,0.0
E_single_node_disturbance_0577_0193,0.00h,23.83h,single_node_disturbance,low,"(87.5,-12.5)",0.0,0.0
E_single_node_disturbance_0578_0135,0.00h,23.83h,single_node_disturbance,low,"(137.5,-87.5)",0.0,0.0
E_single_node_disturbance_0579_0389,0.00h,23.83h,single_node_disturbance,low,"(-12.5,237.5)",0.0,0.0
E_single_node_disturbance_0580_0015,0.00h,23.83h,single_node_disturbance,low,"(137.5,-237.5)",0.0,0.0
E_single_node_disturbance_0581_0352,0.00h,23.83h,single_node_disturbance,low,"(62.5,187.5)",0.0,0.0
E_single_node_disturbance_0582_0195,0.00h,23.83h,single_node_disturbance,low,"(137.5,-12.5)",0.0,0.0
E_single_node_disturbance_0583_0387,0.00h,23.83h,single_node_disturbance,low,"(-62.5,237.5)",0.0,0.0
E_single_node_disturbance_0584_0378,0.00h,23.83h,single_node_disturbance,low,"(212.5,212.5)",0.0,0.0
E_single_node_disturbance_0585_0345,0.00h,23.83h,single_node_disturbance,low,"(-112.5,187.5)",0.0,0.0
E_single_node_disturbance_0586_0024,0.00h,23.83h,single_node_disturbance,low,"(-137.5,-212.5)",0.0,0.0
E_single_node_disturbance_0587_0123,0.00h,23.83h,single_node_disturbance,low,"(-162.5,-87.5)",0.0,0.0
E_single_node_disturbance_0588_0279,0.00h,23.83h,single_node_disturbance,low,"(237.5,87.5)",0.0,0.0
E_single_node_disturbance_0589_0225,0.00h,23.83h,single_node_disturbance,low,"(-112.5,37.5)",0.0,0.0
E_single_node_disturbance_0590_0196,0.00h,23.83h,single_node_disturbance,low,"(162.5,-12.5)",0.0,0.0
E_single_node_disturbance_0591_0313,0.00h,23.83h,single_node_disturbance,low,"(87.5,137.5)",0.0,0.0
E_single_node_disturbance_0592_0240,0.00h,23.83h,single_node_disturbance,low,"(-237.5,62.5)",0.0,0.0
E_single_node_disturbance_0593_0378,0.00h,23.83h,single_node_disturbance,low,"(212.5,212.5)",0.0,0.0
E_single_node_disturbance_0594_0067,0.00h,23.83h,single_node_disturbance,low,"(-62.5,-162.5)",0.0,0.0
E_single_node_disturbance_0595_0257,0.00h,23.83h,single_node_disturbance,low,"(187.5,62.5)",0.0,0.0
E_single_node_disturbance_0596_0169,0.00h,23.83h,single_node_disturbance,low,"(-12.5,-37.5)",0.0,0.0
E_single_node_disturbance_0597_0345,0.00h,23.83h,single_node_disturbance,low,"(-112.5,187.5)",0.0,0.0
E_single_node_disturbance_0598_0024,0.00h,23.83h,single_node_disturbance,low,"(-137.5,-212.5)",0.0,0.0
E_single_node_disturbance_0599_0319,0.00h,23.83h,single_node_disturbance,low,"(237.5,137.5)",0.0,0.0
E_single_node_disturbance_0600_0185,0.00h,23.83h,single_node_disturbance,low,"(-112.5,-12.5)",0.0,0.0
E_single_node_disturbance_0601_0080,0.00h,23.83h,single_node_disturbance,low,"(-237.5,-137.5)",0.0,0.0
E_single_node_disturbance_0602_0083,0.00h,23.83h,single_node_disturbance,low,"(-162.5,-137.5)",0.0,0.0
E_single_node_disturbance_0603_0335,0.00h,23.83h,single_node_disturbance,low,"(137.5,162.5)",0.0,0.0
E_single_node_disturbance_0604_0115,0.00h,23.83h,single_node_disturbance,low,"(137.5,-112.5)",0.0,0.0
E_single_node_disturbance_0605_0233,0.00h,23.83h,single_node_disturbance,low,"(87.5,37.5)",0.0,0.0
E_single_node_disturbance_0606_0381,0.00h,23.83h,single_node_disturbance,low,"(-212.5,237.5)",0.0,0.0
E_single_node_disturbance_0607_0120,0.00h,23.83h,single_node_disturbance,low,"(-237.5,-87.5)",0.0,0.0
E_single_node_disturbance_0608_0050,0.00h,23.83h,single_node_disturbance,low,"(12.5,-187.5)",0.0,0.0
E_single_node_disturbance_0609_0231,0.00h,23.83h,single_node_disturbance,low,"(37.5,37.5)",0.0,0.0
E_single_node_disturbance_0610_0342,0.00h,23.83h,single_node_disturbance,low,"(-187.5,187.5)",0.0,0.0
E_single_node_disturbance_0611_0030,0.00h,23.83h,single_node_disturbance,low,"(12.5,-212.5)",0.0,0.0
E_single_node_disturbance_0612_0188,0.00h,23.83h,single_node_disturbance,low,"(-37.5,-12.5)",0.0,0.0
E_single_node_disturbance_0613_0268,0.00h,23.83h,single_node_disturbance,low,"(-37.5,87.5)",0.0,0.0
E_single_node_disturbance_0614_0346,0.00h,23.83h,single_node_disturbance,low,"(-87.5,187.5)",0.0,0.0
E_single_node_disturbance_0615_0313,0.00h,23.83h,single_node_disturbance,low,"(87.5,137.5)",0.0,0.0
E_single_node_disturbance_0616_0287,0.00h,23.83h,single_node_disturbance,low,"(-62.5,112.5)",0.0,0.0
E_single_node_disturbance_0617_0152,0.00h,23.83h,single_node_disturbance,low,"(62.5,-62.5)",0.0,0.0
E_single_node_disturbance_0618_0321,0.00h,23.83h,single_node_disturbance,low,"(-212.5,162.5)",0.0,0.0
E_single_node_disturbance_0619_0268,0.00h,23.83h,single_node_disturbance,low,"(-37.5,87.5)",0.0,0.0
E_single_node_disturbance_0620_0289,0.00h,23.83h,single_node_disturbance,low,"(-12.5,112.5)",0.0,0.0
E_single_node_disturbance_0621_0012,0.00h,23.83h,single_node_disturbance,low,"(62.5,-237.5)",0.0,0.0
E_single_node_disturbance_0622_0279,0.00h,23.83h,single_node_disturbance,low,"(237.5,87.5)",0.0,0.0
E_single_node_disturbance_0623_0216,0.00h,23.83h,single_node_disturbance,low,"(162.5,12.5)",0.0,0.0
E_single_node_disturbance_0624_0261,0.00h,23.83h,single_node_disturbance,low,"(-212.5,87.5)",0.0,0.0
E_vibration_only_0000_0135,0.00h,23.83h,vibration_only,low,"(137.5,-87.5)",0.0,0.0
E_vibration_only_0001_0296,0.00h,23.83h,vibration_only,low,"(162.5,112.5)",0.0,0.0
E_vibration_only_0002_0203,0.00h,23.83h,vibration_only,low,"(-162.5,12.5)",0.0,0.0
E_vibration_only_0003_0027,0.00h,23.83h,vibration_only,low,"(-62.5,-212.5)",0.0,0.0
E_vibration_only_0004_0283,0.00h,23.83h,vibration_only,low,"(-162.5,112.5)",0.0,0.0
E_vibration_only_0005_0267,0.00h,23.83h,vibration_only,low,"(-62.5,87.5)",0.0,0.0
E_vibration_only_0006_0186,0.00h,23.83h,vibration_only,low,"(-87.5,-12.5)",0.0,0.0
E_vibration_only_0007_0181,0.00h,23.83h,vibration_only,low,"(-212.5,-12.5)",0.0,0.0
E_vibration_only_0008_0012,0.00h,23.83h,vibration_only,low,"(62.5,-237.5)",0.0,0.0
E_vibration_only_0009_0065,0.00h,23.83h,vibration_only,low,"(-112.5,-162.5)",0.0,0.0
E_vibration_only_0010_0018,0.00h,23.83h,vibration_only,low,"(212.5,-237.5)",0.0,0.0
E_vibration_only_0011_0381,0.00h,23.83h,vibration_only,low,"(-212.5,237.5)",0.0,0.0
E_vibration_only_0012_0293,0.00h,23.83h,vibration_only,low,"(87.5,112.5)",0.0,0.0
E_vibration_only_0013_0000,0.00h,23.83h,vibration_only,low,"(-237.5,-237.5)",0.0,0.0
E_vibration_only_0014_0376,0.00h,23.83h,vibration_only,low,"(162.5,212.5)",0.0,0.0
E_vibration_only_0015_0246,0.00h,23.83h,vibration_only,low,"(-87.5,62.5)",0.0,0.0
E_vibration_only_0016_0155,0.00h,23.83h,vibration_only,low,"(137.5,-62.5)",0.0,0.0
E_vibration_only_0017_0045,0.00h,23.83h,vibration_only,low,"(-112.5,-187.5)",0.0,0.0
E_vibration_only_0018_0248,0.00h,23.83h,vibration_only,low,"(-37.5,62.5)",0.0,0.0
E_vibration_only_0019_0208,0.00h,23.83h,vibration_only,low,"(-37.5,12.5)",0.0,0.0
E_vibration_only_0020_0011,0.00h,23.83h,vibration_only,low,"(37.5,-237.5)",0.0,0.0
E_vibration_only_0021_0254,0.00h,23.83h,vibration_only,low,"(112.5,62.5)",0.0,0.0
E_vibration_only_0022_0367,0.00h,23.83h,vibration_only,low,"(-62.5,212.5)",0.0,0.0
E_vibration_only_0023_0316,0.00h,23.83h,vibration_only,low,"(162.5,137.5)",0.0,0.0
E_vibration_only_0024_0342,0.00h,23.83h,vibration_only,low,"(-187.5,187.5)",0.0,0.0
E_vibration_only_0025_0164,0.00h,23.83h,vibration_only,low,"(-137.5,-37.5)",0.0,0.0
E_vibration_only_0026_0232,0.00h,23.83h,vibration_only,low,"(62.5,37.5)",0.0,0.0
E_vibration_only_0027_0307,0.00h,23.83h,vibration_only,low,"(-62.5,137.5)",0.0,0.0
E_vibration_only_0028_0152,0.00h,23.83h,vibration_only,low,"(62.5,-62.5)",0.0,0.0
E_vibration_only_0029_0017,0.00h,23.83h,vibration_only,low,"(187.5,-237.5)",0.0,0.0
E_vibration_only_0030_0086,0.00h,23.83h,vibration_only,low,"(-87.5,-137.5)",0.0,0.0
E_vibration_only_0031_0302,0.00h,23.83h,vibration_only,low,"(-187.5,137.5)",0.0,0.0
E_vibration_only_0032_0278,0.00h,23.83h,vibration_only,low,"(212.5,87.5)",0.0,0.0
E_vibration_only_0033_0084,0.00h,23.83h,vibration_only,low,"(-137.5,-137.5)",0.0,0.0
E_vibration_only_0034_0159,0.00h,23.83h,vibration_only,low,"(237.5,-62.5)",0.0,0.0
E_vibration_only_0035_0087,0.00h,23.83h,vibration_only,low,"(-62.5,-137.5)",0.0,0.0
E_vibration_only_0036_0313,0.00h,23.83h,vibration_only,low,"(87.5,137.5)",0.0,0.0
E_vibration_only_0037_0384,0.00h,23.83h,vibration_only,low,"(-137.5,237.5)",0.0,0.0
E_vibration_only_0038_0079,0.00h,23.83h,vibration_only,low,"(237.5,-162.5)",0.0,0.0
E_vibration_only_0039_0284,0.00h,23.83h,vibration_only,low,"(-137.5,112.5)",0.0,0.0
E_vibration_only_0040_0019,0.00h,23.83h,vibration_only,low,"(237.5,-237.5)",0.0,0.0
E_vibration_only_0041_0051,0.00h,23.83h,vibration_only,low,"(37.5,-187.5)",0.0,0.0
E_vibration_only_0042_0196,0.00h,23.83h,vibration_only,low,"(162.5,-12.5)",0.0,0.0
E_vibration_only_0043_0254,0.00h,23.83h,vibration_only,low,"(112.5,62.5)",0.0,0.0
E_vibration_only_0044_0253,0.00h,23.83h,vibration_only,low,"(87.5,62.5)",0.0,0.0
E_vibration_only_0045_0339,0.00h,23.83h,vibration_only,low,"(237.5,162.5)",0.0,0.0
E_vibration_only_0046_0130,0.00h,23.83h,vibration_only,low,"(12.5,-87.5)",0.0,0.0
E_vibration_only_0047_0235,0.00h,23.83h,vibration_only,low,"(137.5,37.5)",0.0,0.0
E_vibration_only_0048_0248,0.00h,23.83h,vibration_only,low,"(-37.5,62.5)",0.0,0.0
E_vibration_only_0049_0237,0.00h,23.83h,vibration_only,low,"(187.5,37.5)",0.0,0.0
E_vibration_only_0050_0390,0.00h,23.83h,vibration_only,low,"(12.5,237.5)",0.0,0.0
E_vibration_only_0051_0261,0.00h,23.83h,vibration_only,low,"(-212.5,87.5)",0.0,0.0
E_vibration_only_0052_0053,0.00h,23.83h,vibration_only,low,"(87.5,-187.5)",0.0,0.0
E_vibration_only_0053_0213,0.00h,23.83h,vibration_only,low,"(87.5,12.5)",0.0,0.0
E_vibration_only_0054_0270,0.00h,23.83h,vibration_only,low,"(12.5,87.5)",0.0,0.0
E_vibration_only_0055_0073,0.00h,23.83h,vibration_only,low,"(87.5,-162.5)",0.0,0.0
E_vibration_only_0056_0228,0.00h,23.83h,vibration_only,low,"(-37.5,37.5)",0.0,0.0
E_vibration_only_0057_0333,0.00h,23.83h,vibration_only,low,"(87.5,162.5)",0.0,0.0
E_vibration_only_0058_0071,0.00h,23.83h,vibration_only,low,"(37.5,-162.5)",0.0,0.0
E_vibration_only_0059_0346,0.00h,23.83h,vibration_only,low,"(-87.5,187.5)",0.0,0.0
E_vibration_only_0060_0261,0.00h,23.83h,vibration_only,low,"(-212.5,87.5)",0.0,0.0
E_vibration_only_0061_0108,0.00h,23.83h,vibration_only,low,"(-37.5,-112.5)",0.0,0.0
E_vibration_only_0062_0191,0.00h,23.83h,vibration_only,low,"(37.5,-12.5)",0.0,0.0
E_vibration_only_0063_0257,0.00h,23.83h,vibration_only,low,"(187.5,62.5)",0.0,0.0
E_vibration_only_0064_0261,0.00h,23.83h,vibration_only,low,"(-212.5,87.5)",0.0,0.0
E_vibration_only_0065_0191,0.00h,23.83h,vibration_only,low,"(37.5,-12.5)",0.0,0.0
E_vibration_only_0066_0194,0.00h,23.83h,vibration_only,low,"(112.5,-12.5)",0.0,0.0
E_vibration_only_0067_0100,0.00h,23.83h,vibration_only,low,"(-237.5,-112.5)",0.0,0.0
E_vibration_only_0068_0146,0.00h,23.83h,vibration_only,low,"(-87.5,-62.5)",0.0,0.0
E_vibration_only_0069_0337,0.00h,23.83h,vibration_only,low,"(187.5,162.5)",0.0,0.0
E_vibration_only_0070_0276,0.00h,23.83h,vibration_only,low,"(162.5,87.5)",0.0,0.0
E_vibration_only_0071_0357,0.00h,23.83h,vibration_only,low,"(187.5,187.5)",0.0,0.0
E_vibration_only_0072_0134,0.00h,23.83h,vibration_only,low,"(112.5,-87.5)",0.0,0.0
E_vibration_only_0073_0247,0.00h,23.83h,vibration_only,low,"(-62.5,62.5)",0.0,0.0
E_vibration_only_0074_0118,0.00h,23.83h,vibration_only,low,"(212.5,-112.5)",0.0,0.0
E_vibration_only_0075_0343,0.00h,23.83h,vibration_only,low,"(-162.5,187.5)",0.0,0.0
E_vibration_only_0076_0019,0.00h,23.83h,vibration_only,low,"(237.5,-237.5)",0.0,0.0
E_vibration_only_0077_0047,0.00h,23.83h,vibration_only,low,"(-62.5,-187.5)",0.0,0.0
E_vibration_only_0078_0155,0.00h,23.83h,vibration_only,low,"(137.5,-62.5)",0.0,0.0
E_vibration_only_0079_0202,0.00h,23.83h,vibration_only,low,"(-187.5,12.5)",0.0,0.0
E_vibration_only_0080_0196,0.00h,23.83h,vibration_only,low,"(162.5,-12.5)",0.0,0.0
E_vibration_only_0081_0329,0.00h,23.83h,vibration_only,low,"(-12.5,162.5)",0.0,0.0
E_vibration_only_0082_0262,0.00h,23.83h,vibration_only,low,"(-187.5,87.5)",0.0,0.0
E_vibration_only_0083_0061,0.00h,23.83h,vibration_only,low,"(-212.5,-162.5)",0.0,0.0
E_vibration_only_0084_0182,0.00h,23.83h,vibration_only,low,"(-187.5,-12.5)",0.0,0.0
E_vibration_only_0085_0063,0.00h,23.83h,vibration_only,low,"(-162.5,-162.5)",0.0,0.0
E_vibration_only_0086_0372,0.00h,23.83h,vibration_only,low,"(62.5,212.5)",0.0,0.0
E_vibration_only_0087_0278,0.00h,23.83h,vibration_only,low,"(212.5,87.5)",0.0,0.0
E_vibration_only_0088_0004,0.00h,23.83h,vibration_only,low,"(-137.5,-237.5)",0.0,0.0
E_vibration_only_0089_0318,0.00h,23.83h,vibration_only,low,"(212.5,137.5)",0.0,0.0
E_vibration_only_0090_0004,0.00h,23.83h,vibration_only,low,"(-137.5,-237.5)",0.0,0.0
E_vibration_only_0091_0316,0.00h,23.83h,vibration_only,low,"(162.5,137.5)",0.0,0.0
E_vibration_only_0092_0108,0.00h,23.83h,vibration_only,low,"(-37.5,-112.5)",0.0,0.0
E_vibration_only_0093_0224,0.00h,23.83h,vibration_only,low,"(-137.5,37.5)",0.0,0.0
E_vibration_only_0094_0194,0.00h,23.83h,vibration_only,low,"(112.5,-12.5)",0.0,0.0
E_vibration_only_0095_0249,0.00h,23.83h,vibration_only,low,"(-12.5,62.5)",0.0,0.0
E_vibration_only_0096_0218,0.00h,23.83h,vibration_only,low,"(212.5,12.5)",0.0,0.0
E_vibration_only_0097_0192,0.00h,23.83h,vibration_only,low,"(62.5,-12.5)",0.0,0.0
E_vibration_only_0098_0100,0.00h,23.83h,vibration_only,low,"(-237.5,-112.5)",0.0,0.0
E_vibration_only_0099_0031,0.00h,23.83h,vibration_only,low,"(37.5,-212.5)",0.0,0.0
E_vibration_only_0100_0326,0.00h,23.83h,vibration_only,low,"(-87.5,162.5)",0.0,0.0
E_vibration_only_0101_0248,0.00h,23.83h,vibration_only,low,"(-37.5,62.5)",0.0,0.0
E_vibration_only_0102_0149,0.00h,23.83h,vibration_only,low,"(-12.5,-62.5)",0.0,0.0
E_vibration_only_0103_0252,0.00h,23.83h,vibration_only,low,"(62.5,62.5)",0.0,0.0
E_vibration_only_0104_0039,0.00h,23.83h,vibration_only,low,"(237.5,-212.5)",0.0,0.0
E_vibration_only_0105_0044,0.00h,23.83h,vibration_only,low,"(-137.5,-187.5)",0.0,0.0
E_vibration_only_0106_0324,0.00h,23.83h,vibration_only,low,"(-137.5,162.5)",0.0,0.0
E_vibration_only_0107_0231,0.00h,23.83h,vibration_only,low,"(37.5,37.5)",0.0,0.0
E_vibration_only_0108_0038,0.00h,23.83h,vibration_only,low,"(212.5,-212.5)",0.0,0.0
E_vibration_only_0109_0194,0.00h,23.83h,vibration_only,low,"(112.5,-12.5)",0.0,0.0
E_vibration_only_0110_0249,0.00h,23.83h,vibration_only,low,"(-12.5,62.5)",0.0,0.0
E_vibration_only_0111_0294,0.00h,23.83h,vibration_only,low,"(112.5,112.5)",0.0,0.0
E_vibration_only_0112_0252,0.00h,23.83h,vibration_only,low,"(62.5,62.5)",0.0,0.0
E_vibration_only_0113_0087,0.00h,23.83h,vibration_only,low,"(-62.5,-137.5)",0.0,0.0
E_vibration_only_0114_0361,0.00h,23.83h,vibration_only,low,"(-212.5,212.5)",0.0,0.0
E_vibration_only_0115_0350,0.00h,23.83h,vibration_only,low,"(12.5,187.5)",0.0,0.0
E_vibration_only_0116_0139,0.00h,23.83h,vibration_only,low,"(237.5,-87.5)",0.0,0.0
E_vibration_only_0117_0232,0.00h,23.83h,vibration_only,low,"(62.5,37.5)",0.0,0.0
E_vibration_only_0118_0008,0.00h,23.83h,vibration_only,low,"(-37.5,-237.5)",0.0,0.0
E_vibration_only_0119_0025,0.00h,23.83h,vibration_only,low,"(-112.5,-212.5)",0.0,0.0
E_vibration_only_0120_0104,0.00h,23.83h,vibration_only,low,"(-137.5,-112.5)",0.0,0.0
E_vibration_only_0121_0159,0.00h,23.83h,vibration_only,low,"(237.5,-62.5)",0.0,0.0
E_vibration_only_0122_0254,0.00h,23.83h,vibration_only,low,"(112.5,62.5)",0.0,0.0
E_vibration_only_0123_0285,0.00h,23.83h,vibration_only,low,"(-112.5,112.5)",0.0,0.0
E_vibration_only_0124_0123,0.00h,23.83h,vibration_only,low,"(-162.5,-87.5)",0.0,0.0
E_vibration_only_0125_0281,0.00h,23.83h,vibration_only,low,"(-212.5,112.5)",0.0,0.0
E_vibration_only_0126_0316,0.00h,23.83h,vibration_only,low,"(162.5,137.5)",0.0,0.0
E_vibration_only_0127_0017,0.00h,23.83h,vibration_only,low,"(187.5,-237.5)",0.0,0.0
E_vibration_only_0128_0111,0.00h,23.83h,vibration_only,low,"(37.5,-112.5)",0.0,0.0
E_vibration_only_0129_0379,0.00h,23.83h,vibration_only,low,"(237.5,212.5)",0.0,0.0
E_vibration_only_0130_0157,0.00h,23.83h,vibration_only,low,"(187.5,-62.5)",0.0,0.0
E_vibration_only_0131_0260,0.00h,23.83h,vibration_only,low,"(-237.5,87.5)",0.0,0.0
E_vibration_only_0132_0009,0.00h,23.83h,vibration_only,low,"(-12.5,-237.5)",0.0,0.0
E_vibration_only_0133_0337,0.00h,23.83h,vibration_only,low,"(187.5,162.5)",0.0,0.0
E_vibration_only_0134_0333,0.00h,23.83h,vibration_only,low,"(87.5,162.5)",0.0,0.0
E_vibration_only_0135_0361,0.00h,23.83h,vibration_only,low,"(-212.5,212.5)",0.0,0.0
E_vibration_only_0136_0304,0.00h,23.83h,vibration_only,low,"(-137.5,137.5)",0.0,0.0
E_vibration_only_0137_0069,0.00h,23.83h,vibration_only,low,"(-12.5,-162.5)",0.0,0.0
E_vibration_only_0138_0134,0.00h,23.83h,vibration_only,low,"(112.5,-87.5)",0.0,0.0
E_vibration_only_0139_0299,0.00h,23.83h,vibration_only,low,"(237.5,112.5)",0.0,0.0
E_vibration_only_0140_0319,0.00h,23.83h,vibration_only,low,"(237.5,137.5)",0.0,0.0
E_vibration_only_0141_0197,0.00h,23.83h,vibration_only,low,"(187.5,-12.5)",0.0,0.0
E_vibration_only_0142_0081,0.00h,23.83h,vibration_only,low,"(-212.5,-137.5)",0.0,0.0
E_vibration_only_0143_0318,0.00h,23.83h,vibration_only,low,"(212.5,137.5)",0.0,0.0
E_vibration_only_0144_0139,0.00h,23.83h,vibration_only,low,"(237.5,-87.5)",0.0,0.0
E_vibration_only_0145_0226,0.00h,23.83h,vibration_only,low,"(-87.5,37.5)",0.0,0.0
E_vibration_only_0146_0145,0.00h,23.83h,vibration_only,low,"(-112.5,-62.5)",0.0,0.0
E_vibration_only_0147_0253,0.00h,23.83h,vibration_only,low,"(87.5,62.5)",0.0,0.0
E_vibration_only_0148_0146,0.00h,23.83h,vibration_only,low,"(-87.5,-62.5)",0.0,0.0
E_vibration_only_0149_0373,0.00h,23.83h,vibration_only,low,"(87.5,212.5)",0.0,0.0
E_vibration_only_0150_0280,0.00h,23.83h,vibration_only,low,"(-237.5,112.5)",0.0,0.0
E_vibration_only_0151_0373,0.00h,23.83h,vibration_only,low,"(87.5,212.5)",0.0,0.0
E_vibration_only_0152_0016,0.00h,23.83h,vibration_only,low,"(162.5,-237.5)",0.0,0.0
E_vibration_only_0153_0073,0.00h,23.83h,vibration_only,low,"(87.5,-162.5)",0.0,0.0
E_vibration_only_0154_0128,0.00h,23.83h,vibration_only,low,"(-37.5,-87.5)",0.0,0.0
E_vibration_only_0155_0308,0.00h,23.83h,vibration_only,low,"(-37.5,137.5)",0.0,0.0
E_vibration_only_0156_0072,0.00h,23.83h,vibration_only,low,"(62.5,-162.5)",0.0,0.0
E_vibration_only_0157_0249,0.00h,23.83h,vibration_only,low,"(-12.5,62.5)",0.0,0.0
E_vibration_only_0158_0321,0.00h,23.83h,vibration_only,low,"(-212.5,162.5)",0.0,0.0
E_vibration_only_0159_0109,0.00h,23.83h,vibration_only,low,"(-12.5,-112.5)",0.0,0.0
E_vibration_only_0160_0385,0.00h,23.83h,vibration_only,low,"(-112.5,237.5)",0.0,0.0
E_vibration_only_0161_0228,0.00h,23.83h,vibration_only,low,"(-37.5,37.5)",0.0,0.0
E_vibration_only_0162_0201,0.00h,23.83h,vibration_only,low,"(-212.5,12.5)",0.0,0.0
E_vibration_only_0163_0144,0.00h,23.83h,vibration_only,low,"(-137.5,-62.5)",0.0,0.0
E_vibration_only_0164_0391,0.00h,23.83h,vibration_only,low,"(37.5,237.5)",0.0,0.0
E_vibration_only_0165_0229,0.00h,23.83h,vibration_only,low,"(-12.5,37.5)",0.0,0.0
E_vibration_only_0166_0166,0.00h,23.83h,vibration_only,low,"(-87.5,-37.5)",0.0,0.0
E_vibration_only_0167_0079,0.00h,23.83h,vibration_only,low,"(237.5,-162.5)",0.0,0.0
E_vibration_only_0168_0124,0.00h,23.83h,vibration_only,low,"(-137.5,-87.5)",0.0,0.0
E_vibration_only_0169_0108,0.00h,23.83h,vibration_only,low,"(-37.5,-112.5)",0.0,0.0
E_vibration_only_0170_0231,0.00h,23.83h,vibration_only,low,"(37.5,37.5)",0.0,0.0
E_vibration_only_0171_0246,0.00h,23.83h,vibration_only,low,"(-87.5,62.5)",0.0,0.0
E_vibration_only_0172_0351,0.00h,23.83h,vibration_only,low,"(37.5,187.5)",0.0,0.0
E_vibration_only_0173_0049,0.00h,23.83h,vibration_only,low,"(-12.5,-187.5)",0.0,0.0
E_vibration_only_0174_0245,0.00h,23.83h,vibration_only,low,"(-112.5,62.5)",0.0,0.0
E_vibration_only_0175_0020,0.00h,23.83h,vibration_only,low,"(-237.5,-212.5)",0.0,0.0
E_vibration_only_0176_0211,0.00h,23.83h,vibration_only,low,"(37.5,12.5)",0.0,0.0
E_vibration_only_0177_0055,0.00h,23.83h,vibration_only,low,"(137.5,-187.5)",0.0,0.0
E_vibration_only_0178_0275,0.00h,23.83h,vibration_only,low,"(137.5,87.5)",0.0,0.0
E_vibration_only_0179_0272,0.00h,23.83h,vibration_only,low,"(62.5,87.5)",0.0,0.0
E_vibration_only_0180_0361,0.00h,23.83h,vibration_only,low,"(-212.5,212.5)",0.0,0.0
E_vibration_only_0181_0023,0.00h,23.83h,vibration_only,low,"(-162.5,-212.5)",0.0,0.0
E_vibration_only_0182_0229,0.00h,23.83h,vibration_only,low,"(-12.5,37.5)",0.0,0.0
E_vibration_only_0183_0371,0.00h,23.83h,vibration_only,low,"(37.5,212.5)",0.0,0.0
E_vibration_only_0184_0115,0.00h,23.83h,vibration_only,low,"(137.5,-112.5)",0.0,0.0
E_vibration_only_0185_0045,0.00h,23.83h,vibration_only,low,"(-112.5,-187.5)",0.0,0.0
E_vibration_only_0186_0226,0.00h,23.83h,vibration_only,low,"(-87.5,37.5)",0.0,0.0
E_vibration_only_0187_0291,0.00h,23.83h,vibration_only,low,"(37.5,112.5)",0.0,0.0
E_vibration_only_0188_0300,0.00h,23.83h,vibration_only,low,"(-237.5,137.5)",0.0,0.0
E_vibration_only_0189_0363,0.00h,23.83h,vibration_only,low,"(-162.5,212.5)",0.0,0.0
E_vibration_only_0190_0040,0.00h,23.83h,vibration_only,low,"(-237.5,-187.5)",0.0,0.0
E_vibration_only_0191_0214,0.00h,23.83h,vibration_only,low,"(112.5,12.5)",0.0,0.0
E_vibration_only_0192_0181,0.00h,23.83h,vibration_only,low,"(-212.5,-12.5)",0.0,0.0
E_vibration_only_0193_0169,0.00h,23.83h,vibration_only,low,"(-12.5,-37.5)",0.0,0.0
E_vibration_only_0194_0288,0.00h,23.83h,vibration_only,low,"(-37.5,112.5)",0.0,0.0
E_vibration_only_0195_0041,0.00h,23.83h,vibration_only,low,"(-212.5,-187.5)",0.0,0.0
E_vibration_only_0196_0282,0.00h,23.83h,vibration_only,low,"(-187.5,112.5)",0.0,0.0
E_vibration_only_0197_0068,0.00h,23.83h,vibration_only,low,"(-37.5,-162.5)",0.0,0.0
E_vibration_only_0198_0005,0.00h,23.83h,vibration_only,low,"(-112.5,-237.5)",0.0,0.0
E_vibration_only_0199_0050,0.00h,23.83h,vibration_only,low,"(12.5,-187.5)",0.0,0.0
E_vibration_only_0200_0327,0.00h,23.83h,vibration_only,low,"(-62.5,162.5)",0.0,0.0
E_vibration_only_0201_0374,0.00h,23.83h,vibration_only,low,"(112.5,212.5)",0.0,0.0
E_vibration_only_0202_0097,0.00h,23.83h,vibration_only,low,"(187.5,-137.5)",0.0,0.0
E_vibration_only_0203_0299,0.00h,23.83h,vibration_only,low,"(237.5,112.5)",0.0,0.0
E_vibration_only_0204_0062,0.00h,23.83h,vibration_only,low,"(-187.5,-162.5)",0.0,0.0
E_vibration_only_0205_0198,0.00h,23.83h,vibration_only,low,"(212.5,-12.5)",0.0,0.0
E_vibration_only_0206_0180,0.00h,23.83h,vibration_only,low,"(-237.5,-12.5)",0.0,0.0
E_vibration_only_0207_0252,0.00h,23.83h,vibration_only,low,"(62.5,62.5)",0.0,0.0
E_vibration_only_0208_0117,0.00h,23.83h,vibration_only,low,"(187.5,-112.5)",0.0,0.0
E_vibration_only_0209_0241,0.00h,23.83h,vibration_only,low,"(-212.5,62.5)",0.0,0.0
E_vibration_only_0210_0164,0.00h,23.83h,vibration_only,low,"(-137.5,-37.5)",0.0,0.0
E_vibration_only_0211_0142,0.00h,23.83h,vibration_only,low,"(-187.5,-62.5)",0.0,0.0
E_vibration_only_0212_0044,0.00h,23.83h,vibration_only,low,"(-137.5,-187.5)",0.0,0.0
E_vibration_only_0213_0362,0.00h,23.83h,vibration_only,low,"(-187.5,212.5)",0.0,0.0
E_vibration_only_0214_0247,0.00h,23.83h,vibration_only,low,"(-62.5,62.5)",0.0,0.0
E_vibration_only_0215_0060,0.00h,23.83h,vibration_only,low,"(-237.5,-162.5)",0.0,0.0
E_vibration_only_0216_0315,0.00h,23.83h,vibration_only,low,"(137.5,137.5)",0.0,0.0
E_vibration_only_0217_0316,0.00h,23.83h,vibration_only,low,"(162.5,137.5)",0.0,0.0
E_vibration_only_0218_0359,0.00h,23.83h,vibration_only,low,"(237.5,187.5)",0.0,0.0
E_vibration_only_0219_0135,0.00h,23.83h,vibration_only,low,"(137.5,-87.5)",0.0,0.0
E_vibration_only_0220_0216,0.00h,23.83h,vibration_only,low,"(162.5,12.5)",0.0,0.0
E_vibration_only_0221_0374,0.00h,23.83h,vibration_only,low,"(112.5,212.5)",0.0,0.0
E_vibration_only_0222_0101,0.00h,23.83h,vibration_only,low,"(-212.5,-112.5)",0.0,0.0
E_vibration_only_0223_0002,0.00h,23.83h,vibration_only,low,"(-187.5,-237.5)",0.0,0.0
E_vibration_only_0224_0215,0.00h,23.83h,vibration_only,low,"(137.5,12.5)",0.0,0.0
E_vibration_only_0225_0133,0.00h,23.83h,vibration_only,low,"(87.5,-87.5)",0.0,0.0
E_vibration_only_0226_0391,0.00h,23.83h,vibration_only,low,"(37.5,237.5)",0.0,0.0
E_vibration_only_0227_0106,0.00h,23.83h,vibration_only,low,"(-87.5,-112.5)",0.0,0.0
E_vibration_only_0228_0110,0.00h,23.83h,vibration_only,low,"(12.5,-112.5)",0.0,0.0
E_vibration_only_0229_0382,0.00h,23.83h,vibration_only,low,"(-187.5,237.5)",0.0,0.0
E_vibration_only_0230_0336,0.00h,23.83h,vibration_only,low,"(162.5,162.5)",0.0,0.0
E_vibration_only_0231_0229,0.00h,23.83h,vibration_only,low,"(-12.5,37.5)",0.0,0.0
E_vibration_only_0232_0057,0.00h,23.83h,vibration_only,low,"(187.5,-187.5)",0.0,0.0
E_vibration_only_0233_0273,0.00h,23.83h,vibration_only,low,"(87.5,87.5)",0.0,0.0
E_vibration_only_0234_0083,0.00h,23.83h,vibration_only,low,"(-162.5,-137.5)",0.0,0.0
E_vibration_only_0235_0226,0.00h,23.83h,vibration_only,low,"(-87.5,37.5)",0.0,0.0
E_vibration_only_0236_0167,0.00h,23.83h,vibration_only,low,"(-62.5,-37.5)",0.0,0.0
E_vibration_only_0237_0336,0.00h,23.83h,vibration_only,low,"(162.5,162.5)",0.0,0.0
E_vibration_only_0238_0182,0.00h,23.83h,vibration_only,low,"(-187.5,-12.5)",0.0,0.0
E_vibration_only_0239_0161,0.00h,23.83h,vibration_only,low,"(-212.5,-37.5)",0.0,0.0
E_vibration_only_0240_0043,0.00h,23.83h,vibration_only,low,"(-162.5,-187.5)",0.0,0.0
E_vibration_only_0241_0072,0.00h,23.83h,vibration_only,low,"(62.5,-162.5)",0.0,0.0
E_vibration_only_0242_0114,0.00h,23.83h,vibration_only,low,"(112.5,-112.5)",0.0,0.0
E_vibration_only_0243_0110,0.00h,23.83h,vibration_only,low,"(12.5,-112.5)",0.0,0.0
E_vibration_only_0244_0298,0.00h,23.83h,vibration_only,low,"(212.5,112.5)",0.0,0.0
E_vibration_only_0245_0309,0.00h,23.83h,vibration_only,low,"(-12.5,137.5)",0.0,0.0
E_vibration_only_0246_0355,0.00h,23.83h,vibration_only,low,"(137.5,187.5)",0.0,0.0
E_vibration_only_0247_0226,0.00h,23.83h,vibration_only,low,"(-87.5,37.5)",0.0,0.0
E_vibration_only_0248_0311,0.00h,23.83h,vibration_only,low,"(37.5,137.5)",0.0,0.0
E_vibration_only_0249_0109,0.00h,23.83h,vibration_only,low,"(-12.5,-112.5)",0.0,0.0
E_vibration_only_0250_0021,0.00h,23.83h,vibration_only,low,"(-212.5,-212.5)",0.0,0.0
E_vibration_only_0251_0223,0.00h,23.83h,vibration_only,low,"(-162.5,37.5)",0.0,0.0
E_vibration_only_0252_0258,0.00h,23.83h,vibration_only,low,"(212.5,62.5)",0.0,0.0
E_vibration_only_0253_0105,0.00h,23.83h,vibration_only,low,"(-112.5,-112.5)",0.0,0.0
E_vibration_only_0254_0126,0.00h,23.83h,vibration_only,low,"(-87.5,-87.5)",0.0,0.0
E_vibration_only_0255_0020,0.00h,23.83h,vibration_only,low,"(-237.5,-212.5)",0.0,0.0
E_vibration_only_0256_0202,0.00h,23.83h,vibration_only,low,"(-187.5,12.5)",0.0,0.0
E_vibration_only_0257_0304,0.00h,23.83h,vibration_only,low,"(-137.5,137.5)",0.0,0.0
E_vibration_only_0258_0190,0.00h,23.83h,vibration_only,low,"(12.5,-12.5)",0.0,0.0
E_vibration_only_0259_0393,0.00h,23.83h,vibration_only,low,"(87.5,237.5)",0.0,0.0
E_vibration_only_0260_0363,0.00h,23.83h,vibration_only,low,"(-162.5,212.5)",0.0,0.0
E_vibration_only_0261_0344,0.00h,23.83h,vibration_only,low,"(-137.5,187.5)",0.0,0.0
E_vibration_only_0262_0299,0.00h,23.83h,vibration_only,low,"(237.5,112.5)",0.0,0.0
E_vibration_only_0263_0302,0.00h,23.83h,vibration_only,low,"(-187.5,137.5)",0.0,0.0
E_vibration_only_0264_0389,0.00h,23.83h,vibration_only,low,"(-12.5,237.5)",0.0,0.0
E_vibration_only_0265_0279,0.00h,23.83h,vibration_only,low,"(237.5,87.5)",0.0,0.0
E_vibration_only_0266_0310,0.00h,23.83h,vibration_only,low,"(12.5,137.5)",0.0,0.0
E_vibration_only_0267_0308,0.00h,23.83h,vibration_only,low,"(-37.5,137.5)",0.0,0.0
E_vibration_only_0268_0136,0.00h,23.83h,vibration_only,low,"(162.5,-87.5)",0.0,0.0
E_vibration_only_0269_0398,0.00h,23.83h,vibration_only,low,"(212.5,237.5)",0.0,0.0
E_vibration_only_0270_0155,0.00h,23.83h,vibration_only,low,"(137.5,-62.5)",0.0,0.0
E_vibration_only_0271_0269,0.00h,23.83h,vibration_only,low,"(-12.5,87.5)",0.0,0.0
E_vibration_only_0272_0229,0.00h,23.83h,vibration_only,low,"(-12.5,37.5)",0.0,0.0
E_vibration_only_0273_0287,0.00h,23.83h,vibration_only,low,"(-62.5,112.5)",0.0,0.0
E_vibration_only_0274_0344,0.00h,23.83h,vibration_only,low,"(-137.5,187.5)",0.0,0.0
E_vibration_only_0275_0086,0.00h,23.83h,vibration_only,low,"(-87.5,-137.5)",0.0,0.0
E_vibration_only_0276_0119,0.00h,23.83h,vibration_only,low,"(237.5,-112.5)",0.0,0.0
E_vibration_only_0277_0289,0.00h,23.83h,vibration_only,low,"(-12.5,112.5)",0.0,0.0
E_vibration_only_0278_0113,0.00h,23.83h,vibration_only,low,"(87.5,-112.5)",0.0,0.0
E_vibration_only_0279_0382,0.00h,23.83h,vibration_only,low,"(-187.5,237.5)",0.0,0.0
E_vibration_only_0280_0275,0.00h,23.83h,vibration_only,low,"(137.5,87.5)",0.0,0.0
E_vibration_only_0281_0105,0.00h,23.83h,vibration_only,low,"(-112.5,-112.5)",0.0,0.0
E_vibration_only_0282_0191,0.00h,23.83h,vibration_only,low,"(37.5,-12.5)",0.0,0.0
E_vibration_only_0283_0341,0.00h,23.83h,vibration_only,low,"(-212.5,187.5)",0.0,0.0
E_vibration_only_0284_0293,0.00h,23.83h,vibration_only,low,"(87.5,112.5)",0.0,0.0
E_vibration_only_0285_0199,0.00h,23.83h,vibration_only,low,"(237.5,-12.5)",0.0,0.0
E_vibration_only_0286_0149,0.00h,23.83h,vibration_only,low,"(-12.5,-62.5)",0.0,0.0
E_vibration_only_0287_0011,0.00h,23.83h,vibration_only,low,"(37.5,-237.5)",0.0,0.0
E_vibration_only_0288_0360,0.00h,23.83h,vibration_only,low,"(-237.5,212.5)",0.0,0.0
E_vibration_only_0289_0295,0.00h,23.83h,vibration_only,low,"(137.5,112.5)",0.0,0.0
E_vibration_only_0290_0073,0.00h,23.83h,vibration_only,low,"(87.5,-162.5)",0.0,0.0
E_vibration_only_0291_0201,0.00h,23.83h,vibration_only,low,"(-212.5,12.5)",0.0,0.0
E_vibration_only_0292_0145,0.00h,23.83h,vibration_only,low,"(-112.5,-62.5)",0.0,0.0
E_vibration_only_0293_0111,0.00h,23.83h,vibration_only,low,"(37.5,-112.5)",0.0,0.0
E_vibration_only_0294_0126,0.00h,23.83h,vibration_only,low,"(-87.5,-87.5)",0.0,0.0
E_vibration_only_0295_0270,0.00h,23.83h,vibration_only,low,"(12.5,87.5)",0.0,0.0
E_vibration_only_0296_0054,0.00h,23.83h,vibration_only,low,"(112.5,-187.5)",0.0,0.0
E_vibration_only_0297_0163,0.00h,23.83h,vibration_only,low,"(-162.5,-37.5)",0.0,0.0
E_vibration_only_0298_0340,0.00h,23.83h,vibration_only,low,"(-237.5,187.5)",0.0,0.0
E_vibration_only_0299_0243,0.00h,23.83h,vibration_only,low,"(-162.5,62.5)",0.0,0.0
E_vibration_only_0300_0268,0.00h,23.83h,vibration_only,low,"(-37.5,87.5)",0.0,0.0
E_vibration_only_0301_0048,0.00h,23.83h,vibration_only,low,"(-37.5,-187.5)",0.0,0.0
E_vibration_only_0302_0181,0.00h,23.83h,vibration_only,low,"(-212.5,-12.5)",0.0,0.0
E_vibration_only_0303_0084,0.00h,23.83h,vibration_only,low,"(-137.5,-137.5)",0.0,0.0
E_vibration_only_0304_0231,0.00h,23.83h,vibration_only,low,"(37.5,37.5)",0.0,0.0
E_vibration_only_0305_0162,0.00h,23.83h,vibration_only,low,"(-187.5,-37.5)",0.0,0.0
E_vibration_only_0306_0096,0.00h,23.83h,vibration_only,low,"(162.5,-137.5)",0.0,0.0
E_vibration_only_0307_0091,0.00h,23.83h,vibration_only,low,"(37.5,-137.5)",0.0,0.0
E_vibration_only_0308_0320,0.00h,23.83h,vibration_only,low,"(-237.5,162.5)",0.0,0.0
E_vibration_only_0309_0246,0.00h,23.83h,vibration_only,low,"(-87.5,62.5)",0.0,0.0
E_vibration_only_0310_0171,0.00h,23.83h,vibration_only,low,"(37.5,-37.5)",0.0,0.0
E_vibration_only_0311_0072,0.00h,23.83h,vibration_only,low,"(62.5,-162.5)",0.0,0.0
E_vibration_only_0312_0167,0.00h,23.83h,vibration_only,low,"(-62.5,-37.5)",0.0,0.0
E_vibration_only_0313_0337,0.00h,23.83h,vibration_only,low,"(187.5,162.5)",0.0,0.0
E_vibration_only_0314_0354,0.00h,23.83h,vibration_only,low,"(112.5,187.5)",0.0,0.0
E_vibration_only_0315_0304,0.00h,23.83h,vibration_only,low,"(-137.5,137.5)",0.0,0.0
E_vibration_only_0316_0388,0.00h,23.83h,vibration_only,low,"(-37.5,237.5)",0.0,0.0
E_vibration_only_0317_0242,0.00h,23.83h,vibration_only,low,"(-187.5,62.5)",0.0,0.0
E_vibration_only_0318_0178,0.00h,23.83h,vibration_only,low,"(212.5,-37.5)",0.0,0.0
E_vibration_only_0319_0077,0.00h,23.83h,vibration_only,low,"(187.5,-162.5)",0.0,0.0
E_vibration_only_0320_0008,0.00h,23.83h,vibration_only,low,"(-37.5,-237.5)",0.0,0.0
E_vibration_only_0321_0175,0.00h,23.83h,vibration_only,low,"(137.5,-37.5)",0.0,0.0
E_vibration_only_0322_0283,0.00h,23.83h,vibration_only,low,"(-162.5,112.5)",0.0,0.0
E_vibration_only_0323_0350,0.00h,23.83h,vibration_only,low,"(12.5,187.5)",0.0,0.0
E_vibration_only_0324_0391,0.00h,23.83h,vibration_only,low,"(37.5,237.5)",0.0,0.0
E_vibration_only_0325_0251,0.00h,23.83h,vibration_only,low,"(37.5,62.5)",0.0,0.0
E_vibration_only_0326_0260,0.00h,23.83h,vibration_only,low,"(-237.5,87.5)",0.0,0.0
E_vibration_only_0327_0099,0.00h,23.83h,vibration_only,low,"(237.5,-137.5)",0.0,0.0
E_vibration_only_0328_0354,0.00h,23.83h,vibration_only,low,"(112.5,187.5)",0.0,0.0
E_vibration_only_0329_0046,0.00h,23.83h,vibration_only,low,"(-87.5,-187.5)",0.0,0.0
E_vibration_only_0330_0057,0.00h,23.83h,vibration_only,low,"(187.5,-187.5)",0.0,0.0
E_vibration_only_0331_0083,0.00h,23.83h,vibration_only,low,"(-162.5,-137.5)",0.0,0.0
E_vibration_only_0332_0041,0.00h,23.83h,vibration_only,low,"(-212.5,-187.5)",0.0,0.0
E_vibration_only_0333_0131,0.00h,23.83h,vibration_only,low,"(37.5,-87.5)",0.0,0.0
E_vibration_only_0334_0021,0.00h,23.83h,vibration_only,low,"(-212.5,-212.5)",0.0,0.0
E_vibration_only_0335_0290,0.00h,23.83h,vibration_only,low,"(12.5,112.5)",0.0,0.0
E_vibration_only_0336_0339,0.00h,23.83h,vibration_only,low,"(237.5,162.5)",0.0,0.0
E_vibration_only_0337_0157,0.00h,23.83h,vibration_only,low,"(187.5,-62.5)",0.0,0.0
E_vibration_only_0338_0315,0.00h,23.83h,vibration_only,low,"(137.5,137.5)",0.0,0.0
E_vibration_only_0339_0059,0.00h,23.83h,vibration_only,low,"(237.5,-187.5)",0.0,0.0
E_vibration_only_0340_0249,0.00h,23.83h,vibration_only,low,"(-12.5,62.5)",0.0,0.0
E_vibration_only_0341_0055,0.00h,23.83h,vibration_only,low,"(137.5,-187.5)",0.0,0.0
E_vibration_only_0342_0157,0.00h,23.83h,vibration_only,low,"(187.5,-62.5)",0.0,0.0
E_vibration_only_0343_0037,0.00h,23.83h,vibration_only,low,"(187.5,-212.5)",0.0,0.0
E_vibration_only_0344_0334,0.00h,23.83h,vibration_only,low,"(112.5,162.5)",0.0,0.0
E_vibration_only_0345_0340,0.00h,23.83h,vibration_only,low,"(-237.5,187.5)",0.0,0.0
E_vibration_only_0346_0229,0.00h,23.83h,vibration_only,low,"(-12.5,37.5)",0.0,0.0
E_vibration_only_0347_0030,0.00h,23.83h,vibration_only,low,"(12.5,-212.5)",0.0,0.0
E_vibration_only_0348_0143,0.00h,23.83h,vibration_only,low,"(-162.5,-62.5)",0.0,0.0
E_vibration_only_0349_0386,0.00h,23.83h,vibration_only,low,"(-87.5,237.5)",0.0,0.0
E_vibration_only_0350_0052,0.00h,23.83h,vibration_only,low,"(62.5,-187.5)",0.0,0.0
E_vibration_only_0351_0034,0.00h,23.83h,vibration_only,low,"(112.5,-212.5)",0.0,0.0
E_vibration_only_0352_0346,0.00h,23.83h,vibration_only,low,"(-87.5,187.5)",0.0,0.0
E_vibration_only_0353_0123,0.00h,23.83h,vibration_only,low,"(-162.5,-87.5)",0.0,0.0
E_vibration_only_0354_0130,0.00h,23.83h,vibration_only,low,"(12.5,-87.5)",0.0,0.0
E_vibration_only_0355_0134,0.00h,23.83h,vibration_only,low,"(112.5,-87.5)",0.0,0.0
E_vibration_only_0356_0101,0.00h,23.83h,vibration_only,low,"(-212.5,-112.5)",0.0,0.0
E_vibration_only_0357_0214,0.00h,23.83h,vibration_only,low,"(112.5,12.5)",0.0,0.0
E_vibration_only_0358_0266,0.00h,23.83h,vibration_only,low,"(-87.5,87.5)",0.0,0.0
E_vibration_only_0359_0086,0.00h,23.83h,vibration_only,low,"(-87.5,-137.5)",0.0,0.0
E_vibration_only_0360_0323,0.00h,23.83h,vibration_only,low,"(-162.5,162.5)",0.0,0.0
E_vibration_only_0361_0202,0.00h,23.83h,vibration_only,low,"(-187.5,12.5)",0.0,0.0
E_vibration_only_0362_0295,0.00h,23.83h,vibration_only,low,"(137.5,112.5)",0.0,0.0
E_vibration_only_0363_0101,0.00h,23.83h,vibration_only,low,"(-212.5,-112.5)",0.0,0.0
E_vibration_only_0364_0027,0.00h,23.83h,vibration_only,low,"(-62.5,-212.5)",0.0,0.0
E_vibration_only_0365_0153,0.00h,23.83h,vibration_only,low,"(87.5,-62.5)",0.0,0.0
E_vibration_only_0366_0136,0.00h,23.83h,vibration_only,low,"(162.5,-87.5)",0.0,0.0
E_vibration_only_0367_0297,0.00h,23.83h,vibration_only,low,"(187.5,112.5)",0.0,0.0
E_vibration_only_0368_0226,0.00h,23.83h,vibration_only,low,"(-87.5,37.5)",0.0,0.0
E_vibration_only_0369_0157,0.00h,23.83h,vibration_only,low,"(187.5,-62.5)",0.0,0.0
E_vibration_only_0370_0198,0.00h,23.83h,vibration_only,low,"(212.5,-12.5)",0.0,0.0
E_vibration_only_0371_0381,0.00h,23.83h,vibration_only,low,"(-212.5,237.5)",0.0,0.0
E_vibration_only_0372_0378,0.00h,23.83h,vibration_only,low,"(212.5,212.5)",0.0,0.0
E_vibration_only_0373_0305,0.00h,23.83h,vibration_only,low,"(-112.5,137.5)",0.0,0.0
E_vibration_only_0374_0187,0.00h,23.83h,vibration_only,low,"(-62.5,-12.5)",0.0,0.0
E_vibration_only_0375_0056,0.00h,23.83h,vibration_only,low,"(162.5,-187.5)",0.0,0.0
E_vibration_only_0376_0297,0.00h,23.83h,vibration_only,low,"(187.5,112.5)",0.0,0.0
E_vibration_only_0377_0306,0.00h,23.83h,vibration_only,low,"(-87.5,137.5)",0.0,0.0
E_vibration_only_0378_0199,0.00h,23.83h,vibration_only,low,"(237.5,-12.5)",0.0,0.0
E_vibration_only_0379_0084,0.00h,23.83h,vibration_only,low,"(-137.5,-137.5)",0.0,0.0
E_vibration_only_0380_0089,0.00h,23.83h,vibration_only,low,"(-12.5,-137.5)",0.0,0.0
E_vibration_only_0381_0305,0.00h,23.83h,vibration_only,low,"(-112.5,137.5)",0.0,0.0
E_vibration_only_0382_0143,0.00h,23.83h,vibration_only,low,"(-162.5,-62.5)",0.0,0.0
E_vibration_only_0383_0134,0.00h,23.83h,vibration_only,low,"(112.5,-87.5)",0.0,0.0
E_vibration_only_0384_0029,0.00h,23.83h,vibration_only,low,"(-12.5,-212.5)",0.0,0.0
E_vibration_only_0385_0050,0.00h,23.83h,vibration_only,low,"(12.5,-187.5)",0.0,0.0
E_vibration_only_0386_0122,0.00h,23.83h,vibration_only,low,"(-187.5,-87.5)",0.0,0.0
E_vibration_only_0387_0169,0.00h,23.83h,vibration_only,low,"(-12.5,-37.5)",0.0,0.0
E_vibration_only_0388_0308,0.00h,23.83h,vibration_only,low,"(-37.5,137.5)",0.0,0.0
E_vibration_only_0389_0359,0.00h,23.83h,vibration_only,low,"(237.5,187.5)",0.0,0.0
E_vibration_only_0390_0236,0.00h,23.83h,vibration_only,low,"(162.5,37.5)",0.0,0.0
E_vibration_only_0391_0102,0.00h,23.83h,vibration_only,low,"(-187.5,-112.5)",0.0,0.0
E_vibration_only_0392_0318,0.00h,23.83h,vibration_only,low,"(212.5,137.5)",0.0,0.0
E_vibration_only_0393_0195,0.00h,23.83h,vibration_only,low,"(137.5,-12.5)",0.0,0.0
E_vibration_only_0394_0066,0.00h,23.83h,vibration_only,low,"(-87.5,-162.5)",0.0,0.0
E_vibration_only_0395_0110,0.00h,23.83h,vibration_only,low,"(12.5,-112.5)",0.0,0.0
E_vibration_only_0396_0312,0.00h,23.83h,vibration_only,low,"(62.5,137.5)",0.0,0.0
E_vibration_only_0397_0383,0.00h,23.83h,vibration_only,low,"(-162.5,237.5)",0.0,0.0
E_vibration_only_0398_0340,0.00h,23.83h,vibration_only,low,"(-237.5,187.5)",0.0,0.0
E_vibration_only_0399_0072,0.00h,23.83h,vibration_only,low,"(62.5,-162.5)",0.0,0.0
E_vibration_only_0400_0295,0.00h,23.83h,vibration_only,low,"(137.5,112.5)",0.0,0.0
E_vibration_only_0401_0228,0.00h,23.83h,vibration_only,low,"(-37.5,37.5)",0.0,0.0
E_vibration_only_0402_0086,0.00h,23.83h,vibration_only,low,"(-87.5,-137.5)",0.0,0.0
E_vibration_only_0403_0163,0.00h,23.83h,vibration_only,low,"(-162.5,-37.5)",0.0,0.0
E_vibration_only_0404_0066,0.00h,23.83h,vibration_only,low,"(-87.5,-162.5)",0.0,0.0
E_vibration_only_0405_0034,0.00h,23.83h,vibration_only,low,"(112.5,-212.5)",0.0,0.0
E_vibration_only_0406_0236,0.00h,23.83h,vibration_only,low,"(162.5,37.5)",0.0,0.0
E_vibration_only_0407_0020,0.00h,23.83h,vibration_only,low,"(-237.5,-212.5)",0.0,0.0
E_vibration_only_0408_0116,0.00h,23.83h,vibration_only,low,"(162.5,-112.5)",0.0,0.0
E_vibration_only_0409_0325,0.00h,23.83h,vibration_only,low,"(-112.5,162.5)",0.0,0.0
E_vibration_only_0410_0139,0.00h,23.83h,vibration_only,low,"(237.5,-87.5)",0.0,0.0
E_vibration_only_0411_0138,0.00h,23.83h,vibration_only,low,"(212.5,-87.5)",0.0,0.0
E_vibration_only_0412_0217,0.00h,23.83h,vibration_only,low,"(187.5,12.5)",0.0,0.0
E_vibration_only_0413_0124,0.00h,23.83h,vibration_only,low,"(-137.5,-87.5)",0.0,0.0
E_vibration_only_0414_0346,0.00h,23.83h,vibration_only,low,"(-87.5,187.5)",0.0,0.0
E_vibration_only_0415_0032,0.00h,23.83h,vibration_only,low,"(62.5,-212.5)",0.0,0.0
E_vibration_only_0416_0111,0.00h,23.83h,vibration_only,low,"(37.5,-112.5)",0.0,0.0
E_vibration_only_0417_0067,0.00h,23.83h,vibration_only,low,"(-62.5,-162.5)",0.0,0.0
E_vibration_only_0418_0139,0.00h,23.83h,vibration_only,low,"(237.5,-87.5)",0.0,0.0
E_vibration_only_0419_0315,0.00h,23.83h,vibration_only,low,"(137.5,137.5)",0.0,0.0
E_vibration_only_0420_0049,0.00h,23.83h,vibration_only,low,"(-12.5,-187.5)",0.0,0.0
E_vibration_only_0421_0023,0.00h,23.83h,vibration_only,low,"(-162.5,-212.5)",0.0,0.0
E_vibration_only_0422_0324,0.00h,23.83h,vibration_only,low,"(-137.5,162.5)",0.0,0.0
E_vibration_only_0423_0355,0.00h,23.83h,vibration_only,low,"(137.5,187.5)",0.0,0.0
E_vibration_only_0424_0008,0.00h,23.83h,vibration_only,low,"(-37.5,-237.5)",0.0,0.0
E_vibration_only_0425_0046,0.00h,23.83h,vibration_only,low,"(-87.5,-187.5)",0.0,0.0
E_vibration_only_0426_0172,0.00h,23.83h,vibration_only,low,"(62.5,-37.5)",0.0,0.0
E_vibration_only_0427_0158,0.00h,23.83h,vibration_only,low,"(212.5,-62.5)",0.0,0.0
E_vibration_only_0428_0246,0.00h,23.83h,vibration_only,low,"(-87.5,62.5)",0.0,0.0
E_vibration_only_0429_0367,0.00h,23.83h,vibration_only,low,"(-62.5,212.5)",0.0,0.0
E_vibration_only_0430_0355,0.00h,23.83h,vibration_only,low,"(137.5,187.5)",0.0,0.0
E_vibration_only_0431_0103,0.00h,23.83h,vibration_only,low,"(-162.5,-112.5)",0.0,0.0
E_vibration_only_0432_0138,0.00h,23.83h,vibration_only,low,"(212.5,-87.5)",0.0,0.0
E_vibration_only_0433_0035,0.00h,23.83h,vibration_only,low,"(137.5,-212.5)",0.0,0.0
E_vibration_only_0434_0013,0.00h,23.83h,vibration_only,low,"(87.5,-237.5)",0.0,0.0
E_vibration_only_0435_0220,0.00h,23.83h,vibration_only,low,"(-237.5,37.5)",0.0,0.0
E_vibration_only_0436_0204,0.00h,23.83h,vibration_only,low,"(-137.5,12.5)",0.0,0.0
E_vibration_only_0437_0076,0.00h,23.83h,vibration_only,low,"(162.5,-162.5)",0.0,0.0
E_vibration_only_0438_0300,0.00h,23.83h,vibration_only,low,"(-237.5,137.5)",0.0,0.0
E_vibration_only_0439_0156,0.00h,23.83h,vibration_only,low,"(162.5,-62.5)",0.0,0.0
E_vibration_only_0440_0211,0.00h,23.83h,vibration_only,low,"(37.5,12.5)",0.0,0.0
E_vibration_only_0441_0309,0.00h,23.83h,vibration_only,low,"(-12.5,137.5)",0.0,0.0
E_vibration_only_0442_0105,0.00h,23.83h,vibration_only,low,"(-112.5,-112.5)",0.0,0.0
E_vibration_only_0443_0282,0.00h,23.83h,vibration_only,low,"(-187.5,112.5)",0.0,0.0
E_vibration_only_0444_0345,0.00h,23.83h,vibration_only,low,"(-112.5,187.5)",0.0,0.0
E_vibration_only_0445_0050,0.00h,23.83h,vibration_only,low,"(12.5,-187.5)",0.0,0.0
E_vibration_only_0446_0037,0.00h,23.83h,vibration_only,low,"(187.5,-212.5)",0.0,0.0
E_vibration_only_0447_0004,0.00h,23.83h,vibration_only,low,"(-137.5,-237.5)",0.0,0.0
E_vibration_only_0448_0109,0.00h,23.83h,vibration_only,low,"(-12.5,-112.5)",0.0,0.0
E_vibration_only_0449_0277,0.00h,23.83h,vibration_only,low,"(187.5,87.5)",0.0,0.0
E_vibration_only_0450_0098,0.00h,23.83h,vibration_only,low,"(212.5,-137.5)",0.0,0.0
E_vibration_only_0451_0038,0.00h,23.83h,vibration_only,low,"(212.5,-212.5)",0.0,0.0
E_vibration_only_0452_0078,0.00h,23.83h,vibration_only,low,"(212.5,-162.5)",0.0,0.0
E_vibration_only_0453_0129,0.00h,23.83h,vibration_only,low,"(-12.5,-87.5)",0.0,0.0
E_vibration_only_0454_0043,0.00h,23.83h,vibration_only,low,"(-162.5,-187.5)",0.0,0.0
E_vibration_only_0455_0205,0.00h,23.83h,vibration_only,low,"(-112.5,12.5)",0.0,0.0
E_vibration_only_0456_0127,0.00h,23.83h,vibration_only,low,"(-62.5,-87.5)",0.0,0.0
E_vibration_only_0457_0125,0.00h,23.83h,vibration_only,low,"(-112.5,-87.5)",0.0,0.0
E_vibration_only_0458_0312,0.00h,23.83h,vibration_only,low,"(62.5,137.5)",0.0,0.0
E_vibration_only_0459_0160,0.00h,23.83h,vibration_only,low,"(-237.5,-37.5)",0.0,0.0
E_vibration_only_0460_0195,0.00h,23.83h,vibration_only,low,"(137.5,-12.5)",0.0,0.0
E_vibration_only_0461_0190,0.00h,23.83h,vibration_only,low,"(12.5,-12.5)",0.0,0.0
E_vibration_only_0462_0334,0.00h,23.83h,vibration_only,low,"(112.5,162.5)",0.0,0.0
E_vibration_only_0463_0058,0.00h,23.83h,vibration_only,low,"(212.5,-187.5)",0.0,0.0
E_vibration_only_0464_0193,0.00h,23.83h,vibration_only,low,"(87.5,-12.5)",0.0,0.0
E_vibration_only_0465_0382,0.00h,23.83h,vibration_only,low,"(-187.5,237.5)",0.0,0.0
E_vibration_only_0466_0044,0.00h,23.83h,vibration_only,low,"(-137.5,-187.5)",0.0,0.0
E_vibration_only_0467_0091,0.00h,23.83h,vibration_only,low,"(37.5,-137.5)",0.0,0.0
E_vibration_only_0468_0388,0.00h,23.83h,vibration_only,low,"(-37.5,237.5)",0.0,0.0
E_vibration_only_0469_0269,0.00h,23.83h,vibration_only,low,"(-12.5,87.5)",0.0,0.0
E_vibration_only_0470_0156,0.00h,23.83h,vibration_only,low,"(162.5,-62.5)",0.0,0.0
E_vibration_only_0471_0148,0.00h,23.83h,vibration_only,low,"(-37.5,-62.5)",0.0,0.0
E_vibration_only_0472_0046,0.00h,23.83h,vibration_only,low,"(-87.5,-187.5)",0.0,0.0
E_vibration_only_0473_0107,0.00h,23.83h,vibration_only,low,"(-62.5,-112.5)",0.0,0.0
E_vibration_only_0474_0189,0.00h,23.83h,vibration_only,low,"(-12.5,-12.5)",0.0,0.0
E_vibration_only_0475_0050,0.00h,23.83h,vibration_only,low,"(12.5,-187.5)",0.0,0.0
E_vibration_only_0476_0345,0.00h,23.83h,vibration_only,low,"(-112.5,187.5)",0.0,0.0
E_vibration_only_0477_0006,0.00h,23.83h,vibration_only,low,"(-87.5,-237.5)",0.0,0.0
E_vibration_only_0478_0242,0.00h,23.83h,vibration_only,low,"(-187.5,62.5)",0.0,0.0
E_vibration_only_0479_0065,0.00h,23.83h,vibration_only,low,"(-112.5,-162.5)",0.0,0.0
E_vibration_only_0480_0393,0.00h,23.83h,vibration_only,low,"(87.5,237.5)",0.0,0.0
E_vibration_only_0481_0318,0.00h,23.83h,vibration_only,low,"(212.5,137.5)",0.0,0.0
E_vibration_only_0482_0140,0.00h,23.83h,vibration_only,low,"(-237.5,-62.5)",0.0,0.0
E_vibration_only_0483_0162,0.00h,23.83h,vibration_only,low,"(-187.5,-37.5)",0.0,0.0
E_vibration_only_0484_0246,0.00h,23.83h,vibration_only,low,"(-87.5,62.5)",0.0,0.0
E_vibration_only_0485_0062,0.00h,23.83h,vibration_only,low,"(-187.5,-162.5)",0.0,0.0
E_vibration_only_0486_0198,0.00h,23.83h,vibration_only,low,"(212.5,-12.5)",0.0,0.0
E_vibration_only_0487_0053,0.00h,23.83h,vibration_only,low,"(87.5,-187.5)",0.0,0.0
E_vibration_only_0488_0086,0.00h,23.83h,vibration_only,low,"(-87.5,-137.5)",0.0,0.0
E_vibration_only_0489_0106,0.00h,23.83h,vibration_only,low,"(-87.5,-112.5)",0.0,0.0
E_vibration_only_0490_0319,0.00h,23.83h,vibration_only,low,"(237.5,137.5)",0.0,0.0
E_vibration_only_0491_0305,0.00h,23.83h,vibration_only,low,"(-112.5,137.5)",0.0,0.0
E_vibration_only_0492_0210,0.00h,23.83h,vibration_only,low,"(12.5,12.5)",0.0,0.0
E_vibration_only_0493_0314,0.00h,23.83h,vibration_only,low,"(112.5,137.5)",0.0,0.0
E_vibration_only_0494_0110,0.00h,23.83h,vibration_only,low,"(12.5,-112.5)",0.0,0.0
E_vibration_only_0495_0018,0.00h,23.83h,vibration_only,low,"(212.5,-237.5)",0.0,0.0
E_vibration_only_0496_0169,0.00h,23.83h,vibration_only,low,"(-12.5,-37.5)",0.0,0.0
E_vibration_only_0497_0100,0.00h,23.83h,vibration_only,low,"(-237.5,-112.5)",0.0,0.0
E_vibration_only_0498_0196,0.00h,23.83h,vibration_only,low,"(162.5,-12.5)",0.0,0.0
E_vibration_only_0499_0247,0.00h,23.83h,vibration_only,low,"(-62.5,62.5)",0.0,0.0
E_vibration_only_0500_0027,0.00h,23.83h,vibration_only,low,"(-62.5,-212.5)",0.0,0.0
E_vibration_only_0501_0117,0.00h,23.83h,vibration_only,low,"(187.5,-112.5)",0.0,0.0
E_vibration_only_0502_0084,0.00h,23.83h,vibration_only,low,"(-137.5,-137.5)",0.0,0.0
E_vibration_only_0503_0386,0.00h,23.83h,vibration_only,low,"(-87.5,237.5)",0.0,0.0
E_vibration_only_0504_0128,0.00h,23.83h,vibration_only,low,"(-37.5,-87.5)",0.0,0.0
E_vibration_only_0505_0210,0.00h,23.83h,vibration_only,low,"(12.5,12.5)",0.0,0.0
E_vibration_only_0506_0166,0.00h,23.83h,vibration_only,low,"(-87.5,-37.5)",0.0,0.0
E_vibration_only_0507_0028,0.00h,23.83h,vibration_only,low,"(-37.5,-212.5)",0.0,0.0
E_vibration_only_0508_0355,0.00h,23.83h,vibration_only,low,"(137.5,187.5)",0.0,0.0
E_vibration_only_0509_0203,0.00h,23.83h,vibration_only,low,"(-162.5,12.5)",0.0,0.0
E_vibration_only_0510_0256,0.00h,23.83h,vibration_only,low,"(162.5,62.5)",0.0,0.0
E_vibration_only_0511_0097,0.00h,23.83h,vibration_only,low,"(187.5,-137.5)",0.0,0.0
E_vibration_only_0512_0359,0.00h,23.83h,vibration_only,low,"(237.5,187.5)",0.0,0.0
E_vibration_only_0513_0068,0.00h,23.83h,vibration_only,low,"(-37.5,-162.5)",0.0,0.0
E_vibration_only_0514_0029,0.00h,23.83h,vibration_only,low,"(-12.5,-212.5)",0.0,0.0
E_vibration_only_0515_0244,0.00h,23.83h,vibration_only,low,"(-137.5,62.5)",0.0,0.0
E_vibration_only_0516_0199,0.00h,23.83h,vibration_only,low,"(237.5,-12.5)",0.0,0.0
E_vibration_only_0517_0277,0.00h,23.83h,vibration_only,low,"(187.5,87.5)",0.0,0.0
E_vibration_only_0518_0072,0.00h,23.83h,vibration_only,low,"(62.5,-162.5)",0.0,0.0
E_vibration_only_0519_0350,0.00h,23.83h,vibration_only,low,"(12.5,187.5)",0.0,0.0
E_vibration_only_0520_0389,0.00h,23.83h,vibration_only,low,"(-12.5,237.5)",0.0,0.0
E_vibration_only_0521_0040,0.00h,23.83h,vibration_only,low,"(-237.5,-187.5)",0.0,0.0
E_vibration_only_0522_0096,0.00h,23.83h,vibration_only,low,"(162.5,-137.5)",0.0,0.0
E_vibration_only_0523_0212,0.00h,23.83h,vibration_only,low,"(62.5,12.5)",0.0,0.0
E_vibration_only_0524_0119,0.00h,23.83h,vibration_only,low,"(237.5,-112.5)",0.0,0.0
E_vibration_only_0525_0017,0.00h,23.83h,vibration_only,low,"(187.5,-237.5)",0.0,0.0
E_vibration_only_0526_0047,0.00h,23.83h,vibration_only,low,"(-62.5,-187.5)",0.0,0.0
E_vibration_only_0527_0133,0.00h,23.83h,vibration_only,low,"(87.5,-87.5)",0.0,0.0
E_vibration_only_0528_0217,0.00h,23.83h,vibration_only,low,"(187.5,12.5)",0.0,0.0
E_vibration_only_0529_0096,0.00h,23.83h,vibration_only,low,"(162.5,-137.5)",0.0,0.0
E_vibration_only_0530_0046,0.00h,23.83h,vibration_only,low,"(-87.5,-187.5)",0.0,0.0
E_vibration_only_0531_0239,0.00h,23.83h,vibration_only,low,"(237.5,37.5)",0.0,0.0
E_vibration_only_0532_0017,0.00h,23.83h,vibration_only,low,"(187.5,-237.5)",0.0,0.0
E_vibration_only_0533_0123,0.00h,23.83h,vibration_only,low,"(-162.5,-87.5)",0.0,0.0
E_vibration_only_0534_0344,0.00h,23.83h,vibration_only,low,"(-137.5,187.5)",0.0,0.0
E_vibration_only_0535_0232,0.00h,23.83h,vibration_only,low,"(62.5,37.5)",0.0,0.0
E_vibration_only_0536_0148,0.00h,23.83h,vibration_only,low,"(-37.5,-62.5)",0.0,0.0
E_vibration_only_0537_0344,0.00h,23.83h,vibration_only,low,"(-137.5,187.5)",0.0,0.0
E_vibration_only_0538_0043,0.00h,23.83h,vibration_only,low,"(-162.5,-187.5)",0.0,0.0
E_vibration_only_0539_0275,0.00h,23.83h,vibration_only,low,"(137.5,87.5)",0.0,0.0
E_vibration_only_0540_0133,0.00h,23.83h,vibration_only,low,"(87.5,-87.5)",0.0,0.0
E_vibration_only_0541_0238,0.00h,23.83h,vibration_only,low,"(212.5,37.5)",0.0,0.0
E_vibration_only_0542_0217,0.00h,23.83h,vibration_only,low,"(187.5,12.5)",0.0,0.0
E_vibration_only_0543_0366,0.00h,23.83h,vibration_only,low,"(-87.5,212.5)",0.0,0.0
E_vibration_only_0544_0128,0.00h,23.83h,vibration_only,low,"(-37.5,-87.5)",0.0,0.0
E_vibration_only_0545_0165,0.00h,23.83h,vibration_only,low,"(-112.5,-37.5)",0.0,0.0
E_vibration_only_0546_0275,0.00h,23.83h,vibration_only,low,"(137.5,87.5)",0.0,0.0
E_vibration_only_0547_0123,0.00h,23.83h,vibration_only,low,"(-162.5,-87.5)",0.0,0.0
E_vibration_only_0548_0310,0.00h,23.83h,vibration_only,low,"(12.5,137.5)",0.0,0.0
E_vibration_only_0549_0233,0.00h,23.83h,vibration_only,low,"(87.5,37.5)",0.0,0.0
E_vibration_only_0550_0018,0.00h,23.83h,vibration_only,low,"(212.5,-237.5)",0.0,0.0
E_vibration_only_0551_0372,0.00h,23.83h,vibration_only,low,"(62.5,212.5)",0.0,0.0
E_vibration_only_0552_0380,0.00h,23.83h,vibration_only,low,"(-237.5,237.5)",0.0,0.0
E_vibration_only_0553_0203,0.00h,23.83h,vibration_only,low,"(-162.5,12.5)",0.0,0.0
E_vibration_only_0554_0177,0.00h,23.83h,vibration_only,low,"(187.5,-37.5)",0.0,0.0
E_vibration_only_0555_0003,0.00h,23.83h,vibration_only,low,"(-162.5,-237.5)",0.0,0.0
E_vibration_only_0556_0332,0.00h,23.83h,vibration_only,low,"(62.5,162.5)",0.0,0.0
E_vibration_only_0557_0126,0.00h,23.83h,vibration_only,low,"(-87.5,-87.5)",0.0,0.0
E_vibration_only_0558_0181,0.00h,23.83h,vibration_only,low,"(-212.5,-12.5)",0.0,0.0
E_vibration_only_0559_0143,0.00h,23.83h,vibration_only,low,"(-162.5,-62.5)",0.0,0.0
E_vibration_only_0560_0176,0.00h,23.83h,vibration_only,low,"(162.5,-37.5)",0.0,0.0
E_vibration_only_0561_0161,0.00h,23.83h,vibration_only,low,"(-212.5,-37.5)",0.0,0.0
E_vibration_only_0562_0385,0.00h,23.83h,vibration_only,low,"(-112.5,237.5)",0.0,0.0
E_vibration_only_0563_0359,0.00h,23.83h,vibration_only,low,"(237.5,187.5)",0.0,0.0
E_vibration_only_0564_0063,0.00h,23.83h,vibration_only,low,"(-162.5,-162.5)",0.0,0.0
E_vibration_only_0565_0179,0.00h,23.83h,vibration_only,low,"(237.5,-37.5)",0.0,0.0
E_vibration_only_0566_0351,0.00h,23.83h,vibration_only,low,"(37.5,187.5)",0.0,0.0
E_vibration_only_0567_0090,0.00h,23.83h,vibration_only,low,"(12.5,-137.5)",0.0,0.0
E_vibration_only_0568_0120,0.00h,23.83h,vibration_only,low,"(-237.5,-87.5)",0.0,0.0
E_vibration_only_0569_0005,0.00h,23.83h,vibration_only,low,"(-112.5,-237.5)",0.0,0.0
E_vibration_only_0570_0029,0.00h,23.83h,vibration_only,low,"(-12.5,-212.5)",0.0,0.0
E_vibration_only_0571_0051,0.00h,23.83h,vibration_only,low,"(37.5,-187.5)",0.0,0.0
E_vibration_only_0572_0180,0.00h,23.83h,vibration_only,low,"(-237.5,-12.5)",0.0,0.0
E_vibration_only_0573_0196,0.00h,23.83h,vibration_only,low,"(162.5,-12.5)",0.0,0.0
E_vibration_only_0574_0358,0.00h,23.83h,vibration_only,low,"(212.5,187.5)",0.0,0.0
E_vibration_only_0575_0138,0.00h,23.83h,vibration_only,low,"(212.5,-87.5)",0.0,0.0
E_vibration_only_0576_0199,0.00h,23.83h,vibration_only,low,"(237.5,-12.5)",0.0,0.0
E_vibration_only_0577_0133,0.00h,23.83h,vibration_only,low,"(87.5,-87.5)",0.0,0.0
E_vibration_only_0578_0058,0.00h,23.83h,vibration_only,low,"(212.5,-187.5)",0.0,0.0
E_vibration_only_0579_0319,0.00h,23.83h,vibration_only,low,"(237.5,137.5)",0.0,0.0
E_vibration_only_0580_0244,0.00h,23.83h,vibration_only,low,"(-137.5,62.5)",0.0,0.0
E_vibration_only_0581_0293,0.00h,23.83h,vibration_only,low,"(87.5,112.5)",0.0,0.0
E_vibration_only_0582_0355,0.00h,23.83h,vibration_only,low,"(137.5,187.5)",0.0,0.0
E_vibration_only_0583_0352,0.00h,23.83h,vibration_only,low,"(62.5,187.5)",0.0,0.0
E_vibration_only_0584_0151,0.00h,23.83h,vibration_only,low,"(37.5,-62.5)",0.0,0.0
E_vibration_only_0585_0382,0.00h,23.83h,vibration_only,low,"(-187.5,237.5)",0.0,0.0
E_vibration_only_0586_0086,0.00h,23.83h,vibration_only,low,"(-87.5,-137.5)",0.0,0.0
E_vibration_only_0587_0185,0.00h,23.83h,vibration_only,low,"(-112.5,-12.5)",0.0,0.0
E_vibration_only_0588_0015,0.00h,23.83h,vibration_only,low,"(137.5,-237.5)",0.0,0.0
E_vibration_only_0589_0308,0.00h,23.83h,vibration_only,low,"(-37.5,137.5)",0.0,0.0
E_vibration_only_0590_0151,0.00h,23.83h,vibration_only,low,"(37.5,-62.5)",0.0,0.0
E_vibration_only_0591_0152,0.00h,23.83h,vibration_only,low,"(62.5,-62.5)",0.0,0.0
E_vibration_only_0592_0128,0.00h,23.83h,vibration_only,low,"(-37.5,-87.5)",0.0,0.0
E_vibration_only_0593_0246,0.00h,23.83h,vibration_only,low,"(-87.5,62.5)",0.0,0.0
E_vibration_only_0594_0351,0.00h,23.83h,vibration_only,low,"(37.5,187.5)",0.0,0.0
E_vibration_only_0595_0251,0.00h,23.83h,vibration_only,low,"(37.5,62.5)",0.0,0.0
E_vibration_only_0596_0114,0.00h,23.83h,vibration_only,low,"(112.5,-112.5)",0.0,0.0
E_vibration_only_0597_0327,0.00h,23.83h,vibration_only,low,"(-62.5,162.5)",0.0,0.0
E_vibration_only_0598_0274,0.00h,23.83h,vibration_only,low,"(112.5,87.5)",0.0,0.0
E_vibration_only_0599_0156,0.00h,23.83h,vibration_only,low,"(162.5,-62.5)",0.0,0.0
E_vibration_only_0600_0240,0.00h,23.83h,vibration_only,low,"(-237.5,62.5)",0.0,0.0
E_vibration_only_0601_0277,0.00h,23.83h,vibration_only,low,"(187.5,87.5)",0.0,0.0
E_vibration_only_0602_0115,0.00h,23.83h,vibration_only,low,"(137.5,-112.5)",0.0,0.0
E_vibration_only_0603_0175,0.00h,23.83h,vibration_only,low,"(137.5,-37.5)",0.0,0.0
E_vibration_only_0604_0161,0.00h,23.83h,vibration_only,low,"(-212.5,-37.5)",0.0,0.0
E_vibration_only_0605_0360,0.00h,23.83h,vibration_only,low,"(-237.5,212.5)",0.0,0.0
E_vibration_only_0606_0269,0.00h,23.83h,vibration_only,low,"(-12.5,87.5)",0.0,0.0
E_vibration_only_0607_0161,0.00h,23.83h,vibration_only,low,"(-212.5,-37.5)",0.0,0.0
E_vibration_only_0608_0255,0.00h,23.83h,vibration_only,low,"(137.5,62.5)",0.0,0.0
E_vibration_only_0609_0025,0.00h,23.83h,vibration_only,low,"(-112.5,-212.5)",0.0,0.0
E_vibration_only_0610_0267,0.00h,23.83h,vibration_only,low,"(-62.5,87.5)",0.0,0.0
E_vibration_only_0611_0278,0.00h,23.83h,vibration_only,low,"(212.5,87.5)",0.0,0.0
E_vibration_only_0612_0295,0.00h,23.83h,vibration_only,low,"(137.5,112.5)",0.0,0.0
E_vibration_only_0613_0390,0.00h,23.83h,vibration_only,low,"(12.5,237.5)",0.0,0.0
E_vibration_only_0614_0222,0.00h,23.83h,vibration_only,low,"(-187.5,37.5)",0.0,0.0
E_vibration_only_0615_0060,0.00h,23.83h,vibration_only,low,"(-237.5,-162.5)",0.0,0.0
E_vibration_only_0616_0072,0.00h,23.83h,vibration_only,low,"(62.5,-162.5)",0.0,0.0
E_vibration_only_0617_0038,0.00h,23.83h,vibration_only,low,"(212.5,-212.5)",0.0,0.0
E_vibration_only_0618_0348,0.00h,23.83h,vibration_only,low,"(-37.5,187.5)",0.0,0.0
E_vibration_only_0619_0335,0.00h,23.83h,vibration_only,low,"(137.5,162.5)",0.0,0.0
E_vibration_only_0620_0263,0.00h,23.83h,vibration_only,low,"(-162.5,87.5)",0.0,0.0
E_vibration_only_0621_0298,0.00h,23.83h,vibration_only,low,"(212.5,112.5)",0.0,0.0
E_vibration_only_0622_0325,0.00h,23.83h,vibration_only,low,"(-112.5,162.5)",0.0,0.0
E_vibration_only_0623_0039,0.00h,23.83h,vibration_only,low,"(237.5,-212.5)",0.0,0.0
E_vibration_only_0624_0294,0.00h,23.83h,vibration_only,low,"(112.5,112.5)",0.0,0.0
E_slow_subsidence_0000_0051,0.00h,23.83h,slow_subsidence,moderate,"(37.5,-187.5)",0.9392,0.9812
E_slow_subsidence_0001_0386,0.00h,23.83h,slow_subsidence,moderate,"(-87.5,237.5)",0.0206,0.0215
E_slow_subsidence_0002_0111,0.00h,23.83h,slow_subsidence,moderate,"(37.5,-112.5)",21.3772,22.3324
E_slow_subsidence_0003_0375,0.00h,23.83h,slow_subsidence,moderate,"(137.5,212.5)",0.0206,0.0215
E_slow_subsidence_0004_0187,0.00h,23.83h,slow_subsidence,moderate,"(-62.5,-12.5)",85.7308,89.5618
E_slow_subsidence_0005_0322,0.00h,23.83h,slow_subsidence,moderate,"(-187.5,162.5)",0.0292,0.0305
E_slow_subsidence_0006_0056,0.00h,23.83h,slow_subsidence,moderate,"(162.5,-187.5)",0.0292,0.0305
E_slow_subsidence_0007_0199,0.00h,23.83h,slow_subsidence,moderate,"(237.5,-12.5)",0.0584,0.061
E_slow_subsidence_0008_0370,0.00h,23.83h,slow_subsidence,moderate,"(12.5,212.5)",0.2786,0.2911
E_slow_subsidence_0009_0191,0.00h,23.83h,slow_subsidence,moderate,"(37.5,-12.5)",121.3203,126.7417
E_slow_subsidence_0010_0186,0.00h,23.83h,slow_subsidence,moderate,"(-87.5,-12.5)",50.9263,53.202
E_slow_subsidence_0011_0187,0.00h,23.83h,slow_subsidence,moderate,"(-62.5,-12.5)",85.7308,89.5618
E_slow_subsidence_0012_0365,0.00h,23.83h,slow_subsidence,moderate,"(-112.5,212.5)",0.0491,0.0513
E_slow_subsidence_0013_0385,0.00h,23.83h,slow_subsidence,moderate,"(-112.5,237.5)",0.0103,0.0108
E_slow_subsidence_0014_0176,0.00h,23.83h,slow_subsidence,moderate,"(162.5,-37.5)",3.1664,3.3079
E_slow_subsidence_0015_0347,0.00h,23.83h,slow_subsidence,moderate,"(-62.5,187.5)",0.6637,0.6934
E_slow_subsidence_0016_0207,0.00h,23.83h,slow_subsidence,moderate,"(-62.5,12.5)",85.7308,89.5618
E_slow_subsidence_0017_0216,0.00h,23.83h,slow_subsidence,moderate,"(162.5,12.5)",3.7667,3.9351
E_slow_subsidence_0018_0296,0.00h,23.83h,slow_subsidence,moderate,"(162.5,112.5)",0.6637,0.6934
E_slow_subsidence_0019_0159,0.00h,23.83h,slow_subsidence,moderate,"(237.5,-62.5)",0.0347,0.0362
E_slow_subsidence_0020_0013,0.00h,23.83h,slow_subsidence,moderate,"(87.5,-237.5)",0.0206,0.0215
E_slow_subsidence_0021_0276,0.00h,23.83h,slow_subsidence,moderate,"(162.5,87.5)",1.3292,1.3886
E_slow_subsidence_0022_0098,0.00h,23.83h,slow_subsidence,moderate,"(212.5,-137.5)",0.0206,0.0215
E_slow_subsidence_0023_0285,0.00h,23.83h,slow_subsidence,moderate,"(-112.5,112.5)",4.4809,4.6811
E_slow_subsidence_0024_0299,0.00h,23.83h,slow_subsidence,moderate,"(237.5,112.5)",0.0103,0.0108
E_slow_subsidence_0025_0247,0.00h,23.83h,slow_subsidence,moderate,"(-62.5,62.5)",50.9263,53.202
E_slow_subsidence_0026_0052,0.00h,23.83h,slow_subsidence,moderate,"(62.5,-187.5)",0.6637,0.6934
E_slow_subsidence_0027_0085,0.00h,23.83h,slow_subsidence,moderate,"(-112.5,-137.5)",1.8809,1.965
E_slow_subsidence_0028_0011,0.00h,23.83h,slow_subsidence,moderate,"(37.5,-237.5)",0.0491,0.0513
E_slow_subsidence_0029_0224,0.00h,23.83h,slow_subsidence,moderate,"(-137.5,37.5)",8.9734,9.3744
E_slow_subsidence_0030_0275,0.00h,23.83h,slow_subsidence,moderate,"(137.5,87.5)",3.7667,3.9351
E_slow_subsidence_0031_0356,0.00h,23.83h,slow_subsidence,moderate,"(162.5,187.5)",0.0292,0.0305
E_slow_subsidence_0032_0236,0.00h,23.83h,slow_subsidence,moderate,"(162.5,37.5)",3.1664,3.3079
E_slow_subsidence_0033_0315,0.00h,23.83h,slow_subsidence,moderate,"(137.5,137.5)",0.7896,0.8248
E_slow_subsidence_0034_0089,0.00h,23.83h,slow_subsidence,moderate,"(-12.5,-137.5)",10.6747,11.1517
E_slow_subsidence_0035_0233,0.00h,23.83h,slow_subsidence,moderate,"(87.5,37.5)",42.8098,44.7228
E_slow_subsidence_0036_0347,0.00h,23.83h,slow_subsidence,moderate,"(-62.5,187.5)",0.6637,0.6934
E_slow_subsidence_0037_0070,0.00h,23.83h,slow_subsidence,moderate,"(12.5,-162.5)",3.7667,3.9351
E_slow_subsidence_0038_0009,0.00h,23.83h,slow_subsidence,moderate,"(-12.5,-237.5)",0.0584,0.061
E_slow_subsidence_0039_0026,0.00h,23.83h,slow_subsidence,moderate,"(-87.5,-212.5)",0.0983,0.1027
E_slow_subsidence_0040_0202,0.00h,23.83h,slow_subsidence,moderate,"(-187.5,12.5)",1.1173,1.1673
E_slow_subsidence_0041_0328,0.00h,23.83h,slow_subsidence,moderate,"(-37.5,162.5)",3.1664,3.3079
E_slow_subsidence_0042_0041,0.00h,23.83h,slow_subsidence,moderate,"(-212.5,-187.5)",0.0022,0.0023
E_slow_subsidence_0043_0252,0.00h,23.83h,slow_subsidence,moderate,"(62.5,62.5)",50.9263,53.202
E_slow_subsidence_0044_0025,0.00h,23.83h,slow_subsidence,moderate,"(-112.5,-212.5)",0.0491,0.0513
E_slow_subsidence_0045_0202,0.00h,23.83h,slow_subsidence,moderate,"(-187.5,12.5)",1.1173,1.1673
E_slow_subsidence_0046_0127,0.00h,23.83h,slow_subsidence,moderate,"(-62.5,-87.5)",30.2515,31.6033
E_slow_subsidence_0047_0160,0.00h,23.83h,slow_subsidence,moderate,"(-237.5,-37.5)",0.0491,0.0513
E_slow_subsidence_0048_0312,0.00h,23.83h,slow_subsidence,moderate,"(62.5,137.5)",6.3411,6.6244
E_slow_subsidence_0049_0136,0.00h,23.83h,slow_subsidence,moderate,"(162.5,-87.5)",1.3292,1.3886
E_slow_subsidence_0050_0039,0.00h,23.83h,slow_subsidence,moderate,"(237.5,-212.5)",0.0001,0.0001
E_slow_subsidence_0051_0230,0.00h,23.83h,slow_subsidence,moderate,"(12.5,37.5)",121.3203,126.7417
E_slow_subsidence_0052_0075,0.00h,23.83h,slow_subsidence,moderate,"(137.5,-162.5)",0.2786,0.2911
E_slow_subsidence_0053_0362,0.00h,23.83h,slow_subsidence,moderate,"(-187.5,212.5)",0.0022,0.0023
E_slow_subsidence_0054_0046,0.00h,23.83h,slow_subsidence,moderate,"(-87.5,-187.5)",0.3943,0.4119
E_slow_subsidence_0055_0286,0.00h,23.83h,slow_subsidence,moderate,"(-87.5,112.5)",8.9734,9.3744
E_slow_subsidence_0056_0064,0.00h,23.83h,slow_subsidence,moderate,"(-137.5,-162.5)",0.2786,0.2911
E_slow_subsidence_0057_0384,0.00h,23.83h,slow_subsidence,moderate,"(-137.5,237.5)",0.0043,0.0045
E_slow_subsidence_0058_0222,0.00h,23.83h,slow_subsidence,moderate,"(-187.5,37.5)",0.9392,0.9812
E_slow_subsidence_0059_0091,0.00h,23.83h,slow_subsidence,moderate,"(37.5,-137.5)",8.9734,9.3744
E_slow_subsidence_0060_0360,0.00h,23.83h,slow_subsidence,moderate,"(-237.5,212.5)",0.0001,0.0001
E_slow_subsidence_0061_0015,0.00h,23.83h,slow_subsidence,moderate,"(137.5,-237.5)",0.0043,0.0045
E_slow_subsidence_0062_0126,0.00h,23.83h,slow_subsidence,moderate,"(-87.5,-87.5)",17.9702,18.7732
E_slow_subsidence_0063_0267,0.00h,23.83h,slow_subsidence,moderate,"(-62.5,87.5)",30.2515,31.6033
E_slow_subsidence_0064_0358,0.00h,23.83h,slow_subsidence,moderate,"(212.5,187.5)",0.0022,0.0023
E_slow_subsidence_0065_0079,0.00h,23.83h,slow_subsidence,moderate,"(237.5,-162.5)",0.0015,0.0016
E_slow_subsidence_0066_0099,0.00h,23.83h,slow_subsidence,moderate,"(237.5,-137.5)",0.0043,0.0045
E_slow_subsidence_0067_0339,0.00h,23.83h,slow_subsidence,moderate,"(237.5,162.5)",0.0015,0.0016
E_slow_subsidence_0068_0165,0.00h,23.83h,slow_subsidence,moderate,"(-112.5,-37.5)",21.3772,22.3324
E_slow_subsidence_0069_0213,0.00h,23.83h,slow_subsidence,moderate,"(87.5,12.5)",50.9263,53.202
E_slow_subsidence_0070_0242,0.00h,23.83h,slow_subsidence,moderate,"(-187.5,62.5)",0.6637,0.6934
E_slow_subsidence_0071_0304,0.00h,23.83h,slow_subsidence,moderate,"(-137.5,137.5)",0.7896,0.8248
E_slow_subsidence_0072_0239,0.00h,23.83h,slow_subsidence,moderate,"(237.5,37.5)",0.0491,0.0513
E_slow_subsidence_0073_0086,0.00h,23.83h,slow_subsidence,moderate,"(-87.5,-137.5)",3.7667,3.9351
E_slow_subsidence_0074_0004,0.00h,23.83h,slow_subsidence,moderate,"(-137.5,-237.5)",0.0043,0.0045
E_slow_subsidence_0075_0071,0.00h,23.83h,slow_subsidence,moderate,"(37.5,-162.5)",3.1664,3.3079
E_slow_subsidence_0076_0239,0.00h,23.83h,slow_subsidence,moderate,"(237.5,37.5)",0.0491,0.0513
E_slow_subsidence_0077_0195,0.00h,23.83h,slow_subsidence,moderate,"(137.5,-12.5)",10.6747,11.1517
E_slow_subsidence_0078_0342,0.00h,23.83h,slow_subsidence,moderate,"(-187.5,187.5)",0.0087,0.009
E_slow_subsidence_0079_0232,0.00h,23.83h,slow_subsidence,moderate,"(62.5,37.5)",72.0674,75.2878
E_slow_subsidence_0080_0053,0.00h,23.83h,slow_subsidence,moderate,"(87.5,-187.5)",0.3943,0.4119
E_slow_subsidence_0081_0216,0.00h,23.83h,slow_subsidence,moderate,"(162.5,12.5)",3.7667,3.9351
E_slow_subsidence_0082_0114,0.00h,23.83h,slow_subsidence,moderate,"(112.5,-112.5)",4.4809,4.6811
E_slow_subsidence_0083_0012,0.00h,23.83h,slow_subsidence,moderate,"(62.5,-237.5)",0.0347,0.0362
E_slow_subsidence_0084_0073,0.00h,23.83h,slow_subsidence,moderate,"(87.5,-162.5)",1.3292,1.3886
E_slow_subsidence_0085_0336,0.00h,23.83h,slow_subsidence,moderate,"(162.5,162.5)",0.0983,0.1027
E_slow_subsidence_0086_0398,0.00h,23.83h,slow_subsidence,moderate,"(212.5,237.5)",0.0001,0.0001
E_slow_subsidence_0087_0282,0.00h,23.83h,slow_subsidence,moderate,"(-187.5,112.5)",0.1969,0.2057
E_slow_subsidence_0088_0399,0.00h,23.83h,slow_subsidence,moderate,"(237.5,237.5)",0.0,0.0
E_slow_subsidence_0089_0385,0.00h,23.83h,slow_subsidence,moderate,"(-112.5,237.5)",0.0103,0.0108
E_slow_subsidence_0090_0373,0.00h,23.83h,slow_subsidence,moderate,"(87.5,212.5)",0.0983,0.1027
E_slow_subsidence_0091_0105,0.00h,23.83h,slow_subsidence,moderate,"(-112.5,-112.5)",4.4809,4.6811
E_slow_subsidence_0092_0261,0.00h,23.83h,slow_subsidence,moderate,"(-212.5,87.5)",0.0983,0.1027
E_slow_subsidence_0093_0101,0.00h,23.83h,slow_subsidence,moderate,"(-212.5,-112.5)",0.0491,0.0513
E_slow_subsidence_0094_0195,0.00h,23.83h,slow_subsidence,moderate,"(137.5,-12.5)",10.6747,11.1517
E_slow_subsidence_0095_0037,0.00h,23.83h,slow_subsidence,moderate,"(187.5,-212.5)",0.0022,0.0023
E_slow_subsidence_0096_0206,0.00h,23.83h,slow_subsidence,moderate,"(-87.5,12.5)",50.9263,53.202
E_slow_subsidence_0097_0250,0.00h,23.83h,slow_subsidence,moderate,"(12.5,62.5)",85.7308,89.5618
E_slow_subsidence_0098_0293,0.00h,23.83h,slow_subsidence,moderate,"(87.5,112.5)",8.9734,9.3744
E_slow_subsidence_0099_0297,0.00h,23.83h,slow_subsidence,moderate,"(187.5,112.5)",0.1969,0.2057
E_slow_subsidence_0100_0285,0.00h,23.83h,slow_subsidence,moderate,"(-112.5,112.5)",4.4809,4.6811
E_slow_subsidence_0101_0110,0.00h,23.83h,slow_subsidence,moderate,"(12.5,-112.5)",25.4301,26.5665
E_slow_subsidence_0102_0196,0.00h,23.83h,slow_subsidence,moderate,"(162.5,-12.5)",3.7667,3.9351
E_slow_subsidence_0103_0260,0.00h,23.83h,slow_subsidence,moderate,"(-237.5,87.5)",0.0206,0.0215
E_slow_subsidence_0104_0013,0.00h,23.83h,slow_subsidence,moderate,"(87.5,-237.5)",0.0206,0.0215
E_slow_subsidence_0105_0269,0.00h,23.83h,slow_subsidence,moderate,"(-12.5,87.5)",50.9263,53.202
E_slow_subsidence_0106_0261,0.00h,23.83h,slow_subsidence,moderate,"(-212.5,87.5)",0.0983,0.1027
E_slow_subsidence_0107_0392,0.00h,23.83h,slow_subsidence,moderate,"(62.5,237.5)",0.0347,0.0362
E_slow_subsidence_0108_0360,0.00h,23.83h,slow_subsidence,moderate,"(-237.5,212.5)",0.0001,0.0001
E_slow_subsidence_0109_0039,0.00h,23.83h,slow_subsidence,moderate,"(237.5,-212.5)",0.0001,0.0001
E_slow_subsidence_0110_0329,0.00h,23.83h,slow_subsidence,moderate,"(-12.5,162.5)",3.7667,3.9351
E_slow_subsidence_0111_0023,0.00h,23.83h,slow_subsidence,moderate,"(-162.5,-212.5)",0.0073,0.0076
E_slow_subsidence_0112_0029,0.00h,23.83h,slow_subsidence,moderate,"(-12.5,-212.5)",0.2786,0.2911
E_slow_subsidence_0113_0131,0.00h,23.83h,slow_subsidence,moderate,"(37.5,-87.5)",42.8098,44.7228
E_slow_subsidence_0114_0216,0.00h,23.83h,slow_subsidence,moderate,"(162.5,12.5)",3.7667,3.9351
E_slow_subsidence_0115_0010,0.00h,23.83h,slow_subsidence,moderate,"(12.5,-237.5)",0.0584,0.061
E_slow_subsidence_0116_0136,0.00h,23.83h,slow_subsidence,moderate,"(162.5,-87.5)",1.3292,1.3886
E_slow_subsidence_0117_0189,0.00h,23.83h,slow_subsidence,moderate,"(-12.5,-12.5)",144.3218,150.771
E_slow_subsidence_0118_0386,0.00h,23.83h,slow_subsidence,moderate,"(-87.5,237.5)",0.0206,0.0215
E_slow_subsidence_0119_0242,0.00h,23.83h,slow_subsidence,moderate,"(-187.5,62.5)",0.6637,0.6934
E_slow_subsidence_0120_0029,0.00h,23.83h,slow_subsidence,moderate,"(-12.5,-212.5)",0.2786,0.2911
E_slow_subsidence_0121_0215,0.00h,23.83h,slow_subsidence,moderate,"(137.5,12.5)",10.6747,11.1517
E_slow_subsidence_0122_0025,0.00h,23.83h,slow_subsidence,moderate,"(-112.5,-212.5)",0.0491,0.0513
E_slow_subsidence_0123_0200,0.00h,23.83h,slow_subsidence,moderate,"(-237.5,12.5)",0.0584,0.061
E_slow_subsidence_0124_0125,0.00h,23.83h,slow_subsidence,moderate,"(-112.5,-87.5)",8.9734,9.3744
E_slow_subsidence_0125_0094,0.00h,23.83h,slow_subsidence,moderate,"(112.5,-137.5)",1.8809,1.965
E_slow_subsidence_0126_0131,0.00h,23.83h,slow_subsidence,moderate,"(37.5,-87.5)",42.8098,44.7228
E_slow_subsidence_0127_0136,0.00h,23.83h,slow_subsidence,moderate,"(162.5,-87.5)",1.3292,1.3886
E_slow_subsidence_0128_0096,0.00h,23.83h,slow_subsidence,moderate,"(162.5,-137.5)",0.2786,0.2911
E_slow_subsidence_0129_0176,0.00h,23.83h,slow_subsidence,moderate,"(162.5,-37.5)",3.1664,3.3079
E_slow_subsidence_0130_0110,0.00h,23.83h,slow_subsidence,moderate,"(12.5,-112.5)",25.4301,26.5665
E_slow_subsidence_0131_0335,0.00h,23.83h,slow_subsidence,moderate,"(137.5,162.5)",0.2786,0.2911
E_slow_subsidence_0132_0168,0.00h,23.83h,slow_subsidence,moderate,"(-37.5,-37.5)",101.9848,106.5421
E_slow_subsidence_0133_0000,0.00h,23.83h,slow_subsidence,moderate,"(-237.5,-237.5)",0.0,0.0
E_slow_subsidence_0134_0135,0.00h,23.83h,slow_subsidence,moderate,"(137.5,-87.5)",3.7667,3.9351
E_slow_subsidence_0135_0326,0.00h,23.83h,slow_subsidence,moderate,"(-87.5,162.5)",1.3292,1.3886
E_slow_subsidence_0136_0012,0.00h,23.83h,slow_subsidence,moderate,"(62.5,-237.5)",0.0347,0.0362
E_slow_subsidence_0137_0325,0.00h,23.83h,slow_subsidence,moderate,"(-112.5,162.5)",0.6637,0.6934
E_slow_subsidence_0138_0066,0.00h,23.83h,slow_subsidence,moderate,"(-87.5,-162.5)",1.3292,1.3886
E_slow_subsidence_0139_0020,0.00h,23.83h,slow_subsidence,moderate,"(-237.5,-212.5)",0.0001,0.0001
E_slow_subsidence_0140_0272,0.00h,23.83h,slow_subsidence,moderate,"(62.5,87.5)",30.2515,31.6033
E_slow_subsidence_0141_0148,0.00h,23.83h,slow_subsidence,moderate,"(-37.5,-62.5)",72.0674,75.2878
E_slow_subsidence_0142_0350,0.00h,23.83h,slow_subsidence,moderate,"(12.5,187.5)",1.1173,1.1673
E_slow_subsidence_0143_0370,0.00h,23.83h,slow_subsidence,moderate,"(12.5,212.5)",0.2786,0.2911
E_slow_subsidence_0144_0143,0.00h,23.83h,slow_subsidence,moderate,"(-162.5,-62.5)",2.2375,2.3375
E_slow_subsidence_0145_0174,0.00h,23.83h,slow_subsidence,moderate,"(112.5,-37.5)",21.3772,22.3324
E_slow_subsidence_0146_0236,0.00h,23.83h,slow_subsidence,moderate,"(162.5,37.5)",3.1664,3.3079
E_slow_subsidence_0147_0144,0.00h,23.83h,slow_subsidence,moderate,"(-137.5,-62.5)",6.3411,6.6244
E_slow_subsidence_0148_0013,0.00h,23.83h,slow_subsidence,moderate,"(87.5,-237.5)",0.0206,0.0215
E_slow_subsidence_0149_0064,0.00h,23.83h,slow_subsidence,moderate,"(-137.5,-162.5)",0.2786,0.2911
E_slow_subsidence_0150_0247,0.00h,23.83h,slow_subsidence,moderate,"(-62.5,62.5)",50.9263,53.202
E_slow_subsidence_0151_0108,0.00h,23.83h,slow_subsidence,moderate,"(-37.5,-112.5)",21.3772,22.3324
E_slow_subsidence_0152_0154,0.00h,23.83h,slow_subsidence,moderate,"(112.5,-62.5)",15.1061,15.7812
E_slow_subsidence_0153_0175,0.00h,23.83h,slow_subsidence,moderate,"(137.5,-37.5)",8.9734,9.3744
E_slow_subsidence_0154_0387,0.00h,23.83h,slow_subsidence,moderate,"(-62.5,237.5)",0.0347,0.0362
E_slow_subsidence_0155_0268,0.00h,23.83h,slow_subsidence,moderate,"(-37.5,87.5)",42.8098,44.7228
E_slow_subsidence_0156_0242,0.00h,23.83h,slow_subsidence,moderate,"(-187.5,62.5)",0.6637,0.6934
E_slow_subsidence_0157_0343,0.00h,23.83h,slow_subsidence,moderate,"(-162.5,187.5)",0.0292,0.0305
E_slow_subsidence_0158_0213,0.00h,23.83h,slow_subsidence,moderate,"(87.5,12.5)",50.9263,53.202
E_slow_subsidence_0159_0011,0.00h,23.83h,slow_subsidence,moderate,"(37.5,-237.5)",0.0491,0.0513
E_slow_subsidence_0160_0114,0.00h,23.83h,slow_subsidence,moderate,"(112.5,-112.5)",4.4809,4.6811
E_slow_subsidence_0161_0355,0.00h,23.83h,slow_subsidence,moderate,"(137.5,187.5)",0.0826,0.0863
E_slow_subsidence_0162_0119,0.00h,23.83h,slow_subsidence,moderate,"(237.5,-112.5)",0.0103,0.0108
E_slow_subsidence_0163_0325,0.00h,23.83h,slow_subsidence,moderate,"(-112.5,162.5)",0.6637,0.6934
E_slow_subsidence_0164_0284,0.00h,23.83h,slow_subsidence,moderate,"(-137.5,112.5)",1.8809,1.965
E_slow_subsidence_0165_0356,0.00h,23.83h,slow_subsidence,moderate,"(162.5,187.5)",0.0292,0.0305
E_slow_subsidence_0166_0332,0.00h,23.83h,slow_subsidence,moderate,"(62.5,162.5)",2.2375,2.3375
E_slow_subsidence_0167_0296,0.00h,23.83h,slow_subsidence,moderate,"(162.5,112.5)",0.6637,0.6934
E_slow_subsidence_0168_0389,0.00h,23.83h,slow_subsidence,moderate,"(-12.5,237.5)",0.0584,0.061
E_slow_subsidence_0169_0315,0.00h,23.83h,slow_subsidence,moderate,"(137.5,137.5)",0.7896,0.8248
E_slow_subsidence_0170_0346,0.00h,23.83h,slow_subsidence,moderate,"(-87.5,187.5)",0.3943,0.4119
E_slow_subsidence_0171_0208,0.00h,23.83h,slow_subsidence,moderate,"(-37.5,12.5)",121.3203,126.7417
E_slow_subsidence_0172_0148,0.00h,23.83h,slow_subsidence,moderate,"(-37.5,-62.5)",72.0674,75.2878
E_slow_subsidence_0173_0370,0.00h,23.83h,slow_subsidence,moderate,"(12.5,212.5)",0.2786,0.2911
E_slow_subsidence_0174_0266,0.00h,23.83h,slow_subsidence,moderate,"(-87.5,87.5)",17.9702,18.7732
E_slow_subsidence_0175_0376,0.00h,23.83h,slow_subsidence,moderate,"(162.5,212.5)",0.0073,0.0076
E_slow_subsidence_0176_0160,0.00h,23.83h,slow_subsidence,moderate,"(-237.5,-37.5)",0.0491,0.0513
E_slow_subsidence_0177_0046,0.00h,23.83h,slow_subsidence,moderate,"(-87.5,-187.5)",0.3943,0.4119
E_slow_subsidence_0178_0329,0.00h,23.83h,slow_subsidence,moderate,"(-12.5,162.5)",3.7667,3.9351
E_slow_subsidence_0179_0146,0.00h,23.83h,slow_subsidence,moderate,"(-87.5,-62.5)",30.2515,31.6033
E_slow_subsidence_0180_0070,0.00h,23.83h,slow_subsidence,moderate,"(12.5,-162.5)",3.7667,3.9351
E_slow_subsidence_0181_0252,0.00h,23.83h,slow_subsidence,moderate,"(62.5,62.5)",50.9263,53.202
E_slow_subsidence_0182_0119,0.00h,23.83h,slow_subsidence,moderate,"(237.5,-112.5)",0.0103,0.0108
E_slow_subsidence_0183_0138,0.00h,23.83h,slow_subsidence,moderate,"(212.5,-87.5)",0.0983,0.1027
E_slow_subsidence_0184_0271,0.00h,23.83h,slow_subsidence,moderate,"(37.5,87.5)",42.8098,44.7228
E_slow_subsidence_0185_0068,0.00h,23.83h,slow_subsidence,moderate,"(-37.5,-162.5)",3.1664,3.3079
E_slow_subsidence_0186_0072,0.00h,23.83h,slow_subsidence,moderate,"(62.5,-162.5)",2.2375,2.3375
E_slow_subsidence_0187_0013,0.00h,23.83h,slow_subsidence,moderate,"(87.5,-237.5)",0.0206,0.0215
E_slow_subsidence_0188_0126,0.00h,23.83h,slow_subsidence,moderate,"(-87.5,-87.5)",17.9702,18.7732
E_slow_subsidence_0189_0082,0.00h,23.83h,slow_subsidence,moderate,"(-187.5,-137.5)",0.0826,0.0863
E_slow_subsidence_0190_0035,0.00h,23.83h,slow_subsidence,moderate,"(137.5,-212.5)",0.0206,0.0215
E_slow_subsidence_0191_0296,0.00h,23.83h,slow_subsidence,moderate,"(162.5,112.5)",0.6637,0.6934
E_slow_subsidence_0192_0016,0.00h,23.83h,slow_subsidence,moderate,"(162.5,-237.5)",0.0015,0.0016
E_slow_subsidence_0193_0117,0.00h,23.83h,slow_subsidence,moderate,"(187.5,-112.5)",0.1969,0.2057
E_slow_subsidence_0194_0283,0.00h,23.83h,slow_subsidence,moderate,"(-162.5,112.5)",0.6637,0.6934
E_slow_subsidence_0195_0149,0.00h,23.83h,slow_subsidence,moderate,"(-12.5,-62.5)",85.7308,89.5618
E_slow_subsidence_0196_0142,0.00h,23.83h,slow_subsidence,moderate,"(-187.5,-62.5)",0.6637,0.6934
E_slow_subsidence_0197_0112,0.00h,23.83h,slow_subsidence,moderate,"(62.5,-112.5)",15.1061,15.7812
E_slow_subsidence_0198_0121,0.00h,23.83h,slow_subsidence,moderate,"(-212.5,-87.5)",0.0983,0.1027
E_slow_subsidence_0199_0039,0.00h,23.83h,slow_subsidence,moderate,"(237.5,-212.5)",0.0001,0.0001
E_slow_subsidence_0200_0294,0.00h,23.83h,slow_subsidence,moderate,"(112.5,112.5)",4.4809,4.6811
E_slow_subsidence_0201_0312,0.00h,23.83h,slow_subsidence,moderate,"(62.5,137.5)",6.3411,6.6244
E_slow_subsidence_0202_0219,0.00h,23.83h,slow_subsidence,moderate,"(237.5,12.5)",0.0584,0.061
E_slow_subsidence_0203_0042,0.00h,23.83h,slow_subsidence,moderate,"(-187.5,-187.5)",0.0087,0.009
E_slow_subsidence_0204_0291,0.00h,23.83h,slow_subsidence,moderate,"(37.5,112.5)",21.3772,22.3324
E_slow_subsidence_0205_0350,0.00h,23.83h,slow_subsidence,moderate,"(12.5,187.5)",1.1173,1.1673
E_slow_subsidence_0206_0365,0.00h,23.83h,slow_subsidence,moderate,"(-112.5,212.5)",0.0491,0.0513
E_slow_subsidence_0207_0111,0.00h,23.83h,slow_subsidence,moderate,"(37.5,-112.5)",21.3772,22.3324
E_slow_subsidence_0208_0006,0.00h,23.83h,slow_subsidence,moderate,"(-87.5,-237.5)",0.0206,0.0215
E_slow_subsidence_0209_0349,0.00h,23.83h,slow_subsidence,moderate,"(-12.5,187.5)",1.1173,1.1673
E_slow_subsidence_0210_0089,0.00h,23.83h,slow_subsidence,moderate,"(-12.5,-137.5)",10.6747,11.1517
E_slow_subsidence_0211_0315,0.00h,23.83h,slow_subsidence,moderate,"(137.5,137.5)",0.7896,0.8248
E_slow_subsidence_0212_0138,0.00h,23.83h,slow_subsidence,moderate,"(212.5,-87.5)",0.0983,0.1027
E_slow_subsidence_0213_0359,0.00h,23.83h,slow_subsidence,moderate,"(237.5,187.5)",0.0005,0.0005
E_slow_subsidence_0214_0279,0.00h,23.83h,slow_subsidence,moderate,"(237.5,87.5)",0.0206,0.0215
E_slow_subsidence_0215_0008,0.00h,23.83h,slow_subsidence,moderate,"(-37.5,-237.5)",0.0491,0.0513
E_slow_subsidence_0216_0161,0.00h,23.83h,slow_subsidence,moderate,"(-212.5,-37.5)",0.2342,0.2447
E_slow_subsidence_0217_0228,0.00h,23.83h,slow_subsidence,moderate,"(-37.5,37.5)",101.9848,106.5421
E_slow_subsidence_0218_0340,0.00h,23.83h,slow_subsidence,moderate,"(-237.5,187.5)",0.0005,0.0005
E_slow_subsidence_0219_0268,0.00h,23.83h,slow_subsidence,moderate,"(-37.5,87.5)",42.8098,44.7228
E_slow_subsidence_0220_0216,0.00h,23.83h,slow_subsidence,moderate,"(162.5,12.5)",3.7667,3.9351
E_slow_subsidence_0221_0058,0.00h,23.83h,slow_subsidence,moderate,"(212.5,-187.5)",0.0022,0.0023
E_slow_subsidence_0222_0324,0.00h,23.83h,slow_subsidence,moderate,"(-137.5,162.5)",0.2786,0.2911
E_slow_subsidence_0223_0024,0.00h,23.83h,slow_subsidence,moderate,"(-137.5,-212.5)",0.0206,0.0215
E_slow_subsidence_0224_0204,0.00h,23.83h,slow_subsidence,moderate,"(-137.5,12.5)",10.6747,11.1517
E_slow_subsidence_0225_0019,0.00h,23.83h,slow_subsidence,moderate,"(237.5,-237.5)",0.0,0.0
E_slow_subsidence_0226_0320,0.00h,23.83h,slow_subsidence,moderate,"(-237.5,162.5)",0.0015,0.0016
E_slow_subsidence_0227_0260,0.00h,23.83h,slow_subsidence,moderate,"(-237.5,87.5)",0.0206,0.0215
E_slow_subsidence_0228_0171,0.00h,23.83h,slow_subsidence,moderate,"(37.5,-37.5)",101.9848,106.5421
E_slow_subsidence_0229_0001,0.00h,23.83h,slow_subsidence,moderate,"(-212.5,-237.5)",0.0001,0.0001
E_slow_subsidence_0230_0348,0.00h,23.83h,slow_subsidence,moderate,"(-37.5,187.5)",0.9392,0.9812
E_slow_subsidence_0231_0188,0.00h,23.83h,slow_subsidence,moderate,"(-37.5,-12.5)",121.3203,126.7417
E_slow_subsidence_0232_0067,0.00h,23.83h,slow_subsidence,moderate,"(-62.5,-162.5)",2.2375,2.3375
E_slow_subsidence_0233_0049,0.00h,23.83h,slow_subsidence,moderate,"(-12.5,-187.5)",1.1173,1.1673
E_slow_subsidence_0234_0310,0.00h,23.83h,slow_subsidence,moderate,"(12.5,137.5)",10.6747,11.1517
E_slow_subsidence_0235_0221,0.00h,23.83h,slow_subsidence,moderate,"(-212.5,37.5)",0.2342,0.2447
E_slow_subsidence_0236_0351,0.00h,23.83h,slow_subsidence,moderate,"(37.5,187.5)",0.9392,0.9812
E_slow_subsidence_0237_0264,0.00h,23.83h,slow_subsidence,moderate,"(-137.5,87.5)",3.7667,3.9351
E_slow_subsidence_0238_0375,0.00h,23.83h,slow_subsidence,moderate,"(137.5,212.5)",0.0206,0.0215
E_slow_subsidence_0239_0270,0.00h,23.83h,slow_subsidence,moderate,"(12.5,87.5)",50.9263,53.202
E_slow_subsidence_0240_0133,0.00h,23.83h,slow_subsidence,moderate,"(87.5,-87.5)",17.9702,18.7732
E_slow_subsidence_0241_0127,0.00h,23.83h,slow_subsidence,moderate,"(-62.5,-87.5)",30.2515,31.6033
E_slow_subsidence_0242_0187,0.00h,23.83h,slow_subsidence,moderate,"(-62.5,-12.5)",85.7308,89.5618
E_slow_subsidence_0243_0368,0.00h,23.83h,slow_subsidence,moderate,"(-37.5,212.5)",0.2342,0.2447
E_slow_subsidence_0244_0196,0.00h,23.83h,slow_subsidence,moderate,"(162.5,-12.5)",3.7667,3.9351
E_slow_subsidence_0245_0327,0.00h,23.83h,slow_subsidence,moderate,"(-62.5,162.5)",2.2375,2.3375
E_slow_subsidence_0246_0068,0.00h,23.83h,slow_subsidence,moderate,"(-37.5,-162.5)",3.1664,3.3079
E_slow_subsidence_0247_0106,0.00h,23.83h,slow_subsidence,moderate,"(-87.5,-112.5)",8.9734,9.3744
E_slow_subsidence_0248_0093,0.00h,23.83h,slow_subsidence,moderate,"(87.5,-137.5)",3.7667,3.9351
E_slow_subsidence_0249_0024,0.00h,23.83h,slow_subsidence,moderate,"(-137.5,-212.5)",0.0206,0.0215
E_slow_subsidence_0250_0306,0.00h,23.83h,slow_subsidence,moderate,"(-87.5,137.5)",3.7667,3.9351
E_slow_subsidence_0251_0059,0.00h,23.83h,slow_subsidence,moderate,"(237.5,-187.5)",0.0005,0.0005
E_slow_subsidence_0252_0206,0.00h,23.83h,slow_subsidence,moderate,"(-87.5,12.5)",50.9263,53.202
E_slow_subsidence_0253_0125,0.00h,23.83h,slow_subsidence,moderate,"(-112.5,-87.5)",8.9734,9.3744
E_slow_subsidence_0254_0285,0.00h,23.83h,slow_subsidence,moderate,"(-112.5,112.5)",4.4809,4.6811
E_slow_subsidence_0255_0220,0.00h,23.83h,slow_subsidence,moderate,"(-237.5,37.5)",0.0491,0.0513
E_slow_subsidence_0256_0207,0.00h,23.83h,slow_subsidence,moderate,"(-62.5,12.5)",85.7308,89.5618
E_slow_subsidence_0257_0229,0.00h,23.83h,slow_subsidence,moderate,"(-12.5,37.5)",121.3203,126.7417
E_slow_subsidence_0258_0234,0.00h,23.83h,slow_subsidence,moderate,"(112.5,37.5)",21.3772,22.3324
E_slow_subsidence_0259_0364,0.00h,23.83h,slow_subsidence,moderate,"(-137.5,212.5)",0.0206,0.0215
E_slow_subsidence_0260_0069,0.00h,23.83h,slow_subsidence,moderate,"(-12.5,-162.5)",3.7667,3.9351
E_slow_subsidence_0261_0286,0.00h,23.83h,slow_subsidence,moderate,"(-87.5,112.5)",8.9734,9.3744
E_slow_subsidence_0262_0185,0.00h,23.83h,slow_subsidence,moderate,"(-112.5,-12.5)",25.4301,26.5665
E_slow_subsidence_0263_0301,0.00h,23.83h,slow_subsidence,moderate,"(-212.5,137.5)",0.0206,0.0215
E_slow_subsidence_0264_0391,0.00h,23.83h,slow_subsidence,moderate,"(37.5,237.5)",0.0491,0.0513
E_slow_subsidence_0265_0068,0.00h,23.83h,slow_subsidence,moderate,"(-37.5,-162.5)",3.1664,3.3079
E_slow_subsidence_0266_0114,0.00h,23.83h,slow_subsidence,moderate,"(112.5,-112.5)",4.4809,4.6811
E_slow_subsidence_0267_0292,0.00h,23.83h,slow_subsidence,moderate,"(62.5,112.5)",15.1061,15.7812
E_slow_subsidence_0268_0302,0.00h,23.83h,slow_subsidence,moderate,"(-187.5,137.5)",0.0826,0.0863
E_slow_subsidence_0269_0065,0.00h,23.83h,slow_subsidence,moderate,"(-112.5,-162.5)",0.6637,0.6934
E_slow_subsidence_0270_0074,0.00h,23.83h,slow_subsidence,moderate,"(112.5,-162.5)",0.6637,0.6934
E_slow_subsidence_0271_0028,0.00h,23.83h,slow_subsidence,moderate,"(-37.5,-212.5)",0.2342,0.2447
E_slow_subsidence_0272_0150,0.00h,23.83h,slow_subsidence,moderate,"(12.5,-62.5)",85.7308,89.5618
E_slow_subsidence_0273_0009,0.00h,23.83h,slow_subsidence,moderate,"(-12.5,-237.5)",0.0584,0.061
E_slow_subsidence_0274_0278,0.00h,23.83h,slow_subsidence,moderate,"(212.5,87.5)",0.0983,0.1027
E_slow_subsidence_0275_0392,0.00h,23.83h,slow_subsidence,moderate,"(62.5,237.5)",0.0347,0.0362
E_slow_subsidence_0276_0000,0.00h,23.83h,slow_subsidence,moderate,"(-237.5,-237.5)",0.0,0.0
E_slow_subsidence_0277_0164,0.00h,23.83h,slow_subsidence,moderate,"(-137.5,-37.5)",8.9734,9.3744
E_slow_subsidence_0278_0196,0.00h,23.83h,slow_subsidence,moderate,"(162.5,-12.5)",3.7667,3.9351
E_slow_subsidence_0279_0236,0.00h,23.83h,slow_subsidence,moderate,"(162.5,37.5)",3.1664,3.3079
E_slow_subsidence_0280_0399,0.00h,23.83h,slow_subsidence,moderate,"(237.5,237.5)",0.0,0.0
E_slow_subsidence_0281_0304,0.00h,23.83h,slow_subsidence,moderate,"(-137.5,137.5)",0.7896,0.8248
E_slow_subsidence_0282_0290,0.00h,23.83h,slow_subsidence,moderate,"(12.5,112.5)",25.4301,26.5665
E_slow_subsidence_0283_0307,0.00h,23.83h,slow_subsidence,moderate,"(-62.5,137.5)",6.3411,6.6244
E_slow_subsidence_0284_0385,0.00h,23.83h,slow_subsidence,moderate,"(-112.5,237.5)",0.0103,0.0108
E_slow_subsidence_0285_0210,0.00h,23.83h,slow_subsidence,moderate,"(12.5,12.5)",144.3218,150.771
E_slow_subsidence_0286_0323,0.00h,23.83h,slow_subsidence,moderate,"(-162.5,162.5)",0.0983,0.1027
E_slow_subsidence_0287_0190,0.00h,23.83h,slow_subsidence,moderate,"(12.5,-12.5)",144.3218,150.771
E_slow_subsidence_0288_0072,0.00h,23.83h,slow_subsidence,moderate,"(62.5,-162.5)",2.2375,2.3375
E_slow_subsidence_0289_0100,0.00h,23.83h,slow_subsidence,moderate,"(-237.5,-112.5)",0.0103,0.0108
E_slow_subsidence_0290_0397,0.00h,23.83h,slow_subsidence,moderate,"(187.5,237.5)",0.0005,0.0005
E_slow_subsidence_0291_0224,0.00h,23.83h,slow_subsidence,moderate,"(-137.5,37.5)",8.9734,9.3744
E_slow_subsidence_0292_0160,0.00h,23.83h,slow_subsidence,moderate,"(-237.5,-37.5)",0.0491,0.0513
E_slow_subsidence_0293_0245,0.00h,23.83h,slow_subsidence,moderate,"(-112.5,62.5)",15.1061,15.7812
E_slow_subsidence_0294_0301,0.00h,23.83h,slow_subsidence,moderate,"(-212.5,137.5)",0.0206,0.0215
E_slow_subsidence_0295_0041,0.00h,23.83h,slow_subsidence,moderate,"(-212.5,-187.5)",0.0022,0.0023
E_slow_subsidence_0296_0308,0.00h,23.83h,slow_subsidence,moderate,"(-37.5,137.5)",8.9734,9.3744
E_slow_subsidence_0297_0380,0.00h,23.83h,slow_subsidence,moderate,"(-237.5,237.5)",0.0,0.0
E_slow_subsidence_0298_0342,0.00h,23.83h,slow_subsidence,moderate,"(-187.5,187.5)",0.0087,0.009
E_slow_subsidence_0299_0107,0.00h,23.83h,slow_subsidence,moderate,"(-62.5,-112.5)",15.1061,15.7812
E_slow_subsidence_0300_0235,0.00h,23.83h,slow_subsidence,moderate,"(137.5,37.5)",8.9734,9.3744
E_slow_subsidence_0301_0060,0.00h,23.83h,slow_subsidence,moderate,"(-237.5,-162.5)",0.0015,0.0016
E_slow_subsidence_0302_0192,0.00h,23.83h,slow_subsidence,moderate,"(62.5,-12.5)",85.7308,89.5618
E_slow_subsidence_0303_0178,0.00h,23.83h,slow_subsidence,moderate,"(212.5,-37.5)",0.2342,0.2447
E_slow_subsidence_0304_0381,0.00h,23.83h,slow_subsidence,moderate,"(-212.5,237.5)",0.0001,0.0001
E_slow_subsidence_0305_0176,0.00h,23.83h,slow_subsidence,moderate,"(162.5,-37.5)",3.1664,3.3079
E_slow_subsidence_0306_0172,0.00h,23.83h,slow_subsidence,moderate,"(62.5,-37.5)",72.0674,75.2878
E_slow_subsidence_0307_0120,0.00h,23.83h,slow_subsidence,moderate,"(-237.5,-87.5)",0.0206,0.0215
E_slow_subsidence_0308_0269,0.00h,23.83h,slow_subsidence,moderate,"(-12.5,87.5)",50.9263,53.202
E_slow_subsidence_0309_0132,0.00h,23.83h,slow_subsidence,moderate,"(62.5,-87.5)",30.2515,31.6033
E_slow_subsidence_0310_0151,0.00h,23.83h,slow_subsidence,moderate,"(37.5,-62.5)",72.0674,75.2878
E_slow_subsidence_0311_0019,0.00h,23.83h,slow_subsidence,moderate,"(237.5,-237.5)",0.0,0.0
E_slow_subsidence_0312_0208,0.00h,23.83h,slow_subsidence,moderate,"(-37.5,12.5)",121.3203,126.7417
E_slow_subsidence_0313_0181,0.00h,23.83h,slow_subsidence,moderate,"(-212.5,-12.5)",0.2786,0.2911
E_slow_subsidence_0314_0147,0.00h,23.83h,slow_subsidence,moderate,"(-62.5,-62.5)",50.9263,53.202
E_slow_subsidence_0315_0242,0.00h,23.83h,slow_subsidence,moderate,"(-187.5,62.5)",0.6637,0.6934
E_slow_subsidence_0316_0330,0.00h,23.83h,slow_subsidence,moderate,"(12.5,162.5)",3.7667,3.9351
E_slow_subsidence_0317_0005,0.00h,23.83h,slow_subsidence,moderate,"(-112.5,-237.5)",0.0103,0.0108
E_slow_subsidence_0318_0256,0.00h,23.83h,slow_subsidence,moderate,"(162.5,62.5)",2.2375,2.3375
E_slow_subsidence_0319_0267,0.00h,23.83h,slow_subsidence,moderate,"(-62.5,87.5)",30.2515,31.6033
E_slow_subsidence_0320_0128,0.00h,23.83h,slow_subsidence,moderate,"(-37.5,-87.5)",42.8098,44.7228
E_slow_subsidence_0321_0235,0.00h,23.83h,slow_subsidence,moderate,"(137.5,37.5)",8.9734,9.3744
E_slow_subsidence_0322_0288,0.00h,23.83h,slow_subsidence,moderate,"(-37.5,112.5)",21.3772,22.3324
E_slow_subsidence_0323_0204,0.00h,23.83h,slow_subsidence,moderate,"(-137.5,12.5)",10.6747,11.1517
E_slow_subsidence_0324_0100,0.00h,23.83h,slow_subsidence,moderate,"(-237.5,-112.5)",0.0103,0.0108
E_slow_subsidence_0325_0393,0.00h,23.83h,slow_subsidence,moderate,"(87.5,237.5)",0.0206,0.0215
E_slow_subsidence_0326_0154,0.00h,23.83h,slow_subsidence,moderate,"(112.5,-62.5)",15.1061,15.7812
E_slow_subsidence_0327_0260,0.00h,23.83h,slow_subsidence,moderate,"(-237.5,87.5)",0.0206,0.0215
E_slow_subsidence_0328_0106,0.00h,23.83h,slow_subsidence,moderate,"(-87.5,-112.5)",8.9734,9.3744
E_slow_subsidence_0329_0203,0.00h,23.83h,slow_subsidence,moderate,"(-162.5,12.5)",3.7667,3.9351
E_slow_subsidence_0330_0356,0.00h,23.83h,slow_subsidence,moderate,"(162.5,187.5)",0.0292,0.0305
E_slow_subsidence_0331_0150,0.00h,23.83h,slow_subsidence,moderate,"(12.5,-62.5)",85.7308,89.5618
E_slow_subsidence_0332_0198,0.00h,23.83h,slow_subsidence,moderate,"(212.5,-12.5)",0.2786,0.2911
E_slow_subsidence_0333_0181,0.00h,23.83h,slow_subsidence,moderate,"(-212.5,-12.5)",0.2786,0.2911
E_slow_subsidence_0334_0091,0.00h,23.83h,slow_subsidence,moderate,"(37.5,-137.5)",8.9734,9.3744
E_slow_subsidence_0335_0092,0.00h,23.83h,slow_subsidence,moderate,"(62.5,-137.5)",6.3411,6.6244
E_slow_subsidence_0336_0330,0.00h,23.83h,slow_subsidence,moderate,"(12.5,162.5)",3.7667,3.9351
E_slow_subsidence_0337_0186,0.00h,23.83h,slow_subsidence,moderate,"(-87.5,-12.5)",50.9263,53.202
E_slow_subsidence_0338_0369,0.00h,23.83h,slow_subsidence,moderate,"(-12.5,212.5)",0.2786,0.2911
E_slow_subsidence_0339_0314,0.00h,23.83h,slow_subsidence,moderate,"(112.5,137.5)",1.8809,1.965
E_slow_subsidence_0340_0326,0.00h,23.83h,slow_subsidence,moderate,"(-87.5,162.5)",1.3292,1.3886
E_slow_subsidence_0341_0264,0.00h,23.83h,slow_subsidence,moderate,"(-137.5,87.5)",3.7667,3.9351
E_slow_subsidence_0342_0120,0.00h,23.83h,slow_subsidence,moderate,"(-237.5,-87.5)",0.0206,0.0215
E_slow_subsidence_0343_0287,0.00h,23.83h,slow_subsidence,moderate,"(-62.5,112.5)",15.1061,15.7812
E_slow_subsidence_0344_0275,0.00h,23.83h,slow_subsidence,moderate,"(137.5,87.5)",3.7667,3.9351
E_slow_subsidence_0345_0055,0.00h,23.83h,slow_subsidence,moderate,"(137.5,-187.5)",0.0826,0.0863
E_slow_subsidence_0346_0338,0.00h,23.83h,slow_subsidence,moderate,"(212.5,162.5)",0.0073,0.0076
E_slow_subsidence_0347_0234,0.00h,23.83h,slow_subsidence,moderate,"(112.5,37.5)",21.3772,22.3324
E_slow_subsidence_0348_0040,0.00h,23.83h,slow_subsidence,moderate,"(-237.5,-187.5)",0.0005,0.0005
E_slow_subsidence_0349_0032,0.00h,23.83h,slow_subsidence,moderate,"(62.5,-212.5)",0.1655,0.1729
E_slow_subsidence_0350_0205,0.00h,23.83h,slow_subsidence,moderate,"(-112.5,12.5)",25.4301,26.5665
E_slow_subsidence_0351_0242,0.00h,23.83h,slow_subsidence,moderate,"(-187.5,62.5)",0.6637,0.6934
E_slow_subsidence_0352_0171,0.00h,23.83h,slow_subsidence,moderate,"(37.5,-37.5)",101.9848,106.5421
E_slow_subsidence_0353_0157,0.00h,23.83h,slow_subsidence,moderate,"(187.5,-62.5)",0.6637,0.6934
E_slow_subsidence_0354_0016,0.00h,23.83h,slow_subsidence,moderate,"(162.5,-237.5)",0.0015,0.0016
E_slow_subsidence_0355_0037,0.00h,23.83h,slow_subsidence,moderate,"(187.5,-212.5)",0.0022,0.0023
E_slow_subsidence_0356_0337,0.00h,23.83h,slow_subsidence,moderate,"(187.5,162.5)",0.0292,0.0305
E_slow_subsidence_0357_0180,0.00h,23.83h,slow_subsidence,moderate,"(-237.5,-12.5)",0.0584,0.061
E_slow_subsidence_0358_0113,0.00h,23.83h,slow_subsidence,moderate,"(87.5,-112.5)",8.9734,9.3744
E_slow_subsidence_0359_0198,0.00h,23.83h,slow_subsidence,moderate,"(212.5,-12.5)",0.2786,0.2911
E_slow_subsidence_0360_0140,0.00h,23.83h,slow_subsidence,moderate,"(-237.5,-62.5)",0.0347,0.0362
E_slow_subsidence_0361_0153,0.00h,23.83h,slow_subsidence,moderate,"(87.5,-62.5)",30.2515,31.6033
E_slow_subsidence_0362_0311,0.00h,23.83h,slow_subsidence,moderate,"(37.5,137.5)",8.9734,9.3744
E_slow_subsidence_0363_0369,0.00h,23.83h,slow_subsidence,moderate,"(-12.5,212.5)",0.2786,0.2911
E_slow_subsidence_0364_0084,0.00h,23.83h,slow_subsidence,moderate,"(-137.5,-137.5)",0.7896,0.8248
E_slow_subsidence_0365_0252,0.00h,23.83h,slow_subsidence,moderate,"(62.5,62.5)",50.9263,53.202
E_slow_subsidence_0366_0114,0.00h,23.83h,slow_subsidence,moderate,"(112.5,-112.5)",4.4809,4.6811
E_slow_subsidence_0367_0002,0.00h,23.83h,slow_subsidence,moderate,"(-187.5,-237.5)",0.0005,0.0005
E_slow_subsidence_0368_0265,0.00h,23.83h,slow_subsidence,moderate,"(-112.5,87.5)",8.9734,9.3744
E_slow_subsidence_0369_0392,0.00h,23.83h,slow_subsidence,moderate,"(62.5,237.5)",0.0347,0.0362
E_slow_subsidence_0370_0089,0.00h,23.83h,slow_subsidence,moderate,"(-12.5,-137.5)",10.6747,11.1517
E_slow_subsidence_0371_0167,0.00h,23.83h,slow_subsidence,moderate,"(-62.5,-37.5)",72.0674,75.2878
E_slow_subsidence_0372_0395,0.00h,23.83h,slow_subsidence,moderate,"(137.5,237.5)",0.0043,0.0045
E_slow_subsidence_0373_0120,0.00h,23.83h,slow_subsidence,moderate,"(-237.5,-87.5)",0.0206,0.0215
E_slow_subsidence_0374_0327,0.00h,23.83h,slow_subsidence,moderate,"(-62.5,162.5)",2.2375,2.3375
E_slow_subsidence_0375_0152,0.00h,23.83h,slow_subsidence,moderate,"(62.5,-62.5)",50.9263,53.202
E_slow_subsidence_0376_0225,0.00h,23.83h,slow_subsidence,moderate,"(-112.5,37.5)",21.3772,22.3324
E_slow_subsidence_0377_0313,0.00h,23.83h,slow_subsidence,moderate,"(87.5,137.5)",3.7667,3.9351
E_slow_subsidence_0378_0154,0.00h,23.83h,slow_subsidence,moderate,"(112.5,-62.5)",15.1061,15.7812
E_slow_subsidence_0379_0325,0.00h,23.83h,slow_subsidence,moderate,"(-112.5,162.5)",0.6637,0.6934
E_slow_subsidence_0380_0259,0.00h,23.83h,slow_subsidence,moderate,"(237.5,62.5)",0.0347,0.0362
E_slow_subsidence_0381_0209,0.00h,23.83h,slow_subsidence,moderate,"(-12.5,12.5)",144.3218,150.771
E_slow_subsidence_0382_0369,0.00h,23.83h,slow_subsidence,moderate,"(-12.5,212.5)",0.2786,0.2911
E_slow_subsidence_0383_0345,0.00h,23.83h,slow_subsidence,moderate,"(-112.5,187.5)",0.1969,0.2057
E_slow_subsidence_0384_0266,0.00h,23.83h,slow_subsidence,moderate,"(-87.5,87.5)",17.9702,18.7732
E_slow_subsidence_0385_0011,0.00h,23.83h,slow_subsidence,moderate,"(37.5,-237.5)",0.0491,0.0513
E_slow_subsidence_0386_0355,0.00h,23.83h,slow_subsidence,moderate,"(137.5,187.5)",0.0826,0.0863
E_slow_subsidence_0387_0273,0.00h,23.83h,slow_subsidence,moderate,"(87.5,87.5)",17.9702,18.7732
E_slow_subsidence_0388_0090,0.00h,23.83h,slow_subsidence,moderate,"(12.5,-137.5)",10.6747,11.1517
E_slow_subsidence_0389_0088,0.00h,23.83h,slow_subsidence,moderate,"(-37.5,-137.5)",8.9734,9.3744
E_slow_subsidence_0390_0084,0.00h,23.83h,slow_subsidence,moderate,"(-137.5,-137.5)",0.7896,0.8248
E_slow_subsidence_0391_0268,0.00h,23.83h,slow_subsidence,moderate,"(-37.5,87.5)",42.8098,44.7228
E_slow_subsidence_0392_0355,0.00h,23.83h,slow_subsidence,moderate,"(137.5,187.5)",0.0826,0.0863
E_slow_subsidence_0393_0155,0.00h,23.83h,slow_subsidence,moderate,"(137.5,-62.5)",6.3411,6.6244
E_slow_subsidence_0394_0082,0.00h,23.83h,slow_subsidence,moderate,"(-187.5,-137.5)",0.0826,0.0863
E_slow_subsidence_0395_0260,0.00h,23.83h,slow_subsidence,moderate,"(-237.5,87.5)",0.0206,0.0215
E_slow_subsidence_0396_0192,0.00h,23.83h,slow_subsidence,moderate,"(62.5,-12.5)",85.7308,89.5618
E_slow_subsidence_0397_0057,0.00h,23.83h,slow_subsidence,moderate,"(187.5,-187.5)",0.0087,0.009
E_slow_subsidence_0398_0066,0.00h,23.83h,slow_subsidence,moderate,"(-87.5,-162.5)",1.3292,1.3886
E_slow_subsidence_0399_0325,0.00h,23.83h,slow_subsidence,moderate,"(-112.5,162.5)",0.6637,0.6934
E_slow_subsidence_0400_0396,0.00h,23.83h,slow_subsidence,moderate,"(162.5,237.5)",0.0015,0.0016
E_slow_subsidence_0401_0206,0.00h,23.83h,slow_subsidence,moderate,"(-87.5,12.5)",50.9263,53.202
E_slow_subsidence_0402_0381,0.00h,23.83h,slow_subsidence,moderate,"(-212.5,237.5)",0.0001,0.0001
E_slow_subsidence_0403_0270,0.00h,23.83h,slow_subsidence,moderate,"(12.5,87.5)",50.9263,53.202
E_slow_subsidence_0404_0015,0.00h,23.83h,slow_subsidence,moderate,"(137.5,-237.5)",0.0043,0.0045
E_slow_subsidence_0405_0112,0.00h,23.83h,slow_subsidence,moderate,"(62.5,-112.5)",15.1061,15.7812
E_slow_subsidence_0406_0370,0.00h,23.83h,slow_subsidence,moderate,"(12.5,212.5)",0.2786,0.2911
E_slow_subsidence_0407_0046,0.00h,23.83h,slow_subsidence,moderate,"(-87.5,-187.5)",0.3943,0.4119
E_slow_subsidence_0408_0065,0.00h,23.83h,slow_subsidence,moderate,"(-112.5,-162.5)",0.6637,0.6934
E_slow_subsidence_0409_0366,0.00h,23.83h,slow_subsidence,moderate,"(-87.5,212.5)",0.0983,0.1027
E_slow_subsidence_0410_0167,0.00h,23.83h,slow_subsidence,moderate,"(-62.5,-37.5)",72.0674,75.2878
E_slow_subsidence_0411_0308,0.00h,23.83h,slow_subsidence,moderate,"(-37.5,137.5)",8.9734,9.3744
E_slow_subsidence_0412_0219,0.00h,23.83h,slow_subsidence,moderate,"(237.5,12.5)",0.0584,0.061
E_slow_subsidence_0413_0310,0.00h,23.83h,slow_subsidence,moderate,"(12.5,137.5)",10.6747,11.1517
E_slow_subsidence_0414_0394,0.00h,23.83h,slow_subsidence,moderate,"(112.5,237.5)",0.0103,0.0108
E_slow_subsidence_0415_0196,0.00h,23.83h,slow_subsidence,moderate,"(162.5,-12.5)",3.7667,3.9351
E_slow_subsidence_0416_0143,0.00h,23.83h,slow_subsidence,moderate,"(-162.5,-62.5)",2.2375,2.3375
E_slow_subsidence_0417_0107,0.00h,23.83h,slow_subsidence,moderate,"(-62.5,-112.5)",15.1061,15.7812
E_slow_subsidence_0418_0047,0.00h,23.83h,slow_subsidence,moderate,"(-62.5,-187.5)",0.6637,0.6934
E_slow_subsidence_0419_0255,0.00h,23.83h,slow_subsidence,moderate,"(137.5,62.5)",6.3411,6.6244
E_slow_subsidence_0420_0302,0.00h,23.83h,slow_subsidence,moderate,"(-187.5,137.5)",0.0826,0.0863
E_slow_subsidence_0421_0371,0.00h,23.83h,slow_subsidence,moderate,"(37.5,212.5)",0.2342,0.2447
E_slow_subsidence_0422_0105,0.00h,23.83h,slow_subsidence,moderate,"(-112.5,-112.5)",4.4809,4.6811
E_slow_subsidence_0423_0368,0.00h,23.83h,slow_subsidence,moderate,"(-37.5,212.5)",0.2342,0.2447
E_slow_subsidence_0424_0196,0.00h,23.83h,slow_subsidence,moderate,"(162.5,-12.5)",3.7667,3.9351
E_slow_subsidence_0425_0053,0.00h,23.83h,slow_subsidence,moderate,"(87.5,-187.5)",0.3943,0.4119
E_slow_subsidence_0426_0214,0.00h,23.83h,slow_subsidence,moderate,"(112.5,12.5)",25.4301,26.5665
E_slow_subsidence_0427_0182,0.00h,23.83h,slow_subsidence,moderate,"(-187.5,-12.5)",1.1173,1.1673
E_slow_subsidence_0428_0332,0.00h,23.83h,slow_subsidence,moderate,"(62.5,162.5)",2.2375,2.3375
E_slow_subsidence_0429_0344,0.00h,23.83h,slow_subsidence,moderate,"(-137.5,187.5)",0.0826,0.0863
E_slow_subsidence_0430_0384,0.00h,23.83h,slow_subsidence,moderate,"(-137.5,237.5)",0.0043,0.0045
E_slow_subsidence_0431_0093,0.00h,23.83h,slow_subsidence,moderate,"(87.5,-137.5)",3.7667,3.9351
E_slow_subsidence_0432_0325,0.00h,23.83h,slow_subsidence,moderate,"(-112.5,162.5)",0.6637,0.6934
E_slow_subsidence_0433_0297,0.00h,23.83h,slow_subsidence,moderate,"(187.5,112.5)",0.1969,0.2057
E_slow_subsidence_0434_0282,0.00h,23.83h,slow_subsidence,moderate,"(-187.5,112.5)",0.1969,0.2057
E_slow_subsidence_0435_0153,0.00h,23.83h,slow_subsidence,moderate,"(87.5,-62.5)",30.2515,31.6033
E_slow_subsidence_0436_0295,0.00h,23.83h,slow_subsidence,moderate,"(137.5,112.5)",1.8809,1.965
E_slow_subsidence_0437_0208,0.00h,23.83h,slow_subsidence,moderate,"(-37.5,12.5)",121.3203,126.7417
E_slow_subsidence_0438_0180,0.00h,23.83h,slow_subsidence,moderate,"(-237.5,-12.5)",0.0584,0.061
E_slow_subsidence_0439_0261,0.00h,23.83h,slow_subsidence,moderate,"(-212.5,87.5)",0.0983,0.1027
E_slow_subsidence_0440_0146,0.00h,23.83h,slow_subsidence,moderate,"(-87.5,-62.5)",30.2515,31.6033
E_slow_subsidence_0441_0046,0.00h,23.83h,slow_subsidence,moderate,"(-87.5,-187.5)",0.3943,0.4119
E_slow_subsidence_0442_0217,0.00h,23.83h,slow_subsidence,moderate,"(187.5,12.5)",1.1173,1.1673
E_slow_subsidence_0443_0157,0.00h,23.83h,slow_subsidence,moderate,"(187.5,-62.5)",0.6637,0.6934
E_slow_subsidence_0444_0292,0.00h,23.83h,slow_subsidence,moderate,"(62.5,112.5)",15.1061,15.7812
E_slow_subsidence_0445_0325,0.00h,23.83h,slow_subsidence,moderate,"(-112.5,162.5)",0.6637,0.6934
E_slow_subsidence_0446_0129,0.00h,23.83h,slow_subsidence,moderate,"(-12.5,-87.5)",50.9263,53.202
E_slow_subsidence_0447_0252,0.00h,23.83h,slow_subsidence,moderate,"(62.5,62.5)",50.9263,53.202
E_slow_subsidence_0448_0044,0.00h,23.83h,slow_subsidence,moderate,"(-137.5,-187.5)",0.0826,0.0863
E_slow_subsidence_0449_0214,0.00h,23.83h,slow_subsidence,moderate,"(112.5,12.5)",25.4301,26.5665
E_slow_subsidence_0450_0294,0.00h,23.83h,slow_subsidence,moderate,"(112.5,112.5)",4.4809,4.6811
E_slow_subsidence_0451_0060,0.00h,23.83h,slow_subsidence,moderate,"(-237.5,-162.5)",0.0015,0.0016
E_slow_subsidence_0452_0383,0.00h,23.83h,slow_subsidence,moderate,"(-162.5,237.5)",0.0015,0.0016
E_slow_subsidence_0453_0346,0.00h,23.83h,slow_subsidence,moderate,"(-87.5,187.5)",0.3943,0.4119
E_slow_subsidence_0454_0168,0.00h,23.83h,slow_subsidence,moderate,"(-37.5,-37.5)",101.9848,106.5421
E_slow_subsidence_0455_0286,0.00h,23.83h,slow_subsidence,moderate,"(-87.5,112.5)",8.9734,9.3744
E_slow_subsidence_0456_0216,0.00h,23.83h,slow_subsidence,moderate,"(162.5,12.5)",3.7667,3.9351
E_slow_subsidence_0457_0395,0.00h,23.83h,slow_subsidence,moderate,"(137.5,237.5)",0.0043,0.0045
E_slow_subsidence_0458_0188,0.00h,23.83h,slow_subsidence,moderate,"(-37.5,-12.5)",121.3203,126.7417
E_slow_subsidence_0459_0104,0.00h,23.83h,slow_subsidence,moderate,"(-137.5,-112.5)",1.8809,1.965
E_slow_subsidence_0460_0036,0.00h,23.83h,slow_subsidence,moderate,"(162.5,-212.5)",0.0073,0.0076
E_slow_subsidence_0461_0274,0.00h,23.83h,slow_subsidence,moderate,"(112.5,87.5)",8.9734,9.3744
E_slow_subsidence_0462_0181,0.00h,23.83h,slow_subsidence,moderate,"(-212.5,-12.5)",0.2786,0.2911
E_slow_subsidence_0463_0249,0.00h,23.83h,slow_subsidence,moderate,"(-12.5,62.5)",85.7308,89.5618
E_slow_subsidence_0464_0280,0.00h,23.83h,slow_subsidence,moderate,"(-237.5,112.5)",0.0103,0.0108
E_slow_subsidence_0465_0099,0.00h,23.83h,slow_subsidence,moderate,"(237.5,-137.5)",0.0043,0.0045
E_slow_subsidence_0466_0020,0.00h,23.83h,slow_subsidence,moderate,"(-237.5,-212.5)",0.0001,0.0001
E_slow_subsidence_0467_0361,0.00h,23.83h,slow_subsidence,moderate,"(-212.5,212.5)",0.0005,0.0006
E_slow_subsidence_0468_0166,0.00h,23.83h,slow_subsidence,moderate,"(-87.5,-37.5)",42.8098,44.7228
E_slow_subsidence_0469_0036,0.00h,23.83h,slow_subsidence,moderate,"(162.5,-212.5)",0.0073,0.0076
E_slow_subsidence_0470_0151,0.00h,23.83h,slow_subsidence,moderate,"(37.5,-62.5)",72.0674,75.2878
E_slow_subsidence_0471_0317,0.00h,23.83h,slow_subsidence,moderate,"(187.5,137.5)",0.0826,0.0863
E_slow_subsidence_0472_0056,0.00h,23.83h,slow_subsidence,moderate,"(162.5,-187.5)",0.0292,0.0305
E_slow_subsidence_0473_0348,0.00h,23.83h,slow_subsidence,moderate,"(-37.5,187.5)",0.9392,0.9812
E_slow_subsidence_0474_0099,0.00h,23.83h,slow_subsidence,moderate,"(237.5,-137.5)",0.0043,0.0045
E_slow_subsidence_0475_0029,0.00h,23.83h,slow_subsidence,moderate,"(-12.5,-212.5)",0.2786,0.2911
E_slow_subsidence_0476_0136,0.00h,23.83h,slow_subsidence,moderate,"(162.5,-87.5)",1.3292,1.3886
E_slow_subsidence_0477_0208,0.00h,23.83h,slow_subsidence,moderate,"(-37.5,12.5)",121.3203,126.7417
E_slow_subsidence_0478_0235,0.00h,23.83h,slow_subsidence,moderate,"(137.5,37.5)",8.9734,9.3744
E_slow_subsidence_0479_0136,0.00h,23.83h,slow_subsidence,moderate,"(162.5,-87.5)",1.3292,1.3886
E_slow_subsidence_0480_0012,0.00h,23.83h,slow_subsidence,moderate,"(62.5,-237.5)",0.0347,0.0362
E_slow_subsidence_0481_0312,0.00h,23.83h,slow_subsidence,moderate,"(62.5,137.5)",6.3411,6.6244
E_slow_subsidence_0482_0339,0.00h,23.83h,slow_subsidence,moderate,"(237.5,162.5)",0.0015,0.0016
E_slow_subsidence_0483_0061,0.00h,23.83h,slow_subsidence,moderate,"(-212.5,-162.5)",0.0073,0.0076
E_slow_subsidence_0484_0394,0.00h,23.83h,slow_subsidence,moderate,"(112.5,237.5)",0.0103,0.0108
E_slow_subsidence_0485_0140,0.00h,23.83h,slow_subsidence,moderate,"(-237.5,-62.5)",0.0347,0.0362
E_slow_subsidence_0486_0361,0.00h,23.83h,slow_subsidence,moderate,"(-212.5,212.5)",0.0005,0.0006
E_slow_subsidence_0487_0245,0.00h,23.83h,slow_subsidence,moderate,"(-112.5,62.5)",15.1061,15.7812
E_slow_subsidence_0488_0151,0.00h,23.83h,slow_subsidence,moderate,"(37.5,-62.5)",72.0674,75.2878
E_slow_subsidence_0489_0189,0.00h,23.83h,slow_subsidence,moderate,"(-12.5,-12.5)",144.3218,150.771
E_slow_subsidence_0490_0397,0.00h,23.83h,slow_subsidence,moderate,"(187.5,237.5)",0.0005,0.0005
E_slow_subsidence_0491_0273,0.00h,23.83h,slow_subsidence,moderate,"(87.5,87.5)",17.9702,18.7732
E_slow_subsidence_0492_0030,0.00h,23.83h,slow_subsidence,moderate,"(12.5,-212.5)",0.2786,0.2911
E_slow_subsidence_0493_0215,0.00h,23.83h,slow_subsidence,moderate,"(137.5,12.5)",10.6747,11.1517
E_slow_subsidence_0494_0336,0.00h,23.83h,slow_subsidence,moderate,"(162.5,162.5)",0.0983,0.1027
E_slow_subsidence_0495_0236,0.00h,23.83h,slow_subsidence,moderate,"(162.5,37.5)",3.1664,3.3079
E_slow_subsidence_0496_0066,0.00h,23.83h,slow_subsidence,moderate,"(-87.5,-162.5)",1.3292,1.3886
E_slow_subsidence_0497_0102,0.00h,23.83h,slow_subsidence,moderate,"(-187.5,-112.5)",0.1969,0.2057
E_slow_subsidence_0498_0268,0.00h,23.83h,slow_subsidence,moderate,"(-37.5,87.5)",42.8098,44.7228
E_slow_subsidence_0499_0034,0.00h,23.83h,slow_subsidence,moderate,"(112.5,-212.5)",0.0491,0.0513
E_slow_subsidence_0500_0347,0.00h,23.83h,slow_subsidence,moderate,"(-62.5,187.5)",0.6637,0.6934
E_slow_subsidence_0501_0223,0.00h,23.83h,slow_subsidence,moderate,"(-162.5,37.5)",3.1664,3.3079
E_slow_subsidence_0502_0334,0.00h,23.83h,slow_subsidence,moderate,"(112.5,162.5)",0.6637,0.6934
E_slow_subsidence_0503_0335,0.00h,23.83h,slow_subsidence,moderate,"(137.5,162.5)",0.2786,0.2911
E_slow_subsidence_0504_0359,0.00h,23.83h,slow_subsidence,moderate,"(237.5,187.5)",0.0005,0.0005
E_slow_subsidence_0505_0151,0.00h,23.83h,slow_subsidence,moderate,"(37.5,-62.5)",72.0674,75.2878
E_slow_subsidence_0506_0009,0.00h,23.83h,slow_subsidence,moderate,"(-12.5,-237.5)",0.0584,0.061
E_slow_subsidence_0507_0205,0.00h,23.83h,slow_subsidence,moderate,"(-112.5,12.5)",25.4301,26.5665
E_slow_subsidence_0508_0328,0.00h,23.83h,slow_subsidence,moderate,"(-37.5,162.5)",3.1664,3.3079
E_slow_subsidence_0509_0086,0.00h,23.83h,slow_subsidence,moderate,"(-87.5,-137.5)",3.7667,3.9351
E_slow_subsidence_0510_0037,0.00h,23.83h,slow_subsidence,moderate,"(187.5,-212.5)",0.0022,0.0023
E_slow_subsidence_0511_0122,0.00h,23.83h,slow_subsidence,moderate,"(-187.5,-87.5)",0.3943,0.4119
E_slow_subsidence_0512_0117,0.00h,23.83h,slow_subsidence,moderate,"(187.5,-112.5)",0.1969,0.2057
E_slow_subsidence_0513_0113,0.00h,23.83h,slow_subsidence,moderate,"(87.5,-112.5)",8.9734,9.3744
E_slow_subsidence_0514_0163,0.00h,23.83h,slow_subsidence,moderate,"(-162.5,-37.5)",3.1664,3.3079
E_slow_subsidence_0515_0295,0.00h,23.83h,slow_subsidence,moderate,"(137.5,112.5)",1.8809,1.965
E_slow_subsidence_0516_0227,0.00h,23.83h,slow_subsidence,moderate,"(-62.5,37.5)",72.0674,75.2878
E_slow_subsidence_0517_0250,0.00h,23.83h,slow_subsidence,moderate,"(12.5,62.5)",85.7308,89.5618
E_slow_subsidence_0518_0359,0.00h,23.83h,slow_subsidence,moderate,"(237.5,187.5)",0.0005,0.0005
E_slow_subsidence_0519_0359,0.00h,23.83h,slow_subsidence,moderate,"(237.5,187.5)",0.0005,0.0005
E_slow_subsidence_0520_0361,0.00h,23.83h,slow_subsidence,moderate,"(-212.5,212.5)",0.0005,0.0006
E_slow_subsidence_0521_0172,0.00h,23.83h,slow_subsidence,moderate,"(62.5,-37.5)",72.0674,75.2878
E_slow_subsidence_0522_0198,0.00h,23.83h,slow_subsidence,moderate,"(212.5,-12.5)",0.2786,0.2911
E_slow_subsidence_0523_0156,0.00h,23.83h,slow_subsidence,moderate,"(162.5,-62.5)",2.2375,2.3375
E_slow_subsidence_0524_0043,0.00h,23.83h,slow_subsidence,moderate,"(-162.5,-187.5)",0.0292,0.0305
E_slow_subsidence_0525_0354,0.00h,23.83h,slow_subsidence,moderate,"(112.5,187.5)",0.1969,0.2057
E_slow_subsidence_0526_0240,0.00h,23.83h,slow_subsidence,moderate,"(-237.5,62.5)",0.0347,0.0362
E_slow_subsidence_0527_0193,0.00h,23.83h,slow_subsidence,moderate,"(87.5,-12.5)",50.9263,53.202
E_slow_subsidence_0528_0212,0.00h,23.83h,slow_subsidence,moderate,"(62.5,12.5)",85.7308,89.5618
E_slow_subsidence_0529_0097,0.00h,23.83h,slow_subsidence,moderate,"(187.5,-137.5)",0.0826,0.0863
E_slow_subsidence_0530_0300,0.00h,23.83h,slow_subsidence,moderate,"(-237.5,137.5)",0.0043,0.0045
E_slow_subsidence_0531_0007,0.00h,23.83h,slow_subsidence,moderate,"(-62.5,-237.5)",0.0347,0.0362
E_slow_subsidence_0532_0344,0.00h,23.83h,slow_subsidence,moderate,"(-137.5,187.5)",0.0826,0.0863
E_slow_subsidence_0533_0390,0.00h,23.83h,slow_subsidence,moderate,"(12.5,237.5)",0.0584,0.061
E_slow_subsidence_0534_0325,0.00h,23.83h,slow_subsidence,moderate,"(-112.5,162.5)",0.6637,0.6934
E_slow_subsidence_0535_0162,0.00h,23.83h,slow_subsidence,moderate,"(-187.5,-37.5)",0.9392,0.9812
E_slow_subsidence_0536_0280,0.00h,23.83h,slow_subsidence,moderate,"(-237.5,112.5)",0.0103,0.0108
E_slow_subsidence_0537_0321,0.00h,23.83h,slow_subsidence,moderate,"(-212.5,162.5)",0.0073,0.0076
E_slow_subsidence_0538_0046,0.00h,23.83h,slow_subsidence,moderate,"(-87.5,-187.5)",0.3943,0.4119
E_slow_subsidence_0539_0251,0.00h,23.83h,slow_subsidence,moderate,"(37.5,62.5)",72.0674,75.2878
E_slow_subsidence_0540_0154,0.00h,23.83h,slow_subsidence,moderate,"(112.5,-62.5)",15.1061,15.7812
E_slow_subsidence_0541_0075,0.00h,23.83h,slow_subsidence,moderate,"(137.5,-162.5)",0.2786,0.2911
E_slow_subsidence_0542_0231,0.00h,23.83h,slow_subsidence,moderate,"(37.5,37.5)",101.9848,106.5421
E_slow_subsidence_0543_0199,0.00h,23.83h,slow_subsidence,moderate,"(237.5,-12.5)",0.0584,0.061
E_slow_subsidence_0544_0124,0.00h,23.83h,slow_subsidence,moderate,"(-137.5,-87.5)",3.7667,3.9351
E_slow_subsidence_0545_0391,0.00h,23.83h,slow_subsidence,moderate,"(37.5,237.5)",0.0491,0.0513
E_slow_subsidence_0546_0168,0.00h,23.83h,slow_subsidence,moderate,"(-37.5,-37.5)",101.9848,106.5421
E_slow_subsidence_0547_0237,0.00h,23.83h,slow_subsidence,moderate,"(187.5,37.5)",0.9392,0.9812
E_slow_subsidence_0548_0229,0.00h,23.83h,slow_subsidence,moderate,"(-12.5,37.5)",121.3203,126.7417
E_slow_subsidence_0549_0035,0.00h,23.83h,slow_subsidence,moderate,"(137.5,-212.5)",0.0206,0.0215
E_slow_subsidence_0550_0109,0.00h,23.83h,slow_subsidence,moderate,"(-12.5,-112.5)",25.4301,26.5665
E_slow_subsidence_0551_0357,0.00h,23.83h,slow_subsidence,moderate,"(187.5,187.5)",0.0087,0.009
E_slow_subsidence_0552_0270,0.00h,23.83h,slow_subsidence,moderate,"(12.5,87.5)",50.9263,53.202
E_slow_subsidence_0553_0236,0.00h,23.83h,slow_subsidence,moderate,"(162.5,37.5)",3.1664,3.3079
E_slow_subsidence_0554_0026,0.00h,23.83h,slow_subsidence,moderate,"(-87.5,-212.5)",0.0983,0.1027
E_slow_subsidence_0555_0132,0.00h,23.83h,slow_subsidence,moderate,"(62.5,-87.5)",30.2515,31.6033
E_slow_subsidence_0556_0208,0.00h,23.83h,slow_subsidence,moderate,"(-37.5,12.5)",121.3203,126.7417
E_slow_subsidence_0557_0344,0.00h,23.83h,slow_subsidence,moderate,"(-137.5,187.5)",0.0826,0.0863
E_slow_subsidence_0558_0012,0.00h,23.83h,slow_subsidence,moderate,"(62.5,-237.5)",0.0347,0.0362
E_slow_subsidence_0559_0325,0.00h,23.83h,slow_subsidence,moderate,"(-112.5,162.5)",0.6637,0.6934
E_slow_subsidence_0560_0104,0.00h,23.83h,slow_subsidence,moderate,"(-137.5,-112.5)",1.8809,1.965
E_slow_subsidence_0561_0011,0.00h,23.83h,slow_subsidence,moderate,"(37.5,-237.5)",0.0491,0.0513
E_slow_subsidence_0562_0217,0.00h,23.83h,slow_subsidence,moderate,"(187.5,12.5)",1.1173,1.1673
E_slow_subsidence_0563_0143,0.00h,23.83h,slow_subsidence,moderate,"(-162.5,-62.5)",2.2375,2.3375
E_slow_subsidence_0564_0301,0.00h,23.83h,slow_subsidence,moderate,"(-212.5,137.5)",0.0206,0.0215
E_slow_subsidence_0565_0383,0.00h,23.83h,slow_subsidence,moderate,"(-162.5,237.5)",0.0015,0.0016
E_slow_subsidence_0566_0068,0.00h,23.83h,slow_subsidence,moderate,"(-37.5,-162.5)",3.1664,3.3079
E_slow_subsidence_0567_0317,0.00h,23.83h,slow_subsidence,moderate,"(187.5,137.5)",0.0826,0.0863
E_slow_subsidence_0568_0201,0.00h,23.83h,slow_subsidence,moderate,"(-212.5,12.5)",0.2786,0.2911
E_slow_subsidence_0569_0057,0.00h,23.83h,slow_subsidence,moderate,"(187.5,-187.5)",0.0087,0.009
E_slow_subsidence_0570_0179,0.00h,23.83h,slow_subsidence,moderate,"(237.5,-37.5)",0.0491,0.0513
E_slow_subsidence_0571_0037,0.00h,23.83h,slow_subsidence,moderate,"(187.5,-212.5)",0.0022,0.0023
E_slow_subsidence_0572_0384,0.00h,23.83h,slow_subsidence,moderate,"(-137.5,237.5)",0.0043,0.0045
E_slow_subsidence_0573_0139,0.00h,23.83h,slow_subsidence,moderate,"(237.5,-87.5)",0.0206,0.0215
E_slow_subsidence_0574_0256,0.00h,23.83h,slow_subsidence,moderate,"(162.5,62.5)",2.2375,2.3375
E_slow_subsidence_0575_0303,0.00h,23.83h,slow_subsidence,moderate,"(-162.5,137.5)",0.2786,0.2911
E_slow_subsidence_0576_0303,0.00h,23.83h,slow_subsidence,moderate,"(-162.5,137.5)",0.2786,0.2911
E_slow_subsidence_0577_0375,0.00h,23.83h,slow_subsidence,moderate,"(137.5,212.5)",0.0206,0.0215
E_slow_subsidence_0578_0155,0.00h,23.83h,slow_subsidence,moderate,"(137.5,-62.5)",6.3411,6.6244
E_slow_subsidence_0579_0378,0.00h,23.83h,slow_subsidence,moderate,"(212.5,212.5)",0.0005,0.0006
E_slow_subsidence_0580_0307,0.00h,23.83h,slow_subsidence,moderate,"(-62.5,137.5)",6.3411,6.6244
E_slow_subsidence_0581_0045,0.00h,23.83h,slow_subsidence,moderate,"(-112.5,-187.5)",0.1969,0.2057
E_slow_subsidence_0582_0031,0.00h,23.83h,slow_subsidence,moderate,"(37.5,-212.5)",0.2342,0.2447
E_slow_subsidence_0583_0383,0.00h,23.83h,slow_subsidence,moderate,"(-162.5,237.5)",0.0015,0.0016
E_slow_subsidence_0584_0287,0.00h,23.83h,slow_subsidence,moderate,"(-62.5,112.5)",15.1061,15.7812
E_slow_subsidence_0585_0007,0.00h,23.83h,slow_subsidence,moderate,"(-62.5,-237.5)",0.0347,0.0362
E_slow_subsidence_0586_0291,0.00h,23.83h,slow_subsidence,moderate,"(37.5,112.5)",21.3772,22.3324
E_slow_subsidence_0587_0096,0.00h,23.83h,slow_subsidence,moderate,"(162.5,-137.5)",0.2786,0.2911
E_slow_subsidence_0588_0176,0.00h,23.83h,slow_subsidence,moderate,"(162.5,-37.5)",3.1664,3.3079
E_slow_subsidence_0589_0143,0.00h,23.83h,slow_subsidence,moderate,"(-162.5,-62.5)",2.2375,2.3375
E_slow_subsidence_0590_0278,0.00h,23.83h,slow_subsidence,moderate,"(212.5,87.5)",0.0983,0.1027
E_slow_subsidence_0591_0074,0.00h,23.83h,slow_subsidence,moderate,"(112.5,-162.5)",0.6637,0.6934
E_slow_subsidence_0592_0367,0.00h,23.83h,slow_subsidence,moderate,"(-62.5,212.5)",0.1655,0.1729
E_slow_subsidence_0593_0190,0.00h,23.83h,slow_subsidence,moderate,"(12.5,-12.5)",144.3218,150.771
E_slow_subsidence_0594_0061,0.00h,23.83h,slow_subsidence,moderate,"(-212.5,-162.5)",0.0073,0.0076
E_slow_subsidence_0595_0155,0.00h,23.83h,slow_subsidence,moderate,"(137.5,-62.5)",6.3411,6.6244
E_slow_subsidence_0596_0347,0.00h,23.83h,slow_subsidence,moderate,"(-62.5,187.5)",0.6637,0.6934
E_slow_subsidence_0597_0351,0.00h,23.83h,slow_subsidence,moderate,"(37.5,187.5)",0.9392,0.9812
E_slow_subsidence_0598_0242,0.00h,23.83h,slow_subsidence,moderate,"(-187.5,62.5)",0.6637,0.6934
E_slow_subsidence_0599_0248,0.00h,23.83h,slow_subsidence,moderate,"(-37.5,62.5)",72.0674,75.2878
E_slow_subsidence_0600_0152,0.00h,23.83h,slow_subsidence,moderate,"(62.5,-62.5)",50.9263,53.202
E_slow_subsidence_0601_0327,0.00h,23.83h,slow_subsidence,moderate,"(-62.5,162.5)",2.2375,2.3375
E_slow_subsidence_0602_0302,0.00h,23.83h,slow_subsidence,moderate,"(-187.5,137.5)",0.0826,0.0863
E_slow_subsidence_0603_0268,0.00h,23.83h,slow_subsidence,moderate,"(-37.5,87.5)",42.8098,44.7228
E_slow_subsidence_0604_0103,0.00h,23.83h,slow_subsidence,moderate,"(-162.5,-112.5)",0.6637,0.6934
E_slow_subsidence_0605_0033,0.00h,23.83h,slow_subsidence,moderate,"(87.5,-212.5)",0.0983,0.1027
E_slow_subsidence_0606_0059,0.00h,23.83h,slow_subsidence,moderate,"(237.5,-187.5)",0.0005,0.0005
E_slow_subsidence_0607_0051,0.00h,23.83h,slow_subsidence,moderate,"(37.5,-187.5)",0.9392,0.9812
E_slow_subsidence_0608_0085,0.00h,23.83h,slow_subsidence,moderate,"(-112.5,-137.5)",1.8809,1.965
E_slow_subsidence_0609_0387,0.00h,23.83h,slow_subsidence,moderate,"(-62.5,237.5)",0.0347,0.0362
E_slow_subsidence_0610_0399,0.00h,23.83h,slow_subsidence,moderate,"(237.5,237.5)",0.0,0.0
E_slow_subsidence_0611_0250,0.00h,23.83h,slow_subsidence,moderate,"(12.5,62.5)",85.7308,89.5618
E_slow_subsidence_0612_0241,0.00h,23.83h,slow_subsidence,moderate,"(-212.5,62.5)",0.1655,0.1729
E_slow_subsidence_0613_0114,0.00h,23.83h,slow_subsidence,moderate,"(112.5,-112.5)",4.4809,4.6811
E_slow_subsidence_0614_0087,0.00h,23.83h,slow_subsidence,moderate,"(-62.5,-137.5)",6.3411,6.6244
E_slow_subsidence_0615_0386,0.00h,23.83h,slow_subsidence,moderate,"(-87.5,237.5)",0.0206,0.0215
E_slow_subsidence_0616_0186,0.00h,23.83h,slow_subsidence,moderate,"(-87.5,-12.5)",50.9263,53.202
E_slow_subsidence_0617_0016,0.00h,23.83h,slow_subsidence,moderate,"(162.5,-237.5)",0.0015,0.0016
E_slow_subsidence_0618_0159,0.00h,23.83h,slow_subsidence,moderate,"(237.5,-62.5)",0.0347,0.0362
E_slow_subsidence_0619_0132,0.00h,23.83h,slow_subsidence,moderate,"(62.5,-87.5)",30.2515,31.6033
E_slow_subsidence_0620_0323,0.00h,23.83h,slow_subsidence,moderate,"(-162.5,162.5)",0.0983,0.1027
E_slow_subsidence_0621_0268,0.00h,23.83h,slow_subsidence,moderate,"(-37.5,87.5)",42.8098,44.7228
E_slow_subsidence_0622_0389,0.00h,23.83h,slow_subsidence,moderate,"(-12.5,237.5)",0.0584,0.061
E_slow_subsidence_0623_0273,0.00h,23.83h,slow_subsidence,moderate,"(87.5,87.5)",17.9702,18.7732
E_slow_subsidence_0624_0027,0.00h,23.83h,slow_subsidence,moderate,"(-62.5,-212.5)",0.1655,0.1729
E_accelerating_subsidence_0000_0153,0.00h,23.83h,accelerating_subsidence,moderate,"(87.5,-62.5)",421.4874,677.6697
E_accelerating_subsidence_0001_0164,0.00h,23.83h,accelerating_subsidence,moderate,"(-137.5,-37.5)",125.0248,201.0156
E_accelerating_subsidence_0002_0377,0.00h,23.83h,accelerating_subsidence,moderate,"(187.5,212.5)",0.0301,0.0483
E_accelerating_subsidence_0003_0117,0.00h,23.83h,accelerating_subsidence,moderate,"(187.5,-112.5)",2.743,4.4103
E_accelerating_subsidence_0004_0351,0.00h,23.83h,accelerating_subsidence,moderate,"(37.5,187.5)",13.0863,21.0403
E_accelerating_subsidence_0005_0213,0.00h,23.83h,accelerating_subsidence,moderate,"(87.5,12.5)",709.5445,1140.8095
E_accelerating_subsidence_0006_0300,0.00h,23.83h,accelerating_subsidence,moderate,"(-237.5,137.5)",0.0602,0.0968
E_accelerating_subsidence_0007_0295,0.00h,23.83h,accelerating_subsidence,moderate,"(137.5,112.5)",26.2066,42.1351
E_accelerating_subsidence_0008_0382,0.00h,23.83h,accelerating_subsidence,moderate,"(-187.5,237.5)",0.0063,0.0101
E_accelerating_subsidence_0009_0091,0.00h,23.83h,accelerating_subsidence,moderate,"(37.5,-137.5)",125.0248,201.0156
E_accelerating_subsidence_0010_0200,0.00h,23.83h,accelerating_subsidence,moderate,"(-237.5,12.5)",0.8137,1.3082
E_accelerating_subsidence_0011_0178,0.00h,23.83h,accelerating_subsidence,moderate,"(212.5,-37.5)",3.2631,5.2464
E_accelerating_subsidence_0012_0233,0.00h,23.83h,accelerating_subsidence,moderate,"(87.5,37.5)",596.4599,958.9916
E_accelerating_subsidence_0013_0298,0.00h,23.83h,accelerating_subsidence,moderate,"(212.5,112.5)",0.684,1.0997
E_accelerating_subsidence_0014_0112,0.00h,23.83h,accelerating_subsidence,moderate,"(62.5,-112.5)",210.4705,338.3956
E_accelerating_subsidence_0015_0395,0.00h,23.83h,accelerating_subsidence,moderate,"(137.5,237.5)",0.0602,0.0968
E_accelerating_subsidence_0016_0337,0.00h,23.83h,accelerating_subsidence,moderate,"(187.5,162.5)",0.4063,0.6533
E_accelerating_subsidence_0017_0139,0.00h,23.83h,accelerating_subsidence,moderate,"(237.5,-87.5)",0.2871,0.4616
E_accelerating_subsidence_0018_0160,0.00h,23.83h,accelerating_subsidence,moderate,"(-237.5,-37.5)",0.684,1.0997
E_accelerating_subsidence_0019_0306,0.00h,23.83h,accelerating_subsidence,moderate,"(-87.5,137.5)",52.4813,84.3797
E_accelerating_subsidence_0020_0364,0.00h,23.83h,accelerating_subsidence,moderate,"(-137.5,212.5)",0.2871,0.4616
E_accelerating_subsidence_0021_0045,0.00h,23.83h,accelerating_subsidence,moderate,"(-112.5,-187.5)",2.743,4.4103
E_accelerating_subsidence_0022_0194,0.00h,23.83h,accelerating_subsidence,moderate,"(112.5,-12.5)",354.3123,569.6653
E_accelerating_subsidence_0023_0385,0.00h,23.83h,accelerating_subsidence,moderate,"(-112.5,237.5)",0.1434,0.2305
E_accelerating_subsidence_0024_0092,0.00h,23.83h,accelerating_subsidence,moderate,"(62.5,-137.5)",88.3486,142.0473
E_accelerating_subsidence_0025_0316,0.00h,23.83h,accelerating_subsidence,moderate,"(162.5,137.5)",3.8818,6.2411
E_accelerating_subsidence_0026_0149,0.00h,23.83h,accelerating_subsidence,moderate,"(-12.5,-62.5)",1194.4684,1920.4729
E_accelerating_subsidence_0027_0073,0.00h,23.83h,accelerating_subsidence,moderate,"(87.5,-162.5)",18.5189,29.7747
E_accelerating_subsidence_0028_0041,0.00h,23.83h,accelerating_subsidence,moderate,"(-212.5,-187.5)",0.0301,0.0483
E_accelerating_subsidence_0029_0382,0.00h,23.83h,accelerating_subsidence,moderate,"(-187.5,237.5)",0.0063,0.0101
E_accelerating_subsidence_0030_0380,0.00h,23.83h,accelerating_subsidence,moderate,"(-237.5,237.5)",0.0003,0.0005
E_accelerating_subsidence_0031_0250,0.00h,23.83h,accelerating_subsidence,moderate,"(12.5,62.5)",1194.4684,1920.4729
E_accelerating_subsidence_0032_0365,0.00h,23.83h,accelerating_subsidence,moderate,"(-112.5,212.5)",0.684,1.0997
E_accelerating_subsidence_0033_0054,0.00h,23.83h,accelerating_subsidence,moderate,"(112.5,-187.5)",2.743,4.4103
E_accelerating_subsidence_0034_0337,0.00h,23.83h,accelerating_subsidence,moderate,"(187.5,162.5)",0.4063,0.6533
E_accelerating_subsidence_0035_0227,0.00h,23.83h,accelerating_subsidence,moderate,"(-62.5,37.5)",1004.0985,1614.3951
E_accelerating_subsidence_0036_0339,0.00h,23.83h,accelerating_subsidence,moderate,"(237.5,162.5)",0.0212,0.0341
E_accelerating_subsidence_0037_0375,0.00h,23.83h,accelerating_subsidence,moderate,"(137.5,212.5)",0.2871,0.4616
E_accelerating_subsidence_0038_0059,0.00h,23.83h,accelerating_subsidence,moderate,"(237.5,-187.5)",0.0063,0.0101
E_accelerating_subsidence_0039_0156,0.00h,23.83h,accelerating_subsidence,moderate,"(162.5,-62.5)",31.1752,50.1237
E_accelerating_subsidence_0040_0130,0.00h,23.83h,accelerating_subsidence,moderate,"(12.5,-87.5)",709.5445,1140.8095
E_accelerating_subsidence_0041_0028,0.00h,23.83h,accelerating_subsidence,moderate,"(-37.5,-212.5)",3.2631,5.2464
E_accelerating_subsidence_0042_0154,0.00h,23.83h,accelerating_subsidence,moderate,"(112.5,-62.5)",210.4705,338.3956
E_accelerating_subsidence_0043_0089,0.00h,23.83h,accelerating_subsidence,moderate,"(-12.5,-137.5)",148.7286,239.1267
E_accelerating_subsidence_0044_0142,0.00h,23.83h,accelerating_subsidence,moderate,"(-187.5,-62.5)",9.2474,14.8681
E_accelerating_subsidence_0045_0358,0.00h,23.83h,accelerating_subsidence,moderate,"(212.5,187.5)",0.0301,0.0483
E_accelerating_subsidence_0046_0013,0.00h,23.83h,accelerating_subsidence,moderate,"(87.5,-237.5)",0.2871,0.4616
E_accelerating_subsidence_0047_0293,0.00h,23.83h,accelerating_subsidence,moderate,"(87.5,112.5)",125.0248,201.0156
E_accelerating_subsidence_0048_0096,0.00h,23.83h,accelerating_subsidence,moderate,"(162.5,-137.5)",3.8818,6.2411
E_accelerating_subsidence_0049_0043,0.00h,23.83h,accelerating_subsidence,moderate,"(-162.5,-187.5)",0.4063,0.6533
E_accelerating_subsidence_0050_0151,0.00h,23.83h,accelerating_subsidence,moderate,"(37.5,-62.5)",1004.0985,1614.3951
E_accelerating_subsidence_0051_0318,0.00h,23.83h,accelerating_subsidence,moderate,"(212.5,137.5)",0.2871,0.4616
E_accelerating_subsidence_0052_0120,0.00h,23.83h,accelerating_subsidence,moderate,"(-237.5,-87.5)",0.2871,0.4616
E_accelerating_subsidence_0053_0281,0.00h,23.83h,accelerating_subsidence,moderate,"(-212.5,112.5)",0.684,1.0997
E_accelerating_subsidence_0054_0162,0.00h,23.83h,accelerating_subsidence,moderate,"(-187.5,-37.5)",13.0863,21.0403
E_accelerating_subsidence_0055_0039,0.00h,23.83h,accelerating_subsidence,moderate,"(237.5,-212.5)",0.0016,0.0025
E_accelerating_subsidence_0056_0371,0.00h,23.83h,accelerating_subsidence,moderate,"(37.5,212.5)",3.2631,5.2464
E_accelerating_subsidence_0057_0183,0.00h,23.83h,accelerating_subsidence,moderate,"(-162.5,-12.5)",52.4813,84.3797
E_accelerating_subsidence_0058_0003,0.00h,23.83h,accelerating_subsidence,moderate,"(-162.5,-237.5)",0.0212,0.0341
E_accelerating_subsidence_0059_0076,0.00h,23.83h,accelerating_subsidence,moderate,"(162.5,-162.5)",1.3697,2.2023
E_accelerating_subsidence_0060_0013,0.00h,23.83h,accelerating_subsidence,moderate,"(87.5,-237.5)",0.2871,0.4616
E_accelerating_subsidence_0061_0371,0.00h,23.83h,accelerating_subsidence,moderate,"(37.5,212.5)",3.2631,5.2464
E_accelerating_subsidence_0062_0284,0.00h,23.83h,accelerating_subsidence,moderate,"(-137.5,112.5)",26.2066,42.1351
E_accelerating_subsidence_0063_0229,0.00h,23.83h,accelerating_subsidence,moderate,"(-12.5,37.5)",1690.3295,2717.7211
E_accelerating_subsidence_0064_0334,0.00h,23.83h,accelerating_subsidence,moderate,"(112.5,162.5)",9.2474,14.8681
E_accelerating_subsidence_0065_0002,0.00h,23.83h,accelerating_subsidence,moderate,"(-187.5,-237.5)",0.0063,0.0101
E_accelerating_subsidence_0066_0365,0.00h,23.83h,accelerating_subsidence,moderate,"(-112.5,212.5)",0.684,1.0997
E_accelerating_subsidence_0067_0062,0.00h,23.83h,accelerating_subsidence,moderate,"(-187.5,-162.5)",0.4063,0.6533
E_accelerating_subsidence_0068_0353,0.00h,23.83h,accelerating_subsidence,moderate,"(87.5,187.5)",5.4932,8.832
E_accelerating_subsidence_0069_0230,0.00h,23.83h,accelerating_subsidence,moderate,"(12.5,37.5)",1690.3295,2717.7211
E_accelerating_subsidence_0070_0058,0.00h,23.83h,accelerating_subsidence,moderate,"(212.5,-187.5)",0.0301,0.0483
E_accelerating_subsidence_0071_0287,0.00h,23.83h,accelerating_subsidence,moderate,"(-62.5,112.5)",210.4705,338.3956
E_accelerating_subsidence_0072_0134,0.00h,23.83h,accelerating_subsidence,moderate,"(112.5,-87.5)",125.0248,201.0156
E_accelerating_subsidence_0073_0318,0.00h,23.83h,accelerating_subsidence,moderate,"(212.5,137.5)",0.2871,0.4616
E_accelerating_subsidence_0074_0276,0.00h,23.83h,accelerating_subsidence,moderate,"(162.5,87.5)",18.5189,29.7747
E_accelerating_subsidence_0075_0156,0.00h,23.83h,accelerating_subsidence,moderate,"(162.5,-62.5)",31.1752,50.1237
E_accelerating_subsidence_0076_0373,0.00h,23.83h,accelerating_subsidence,moderate,"(87.5,212.5)",1.3697,2.2023
E_accelerating_subsidence_0077_0320,0.00h,23.83h,accelerating_subsidence,moderate,"(-237.5,162.5)",0.0212,0.0341
E_accelerating_subsidence_0078_0250,0.00h,23.83h,accelerating_subsidence,moderate,"(12.5,62.5)",1194.4684,1920.4729
E_accelerating_subsidence_0079_0093,0.00h,23.83h,accelerating_subsidence,moderate,"(87.5,-137.5)",52.4813,84.3797
E_accelerating_subsidence_0080_0323,0.00h,23.83h,accelerating_subsidence,moderate,"(-162.5,162.5)",1.3697,2.2023
E_accelerating_subsidence_0081_0143,0.00h,23.83h,accelerating_subsidence,moderate,"(-162.5,-62.5)",31.1752,50.1237
E_accelerating_subsidence_0082_0142,0.00h,23.83h,accelerating_subsidence,moderate,"(-187.5,-62.5)",9.2474,14.8681
E_accelerating_subsidence_0083_0295,0.00h,23.83h,accelerating_subsidence,moderate,"(137.5,112.5)",26.2066,42.1351
E_accelerating_subsidence_0084_0211,0.00h,23.83h,accelerating_subsidence,moderate,"(37.5,12.5)",1690.3295,2717.7211
E_accelerating_subsidence_0085_0052,0.00h,23.83h,accelerating_subsidence,moderate,"(62.5,-187.5)",9.2474,14.8681
E_accelerating_subsidence_0086_0389,0.00h,23.83h,accelerating_subsidence,moderate,"(-12.5,237.5)",0.8137,1.3082
E_accelerating_subsidence_0087_0041,0.00h,23.83h,accelerating_subsidence,moderate,"(-212.5,-187.5)",0.0301,0.0483
E_accelerating_subsidence_0088_0184,0.00h,23.83h,accelerating_subsidence,moderate,"(-137.5,-12.5)",148.7286,239.1267
E_accelerating_subsidence_0089_0067,0.00h,23.83h,accelerating_subsidence,moderate,"(-62.5,-162.5)",31.1752,50.1237
E_accelerating_subsidence_0090_0164,0.00h,23.83h,accelerating_subsidence,moderate,"(-137.5,-37.5)",125.0248,201.0156
E_accelerating_subsidence_0091_0051,0.00h,23.83h,accelerating_subsidence,moderate,"(37.5,-187.5)",13.0863,21.0403
E_accelerating_subsidence_0092_0124,0.00h,23.83h,accelerating_subsidence,moderate,"(-137.5,-87.5)",52.4813,84.3797
E_accelerating_subsidence_0093_0128,0.00h,23.83h,accelerating_subsidence,moderate,"(-37.5,-87.5)",596.4599,958.9916
E_accelerating_subsidence_0094_0125,0.00h,23.83h,accelerating_subsidence,moderate,"(-112.5,-87.5)",125.0248,201.0156
E_accelerating_subsidence_0095_0327,0.00h,23.83h,accelerating_subsidence,moderate,"(-62.5,162.5)",31.1752,50.1237
E_accelerating_subsidence_0096_0346,0.00h,23.83h,accelerating_subsidence,moderate,"(-87.5,187.5)",5.4932,8.832
E_accelerating_subsidence_0097_0354,0.00h,23.83h,accelerating_subsidence,moderate,"(112.5,187.5)",2.743,4.4103
E_accelerating_subsidence_0098_0007,0.00h,23.83h,accelerating_subsidence,moderate,"(-62.5,-237.5)",0.4833,0.7771
E_accelerating_subsidence_0099_0144,0.00h,23.83h,accelerating_subsidence,moderate,"(-137.5,-62.5)",88.3486,142.0473
E_accelerating_subsidence_0100_0295,0.00h,23.83h,accelerating_subsidence,moderate,"(137.5,112.5)",26.2066,42.1351
E_accelerating_subsidence_0101_0196,0.00h,23.83h,accelerating_subsidence,moderate,"(162.5,-12.5)",52.4813,84.3797
E_accelerating_subsidence_0102_0297,0.00h,23.83h,accelerating_subsidence,moderate,"(187.5,112.5)",2.743,4.4103
E_accelerating_subsidence_0103_0268,0.00h,23.83h,accelerating_subsidence,moderate,"(-37.5,87.5)",596.4599,958.9916
E_accelerating_subsidence_0104_0099,0.00h,23.83h,accelerating_subsidence,moderate,"(237.5,-137.5)",0.0602,0.0968
E_accelerating_subsidence_0105_0141,0.00h,23.83h,accelerating_subsidence,moderate,"(-212.5,-62.5)",2.3059,3.7074
E_accelerating_subsidence_0106_0114,0.00h,23.83h,accelerating_subsidence,moderate,"(112.5,-112.5)",62.4314,100.3775
E_accelerating_subsidence_0107_0283,0.00h,23.83h,accelerating_subsidence,moderate,"(-162.5,112.5)",9.2474,14.8681
E_accelerating_subsidence_0108_0391,0.00h,23.83h,accelerating_subsidence,moderate,"(37.5,237.5)",0.684,1.0997
E_accelerating_subsidence_0109_0130,0.00h,23.83h,accelerating_subsidence,moderate,"(12.5,-87.5)",709.5445,1140.8095
E_accelerating_subsidence_0110_0204,0.00h,23.83h,accelerating_subsidence,moderate,"(-137.5,12.5)",148.7286,239.1267
E_accelerating_subsidence_0111_0052,0.00h,23.83h,accelerating_subsidence,moderate,"(62.5,-187.5)",9.2474,14.8681
E_accelerating_subsidence_0112_0299,0.00h,23.83h,accelerating_subsidence,moderate,"(237.5,112.5)",0.1434,0.2305
E_accelerating_subsidence_0113_0222,0.00h,23.83h,accelerating_subsidence,moderate,"(-187.5,37.5)",13.0863,21.0403
E_accelerating_subsidence_0114_0136,0.00h,23.83h,accelerating_subsidence,moderate,"(162.5,-87.5)",18.5189,29.7747
E_accelerating_subsidence_0115_0198,0.00h,23.83h,accelerating_subsidence,moderate,"(212.5,-12.5)",3.8818,6.2411
E_accelerating_subsidence_0116_0097,0.00h,23.83h,accelerating_subsidence,moderate,"(187.5,-137.5)",1.1514,1.8513
E_accelerating_subsidence_0117_0271,0.00h,23.83h,accelerating_subsidence,moderate,"(37.5,87.5)",596.4599,958.9916
E_accelerating_subsidence_0118_0346,0.00h,23.83h,accelerating_subsidence,moderate,"(-87.5,187.5)",5.4932,8.832
E_accelerating_subsidence_0119_0339,0.00h,23.83h,accelerating_subsidence,moderate,"(237.5,162.5)",0.0212,0.0341
E_accelerating_subsidence_0120_0371,0.00h,23.83h,accelerating_subsidence,moderate,"(37.5,212.5)",3.2631,5.2464
E_accelerating_subsidence_0121_0251,0.00h,23.83h,accelerating_subsidence,moderate,"(37.5,62.5)",1004.0985,1614.3951
E_accelerating_subsidence_0122_0229,0.00h,23.83h,accelerating_subsidence,moderate,"(-12.5,37.5)",1690.3295,2717.7211
E_accelerating_subsidence_0123_0002,0.00h,23.83h,accelerating_subsidence,moderate,"(-187.5,-237.5)",0.0063,0.0101
E_accelerating_subsidence_0124_0151,0.00h,23.83h,accelerating_subsidence,moderate,"(37.5,-62.5)",1004.0985,1614.3951
E_accelerating_subsidence_0125_0196,0.00h,23.83h,accelerating_subsidence,moderate,"(162.5,-12.5)",52.4813,84.3797
E_accelerating_subsidence_0126_0060,0.00h,23.83h,accelerating_subsidence,moderate,"(-237.5,-162.5)",0.0212,0.0341
E_accelerating_subsidence_0127_0219,0.00h,23.83h,accelerating_subsidence,moderate,"(237.5,12.5)",0.8137,1.3082
E_accelerating_subsidence_0128_0007,0.00h,23.83h,accelerating_subsidence,moderate,"(-62.5,-237.5)",0.4833,0.7771
E_accelerating_subsidence_0129_0123,0.00h,23.83h,accelerating_subsidence,moderate,"(-162.5,-87.5)",18.5189,29.7747
E_accelerating_subsidence_0130_0160,0.00h,23.83h,accelerating_subsidence,moderate,"(-237.5,-37.5)",0.684,1.0997
E_accelerating_subsidence_0131_0194,0.00h,23.83h,accelerating_subsidence,moderate,"(112.5,-12.5)",354.3123,569.6653
E_accelerating_subsidence_0132_0322,0.00h,23.83h,accelerating_subsidence,moderate,"(-187.5,162.5)",0.4063,0.6533
E_accelerating_subsidence_0133_0356,0.00h,23.83h,accelerating_subsidence,moderate,"(162.5,187.5)",0.4063,0.6533
E_accelerating_subsidence_0134_0073,0.00h,23.83h,accelerating_subsidence,moderate,"(87.5,-162.5)",18.5189,29.7747
E_accelerating_subsidence_0135_0329,0.00h,23.83h,accelerating_subsidence,moderate,"(-12.5,162.5)",52.4813,84.3797
E_accelerating_subsidence_0136_0000,0.00h,23.83h,accelerating_subsidence,moderate,"(-237.5,-237.5)",0.0003,0.0005
E_accelerating_subsidence_0137_0131,0.00h,23.83h,accelerating_subsidence,moderate,"(37.5,-87.5)",596.4599,958.9916
E_accelerating_subsidence_0138_0062,0.00h,23.83h,accelerating_subsidence,moderate,"(-187.5,-162.5)",0.4063,0.6533
E_accelerating_subsidence_0139_0197,0.00h,23.83h,accelerating_subsidence,moderate,"(187.5,-12.5)",15.5674,25.0293
E_accelerating_subsidence_0140_0010,0.00h,23.83h,accelerating_subsidence,moderate,"(12.5,-237.5)",0.8137,1.3082
E_accelerating_subsidence_0141_0085,0.00h,23.83h,accelerating_subsidence,moderate,"(-112.5,-137.5)",26.2066,42.1351
E_accelerating_subsidence_0142_0223,0.00h,23.83h,accelerating_subsidence,moderate,"(-162.5,37.5)",44.117,70.9316
E_accelerating_subsidence_0143_0086,0.00h,23.83h,accelerating_subsidence,moderate,"(-87.5,-137.5)",52.4813,84.3797
E_accelerating_subsidence_0144_0194,0.00h,23.83h,accelerating_subsidence,moderate,"(112.5,-12.5)",354.3123,569.6653
E_accelerating_subsidence_0145_0068,0.00h,23.83h,accelerating_subsidence,moderate,"(-37.5,-162.5)",44.117,70.9316
E_accelerating_subsidence_0146_0362,0.00h,23.83h,accelerating_subsidence,moderate,"(-187.5,212.5)",0.0301,0.0483
E_accelerating_subsidence_0147_0390,0.00h,23.83h,accelerating_subsidence,moderate,"(12.5,237.5)",0.8137,1.3082
E_accelerating_subsidence_0148_0348,0.00h,23.83h,accelerating_subsidence,moderate,"(-37.5,187.5)",13.0863,21.0403
E_accelerating_subsidence_0149_0051,0.00h,23.83h,accelerating_subsidence,moderate,"(37.5,-187.5)",13.0863,21.0403
E_accelerating_subsidence_0150_0366,0.00h,23.83h,accelerating_subsidence,moderate,"(-87.5,212.5)",1.3697,2.2023
E_accelerating_subsidence_0151_0326,0.00h,23.83h,accelerating_subsidence,moderate,"(-87.5,162.5)",18.5189,29.7747
E_accelerating_subsidence_0152_0108,0.00h,23.83h,accelerating_subsidence,moderate,"(-37.5,-112.5)",297.8433,478.8742
E_accelerating_subsidence_0153_0290,0.00h,23.83h,accelerating_subsidence,moderate,"(12.5,112.5)",354.3123,569.6653
E_accelerating_subsidence_0154_0290,0.00h,23.83h,accelerating_subsidence,moderate,"(12.5,112.5)",354.3123,569.6653
E_accelerating_subsidence_0155_0143,0.00h,23.83h,accelerating_subsidence,moderate,"(-162.5,-62.5)",31.1752,50.1237
E_accelerating_subsidence_0156_0206,0.00h,23.83h,accelerating_subsidence,moderate,"(-87.5,12.5)",709.5445,1140.8095
E_accelerating_subsidence_0157_0336,0.00h,23.83h,accelerating_subsidence,moderate,"(162.5,162.5)",1.3697,2.2023
E_accelerating_subsidence_0158_0318,0.00h,23.83h,accelerating_subsidence,moderate,"(212.5,137.5)",0.2871,0.4616
E_accelerating_subsidence_0159_0326,0.00h,23.83h,accelerating_subsidence,moderate,"(-87.5,162.5)",18.5189,29.7747
E_accelerating_subsidence_0160_0051,0.00h,23.83h,accelerating_subsidence,moderate,"(37.5,-187.5)",13.0863,21.0403
E_accelerating_subsidence_0161_0052,0.00h,23.83h,accelerating_subsidence,moderate,"(62.5,-187.5)",9.2474,14.8681
E_accelerating_subsidence_0162_0235,0.00h,23.83h,accelerating_subsidence,moderate,"(137.5,37.5)",125.0248,201.0156
E_accelerating_subsidence_0163_0172,0.00h,23.83h,accelerating_subsidence,moderate,"(62.5,-37.5)",1004.0985,1614.3951
E_accelerating_subsidence_0164_0168,0.00h,23.83h,accelerating_subsidence,moderate,"(-37.5,-37.5)",1420.9311,2284.5809
E_accelerating_subsidence_0165_0137,0.00h,23.83h,accelerating_subsidence,moderate,"(187.5,-87.5)",5.4932,8.832
E_accelerating_subsidence_0166_0078,0.00h,23.83h,accelerating_subsidence,moderate,"(212.5,-162.5)",0.1013,0.1629
E_accelerating_subsidence_0167_0217,0.00h,23.83h,accelerating_subsidence,moderate,"(187.5,12.5)",15.5674,25.0293
E_accelerating_subsidence_0168_0084,0.00h,23.83h,accelerating_subsidence,moderate,"(-137.5,-137.5)",11.0007,17.6869
E_accelerating_subsidence_0169_0187,0.00h,23.83h,accelerating_subsidence,moderate,"(-62.5,-12.5)",1194.4684,1920.4729
E_accelerating_subsidence_0170_0150,0.00h,23.83h,accelerating_subsidence,moderate,"(12.5,-62.5)",1194.4684,1920.4729
E_accelerating_subsidence_0171_0354,0.00h,23.83h,accelerating_subsidence,moderate,"(112.5,187.5)",2.743,4.4103
E_accelerating_subsidence_0172_0166,0.00h,23.83h,accelerating_subsidence,moderate,"(-87.5,-37.5)",596.4599,958.9916
E_accelerating_subsidence_0173_0302,0.00h,23.83h,accelerating_subsidence,moderate,"(-187.5,137.5)",1.1514,1.8513
E_accelerating_subsidence_0174_0004,0.00h,23.83h,accelerating_subsidence,moderate,"(-137.5,-237.5)",0.0602,0.0968
E_accelerating_subsidence_0175_0102,0.00h,23.83h,accelerating_subsidence,moderate,"(-187.5,-112.5)",2.743,4.4103
E_accelerating_subsidence_0176_0196,0.00h,23.83h,accelerating_subsidence,moderate,"(162.5,-12.5)",52.4813,84.3797
E_accelerating_subsidence_0177_0214,0.00h,23.83h,accelerating_subsidence,moderate,"(112.5,12.5)",354.3123,569.6653
E_accelerating_subsidence_0178_0055,0.00h,23.83h,accelerating_subsidence,moderate,"(137.5,-187.5)",1.1514,1.8513
E_accelerating_subsidence_0179_0220,0.00h,23.83h,accelerating_subsidence,moderate,"(-237.5,37.5)",0.684,1.0997
E_accelerating_subsidence_0180_0354,0.00h,23.83h,accelerating_subsidence,moderate,"(112.5,187.5)",2.743,4.4103
E_accelerating_subsidence_0181_0036,0.00h,23.83h,accelerating_subsidence,moderate,"(162.5,-212.5)",0.1013,0.1629
E_accelerating_subsidence_0182_0356,0.00h,23.83h,accelerating_subsidence,moderate,"(162.5,187.5)",0.4063,0.6533
E_accelerating_subsidence_0183_0335,0.00h,23.83h,accelerating_subsidence,moderate,"(137.5,162.5)",3.8818,6.2411
E_accelerating_subsidence_0184_0228,0.00h,23.83h,accelerating_subsidence,moderate,"(-37.5,37.5)",1420.9311,2284.5809
E_accelerating_subsidence_0185_0300,0.00h,23.83h,accelerating_subsidence,moderate,"(-237.5,137.5)",0.0602,0.0968
E_accelerating_subsidence_0186_0013,0.00h,23.83h,accelerating_subsidence,moderate,"(87.5,-237.5)",0.2871,0.4616
E_accelerating_subsidence_0187_0041,0.00h,23.83h,accelerating_subsidence,moderate,"(-212.5,-187.5)",0.0301,0.0483
E_accelerating_subsidence_0188_0209,0.00h,23.83h,accelerating_subsidence,moderate,"(-12.5,12.5)",2010.8038,3232.9816
E_accelerating_subsidence_0189_0046,0.00h,23.83h,accelerating_subsidence,moderate,"(-87.5,-187.5)",5.4932,8.832
E_accelerating_subsidence_0190_0225,0.00h,23.83h,accelerating_subsidence,moderate,"(-112.5,37.5)",297.8433,478.8742
E_accelerating_subsidence_0191_0172,0.00h,23.83h,accelerating_subsidence,moderate,"(62.5,-37.5)",1004.0985,1614.3951
E_accelerating_subsidence_0192_0341,0.00h,23.83h,accelerating_subsidence,moderate,"(-212.5,187.5)",0.0301,0.0483
E_accelerating_subsidence_0193_0365,0.00h,23.83h,accelerating_subsidence,moderate,"(-112.5,212.5)",0.684,1.0997
E_accelerating_subsidence_0194_0211,0.00h,23.83h,accelerating_subsidence,moderate,"(37.5,12.5)",1690.3295,2717.7211
E_accelerating_subsidence_0195_0177,0.00h,23.83h,accelerating_subsidence,moderate,"(187.5,-37.5)",13.0863,21.0403
E_accelerating_subsidence_0196_0021,0.00h,23.83h,accelerating_subsidence,moderate,"(-212.5,-212.5)",0.0075,0.012
E_accelerating_subsidence_0197_0135,0.00h,23.83h,accelerating_subsidence,moderate,"(137.5,-87.5)",52.4813,84.3797
E_accelerating_subsidence_0198_0300,0.00h,23.83h,accelerating_subsidence,moderate,"(-237.5,137.5)",0.0602,0.0968
E_accelerating_subsidence_0199_0056,0.00h,23.83h,accelerating_subsidence,moderate,"(162.5,-187.5)",0.4063,0.6533
E_accelerating_subsidence_0200_0151,0.00h,23.83h,accelerating_subsidence,moderate,"(37.5,-62.5)",1004.0985,1614.3951
E_accelerating_subsidence_0201_0247,0.00h,23.83h,accelerating_subsidence,moderate,"(-62.5,62.5)",709.5445,1140.8095
E_accelerating_subsidence_0202_0055,0.00h,23.83h,accelerating_subsidence,moderate,"(137.5,-187.5)",1.1514,1.8513
E_accelerating_subsidence_0203_0331,0.00h,23.83h,accelerating_subsidence,moderate,"(37.5,162.5)",44.117,70.9316
E_accelerating_subsidence_0204_0049,0.00h,23.83h,accelerating_subsidence,moderate,"(-12.5,-187.5)",15.5674,25.0293
E_accelerating_subsidence_0205_0269,0.00h,23.83h,accelerating_subsidence,moderate,"(-12.5,87.5)",709.5445,1140.8095
E_accelerating_subsidence_0206_0016,0.00h,23.83h,accelerating_subsidence,moderate,"(162.5,-237.5)",0.0212,0.0341
E_accelerating_subsidence_0207_0108,0.00h,23.83h,accelerating_subsidence,moderate,"(-37.5,-112.5)",297.8433,478.8742
E_accelerating_subsidence_0208_0304,0.00h,23.83h,accelerating_subsidence,moderate,"(-137.5,137.5)",11.0007,17.6869
E_accelerating_subsidence_0209_0356,0.00h,23.83h,accelerating_subsidence,moderate,"(162.5,187.5)",0.4063,0.6533
E_accelerating_subsidence_0210_0298,0.00h,23.83h,accelerating_subsidence,moderate,"(212.5,112.5)",0.684,1.0997
E_accelerating_subsidence_0211_0391,0.00h,23.83h,accelerating_subsidence,moderate,"(37.5,237.5)",0.684,1.0997
E_accelerating_subsidence_0212_0250,0.00h,23.83h,accelerating_subsidence,moderate,"(12.5,62.5)",1194.4684,1920.4729
E_accelerating_subsidence_0213_0240,0.00h,23.83h,accelerating_subsidence,moderate,"(-237.5,62.5)",0.4833,0.7771
E_accelerating_subsidence_0214_0150,0.00h,23.83h,accelerating_subsidence,moderate,"(12.5,-62.5)",1194.4684,1920.4729
E_accelerating_subsidence_0215_0007,0.00h,23.83h,accelerating_subsidence,moderate,"(-62.5,-237.5)",0.4833,0.7771
E_accelerating_subsidence_0216_0193,0.00h,23.83h,accelerating_subsidence,moderate,"(87.5,-12.5)",709.5445,1140.8095
E_accelerating_subsidence_0217_0303,0.00h,23.83h,accelerating_subsidence,moderate,"(-162.5,137.5)",3.8818,6.2411
E_accelerating_subsidence_0218_0384,0.00h,23.83h,accelerating_subsidence,moderate,"(-137.5,237.5)",0.0602,0.0968
E_accelerating_subsidence_0219_0025,0.00h,23.83h,accelerating_subsidence,moderate,"(-112.5,-212.5)",0.684,1.0997
E_accelerating_subsidence_0220_0057,0.00h,23.83h,accelerating_subsidence,moderate,"(187.5,-187.5)",0.1205,0.1938
E_accelerating_subsidence_0221_0212,0.00h,23.83h,accelerating_subsidence,moderate,"(62.5,12.5)",1194.4684,1920.4729
E_accelerating_subsidence_0222_0092,0.00h,23.83h,accelerating_subsidence,moderate,"(62.5,-137.5)",88.3486,142.0473
E_accelerating_subsidence_0223_0283,0.00h,23.83h,accelerating_subsidence,moderate,"(-162.5,112.5)",9.2474,14.8681
E_accelerating_subsidence_0224_0035,0.00h,23.83h,accelerating_subsidence,moderate,"(137.5,-212.5)",0.2871,0.4616
E_accelerating_subsidence_0225_0113,0.00h,23.83h,accelerating_subsidence,moderate,"(87.5,-112.5)",125.0248,201.0156
E_accelerating_subsidence_0226_0238,0.00h,23.83h,accelerating_subsidence,moderate,"(212.5,37.5)",3.2631,5.2464
E_accelerating_subsidence_0227_0324,0.00h,23.83h,accelerating_subsidence,moderate,"(-137.5,162.5)",3.8818,6.2411
E_accelerating_subsidence_0228_0365,0.00h,23.83h,accelerating_subsidence,moderate,"(-112.5,212.5)",0.684,1.0997
E_accelerating_subsidence_0229_0282,0.00h,23.83h,accelerating_subsidence,moderate,"(-187.5,112.5)",2.743,4.4103
E_accelerating_subsidence_0230_0041,0.00h,23.83h,accelerating_subsidence,moderate,"(-212.5,-187.5)",0.0301,0.0483
E_accelerating_subsidence_0231_0357,0.00h,23.83h,accelerating_subsidence,moderate,"(187.5,187.5)",0.1205,0.1938
E_accelerating_subsidence_0232_0348,0.00h,23.83h,accelerating_subsidence,moderate,"(-37.5,187.5)",13.0863,21.0403
E_accelerating_subsidence_0233_0159,0.00h,23.83h,accelerating_subsidence,moderate,"(237.5,-62.5)",0.4833,0.7771
E_accelerating_subsidence_0234_0272,0.00h,23.83h,accelerating_subsidence,moderate,"(62.5,87.5)",421.4874,677.6697
E_accelerating_subsidence_0235_0214,0.00h,23.83h,accelerating_subsidence,moderate,"(112.5,12.5)",354.3123,569.6653
E_accelerating_subsidence_0236_0247,0.00h,23.83h,accelerating_subsidence,moderate,"(-62.5,62.5)",709.5445,1140.8095
E_accelerating_subsidence_0237_0293,0.00h,23.83h,accelerating_subsidence,moderate,"(87.5,112.5)",125.0248,201.0156
E_accelerating_subsidence_0238_0029,0.00h,23.83h,accelerating_subsidence,moderate,"(-12.5,-212.5)",3.8818,6.2411
E_accelerating_subsidence_0239_0215,0.00h,23.83h,accelerating_subsidence,moderate,"(137.5,12.5)",148.7286,239.1267
E_accelerating_subsidence_0240_0376,0.00h,23.83h,accelerating_subsidence,moderate,"(162.5,212.5)",0.1013,0.1629
E_accelerating_subsidence_0241_0346,0.00h,23.83h,accelerating_subsidence,moderate,"(-87.5,187.5)",5.4932,8.832
E_accelerating_subsidence_0242_0161,0.00h,23.83h,accelerating_subsidence,moderate,"(-212.5,-37.5)",3.2631,5.2464
E_accelerating_subsidence_0243_0175,0.00h,23.83h,accelerating_subsidence,moderate,"(137.5,-37.5)",125.0248,201.0156
E_accelerating_subsidence_0244_0231,0.00h,23.83h,accelerating_subsidence,moderate,"(37.5,37.5)",1420.9311,2284.5809
E_accelerating_subsidence_0245_0153,0.00h,23.83h,accelerating_subsidence,moderate,"(87.5,-62.5)",421.4874,677.6697
E_accelerating_subsidence_0246_0167,0.00h,23.83h,accelerating_subsidence,moderate,"(-62.5,-37.5)",1004.0985,1614.3951
E_accelerating_subsidence_0247_0240,0.00h,23.83h,accelerating_subsidence,moderate,"(-237.5,62.5)",0.4833,0.7771
E_accelerating_subsidence_0248_0218,0.00h,23.83h,accelerating_subsidence,moderate,"(212.5,12.5)",3.8818,6.2411
E_accelerating_subsidence_0249_0328,0.00h,23.83h,accelerating_subsidence,moderate,"(-37.5,162.5)",44.117,70.9316
E_accelerating_subsidence_0250_0308,0.00h,23.83h,accelerating_subsidence,moderate,"(-37.5,137.5)",125.0248,201.0156
E_accelerating_subsidence_0251_0364,0.00h,23.83h,accelerating_subsidence,moderate,"(-137.5,212.5)",0.2871,0.4616
E_accelerating_subsidence_0252_0399,0.00h,23.83h,accelerating_subsidence,moderate,"(237.5,237.5)",0.0003,0.0005
E_accelerating_subsidence_0253_0032,0.00h,23.83h,accelerating_subsidence,moderate,"(62.5,-212.5)",2.3059,3.7074
E_accelerating_subsidence_0254_0134,0.00h,23.83h,accelerating_subsidence,moderate,"(112.5,-87.5)",125.0248,201.0156
E_accelerating_subsidence_0255_0178,0.00h,23.83h,accelerating_subsidence,moderate,"(212.5,-37.5)",3.2631,5.2464
E_accelerating_subsidence_0256_0394,0.00h,23.83h,accelerating_subsidence,moderate,"(112.5,237.5)",0.1434,0.2305
E_accelerating_subsidence_0257_0051,0.00h,23.83h,accelerating_subsidence,moderate,"(37.5,-187.5)",13.0863,21.0403
E_accelerating_subsidence_0258_0304,0.00h,23.83h,accelerating_subsidence,moderate,"(-137.5,137.5)",11.0007,17.6869
E_accelerating_subsidence_0259_0384,0.00h,23.83h,accelerating_subsidence,moderate,"(-137.5,237.5)",0.0602,0.0968
E_accelerating_subsidence_0260_0102,0.00h,23.83h,accelerating_subsidence,moderate,"(-187.5,-112.5)",2.743,4.4103
E_accelerating_subsidence_0261_0272,0.00h,23.83h,accelerating_subsidence,moderate,"(62.5,87.5)",421.4874,677.6697
E_accelerating_subsidence_0262_0166,0.00h,23.83h,accelerating_subsidence,moderate,"(-87.5,-37.5)",596.4599,958.9916
E_accelerating_subsidence_0263_0362,0.00h,23.83h,accelerating_subsidence,moderate,"(-187.5,212.5)",0.0301,0.0483
E_accelerating_subsidence_0264_0028,0.00h,23.83h,accelerating_subsidence,moderate,"(-37.5,-212.5)",3.2631,5.2464
E_accelerating_subsidence_0265_0391,0.00h,23.83h,accelerating_subsidence,moderate,"(37.5,237.5)",0.684,1.0997
E_accelerating_subsidence_0266_0353,0.00h,23.83h,accelerating_subsidence,moderate,"(87.5,187.5)",5.4932,8.832
E_accelerating_subsidence_0267_0324,0.00h,23.83h,accelerating_subsidence,moderate,"(-137.5,162.5)",3.8818,6.2411
E_accelerating_subsidence_0268_0306,0.00h,23.83h,accelerating_subsidence,moderate,"(-87.5,137.5)",52.4813,84.3797
E_accelerating_subsidence_0269_0200,0.00h,23.83h,accelerating_subsidence,moderate,"(-237.5,12.5)",0.8137,1.3082
E_accelerating_subsidence_0270_0280,0.00h,23.83h,accelerating_subsidence,moderate,"(-237.5,112.5)",0.1434,0.2305
E_accelerating_subsidence_0271_0055,0.00h,23.83h,accelerating_subsidence,moderate,"(137.5,-187.5)",1.1514,1.8513
E_accelerating_subsidence_0272_0364,0.00h,23.83h,accelerating_subsidence,moderate,"(-137.5,212.5)",0.2871,0.4616
E_accelerating_subsidence_0273_0118,0.00h,23.83h,accelerating_subsidence,moderate,"(212.5,-112.5)",0.684,1.0997
E_accelerating_subsidence_0274_0101,0.00h,23.83h,accelerating_subsidence,moderate,"(-212.5,-112.5)",0.684,1.0997
E_accelerating_subsidence_0275_0101,0.00h,23.83h,accelerating_subsidence,moderate,"(-212.5,-112.5)",0.684,1.0997
E_accelerating_subsidence_0276_0328,0.00h,23.83h,accelerating_subsidence,moderate,"(-37.5,162.5)",44.117,70.9316
E_accelerating_subsidence_0277_0351,0.00h,23.83h,accelerating_subsidence,moderate,"(37.5,187.5)",13.0863,21.0403
E_accelerating_subsidence_0278_0334,0.00h,23.83h,accelerating_subsidence,moderate,"(112.5,162.5)",9.2474,14.8681
E_accelerating_subsidence_0279_0162,0.00h,23.83h,accelerating_subsidence,moderate,"(-187.5,-37.5)",13.0863,21.0403
E_accelerating_subsidence_0280_0173,0.00h,23.83h,accelerating_subsidence,moderate,"(87.5,-37.5)",596.4599,958.9916
E_accelerating_subsidence_0281_0239,0.00h,23.83h,accelerating_subsidence,moderate,"(237.5,37.5)",0.684,1.0997
E_accelerating_subsidence_0282_0396,0.00h,23.83h,accelerating_subsidence,moderate,"(162.5,237.5)",0.0212,0.0341
E_accelerating_subsidence_0283_0078,0.00h,23.83h,accelerating_subsidence,moderate,"(212.5,-162.5)",0.1013,0.1629
E_accelerating_subsidence_0284_0261,0.00h,23.83h,accelerating_subsidence,moderate,"(-212.5,87.5)",1.3697,2.2023
E_accelerating_subsidence_0285_0251,0.00h,23.83h,accelerating_subsidence,moderate,"(37.5,62.5)",1004.0985,1614.3951
E_accelerating_subsidence_0286_0133,0.00h,23.83h,accelerating_subsidence,moderate,"(87.5,-87.5)",250.3742,402.553
E_accelerating_subsidence_0287_0084,0.00h,23.83h,accelerating_subsidence,moderate,"(-137.5,-137.5)",11.0007,17.6869
E_accelerating_subsidence_0288_0022,0.00h,23.83h,accelerating_subsidence,moderate,"(-187.5,-212.5)",0.0301,0.0483
E_accelerating_subsidence_0289_0230,0.00h,23.83h,accelerating_subsidence,moderate,"(12.5,37.5)",1690.3295,2717.7211
E_accelerating_subsidence_0290_0095,0.00h,23.83h,accelerating_subsidence,moderate,"(137.5,-137.5)",11.0007,17.6869
E_accelerating_subsidence_0291_0170,0.00h,23.83h,accelerating_subsidence,moderate,"(12.5,-37.5)",1690.3295,2717.7211
E_accelerating_subsidence_0292_0229,0.00h,23.83h,accelerating_subsidence,moderate,"(-12.5,37.5)",1690.3295,2717.7211
E_accelerating_subsidence_0293_0136,0.00h,23.83h,accelerating_subsidence,moderate,"(162.5,-87.5)",18.5189,29.7747
E_accelerating_subsidence_0294_0095,0.00h,23.83h,accelerating_subsidence,moderate,"(137.5,-137.5)",11.0007,17.6869
E_accelerating_subsidence_0295_0092,0.00h,23.83h,accelerating_subsidence,moderate,"(62.5,-137.5)",88.3486,142.0473
E_accelerating_subsidence_0296_0248,0.00h,23.83h,accelerating_subsidence,moderate,"(-37.5,62.5)",1004.0985,1614.3951
E_accelerating_subsidence_0297_0004,0.00h,23.83h,accelerating_subsidence,moderate,"(-137.5,-237.5)",0.0602,0.0968
E_accelerating_subsidence_0298_0391,0.00h,23.83h,accelerating_subsidence,moderate,"(37.5,237.5)",0.684,1.0997
E_accelerating_subsidence_0299_0082,0.00h,23.83h,accelerating_subsidence,moderate,"(-187.5,-137.5)",1.1514,1.8513
E_accelerating_subsidence_0300_0343,0.00h,23.83h,accelerating_subsidence,moderate,"(-162.5,187.5)",0.4063,0.6533
E_accelerating_subsidence_0301_0297,0.00h,23.83h,accelerating_subsidence,moderate,"(187.5,112.5)",2.743,4.4103
E_accelerating_subsidence_0302_0216,0.00h,23.83h,accelerating_subsidence,moderate,"(162.5,12.5)",52.4813,84.3797
E_accelerating_subsidence_0303_0303,0.00h,23.83h,accelerating_subsidence,moderate,"(-162.5,137.5)",3.8818,6.2411
E_accelerating_subsidence_0304_0288,0.00h,23.83h,accelerating_subsidence,moderate,"(-37.5,112.5)",297.8433,478.8742
E_accelerating_subsidence_0305_0190,0.00h,23.83h,accelerating_subsidence,moderate,"(12.5,-12.5)",2010.8038,3232.9816
E_accelerating_subsidence_0306_0144,0.00h,23.83h,accelerating_subsidence,moderate,"(-137.5,-62.5)",88.3486,142.0473
E_accelerating_subsidence_0307_0106,0.00h,23.83h,accelerating_subsidence,moderate,"(-87.5,-112.5)",125.0248,201.0156
E_accelerating_subsidence_0308_0396,0.00h,23.83h,accelerating_subsidence,moderate,"(162.5,237.5)",0.0212,0.0341
E_accelerating_subsidence_0309_0346,0.00h,23.83h,accelerating_subsidence,moderate,"(-87.5,187.5)",5.4932,8.832
E_accelerating_subsidence_0310_0299,0.00h,23.83h,accelerating_subsidence,moderate,"(237.5,112.5)",0.1434,0.2305
E_accelerating_subsidence_0311_0384,0.00h,23.83h,accelerating_subsidence,moderate,"(-137.5,237.5)",0.0602,0.0968
E_accelerating_subsidence_0312_0053,0.00h,23.83h,accelerating_subsidence,moderate,"(87.5,-187.5)",5.4932,8.832
E_accelerating_subsidence_0313_0023,0.00h,23.83h,accelerating_subsidence,moderate,"(-162.5,-212.5)",0.1013,0.1629
E_accelerating_subsidence_0314_0313,0.00h,23.83h,accelerating_subsidence,moderate,"(87.5,137.5)",52.4813,84.3797
E_accelerating_subsidence_0315_0018,0.00h,23.83h,accelerating_subsidence,moderate,"(212.5,-237.5)",0.0016,0.0025
E_accelerating_subsidence_0316_0151,0.00h,23.83h,accelerating_subsidence,moderate,"(37.5,-62.5)",1004.0985,1614.3951
E_accelerating_subsidence_0317_0207,0.00h,23.83h,accelerating_subsidence,moderate,"(-62.5,12.5)",1194.4684,1920.4729
E_accelerating_subsidence_0318_0304,0.00h,23.83h,accelerating_subsidence,moderate,"(-137.5,137.5)",11.0007,17.6869
E_accelerating_subsidence_0319_0245,0.00h,23.83h,accelerating_subsidence,moderate,"(-112.5,62.5)",210.4705,338.3956
E_accelerating_subsidence_0320_0162,0.00h,23.83h,accelerating_subsidence,moderate,"(-187.5,-37.5)",13.0863,21.0403
E_accelerating_subsidence_0321_0240,0.00h,23.83h,accelerating_subsidence,moderate,"(-237.5,62.5)",0.4833,0.7771
E_accelerating_subsidence_0322_0155,0.00h,23.83h,accelerating_subsidence,moderate,"(137.5,-62.5)",88.3486,142.0473
E_accelerating_subsidence_0323_0390,0.00h,23.83h,accelerating_subsidence,moderate,"(12.5,237.5)",0.8137,1.3082
E_accelerating_subsidence_0324_0100,0.00h,23.83h,accelerating_subsidence,moderate,"(-237.5,-112.5)",0.1434,0.2305
E_accelerating_subsidence_0325_0382,0.00h,23.83h,accelerating_subsidence,moderate,"(-187.5,237.5)",0.0063,0.0101
E_accelerating_subsidence_0326_0154,0.00h,23.83h,accelerating_subsidence,moderate,"(112.5,-62.5)",210.4705,338.3956
E_accelerating_subsidence_0327_0254,0.00h,23.83h,accelerating_subsidence,moderate,"(112.5,62.5)",210.4705,338.3956
E_accelerating_subsidence_0328_0250,0.00h,23.83h,accelerating_subsidence,moderate,"(12.5,62.5)",1194.4684,1920.4729
E_accelerating_subsidence_0329_0089,0.00h,23.83h,accelerating_subsidence,moderate,"(-12.5,-137.5)",148.7286,239.1267
E_accelerating_subsidence_0330_0111,0.00h,23.83h,accelerating_subsidence,moderate,"(37.5,-112.5)",297.8433,478.8742
E_accelerating_subsidence_0331_0001,0.00h,23.83h,accelerating_subsidence,moderate,"(-212.5,-237.5)",0.0016,0.0025
E_accelerating_subsidence_0332_0009,0.00h,23.83h,accelerating_subsidence,moderate,"(-12.5,-237.5)",0.8137,1.3082
E_accelerating_subsidence_0333_0011,0.00h,23.83h,accelerating_subsidence,moderate,"(37.5,-237.5)",0.684,1.0997
E_accelerating_subsidence_0334_0026,0.00h,23.83h,accelerating_subsidence,moderate,"(-87.5,-212.5)",1.3697,2.2023
E_accelerating_subsidence_0335_0178,0.00h,23.83h,accelerating_subsidence,moderate,"(212.5,-37.5)",3.2631,5.2464
E_accelerating_subsidence_0336_0209,0.00h,23.83h,accelerating_subsidence,moderate,"(-12.5,12.5)",2010.8038,3232.9816
E_accelerating_subsidence_0337_0191,0.00h,23.83h,accelerating_subsidence,moderate,"(37.5,-12.5)",1690.3295,2717.7211
E_accelerating_subsidence_0338_0131,0.00h,23.83h,accelerating_subsidence,moderate,"(37.5,-87.5)",596.4599,958.9916
E_accelerating_subsidence_0339_0232,0.00h,23.83h,accelerating_subsidence,moderate,"(62.5,37.5)",1004.0985,1614.3951
E_accelerating_subsidence_0340_0306,0.00h,23.83h,accelerating_subsidence,moderate,"(-87.5,137.5)",52.4813,84.3797
E_accelerating_subsidence_0341_0038,0.00h,23.83h,accelerating_subsidence,moderate,"(212.5,-212.5)",0.0075,0.012
E_accelerating_subsidence_0342_0311,0.00h,23.83h,accelerating_subsidence,moderate,"(37.5,137.5)",125.0248,201.0156
E_accelerating_subsidence_0343_0096,0.00h,23.83h,accelerating_subsidence,moderate,"(162.5,-137.5)",3.8818,6.2411
E_accelerating_subsidence_0344_0094,0.00h,23.83h,accelerating_subsidence,moderate,"(112.5,-137.5)",26.2066,42.1351
E_accelerating_subsidence_0345_0370,0.00h,23.83h,accelerating_subsidence,moderate,"(12.5,212.5)",3.8818,6.2411
E_accelerating_subsidence_0346_0283,0.00h,23.83h,accelerating_subsidence,moderate,"(-162.5,112.5)",9.2474,14.8681
E_accelerating_subsidence_0347_0354,0.00h,23.83h,accelerating_subsidence,moderate,"(112.5,187.5)",2.743,4.4103
E_accelerating_subsidence_0348_0300,0.00h,23.83h,accelerating_subsidence,moderate,"(-237.5,137.5)",0.0602,0.0968
E_accelerating_subsidence_0349_0386,0.00h,23.83h,accelerating_subsidence,moderate,"(-87.5,237.5)",0.2871,0.4616
E_accelerating_subsidence_0350_0345,0.00h,23.83h,accelerating_subsidence,moderate,"(-112.5,187.5)",2.743,4.4103
E_accelerating_subsidence_0351_0153,0.00h,23.83h,accelerating_subsidence,moderate,"(87.5,-62.5)",421.4874,677.6697
E_accelerating_subsidence_0352_0076,0.00h,23.83h,accelerating_subsidence,moderate,"(162.5,-162.5)",1.3697,2.2023
E_accelerating_subsidence_0353_0395,0.00h,23.83h,accelerating_subsidence,moderate,"(137.5,237.5)",0.0602,0.0968
E_accelerating_subsidence_0354_0373,0.00h,23.83h,accelerating_subsidence,moderate,"(87.5,212.5)",1.3697,2.2023
E_accelerating_subsidence_0355_0347,0.00h,23.83h,accelerating_subsidence,moderate,"(-62.5,187.5)",9.2474,14.8681
E_accelerating_subsidence_0356_0074,0.00h,23.83h,accelerating_subsidence,moderate,"(112.5,-162.5)",9.2474,14.8681
E_accelerating_subsidence_0357_0325,0.00h,23.83h,accelerating_subsidence,moderate,"(-112.5,162.5)",9.2474,14.8681
E_accelerating_subsidence_0358_0194,0.00h,23.83h,accelerating_subsidence,moderate,"(112.5,-12.5)",354.3123,569.6653
E_accelerating_subsidence_0359_0245,0.00h,23.83h,accelerating_subsidence,moderate,"(-112.5,62.5)",210.4705,338.3956
E_accelerating_subsidence_0360_0186,0.00h,23.83h,accelerating_subsidence,moderate,"(-87.5,-12.5)",709.5445,1140.8095
E_accelerating_subsidence_0361_0010,0.00h,23.83h,accelerating_subsidence,moderate,"(12.5,-237.5)",0.8137,1.3082
E_accelerating_subsidence_0362_0116,0.00h,23.83h,accelerating_subsidence,moderate,"(162.5,-112.5)",9.2474,14.8681
E_accelerating_subsidence_0363_0146,0.00h,23.83h,accelerating_subsidence,moderate,"(-87.5,-62.5)",421.4874,677.6697
E_accelerating_subsidence_0364_0015,0.00h,23.83h,accelerating_subsidence,moderate,"(137.5,-237.5)",0.0602,0.0968
E_accelerating_subsidence_0365_0362,0.00h,23.83h,accelerating_subsidence,moderate,"(-187.5,212.5)",0.0301,0.0483
E_accelerating_subsidence_0366_0219,0.00h,23.83h,accelerating_subsidence,moderate,"(237.5,12.5)",0.8137,1.3082
E_accelerating_subsidence_0367_0289,0.00h,23.83h,accelerating_subsidence,moderate,"(-12.5,112.5)",354.3123,569.6653
E_accelerating_subsidence_0368_0099,0.00h,23.83h,accelerating_subsidence,moderate,"(237.5,-137.5)",0.0602,0.0968
E_accelerating_subsidence_0369_0176,0.00h,23.83h,accelerating_subsidence,moderate,"(162.5,-37.5)",44.117,70.9316
E_accelerating_subsidence_0370_0087,0.00h,23.83h,accelerating_subsidence,moderate,"(-62.5,-137.5)",88.3486,142.0473
E_accelerating_subsidence_0371_0230,0.00h,23.83h,accelerating_subsidence,moderate,"(12.5,37.5)",1690.3295,2717.7211
E_accelerating_subsidence_0372_0037,0.00h,23.83h,accelerating_subsidence,moderate,"(187.5,-212.5)",0.0301,0.0483
E_accelerating_subsidence_0373_0049,0.00h,23.83h,accelerating_subsidence,moderate,"(-12.5,-187.5)",15.5674,25.0293
E_accelerating_subsidence_0374_0187,0.00h,23.83h,accelerating_subsidence,moderate,"(-62.5,-12.5)",1194.4684,1920.4729
E_accelerating_subsidence_0375_0116,0.00h,23.83h,accelerating_subsidence,moderate,"(162.5,-112.5)",9.2474,14.8681
E_accelerating_subsidence_0376_0135,0.00h,23.83h,accelerating_subsidence,moderate,"(137.5,-87.5)",52.4813,84.3797
E_accelerating_subsidence_0377_0379,0.00h,23.83h,accelerating_subsidence,moderate,"(237.5,212.5)",0.0016,0.0025
E_accelerating_subsidence_0378_0210,0.00h,23.83h,accelerating_subsidence,moderate,"(12.5,12.5)",2010.8038,3232.9816
E_accelerating_subsidence_0379_0289,0.00h,23.83h,accelerating_subsidence,moderate,"(-12.5,112.5)",354.3123,569.6653
E_accelerating_subsidence_0380_0145,0.00h,23.83h,accelerating_subsidence,moderate,"(-112.5,-62.5)",210.4705,338.3956
E_accelerating_subsidence_0381_0174,0.00h,23.83h,accelerating_subsidence,moderate,"(112.5,-37.5)",297.8433,478.8742
E_accelerating_subsidence_0382_0179,0.00h,23.83h,accelerating_subsidence,moderate,"(237.5,-37.5)",0.684,1.0997
E_accelerating_subsidence_0383_0253,0.00h,23.83h,accelerating_subsidence,moderate,"(87.5,62.5)",421.4874,677.6697
E_accelerating_subsidence_0384_0335,0.00h,23.83h,accelerating_subsidence,moderate,"(137.5,162.5)",3.8818,6.2411
E_accelerating_subsidence_0385_0337,0.00h,23.83h,accelerating_subsidence,moderate,"(187.5,162.5)",0.4063,0.6533
E_accelerating_subsidence_0386_0031,0.00h,23.83h,accelerating_subsidence,moderate,"(37.5,-212.5)",3.2631,5.2464
E_accelerating_subsidence_0387_0317,0.00h,23.83h,accelerating_subsidence,moderate,"(187.5,137.5)",1.1514,1.8513
E_accelerating_subsidence_0388_0130,0.00h,23.83h,accelerating_subsidence,moderate,"(12.5,-87.5)",709.5445,1140.8095
E_accelerating_subsidence_0389_0150,0.00h,23.83h,accelerating_subsidence,moderate,"(12.5,-62.5)",1194.4684,1920.4729
E_accelerating_subsidence_0390_0118,0.00h,23.83h,accelerating_subsidence,moderate,"(212.5,-112.5)",0.684,1.0997
E_accelerating_subsidence_0391_0324,0.00h,23.83h,accelerating_subsidence,moderate,"(-137.5,162.5)",3.8818,6.2411
E_accelerating_subsidence_0392_0322,0.00h,23.83h,accelerating_subsidence,moderate,"(-187.5,162.5)",0.4063,0.6533
E_accelerating_subsidence_0393_0204,0.00h,23.83h,accelerating_subsidence,moderate,"(-137.5,12.5)",148.7286,239.1267
E_accelerating_subsidence_0394_0325,0.00h,23.83h,accelerating_subsidence,moderate,"(-112.5,162.5)",9.2474,14.8681
E_accelerating_subsidence_0395_0102,0.00h,23.83h,accelerating_subsidence,moderate,"(-187.5,-112.5)",2.743,4.4103
E_accelerating_subsidence_0396_0088,0.00h,23.83h,accelerating_subsidence,moderate,"(-37.5,-137.5)",125.0248,201.0156
E_accelerating_subsidence_0397_0384,0.00h,23.83h,accelerating_subsidence,moderate,"(-137.5,237.5)",0.0602,0.0968
E_accelerating_subsidence_0398_0078,0.00h,23.83h,accelerating_subsidence,moderate,"(212.5,-162.5)",0.1013,0.1629
E_accelerating_subsidence_0399_0171,0.00h,23.83h,accelerating_subsidence,moderate,"(37.5,-37.5)",1420.9311,2284.5809
E_accelerating_subsidence_0400_0045,0.00h,23.83h,accelerating_subsidence,moderate,"(-112.5,-187.5)",2.743,4.4103
E_accelerating_subsidence_0401_0371,0.00h,23.83h,accelerating_subsidence,moderate,"(37.5,212.5)",3.2631,5.2464
E_accelerating_subsidence_0402_0091,0.00h,23.83h,accelerating_subsidence,moderate,"(37.5,-137.5)",125.0248,201.0156
E_accelerating_subsidence_0403_0381,0.00h,23.83h,accelerating_subsidence,moderate,"(-212.5,237.5)",0.0016,0.0025
E_accelerating_subsidence_0404_0314,0.00h,23.83h,accelerating_subsidence,moderate,"(112.5,137.5)",26.2066,42.1351
E_accelerating_subsidence_0405_0088,0.00h,23.83h,accelerating_subsidence,moderate,"(-37.5,-137.5)",125.0248,201.0156
E_accelerating_subsidence_0406_0173,0.00h,23.83h,accelerating_subsidence,moderate,"(87.5,-37.5)",596.4599,958.9916
E_accelerating_subsidence_0407_0014,0.00h,23.83h,accelerating_subsidence,moderate,"(112.5,-237.5)",0.1434,0.2305
E_accelerating_subsidence_0408_0361,0.00h,23.83h,accelerating_subsidence,moderate,"(-212.5,212.5)",0.0075,0.012
E_accelerating_subsidence_0409_0368,0.00h,23.83h,accelerating_subsidence,moderate,"(-37.5,212.5)",3.2631,5.2464
E_accelerating_subsidence_0410_0023,0.00h,23.83h,accelerating_subsidence,moderate,"(-162.5,-212.5)",0.1013,0.1629
E_accelerating_subsidence_0411_0141,0.00h,23.83h,accelerating_subsidence,moderate,"(-212.5,-62.5)",2.3059,3.7074
E_accelerating_subsidence_0412_0078,0.00h,23.83h,accelerating_subsidence,moderate,"(212.5,-162.5)",0.1013,0.1629
E_accelerating_subsidence_0413_0329,0.00h,23.83h,accelerating_subsidence,moderate,"(-12.5,162.5)",52.4813,84.3797
E_accelerating_subsidence_0414_0243,0.00h,23.83h,accelerating_subsidence,moderate,"(-162.5,62.5)",31.1752,50.1237
E_accelerating_subsidence_0415_0258,0.00h,23.83h,accelerating_subsidence,moderate,"(212.5,62.5)",2.3059,3.7074
E_accelerating_subsidence_0416_0000,0.00h,23.83h,accelerating_subsidence,moderate,"(-237.5,-237.5)",0.0003,0.0005
E_accelerating_subsidence_0417_0079,0.00h,23.83h,accelerating_subsidence,moderate,"(237.5,-162.5)",0.0212,0.0341
E_accelerating_subsidence_0418_0251,0.00h,23.83h,accelerating_subsidence,moderate,"(37.5,62.5)",1004.0985,1614.3951
E_accelerating_subsidence_0419_0182,0.00h,23.83h,accelerating_subsidence,moderate,"(-187.5,-12.5)",15.5674,25.0293
E_accelerating_subsidence_0420_0119,0.00h,23.83h,accelerating_subsidence,moderate,"(237.5,-112.5)",0.1434,0.2305
E_accelerating_subsidence_0421_0310,0.00h,23.83h,accelerating_subsidence,moderate,"(12.5,137.5)",148.7286,239.1267
E_accelerating_subsidence_0422_0045,0.00h,23.83h,accelerating_subsidence,moderate,"(-112.5,-187.5)",2.743,4.4103
E_accelerating_subsidence_0423_0119,0.00h,23.83h,accelerating_subsidence,moderate,"(237.5,-112.5)",0.1434,0.2305
E_accelerating_subsidence_0424_0305,0.00h,23.83h,accelerating_subsidence,moderate,"(-112.5,137.5)",26.2066,42.1351
E_accelerating_subsidence_0425_0156,0.00h,23.83h,accelerating_subsidence,moderate,"(162.5,-62.5)",31.1752,50.1237
E_accelerating_subsidence_0426_0363,0.00h,23.83h,accelerating_subsidence,moderate,"(-162.5,212.5)",0.1013,0.1629
E_accelerating_subsidence_0427_0056,0.00h,23.83h,accelerating_subsidence,moderate,"(162.5,-187.5)",0.4063,0.6533
E_accelerating_subsidence_0428_0079,0.00h,23.83h,accelerating_subsidence,moderate,"(237.5,-162.5)",0.0212,0.0341
E_accelerating_subsidence_0429_0018,0.00h,23.83h,accelerating_subsidence,moderate,"(212.5,-237.5)",0.0016,0.0025
E_accelerating_subsidence_0430_0370,0.00h,23.83h,accelerating_subsidence,moderate,"(12.5,212.5)",3.8818,6.2411
E_accelerating_subsidence_0431_0136,0.00h,23.83h,accelerating_subsidence,moderate,"(162.5,-87.5)",18.5189,29.7747
E_accelerating_subsidence_0432_0226,0.00h,23.83h,accelerating_subsidence,moderate,"(-87.5,37.5)",596.4599,958.9916
E_accelerating_subsidence_0433_0382,0.00h,23.83h,accelerating_subsidence,moderate,"(-187.5,237.5)",0.0063,0.0101
E_accelerating_subsidence_0434_0337,0.00h,23.83h,accelerating_subsidence,moderate,"(187.5,162.5)",0.4063,0.6533
E_accelerating_subsidence_0435_0277,0.00h,23.83h,accelerating_subsidence,moderate,"(187.5,87.5)",5.4932,8.832
E_accelerating_subsidence_0436_0163,0.00h,23.83h,accelerating_subsidence,moderate,"(-162.5,-37.5)",44.117,70.9316
E_accelerating_subsidence_0437_0321,0.00h,23.83h,accelerating_subsidence,moderate,"(-212.5,162.5)",0.1013,0.1629
E_accelerating_subsidence_0438_0297,0.00h,23.83h,accelerating_subsidence,moderate,"(187.5,112.5)",2.743,4.4103
E_accelerating_subsidence_0439_0234,0.00h,23.83h,accelerating_subsidence,moderate,"(112.5,37.5)",297.8433,478.8742
E_accelerating_subsidence_0440_0196,0.00h,23.83h,accelerating_subsidence,moderate,"(162.5,-12.5)",52.4813,84.3797
E_accelerating_subsidence_0441_0225,0.00h,23.83h,accelerating_subsidence,moderate,"(-112.5,37.5)",297.8433,478.8742
E_accelerating_subsidence_0442_0102,0.00h,23.83h,accelerating_subsidence,moderate,"(-187.5,-112.5)",2.743,4.4103
E_accelerating_subsidence_0443_0331,0.00h,23.83h,accelerating_subsidence,moderate,"(37.5,162.5)",44.117,70.9316
E_accelerating_subsidence_0444_0105,0.00h,23.83h,accelerating_subsidence,moderate,"(-112.5,-112.5)",62.4314,100.3775
E_accelerating_subsidence_0445_0100,0.00h,23.83h,accelerating_subsidence,moderate,"(-237.5,-112.5)",0.1434,0.2305
E_accelerating_subsidence_0446_0124,0.00h,23.83h,accelerating_subsidence,moderate,"(-137.5,-87.5)",52.4813,84.3797
E_accelerating_subsidence_0447_0327,0.00h,23.83h,accelerating_subsidence,moderate,"(-62.5,162.5)",31.1752,50.1237
E_accelerating_subsidence_0448_0072,0.00h,23.83h,accelerating_subsidence,moderate,"(62.5,-162.5)",31.1752,50.1237
E_accelerating_subsidence_0449_0114,0.00h,23.83h,accelerating_subsidence,moderate,"(112.5,-112.5)",62.4314,100.3775
E_accelerating_subsidence_0450_0284,0.00h,23.83h,accelerating_subsidence,moderate,"(-137.5,112.5)",26.2066,42.1351
E_accelerating_subsidence_0451_0032,0.00h,23.83h,accelerating_subsidence,moderate,"(62.5,-212.5)",2.3059,3.7074
E_accelerating_subsidence_0452_0134,0.00h,23.83h,accelerating_subsidence,moderate,"(112.5,-87.5)",125.0248,201.0156
E_accelerating_subsidence_0453_0023,0.00h,23.83h,accelerating_subsidence,moderate,"(-162.5,-212.5)",0.1013,0.1629
E_accelerating_subsidence_0454_0305,0.00h,23.83h,accelerating_subsidence,moderate,"(-112.5,137.5)",26.2066,42.1351
E_accelerating_subsidence_0455_0310,0.00h,23.83h,accelerating_subsidence,moderate,"(12.5,137.5)",148.7286,239.1267
E_accelerating_subsidence_0456_0295,0.00h,23.83h,accelerating_subsidence,moderate,"(137.5,112.5)",26.2066,42.1351
E_accelerating_subsidence_0457_0165,0.00h,23.83h,accelerating_subsidence,moderate,"(-112.5,-37.5)",297.8433,478.8742
E_accelerating_subsidence_0458_0181,0.00h,23.83h,accelerating_subsidence,moderate,"(-212.5,-12.5)",3.8818,6.2411
E_accelerating_subsidence_0459_0045,0.00h,23.83h,accelerating_subsidence,moderate,"(-112.5,-187.5)",2.743,4.4103
E_accelerating_subsidence_0460_0025,0.00h,23.83h,accelerating_subsidence,moderate,"(-112.5,-212.5)",0.684,1.0997
E_accelerating_subsidence_0461_0170,0.00h,23.83h,accelerating_subsidence,moderate,"(12.5,-37.5)",1690.3295,2717.7211
E_accelerating_subsidence_0462_0239,0.00h,23.83h,accelerating_subsidence,moderate,"(237.5,37.5)",0.684,1.0997
E_accelerating_subsidence_0463_0148,0.00h,23.83h,accelerating_subsidence,moderate,"(-37.5,-62.5)",1004.0985,1614.3951
E_accelerating_subsidence_0464_0278,0.00h,23.83h,accelerating_subsidence,moderate,"(212.5,87.5)",1.3697,2.2023
E_accelerating_subsidence_0465_0394,0.00h,23.83h,accelerating_subsidence,moderate,"(112.5,237.5)",0.1434,0.2305
E_accelerating_subsidence_0466_0306,0.00h,23.83h,accelerating_subsidence,moderate,"(-87.5,137.5)",52.4813,84.3797
E_accelerating_subsidence_0467_0302,0.00h,23.83h,accelerating_subsidence,moderate,"(-187.5,137.5)",1.1514,1.8513
E_accelerating_subsidence_0468_0008,0.00h,23.83h,accelerating_subsidence,moderate,"(-37.5,-237.5)",0.684,1.0997
E_accelerating_subsidence_0469_0128,0.00h,23.83h,accelerating_subsidence,moderate,"(-37.5,-87.5)",596.4599,958.9916
E_accelerating_subsidence_0470_0328,0.00h,23.83h,accelerating_subsidence,moderate,"(-37.5,162.5)",44.117,70.9316
E_accelerating_subsidence_0471_0061,0.00h,23.83h,accelerating_subsidence,moderate,"(-212.5,-162.5)",0.1013,0.1629
E_accelerating_subsidence_0472_0203,0.00h,23.83h,accelerating_subsidence,moderate,"(-162.5,12.5)",52.4813,84.3797
E_accelerating_subsidence_0473_0385,0.00h,23.83h,accelerating_subsidence,moderate,"(-112.5,237.5)",0.1434,0.2305
E_accelerating_subsidence_0474_0226,0.00h,23.83h,accelerating_subsidence,moderate,"(-87.5,37.5)",596.4599,958.9916
E_accelerating_subsidence_0475_0023,0.00h,23.83h,accelerating_subsidence,moderate,"(-162.5,-212.5)",0.1013,0.1629
E_accelerating_subsidence_0476_0196,0.00h,23.83h,accelerating_subsidence,moderate,"(162.5,-12.5)",52.4813,84.3797
E_accelerating_subsidence_0477_0198,0.00h,23.83h,accelerating_subsidence,moderate,"(212.5,-12.5)",3.8818,6.2411
E_accelerating_subsidence_0478_0045,0.00h,23.83h,accelerating_subsidence,moderate,"(-112.5,-187.5)",2.743,4.4103
E_accelerating_subsidence_0479_0021,0.00h,23.83h,accelerating_subsidence,moderate,"(-212.5,-212.5)",0.0075,0.012
E_accelerating_subsidence_0480_0319,0.00h,23.83h,accelerating_subsidence,moderate,"(237.5,137.5)",0.0602,0.0968
E_accelerating_subsidence_0481_0359,0.00h,23.83h,accelerating_subsidence,moderate,"(237.5,187.5)",0.0063,0.0101
E_accelerating_subsidence_0482_0055,0.00h,23.83h,accelerating_subsidence,moderate,"(137.5,-187.5)",1.1514,1.8513
E_accelerating_subsidence_0483_0375,0.00h,23.83h,accelerating_subsidence,moderate,"(137.5,212.5)",0.2871,0.4616
E_accelerating_subsidence_0484_0061,0.00h,23.83h,accelerating_subsidence,moderate,"(-212.5,-162.5)",0.1013,0.1629
E_accelerating_subsidence_0485_0126,0.00h,23.83h,accelerating_subsidence,moderate,"(-87.5,-87.5)",250.3742,402.553
E_accelerating_subsidence_0486_0245,0.00h,23.83h,accelerating_subsidence,moderate,"(-112.5,62.5)",210.4705,338.3956
E_accelerating_subsidence_0487_0122,0.00h,23.83h,accelerating_subsidence,moderate,"(-187.5,-87.5)",5.4932,8.832
E_accelerating_subsidence_0488_0100,0.00h,23.83h,accelerating_subsidence,moderate,"(-237.5,-112.5)",0.1434,0.2305
E_accelerating_subsidence_0489_0062,0.00h,23.83h,accelerating_subsidence,moderate,"(-187.5,-162.5)",0.4063,0.6533
E_accelerating_subsidence_0490_0261,0.00h,23.83h,accelerating_subsidence,moderate,"(-212.5,87.5)",1.3697,2.2023
E_accelerating_subsidence_0491_0348,0.00h,23.83h,accelerating_subsidence,moderate,"(-37.5,187.5)",13.0863,21.0403
E_accelerating_subsidence_0492_0010,0.00h,23.83h,accelerating_subsidence,moderate,"(12.5,-237.5)",0.8137,1.3082
E_accelerating_subsidence_0493_0375,0.00h,23.83h,accelerating_subsidence,moderate,"(137.5,212.5)",0.2871,0.4616
E_accelerating_subsidence_0494_0094,0.00h,23.83h,accelerating_subsidence,moderate,"(112.5,-137.5)",26.2066,42.1351
E_accelerating_subsidence_0495_0114,0.00h,23.83h,accelerating_subsidence,moderate,"(112.5,-112.5)",62.4314,100.3775
E_accelerating_subsidence_0496_0356,0.00h,23.83h,accelerating_subsidence,moderate,"(162.5,187.5)",0.4063,0.6533
E_accelerating_subsidence_0497_0208,0.00h,23.83h,accelerating_subsidence,moderate,"(-37.5,12.5)",1690.3295,2717.7211
E_accelerating_subsidence_0498_0132,0.00h,23.83h,accelerating_subsidence,moderate,"(62.5,-87.5)",421.4874,677.6697
E_accelerating_subsidence_0499_0136,0.00h,23.83h,accelerating_subsidence,moderate,"(162.5,-87.5)",18.5189,29.7747
E_accelerating_subsidence_0500_0263,0.00h,23.83h,accelerating_subsidence,moderate,"(-162.5,87.5)",18.5189,29.7747
E_accelerating_subsidence_0501_0283,0.00h,23.83h,accelerating_subsidence,moderate,"(-162.5,112.5)",9.2474,14.8681
E_accelerating_subsidence_0502_0116,0.00h,23.83h,accelerating_subsidence,moderate,"(162.5,-112.5)",9.2474,14.8681
E_accelerating_subsidence_0503_0045,0.00h,23.83h,accelerating_subsidence,moderate,"(-112.5,-187.5)",2.743,4.4103
E_accelerating_subsidence_0504_0360,0.00h,23.83h,accelerating_subsidence,moderate,"(-237.5,212.5)",0.0016,0.0025
E_accelerating_subsidence_0505_0102,0.00h,23.83h,accelerating_subsidence,moderate,"(-187.5,-112.5)",2.743,4.4103
E_accelerating_subsidence_0506_0365,0.00h,23.83h,accelerating_subsidence,moderate,"(-112.5,212.5)",0.684,1.0997
E_accelerating_subsidence_0507_0090,0.00h,23.83h,accelerating_subsidence,moderate,"(12.5,-137.5)",148.7286,239.1267
E_accelerating_subsidence_0508_0312,0.00h,23.83h,accelerating_subsidence,moderate,"(62.5,137.5)",88.3486,142.0473
E_accelerating_subsidence_0509_0182,0.00h,23.83h,accelerating_subsidence,moderate,"(-187.5,-12.5)",15.5674,25.0293
E_accelerating_subsidence_0510_0250,0.00h,23.83h,accelerating_subsidence,moderate,"(12.5,62.5)",1194.4684,1920.4729
E_accelerating_subsidence_0511_0284,0.00h,23.83h,accelerating_subsidence,moderate,"(-137.5,112.5)",26.2066,42.1351
E_accelerating_subsidence_0512_0177,0.00h,23.83h,accelerating_subsidence,moderate,"(187.5,-37.5)",13.0863,21.0403
E_accelerating_subsidence_0513_0150,0.00h,23.83h,accelerating_subsidence,moderate,"(12.5,-62.5)",1194.4684,1920.4729
E_accelerating_subsidence_0514_0342,0.00h,23.83h,accelerating_subsidence,moderate,"(-187.5,187.5)",0.1205,0.1938
E_accelerating_subsidence_0515_0030,0.00h,23.83h,accelerating_subsidence,moderate,"(12.5,-212.5)",3.8818,6.2411
E_accelerating_subsidence_0516_0333,0.00h,23.83h,accelerating_subsidence,moderate,"(87.5,162.5)",18.5189,29.7747
E_accelerating_subsidence_0517_0316,0.00h,23.83h,accelerating_subsidence,moderate,"(162.5,137.5)",3.8818,6.2411
E_accelerating_subsidence_0518_0343,0.00h,23.83h,accelerating_subsidence,moderate,"(-162.5,187.5)",0.4063,0.6533
E_accelerating_subsidence_0519_0076,0.00h,23.83h,accelerating_subsidence,moderate,"(162.5,-162.5)",1.3697,2.2023
E_accelerating_subsidence_0520_0350,0.00h,23.83h,accelerating_subsidence,moderate,"(12.5,187.5)",15.5674,25.0293
E_accelerating_subsidence_0521_0217,0.00h,23.83h,accelerating_subsidence,moderate,"(187.5,12.5)",15.5674,25.0293
E_accelerating_subsidence_0522_0126,0.00h,23.83h,accelerating_subsidence,moderate,"(-87.5,-87.5)",250.3742,402.553
E_accelerating_subsidence_0523_0394,0.00h,23.83h,accelerating_subsidence,moderate,"(112.5,237.5)",0.1434,0.2305
E_accelerating_subsidence_0524_0384,0.00h,23.83h,accelerating_subsidence,moderate,"(-137.5,237.5)",0.0602,0.0968
E_accelerating_subsidence_0525_0272,0.00h,23.83h,accelerating_subsidence,moderate,"(62.5,87.5)",421.4874,677.6697
E_accelerating_subsidence_0526_0218,0.00h,23.83h,accelerating_subsidence,moderate,"(212.5,12.5)",3.8818,6.2411
E_accelerating_subsidence_0527_0394,0.00h,23.83h,accelerating_subsidence,moderate,"(112.5,237.5)",0.1434,0.2305
E_accelerating_subsidence_0528_0087,0.00h,23.83h,accelerating_subsidence,moderate,"(-62.5,-137.5)",88.3486,142.0473
E_accelerating_subsidence_0529_0017,0.00h,23.83h,accelerating_subsidence,moderate,"(187.5,-237.5)",0.0063,0.0101
E_accelerating_subsidence_0530_0180,0.00h,23.83h,accelerating_subsidence,moderate,"(-237.5,-12.5)",0.8137,1.3082
E_accelerating_subsidence_0531_0127,0.00h,23.83h,accelerating_subsidence,moderate,"(-62.5,-87.5)",421.4874,677.6697
E_accelerating_subsidence_0532_0230,0.00h,23.83h,accelerating_subsidence,moderate,"(12.5,37.5)",1690.3295,2717.7211
E_accelerating_subsidence_0533_0303,0.00h,23.83h,accelerating_subsidence,moderate,"(-162.5,137.5)",3.8818,6.2411
E_accelerating_subsidence_0534_0173,0.00h,23.83h,accelerating_subsidence,moderate,"(87.5,-37.5)",596.4599,958.9916
E_accelerating_subsidence_0535_0351,0.00h,23.83h,accelerating_subsidence,moderate,"(37.5,187.5)",13.0863,21.0403
E_accelerating_subsidence_0536_0234,0.00h,23.83h,accelerating_subsidence,moderate,"(112.5,37.5)",297.8433,478.8742
E_accelerating_subsidence_0537_0070,0.00h,23.83h,accelerating_subsidence,moderate,"(12.5,-162.5)",52.4813,84.3797
E_accelerating_subsidence_0538_0180,0.00h,23.83h,accelerating_subsidence,moderate,"(-237.5,-12.5)",0.8137,1.3082
E_accelerating_subsidence_0539_0393,0.00h,23.83h,accelerating_subsidence,moderate,"(87.5,237.5)",0.2871,0.4616
E_accelerating_subsidence_0540_0275,0.00h,23.83h,accelerating_subsidence,moderate,"(137.5,87.5)",52.4813,84.3797
E_accelerating_subsidence_0541_0229,0.00h,23.83h,accelerating_subsidence,moderate,"(-12.5,37.5)",1690.3295,2717.7211
E_accelerating_subsidence_0542_0006,0.00h,23.83h,accelerating_subsidence,moderate,"(-87.5,-237.5)",0.2871,0.4616
E_accelerating_subsidence_0543_0031,0.00h,23.83h,accelerating_subsidence,moderate,"(37.5,-212.5)",3.2631,5.2464
E_accelerating_subsidence_0544_0283,0.00h,23.83h,accelerating_subsidence,moderate,"(-162.5,112.5)",9.2474,14.8681
E_accelerating_subsidence_0545_0392,0.00h,23.83h,accelerating_subsidence,moderate,"(62.5,237.5)",0.4833,0.7771
E_accelerating_subsidence_0546_0088,0.00h,23.83h,accelerating_subsidence,moderate,"(-37.5,-137.5)",125.0248,201.0156
E_accelerating_subsidence_0547_0037,0.00h,23.83h,accelerating_subsidence,moderate,"(187.5,-212.5)",0.0301,0.0483
E_accelerating_subsidence_0548_0148,0.00h,23.83h,accelerating_subsidence,moderate,"(-37.5,-62.5)",1004.0985,1614.3951
E_accelerating_subsidence_0549_0176,0.00h,23.83h,accelerating_subsidence,moderate,"(162.5,-37.5)",44.117,70.9316
E_accelerating_subsidence_0550_0167,0.00h,23.83h,accelerating_subsidence,moderate,"(-62.5,-37.5)",1004.0985,1614.3951
E_accelerating_subsidence_0551_0260,0.00h,23.83h,accelerating_subsidence,moderate,"(-237.5,87.5)",0.2871,0.4616
E_accelerating_subsidence_0552_0072,0.00h,23.83h,accelerating_subsidence,moderate,"(62.5,-162.5)",31.1752,50.1237
E_accelerating_subsidence_0553_0386,0.00h,23.83h,accelerating_subsidence,moderate,"(-87.5,237.5)",0.2871,0.4616
E_accelerating_subsidence_0554_0044,0.00h,23.83h,accelerating_subsidence,moderate,"(-137.5,-187.5)",1.1514,1.8513
E_accelerating_subsidence_0555_0200,0.00h,23.83h,accelerating_subsidence,moderate,"(-237.5,12.5)",0.8137,1.3082
E_accelerating_subsidence_0556_0348,0.00h,23.83h,accelerating_subsidence,moderate,"(-37.5,187.5)",13.0863,21.0403
E_accelerating_subsidence_0557_0395,0.00h,23.83h,accelerating_subsidence,moderate,"(137.5,237.5)",0.0602,0.0968
E_accelerating_subsidence_0558_0390,0.00h,23.83h,accelerating_subsidence,moderate,"(12.5,237.5)",0.8137,1.3082
E_accelerating_subsidence_0559_0389,0.00h,23.83h,accelerating_subsidence,moderate,"(-12.5,237.5)",0.8137,1.3082
E_accelerating_subsidence_0560_0143,0.00h,23.83h,accelerating_subsidence,moderate,"(-162.5,-62.5)",31.1752,50.1237
E_accelerating_subsidence_0561_0032,0.00h,23.83h,accelerating_subsidence,moderate,"(62.5,-212.5)",2.3059,3.7074
E_accelerating_subsidence_0562_0030,0.00h,23.83h,accelerating_subsidence,moderate,"(12.5,-212.5)",3.8818,6.2411
E_accelerating_subsidence_0563_0294,0.00h,23.83h,accelerating_subsidence,moderate,"(112.5,112.5)",62.4314,100.3775
E_accelerating_subsidence_0564_0157,0.00h,23.83h,accelerating_subsidence,moderate,"(187.5,-62.5)",9.2474,14.8681
E_accelerating_subsidence_0565_0040,0.00h,23.83h,accelerating_subsidence,moderate,"(-237.5,-187.5)",0.0063,0.0101
E_accelerating_subsidence_0566_0079,0.00h,23.83h,accelerating_subsidence,moderate,"(237.5,-162.5)",0.0212,0.0341
E_accelerating_subsidence_0567_0086,0.00h,23.83h,accelerating_subsidence,moderate,"(-87.5,-137.5)",52.4813,84.3797
E_accelerating_subsidence_0568_0106,0.00h,23.83h,accelerating_subsidence,moderate,"(-87.5,-112.5)",125.0248,201.0156
E_accelerating_subsidence_0569_0188,0.00h,23.83h,accelerating_subsidence,moderate,"(-37.5,-12.5)",1690.3295,2717.7211
E_accelerating_subsidence_0570_0048,0.00h,23.83h,accelerating_subsidence,moderate,"(-37.5,-187.5)",13.0863,21.0403
E_accelerating_subsidence_0571_0097,0.00h,23.83h,accelerating_subsidence,moderate,"(187.5,-137.5)",1.1514,1.8513
E_accelerating_subsidence_0572_0067,0.00h,23.83h,accelerating_subsidence,moderate,"(-62.5,-162.5)",31.1752,50.1237
E_accelerating_subsidence_0573_0110,0.00h,23.83h,accelerating_subsidence,moderate,"(12.5,-112.5)",354.3123,569.6653
E_accelerating_subsidence_0574_0244,0.00h,23.83h,accelerating_subsidence,moderate,"(-137.5,62.5)",88.3486,142.0473
E_accelerating_subsidence_0575_0042,0.00h,23.83h,accelerating_subsidence,moderate,"(-187.5,-187.5)",0.1205,0.1938
E_accelerating_subsidence_0576_0025,0.00h,23.83h,accelerating_subsidence,moderate,"(-112.5,-212.5)",0.684,1.0997
E_accelerating_subsidence_0577_0294,0.00h,23.83h,accelerating_subsidence,moderate,"(112.5,112.5)",62.4314,100.3775
E_accelerating_subsidence_0578_0203,0.00h,23.83h,accelerating_subsidence,moderate,"(-162.5,12.5)",52.4813,84.3797
E_accelerating_subsidence_0579_0288,0.00h,23.83h,accelerating_subsidence,moderate,"(-37.5,112.5)",297.8433,478.8742
E_accelerating_subsidence_0580_0227,0.00h,23.83h,accelerating_subsidence,moderate,"(-62.5,37.5)",1004.0985,1614.3951
E_accelerating_subsidence_0581_0144,0.00h,23.83h,accelerating_subsidence,moderate,"(-137.5,-62.5)",88.3486,142.0473
E_accelerating_subsidence_0582_0395,0.00h,23.83h,accelerating_subsidence,moderate,"(137.5,237.5)",0.0602,0.0968
E_accelerating_subsidence_0583_0095,0.00h,23.83h,accelerating_subsidence,moderate,"(137.5,-137.5)",11.0007,17.6869
E_accelerating_subsidence_0584_0128,0.00h,23.83h,accelerating_subsidence,moderate,"(-37.5,-87.5)",596.4599,958.9916
E_accelerating_subsidence_0585_0309,0.00h,23.83h,accelerating_subsidence,moderate,"(-12.5,137.5)",148.7286,239.1267
E_accelerating_subsidence_0586_0340,0.00h,23.83h,accelerating_subsidence,moderate,"(-237.5,187.5)",0.0063,0.0101
E_accelerating_subsidence_0587_0171,0.00h,23.83h,accelerating_subsidence,moderate,"(37.5,-37.5)",1420.9311,2284.5809
E_accelerating_subsidence_0588_0372,0.00h,23.83h,accelerating_subsidence,moderate,"(62.5,212.5)",2.3059,3.7074
E_accelerating_subsidence_0589_0387,0.00h,23.83h,accelerating_subsidence,moderate,"(-62.5,237.5)",0.4833,0.7771
E_accelerating_subsidence_0590_0097,0.00h,23.83h,accelerating_subsidence,moderate,"(187.5,-137.5)",1.1514,1.8513
E_accelerating_subsidence_0591_0038,0.00h,23.83h,accelerating_subsidence,moderate,"(212.5,-212.5)",0.0075,0.012
E_accelerating_subsidence_0592_0158,0.00h,23.83h,accelerating_subsidence,moderate,"(212.5,-62.5)",2.3059,3.7074
E_accelerating_subsidence_0593_0343,0.00h,23.83h,accelerating_subsidence,moderate,"(-162.5,187.5)",0.4063,0.6533
E_accelerating_subsidence_0594_0397,0.00h,23.83h,accelerating_subsidence,moderate,"(187.5,237.5)",0.0063,0.0101
E_accelerating_subsidence_0595_0130,0.00h,23.83h,accelerating_subsidence,moderate,"(12.5,-87.5)",709.5445,1140.8095
E_accelerating_subsidence_0596_0137,0.00h,23.83h,accelerating_subsidence,moderate,"(187.5,-87.5)",5.4932,8.832
E_accelerating_subsidence_0597_0352,0.00h,23.83h,accelerating_subsidence,moderate,"(62.5,187.5)",9.2474,14.8681
E_accelerating_subsidence_0598_0137,0.00h,23.83h,accelerating_subsidence,moderate,"(187.5,-87.5)",5.4932,8.832
E_accelerating_subsidence_0599_0249,0.00h,23.83h,accelerating_subsidence,moderate,"(-12.5,62.5)",1194.4684,1920.4729
E_accelerating_subsidence_0600_0398,0.00h,23.83h,accelerating_subsidence,moderate,"(212.5,237.5)",0.0016,0.0025
E_accelerating_subsidence_0601_0215,0.00h,23.83h,accelerating_subsidence,moderate,"(137.5,12.5)",148.7286,239.1267
E_accelerating_subsidence_0602_0012,0.00h,23.83h,accelerating_subsidence,moderate,"(62.5,-237.5)",0.4833,0.7771
E_accelerating_subsidence_0603_0085,0.00h,23.83h,accelerating_subsidence,moderate,"(-112.5,-137.5)",26.2066,42.1351
E_accelerating_subsidence_0604_0137,0.00h,23.83h,accelerating_subsidence,moderate,"(187.5,-87.5)",5.4932,8.832
E_accelerating_subsidence_0605_0375,0.00h,23.83h,accelerating_subsidence,moderate,"(137.5,212.5)",0.2871,0.4616
E_accelerating_subsidence_0606_0076,0.00h,23.83h,accelerating_subsidence,moderate,"(162.5,-162.5)",1.3697,2.2023
E_accelerating_subsidence_0607_0020,0.00h,23.83h,accelerating_subsidence,moderate,"(-237.5,-212.5)",0.0016,0.0025
E_accelerating_subsidence_0608_0120,0.00h,23.83h,accelerating_subsidence,moderate,"(-237.5,-87.5)",0.2871,0.4616
E_accelerating_subsidence_0609_0277,0.00h,23.83h,accelerating_subsidence,moderate,"(187.5,87.5)",5.4932,8.832
E_accelerating_subsidence_0610_0046,0.00h,23.83h,accelerating_subsidence,moderate,"(-87.5,-187.5)",5.4932,8.832
E_accelerating_subsidence_0611_0229,0.00h,23.83h,accelerating_subsidence,moderate,"(-12.5,37.5)",1690.3295,2717.7211
E_accelerating_subsidence_0612_0094,0.00h,23.83h,accelerating_subsidence,moderate,"(112.5,-137.5)",26.2066,42.1351
E_accelerating_subsidence_0613_0172,0.00h,23.83h,accelerating_subsidence,moderate,"(62.5,-37.5)",1004.0985,1614.3951
E_accelerating_subsidence_0614_0282,0.00h,23.83h,accelerating_subsidence,moderate,"(-187.5,112.5)",2.743,4.4103
E_accelerating_subsidence_0615_0334,0.00h,23.83h,accelerating_subsidence,moderate,"(112.5,162.5)",9.2474,14.8681
E_accelerating_subsidence_0616_0163,0.00h,23.83h,accelerating_subsidence,moderate,"(-162.5,-37.5)",44.117,70.9316
E_accelerating_subsidence_0617_0294,0.00h,23.83h,accelerating_subsidence,moderate,"(112.5,112.5)",62.4314,100.3775
E_accelerating_subsidence_0618_0297,0.00h,23.83h,accelerating_subsidence,moderate,"(187.5,112.5)",2.743,4.4103
E_accelerating_subsidence_0619_0219,0.00h,23.83h,accelerating_subsidence,moderate,"(237.5,12.5)",0.8137,1.3082
E_accelerating_subsidence_0620_0287,0.00h,23.83h,accelerating_subsidence,moderate,"(-62.5,112.5)",210.4705,338.3956
E_accelerating_subsidence_0621_0137,0.00h,23.83h,accelerating_subsidence,moderate,"(187.5,-87.5)",5.4932,8.832
E_accelerating_subsidence_0622_0173,0.00h,23.83h,accelerating_subsidence,moderate,"(87.5,-37.5)",596.4599,958.9916
E_accelerating_subsidence_0623_0251,0.00h,23.83h,accelerating_subsidence,moderate,"(37.5,62.5)",1004.0985,1614.3951
E_accelerating_subsidence_0624_0382,0.00h,23.83h,accelerating_subsidence,moderate,"(-187.5,237.5)",0.0063,0.0101
E_rapid_subsidence_0000_0164,0.00h,23.83h,rapid_subsidence,severe,"(-137.5,-37.5)",107.8679,248.3211
E_rapid_subsidence_0001_0121,0.00h,23.83h,rapid_subsidence,severe,"(-212.5,-87.5)",1.1818,2.7205
E_rapid_subsidence_0002_0297,0.00h,23.83h,rapid_subsidence,severe,"(187.5,112.5)",2.3666,5.4482
E_rapid_subsidence_0003_0233,0.00h,23.83h,rapid_subsidence,severe,"(87.5,37.5)",514.6089,1184.6739
E_rapid_subsidence_0004_0388,0.00h,23.83h,rapid_subsidence,severe,"(-37.5,237.5)",0.5901,1.3585
E_rapid_subsidence_0005_0136,0.00h,23.83h,rapid_subsidence,severe,"(162.5,-87.5)",15.9776,36.7817
E_rapid_subsidence_0006_0319,0.00h,23.83h,rapid_subsidence,severe,"(237.5,137.5)",0.0519,0.1195
E_rapid_subsidence_0007_0019,0.00h,23.83h,rapid_subsidence,severe,"(237.5,-237.5)",0.0003,0.0007
E_rapid_subsidence_0008_0308,0.00h,23.83h,rapid_subsidence,severe,"(-37.5,137.5)",107.8679,248.3211
E_rapid_subsidence_0009_0334,0.00h,23.83h,rapid_subsidence,severe,"(112.5,162.5)",7.9784,18.367
E_rapid_subsidence_0010_0075,0.00h,23.83h,rapid_subsidence,severe,"(137.5,-162.5)",3.3491,7.7099
E_rapid_subsidence_0011_0109,0.00h,23.83h,rapid_subsidence,severe,"(-12.5,-112.5)",305.6907,703.7263
E_rapid_subsidence_0012_0127,0.00h,23.83h,rapid_subsidence,severe,"(-62.5,-87.5)",363.6475,837.1478
E_rapid_subsidence_0013_0119,0.00h,23.83h,rapid_subsidence,severe,"(237.5,-112.5)",0.1237,0.2848
E_rapid_subsidence_0014_0034,0.00h,23.83h,rapid_subsidence,severe,"(112.5,-212.5)",0.5901,1.3585
E_rapid_subsidence_0015_0318,0.00h,23.83h,rapid_subsidence,severe,"(212.5,137.5)",0.2477,0.5703
E_rapid_subsidence_0016_0025,0.00h,23.83h,rapid_subsidence,severe,"(-112.5,-212.5)",0.5901,1.3585
E_rapid_subsidence_0017_0222,0.00h,23.83h,rapid_subsidence,severe,"(-187.5,37.5)",11.2905,25.9917
E_rapid_subsidence_0018_0333,0.00h,23.83h,rapid_subsidence,severe,"(87.5,162.5)",15.9776,36.7817
E_rapid_subsidence_0019_0000,0.00h,23.83h,rapid_subsidence,severe,"(-237.5,-237.5)",0.0003,0.0007
E_rapid_subsidence_0020_0152,0.00h,23.83h,rapid_subsidence,severe,"(62.5,-62.5)",612.1751,1409.2796
E_rapid_subsidence_0021_0270,0.00h,23.83h,rapid_subsidence,severe,"(12.5,87.5)",612.1751,1409.2796
E_rapid_subsidence_0022_0288,0.00h,23.83h,rapid_subsidence,severe,"(-37.5,112.5)",256.9709,591.569
E_rapid_subsidence_0023_0207,0.00h,23.83h,rapid_subsidence,severe,"(-62.5,12.5)",1030.5538,2372.4235
E_rapid_subsidence_0024_0315,0.00h,23.83h,rapid_subsidence,severe,"(137.5,137.5)",9.4911,21.8493
E_rapid_subsidence_0025_0002,0.00h,23.83h,rapid_subsidence,severe,"(-187.5,-237.5)",0.0054,0.0125
E_rapid_subsidence_0026_0365,0.00h,23.83h,rapid_subsidence,severe,"(-112.5,212.5)",0.5901,1.3585
E_rapid_subsidence_0027_0307,0.00h,23.83h,rapid_subsidence,severe,"(-62.5,137.5)",76.2247,175.4757
E_rapid_subsidence_0028_0211,0.00h,23.83h,rapid_subsidence,severe,"(37.5,12.5)",1458.3688,3357.2904
E_rapid_subsidence_0029_0305,0.00h,23.83h,rapid_subsidence,severe,"(-112.5,137.5)",22.6103,52.0509
E_rapid_subsidence_0030_0095,0.00h,23.83h,rapid_subsidence,severe,"(137.5,-137.5)",9.4911,21.8493
E_rapid_subsidence_0031_0173,0.00h,23.83h,rapid_subsidence,severe,"(87.5,-37.5)",514.6089,1184.6739
E_rapid_subsidence_0032_0057,0.00h,23.83h,rapid_subsidence,severe,"(187.5,-187.5)",0.104,0.2394
E_rapid_subsidence_0033_0094,0.00h,23.83h,rapid_subsidence,severe,"(112.5,-137.5)",22.6103,52.0509
E_rapid_subsidence_0034_0147,0.00h,23.83h,rapid_subsidence,severe,"(-62.5,-62.5)",612.1751,1409.2796
E_rapid_subsidence_0035_0283,0.00h,23.83h,rapid_subsidence,severe,"(-162.5,112.5)",7.9784,18.367
E_rapid_subsidence_0036_0099,0.00h,23.83h,rapid_subsidence,severe,"(237.5,-137.5)",0.0519,0.1195
E_rapid_subsidence_0037_0097,0.00h,23.83h,rapid_subsidence,severe,"(187.5,-137.5)",0.9934,2.287
E_rapid_subsidence_0038_0136,0.00h,23.83h,rapid_subsidence,severe,"(162.5,-87.5)",15.9776,36.7817
E_rapid_subsidence_0039_0072,0.00h,23.83h,rapid_subsidence,severe,"(62.5,-162.5)",26.8971,61.9194
E_rapid_subsidence_0040_0181,0.00h,23.83h,rapid_subsidence,severe,"(-212.5,-12.5)",3.3491,7.7099
E_rapid_subsidence_0041_0132,0.00h,23.83h,rapid_subsidence,severe,"(62.5,-87.5)",363.6475,837.1478
E_rapid_subsidence_0042_0268,0.00h,23.83h,rapid_subsidence,severe,"(-37.5,87.5)",514.6089,1184.6739
E_rapid_subsidence_0043_0150,0.00h,23.83h,rapid_subsidence,severe,"(12.5,-62.5)",1030.5538,2372.4235
E_rapid_subsidence_0044_0145,0.00h,23.83h,rapid_subsidence,severe,"(-112.5,-62.5)",181.588,418.0312
E_rapid_subsidence_0045_0060,0.00h,23.83h,rapid_subsidence,severe,"(-237.5,-162.5)",0.0183,0.0422
E_rapid_subsidence_0046_0321,0.00h,23.83h,rapid_subsidence,severe,"(-212.5,162.5)",0.0874,0.2012
E_rapid_subsidence_0047_0037,0.00h,23.83h,rapid_subsidence,severe,"(187.5,-212.5)",0.0259,0.0597
E_rapid_subsidence_0048_0399,0.00h,23.83h,rapid_subsidence,severe,"(237.5,237.5)",0.0003,0.0007
E_rapid_subsidence_0049_0099,0.00h,23.83h,rapid_subsidence,severe,"(237.5,-137.5)",0.0519,0.1195
E_rapid_subsidence_0050_0149,0.00h,23.83h,rapid_subsidence,severe,"(-12.5,-62.5)",1030.5538,2372.4235
E_rapid_subsidence_0051_0375,0.00h,23.83h,rapid_subsidence,severe,"(137.5,212.5)",0.2477,0.5703
E_rapid_subsidence_0052_0005,0.00h,23.83h,rapid_subsidence,severe,"(-112.5,-237.5)",0.1237,0.2848
E_rapid_subsidence_0053_0382,0.00h,23.83h,rapid_subsidence,severe,"(-187.5,237.5)",0.0054,0.0125
E_rapid_subsidence_0054_0130,0.00h,23.83h,rapid_subsidence,severe,"(12.5,-87.5)",612.1751,1409.2796
E_rapid_subsidence_0055_0051,0.00h,23.83h,rapid_subsidence,severe,"(37.5,-187.5)",11.2905,25.9917
E_rapid_subsidence_0056_0016,0.00h,23.83h,rapid_subsidence,severe,"(162.5,-237.5)",0.0183,0.0422
E_rapid_subsidence_0057_0329,0.00h,23.83h,rapid_subsidence,severe,"(-12.5,162.5)",45.2794,104.237
E_rapid_subsidence_0058_0265,0.00h,23.83h,rapid_subsidence,severe,"(-112.5,87.5)",107.8679,248.3211
E_rapid_subsidence_0059_0382,0.00h,23.83h,rapid_subsidence,severe,"(-187.5,237.5)",0.0054,0.0125
E_rapid_subsidence_0060_0358,0.00h,23.83h,rapid_subsidence,severe,"(212.5,187.5)",0.0259,0.0597
E_rapid_subsidence_0061_0098,0.00h,23.83h,rapid_subsidence,severe,"(212.5,-137.5)",0.2477,0.5703
E_rapid_subsidence_0062_0012,0.00h,23.83h,rapid_subsidence,severe,"(62.5,-237.5)",0.417,0.96
E_rapid_subsidence_0063_0076,0.00h,23.83h,rapid_subsidence,severe,"(162.5,-162.5)",1.1818,2.7205
E_rapid_subsidence_0064_0256,0.00h,23.83h,rapid_subsidence,severe,"(162.5,62.5)",26.8971,61.9194
E_rapid_subsidence_0065_0367,0.00h,23.83h,rapid_subsidence,severe,"(-62.5,212.5)",1.9894,4.5799
E_rapid_subsidence_0066_0095,0.00h,23.83h,rapid_subsidence,severe,"(137.5,-137.5)",9.4911,21.8493
E_rapid_subsidence_0067_0071,0.00h,23.83h,rapid_subsidence,severe,"(37.5,-162.5)",38.0629,87.6241
E_rapid_subsidence_0068_0307,0.00h,23.83h,rapid_subsidence,severe,"(-62.5,137.5)",76.2247,175.4757
E_rapid_subsidence_0069_0137,0.00h,23.83h,rapid_subsidence,severe,"(187.5,-87.5)",4.7394,10.9105
E_rapid_subsidence_0070_0260,0.00h,23.83h,rapid_subsidence,severe,"(-237.5,87.5)",0.2477,0.5703
E_rapid_subsidence_0071_0397,0.00h,23.83h,rapid_subsidence,severe,"(187.5,237.5)",0.0054,0.0125
E_rapid_subsidence_0072_0015,0.00h,23.83h,rapid_subsidence,severe,"(137.5,-237.5)",0.0519,0.1195
E_rapid_subsidence_0073_0370,0.00h,23.83h,rapid_subsidence,severe,"(12.5,212.5)",3.3491,7.7099
E_rapid_subsidence_0074_0119,0.00h,23.83h,rapid_subsidence,severe,"(237.5,-112.5)",0.1237,0.2848
E_rapid_subsidence_0075_0297,0.00h,23.83h,rapid_subsidence,severe,"(187.5,112.5)",2.3666,5.4482
E_rapid_subsidence_0076_0222,0.00h,23.83h,rapid_subsidence,severe,"(-187.5,37.5)",11.2905,25.9917
E_rapid_subsidence_0077_0392,0.00h,23.83h,rapid_subsidence,severe,"(62.5,237.5)",0.417,0.96
E_rapid_subsidence_0078_0088,0.00h,23.83h,rapid_subsidence,severe,"(-37.5,-137.5)",107.8679,248.3211
E_rapid_subsidence_0079_0314,0.00h,23.83h,rapid_subsidence,severe,"(112.5,137.5)",22.6103,52.0509
E_rapid_subsidence_0080_0054,0.00h,23.83h,rapid_subsidence,severe,"(112.5,-187.5)",2.3666,5.4482
E_rapid_subsidence_0081_0037,0.00h,23.83h,rapid_subsidence,severe,"(187.5,-212.5)",0.0259,0.0597
E_rapid_subsidence_0082_0344,0.00h,23.83h,rapid_subsidence,severe,"(-137.5,187.5)",0.9934,2.287
E_rapid_subsidence_0083_0126,0.00h,23.83h,rapid_subsidence,severe,"(-87.5,-87.5)",216.0158,497.287
E_rapid_subsidence_0084_0331,0.00h,23.83h,rapid_subsidence,severe,"(37.5,162.5)",38.0629,87.6241
E_rapid_subsidence_0085_0351,0.00h,23.83h,rapid_subsidence,severe,"(37.5,187.5)",11.2905,25.9917
E_rapid_subsidence_0086_0376,0.00h,23.83h,rapid_subsidence,severe,"(162.5,212.5)",0.0874,0.2012
E_rapid_subsidence_0087_0066,0.00h,23.83h,rapid_subsidence,severe,"(-87.5,-162.5)",15.9776,36.7817
E_rapid_subsidence_0088_0285,0.00h,23.83h,rapid_subsidence,severe,"(-112.5,112.5)",53.864,123.9996
E_rapid_subsidence_0089_0203,0.00h,23.83h,rapid_subsidence,severe,"(-162.5,12.5)",45.2794,104.237
E_rapid_subsidence_0090_0240,0.00h,23.83h,rapid_subsidence,severe,"(-237.5,62.5)",0.417,0.96
E_rapid_subsidence_0091_0057,0.00h,23.83h,rapid_subsidence,severe,"(187.5,-187.5)",0.104,0.2394
E_rapid_subsidence_0092_0155,0.00h,23.83h,rapid_subsidence,severe,"(137.5,-62.5)",76.2247,175.4757
E_rapid_subsidence_0093_0172,0.00h,23.83h,rapid_subsidence,severe,"(62.5,-37.5)",866.308,1994.3155
E_rapid_subsidence_0094_0228,0.00h,23.83h,rapid_subsidence,severe,"(-37.5,37.5)",1225.9395,2822.2181
E_rapid_subsidence_0095_0372,0.00h,23.83h,rapid_subsidence,severe,"(62.5,212.5)",1.9894,4.5799
E_rapid_subsidence_0096_0042,0.00h,23.83h,rapid_subsidence,severe,"(-187.5,-187.5)",0.104,0.2394
E_rapid_subsidence_0097_0180,0.00h,23.83h,rapid_subsidence,severe,"(-237.5,-12.5)",0.702,1.6161
E_rapid_subsidence_0098_0294,0.00h,23.83h,rapid_subsidence,severe,"(112.5,112.5)",53.864,123.9996
E_rapid_subsidence_0099_0159,0.00h,23.83h,rapid_subsidence,severe,"(237.5,-62.5)",0.417,0.96
E_rapid_subsidence_0100_0326,0.00h,23.83h,rapid_subsidence,severe,"(-87.5,162.5)",15.9776,36.7817
E_rapid_subsidence_0101_0050,0.00h,23.83h,rapid_subsidence,severe,"(12.5,-187.5)",13.4311,30.9196
E_rapid_subsidence_0102_0391,0.00h,23.83h,rapid_subsidence,severe,"(37.5,237.5)",0.5901,1.3585
E_rapid_subsidence_0103_0333,0.00h,23.83h,rapid_subsidence,severe,"(87.5,162.5)",15.9776,36.7817
E_rapid_subsidence_0104_0188,0.00h,23.83h,rapid_subsidence,severe,"(-37.5,-12.5)",1458.3688,3357.2904
E_rapid_subsidence_0105_0299,0.00h,23.83h,rapid_subsidence,severe,"(237.5,112.5)",0.1237,0.2848
E_rapid_subsidence_0106_0260,0.00h,23.83h,rapid_subsidence,severe,"(-237.5,87.5)",0.2477,0.5703
E_rapid_subsidence_0107_0358,0.00h,23.83h,rapid_subsidence,severe,"(212.5,187.5)",0.0259,0.0597
E_rapid_subsidence_0108_0074,0.00h,23.83h,rapid_subsidence,severe,"(112.5,-162.5)",7.9784,18.367
E_rapid_subsidence_0109_0179,0.00h,23.83h,rapid_subsidence,severe,"(237.5,-37.5)",0.5901,1.3585
E_rapid_subsidence_0110_0353,0.00h,23.83h,rapid_subsidence,severe,"(87.5,187.5)",4.7394,10.9105
E_rapid_subsidence_0111_0267,0.00h,23.83h,rapid_subsidence,severe,"(-62.5,87.5)",363.6475,837.1478
E_rapid_subsidence_0112_0070,0.00h,23.83h,rapid_subsidence,severe,"(12.5,-162.5)",45.2794,104.237
E_rapid_subsidence_0113_0008,0.00h,23.83h,rapid_subsidence,severe,"(-37.5,-237.5)",0.5901,1.3585
E_rapid_subsidence_0114_0013,0.00h,23.83h,rapid_subsidence,severe,"(87.5,-237.5)",0.2477,0.5703
E_rapid_subsidence_0115_0357,0.00h,23.83h,rapid_subsidence,severe,"(187.5,187.5)",0.104,0.2394
E_rapid_subsidence_0116_0291,0.00h,23.83h,rapid_subsidence,severe,"(37.5,112.5)",256.9709,591.569
E_rapid_subsidence_0117_0090,0.00h,23.83h,rapid_subsidence,severe,"(12.5,-137.5)",128.3189,295.4011
E_rapid_subsidence_0118_0072,0.00h,23.83h,rapid_subsidence,severe,"(62.5,-162.5)",26.8971,61.9194
E_rapid_subsidence_0119_0323,0.00h,23.83h,rapid_subsidence,severe,"(-162.5,162.5)",1.1818,2.7205
E_rapid_subsidence_0120_0265,0.00h,23.83h,rapid_subsidence,severe,"(-112.5,87.5)",107.8679,248.3211
E_rapid_subsidence_0121_0236,0.00h,23.83h,rapid_subsidence,severe,"(162.5,37.5)",38.0629,87.6241
E_rapid_subsidence_0122_0062,0.00h,23.83h,rapid_subsidence,severe,"(-187.5,-162.5)",0.3505,0.807
E_rapid_subsidence_0123_0200,0.00h,23.83h,rapid_subsidence,severe,"(-237.5,12.5)",0.702,1.6161
E_rapid_subsidence_0124_0092,0.00h,23.83h,rapid_subsidence,severe,"(62.5,-137.5)",76.2247,175.4757
E_rapid_subsidence_0125_0266,0.00h,23.83h,rapid_subsidence,severe,"(-87.5,87.5)",216.0158,497.287
E_rapid_subsidence_0126_0379,0.00h,23.83h,rapid_subsidence,severe,"(237.5,212.5)",0.0014,0.0031
E_rapid_subsidence_0127_0190,0.00h,23.83h,rapid_subsidence,severe,"(12.5,-12.5)",1734.8652,3993.8087
E_rapid_subsidence_0128_0184,0.00h,23.83h,rapid_subsidence,severe,"(-137.5,-12.5)",128.3189,295.4011
E_rapid_subsidence_0129_0385,0.00h,23.83h,rapid_subsidence,severe,"(-112.5,237.5)",0.1237,0.2848
E_rapid_subsidence_0130_0145,0.00h,23.83h,rapid_subsidence,severe,"(-112.5,-62.5)",181.588,418.0312
E_rapid_subsidence_0131_0177,0.00h,23.83h,rapid_subsidence,severe,"(187.5,-37.5)",11.2905,25.9917
E_rapid_subsidence_0132_0282,0.00h,23.83h,rapid_subsidence,severe,"(-187.5,112.5)",2.3666,5.4482
E_rapid_subsidence_0133_0336,0.00h,23.83h,rapid_subsidence,severe,"(162.5,162.5)",1.1818,2.7205
E_rapid_subsidence_0134_0248,0.00h,23.83h,rapid_subsidence,severe,"(-37.5,62.5)",866.308,1994.3155
E_rapid_subsidence_0135_0026,0.00h,23.83h,rapid_subsidence,severe,"(-87.5,-212.5)",1.1818,2.7205
E_rapid_subsidence_0136_0094,0.00h,23.83h,rapid_subsidence,severe,"(112.5,-137.5)",22.6103,52.0509
E_rapid_subsidence_0137_0206,0.00h,23.83h,rapid_subsidence,severe,"(-87.5,12.5)",612.1751,1409.2796
E_rapid_subsidence_0138_0091,0.00h,23.83h,rapid_subsidence,severe,"(37.5,-137.5)",107.8679,248.3211
E_rapid_subsidence_0139_0373,0.00h,23.83h,rapid_subsidence,severe,"(87.5,212.5)",1.1818,2.7205
E_rapid_subsidence_0140_0019,0.00h,23.83h,rapid_subsidence,severe,"(237.5,-237.5)",0.0003,0.0007
E_rapid_subsidence_0141_0318,0.00h,23.83h,rapid_subsidence,severe,"(212.5,137.5)",0.2477,0.5703
E_rapid_subsidence_0142_0018,0.00h,23.83h,rapid_subsidence,severe,"(212.5,-237.5)",0.0014,0.0031
E_rapid_subsidence_0143_0157,0.00h,23.83h,rapid_subsidence,severe,"(187.5,-62.5)",7.9784,18.367
E_rapid_subsidence_0144_0140,0.00h,23.83h,rapid_subsidence,severe,"(-237.5,-62.5)",0.417,0.96
E_rapid_subsidence_0145_0002,0.00h,23.83h,rapid_subsidence,severe,"(-187.5,-237.5)",0.0054,0.0125
E_rapid_subsidence_0146_0313,0.00h,23.83h,rapid_subsidence,severe,"(87.5,137.5)",45.2794,104.237
E_rapid_subsidence_0147_0142,0.00h,23.83h,rapid_subsidence,severe,"(-187.5,-62.5)",7.9784,18.367
E_rapid_subsidence_0148_0100,0.00h,23.83h,rapid_subsidence,severe,"(-237.5,-112.5)",0.1237,0.2848
E_rapid_subsidence_0149_0111,0.00h,23.83h,rapid_subsidence,severe,"(37.5,-112.5)",256.9709,591.569
E_rapid_subsidence_0150_0196,0.00h,23.83h,rapid_subsidence,severe,"(162.5,-12.5)",45.2794,104.237
E_rapid_subsidence_0151_0331,0.00h,23.83h,rapid_subsidence,severe,"(37.5,162.5)",38.0629,87.6241
E_rapid_subsidence_0152_0156,0.00h,23.83h,rapid_subsidence,severe,"(162.5,-62.5)",26.8971,61.9194
E_rapid_subsidence_0153_0353,0.00h,23.83h,rapid_subsidence,severe,"(87.5,187.5)",4.7394,10.9105
E_rapid_subsidence_0154_0399,0.00h,23.83h,rapid_subsidence,severe,"(237.5,237.5)",0.0003,0.0007
E_rapid_subsidence_0155_0148,0.00h,23.83h,rapid_subsidence,severe,"(-37.5,-62.5)",866.308,1994.3155
E_rapid_subsidence_0156_0218,0.00h,23.83h,rapid_subsidence,severe,"(212.5,12.5)",3.3491,7.7099
E_rapid_subsidence_0157_0284,0.00h,23.83h,rapid_subsidence,severe,"(-137.5,112.5)",22.6103,52.0509
E_rapid_subsidence_0158_0315,0.00h,23.83h,rapid_subsidence,severe,"(137.5,137.5)",9.4911,21.8493
E_rapid_subsidence_0159_0233,0.00h,23.83h,rapid_subsidence,severe,"(87.5,37.5)",514.6089,1184.6739
E_rapid_subsidence_0160_0139,0.00h,23.83h,rapid_subsidence,severe,"(237.5,-87.5)",0.2477,0.5703
E_rapid_subsidence_0161_0099,0.00h,23.83h,rapid_subsidence,severe,"(237.5,-137.5)",0.0519,0.1195
E_rapid_subsidence_0162_0148,0.00h,23.83h,rapid_subsidence,severe,"(-37.5,-62.5)",866.308,1994.3155
E_rapid_subsidence_0163_0005,0.00h,23.83h,rapid_subsidence,severe,"(-112.5,-237.5)",0.1237,0.2848
E_rapid_subsidence_0164_0276,0.00h,23.83h,rapid_subsidence,severe,"(162.5,87.5)",15.9776,36.7817
E_rapid_subsidence_0165_0252,0.00h,23.83h,rapid_subsidence,severe,"(62.5,62.5)",612.1751,1409.2796
E_rapid_subsidence_0166_0155,0.00h,23.83h,rapid_subsidence,severe,"(137.5,-62.5)",76.2247,175.4757
E_rapid_subsidence_0167_0048,0.00h,23.83h,rapid_subsidence,severe,"(-37.5,-187.5)",11.2905,25.9917
E_rapid_subsidence_0168_0371,0.00h,23.83h,rapid_subsidence,severe,"(37.5,212.5)",2.8153,6.4811
E_rapid_subsidence_0169_0083,0.00h,23.83h,rapid_subsidence,severe,"(-162.5,-137.5)",3.3491,7.7099
E_rapid_subsidence_0170_0258,0.00h,23.83h,rapid_subsidence,severe,"(212.5,62.5)",1.9894,4.5799
E_rapid_subsidence_0171_0040,0.00h,23.83h,rapid_subsidence,severe,"(-237.5,-187.5)",0.0054,0.0125
E_rapid_subsidence_0172_0066,0.00h,23.83h,rapid_subsidence,severe,"(-87.5,-162.5)",15.9776,36.7817
E_rapid_subsidence_0173_0130,0.00h,23.83h,rapid_subsidence,severe,"(12.5,-87.5)",612.1751,1409.2796
E_rapid_subsidence_0174_0164,0.00h,23.83h,rapid_subsidence,severe,"(-137.5,-37.5)",107.8679,248.3211
E_rapid_subsidence_0175_0204,0.00h,23.83h,rapid_subsidence,severe,"(-137.5,12.5)",128.3189,295.4011
E_rapid_subsidence_0176_0078,0.00h,23.83h,rapid_subsidence,severe,"(212.5,-162.5)",0.0874,0.2012
E_rapid_subsidence_0177_0051,0.00h,23.83h,rapid_subsidence,severe,"(37.5,-187.5)",11.2905,25.9917
E_rapid_subsidence_0178_0039,0.00h,23.83h,rapid_subsidence,severe,"(237.5,-212.5)",0.0014,0.0031
E_rapid_subsidence_0179_0302,0.00h,23.83h,rapid_subsidence,severe,"(-187.5,137.5)",0.9934,2.287
E_rapid_subsidence_0180_0246,0.00h,23.83h,rapid_subsidence,severe,"(-87.5,62.5)",363.6475,837.1478
E_rapid_subsidence_0181_0382,0.00h,23.83h,rapid_subsidence,severe,"(-187.5,237.5)",0.0054,0.0125
E_rapid_subsidence_0182_0076,0.00h,23.83h,rapid_subsidence,severe,"(162.5,-162.5)",1.1818,2.7205
E_rapid_subsidence_0183_0081,0.00h,23.83h,rapid_subsidence,severe,"(-212.5,-137.5)",0.2477,0.5703
E_rapid_subsidence_0184_0351,0.00h,23.83h,rapid_subsidence,severe,"(37.5,187.5)",11.2905,25.9917
E_rapid_subsidence_0185_0261,0.00h,23.83h,rapid_subsidence,severe,"(-212.5,87.5)",1.1818,2.7205
E_rapid_subsidence_0186_0350,0.00h,23.83h,rapid_subsidence,severe,"(12.5,187.5)",13.4311,30.9196
E_rapid_subsidence_0187_0289,0.00h,23.83h,rapid_subsidence,severe,"(-12.5,112.5)",305.6907,703.7263
E_rapid_subsidence_0188_0109,0.00h,23.83h,rapid_subsidence,severe,"(-12.5,-112.5)",305.6907,703.7263
E_rapid_subsidence_0189_0333,0.00h,23.83h,rapid_subsidence,severe,"(87.5,162.5)",15.9776,36.7817
E_rapid_subsidence_0190_0166,0.00h,23.83h,rapid_subsidence,severe,"(-87.5,-37.5)",514.6089,1184.6739
E_rapid_subsidence_0191_0232,0.00h,23.83h,rapid_subsidence,severe,"(62.5,37.5)",866.308,1994.3155
E_rapid_subsidence_0192_0222,0.00h,23.83h,rapid_subsidence,severe,"(-187.5,37.5)",11.2905,25.9917
E_rapid_subsidence_0193_0182,0.00h,23.83h,rapid_subsidence,severe,"(-187.5,-12.5)",13.4311,30.9196
E_rapid_subsidence_0194_0004,0.00h,23.83h,rapid_subsidence,severe,"(-137.5,-237.5)",0.0519,0.1195
E_rapid_subsidence_0195_0276,0.00h,23.83h,rapid_subsidence,severe,"(162.5,87.5)",15.9776,36.7817
E_rapid_subsidence_0196_0075,0.00h,23.83h,rapid_subsidence,severe,"(137.5,-162.5)",3.3491,7.7099
E_rapid_subsidence_0197_0199,0.00h,23.83h,rapid_subsidence,severe,"(237.5,-12.5)",0.702,1.6161
E_rapid_subsidence_0198_0147,0.00h,23.83h,rapid_subsidence,severe,"(-62.5,-62.5)",612.1751,1409.2796
E_rapid_subsidence_0199_0328,0.00h,23.83h,rapid_subsidence,severe,"(-37.5,162.5)",38.0629,87.6241
E_rapid_subsidence_0200_0089,0.00h,23.83h,rapid_subsidence,severe,"(-12.5,-137.5)",128.3189,295.4011
E_rapid_subsidence_0201_0229,0.00h,23.83h,rapid_subsidence,severe,"(-12.5,37.5)",1458.3688,3357.2904
E_rapid_subsidence_0202_0079,0.00h,23.83h,rapid_subsidence,severe,"(237.5,-162.5)",0.0183,0.0422
E_rapid_subsidence_0203_0361,0.00h,23.83h,rapid_subsidence,severe,"(-212.5,212.5)",0.0065,0.0149
E_rapid_subsidence_0204_0207,0.00h,23.83h,rapid_subsidence,severe,"(-62.5,12.5)",1030.5538,2372.4235
E_rapid_subsidence_0205_0225,0.00h,23.83h,rapid_subsidence,severe,"(-112.5,37.5)",256.9709,591.569
E_rapid_subsidence_0206_0197,0.00h,23.83h,rapid_subsidence,severe,"(187.5,-12.5)",13.4311,30.9196
E_rapid_subsidence_0207_0388,0.00h,23.83h,rapid_subsidence,severe,"(-37.5,237.5)",0.5901,1.3585
E_rapid_subsidence_0208_0356,0.00h,23.83h,rapid_subsidence,severe,"(162.5,187.5)",0.3505,0.807
E_rapid_subsidence_0209_0180,0.00h,23.83h,rapid_subsidence,severe,"(-237.5,-12.5)",0.702,1.6161
E_rapid_subsidence_0210_0026,0.00h,23.83h,rapid_subsidence,severe,"(-87.5,-212.5)",1.1818,2.7205
E_rapid_subsidence_0211_0369,0.00h,23.83h,rapid_subsidence,severe,"(-12.5,212.5)",3.3491,7.7099
E_rapid_subsidence_0212_0376,0.00h,23.83h,rapid_subsidence,severe,"(162.5,212.5)",0.0874,0.2012
E_rapid_subsidence_0213_0388,0.00h,23.83h,rapid_subsidence,severe,"(-37.5,237.5)",0.5901,1.3585
E_rapid_subsidence_0214_0072,0.00h,23.83h,rapid_subsidence,severe,"(62.5,-162.5)",26.8971,61.9194
E_rapid_subsidence_0215_0364,0.00h,23.83h,rapid_subsidence,severe,"(-137.5,212.5)",0.2477,0.5703
E_rapid_subsidence_0216_0356,0.00h,23.83h,rapid_subsidence,severe,"(162.5,187.5)",0.3505,0.807
E_rapid_subsidence_0217_0289,0.00h,23.83h,rapid_subsidence,severe,"(-12.5,112.5)",305.6907,703.7263
E_rapid_subsidence_0218_0110,0.00h,23.83h,rapid_subsidence,severe,"(12.5,-112.5)",305.6907,703.7263
E_rapid_subsidence_0219_0233,0.00h,23.83h,rapid_subsidence,severe,"(87.5,37.5)",514.6089,1184.6739
E_rapid_subsidence_0220_0174,0.00h,23.83h,rapid_subsidence,severe,"(112.5,-37.5)",256.9709,591.569
E_rapid_subsidence_0221_0159,0.00h,23.83h,rapid_subsidence,severe,"(237.5,-62.5)",0.417,0.96
E_rapid_subsidence_0222_0075,0.00h,23.83h,rapid_subsidence,severe,"(137.5,-162.5)",3.3491,7.7099
E_rapid_subsidence_0223_0079,0.00h,23.83h,rapid_subsidence,severe,"(237.5,-162.5)",0.0183,0.0422
E_rapid_subsidence_0224_0095,0.00h,23.83h,rapid_subsidence,severe,"(137.5,-137.5)",9.4911,21.8493
E_rapid_subsidence_0225_0242,0.00h,23.83h,rapid_subsidence,severe,"(-187.5,62.5)",7.9784,18.367
E_rapid_subsidence_0226_0311,0.00h,23.83h,rapid_subsidence,severe,"(37.5,137.5)",107.8679,248.3211
E_rapid_subsidence_0227_0025,0.00h,23.83h,rapid_subsidence,severe,"(-112.5,-212.5)",0.5901,1.3585
E_rapid_subsidence_0228_0159,0.00h,23.83h,rapid_subsidence,severe,"(237.5,-62.5)",0.417,0.96
E_rapid_subsidence_0229_0084,0.00h,23.83h,rapid_subsidence,severe,"(-137.5,-137.5)",9.4911,21.8493
E_rapid_subsidence_0230_0366,0.00h,23.83h,rapid_subsidence,severe,"(-87.5,212.5)",1.1818,2.7205
E_rapid_subsidence_0231_0262,0.00h,23.83h,rapid_subsidence,severe,"(-187.5,87.5)",4.7394,10.9105
E_rapid_subsidence_0232_0230,0.00h,23.83h,rapid_subsidence,severe,"(12.5,37.5)",1458.3688,3357.2904
E_rapid_subsidence_0233_0072,0.00h,23.83h,rapid_subsidence,severe,"(62.5,-162.5)",26.8971,61.9194
E_rapid_subsidence_0234_0297,0.00h,23.83h,rapid_subsidence,severe,"(187.5,112.5)",2.3666,5.4482
E_rapid_subsidence_0235_0081,0.00h,23.83h,rapid_subsidence,severe,"(-212.5,-137.5)",0.2477,0.5703
E_rapid_subsidence_0236_0382,0.00h,23.83h,rapid_subsidence,severe,"(-187.5,237.5)",0.0054,0.0125
E_rapid_subsidence_0237_0190,0.00h,23.83h,rapid_subsidence,severe,"(12.5,-12.5)",1734.8652,3993.8087
E_rapid_subsidence_0238_0180,0.00h,23.83h,rapid_subsidence,severe,"(-237.5,-12.5)",0.702,1.6161
E_rapid_subsidence_0239_0226,0.00h,23.83h,rapid_subsidence,severe,"(-87.5,37.5)",514.6089,1184.6739
E_rapid_subsidence_0240_0246,0.00h,23.83h,rapid_subsidence,severe,"(-87.5,62.5)",363.6475,837.1478
E_rapid_subsidence_0241_0384,0.00h,23.83h,rapid_subsidence,severe,"(-137.5,237.5)",0.0519,0.1195
E_rapid_subsidence_0242_0134,0.00h,23.83h,rapid_subsidence,severe,"(112.5,-87.5)",107.8679,248.3211
E_rapid_subsidence_0243_0023,0.00h,23.83h,rapid_subsidence,severe,"(-162.5,-212.5)",0.0874,0.2012
E_rapid_subsidence_0244_0046,0.00h,23.83h,rapid_subsidence,severe,"(-87.5,-187.5)",4.7394,10.9105
E_rapid_subsidence_0245_0352,0.00h,23.83h,rapid_subsidence,severe,"(62.5,187.5)",7.9784,18.367
E_rapid_subsidence_0246_0276,0.00h,23.83h,rapid_subsidence,severe,"(162.5,87.5)",15.9776,36.7817
E_rapid_subsidence_0247_0381,0.00h,23.83h,rapid_subsidence,severe,"(-212.5,237.5)",0.0014,0.0031
E_rapid_subsidence_0248_0321,0.00h,23.83h,rapid_subsidence,severe,"(-212.5,162.5)",0.0874,0.2012
E_rapid_subsidence_0249_0046,0.00h,23.83h,rapid_subsidence,severe,"(-87.5,-187.5)",4.7394,10.9105
E_rapid_subsidence_0250_0357,0.00h,23.83h,rapid_subsidence,severe,"(187.5,187.5)",0.104,0.2394
E_rapid_subsidence_0251_0220,0.00h,23.83h,rapid_subsidence,severe,"(-237.5,37.5)",0.5901,1.3585
E_rapid_subsidence_0252_0016,0.00h,23.83h,rapid_subsidence,severe,"(162.5,-237.5)",0.0183,0.0422
E_rapid_subsidence_0253_0130,0.00h,23.83h,rapid_subsidence,severe,"(12.5,-87.5)",612.1751,1409.2796
E_rapid_subsidence_0254_0292,0.00h,23.83h,rapid_subsidence,severe,"(62.5,112.5)",181.588,418.0312
E_rapid_subsidence_0255_0195,0.00h,23.83h,rapid_subsidence,severe,"(137.5,-12.5)",128.3189,295.4011
E_rapid_subsidence_0256_0331,0.00h,23.83h,rapid_subsidence,severe,"(37.5,162.5)",38.0629,87.6241
E_rapid_subsidence_0257_0371,0.00h,23.83h,rapid_subsidence,severe,"(37.5,212.5)",2.8153,6.4811
E_rapid_subsidence_0258_0345,0.00h,23.83h,rapid_subsidence,severe,"(-112.5,187.5)",2.3666,5.4482
E_rapid_subsidence_0259_0058,0.00h,23.83h,rapid_subsidence,severe,"(212.5,-187.5)",0.0259,0.0597
E_rapid_subsidence_0260_0213,0.00h,23.83h,rapid_subsidence,severe,"(87.5,12.5)",612.1751,1409.2796
E_rapid_subsidence_0261_0179,0.00h,23.83h,rapid_subsidence,severe,"(237.5,-37.5)",0.5901,1.3585
E_rapid_subsidence_0262_0066,0.00h,23.83h,rapid_subsidence,severe,"(-87.5,-162.5)",15.9776,36.7817
E_rapid_subsidence_0263_0326,0.00h,23.83h,rapid_subsidence,severe,"(-87.5,162.5)",15.9776,36.7817
E_rapid_subsidence_0264_0065,0.00h,23.83h,rapid_subsidence,severe,"(-112.5,-162.5)",7.9784,18.367
E_rapid_subsidence_0265_0391,0.00h,23.83h,rapid_subsidence,severe,"(37.5,237.5)",0.5901,1.3585
E_rapid_subsidence_0266_0136,0.00h,23.83h,rapid_subsidence,severe,"(162.5,-87.5)",15.9776,36.7817
E_rapid_subsidence_0267_0206,0.00h,23.83h,rapid_subsidence,severe,"(-87.5,12.5)",612.1751,1409.2796
E_rapid_subsidence_0268_0020,0.00h,23.83h,rapid_subsidence,severe,"(-237.5,-212.5)",0.0014,0.0031
E_rapid_subsidence_0269_0069,0.00h,23.83h,rapid_subsidence,severe,"(-12.5,-162.5)",45.2794,104.237
E_rapid_subsidence_0270_0299,0.00h,23.83h,rapid_subsidence,severe,"(237.5,112.5)",0.1237,0.2848
E_rapid_subsidence_0271_0223,0.00h,23.83h,rapid_subsidence,severe,"(-162.5,37.5)",38.0629,87.6241
E_rapid_subsidence_0272_0267,0.00h,23.83h,rapid_subsidence,severe,"(-62.5,87.5)",363.6475,837.1478
E_rapid_subsidence_0273_0007,0.00h,23.83h,rapid_subsidence,severe,"(-62.5,-237.5)",0.417,0.96
E_rapid_subsidence_0274_0283,0.00h,23.83h,rapid_subsidence,severe,"(-162.5,112.5)",7.9784,18.367
E_rapid_subsidence_0275_0059,0.00h,23.83h,rapid_subsidence,severe,"(237.5,-187.5)",0.0054,0.0125
E_rapid_subsidence_0276_0292,0.00h,23.83h,rapid_subsidence,severe,"(62.5,112.5)",181.588,418.0312
E_rapid_subsidence_0277_0346,0.00h,23.83h,rapid_subsidence,severe,"(-87.5,187.5)",4.7394,10.9105
E_rapid_subsidence_0278_0151,0.00h,23.83h,rapid_subsidence,severe,"(37.5,-62.5)",866.308,1994.3155
E_rapid_subsidence_0279_0015,0.00h,23.83h,rapid_subsidence,severe,"(137.5,-237.5)",0.0519,0.1195
E_rapid_subsidence_0280_0178,0.00h,23.83h,rapid_subsidence,severe,"(212.5,-37.5)",2.8153,6.4811
E_rapid_subsidence_0281_0311,0.00h,23.83h,rapid_subsidence,severe,"(37.5,137.5)",107.8679,248.3211
E_rapid_subsidence_0282_0136,0.00h,23.83h,rapid_subsidence,severe,"(162.5,-87.5)",15.9776,36.7817
E_rapid_subsidence_0283_0388,0.00h,23.83h,rapid_subsidence,severe,"(-37.5,237.5)",0.5901,1.3585
E_rapid_subsidence_0284_0329,0.00h,23.83h,rapid_subsidence,severe,"(-12.5,162.5)",45.2794,104.237
E_rapid_subsidence_0285_0000,0.00h,23.83h,rapid_subsidence,severe,"(-237.5,-237.5)",0.0003,0.0007
E_rapid_subsidence_0286_0220,0.00h,23.83h,rapid_subsidence,severe,"(-237.5,37.5)",0.5901,1.3585
E_rapid_subsidence_0287_0308,0.00h,23.83h,rapid_subsidence,severe,"(-37.5,137.5)",107.8679,248.3211
E_rapid_subsidence_0288_0023,0.00h,23.83h,rapid_subsidence,severe,"(-162.5,-212.5)",0.0874,0.2012
E_rapid_subsidence_0289_0334,0.00h,23.83h,rapid_subsidence,severe,"(112.5,162.5)",7.9784,18.367
E_rapid_subsidence_0290_0330,0.00h,23.83h,rapid_subsidence,severe,"(12.5,162.5)",45.2794,104.237
E_rapid_subsidence_0291_0068,0.00h,23.83h,rapid_subsidence,severe,"(-37.5,-162.5)",38.0629,87.6241
E_rapid_subsidence_0292_0077,0.00h,23.83h,rapid_subsidence,severe,"(187.5,-162.5)",0.3505,0.807
E_rapid_subsidence_0293_0252,0.00h,23.83h,rapid_subsidence,severe,"(62.5,62.5)",612.1751,1409.2796
E_rapid_subsidence_0294_0267,0.00h,23.83h,rapid_subsidence,severe,"(-62.5,87.5)",363.6475,837.1478
E_rapid_subsidence_0295_0152,0.00h,23.83h,rapid_subsidence,severe,"(62.5,-62.5)",612.1751,1409.2796
E_rapid_subsidence_0296_0108,0.00h,23.83h,rapid_subsidence,severe,"(-37.5,-112.5)",256.9709,591.569
E_rapid_subsidence_0297_0155,0.00h,23.83h,rapid_subsidence,severe,"(137.5,-62.5)",76.2247,175.4757
E_rapid_subsidence_0298_0151,0.00h,23.83h,rapid_subsidence,severe,"(37.5,-62.5)",866.308,1994.3155
E_rapid_subsidence_0299_0155,0.00h,23.83h,rapid_subsidence,severe,"(137.5,-62.5)",76.2247,175.4757
E_rapid_subsidence_0300_0201,0.00h,23.83h,rapid_subsidence,severe,"(-212.5,12.5)",3.3491,7.7099
E_rapid_subsidence_0301_0044,0.00h,23.83h,rapid_subsidence,severe,"(-137.5,-187.5)",0.9934,2.287
E_rapid_subsidence_0302_0139,0.00h,23.83h,rapid_subsidence,severe,"(237.5,-87.5)",0.2477,0.5703
E_rapid_subsidence_0303_0224,0.00h,23.83h,rapid_subsidence,severe,"(-137.5,37.5)",107.8679,248.3211
E_rapid_subsidence_0304_0289,0.00h,23.83h,rapid_subsidence,severe,"(-12.5,112.5)",305.6907,703.7263
E_rapid_subsidence_0305_0396,0.00h,23.83h,rapid_subsidence,severe,"(162.5,237.5)",0.0183,0.0422
E_rapid_subsidence_0306_0359,0.00h,23.83h,rapid_subsidence,severe,"(237.5,187.5)",0.0054,0.0125
E_rapid_subsidence_0307_0329,0.00h,23.83h,rapid_subsidence,severe,"(-12.5,162.5)",45.2794,104.237
E_rapid_subsidence_0308_0263,0.00h,23.83h,rapid_subsidence,severe,"(-162.5,87.5)",15.9776,36.7817
E_rapid_subsidence_0309_0217,0.00h,23.83h,rapid_subsidence,severe,"(187.5,12.5)",13.4311,30.9196
E_rapid_subsidence_0310_0103,0.00h,23.83h,rapid_subsidence,severe,"(-162.5,-112.5)",7.9784,18.367
E_rapid_subsidence_0311_0395,0.00h,23.83h,rapid_subsidence,severe,"(137.5,237.5)",0.0519,0.1195
E_rapid_subsidence_0312_0108,0.00h,23.83h,rapid_subsidence,severe,"(-37.5,-112.5)",256.9709,591.569
E_rapid_subsidence_0313_0022,0.00h,23.83h,rapid_subsidence,severe,"(-187.5,-212.5)",0.0259,0.0597
E_rapid_subsidence_0314_0293,0.00h,23.83h,rapid_subsidence,severe,"(87.5,112.5)",107.8679,248.3211
E_rapid_subsidence_0315_0052,0.00h,23.83h,rapid_subsidence,severe,"(62.5,-187.5)",7.9784,18.367
E_rapid_subsidence_0316_0059,0.00h,23.83h,rapid_subsidence,severe,"(237.5,-187.5)",0.0054,0.0125
E_rapid_subsidence_0317_0339,0.00h,23.83h,rapid_subsidence,severe,"(237.5,162.5)",0.0183,0.0422
E_rapid_subsidence_0318_0169,0.00h,23.83h,rapid_subsidence,severe,"(-12.5,-37.5)",1458.3688,3357.2904
E_rapid_subsidence_0319_0170,0.00h,23.83h,rapid_subsidence,severe,"(12.5,-37.5)",1458.3688,3357.2904
E_rapid_subsidence_0320_0309,0.00h,23.83h,rapid_subsidence,severe,"(-12.5,137.5)",128.3189,295.4011
E_rapid_subsidence_0321_0184,0.00h,23.83h,rapid_subsidence,severe,"(-137.5,-12.5)",128.3189,295.4011
E_rapid_subsidence_0322_0369,0.00h,23.83h,rapid_subsidence,severe,"(-12.5,212.5)",3.3491,7.7099
E_rapid_subsidence_0323_0057,0.00h,23.83h,rapid_subsidence,severe,"(187.5,-187.5)",0.104,0.2394
E_rapid_subsidence_0324_0176,0.00h,23.83h,rapid_subsidence,severe,"(162.5,-37.5)",38.0629,87.6241
E_rapid_subsidence_0325_0332,0.00h,23.83h,rapid_subsidence,severe,"(62.5,162.5)",26.8971,61.9194
E_rapid_subsidence_0326_0200,0.00h,23.83h,rapid_subsidence,severe,"(-237.5,12.5)",0.702,1.6161
E_rapid_subsidence_0327_0088,0.00h,23.83h,rapid_subsidence,severe,"(-37.5,-137.5)",107.8679,248.3211
E_rapid_subsidence_0328_0306,0.00h,23.83h,rapid_subsidence,severe,"(-87.5,137.5)",45.2794,104.237
E_rapid_subsidence_0329_0376,0.00h,23.83h,rapid_subsidence,severe,"(162.5,212.5)",0.0874,0.2012
E_rapid_subsidence_0330_0255,0.00h,23.83h,rapid_subsidence,severe,"(137.5,62.5)",76.2247,175.4757
E_rapid_subsidence_0331_0295,0.00h,23.83h,rapid_subsidence,severe,"(137.5,112.5)",22.6103,52.0509
E_rapid_subsidence_0332_0349,0.00h,23.83h,rapid_subsidence,severe,"(-12.5,187.5)",13.4311,30.9196
E_rapid_subsidence_0333_0024,0.00h,23.83h,rapid_subsidence,severe,"(-137.5,-212.5)",0.2477,0.5703
E_rapid_subsidence_0334_0393,0.00h,23.83h,rapid_subsidence,severe,"(87.5,237.5)",0.2477,0.5703
E_rapid_subsidence_0335_0199,0.00h,23.83h,rapid_subsidence,severe,"(237.5,-12.5)",0.702,1.6161
E_rapid_subsidence_0336_0272,0.00h,23.83h,rapid_subsidence,severe,"(62.5,87.5)",363.6475,837.1478
E_rapid_subsidence_0337_0365,0.00h,23.83h,rapid_subsidence,severe,"(-112.5,212.5)",0.5901,1.3585
E_rapid_subsidence_0338_0249,0.00h,23.83h,rapid_subsidence,severe,"(-12.5,62.5)",1030.5538,2372.4235
E_rapid_subsidence_0339_0121,0.00h,23.83h,rapid_subsidence,severe,"(-212.5,-87.5)",1.1818,2.7205
E_rapid_subsidence_0340_0363,0.00h,23.83h,rapid_subsidence,severe,"(-162.5,212.5)",0.0874,0.2012
E_rapid_subsidence_0341_0230,0.00h,23.83h,rapid_subsidence,severe,"(12.5,37.5)",1458.3688,3357.2904
E_rapid_subsidence_0342_0306,0.00h,23.83h,rapid_subsidence,severe,"(-87.5,137.5)",45.2794,104.237
E_rapid_subsidence_0343_0160,0.00h,23.83h,rapid_subsidence,severe,"(-237.5,-37.5)",0.5901,1.3585
E_rapid_subsidence_0344_0023,0.00h,23.83h,rapid_subsidence,severe,"(-162.5,-212.5)",0.0874,0.2012
E_rapid_subsidence_0345_0110,0.00h,23.83h,rapid_subsidence,severe,"(12.5,-112.5)",305.6907,703.7263
E_rapid_subsidence_0346_0136,0.00h,23.83h,rapid_subsidence,severe,"(162.5,-87.5)",15.9776,36.7817
E_rapid_subsidence_0347_0262,0.00h,23.83h,rapid_subsidence,severe,"(-187.5,87.5)",4.7394,10.9105
E_rapid_subsidence_0348_0159,0.00h,23.83h,rapid_subsidence,severe,"(237.5,-62.5)",0.417,0.96
E_rapid_subsidence_0349_0135,0.00h,23.83h,rapid_subsidence,severe,"(137.5,-87.5)",45.2794,104.237
E_rapid_subsidence_0350_0332,0.00h,23.83h,rapid_subsidence,severe,"(62.5,162.5)",26.8971,61.9194
E_rapid_subsidence_0351_0213,0.00h,23.83h,rapid_subsidence,severe,"(87.5,12.5)",612.1751,1409.2796
E_rapid_subsidence_0352_0106,0.00h,23.83h,rapid_subsidence,severe,"(-87.5,-112.5)",107.8679,248.3211
E_rapid_subsidence_0353_0291,0.00h,23.83h,rapid_subsidence,severe,"(37.5,112.5)",256.9709,591.569
E_rapid_subsidence_0354_0098,0.00h,23.83h,rapid_subsidence,severe,"(212.5,-137.5)",0.2477,0.5703
E_rapid_subsidence_0355_0300,0.00h,23.83h,rapid_subsidence,severe,"(-237.5,137.5)",0.0519,0.1195
E_rapid_subsidence_0356_0371,0.00h,23.83h,rapid_subsidence,severe,"(37.5,212.5)",2.8153,6.4811
E_rapid_subsidence_0357_0343,0.00h,23.83h,rapid_subsidence,severe,"(-162.5,187.5)",0.3505,0.807
E_rapid_subsidence_0358_0378,0.00h,23.83h,rapid_subsidence,severe,"(212.5,212.5)",0.0065,0.0149
E_rapid_subsidence_0359_0212,0.00h,23.83h,rapid_subsidence,severe,"(62.5,12.5)",1030.5538,2372.4235
E_rapid_subsidence_0360_0362,0.00h,23.83h,rapid_subsidence,severe,"(-187.5,212.5)",0.0259,0.0597
E_rapid_subsidence_0361_0105,0.00h,23.83h,rapid_subsidence,severe,"(-112.5,-112.5)",53.864,123.9996
E_rapid_subsidence_0362_0353,0.00h,23.83h,rapid_subsidence,severe,"(87.5,187.5)",4.7394,10.9105
E_rapid_subsidence_0363_0317,0.00h,23.83h,rapid_subsidence,severe,"(187.5,137.5)",0.9934,2.287
E_rapid_subsidence_0364_0105,0.00h,23.83h,rapid_subsidence,severe,"(-112.5,-112.5)",53.864,123.9996
E_rapid_subsidence_0365_0187,0.00h,23.83h,rapid_subsidence,severe,"(-62.5,-12.5)",1030.5538,2372.4235
E_rapid_subsidence_0366_0359,0.00h,23.83h,rapid_subsidence,severe,"(237.5,187.5)",0.0054,0.0125
E_rapid_subsidence_0367_0253,0.00h,23.83h,rapid_subsidence,severe,"(87.5,62.5)",363.6475,837.1478
E_rapid_subsidence_0368_0202,0.00h,23.83h,rapid_subsidence,severe,"(-187.5,12.5)",13.4311,30.9196
E_rapid_subsidence_0369_0310,0.00h,23.83h,rapid_subsidence,severe,"(12.5,137.5)",128.3189,295.4011
E_rapid_subsidence_0370_0065,0.00h,23.83h,rapid_subsidence,severe,"(-112.5,-162.5)",7.9784,18.367
E_rapid_subsidence_0371_0140,0.00h,23.83h,rapid_subsidence,severe,"(-237.5,-62.5)",0.417,0.96
E_rapid_subsidence_0372_0044,0.00h,23.83h,rapid_subsidence,severe,"(-137.5,-187.5)",0.9934,2.287
E_rapid_subsidence_0373_0086,0.00h,23.83h,rapid_subsidence,severe,"(-87.5,-137.5)",45.2794,104.237
E_rapid_subsidence_0374_0160,0.00h,23.83h,rapid_subsidence,severe,"(-237.5,-37.5)",0.5901,1.3585
E_rapid_subsidence_0375_0387,0.00h,23.83h,rapid_subsidence,severe,"(-62.5,237.5)",0.417,0.96
E_rapid_subsidence_0376_0133,0.00h,23.83h,rapid_subsidence,severe,"(87.5,-87.5)",216.0158,497.287
E_rapid_subsidence_0377_0294,0.00h,23.83h,rapid_subsidence,severe,"(112.5,112.5)",53.864,123.9996
E_rapid_subsidence_0378_0223,0.00h,23.83h,rapid_subsidence,severe,"(-162.5,37.5)",38.0629,87.6241
E_rapid_subsidence_0379_0247,0.00h,23.83h,rapid_subsidence,severe,"(-62.5,62.5)",612.1751,1409.2796
E_rapid_subsidence_0380_0098,0.00h,23.83h,rapid_subsidence,severe,"(212.5,-137.5)",0.2477,0.5703
E_rapid_subsidence_0381_0009,0.00h,23.83h,rapid_subsidence,severe,"(-12.5,-237.5)",0.702,1.6161
E_rapid_subsidence_0382_0363,0.00h,23.83h,rapid_subsidence,severe,"(-162.5,212.5)",0.0874,0.2012
E_rapid_subsidence_0383_0171,0.00h,23.83h,rapid_subsidence,severe,"(37.5,-37.5)",1225.9395,2822.2181
E_rapid_subsidence_0384_0106,0.00h,23.83h,rapid_subsidence,severe,"(-87.5,-112.5)",107.8679,248.3211
E_rapid_subsidence_0385_0325,0.00h,23.83h,rapid_subsidence,severe,"(-112.5,162.5)",7.9784,18.367
E_rapid_subsidence_0386_0113,0.00h,23.83h,rapid_subsidence,severe,"(87.5,-112.5)",107.8679,248.3211
E_rapid_subsidence_0387_0342,0.00h,23.83h,rapid_subsidence,severe,"(-187.5,187.5)",0.104,0.2394
E_rapid_subsidence_0388_0372,0.00h,23.83h,rapid_subsidence,severe,"(62.5,212.5)",1.9894,4.5799
E_rapid_subsidence_0389_0162,0.00h,23.83h,rapid_subsidence,severe,"(-187.5,-37.5)",11.2905,25.9917
E_rapid_subsidence_0390_0113,0.00h,23.83h,rapid_subsidence,severe,"(87.5,-112.5)",107.8679,248.3211
E_rapid_subsidence_0391_0036,0.00h,23.83h,rapid_subsidence,severe,"(162.5,-212.5)",0.0874,0.2012
E_rapid_subsidence_0392_0038,0.00h,23.83h,rapid_subsidence,severe,"(212.5,-212.5)",0.0065,0.0149
E_rapid_subsidence_0393_0366,0.00h,23.83h,rapid_subsidence,severe,"(-87.5,212.5)",1.1818,2.7205
E_rapid_subsidence_0394_0233,0.00h,23.83h,rapid_subsidence,severe,"(87.5,37.5)",514.6089,1184.6739
E_rapid_subsidence_0395_0160,0.00h,23.83h,rapid_subsidence,severe,"(-237.5,-37.5)",0.5901,1.3585
E_rapid_subsidence_0396_0070,0.00h,23.83h,rapid_subsidence,severe,"(12.5,-162.5)",45.2794,104.237
E_rapid_subsidence_0397_0380,0.00h,23.83h,rapid_subsidence,severe,"(-237.5,237.5)",0.0003,0.0007
E_rapid_subsidence_0398_0290,0.00h,23.83h,rapid_subsidence,severe,"(12.5,112.5)",305.6907,703.7263
E_rapid_subsidence_0399_0028,0.00h,23.83h,rapid_subsidence,severe,"(-37.5,-212.5)",2.8153,6.4811
E_rapid_subsidence_0400_0116,0.00h,23.83h,rapid_subsidence,severe,"(162.5,-112.5)",7.9784,18.367
E_rapid_subsidence_0401_0379,0.00h,23.83h,rapid_subsidence,severe,"(237.5,212.5)",0.0014,0.0031
E_rapid_subsidence_0402_0146,0.00h,23.83h,rapid_subsidence,severe,"(-87.5,-62.5)",363.6475,837.1478
E_rapid_subsidence_0403_0329,0.00h,23.83h,rapid_subsidence,severe,"(-12.5,162.5)",45.2794,104.237
E_rapid_subsidence_0404_0274,0.00h,23.83h,rapid_subsidence,severe,"(112.5,87.5)",107.8679,248.3211
E_rapid_subsidence_0405_0116,0.00h,23.83h,rapid_subsidence,severe,"(162.5,-112.5)",7.9784,18.367
E_rapid_subsidence_0406_0224,0.00h,23.83h,rapid_subsidence,severe,"(-137.5,37.5)",107.8679,248.3211
E_rapid_subsidence_0407_0326,0.00h,23.83h,rapid_subsidence,severe,"(-87.5,162.5)",15.9776,36.7817
E_rapid_subsidence_0408_0166,0.00h,23.83h,rapid_subsidence,severe,"(-87.5,-37.5)",514.6089,1184.6739
E_rapid_subsidence_0409_0199,0.00h,23.83h,rapid_subsidence,severe,"(237.5,-12.5)",0.702,1.6161
E_rapid_subsidence_0410_0226,0.00h,23.83h,rapid_subsidence,severe,"(-87.5,37.5)",514.6089,1184.6739
E_rapid_subsidence_0411_0379,0.00h,23.83h,rapid_subsidence,severe,"(237.5,212.5)",0.0014,0.0031
E_rapid_subsidence_0412_0146,0.00h,23.83h,rapid_subsidence,severe,"(-87.5,-62.5)",363.6475,837.1478
E_rapid_subsidence_0413_0088,0.00h,23.83h,rapid_subsidence,severe,"(-37.5,-137.5)",107.8679,248.3211
E_rapid_subsidence_0414_0221,0.00h,23.83h,rapid_subsidence,severe,"(-212.5,37.5)",2.8153,6.4811
E_rapid_subsidence_0415_0059,0.00h,23.83h,rapid_subsidence,severe,"(237.5,-187.5)",0.0054,0.0125
E_rapid_subsidence_0416_0062,0.00h,23.83h,rapid_subsidence,severe,"(-187.5,-162.5)",0.3505,0.807
E_rapid_subsidence_0417_0156,0.00h,23.83h,rapid_subsidence,severe,"(162.5,-62.5)",26.8971,61.9194
E_rapid_subsidence_0418_0354,0.00h,23.83h,rapid_subsidence,severe,"(112.5,187.5)",2.3666,5.4482
E_rapid_subsidence_0419_0237,0.00h,23.83h,rapid_subsidence,severe,"(187.5,37.5)",11.2905,25.9917
E_rapid_subsidence_0420_0313,0.00h,23.83h,rapid_subsidence,severe,"(87.5,137.5)",45.2794,104.237
E_rapid_subsidence_0421_0106,0.00h,23.83h,rapid_subsidence,severe,"(-87.5,-112.5)",107.8679,248.3211
E_rapid_subsidence_0422_0257,0.00h,23.83h,rapid_subsidence,severe,"(187.5,62.5)",7.9784,18.367
E_rapid_subsidence_0423_0170,0.00h,23.83h,rapid_subsidence,severe,"(12.5,-37.5)",1458.3688,3357.2904
E_rapid_subsidence_0424_0143,0.00h,23.83h,rapid_subsidence,severe,"(-162.5,-62.5)",26.8971,61.9194
E_rapid_subsidence_0425_0034,0.00h,23.83h,rapid_subsidence,severe,"(112.5,-212.5)",0.5901,1.3585
E_rapid_subsidence_0426_0037,0.00h,23.83h,rapid_subsidence,severe,"(187.5,-212.5)",0.0259,0.0597
E_rapid_subsidence_0427_0043,0.00h,23.83h,rapid_subsidence,severe,"(-162.5,-187.5)",0.3505,0.807
E_rapid_subsidence_0428_0315,0.00h,23.83h,rapid_subsidence,severe,"(137.5,137.5)",9.4911,21.8493
E_rapid_subsidence_0429_0334,0.00h,23.83h,rapid_subsidence,severe,"(112.5,162.5)",7.9784,18.367
E_rapid_subsidence_0430_0293,0.00h,23.83h,rapid_subsidence,severe,"(87.5,112.5)",107.8679,248.3211
E_rapid_subsidence_0431_0159,0.00h,23.83h,rapid_subsidence,severe,"(237.5,-62.5)",0.417,0.96
E_rapid_subsidence_0432_0249,0.00h,23.83h,rapid_subsidence,severe,"(-12.5,62.5)",1030.5538,2372.4235
E_rapid_subsidence_0433_0033,0.00h,23.83h,rapid_subsidence,severe,"(87.5,-212.5)",1.1818,2.7205
E_rapid_subsidence_0434_0332,0.00h,23.83h,rapid_subsidence,severe,"(62.5,162.5)",26.8971,61.9194
E_rapid_subsidence_0435_0306,0.00h,23.83h,rapid_subsidence,severe,"(-87.5,137.5)",45.2794,104.237
E_rapid_subsidence_0436_0071,0.00h,23.83h,rapid_subsidence,severe,"(37.5,-162.5)",38.0629,87.6241
E_rapid_subsidence_0437_0252,0.00h,23.83h,rapid_subsidence,severe,"(62.5,62.5)",612.1751,1409.2796
E_rapid_subsidence_0438_0182,0.00h,23.83h,rapid_subsidence,severe,"(-187.5,-12.5)",13.4311,30.9196
E_rapid_subsidence_0439_0023,0.00h,23.83h,rapid_subsidence,severe,"(-162.5,-212.5)",0.0874,0.2012
E_rapid_subsidence_0440_0219,0.00h,23.83h,rapid_subsidence,severe,"(237.5,12.5)",0.702,1.6161
E_rapid_subsidence_0441_0389,0.00h,23.83h,rapid_subsidence,severe,"(-12.5,237.5)",0.702,1.6161
E_rapid_subsidence_0442_0033,0.00h,23.83h,rapid_subsidence,severe,"(87.5,-212.5)",1.1818,2.7205
E_rapid_subsidence_0443_0261,0.00h,23.83h,rapid_subsidence,severe,"(-212.5,87.5)",1.1818,2.7205
E_rapid_subsidence_0444_0170,0.00h,23.83h,rapid_subsidence,severe,"(12.5,-37.5)",1458.3688,3357.2904
E_rapid_subsidence_0445_0340,0.00h,23.83h,rapid_subsidence,severe,"(-237.5,187.5)",0.0054,0.0125
E_rapid_subsidence_0446_0084,0.00h,23.83h,rapid_subsidence,severe,"(-137.5,-137.5)",9.4911,21.8493
E_rapid_subsidence_0447_0135,0.00h,23.83h,rapid_subsidence,severe,"(137.5,-87.5)",45.2794,104.237
E_rapid_subsidence_0448_0131,0.00h,23.83h,rapid_subsidence,severe,"(37.5,-87.5)",514.6089,1184.6739
E_rapid_subsidence_0449_0166,0.00h,23.83h,rapid_subsidence,severe,"(-87.5,-37.5)",514.6089,1184.6739
E_rapid_subsidence_0450_0339,0.00h,23.83h,rapid_subsidence,severe,"(237.5,162.5)",0.0183,0.0422
E_rapid_subsidence_0451_0180,0.00h,23.83h,rapid_subsidence,severe,"(-237.5,-12.5)",0.702,1.6161
E_rapid_subsidence_0452_0319,0.00h,23.83h,rapid_subsidence,severe,"(237.5,137.5)",0.0519,0.1195
E_rapid_subsidence_0453_0034,0.00h,23.83h,rapid_subsidence,severe,"(112.5,-212.5)",0.5901,1.3585
E_rapid_subsidence_0454_0159,0.00h,23.83h,rapid_subsidence,severe,"(237.5,-62.5)",0.417,0.96
E_rapid_subsidence_0455_0200,0.00h,23.83h,rapid_subsidence,severe,"(-237.5,12.5)",0.702,1.6161
E_rapid_subsidence_0456_0317,0.00h,23.83h,rapid_subsidence,severe,"(187.5,137.5)",0.9934,2.287
E_rapid_subsidence_0457_0081,0.00h,23.83h,rapid_subsidence,severe,"(-212.5,-137.5)",0.2477,0.5703
E_rapid_subsidence_0458_0153,0.00h,23.83h,rapid_subsidence,severe,"(87.5,-62.5)",363.6475,837.1478
E_rapid_subsidence_0459_0364,0.00h,23.83h,rapid_subsidence,severe,"(-137.5,212.5)",0.2477,0.5703
E_rapid_subsidence_0460_0133,0.00h,23.83h,rapid_subsidence,severe,"(87.5,-87.5)",216.0158,497.287
E_rapid_subsidence_0461_0136,0.00h,23.83h,rapid_subsidence,severe,"(162.5,-87.5)",15.9776,36.7817
E_rapid_subsidence_0462_0106,0.00h,23.83h,rapid_subsidence,severe,"(-87.5,-112.5)",107.8679,248.3211
E_rapid_subsidence_0463_0171,0.00h,23.83h,rapid_subsidence,severe,"(37.5,-37.5)",1225.9395,2822.2181
E_rapid_subsidence_0464_0319,0.00h,23.83h,rapid_subsidence,severe,"(237.5,137.5)",0.0519,0.1195
E_rapid_subsidence_0465_0053,0.00h,23.83h,rapid_subsidence,severe,"(87.5,-187.5)",4.7394,10.9105
E_rapid_subsidence_0466_0008,0.00h,23.83h,rapid_subsidence,severe,"(-37.5,-237.5)",0.5901,1.3585
E_rapid_subsidence_0467_0077,0.00h,23.83h,rapid_subsidence,severe,"(187.5,-162.5)",0.3505,0.807
E_rapid_subsidence_0468_0029,0.00h,23.83h,rapid_subsidence,severe,"(-12.5,-212.5)",3.3491,7.7099
E_rapid_subsidence_0469_0225,0.00h,23.83h,rapid_subsidence,severe,"(-112.5,37.5)",256.9709,591.569
E_rapid_subsidence_0470_0279,0.00h,23.83h,rapid_subsidence,severe,"(237.5,87.5)",0.2477,0.5703
E_rapid_subsidence_0471_0021,0.00h,23.83h,rapid_subsidence,severe,"(-212.5,-212.5)",0.0065,0.0149
E_rapid_subsidence_0472_0273,0.00h,23.83h,rapid_subsidence,severe,"(87.5,87.5)",216.0158,497.287
E_rapid_subsidence_0473_0066,0.00h,23.83h,rapid_subsidence,severe,"(-87.5,-162.5)",15.9776,36.7817
E_rapid_subsidence_0474_0242,0.00h,23.83h,rapid_subsidence,severe,"(-187.5,62.5)",7.9784,18.367
E_rapid_subsidence_0475_0077,0.00h,23.83h,rapid_subsidence,severe,"(187.5,-162.5)",0.3505,0.807
E_rapid_subsidence_0476_0049,0.00h,23.83h,rapid_subsidence,severe,"(-12.5,-187.5)",13.4311,30.9196
E_rapid_subsidence_0477_0334,0.00h,23.83h,rapid_subsidence,severe,"(112.5,162.5)",7.9784,18.367
E_rapid_subsidence_0478_0088,0.00h,23.83h,rapid_subsidence,severe,"(-37.5,-137.5)",107.8679,248.3211
E_rapid_subsidence_0479_0087,0.00h,23.83h,rapid_subsidence,severe,"(-62.5,-137.5)",76.2247,175.4757
E_rapid_subsidence_0480_0051,0.00h,23.83h,rapid_subsidence,severe,"(37.5,-187.5)",11.2905,25.9917
E_rapid_subsidence_0481_0060,0.00h,23.83h,rapid_subsidence,severe,"(-237.5,-162.5)",0.0183,0.0422
E_rapid_subsidence_0482_0106,0.00h,23.83h,rapid_subsidence,severe,"(-87.5,-112.5)",107.8679,248.3211
E_rapid_subsidence_0483_0384,0.00h,23.83h,rapid_subsidence,severe,"(-137.5,237.5)",0.0519,0.1195
E_rapid_subsidence_0484_0248,0.00h,23.83h,rapid_subsidence,severe,"(-37.5,62.5)",866.308,1994.3155
E_rapid_subsidence_0485_0108,0.00h,23.83h,rapid_subsidence,severe,"(-37.5,-112.5)",256.9709,591.569
E_rapid_subsidence_0486_0316,0.00h,23.83h,rapid_subsidence,severe,"(162.5,137.5)",3.3491,7.7099
E_rapid_subsidence_0487_0346,0.00h,23.83h,rapid_subsidence,severe,"(-87.5,187.5)",4.7394,10.9105
E_rapid_subsidence_0488_0066,0.00h,23.83h,rapid_subsidence,severe,"(-87.5,-162.5)",15.9776,36.7817
E_rapid_subsidence_0489_0222,0.00h,23.83h,rapid_subsidence,severe,"(-187.5,37.5)",11.2905,25.9917
E_rapid_subsidence_0490_0045,0.00h,23.83h,rapid_subsidence,severe,"(-112.5,-187.5)",2.3666,5.4482
E_rapid_subsidence_0491_0375,0.00h,23.83h,rapid_subsidence,severe,"(137.5,212.5)",0.2477,0.5703
E_rapid_subsidence_0492_0155,0.00h,23.83h,rapid_subsidence,severe,"(137.5,-62.5)",76.2247,175.4757
E_rapid_subsidence_0493_0274,0.00h,23.83h,rapid_subsidence,severe,"(112.5,87.5)",107.8679,248.3211
E_rapid_subsidence_0494_0044,0.00h,23.83h,rapid_subsidence,severe,"(-137.5,-187.5)",0.9934,2.287
E_rapid_subsidence_0495_0286,0.00h,23.83h,rapid_subsidence,severe,"(-87.5,112.5)",107.8679,248.3211
E_rapid_subsidence_0496_0212,0.00h,23.83h,rapid_subsidence,severe,"(62.5,12.5)",1030.5538,2372.4235
E_rapid_subsidence_0497_0266,0.00h,23.83h,rapid_subsidence,severe,"(-87.5,87.5)",216.0158,497.287
E_rapid_subsidence_0498_0352,0.00h,23.83h,rapid_subsidence,severe,"(62.5,187.5)",7.9784,18.367
E_rapid_subsidence_0499_0197,0.00h,23.83h,rapid_subsidence,severe,"(187.5,-12.5)",13.4311,30.9196
E_rapid_subsidence_0500_0307,0.00h,23.83h,rapid_subsidence,severe,"(-62.5,137.5)",76.2247,175.4757
E_rapid_subsidence_0501_0017,0.00h,23.83h,rapid_subsidence,severe,"(187.5,-237.5)",0.0054,0.0125
E_rapid_subsidence_0502_0227,0.00h,23.83h,rapid_subsidence,severe,"(-62.5,37.5)",866.308,1994.3155
E_rapid_subsidence_0503_0110,0.00h,23.83h,rapid_subsidence,severe,"(12.5,-112.5)",305.6907,703.7263
E_rapid_subsidence_0504_0390,0.00h,23.83h,rapid_subsidence,severe,"(12.5,237.5)",0.702,1.6161
E_rapid_subsidence_0505_0167,0.00h,23.83h,rapid_subsidence,severe,"(-62.5,-37.5)",866.308,1994.3155
E_rapid_subsidence_0506_0020,0.00h,23.83h,rapid_subsidence,severe,"(-237.5,-212.5)",0.0014,0.0031
E_rapid_subsidence_0507_0047,0.00h,23.83h,rapid_subsidence,severe,"(-62.5,-187.5)",7.9784,18.367
E_rapid_subsidence_0508_0355,0.00h,23.83h,rapid_subsidence,severe,"(137.5,187.5)",0.9934,2.287
E_rapid_subsidence_0509_0389,0.00h,23.83h,rapid_subsidence,severe,"(-12.5,237.5)",0.702,1.6161
E_rapid_subsidence_0510_0248,0.00h,23.83h,rapid_subsidence,severe,"(-37.5,62.5)",866.308,1994.3155
E_rapid_subsidence_0511_0178,0.00h,23.83h,rapid_subsidence,severe,"(212.5,-37.5)",2.8153,6.4811
E_rapid_subsidence_0512_0043,0.00h,23.83h,rapid_subsidence,severe,"(-162.5,-187.5)",0.3505,0.807
E_rapid_subsidence_0513_0367,0.00h,23.83h,rapid_subsidence,severe,"(-62.5,212.5)",1.9894,4.5799
E_rapid_subsidence_0514_0323,0.00h,23.83h,rapid_subsidence,severe,"(-162.5,162.5)",1.1818,2.7205
E_rapid_subsidence_0515_0074,0.00h,23.83h,rapid_subsidence,severe,"(112.5,-162.5)",7.9784,18.367
E_rapid_subsidence_0516_0380,0.00h,23.83h,rapid_subsidence,severe,"(-237.5,237.5)",0.0003,0.0007
E_rapid_subsidence_0517_0157,0.00h,23.83h,rapid_subsidence,severe,"(187.5,-62.5)",7.9784,18.367
E_rapid_subsidence_0518_0222,0.00h,23.83h,rapid_subsidence,severe,"(-187.5,37.5)",11.2905,25.9917
E_rapid_subsidence_0519_0118,0.00h,23.83h,rapid_subsidence,severe,"(212.5,-112.5)",0.5901,1.3585
E_rapid_subsidence_0520_0009,0.00h,23.83h,rapid_subsidence,severe,"(-12.5,-237.5)",0.702,1.6161
E_rapid_subsidence_0521_0145,0.00h,23.83h,rapid_subsidence,severe,"(-112.5,-62.5)",181.588,418.0312
E_rapid_subsidence_0522_0391,0.00h,23.83h,rapid_subsidence,severe,"(37.5,237.5)",0.5901,1.3585
E_rapid_subsidence_0523_0150,0.00h,23.83h,rapid_subsidence,severe,"(12.5,-62.5)",1030.5538,2372.4235
E_rapid_subsidence_0524_0359,0.00h,23.83h,rapid_subsidence,severe,"(237.5,187.5)",0.0054,0.0125
E_rapid_subsidence_0525_0282,0.00h,23.83h,rapid_subsidence,severe,"(-187.5,112.5)",2.3666,5.4482
E_rapid_subsidence_0526_0216,0.00h,23.83h,rapid_subsidence,severe,"(162.5,12.5)",45.2794,104.237
E_rapid_subsidence_0527_0304,0.00h,23.83h,rapid_subsidence,severe,"(-137.5,137.5)",9.4911,21.8493
E_rapid_subsidence_0528_0079,0.00h,23.83h,rapid_subsidence,severe,"(237.5,-162.5)",0.0183,0.0422
E_rapid_subsidence_0529_0051,0.00h,23.83h,rapid_subsidence,severe,"(37.5,-187.5)",11.2905,25.9917
E_rapid_subsidence_0530_0141,0.00h,23.83h,rapid_subsidence,severe,"(-212.5,-62.5)",1.9894,4.5799
E_rapid_subsidence_0531_0061,0.00h,23.83h,rapid_subsidence,severe,"(-212.5,-162.5)",0.0874,0.2012
E_rapid_subsidence_0532_0102,0.00h,23.83h,rapid_subsidence,severe,"(-187.5,-112.5)",2.3666,5.4482
E_rapid_subsidence_0533_0026,0.00h,23.83h,rapid_subsidence,severe,"(-87.5,-212.5)",1.1818,2.7205
E_rapid_subsidence_0534_0340,0.00h,23.83h,rapid_subsidence,severe,"(-237.5,187.5)",0.0054,0.0125
E_rapid_subsidence_0535_0317,0.00h,23.83h,rapid_subsidence,severe,"(187.5,137.5)",0.9934,2.287
E_rapid_subsidence_0536_0090,0.00h,23.83h,rapid_subsidence,severe,"(12.5,-137.5)",128.3189,295.4011
E_rapid_subsidence_0537_0316,0.00h,23.83h,rapid_subsidence,severe,"(162.5,137.5)",3.3491,7.7099
E_rapid_subsidence_0538_0130,0.00h,23.83h,rapid_subsidence,severe,"(12.5,-87.5)",612.1751,1409.2796
E_rapid_subsidence_0539_0060,0.00h,23.83h,rapid_subsidence,severe,"(-237.5,-162.5)",0.0183,0.0422
E_rapid_subsidence_0540_0206,0.00h,23.83h,rapid_subsidence,severe,"(-87.5,12.5)",612.1751,1409.2796
E_rapid_subsidence_0541_0106,0.00h,23.83h,rapid_subsidence,severe,"(-87.5,-112.5)",107.8679,248.3211
E_rapid_subsidence_0542_0116,0.00h,23.83h,rapid_subsidence,severe,"(162.5,-112.5)",7.9784,18.367
E_rapid_subsidence_0543_0238,0.00h,23.83h,rapid_subsidence,severe,"(212.5,37.5)",2.8153,6.4811
E_rapid_subsidence_0544_0258,0.00h,23.83h,rapid_subsidence,severe,"(212.5,62.5)",1.9894,4.5799
E_rapid_subsidence_0545_0056,0.00h,23.83h,rapid_subsidence,severe,"(162.5,-187.5)",0.3505,0.807
E_rapid_subsidence_0546_0055,0.00h,23.83h,rapid_subsidence,severe,"(137.5,-187.5)",0.9934,2.287
E_rapid_subsidence_0547_0151,0.00h,23.83h,rapid_subsidence,severe,"(37.5,-62.5)",866.308,1994.3155
E_rapid_subsidence_0548_0158,0.00h,23.83h,rapid_subsidence,severe,"(212.5,-62.5)",1.9894,4.5799
E_rapid_subsidence_0549_0056,0.00h,23.83h,rapid_subsidence,severe,"(162.5,-187.5)",0.3505,0.807
E_rapid_subsidence_0550_0288,0.00h,23.83h,rapid_subsidence,severe,"(-37.5,112.5)",256.9709,591.569
E_rapid_subsidence_0551_0224,0.00h,23.83h,rapid_subsidence,severe,"(-137.5,37.5)",107.8679,248.3211
E_rapid_subsidence_0552_0310,0.00h,23.83h,rapid_subsidence,severe,"(12.5,137.5)",128.3189,295.4011
E_rapid_subsidence_0553_0234,0.00h,23.83h,rapid_subsidence,severe,"(112.5,37.5)",256.9709,591.569
E_rapid_subsidence_0554_0087,0.00h,23.83h,rapid_subsidence,severe,"(-62.5,-137.5)",76.2247,175.4757
E_rapid_subsidence_0555_0129,0.00h,23.83h,rapid_subsidence,severe,"(-12.5,-87.5)",612.1751,1409.2796
E_rapid_subsidence_0556_0009,0.00h,23.83h,rapid_subsidence,severe,"(-12.5,-237.5)",0.702,1.6161
E_rapid_subsidence_0557_0195,0.00h,23.83h,rapid_subsidence,severe,"(137.5,-12.5)",128.3189,295.4011
E_rapid_subsidence_0558_0350,0.00h,23.83h,rapid_subsidence,severe,"(12.5,187.5)",13.4311,30.9196
E_rapid_subsidence_0559_0345,0.00h,23.83h,rapid_subsidence,severe,"(-112.5,187.5)",2.3666,5.4482
E_rapid_subsidence_0560_0281,0.00h,23.83h,rapid_subsidence,severe,"(-212.5,112.5)",0.5901,1.3585
E_rapid_subsidence_0561_0000,0.00h,23.83h,rapid_subsidence,severe,"(-237.5,-237.5)",0.0003,0.0007
E_rapid_subsidence_0562_0331,0.00h,23.83h,rapid_subsidence,severe,"(37.5,162.5)",38.0629,87.6241
E_rapid_subsidence_0563_0230,0.00h,23.83h,rapid_subsidence,severe,"(12.5,37.5)",1458.3688,3357.2904
E_rapid_subsidence_0564_0022,0.00h,23.83h,rapid_subsidence,severe,"(-187.5,-212.5)",0.0259,0.0597
E_rapid_subsidence_0565_0309,0.00h,23.83h,rapid_subsidence,severe,"(-12.5,137.5)",128.3189,295.4011
E_rapid_subsidence_0566_0226,0.00h,23.83h,rapid_subsidence,severe,"(-87.5,37.5)",514.6089,1184.6739
E_rapid_subsidence_0567_0211,0.00h,23.83h,rapid_subsidence,severe,"(37.5,12.5)",1458.3688,3357.2904
E_rapid_subsidence_0568_0212,0.00h,23.83h,rapid_subsidence,severe,"(62.5,12.5)",1030.5538,2372.4235
E_rapid_subsidence_0569_0025,0.00h,23.83h,rapid_subsidence,severe,"(-112.5,-212.5)",0.5901,1.3585
E_rapid_subsidence_0570_0248,0.00h,23.83h,rapid_subsidence,severe,"(-37.5,62.5)",866.308,1994.3155
E_rapid_subsidence_0571_0310,0.00h,23.83h,rapid_subsidence,severe,"(12.5,137.5)",128.3189,295.4011
E_rapid_subsidence_0572_0192,0.00h,23.83h,rapid_subsidence,severe,"(62.5,-12.5)",1030.5538,2372.4235
E_rapid_subsidence_0573_0149,0.00h,23.83h,rapid_subsidence,severe,"(-12.5,-62.5)",1030.5538,2372.4235
E_rapid_subsidence_0574_0077,0.00h,23.83h,rapid_subsidence,severe,"(187.5,-162.5)",0.3505,0.807
E_rapid_subsidence_0575_0371,0.00h,23.83h,rapid_subsidence,severe,"(37.5,212.5)",2.8153,6.4811
E_rapid_subsidence_0576_0052,0.00h,23.83h,rapid_subsidence,severe,"(62.5,-187.5)",7.9784,18.367
E_rapid_subsidence_0577_0239,0.00h,23.83h,rapid_subsidence,severe,"(237.5,37.5)",0.5901,1.3585
E_rapid_subsidence_0578_0357,0.00h,23.83h,rapid_subsidence,severe,"(187.5,187.5)",0.104,0.2394
E_rapid_subsidence_0579_0258,0.00h,23.83h,rapid_subsidence,severe,"(212.5,62.5)",1.9894,4.5799
E_rapid_subsidence_0580_0041,0.00h,23.83h,rapid_subsidence,severe,"(-212.5,-187.5)",0.0259,0.0597
E_rapid_subsidence_0581_0144,0.00h,23.83h,rapid_subsidence,severe,"(-137.5,-62.5)",76.2247,175.4757
E_rapid_subsidence_0582_0148,0.00h,23.83h,rapid_subsidence,severe,"(-37.5,-62.5)",866.308,1994.3155
E_rapid_subsidence_0583_0239,0.00h,23.83h,rapid_subsidence,severe,"(237.5,37.5)",0.5901,1.3585
E_rapid_subsidence_0584_0319,0.00h,23.83h,rapid_subsidence,severe,"(237.5,137.5)",0.0519,0.1195
E_rapid_subsidence_0585_0025,0.00h,23.83h,rapid_subsidence,severe,"(-112.5,-212.5)",0.5901,1.3585
E_rapid_subsidence_0586_0159,0.00h,23.83h,rapid_subsidence,severe,"(237.5,-62.5)",0.417,0.96
E_rapid_subsidence_0587_0221,0.00h,23.83h,rapid_subsidence,severe,"(-212.5,37.5)",2.8153,6.4811
E_rapid_subsidence_0588_0056,0.00h,23.83h,rapid_subsidence,severe,"(162.5,-187.5)",0.3505,0.807
E_rapid_subsidence_0589_0034,0.00h,23.83h,rapid_subsidence,severe,"(112.5,-212.5)",0.5901,1.3585
E_rapid_subsidence_0590_0261,0.00h,23.83h,rapid_subsidence,severe,"(-212.5,87.5)",1.1818,2.7205
E_rapid_subsidence_0591_0361,0.00h,23.83h,rapid_subsidence,severe,"(-212.5,212.5)",0.0065,0.0149
E_rapid_subsidence_0592_0359,0.00h,23.83h,rapid_subsidence,severe,"(237.5,187.5)",0.0054,0.0125
E_rapid_subsidence_0593_0323,0.00h,23.83h,rapid_subsidence,severe,"(-162.5,162.5)",1.1818,2.7205
E_rapid_subsidence_0594_0387,0.00h,23.83h,rapid_subsidence,severe,"(-62.5,237.5)",0.417,0.96
E_rapid_subsidence_0595_0261,0.00h,23.83h,rapid_subsidence,severe,"(-212.5,87.5)",1.1818,2.7205
E_rapid_subsidence_0596_0082,0.00h,23.83h,rapid_subsidence,severe,"(-187.5,-137.5)",0.9934,2.287
E_rapid_subsidence_0597_0330,0.00h,23.83h,rapid_subsidence,severe,"(12.5,162.5)",45.2794,104.237
E_rapid_subsidence_0598_0297,0.00h,23.83h,rapid_subsidence,severe,"(187.5,112.5)",2.3666,5.4482
E_rapid_subsidence_0599_0385,0.00h,23.83h,rapid_subsidence,severe,"(-112.5,237.5)",0.1237,0.2848
E_rapid_subsidence_0600_0265,0.00h,23.83h,rapid_subsidence,severe,"(-112.5,87.5)",107.8679,248.3211
E_rapid_subsidence_0601_0396,0.00h,23.83h,rapid_subsidence,severe,"(162.5,237.5)",0.0183,0.0422
E_rapid_subsidence_0602_0332,0.00h,23.83h,rapid_subsidence,severe,"(62.5,162.5)",26.8971,61.9194
E_rapid_subsidence_0603_0016,0.00h,23.83h,rapid_subsidence,severe,"(162.5,-237.5)",0.0183,0.0422
E_rapid_subsidence_0604_0362,0.00h,23.83h,rapid_subsidence,severe,"(-187.5,212.5)",0.0259,0.0597
E_rapid_subsidence_0605_0360,0.00h,23.83h,rapid_subsidence,severe,"(-237.5,212.5)",0.0014,0.0031
E_rapid_subsidence_0606_0127,0.00h,23.83h,rapid_subsidence,severe,"(-62.5,-87.5)",363.6475,837.1478
E_rapid_subsidence_0607_0338,0.00h,23.83h,rapid_subsidence,severe,"(212.5,162.5)",0.0874,0.2012
E_rapid_subsidence_0608_0013,0.00h,23.83h,rapid_subsidence,severe,"(87.5,-237.5)",0.2477,0.5703
E_rapid_subsidence_0609_0271,0.00h,23.83h,rapid_subsidence,severe,"(37.5,87.5)",514.6089,1184.6739
E_rapid_subsidence_0610_0054,0.00h,23.83h,rapid_subsidence,severe,"(112.5,-187.5)",2.3666,5.4482
E_rapid_subsidence_0611_0059,0.00h,23.83h,rapid_subsidence,severe,"(237.5,-187.5)",0.0054,0.0125
E_rapid_subsidence_0612_0060,0.00h,23.83h,rapid_subsidence,severe,"(-237.5,-162.5)",0.0183,0.0422
E_rapid_subsidence_0613_0243,0.00h,23.83h,rapid_subsidence,severe,"(-162.5,62.5)",26.8971,61.9194
E_rapid_subsidence_0614_0222,0.00h,23.83h,rapid_subsidence,severe,"(-187.5,37.5)",11.2905,25.9917
E_rapid_subsidence_0615_0018,0.00h,23.83h,rapid_subsidence,severe,"(212.5,-237.5)",0.0014,0.0031
E_rapid_subsidence_0616_0303,0.00h,23.83h,rapid_subsidence,severe,"(-162.5,137.5)",3.3491,7.7099
E_rapid_subsidence_0617_0398,0.00h,23.83h,rapid_subsidence,severe,"(212.5,237.5)",0.0014,0.0031
E_rapid_subsidence_0618_0362,0.00h,23.83h,rapid_subsidence,severe,"(-187.5,212.5)",0.0259,0.0597
E_rapid_subsidence_0619_0133,0.00h,23.83h,rapid_subsidence,severe,"(87.5,-87.5)",216.0158,497.287
E_rapid_subsidence_0620_0048,0.00h,23.83h,rapid_subsidence,severe,"(-37.5,-187.5)",11.2905,25.9917
E_rapid_subsidence_0621_0079,0.00h,23.83h,rapid_subsidence,severe,"(237.5,-162.5)",0.0183,0.0422
E_rapid_subsidence_0622_0064,0.00h,23.83h,rapid_subsidence,severe,"(-137.5,-162.5)",3.3491,7.7099
E_rapid_subsidence_0623_0310,0.00h,23.83h,rapid_subsidence,severe,"(12.5,137.5)",128.3189,295.4011
E_rapid_subsidence_0624_0170,0.00h,23.83h,rapid_subsidence,severe,"(12.5,-37.5)",1458.3688,3357.2904
E_irregular_subsidence_0000_0097,0.00h,23.83h,irregular_subsidence,moderate,"(187.5,-137.5)",0.2696,4.0145
E_irregular_subsidence_0001_0256,0.00h,23.83h,irregular_subsidence,moderate,"(162.5,62.5)",7.2983,108.6929
E_irregular_subsidence_0002_0375,0.00h,23.83h,irregular_subsidence,moderate,"(137.5,212.5)",0.0672,1.001
E_irregular_subsidence_0003_0204,0.00h,23.83h,irregular_subsidence,moderate,"(-137.5,12.5)",34.8184,518.5448
E_irregular_subsidence_0004_0394,0.00h,23.83h,irregular_subsidence,moderate,"(112.5,237.5)",0.0336,0.4999
E_irregular_subsidence_0005_0200,0.00h,23.83h,irregular_subsidence,moderate,"(-237.5,12.5)",0.1905,2.8368
E_irregular_subsidence_0006_0034,0.00h,23.83h,irregular_subsidence,moderate,"(112.5,-212.5)",0.1601,2.3847
E_irregular_subsidence_0007_0312,0.00h,23.83h,irregular_subsidence,moderate,"(62.5,137.5)",20.683,308.0288
E_irregular_subsidence_0008_0091,0.00h,23.83h,irregular_subsidence,moderate,"(37.5,-137.5)",29.2692,435.9011
E_irregular_subsidence_0009_0244,0.00h,23.83h,irregular_subsidence,moderate,"(-137.5,62.5)",20.683,308.0288
E_irregular_subsidence_0010_0137,0.00h,23.83h,irregular_subsidence,moderate,"(187.5,-87.5)",1.286,19.1522
E_irregular_subsidence_0011_0147,0.00h,23.83h,irregular_subsidence,moderate,"(-62.5,-62.5)",166.1093,2473.839
E_irregular_subsidence_0012_0099,0.00h,23.83h,irregular_subsidence,moderate,"(237.5,-137.5)",0.0141,0.2098
E_irregular_subsidence_0013_0020,0.00h,23.83h,irregular_subsidence,moderate,"(-237.5,-212.5)",0.0004,0.0055
E_irregular_subsidence_0014_0177,0.00h,23.83h,irregular_subsidence,moderate,"(187.5,-37.5)",3.0636,45.6257
E_irregular_subsidence_0015_0041,0.00h,23.83h,irregular_subsidence,moderate,"(-212.5,-187.5)",0.007,0.1048
E_irregular_subsidence_0016_0335,0.00h,23.83h,irregular_subsidence,moderate,"(137.5,162.5)",0.9087,13.5338
E_irregular_subsidence_0017_0342,0.00h,23.83h,irregular_subsidence,moderate,"(-187.5,187.5)",0.0282,0.4202
E_irregular_subsidence_0018_0183,0.00h,23.83h,irregular_subsidence,moderate,"(-162.5,-12.5)",12.2862,182.9769
E_irregular_subsidence_0019_0215,0.00h,23.83h,irregular_subsidence,moderate,"(137.5,12.5)",34.8184,518.5448
E_irregular_subsidence_0020_0374,0.00h,23.83h,irregular_subsidence,moderate,"(112.5,212.5)",0.1601,2.3847
E_irregular_subsidence_0021_0036,0.00h,23.83h,irregular_subsidence,moderate,"(162.5,-212.5)",0.0237,0.3532
E_irregular_subsidence_0022_0293,0.00h,23.83h,irregular_subsidence,moderate,"(87.5,112.5)",29.2692,435.9011
E_irregular_subsidence_0023_0130,0.00h,23.83h,irregular_subsidence,moderate,"(12.5,-87.5)",166.1093,2473.839
E_irregular_subsidence_0024_0004,0.00h,23.83h,irregular_subsidence,moderate,"(-137.5,-237.5)",0.0141,0.2098
E_irregular_subsidence_0025_0380,0.00h,23.83h,irregular_subsidence,moderate,"(-237.5,237.5)",0.0001,0.0011
E_irregular_subsidence_0026_0278,0.00h,23.83h,irregular_subsidence,moderate,"(212.5,87.5)",0.3207,4.7756
E_irregular_subsidence_0027_0338,0.00h,23.83h,irregular_subsidence,moderate,"(212.5,162.5)",0.0237,0.3532
E_irregular_subsidence_0028_0202,0.00h,23.83h,irregular_subsidence,moderate,"(-187.5,12.5)",3.6444,54.276
E_irregular_subsidence_0029_0006,0.00h,23.83h,irregular_subsidence,moderate,"(-87.5,-237.5)",0.0672,1.001
E_irregular_subsidence_0030_0239,0.00h,23.83h,irregular_subsidence,moderate,"(237.5,37.5)",0.1601,2.3847
E_irregular_subsidence_0031_0328,0.00h,23.83h,irregular_subsidence,moderate,"(-37.5,162.5)",10.3281,153.8147
E_irregular_subsidence_0032_0291,0.00h,23.83h,irregular_subsidence,moderate,"(37.5,112.5)",69.7272,1038.4359
E_irregular_subsidence_0033_0324,0.00h,23.83h,irregular_subsidence,moderate,"(-137.5,162.5)",0.9087,13.5338
E_irregular_subsidence_0034_0344,0.00h,23.83h,irregular_subsidence,moderate,"(-137.5,187.5)",0.2696,4.0145
E_irregular_subsidence_0035_0310,0.00h,23.83h,irregular_subsidence,moderate,"(12.5,137.5)",34.8184,518.5448
E_irregular_subsidence_0036_0241,0.00h,23.83h,irregular_subsidence,moderate,"(-212.5,62.5)",0.5398,8.0394
E_irregular_subsidence_0037_0356,0.00h,23.83h,irregular_subsidence,moderate,"(162.5,187.5)",0.0951,1.4166
E_irregular_subsidence_0038_0328,0.00h,23.83h,irregular_subsidence,moderate,"(-37.5,162.5)",10.3281,153.8147
E_irregular_subsidence_0039_0021,0.00h,23.83h,irregular_subsidence,moderate,"(-212.5,-212.5)",0.0018,0.0261
E_irregular_subsidence_0040_0299,0.00h,23.83h,irregular_subsidence,moderate,"(237.5,112.5)",0.0336,0.4999
E_irregular_subsidence_0041_0383,0.00h,23.83h,irregular_subsidence,moderate,"(-162.5,237.5)",0.005,0.074
E_irregular_subsidence_0042_0237,0.00h,23.83h,irregular_subsidence,moderate,"(187.5,37.5)",3.0636,45.6257
E_irregular_subsidence_0043_0111,0.00h,23.83h,irregular_subsidence,moderate,"(37.5,-112.5)",69.7272,1038.4359
E_irregular_subsidence_0044_0139,0.00h,23.83h,irregular_subsidence,moderate,"(237.5,-87.5)",0.0672,1.001
E_irregular_subsidence_0045_0353,0.00h,23.83h,irregular_subsidence,moderate,"(87.5,187.5)",1.286,19.1522
E_irregular_subsidence_0046_0088,0.00h,23.83h,irregular_subsidence,moderate,"(-37.5,-137.5)",29.2692,435.9011
E_irregular_subsidence_0047_0251,0.00h,23.83h,irregular_subsidence,moderate,"(37.5,62.5)",235.0665,3500.8067
E_irregular_subsidence_0048_0151,0.00h,23.83h,irregular_subsidence,moderate,"(37.5,-62.5)",235.0665,3500.8067
E_irregular_subsidence_0049_0314,0.00h,23.83h,irregular_subsidence,moderate,"(112.5,137.5)",6.1352,91.3698
E_irregular_subsidence_0050_0388,0.00h,23.83h,irregular_subsidence,moderate,"(-37.5,237.5)",0.1601,2.3847
E_irregular_subsidence_0051_0165,0.00h,23.83h,irregular_subsidence,moderate,"(-112.5,-37.5)",69.7272,1038.4359
E_irregular_subsidence_0052_0002,0.00h,23.83h,irregular_subsidence,moderate,"(-187.5,-237.5)",0.0015,0.022
E_irregular_subsidence_0053_0310,0.00h,23.83h,irregular_subsidence,moderate,"(12.5,137.5)",34.8184,518.5448
E_irregular_subsidence_0054_0141,0.00h,23.83h,irregular_subsidence,moderate,"(-212.5,-62.5)",0.5398,8.0394
E_irregular_subsidence_0055_0061,0.00h,23.83h,irregular_subsidence,moderate,"(-212.5,-162.5)",0.0237,0.3532
E_irregular_subsidence_0056_0185,0.00h,23.83h,irregular_subsidence,moderate,"(-112.5,-12.5)",82.947,1235.3159
E_irregular_subsidence_0057_0000,0.00h,23.83h,irregular_subsidence,moderate,"(-237.5,-237.5)",0.0001,0.0011
E_irregular_subsidence_0058_0217,0.00h,23.83h,irregular_subsidence,moderate,"(187.5,12.5)",3.6444,54.276
E_irregular_subsidence_0059_0324,0.00h,23.83h,irregular_subsidence,moderate,"(-137.5,162.5)",0.9087,13.5338
E_irregular_subsidence_0060_0107,0.00h,23.83h,irregular_subsidence,moderate,"(-62.5,-112.5)",49.2726,733.8089
E_irregular_subsidence_0061_0229,0.00h,23.83h,irregular_subsidence,moderate,"(-12.5,37.5)",395.718,5893.3627
E_irregular_subsidence_0062_0116,0.00h,23.83h,irregular_subsidence,moderate,"(162.5,-112.5)",2.1649,32.2413
E_irregular_subsidence_0063_0172,0.00h,23.83h,irregular_subsidence,moderate,"(62.5,-37.5)",235.0665,3500.8067
E_irregular_subsidence_0064_0107,0.00h,23.83h,irregular_subsidence,moderate,"(-62.5,-112.5)",49.2726,733.8089
E_irregular_subsidence_0065_0389,0.00h,23.83h,irregular_subsidence,moderate,"(-12.5,237.5)",0.1905,2.8368
E_irregular_subsidence_0066_0040,0.00h,23.83h,irregular_subsidence,moderate,"(-237.5,-187.5)",0.0015,0.022
E_irregular_subsidence_0067_0074,0.00h,23.83h,irregular_subsidence,moderate,"(112.5,-162.5)",2.1649,32.2413
E_irregular_subsidence_0068_0328,0.00h,23.83h,irregular_subsidence,moderate,"(-37.5,162.5)",10.3281,153.8147
E_irregular_subsidence_0069_0360,0.00h,23.83h,irregular_subsidence,moderate,"(-237.5,212.5)",0.0004,0.0055
E_irregular_subsidence_0070_0094,0.00h,23.83h,irregular_subsidence,moderate,"(112.5,-137.5)",6.1352,91.3698
E_irregular_subsidence_0071_0333,0.00h,23.83h,irregular_subsidence,moderate,"(87.5,162.5)",4.3354,64.5663
E_irregular_subsidence_0072_0392,0.00h,23.83h,irregular_subsidence,moderate,"(62.5,237.5)",0.1132,1.6852
E_irregular_subsidence_0073_0070,0.00h,23.83h,irregular_subsidence,moderate,"(12.5,-162.5)",12.2862,182.9769
E_irregular_subsidence_0074_0388,0.00h,23.83h,irregular_subsidence,moderate,"(-37.5,237.5)",0.1601,2.3847
E_irregular_subsidence_0075_0051,0.00h,23.83h,irregular_subsidence,moderate,"(37.5,-187.5)",3.0636,45.6257
E_irregular_subsidence_0076_0057,0.00h,23.83h,irregular_subsidence,moderate,"(187.5,-187.5)",0.0282,0.4202
E_irregular_subsidence_0077_0251,0.00h,23.83h,irregular_subsidence,moderate,"(37.5,62.5)",235.0665,3500.8067
E_irregular_subsidence_0078_0235,0.00h,23.83h,irregular_subsidence,moderate,"(137.5,37.5)",29.2692,435.9011
E_irregular_subsidence_0079_0166,0.00h,23.83h,irregular_subsidence,moderate,"(-87.5,-37.5)",139.6355,2079.5678
E_irregular_subsidence_0080_0370,0.00h,23.83h,irregular_subsidence,moderate,"(12.5,212.5)",0.9087,13.5338
E_irregular_subsidence_0081_0294,0.00h,23.83h,irregular_subsidence,moderate,"(112.5,112.5)",14.6156,217.668
E_irregular_subsidence_0082_0311,0.00h,23.83h,irregular_subsidence,moderate,"(37.5,137.5)",29.2692,435.9011
E_irregular_subsidence_0083_0137,0.00h,23.83h,irregular_subsidence,moderate,"(187.5,-87.5)",1.286,19.1522
E_irregular_subsidence_0084_0138,0.00h,23.83h,irregular_subsidence,moderate,"(212.5,-87.5)",0.3207,4.7756
E_irregular_subsidence_0085_0381,0.00h,23.83h,irregular_subsidence,moderate,"(-212.5,237.5)",0.0004,0.0055
E_irregular_subsidence_0086_0187,0.00h,23.83h,irregular_subsidence,moderate,"(-62.5,-12.5)",279.6334,4164.5346
E_irregular_subsidence_0087_0006,0.00h,23.83h,irregular_subsidence,moderate,"(-87.5,-237.5)",0.0672,1.001
E_irregular_subsidence_0088_0326,0.00h,23.83h,irregular_subsidence,moderate,"(-87.5,162.5)",4.3354,64.5663
E_irregular_subsidence_0089_0129,0.00h,23.83h,irregular_subsidence,moderate,"(-12.5,-87.5)",166.1093,2473.839
E_irregular_subsidence_0090_0094,0.00h,23.83h,irregular_subsidence,moderate,"(112.5,-137.5)",6.1352,91.3698
E_irregular_subsidence_0091_0359,0.00h,23.83h,irregular_subsidence,moderate,"(237.5,187.5)",0.0015,0.022
E_irregular_subsidence_0092_0195,0.00h,23.83h,irregular_subsidence,moderate,"(137.5,-12.5)",34.8184,518.5448
E_irregular_subsidence_0093_0147,0.00h,23.83h,irregular_subsidence,moderate,"(-62.5,-62.5)",166.1093,2473.839
E_irregular_subsidence_0094_0162,0.00h,23.83h,irregular_subsidence,moderate,"(-187.5,-37.5)",3.0636,45.6257
E_irregular_subsidence_0095_0371,0.00h,23.83h,irregular_subsidence,moderate,"(37.5,212.5)",0.7639,11.3769
E_irregular_subsidence_0096_0053,0.00h,23.83h,irregular_subsidence,moderate,"(87.5,-187.5)",1.286,19.1522
E_irregular_subsidence_0097_0215,0.00h,23.83h,irregular_subsidence,moderate,"(137.5,12.5)",34.8184,518.5448
E_irregular_subsidence_0098_0316,0.00h,23.83h,irregular_subsidence,moderate,"(162.5,137.5)",0.9087,13.5338
E_irregular_subsidence_0099_0139,0.00h,23.83h,irregular_subsidence,moderate,"(237.5,-87.5)",0.0672,1.001
E_irregular_subsidence_0100_0391,0.00h,23.83h,irregular_subsidence,moderate,"(37.5,237.5)",0.1601,2.3847
E_irregular_subsidence_0101_0242,0.00h,23.83h,irregular_subsidence,moderate,"(-187.5,62.5)",2.1649,32.2413
E_irregular_subsidence_0102_0332,0.00h,23.83h,irregular_subsidence,moderate,"(62.5,162.5)",7.2983,108.6929
E_irregular_subsidence_0103_0270,0.00h,23.83h,irregular_subsidence,moderate,"(12.5,87.5)",166.1093,2473.839
E_irregular_subsidence_0104_0121,0.00h,23.83h,irregular_subsidence,moderate,"(-212.5,-87.5)",0.3207,4.7756
E_irregular_subsidence_0105_0212,0.00h,23.83h,irregular_subsidence,moderate,"(62.5,12.5)",279.6334,4164.5346
E_irregular_subsidence_0106_0298,0.00h,23.83h,irregular_subsidence,moderate,"(212.5,112.5)",0.1601,2.3847
E_irregular_subsidence_0107_0366,0.00h,23.83h,irregular_subsidence,moderate,"(-87.5,212.5)",0.3207,4.7756
E_irregular_subsidence_0108_0224,0.00h,23.83h,irregular_subsidence,moderate,"(-137.5,37.5)",29.2692,435.9011
E_irregular_subsidence_0109_0141,0.00h,23.83h,irregular_subsidence,moderate,"(-212.5,-62.5)",0.5398,8.0394
E_irregular_subsidence_0110_0183,0.00h,23.83h,irregular_subsidence,moderate,"(-162.5,-12.5)",12.2862,182.9769
E_irregular_subsidence_0111_0002,0.00h,23.83h,irregular_subsidence,moderate,"(-187.5,-237.5)",0.0015,0.022
E_irregular_subsidence_0112_0300,0.00h,23.83h,irregular_subsidence,moderate,"(-237.5,137.5)",0.0141,0.2098
E_irregular_subsidence_0113_0254,0.00h,23.83h,irregular_subsidence,moderate,"(112.5,62.5)",49.2726,733.8089
E_irregular_subsidence_0114_0165,0.00h,23.83h,irregular_subsidence,moderate,"(-112.5,-37.5)",69.7272,1038.4359
E_irregular_subsidence_0115_0024,0.00h,23.83h,irregular_subsidence,moderate,"(-137.5,-212.5)",0.0672,1.001
E_irregular_subsidence_0116_0183,0.00h,23.83h,irregular_subsidence,moderate,"(-162.5,-12.5)",12.2862,182.9769
E_irregular_subsidence_0117_0155,0.00h,23.83h,irregular_subsidence,moderate,"(137.5,-62.5)",20.683,308.0288
E_irregular_subsidence_0118_0093,0.00h,23.83h,irregular_subsidence,moderate,"(87.5,-137.5)",12.2862,182.9769
E_irregular_subsidence_0119_0391,0.00h,23.83h,irregular_subsidence,moderate,"(37.5,237.5)",0.1601,2.3847
E_irregular_subsidence_0120_0114,0.00h,23.83h,irregular_subsidence,moderate,"(112.5,-112.5)",14.6156,217.668
E_irregular_subsidence_0121_0100,0.00h,23.83h,irregular_subsidence,moderate,"(-237.5,-112.5)",0.0336,0.4999
E_irregular_subsidence_0122_0313,0.00h,23.83h,irregular_subsidence,moderate,"(87.5,137.5)",12.2862,182.9769
E_irregular_subsidence_0123_0114,0.00h,23.83h,irregular_subsidence,moderate,"(112.5,-112.5)",14.6156,217.668
E_irregular_subsidence_0124_0035,0.00h,23.83h,irregular_subsidence,moderate,"(137.5,-212.5)",0.0672,1.001
E_irregular_subsidence_0125_0276,0.00h,23.83h,irregular_subsidence,moderate,"(162.5,87.5)",4.3354,64.5663
E_irregular_subsidence_0126_0066,0.00h,23.83h,irregular_subsidence,moderate,"(-87.5,-162.5)",4.3354,64.5663
E_irregular_subsidence_0127_0063,0.00h,23.83h,irregular_subsidence,moderate,"(-162.5,-162.5)",0.3207,4.7756
E_irregular_subsidence_0128_0137,0.00h,23.83h,irregular_subsidence,moderate,"(187.5,-87.5)",1.286,19.1522
E_irregular_subsidence_0129_0039,0.00h,23.83h,irregular_subsidence,moderate,"(237.5,-212.5)",0.0004,0.0055
E_irregular_subsidence_0130_0372,0.00h,23.83h,irregular_subsidence,moderate,"(62.5,212.5)",0.5398,8.0394
E_irregular_subsidence_0131_0329,0.00h,23.83h,irregular_subsidence,moderate,"(-12.5,162.5)",12.2862,182.9769
E_irregular_subsidence_0132_0170,0.00h,23.83h,irregular_subsidence,moderate,"(12.5,-37.5)",395.718,5893.3627
E_irregular_subsidence_0133_0187,0.00h,23.83h,irregular_subsidence,moderate,"(-62.5,-12.5)",279.6334,4164.5346
E_irregular_subsidence_0134_0082,0.00h,23.83h,irregular_subsidence,moderate,"(-187.5,-137.5)",0.2696,4.0145
E_irregular_subsidence_0135_0163,0.00h,23.83h,irregular_subsidence,moderate,"(-162.5,-37.5)",10.3281,153.8147
E_irregular_subsidence_0136_0092,0.00h,23.83h,irregular_subsidence,moderate,"(62.5,-137.5)",20.683,308.0288
E_irregular_subsidence_0137_0130,0.00h,23.83h,irregular_subsidence,moderate,"(12.5,-87.5)",166.1093,2473.839
E_irregular_subsidence_0138_0121,0.00h,23.83h,irregular_subsidence,moderate,"(-212.5,-87.5)",0.3207,4.7756
E_irregular_subsidence_0139_0163,0.00h,23.83h,irregular_subsidence,moderate,"(-162.5,-37.5)",10.3281,153.8147
E_irregular_subsidence_0140_0153,0.00h,23.83h,irregular_subsidence,moderate,"(87.5,-62.5)",98.6732,1469.523
E_irregular_subsidence_0141_0350,0.00h,23.83h,irregular_subsidence,moderate,"(12.5,187.5)",3.6444,54.276
E_irregular_subsidence_0142_0362,0.00h,23.83h,irregular_subsidence,moderate,"(-187.5,212.5)",0.007,0.1048
E_irregular_subsidence_0143_0364,0.00h,23.83h,irregular_subsidence,moderate,"(-137.5,212.5)",0.0672,1.001
E_irregular_subsidence_0144_0053,0.00h,23.83h,irregular_subsidence,moderate,"(87.5,-187.5)",1.286,19.1522
E_irregular_subsidence_0145_0397,0.00h,23.83h,irregular_subsidence,moderate,"(187.5,237.5)",0.0015,0.022
E_irregular_subsidence_0146_0296,0.00h,23.83h,irregular_subsidence,moderate,"(162.5,112.5)",2.1649,32.2413
E_irregular_subsidence_0147_0345,0.00h,23.83h,irregular_subsidence,moderate,"(-112.5,187.5)",0.6422,9.5637
E_irregular_subsidence_0148_0202,0.00h,23.83h,irregular_subsidence,moderate,"(-187.5,12.5)",3.6444,54.276
E_irregular_subsidence_0149_0315,0.00h,23.83h,irregular_subsidence,moderate,"(137.5,137.5)",2.5753,38.354
E_irregular_subsidence_0150_0258,0.00h,23.83h,irregular_subsidence,moderate,"(212.5,62.5)",0.5398,8.0394
E_irregular_subsidence_0151_0258,0.00h,23.83h,irregular_subsidence,moderate,"(212.5,62.5)",0.5398,8.0394
E_irregular_subsidence_0152_0053,0.00h,23.83h,irregular_subsidence,moderate,"(87.5,-187.5)",1.286,19.1522
E_irregular_subsidence_0153_0045,0.00h,23.83h,irregular_subsidence,moderate,"(-112.5,-187.5)",0.6422,9.5637
E_irregular_subsidence_0154_0218,0.00h,23.83h,irregular_subsidence,moderate,"(212.5,12.5)",0.9087,13.5338
E_irregular_subsidence_0155_0245,0.00h,23.83h,irregular_subsidence,moderate,"(-112.5,62.5)",49.2726,733.8089
E_irregular_subsidence_0156_0101,0.00h,23.83h,irregular_subsidence,moderate,"(-212.5,-112.5)",0.1601,2.3847
E_irregular_subsidence_0157_0249,0.00h,23.83h,irregular_subsidence,moderate,"(-12.5,62.5)",279.6334,4164.5346
E_irregular_subsidence_0158_0309,0.00h,23.83h,irregular_subsidence,moderate,"(-12.5,137.5)",34.8184,518.5448
E_irregular_subsidence_0159_0064,0.00h,23.83h,irregular_subsidence,moderate,"(-137.5,-162.5)",0.9087,13.5338
E_irregular_subsidence_0160_0100,0.00h,23.83h,irregular_subsidence,moderate,"(-237.5,-112.5)",0.0336,0.4999
E_irregular_subsidence_0161_0297,0.00h,23.83h,irregular_subsidence,moderate,"(187.5,112.5)",0.6422,9.5637
E_irregular_subsidence_0162_0350,0.00h,23.83h,irregular_subsidence,moderate,"(12.5,187.5)",3.6444,54.276
E_irregular_subsidence_0163_0034,0.00h,23.83h,irregular_subsidence,moderate,"(112.5,-212.5)",0.1601,2.3847
E_irregular_subsidence_0164_0338,0.00h,23.83h,irregular_subsidence,moderate,"(212.5,162.5)",0.0237,0.3532
E_irregular_subsidence_0165_0324,0.00h,23.83h,irregular_subsidence,moderate,"(-137.5,162.5)",0.9087,13.5338
E_irregular_subsidence_0166_0248,0.00h,23.83h,irregular_subsidence,moderate,"(-37.5,62.5)",235.0665,3500.8067
E_irregular_subsidence_0167_0103,0.00h,23.83h,irregular_subsidence,moderate,"(-162.5,-112.5)",2.1649,32.2413
E_irregular_subsidence_0168_0153,0.00h,23.83h,irregular_subsidence,moderate,"(87.5,-62.5)",98.6732,1469.523
E_irregular_subsidence_0169_0211,0.00h,23.83h,irregular_subsidence,moderate,"(37.5,12.5)",395.718,5893.3627
E_irregular_subsidence_0170_0214,0.00h,23.83h,irregular_subsidence,moderate,"(112.5,12.5)",82.947,1235.3159
E_irregular_subsidence_0171_0300,0.00h,23.83h,irregular_subsidence,moderate,"(-237.5,137.5)",0.0141,0.2098
E_irregular_subsidence_0172_0088,0.00h,23.83h,irregular_subsidence,moderate,"(-37.5,-137.5)",29.2692,435.9011
E_irregular_subsidence_0173_0228,0.00h,23.83h,irregular_subsidence,moderate,"(-37.5,37.5)",332.6499,4954.1006
E_irregular_subsidence_0174_0151,0.00h,23.83h,irregular_subsidence,moderate,"(37.5,-62.5)",235.0665,3500.8067
E_irregular_subsidence_0175_0279,0.00h,23.83h,irregular_subsidence,moderate,"(237.5,87.5)",0.0672,1.001
E_irregular_subsidence_0176_0022,0.00h,23.83h,irregular_subsidence,moderate,"(-187.5,-212.5)",0.007,0.1048
E_irregular_subsidence_0177_0241,0.00h,23.83h,irregular_subsidence,moderate,"(-212.5,62.5)",0.5398,8.0394
E_irregular_subsidence_0178_0319,0.00h,23.83h,irregular_subsidence,moderate,"(237.5,137.5)",0.0141,0.2098
E_irregular_subsidence_0179_0308,0.00h,23.83h,irregular_subsidence,moderate,"(-37.5,137.5)",29.2692,435.9011
E_irregular_subsidence_0180_0147,0.00h,23.83h,irregular_subsidence,moderate,"(-62.5,-62.5)",166.1093,2473.839
E_irregular_subsidence_0181_0366,0.00h,23.83h,irregular_subsidence,moderate,"(-87.5,212.5)",0.3207,4.7756
E_irregular_subsidence_0182_0255,0.00h,23.83h,irregular_subsidence,moderate,"(137.5,62.5)",20.683,308.0288
E_irregular_subsidence_0183_0127,0.00h,23.83h,irregular_subsidence,moderate,"(-62.5,-87.5)",98.6732,1469.523
E_irregular_subsidence_0184_0361,0.00h,23.83h,irregular_subsidence,moderate,"(-212.5,212.5)",0.0018,0.0261
E_irregular_subsidence_0185_0384,0.00h,23.83h,irregular_subsidence,moderate,"(-137.5,237.5)",0.0141,0.2098
E_irregular_subsidence_0186_0175,0.00h,23.83h,irregular_subsidence,moderate,"(137.5,-37.5)",29.2692,435.9011
E_irregular_subsidence_0187_0205,0.00h,23.83h,irregular_subsidence,moderate,"(-112.5,12.5)",82.947,1235.3159
E_irregular_subsidence_0188_0130,0.00h,23.83h,irregular_subsidence,moderate,"(12.5,-87.5)",166.1093,2473.839
E_irregular_subsidence_0189_0039,0.00h,23.83h,irregular_subsidence,moderate,"(237.5,-212.5)",0.0004,0.0055
E_irregular_subsidence_0190_0081,0.00h,23.83h,irregular_subsidence,moderate,"(-212.5,-137.5)",0.0672,1.001
E_irregular_subsidence_0191_0297,0.00h,23.83h,irregular_subsidence,moderate,"(187.5,112.5)",0.6422,9.5637
E_irregular_subsidence_0192_0052,0.00h,23.83h,irregular_subsidence,moderate,"(62.5,-187.5)",2.1649,32.2413
E_irregular_subsidence_0193_0328,0.00h,23.83h,irregular_subsidence,moderate,"(-37.5,162.5)",10.3281,153.8147
E_irregular_subsidence_0194_0324,0.00h,23.83h,irregular_subsidence,moderate,"(-137.5,162.5)",0.9087,13.5338
E_irregular_subsidence_0195_0271,0.00h,23.83h,irregular_subsidence,moderate,"(37.5,87.5)",139.6355,2079.5678
E_irregular_subsidence_0196_0142,0.00h,23.83h,irregular_subsidence,moderate,"(-187.5,-62.5)",2.1649,32.2413
E_irregular_subsidence_0197_0364,0.00h,23.83h,irregular_subsidence,moderate,"(-137.5,212.5)",0.0672,1.001
E_irregular_subsidence_0198_0185,0.00h,23.83h,irregular_subsidence,moderate,"(-112.5,-12.5)",82.947,1235.3159
E_irregular_subsidence_0199_0061,0.00h,23.83h,irregular_subsidence,moderate,"(-212.5,-162.5)",0.0237,0.3532
E_irregular_subsidence_0200_0089,0.00h,23.83h,irregular_subsidence,moderate,"(-12.5,-137.5)",34.8184,518.5448
E_irregular_subsidence_0201_0167,0.00h,23.83h,irregular_subsidence,moderate,"(-62.5,-37.5)",235.0665,3500.8067
E_irregular_subsidence_0202_0077,0.00h,23.83h,irregular_subsidence,moderate,"(187.5,-162.5)",0.0951,1.4166
E_irregular_subsidence_0203_0060,0.00h,23.83h,irregular_subsidence,moderate,"(-237.5,-162.5)",0.005,0.074
E_irregular_subsidence_0204_0035,0.00h,23.83h,irregular_subsidence,moderate,"(137.5,-212.5)",0.0672,1.001
E_irregular_subsidence_0205_0196,0.00h,23.83h,irregular_subsidence,moderate,"(162.5,-12.5)",12.2862,182.9769
E_irregular_subsidence_0206_0359,0.00h,23.83h,irregular_subsidence,moderate,"(237.5,187.5)",0.0015,0.022
E_irregular_subsidence_0207_0285,0.00h,23.83h,irregular_subsidence,moderate,"(-112.5,112.5)",14.6156,217.668
E_irregular_subsidence_0208_0335,0.00h,23.83h,irregular_subsidence,moderate,"(137.5,162.5)",0.9087,13.5338
E_irregular_subsidence_0209_0282,0.00h,23.83h,irregular_subsidence,moderate,"(-187.5,112.5)",0.6422,9.5637
E_irregular_subsidence_0210_0129,0.00h,23.83h,irregular_subsidence,moderate,"(-12.5,-87.5)",166.1093,2473.839
E_irregular_subsidence_0211_0133,0.00h,23.83h,irregular_subsidence,moderate,"(87.5,-87.5)",58.6144,872.9339
E_irregular_subsidence_0212_0165,0.00h,23.83h,irregular_subsidence,moderate,"(-112.5,-37.5)",69.7272,1038.4359
E_irregular_subsidence_0213_0260,0.00h,23.83h,irregular_subsidence,moderate,"(-237.5,87.5)",0.0672,1.001
E_irregular_subsidence_0214_0361,0.00h,23.83h,irregular_subsidence,moderate,"(-212.5,212.5)",0.0018,0.0261
E_irregular_subsidence_0215_0042,0.00h,23.83h,irregular_subsidence,moderate,"(-187.5,-187.5)",0.0282,0.4202
E_irregular_subsidence_0216_0360,0.00h,23.83h,irregular_subsidence,moderate,"(-237.5,212.5)",0.0004,0.0055
E_irregular_subsidence_0217_0296,0.00h,23.83h,irregular_subsidence,moderate,"(162.5,112.5)",2.1649,32.2413
E_irregular_subsidence_0218_0032,0.00h,23.83h,irregular_subsidence,moderate,"(62.5,-212.5)",0.5398,8.0394
E_irregular_subsidence_0219_0211,0.00h,23.83h,irregular_subsidence,moderate,"(37.5,12.5)",395.718,5893.3627
E_irregular_subsidence_0220_0365,0.00h,23.83h,irregular_subsidence,moderate,"(-112.5,212.5)",0.1601,2.3847
E_irregular_subsidence_0221_0338,0.00h,23.83h,irregular_subsidence,moderate,"(212.5,162.5)",0.0237,0.3532
E_irregular_subsidence_0222_0190,0.00h,23.83h,irregular_subsidence,moderate,"(12.5,-12.5)",470.7433,7010.7022
E_irregular_subsidence_0223_0125,0.00h,23.83h,irregular_subsidence,moderate,"(-112.5,-87.5)",29.2692,435.9011
E_irregular_subsidence_0224_0316,0.00h,23.83h,irregular_subsidence,moderate,"(162.5,137.5)",0.9087,13.5338
E_irregular_subsidence_0225_0156,0.00h,23.83h,irregular_subsidence,moderate,"(162.5,-62.5)",7.2983,108.6929
E_irregular_subsidence_0226_0124,0.00h,23.83h,irregular_subsidence,moderate,"(-137.5,-87.5)",12.2862,182.9769
E_irregular_subsidence_0227_0163,0.00h,23.83h,irregular_subsidence,moderate,"(-162.5,-37.5)",10.3281,153.8147
E_irregular_subsidence_0228_0375,0.00h,23.83h,irregular_subsidence,moderate,"(137.5,212.5)",0.0672,1.001
E_irregular_subsidence_0229_0373,0.00h,23.83h,irregular_subsidence,moderate,"(87.5,212.5)",0.3207,4.7756
E_irregular_subsidence_0230_0387,0.00h,23.83h,irregular_subsidence,moderate,"(-62.5,237.5)",0.1132,1.6852
E_irregular_subsidence_0231_0244,0.00h,23.83h,irregular_subsidence,moderate,"(-137.5,62.5)",20.683,308.0288
E_irregular_subsidence_0232_0007,0.00h,23.83h,irregular_subsidence,moderate,"(-62.5,-237.5)",0.1132,1.6852
E_irregular_subsidence_0233_0166,0.00h,23.83h,irregular_subsidence,moderate,"(-87.5,-37.5)",139.6355,2079.5678
E_irregular_subsidence_0234_0175,0.00h,23.83h,irregular_subsidence,moderate,"(137.5,-37.5)",29.2692,435.9011
E_irregular_subsidence_0235_0282,0.00h,23.83h,irregular_subsidence,moderate,"(-187.5,112.5)",0.6422,9.5637
E_irregular_subsidence_0236_0385,0.00h,23.83h,irregular_subsidence,moderate,"(-112.5,237.5)",0.0336,0.4999
E_irregular_subsidence_0237_0299,0.00h,23.83h,irregular_subsidence,moderate,"(237.5,112.5)",0.0336,0.4999
E_irregular_subsidence_0238_0292,0.00h,23.83h,irregular_subsidence,moderate,"(62.5,112.5)",49.2726,733.8089
E_irregular_subsidence_0239_0155,0.00h,23.83h,irregular_subsidence,moderate,"(137.5,-62.5)",20.683,308.0288
E_irregular_subsidence_0240_0194,0.00h,23.83h,irregular_subsidence,moderate,"(112.5,-12.5)",82.947,1235.3159
E_irregular_subsidence_0241_0116,0.00h,23.83h,irregular_subsidence,moderate,"(162.5,-112.5)",2.1649,32.2413
E_irregular_subsidence_0242_0300,0.00h,23.83h,irregular_subsidence,moderate,"(-237.5,137.5)",0.0141,0.2098
E_irregular_subsidence_0243_0296,0.00h,23.83h,irregular_subsidence,moderate,"(162.5,112.5)",2.1649,32.2413
E_irregular_subsidence_0244_0031,0.00h,23.83h,irregular_subsidence,moderate,"(37.5,-212.5)",0.7639,11.3769
E_irregular_subsidence_0245_0072,0.00h,23.83h,irregular_subsidence,moderate,"(62.5,-162.5)",7.2983,108.6929
E_irregular_subsidence_0246_0260,0.00h,23.83h,irregular_subsidence,moderate,"(-237.5,87.5)",0.0672,1.001
E_irregular_subsidence_0247_0047,0.00h,23.83h,irregular_subsidence,moderate,"(-62.5,-187.5)",2.1649,32.2413
E_irregular_subsidence_0248_0378,0.00h,23.83h,irregular_subsidence,moderate,"(212.5,212.5)",0.0018,0.0261
E_irregular_subsidence_0249_0350,0.00h,23.83h,irregular_subsidence,moderate,"(12.5,187.5)",3.6444,54.276
E_irregular_subsidence_0250_0381,0.00h,23.83h,irregular_subsidence,moderate,"(-212.5,237.5)",0.0004,0.0055
E_irregular_subsidence_0251_0177,0.00h,23.83h,irregular_subsidence,moderate,"(187.5,-37.5)",3.0636,45.6257
E_irregular_subsidence_0252_0211,0.00h,23.83h,irregular_subsidence,moderate,"(37.5,12.5)",395.718,5893.3627
E_irregular_subsidence_0253_0094,0.00h,23.83h,irregular_subsidence,moderate,"(112.5,-137.5)",6.1352,91.3698
E_irregular_subsidence_0254_0382,0.00h,23.83h,irregular_subsidence,moderate,"(-187.5,237.5)",0.0015,0.022
E_irregular_subsidence_0255_0384,0.00h,23.83h,irregular_subsidence,moderate,"(-137.5,237.5)",0.0141,0.2098
E_irregular_subsidence_0256_0013,0.00h,23.83h,irregular_subsidence,moderate,"(87.5,-237.5)",0.0672,1.001
E_irregular_subsidence_0257_0367,0.00h,23.83h,irregular_subsidence,moderate,"(-62.5,212.5)",0.5398,8.0394
E_irregular_subsidence_0258_0112,0.00h,23.83h,irregular_subsidence,moderate,"(62.5,-112.5)",49.2726,733.8089
E_irregular_subsidence_0259_0224,0.00h,23.83h,irregular_subsidence,moderate,"(-137.5,37.5)",29.2692,435.9011
E_irregular_subsidence_0260_0346,0.00h,23.83h,irregular_subsidence,moderate,"(-87.5,187.5)",1.286,19.1522
E_irregular_subsidence_0261_0042,0.00h,23.83h,irregular_subsidence,moderate,"(-187.5,-187.5)",0.0282,0.4202
E_irregular_subsidence_0262_0090,0.00h,23.83h,irregular_subsidence,moderate,"(12.5,-137.5)",34.8184,518.5448
E_irregular_subsidence_0263_0077,0.00h,23.83h,irregular_subsidence,moderate,"(187.5,-162.5)",0.0951,1.4166
E_irregular_subsidence_0264_0070,0.00h,23.83h,irregular_subsidence,moderate,"(12.5,-162.5)",12.2862,182.9769
E_irregular_subsidence_0265_0316,0.00h,23.83h,irregular_subsidence,moderate,"(162.5,137.5)",0.9087,13.5338
E_irregular_subsidence_0266_0150,0.00h,23.83h,irregular_subsidence,moderate,"(12.5,-62.5)",279.6334,4164.5346
E_irregular_subsidence_0267_0024,0.00h,23.83h,irregular_subsidence,moderate,"(-137.5,-212.5)",0.0672,1.001
E_irregular_subsidence_0268_0394,0.00h,23.83h,irregular_subsidence,moderate,"(112.5,237.5)",0.0336,0.4999
E_irregular_subsidence_0269_0166,0.00h,23.83h,irregular_subsidence,moderate,"(-87.5,-37.5)",139.6355,2079.5678
E_irregular_subsidence_0270_0077,0.00h,23.83h,irregular_subsidence,moderate,"(187.5,-162.5)",0.0951,1.4166
E_irregular_subsidence_0271_0292,0.00h,23.83h,irregular_subsidence,moderate,"(62.5,112.5)",49.2726,733.8089
E_irregular_subsidence_0272_0109,0.00h,23.83h,irregular_subsidence,moderate,"(-12.5,-112.5)",82.947,1235.3159
E_irregular_subsidence_0273_0080,0.00h,23.83h,irregular_subsidence,moderate,"(-237.5,-137.5)",0.0141,0.2098
E_irregular_subsidence_0274_0266,0.00h,23.83h,irregular_subsidence,moderate,"(-87.5,87.5)",58.6144,872.9339
E_irregular_subsidence_0275_0230,0.00h,23.83h,irregular_subsidence,moderate,"(12.5,37.5)",395.718,5893.3627
E_irregular_subsidence_0276_0169,0.00h,23.83h,irregular_subsidence,moderate,"(-12.5,-37.5)",395.718,5893.3627
E_irregular_subsidence_0277_0276,0.00h,23.83h,irregular_subsidence,moderate,"(162.5,87.5)",4.3354,64.5663
E_irregular_subsidence_0278_0015,0.00h,23.83h,irregular_subsidence,moderate,"(137.5,-237.5)",0.0141,0.2098
E_irregular_subsidence_0279_0099,0.00h,23.83h,irregular_subsidence,moderate,"(237.5,-137.5)",0.0141,0.2098
E_irregular_subsidence_0280_0209,0.00h,23.83h,irregular_subsidence,moderate,"(-12.5,12.5)",470.7433,7010.7022
E_irregular_subsidence_0281_0139,0.00h,23.83h,irregular_subsidence,moderate,"(237.5,-87.5)",0.0672,1.001
E_irregular_subsidence_0282_0273,0.00h,23.83h,irregular_subsidence,moderate,"(87.5,87.5)",58.6144,872.9339
E_irregular_subsidence_0283_0370,0.00h,23.83h,irregular_subsidence,moderate,"(12.5,212.5)",0.9087,13.5338
E_irregular_subsidence_0284_0010,0.00h,23.83h,irregular_subsidence,moderate,"(12.5,-237.5)",0.1905,2.8368
E_irregular_subsidence_0285_0237,0.00h,23.83h,irregular_subsidence,moderate,"(187.5,37.5)",3.0636,45.6257
E_irregular_subsidence_0286_0338,0.00h,23.83h,irregular_subsidence,moderate,"(212.5,162.5)",0.0237,0.3532
E_irregular_subsidence_0287_0319,0.00h,23.83h,irregular_subsidence,moderate,"(237.5,137.5)",0.0141,0.2098
E_irregular_subsidence_0288_0222,0.00h,23.83h,irregular_subsidence,moderate,"(-187.5,37.5)",3.0636,45.6257
E_irregular_subsidence_0289_0212,0.00h,23.83h,irregular_subsidence,moderate,"(62.5,12.5)",279.6334,4164.5346
E_irregular_subsidence_0290_0066,0.00h,23.83h,irregular_subsidence,moderate,"(-87.5,-162.5)",4.3354,64.5663
E_irregular_subsidence_0291_0059,0.00h,23.83h,irregular_subsidence,moderate,"(237.5,-187.5)",0.0015,0.022
E_irregular_subsidence_0292_0111,0.00h,23.83h,irregular_subsidence,moderate,"(37.5,-112.5)",69.7272,1038.4359
E_irregular_subsidence_0293_0096,0.00h,23.83h,irregular_subsidence,moderate,"(162.5,-137.5)",0.9087,13.5338
E_irregular_subsidence_0294_0272,0.00h,23.83h,irregular_subsidence,moderate,"(62.5,87.5)",98.6732,1469.523
E_irregular_subsidence_0295_0124,0.00h,23.83h,irregular_subsidence,moderate,"(-137.5,-87.5)",12.2862,182.9769
E_irregular_subsidence_0296_0037,0.00h,23.83h,irregular_subsidence,moderate,"(187.5,-212.5)",0.007,0.1048
E_irregular_subsidence_0297_0146,0.00h,23.83h,irregular_subsidence,moderate,"(-87.5,-62.5)",98.6732,1469.523
E_irregular_subsidence_0298_0389,0.00h,23.83h,irregular_subsidence,moderate,"(-12.5,237.5)",0.1905,2.8368
E_irregular_subsidence_0299_0021,0.00h,23.83h,irregular_subsidence,moderate,"(-212.5,-212.5)",0.0018,0.0261
E_irregular_subsidence_0300_0123,0.00h,23.83h,irregular_subsidence,moderate,"(-162.5,-87.5)",4.3354,64.5663
E_irregular_subsidence_0301_0144,0.00h,23.83h,irregular_subsidence,moderate,"(-137.5,-62.5)",20.683,308.0288
E_irregular_subsidence_0302_0396,0.00h,23.83h,irregular_subsidence,moderate,"(162.5,237.5)",0.005,0.074
E_irregular_subsidence_0303_0131,0.00h,23.83h,irregular_subsidence,moderate,"(37.5,-87.5)",139.6355,2079.5678
E_irregular_subsidence_0304_0369,0.00h,23.83h,irregular_subsidence,moderate,"(-12.5,212.5)",0.9087,13.5338
E_irregular_subsidence_0305_0226,0.00h,23.83h,irregular_subsidence,moderate,"(-87.5,37.5)",139.6355,2079.5678
E_irregular_subsidence_0306_0097,0.00h,23.83h,irregular_subsidence,moderate,"(187.5,-137.5)",0.2696,4.0145
E_irregular_subsidence_0307_0244,0.00h,23.83h,irregular_subsidence,moderate,"(-137.5,62.5)",20.683,308.0288
E_irregular_subsidence_0308_0121,0.00h,23.83h,irregular_subsidence,moderate,"(-212.5,-87.5)",0.3207,4.7756
E_irregular_subsidence_0309_0159,0.00h,23.83h,irregular_subsidence,moderate,"(237.5,-62.5)",0.1132,1.6852
E_irregular_subsidence_0310_0336,0.00h,23.83h,irregular_subsidence,moderate,"(162.5,162.5)",0.3207,4.7756
E_irregular_subsidence_0311_0079,0.00h,23.83h,irregular_subsidence,moderate,"(237.5,-162.5)",0.005,0.074
E_irregular_subsidence_0312_0353,0.00h,23.83h,irregular_subsidence,moderate,"(87.5,187.5)",1.286,19.1522
E_irregular_subsidence_0313_0342,0.00h,23.83h,irregular_subsidence,moderate,"(-187.5,187.5)",0.0282,0.4202
E_irregular_subsidence_0314_0040,0.00h,23.83h,irregular_subsidence,moderate,"(-237.5,-187.5)",0.0015,0.022
E_irregular_subsidence_0315_0061,0.00h,23.83h,irregular_subsidence,moderate,"(-212.5,-162.5)",0.0237,0.3532
E_irregular_subsidence_0316_0110,0.00h,23.83h,irregular_subsidence,moderate,"(12.5,-112.5)",82.947,1235.3159
E_irregular_subsidence_0317_0276,0.00h,23.83h,irregular_subsidence,moderate,"(162.5,87.5)",4.3354,64.5663
E_irregular_subsidence_0318_0313,0.00h,23.83h,irregular_subsidence,moderate,"(87.5,137.5)",12.2862,182.9769
E_irregular_subsidence_0319_0324,0.00h,23.83h,irregular_subsidence,moderate,"(-137.5,162.5)",0.9087,13.5338
E_irregular_subsidence_0320_0142,0.00h,23.83h,irregular_subsidence,moderate,"(-187.5,-62.5)",2.1649,32.2413
E_irregular_subsidence_0321_0243,0.00h,23.83h,irregular_subsidence,moderate,"(-162.5,62.5)",7.2983,108.6929
E_irregular_subsidence_0322_0326,0.00h,23.83h,irregular_subsidence,moderate,"(-87.5,162.5)",4.3354,64.5663
E_irregular_subsidence_0323_0385,0.00h,23.83h,irregular_subsidence,moderate,"(-112.5,237.5)",0.0336,0.4999
E_irregular_subsidence_0324_0318,0.00h,23.83h,irregular_subsidence,moderate,"(212.5,137.5)",0.0672,1.001
E_irregular_subsidence_0325_0314,0.00h,23.83h,irregular_subsidence,moderate,"(112.5,137.5)",6.1352,91.3698
E_irregular_subsidence_0326_0079,0.00h,23.83h,irregular_subsidence,moderate,"(237.5,-162.5)",0.005,0.074
E_irregular_subsidence_0327_0292,0.00h,23.83h,irregular_subsidence,moderate,"(62.5,112.5)",49.2726,733.8089
E_irregular_subsidence_0328_0021,0.00h,23.83h,irregular_subsidence,moderate,"(-212.5,-212.5)",0.0018,0.0261
E_irregular_subsidence_0329_0221,0.00h,23.83h,irregular_subsidence,moderate,"(-212.5,37.5)",0.7639,11.3769
E_irregular_subsidence_0330_0341,0.00h,23.83h,irregular_subsidence,moderate,"(-212.5,187.5)",0.007,0.1048
E_irregular_subsidence_0331_0013,0.00h,23.83h,irregular_subsidence,moderate,"(87.5,-237.5)",0.0672,1.001
E_irregular_subsidence_0332_0055,0.00h,23.83h,irregular_subsidence,moderate,"(137.5,-187.5)",0.2696,4.0145
E_irregular_subsidence_0333_0339,0.00h,23.83h,irregular_subsidence,moderate,"(237.5,162.5)",0.005,0.074
E_irregular_subsidence_0334_0024,0.00h,23.83h,irregular_subsidence,moderate,"(-137.5,-212.5)",0.0672,1.001
E_irregular_subsidence_0335_0099,0.00h,23.83h,irregular_subsidence,moderate,"(237.5,-137.5)",0.0141,0.2098
E_irregular_subsidence_0336_0097,0.00h,23.83h,irregular_subsidence,moderate,"(187.5,-137.5)",0.2696,4.0145
E_irregular_subsidence_0337_0180,0.00h,23.83h,irregular_subsidence,moderate,"(-237.5,-12.5)",0.1905,2.8368
E_irregular_subsidence_0338_0029,0.00h,23.83h,irregular_subsidence,moderate,"(-12.5,-212.5)",0.9087,13.5338
E_irregular_subsidence_0339_0320,0.00h,23.83h,irregular_subsidence,moderate,"(-237.5,162.5)",0.005,0.074
E_irregular_subsidence_0340_0125,0.00h,23.83h,irregular_subsidence,moderate,"(-112.5,-87.5)",29.2692,435.9011
E_irregular_subsidence_0341_0189,0.00h,23.83h,irregular_subsidence,moderate,"(-12.5,-12.5)",470.7433,7010.7022
E_irregular_subsidence_0342_0151,0.00h,23.83h,irregular_subsidence,moderate,"(37.5,-62.5)",235.0665,3500.8067
E_irregular_subsidence_0343_0096,0.00h,23.83h,irregular_subsidence,moderate,"(162.5,-137.5)",0.9087,13.5338
E_irregular_subsidence_0344_0203,0.00h,23.83h,irregular_subsidence,moderate,"(-162.5,12.5)",12.2862,182.9769
E_irregular_subsidence_0345_0138,0.00h,23.83h,irregular_subsidence,moderate,"(212.5,-87.5)",0.3207,4.7756
E_irregular_subsidence_0346_0173,0.00h,23.83h,irregular_subsidence,moderate,"(87.5,-37.5)",139.6355,2079.5678
E_irregular_subsidence_0347_0167,0.00h,23.83h,irregular_subsidence,moderate,"(-62.5,-37.5)",235.0665,3500.8067
E_irregular_subsidence_0348_0064,0.00h,23.83h,irregular_subsidence,moderate,"(-137.5,-162.5)",0.9087,13.5338
E_irregular_subsidence_0349_0202,0.00h,23.83h,irregular_subsidence,moderate,"(-187.5,12.5)",3.6444,54.276
E_irregular_subsidence_0350_0040,0.00h,23.83h,irregular_subsidence,moderate,"(-237.5,-187.5)",0.0015,0.022
E_irregular_subsidence_0351_0139,0.00h,23.83h,irregular_subsidence,moderate,"(237.5,-87.5)",0.0672,1.001
E_irregular_subsidence_0352_0310,0.00h,23.83h,irregular_subsidence,moderate,"(12.5,137.5)",34.8184,518.5448
E_irregular_subsidence_0353_0328,0.00h,23.83h,irregular_subsidence,moderate,"(-37.5,162.5)",10.3281,153.8147
E_irregular_subsidence_0354_0034,0.00h,23.83h,irregular_subsidence,moderate,"(112.5,-212.5)",0.1601,2.3847
E_irregular_subsidence_0355_0264,0.00h,23.83h,irregular_subsidence,moderate,"(-137.5,87.5)",12.2862,182.9769
E_irregular_subsidence_0356_0040,0.00h,23.83h,irregular_subsidence,moderate,"(-237.5,-187.5)",0.0015,0.022
E_irregular_subsidence_0357_0347,0.00h,23.83h,irregular_subsidence,moderate,"(-62.5,187.5)",2.1649,32.2413
E_irregular_subsidence_0358_0271,0.00h,23.83h,irregular_subsidence,moderate,"(37.5,87.5)",139.6355,2079.5678
E_irregular_subsidence_0359_0156,0.00h,23.83h,irregular_subsidence,moderate,"(162.5,-62.5)",7.2983,108.6929
E_irregular_subsidence_0360_0376,0.00h,23.83h,irregular_subsidence,moderate,"(162.5,212.5)",0.0237,0.3532
E_irregular_subsidence_0361_0393,0.00h,23.83h,irregular_subsidence,moderate,"(87.5,237.5)",0.0672,1.001
E_irregular_subsidence_0362_0095,0.00h,23.83h,irregular_subsidence,moderate,"(137.5,-137.5)",2.5753,38.354
E_irregular_subsidence_0363_0221,0.00h,23.83h,irregular_subsidence,moderate,"(-212.5,37.5)",0.7639,11.3769
E_irregular_subsidence_0364_0183,0.00h,23.83h,irregular_subsidence,moderate,"(-162.5,-12.5)",12.2862,182.9769
E_irregular_subsidence_0365_0053,0.00h,23.83h,irregular_subsidence,moderate,"(87.5,-187.5)",1.286,19.1522
E_irregular_subsidence_0366_0044,0.00h,23.83h,irregular_subsidence,moderate,"(-137.5,-187.5)",0.2696,4.0145
E_irregular_subsidence_0367_0153,0.00h,23.83h,irregular_subsidence,moderate,"(87.5,-62.5)",98.6732,1469.523
E_irregular_subsidence_0368_0203,0.00h,23.83h,irregular_subsidence,moderate,"(-162.5,12.5)",12.2862,182.9769
E_irregular_subsidence_0369_0267,0.00h,23.83h,irregular_subsidence,moderate,"(-62.5,87.5)",98.6732,1469.523
E_irregular_subsidence_0370_0027,0.00h,23.83h,irregular_subsidence,moderate,"(-62.5,-212.5)",0.5398,8.0394
E_irregular_subsidence_0371_0101,0.00h,23.83h,irregular_subsidence,moderate,"(-212.5,-112.5)",0.1601,2.3847
E_irregular_subsidence_0372_0268,0.00h,23.83h,irregular_subsidence,moderate,"(-37.5,87.5)",139.6355,2079.5678
E_irregular_subsidence_0373_0001,0.00h,23.83h,irregular_subsidence,moderate,"(-212.5,-237.5)",0.0004,0.0055
E_irregular_subsidence_0374_0255,0.00h,23.83h,irregular_subsidence,moderate,"(137.5,62.5)",20.683,308.0288
E_irregular_subsidence_0375_0182,0.00h,23.83h,irregular_subsidence,moderate,"(-187.5,-12.5)",3.6444,54.276
E_irregular_subsidence_0376_0189,0.00h,23.83h,irregular_subsidence,moderate,"(-12.5,-12.5)",470.7433,7010.7022
E_irregular_subsidence_0377_0222,0.00h,23.83h,irregular_subsidence,moderate,"(-187.5,37.5)",3.0636,45.6257
E_irregular_subsidence_0378_0304,0.00h,23.83h,irregular_subsidence,moderate,"(-137.5,137.5)",2.5753,38.354
E_irregular_subsidence_0379_0364,0.00h,23.83h,irregular_subsidence,moderate,"(-137.5,212.5)",0.0672,1.001
E_irregular_subsidence_0380_0389,0.00h,23.83h,irregular_subsidence,moderate,"(-12.5,237.5)",0.1905,2.8368
E_irregular_subsidence_0381_0084,0.00h,23.83h,irregular_subsidence,moderate,"(-137.5,-137.5)",2.5753,38.354
E_irregular_subsidence_0382_0393,0.00h,23.83h,irregular_subsidence,moderate,"(87.5,237.5)",0.0672,1.001
E_irregular_subsidence_0383_0183,0.00h,23.83h,irregular_subsidence,moderate,"(-162.5,-12.5)",12.2862,182.9769
E_irregular_subsidence_0384_0070,0.00h,23.83h,irregular_subsidence,moderate,"(12.5,-162.5)",12.2862,182.9769
E_irregular_subsidence_0385_0007,0.00h,23.83h,irregular_subsidence,moderate,"(-62.5,-237.5)",0.1132,1.6852
E_irregular_subsidence_0386_0063,0.00h,23.83h,irregular_subsidence,moderate,"(-162.5,-162.5)",0.3207,4.7756
E_irregular_subsidence_0387_0214,0.00h,23.83h,irregular_subsidence,moderate,"(112.5,12.5)",82.947,1235.3159
E_irregular_subsidence_0388_0359,0.00h,23.83h,irregular_subsidence,moderate,"(237.5,187.5)",0.0015,0.022
E_irregular_subsidence_0389_0070,0.00h,23.83h,irregular_subsidence,moderate,"(12.5,-162.5)",12.2862,182.9769
E_irregular_subsidence_0390_0153,0.00h,23.83h,irregular_subsidence,moderate,"(87.5,-62.5)",98.6732,1469.523
E_irregular_subsidence_0391_0172,0.00h,23.83h,irregular_subsidence,moderate,"(62.5,-37.5)",235.0665,3500.8067
E_irregular_subsidence_0392_0289,0.00h,23.83h,irregular_subsidence,moderate,"(-12.5,112.5)",82.947,1235.3159
E_irregular_subsidence_0393_0000,0.00h,23.83h,irregular_subsidence,moderate,"(-237.5,-237.5)",0.0001,0.0011
E_irregular_subsidence_0394_0141,0.00h,23.83h,irregular_subsidence,moderate,"(-212.5,-62.5)",0.5398,8.0394
E_irregular_subsidence_0395_0390,0.00h,23.83h,irregular_subsidence,moderate,"(12.5,237.5)",0.1905,2.8368
E_irregular_subsidence_0396_0240,0.00h,23.83h,irregular_subsidence,moderate,"(-237.5,62.5)",0.1132,1.6852
E_irregular_subsidence_0397_0104,0.00h,23.83h,irregular_subsidence,moderate,"(-137.5,-112.5)",6.1352,91.3698
E_irregular_subsidence_0398_0059,0.00h,23.83h,irregular_subsidence,moderate,"(237.5,-187.5)",0.0015,0.022
E_irregular_subsidence_0399_0278,0.00h,23.83h,irregular_subsidence,moderate,"(212.5,87.5)",0.3207,4.7756
E_irregular_subsidence_0400_0170,0.00h,23.83h,irregular_subsidence,moderate,"(12.5,-37.5)",395.718,5893.3627
E_irregular_subsidence_0401_0041,0.00h,23.83h,irregular_subsidence,moderate,"(-212.5,-187.5)",0.007,0.1048
E_irregular_subsidence_0402_0121,0.00h,23.83h,irregular_subsidence,moderate,"(-212.5,-87.5)",0.3207,4.7756
E_irregular_subsidence_0403_0016,0.00h,23.83h,irregular_subsidence,moderate,"(162.5,-237.5)",0.005,0.074
E_irregular_subsidence_0404_0181,0.00h,23.83h,irregular_subsidence,moderate,"(-212.5,-12.5)",0.9087,13.5338
E_irregular_subsidence_0405_0176,0.00h,23.83h,irregular_subsidence,moderate,"(162.5,-37.5)",10.3281,153.8147
E_irregular_subsidence_0406_0112,0.00h,23.83h,irregular_subsidence,moderate,"(62.5,-112.5)",49.2726,733.8089
E_irregular_subsidence_0407_0102,0.00h,23.83h,irregular_subsidence,moderate,"(-187.5,-112.5)",0.6422,9.5637
E_irregular_subsidence_0408_0138,0.00h,23.83h,irregular_subsidence,moderate,"(212.5,-87.5)",0.3207,4.7756
E_irregular_subsidence_0409_0102,0.00h,23.83h,irregular_subsidence,moderate,"(-187.5,-112.5)",0.6422,9.5637
E_irregular_subsidence_0410_0003,0.00h,23.83h,irregular_subsidence,moderate,"(-162.5,-237.5)",0.005,0.074
E_irregular_subsidence_0411_0027,0.00h,23.83h,irregular_subsidence,moderate,"(-62.5,-212.5)",0.5398,8.0394
E_irregular_subsidence_0412_0020,0.00h,23.83h,irregular_subsidence,moderate,"(-237.5,-212.5)",0.0004,0.0055
E_irregular_subsidence_0413_0285,0.00h,23.83h,irregular_subsidence,moderate,"(-112.5,112.5)",14.6156,217.668
E_irregular_subsidence_0414_0150,0.00h,23.83h,irregular_subsidence,moderate,"(12.5,-62.5)",279.6334,4164.5346
E_irregular_subsidence_0415_0185,0.00h,23.83h,irregular_subsidence,moderate,"(-112.5,-12.5)",82.947,1235.3159
E_irregular_subsidence_0416_0194,0.00h,23.83h,irregular_subsidence,moderate,"(112.5,-12.5)",82.947,1235.3159
E_irregular_subsidence_0417_0044,0.00h,23.83h,irregular_subsidence,moderate,"(-137.5,-187.5)",0.2696,4.0145
E_irregular_subsidence_0418_0367,0.00h,23.83h,irregular_subsidence,moderate,"(-62.5,212.5)",0.5398,8.0394
E_irregular_subsidence_0419_0265,0.00h,23.83h,irregular_subsidence,moderate,"(-112.5,87.5)",29.2692,435.9011
E_irregular_subsidence_0420_0231,0.00h,23.83h,irregular_subsidence,moderate,"(37.5,37.5)",332.6499,4954.1006
E_irregular_subsidence_0421_0373,0.00h,23.83h,irregular_subsidence,moderate,"(87.5,212.5)",0.3207,4.7756
E_irregular_subsidence_0422_0098,0.00h,23.83h,irregular_subsidence,moderate,"(212.5,-137.5)",0.0672,1.001
E_irregular_subsidence_0423_0309,0.00h,23.83h,irregular_subsidence,moderate,"(-12.5,137.5)",34.8184,518.5448
E_irregular_subsidence_0424_0265,0.00h,23.83h,irregular_subsidence,moderate,"(-112.5,87.5)",29.2692,435.9011
E_irregular_subsidence_0425_0187,0.00h,23.83h,irregular_subsidence,moderate,"(-62.5,-12.5)",279.6334,4164.5346
E_irregular_subsidence_0426_0123,0.00h,23.83h,irregular_subsidence,moderate,"(-162.5,-87.5)",4.3354,64.5663
E_irregular_subsidence_0427_0163,0.00h,23.83h,irregular_subsidence,moderate,"(-162.5,-37.5)",10.3281,153.8147
E_irregular_subsidence_0428_0336,0.00h,23.83h,irregular_subsidence,moderate,"(162.5,162.5)",0.3207,4.7756
E_irregular_subsidence_0429_0041,0.00h,23.83h,irregular_subsidence,moderate,"(-212.5,-187.5)",0.007,0.1048
E_irregular_subsidence_0430_0331,0.00h,23.83h,irregular_subsidence,moderate,"(37.5,162.5)",10.3281,153.8147
E_irregular_subsidence_0431_0267,0.00h,23.83h,irregular_subsidence,moderate,"(-62.5,87.5)",98.6732,1469.523
E_irregular_subsidence_0432_0395,0.00h,23.83h,irregular_subsidence,moderate,"(137.5,237.5)",0.0141,0.2098
E_irregular_subsidence_0433_0240,0.00h,23.83h,irregular_subsidence,moderate,"(-237.5,62.5)",0.1132,1.6852
E_irregular_subsidence_0434_0205,0.00h,23.83h,irregular_subsidence,moderate,"(-112.5,12.5)",82.947,1235.3159
E_irregular_subsidence_0435_0135,0.00h,23.83h,irregular_subsidence,moderate,"(137.5,-87.5)",12.2862,182.9769
E_irregular_subsidence_0436_0326,0.00h,23.83h,irregular_subsidence,moderate,"(-87.5,162.5)",4.3354,64.5663
E_irregular_subsidence_0437_0098,0.00h,23.83h,irregular_subsidence,moderate,"(212.5,-137.5)",0.0672,1.001
E_irregular_subsidence_0438_0344,0.00h,23.83h,irregular_subsidence,moderate,"(-137.5,187.5)",0.2696,4.0145
E_irregular_subsidence_0439_0321,0.00h,23.83h,irregular_subsidence,moderate,"(-212.5,162.5)",0.0237,0.3532
E_irregular_subsidence_0440_0209,0.00h,23.83h,irregular_subsidence,moderate,"(-12.5,12.5)",470.7433,7010.7022
E_irregular_subsidence_0441_0293,0.00h,23.83h,irregular_subsidence,moderate,"(87.5,112.5)",29.2692,435.9011
E_irregular_subsidence_0442_0297,0.00h,23.83h,irregular_subsidence,moderate,"(187.5,112.5)",0.6422,9.5637
E_irregular_subsidence_0443_0018,0.00h,23.83h,irregular_subsidence,moderate,"(212.5,-237.5)",0.0004,0.0055
E_irregular_subsidence_0444_0360,0.00h,23.83h,irregular_subsidence,moderate,"(-237.5,212.5)",0.0004,0.0055
E_irregular_subsidence_0445_0179,0.00h,23.83h,irregular_subsidence,moderate,"(237.5,-37.5)",0.1601,2.3847
E_irregular_subsidence_0446_0348,0.00h,23.83h,irregular_subsidence,moderate,"(-37.5,187.5)",3.0636,45.6257
E_irregular_subsidence_0447_0167,0.00h,23.83h,irregular_subsidence,moderate,"(-62.5,-37.5)",235.0665,3500.8067
E_irregular_subsidence_0448_0193,0.00h,23.83h,irregular_subsidence,moderate,"(87.5,-12.5)",166.1093,2473.839
E_irregular_subsidence_0449_0042,0.00h,23.83h,irregular_subsidence,moderate,"(-187.5,-187.5)",0.0282,0.4202
E_irregular_subsidence_0450_0045,0.00h,23.83h,irregular_subsidence,moderate,"(-112.5,-187.5)",0.6422,9.5637
E_irregular_subsidence_0451_0120,0.00h,23.83h,irregular_subsidence,moderate,"(-237.5,-87.5)",0.0672,1.001
E_irregular_subsidence_0452_0173,0.00h,23.83h,irregular_subsidence,moderate,"(87.5,-37.5)",139.6355,2079.5678
E_irregular_subsidence_0453_0309,0.00h,23.83h,irregular_subsidence,moderate,"(-12.5,137.5)",34.8184,518.5448
E_irregular_subsidence_0454_0378,0.00h,23.83h,irregular_subsidence,moderate,"(212.5,212.5)",0.0018,0.0261
E_irregular_subsidence_0455_0158,0.00h,23.83h,irregular_subsidence,moderate,"(212.5,-62.5)",0.5398,8.0394
E_irregular_subsidence_0456_0071,0.00h,23.83h,irregular_subsidence,moderate,"(37.5,-162.5)",10.3281,153.8147
E_irregular_subsidence_0457_0254,0.00h,23.83h,irregular_subsidence,moderate,"(112.5,62.5)",49.2726,733.8089
E_irregular_subsidence_0458_0156,0.00h,23.83h,irregular_subsidence,moderate,"(162.5,-62.5)",7.2983,108.6929
E_irregular_subsidence_0459_0056,0.00h,23.83h,irregular_subsidence,moderate,"(162.5,-187.5)",0.0951,1.4166
E_irregular_subsidence_0460_0175,0.00h,23.83h,irregular_subsidence,moderate,"(137.5,-37.5)",29.2692,435.9011
E_irregular_subsidence_0461_0170,0.00h,23.83h,irregular_subsidence,moderate,"(12.5,-37.5)",395.718,5893.3627
E_irregular_subsidence_0462_0304,0.00h,23.83h,irregular_subsidence,moderate,"(-137.5,137.5)",2.5753,38.354
E_irregular_subsidence_0463_0023,0.00h,23.83h,irregular_subsidence,moderate,"(-162.5,-212.5)",0.0237,0.3532
E_irregular_subsidence_0464_0395,0.00h,23.83h,irregular_subsidence,moderate,"(137.5,237.5)",0.0141,0.2098
E_irregular_subsidence_0465_0165,0.00h,23.83h,irregular_subsidence,moderate,"(-112.5,-37.5)",69.7272,1038.4359
E_irregular_subsidence_0466_0150,0.00h,23.83h,irregular_subsidence,moderate,"(12.5,-62.5)",279.6334,4164.5346
E_irregular_subsidence_0467_0095,0.00h,23.83h,irregular_subsidence,moderate,"(137.5,-137.5)",2.5753,38.354
E_irregular_subsidence_0468_0036,0.00h,23.83h,irregular_subsidence,moderate,"(162.5,-212.5)",0.0237,0.3532
E_irregular_subsidence_0469_0092,0.00h,23.83h,irregular_subsidence,moderate,"(62.5,-137.5)",20.683,308.0288
E_irregular_subsidence_0470_0227,0.00h,23.83h,irregular_subsidence,moderate,"(-62.5,37.5)",235.0665,3500.8067
E_irregular_subsidence_0471_0192,0.00h,23.83h,irregular_subsidence,moderate,"(62.5,-12.5)",279.6334,4164.5346
E_irregular_subsidence_0472_0392,0.00h,23.83h,irregular_subsidence,moderate,"(62.5,237.5)",0.1132,1.6852
E_irregular_subsidence_0473_0258,0.00h,23.83h,irregular_subsidence,moderate,"(212.5,62.5)",0.5398,8.0394
E_irregular_subsidence_0474_0110,0.00h,23.83h,irregular_subsidence,moderate,"(12.5,-112.5)",82.947,1235.3159
E_irregular_subsidence_0475_0175,0.00h,23.83h,irregular_subsidence,moderate,"(137.5,-37.5)",29.2692,435.9011
E_irregular_subsidence_0476_0352,0.00h,23.83h,irregular_subsidence,moderate,"(62.5,187.5)",2.1649,32.2413
E_irregular_subsidence_0477_0293,0.00h,23.83h,irregular_subsidence,moderate,"(87.5,112.5)",29.2692,435.9011
E_irregular_subsidence_0478_0029,0.00h,23.83h,irregular_subsidence,moderate,"(-12.5,-212.5)",0.9087,13.5338
E_irregular_subsidence_0479_0141,0.00h,23.83h,irregular_subsidence,moderate,"(-212.5,-62.5)",0.5398,8.0394
E_irregular_subsidence_0480_0185,0.00h,23.83h,irregular_subsidence,moderate,"(-112.5,-12.5)",82.947,1235.3159
E_irregular_subsidence_0481_0035,0.00h,23.83h,irregular_subsidence,moderate,"(137.5,-212.5)",0.0672,1.001
E_irregular_subsidence_0482_0244,0.00h,23.83h,irregular_subsidence,moderate,"(-137.5,62.5)",20.683,308.0288
E_irregular_subsidence_0483_0248,0.00h,23.83h,irregular_subsidence,moderate,"(-37.5,62.5)",235.0665,3500.8067
E_irregular_subsidence_0484_0225,0.00h,23.83h,irregular_subsidence,moderate,"(-112.5,37.5)",69.7272,1038.4359
E_irregular_subsidence_0485_0191,0.00h,23.83h,irregular_subsidence,moderate,"(37.5,-12.5)",395.718,5893.3627
E_irregular_subsidence_0486_0384,0.00h,23.83h,irregular_subsidence,moderate,"(-137.5,237.5)",0.0141,0.2098
E_irregular_subsidence_0487_0138,0.00h,23.83h,irregular_subsidence,moderate,"(212.5,-87.5)",0.3207,4.7756
E_irregular_subsidence_0488_0321,0.00h,23.83h,irregular_subsidence,moderate,"(-212.5,162.5)",0.0237,0.3532
E_irregular_subsidence_0489_0222,0.00h,23.83h,irregular_subsidence,moderate,"(-187.5,37.5)",3.0636,45.6257
E_irregular_subsidence_0490_0295,0.00h,23.83h,irregular_subsidence,moderate,"(137.5,112.5)",6.1352,91.3698
E_irregular_subsidence_0491_0255,0.00h,23.83h,irregular_subsidence,moderate,"(137.5,62.5)",20.683,308.0288
E_irregular_subsidence_0492_0259,0.00h,23.83h,irregular_subsidence,moderate,"(237.5,62.5)",0.1132,1.6852
E_irregular_subsidence_0493_0349,0.00h,23.83h,irregular_subsidence,moderate,"(-12.5,187.5)",3.6444,54.276
E_irregular_subsidence_0494_0247,0.00h,23.83h,irregular_subsidence,moderate,"(-62.5,62.5)",166.1093,2473.839
E_irregular_subsidence_0495_0123,0.00h,23.83h,irregular_subsidence,moderate,"(-162.5,-87.5)",4.3354,64.5663
E_irregular_subsidence_0496_0048,0.00h,23.83h,irregular_subsidence,moderate,"(-37.5,-187.5)",3.0636,45.6257
E_irregular_subsidence_0497_0052,0.00h,23.83h,irregular_subsidence,moderate,"(62.5,-187.5)",2.1649,32.2413
E_irregular_subsidence_0498_0338,0.00h,23.83h,irregular_subsidence,moderate,"(212.5,162.5)",0.0237,0.3532
E_irregular_subsidence_0499_0027,0.00h,23.83h,irregular_subsidence,moderate,"(-62.5,-212.5)",0.5398,8.0394
E_irregular_subsidence_0500_0177,0.00h,23.83h,irregular_subsidence,moderate,"(187.5,-37.5)",3.0636,45.6257
E_irregular_subsidence_0501_0086,0.00h,23.83h,irregular_subsidence,moderate,"(-87.5,-137.5)",12.2862,182.9769
E_irregular_subsidence_0502_0043,0.00h,23.83h,irregular_subsidence,moderate,"(-162.5,-187.5)",0.0951,1.4166
E_irregular_subsidence_0503_0098,0.00h,23.83h,irregular_subsidence,moderate,"(212.5,-137.5)",0.0672,1.001
E_irregular_subsidence_0504_0029,0.00h,23.83h,irregular_subsidence,moderate,"(-12.5,-212.5)",0.9087,13.5338
E_irregular_subsidence_0505_0005,0.00h,23.83h,irregular_subsidence,moderate,"(-112.5,-237.5)",0.0336,0.4999
E_irregular_subsidence_0506_0165,0.00h,23.83h,irregular_subsidence,moderate,"(-112.5,-37.5)",69.7272,1038.4359
E_irregular_subsidence_0507_0211,0.00h,23.83h,irregular_subsidence,moderate,"(37.5,12.5)",395.718,5893.3627
E_irregular_subsidence_0508_0367,0.00h,23.83h,irregular_subsidence,moderate,"(-62.5,212.5)",0.5398,8.0394
E_irregular_subsidence_0509_0389,0.00h,23.83h,irregular_subsidence,moderate,"(-12.5,237.5)",0.1905,2.8368
E_irregular_subsidence_0510_0393,0.00h,23.83h,irregular_subsidence,moderate,"(87.5,237.5)",0.0672,1.001
E_irregular_subsidence_0511_0246,0.00h,23.83h,irregular_subsidence,moderate,"(-87.5,62.5)",98.6732,1469.523
E_irregular_subsidence_0512_0057,0.00h,23.83h,irregular_subsidence,moderate,"(187.5,-187.5)",0.0282,0.4202
E_irregular_subsidence_0513_0358,0.00h,23.83h,irregular_subsidence,moderate,"(212.5,187.5)",0.007,0.1048
E_irregular_subsidence_0514_0099,0.00h,23.83h,irregular_subsidence,moderate,"(237.5,-137.5)",0.0141,0.2098
E_irregular_subsidence_0515_0051,0.00h,23.83h,irregular_subsidence,moderate,"(37.5,-187.5)",3.0636,45.6257
E_irregular_subsidence_0516_0002,0.00h,23.83h,irregular_subsidence,moderate,"(-187.5,-237.5)",0.0015,0.022
E_irregular_subsidence_0517_0358,0.00h,23.83h,irregular_subsidence,moderate,"(212.5,187.5)",0.007,0.1048
E_irregular_subsidence_0518_0257,0.00h,23.83h,irregular_subsidence,moderate,"(187.5,62.5)",2.1649,32.2413
E_irregular_subsidence_0519_0372,0.00h,23.83h,irregular_subsidence,moderate,"(62.5,212.5)",0.5398,8.0394
E_irregular_subsidence_0520_0220,0.00h,23.83h,irregular_subsidence,moderate,"(-237.5,37.5)",0.1601,2.3847
E_irregular_subsidence_0521_0211,0.00h,23.83h,irregular_subsidence,moderate,"(37.5,12.5)",395.718,5893.3627
E_irregular_subsidence_0522_0124,0.00h,23.83h,irregular_subsidence,moderate,"(-137.5,-87.5)",12.2862,182.9769
E_irregular_subsidence_0523_0196,0.00h,23.83h,irregular_subsidence,moderate,"(162.5,-12.5)",12.2862,182.9769
E_irregular_subsidence_0524_0191,0.00h,23.83h,irregular_subsidence,moderate,"(37.5,-12.5)",395.718,5893.3627
E_irregular_subsidence_0525_0358,0.00h,23.83h,irregular_subsidence,moderate,"(212.5,187.5)",0.007,0.1048
E_irregular_subsidence_0526_0005,0.00h,23.83h,irregular_subsidence,moderate,"(-112.5,-237.5)",0.0336,0.4999
E_irregular_subsidence_0527_0213,0.00h,23.83h,irregular_subsidence,moderate,"(87.5,12.5)",166.1093,2473.839
E_irregular_subsidence_0528_0338,0.00h,23.83h,irregular_subsidence,moderate,"(212.5,162.5)",0.0237,0.3532
E_irregular_subsidence_0529_0357,0.00h,23.83h,irregular_subsidence,moderate,"(187.5,187.5)",0.0282,0.4202
E_irregular_subsidence_0530_0230,0.00h,23.83h,irregular_subsidence,moderate,"(12.5,37.5)",395.718,5893.3627
E_irregular_subsidence_0531_0382,0.00h,23.83h,irregular_subsidence,moderate,"(-187.5,237.5)",0.0015,0.022
E_irregular_subsidence_0532_0009,0.00h,23.83h,irregular_subsidence,moderate,"(-12.5,-237.5)",0.1905,2.8368
E_irregular_subsidence_0533_0057,0.00h,23.83h,irregular_subsidence,moderate,"(187.5,-187.5)",0.0282,0.4202
E_irregular_subsidence_0534_0062,0.00h,23.83h,irregular_subsidence,moderate,"(-187.5,-162.5)",0.0951,1.4166
E_irregular_subsidence_0535_0147,0.00h,23.83h,irregular_subsidence,moderate,"(-62.5,-62.5)",166.1093,2473.839
E_irregular_subsidence_0536_0046,0.00h,23.83h,irregular_subsidence,moderate,"(-87.5,-187.5)",1.286,19.1522
E_irregular_subsidence_0537_0275,0.00h,23.83h,irregular_subsidence,moderate,"(137.5,87.5)",12.2862,182.9769
E_irregular_subsidence_0538_0365,0.00h,23.83h,irregular_subsidence,moderate,"(-112.5,212.5)",0.1601,2.3847
E_irregular_subsidence_0539_0000,0.00h,23.83h,irregular_subsidence,moderate,"(-237.5,-237.5)",0.0001,0.0011
E_irregular_subsidence_0540_0327,0.00h,23.83h,irregular_subsidence,moderate,"(-62.5,162.5)",7.2983,108.6929
E_irregular_subsidence_0541_0312,0.00h,23.83h,irregular_subsidence,moderate,"(62.5,137.5)",20.683,308.0288
E_irregular_subsidence_0542_0287,0.00h,23.83h,irregular_subsidence,moderate,"(-62.5,112.5)",49.2726,733.8089
E_irregular_subsidence_0543_0398,0.00h,23.83h,irregular_subsidence,moderate,"(212.5,237.5)",0.0004,0.0055
E_irregular_subsidence_0544_0022,0.00h,23.83h,irregular_subsidence,moderate,"(-187.5,-212.5)",0.007,0.1048
E_irregular_subsidence_0545_0159,0.00h,23.83h,irregular_subsidence,moderate,"(237.5,-62.5)",0.1132,1.6852
E_irregular_subsidence_0546_0284,0.00h,23.83h,irregular_subsidence,moderate,"(-137.5,112.5)",6.1352,91.3698
E_irregular_subsidence_0547_0058,0.00h,23.83h,irregular_subsidence,moderate,"(212.5,-187.5)",0.007,0.1048
E_irregular_subsidence_0548_0026,0.00h,23.83h,irregular_subsidence,moderate,"(-87.5,-212.5)",0.3207,4.7756
E_irregular_subsidence_0549_0143,0.00h,23.83h,irregular_subsidence,moderate,"(-162.5,-62.5)",7.2983,108.6929
E_irregular_subsidence_0550_0148,0.00h,23.83h,irregular_subsidence,moderate,"(-37.5,-62.5)",235.0665,3500.8067
E_irregular_subsidence_0551_0305,0.00h,23.83h,irregular_subsidence,moderate,"(-112.5,137.5)",6.1352,91.3698
E_irregular_subsidence_0552_0071,0.00h,23.83h,irregular_subsidence,moderate,"(37.5,-162.5)",10.3281,153.8147
E_irregular_subsidence_0553_0274,0.00h,23.83h,irregular_subsidence,moderate,"(112.5,87.5)",29.2692,435.9011
E_irregular_subsidence_0554_0133,0.00h,23.83h,irregular_subsidence,moderate,"(87.5,-87.5)",58.6144,872.9339
E_irregular_subsidence_0555_0318,0.00h,23.83h,irregular_subsidence,moderate,"(212.5,137.5)",0.0672,1.001
E_irregular_subsidence_0556_0190,0.00h,23.83h,irregular_subsidence,moderate,"(12.5,-12.5)",470.7433,7010.7022
E_irregular_subsidence_0557_0050,0.00h,23.83h,irregular_subsidence,moderate,"(12.5,-187.5)",3.6444,54.276
E_irregular_subsidence_0558_0198,0.00h,23.83h,irregular_subsidence,moderate,"(212.5,-12.5)",0.9087,13.5338
E_irregular_subsidence_0559_0086,0.00h,23.83h,irregular_subsidence,moderate,"(-87.5,-137.5)",12.2862,182.9769
E_irregular_subsidence_0560_0192,0.00h,23.83h,irregular_subsidence,moderate,"(62.5,-12.5)",279.6334,4164.5346
E_irregular_subsidence_0561_0035,0.00h,23.83h,irregular_subsidence,moderate,"(137.5,-212.5)",0.0672,1.001
E_irregular_subsidence_0562_0231,0.00h,23.83h,irregular_subsidence,moderate,"(37.5,37.5)",332.6499,4954.1006
E_irregular_subsidence_0563_0246,0.00h,23.83h,irregular_subsidence,moderate,"(-87.5,62.5)",98.6732,1469.523
E_irregular_subsidence_0564_0164,0.00h,23.83h,irregular_subsidence,moderate,"(-137.5,-37.5)",29.2692,435.9011
E_irregular_subsidence_0565_0121,0.00h,23.83h,irregular_subsidence,moderate,"(-212.5,-87.5)",0.3207,4.7756
E_irregular_subsidence_0566_0125,0.00h,23.83h,irregular_subsidence,moderate,"(-112.5,-87.5)",29.2692,435.9011
E_irregular_subsidence_0567_0008,0.00h,23.83h,irregular_subsidence,moderate,"(-37.5,-237.5)",0.1601,2.3847
E_irregular_subsidence_0568_0106,0.00h,23.83h,irregular_subsidence,moderate,"(-87.5,-112.5)",29.2692,435.9011
E_irregular_subsidence_0569_0345,0.00h,23.83h,irregular_subsidence,moderate,"(-112.5,187.5)",0.6422,9.5637
E_irregular_subsidence_0570_0006,0.00h,23.83h,irregular_subsidence,moderate,"(-87.5,-237.5)",0.0672,1.001
E_irregular_subsidence_0571_0330,0.00h,23.83h,irregular_subsidence,moderate,"(12.5,162.5)",12.2862,182.9769
E_irregular_subsidence_0572_0115,0.00h,23.83h,irregular_subsidence,moderate,"(137.5,-112.5)",6.1352,91.3698
E_irregular_subsidence_0573_0263,0.00h,23.83h,irregular_subsidence,moderate,"(-162.5,87.5)",4.3354,64.5663
E_irregular_subsidence_0574_0158,0.00h,23.83h,irregular_subsidence,moderate,"(212.5,-62.5)",0.5398,8.0394
E_irregular_subsidence_0575_0129,0.00h,23.83h,irregular_subsidence,moderate,"(-12.5,-87.5)",166.1093,2473.839
E_irregular_subsidence_0576_0009,0.00h,23.83h,irregular_subsidence,moderate,"(-12.5,-237.5)",0.1905,2.8368
E_irregular_subsidence_0577_0384,0.00h,23.83h,irregular_subsidence,moderate,"(-137.5,237.5)",0.0141,0.2098
E_irregular_subsidence_0578_0129,0.00h,23.83h,irregular_subsidence,moderate,"(-12.5,-87.5)",166.1093,2473.839
E_irregular_subsidence_0579_0061,0.00h,23.83h,irregular_subsidence,moderate,"(-212.5,-162.5)",0.0237,0.3532
E_irregular_subsidence_0580_0006,0.00h,23.83h,irregular_subsidence,moderate,"(-87.5,-237.5)",0.0672,1.001
E_irregular_subsidence_0581_0193,0.00h,23.83h,irregular_subsidence,moderate,"(87.5,-12.5)",166.1093,2473.839
E_irregular_subsidence_0582_0050,0.00h,23.83h,irregular_subsidence,moderate,"(12.5,-187.5)",3.6444,54.276
E_irregular_subsidence_0583_0233,0.00h,23.83h,irregular_subsidence,moderate,"(87.5,37.5)",139.6355,2079.5678
E_irregular_subsidence_0584_0064,0.00h,23.83h,irregular_subsidence,moderate,"(-137.5,-162.5)",0.9087,13.5338
E_irregular_subsidence_0585_0332,0.00h,23.83h,irregular_subsidence,moderate,"(62.5,162.5)",7.2983,108.6929
E_irregular_subsidence_0586_0231,0.00h,23.83h,irregular_subsidence,moderate,"(37.5,37.5)",332.6499,4954.1006
E_irregular_subsidence_0587_0340,0.00h,23.83h,irregular_subsidence,moderate,"(-237.5,187.5)",0.0015,0.022
E_irregular_subsidence_0588_0396,0.00h,23.83h,irregular_subsidence,moderate,"(162.5,237.5)",0.005,0.074
E_irregular_subsidence_0589_0045,0.00h,23.83h,irregular_subsidence,moderate,"(-112.5,-187.5)",0.6422,9.5637
E_irregular_subsidence_0590_0351,0.00h,23.83h,irregular_subsidence,moderate,"(37.5,187.5)",3.0636,45.6257
E_irregular_subsidence_0591_0345,0.00h,23.83h,irregular_subsidence,moderate,"(-112.5,187.5)",0.6422,9.5637
E_irregular_subsidence_0592_0309,0.00h,23.83h,irregular_subsidence,moderate,"(-12.5,137.5)",34.8184,518.5448
E_irregular_subsidence_0593_0217,0.00h,23.83h,irregular_subsidence,moderate,"(187.5,12.5)",3.6444,54.276
E_irregular_subsidence_0594_0021,0.00h,23.83h,irregular_subsidence,moderate,"(-212.5,-212.5)",0.0018,0.0261
E_irregular_subsidence_0595_0067,0.00h,23.83h,irregular_subsidence,moderate,"(-62.5,-162.5)",7.2983,108.6929
E_irregular_subsidence_0596_0093,0.00h,23.83h,irregular_subsidence,moderate,"(87.5,-137.5)",12.2862,182.9769
E_irregular_subsidence_0597_0344,0.00h,23.83h,irregular_subsidence,moderate,"(-137.5,187.5)",0.2696,4.0145
E_irregular_subsidence_0598_0072,0.00h,23.83h,irregular_subsidence,moderate,"(62.5,-162.5)",7.2983,108.6929
E_irregular_subsidence_0599_0277,0.00h,23.83h,irregular_subsidence,moderate,"(187.5,87.5)",1.286,19.1522
E_irregular_subsidence_0600_0143,0.00h,23.83h,irregular_subsidence,moderate,"(-162.5,-62.5)",7.2983,108.6929
E_irregular_subsidence_0601_0096,0.00h,23.83h,irregular_subsidence,moderate,"(162.5,-137.5)",0.9087,13.5338
E_irregular_subsidence_0602_0134,0.00h,23.83h,irregular_subsidence,moderate,"(112.5,-87.5)",29.2692,435.9011
E_irregular_subsidence_0603_0010,0.00h,23.83h,irregular_subsidence,moderate,"(12.5,-237.5)",0.1905,2.8368
E_irregular_subsidence_0604_0178,0.00h,23.83h,irregular_subsidence,moderate,"(212.5,-37.5)",0.7639,11.3769
E_irregular_subsidence_0605_0111,0.00h,23.83h,irregular_subsidence,moderate,"(37.5,-112.5)",69.7272,1038.4359
E_irregular_subsidence_0606_0002,0.00h,23.83h,irregular_subsidence,moderate,"(-187.5,-237.5)",0.0015,0.022
E_irregular_subsidence_0607_0146,0.00h,23.83h,irregular_subsidence,moderate,"(-87.5,-62.5)",98.6732,1469.523
E_irregular_subsidence_0608_0163,0.00h,23.83h,irregular_subsidence,moderate,"(-162.5,-37.5)",10.3281,153.8147
E_irregular_subsidence_0609_0120,0.00h,23.83h,irregular_subsidence,moderate,"(-237.5,-87.5)",0.0672,1.001
E_irregular_subsidence_0610_0150,0.00h,23.83h,irregular_subsidence,moderate,"(12.5,-62.5)",279.6334,4164.5346
E_irregular_subsidence_0611_0338,0.00h,23.83h,irregular_subsidence,moderate,"(212.5,162.5)",0.0237,0.3532
E_irregular_subsidence_0612_0141,0.00h,23.83h,irregular_subsidence,moderate,"(-212.5,-62.5)",0.5398,8.0394
E_irregular_subsidence_0613_0178,0.00h,23.83h,irregular_subsidence,moderate,"(212.5,-37.5)",0.7639,11.3769
E_irregular_subsidence_0614_0138,0.00h,23.83h,irregular_subsidence,moderate,"(212.5,-87.5)",0.3207,4.7756
E_irregular_subsidence_0615_0096,0.00h,23.83h,irregular_subsidence,moderate,"(162.5,-137.5)",0.9087,13.5338
E_irregular_subsidence_0616_0090,0.00h,23.83h,irregular_subsidence,moderate,"(12.5,-137.5)",34.8184,518.5448
E_irregular_subsidence_0617_0329,0.00h,23.83h,irregular_subsidence,moderate,"(-12.5,162.5)",12.2862,182.9769
E_irregular_subsidence_0618_0172,0.00h,23.83h,irregular_subsidence,moderate,"(62.5,-37.5)",235.0665,3500.8067
E_irregular_subsidence_0619_0230,0.00h,23.83h,irregular_subsidence,moderate,"(12.5,37.5)",395.718,5893.3627
E_irregular_subsidence_0620_0211,0.00h,23.83h,irregular_subsidence,moderate,"(37.5,12.5)",395.718,5893.3627
E_irregular_subsidence_0621_0267,0.00h,23.83h,irregular_subsidence,moderate,"(-62.5,87.5)",98.6732,1469.523
E_irregular_subsidence_0622_0126,0.00h,23.83h,irregular_subsidence,moderate,"(-87.5,-87.5)",58.6144,872.9339
E_irregular_subsidence_0623_0233,0.00h,23.83h,irregular_subsidence,moderate,"(87.5,37.5)",139.6355,2079.5678
E_irregular_subsidence_0624_0032,0.00h,23.83h,irregular_subsidence,moderate,"(62.5,-212.5)",0.5398,8.0394
E_multiple_zones_0000_0390,0.00h,23.83h,multiple_zones,severe,"(12.5,237.5)",0.1963,0.2231
E_multiple_zones_0001_0257,0.00h,23.83h,multiple_zones,moderate,"(187.5,62.5)",112.2384,127.5222
E_multiple_zones_0002_0002,0.00h,23.83h,multiple_zones,severe,"(-187.5,-237.5)",0.0014,0.0016
E_multiple_zones_0003_0127,0.00h,23.83h,multiple_zones,severe,"(-62.5,-87.5)",93.2652,105.9654
E_multiple_zones_0004_0294,0.00h,23.83h,multiple_zones,moderate,"(112.5,112.5)",63.3126,71.934
E_multiple_zones_0005_0274,0.00h,23.83h,multiple_zones,moderate,"(112.5,87.5)",126.7895,144.0548
E_multiple_zones_0006_0340,0.00h,23.83h,multiple_zones,severe,"(-237.5,187.5)",0.0014,0.0016
E_multiple_zones_0007_0039,0.00h,23.83h,multiple_zones,moderate,"(237.5,-212.5)",0.1142,0.1298
E_multiple_zones_0008_0225,0.00h,23.83h,multiple_zones,severe,"(-112.5,37.5)",65.5497,74.4758
E_multiple_zones_0009_0083,0.00h,23.83h,multiple_zones,severe,"(-162.5,-137.5)",0.8535,0.9698
E_multiple_zones_0010_0314,0.00h,23.83h,multiple_zones,moderate,"(112.5,137.5)",26.5765,30.1955
E_multiple_zones_0011_0162,0.00h,23.83h,multiple_zones,severe,"(-187.5,-37.5)",2.8772,3.269
E_multiple_zones_0012_0061,0.00h,23.83h,multiple_zones,severe,"(-212.5,-162.5)",0.0223,0.0253
E_multiple_zones_0013_0270,0.00h,23.83h,multiple_zones,severe,"(12.5,87.5)",171.2191,194.5346
E_multiple_zones_0014_0046,0.00h,23.83h,multiple_zones,severe,"(-87.5,-187.5)",1.2108,1.3757
E_multiple_zones_0015_0066,0.00h,23.83h,multiple_zones,severe,"(-87.5,-162.5)",4.082,4.6379
E_multiple_zones_0016_0103,0.00h,23.83h,multiple_zones,severe,"(-162.5,-112.5)",2.0334,2.3103
E_multiple_zones_0017_0058,0.00h,23.83h,multiple_zones,moderate,"(212.5,-187.5)",0.8899,1.0111
E_multiple_zones_0018_0266,0.00h,23.83h,multiple_zones,severe,"(-87.5,87.5)",55.189,62.7042
E_multiple_zones_0019_0180,0.00h,23.83h,multiple_zones,severe,"(-237.5,-12.5)",0.1789,0.2032
E_multiple_zones_0020_0302,0.00h,23.83h,multiple_zones,severe,"(-187.5,137.5)",0.2532,0.2876
E_multiple_zones_0021_0210,0.00h,23.83h,multiple_zones,severe,"(12.5,12.5)",485.2241,551.2987
E_multiple_zones_0022_0266,0.00h,23.83h,multiple_zones,severe,"(-87.5,87.5)",55.189,62.7042
E_multiple_zones_0023_0221,0.00h,23.83h,multiple_zones,severe,"(-212.5,37.5)",0.7174,0.8151
E_multiple_zones_0024_0307,0.00h,23.83h,multiple_zones,severe,"(-62.5,137.5)",19.5494,22.2116
E_multiple_zones_0025_0052,0.00h,23.83h,multiple_zones,severe,"(62.5,-187.5)",3.2404,3.6816
E_multiple_zones_0026_0218,0.00h,23.83h,multiple_zones,moderate,"(212.5,12.5)",114.9525,130.606
E_multiple_zones_0027_0162,0.00h,23.83h,multiple_zones,severe,"(-187.5,-37.5)",2.8772,3.269
E_multiple_zones_0028_0098,0.00h,23.83h,multiple_zones,moderate,"(212.5,-137.5)",8.5024,9.6602
E_multiple_zones_0029_0365,0.00h,23.83h,multiple_zones,severe,"(-112.5,212.5)",0.1505,0.171
E_multiple_zones_0030_0223,0.00h,23.83h,multiple_zones,severe,"(-162.5,37.5)",9.7007,11.0216
E_multiple_zones_0031_0086,0.00h,23.83h,multiple_zones,severe,"(-87.5,-137.5)",11.5682,13.1435
E_multiple_zones_0032_0114,0.00h,23.83h,multiple_zones,moderate,"(112.5,-112.5)",63.3126,71.934
E_multiple_zones_0033_0349,0.00h,23.83h,multiple_zones,severe,"(-12.5,187.5)",3.5579,4.0424
E_multiple_zones_0034_0034,0.00h,23.83h,multiple_zones,moderate,"(112.5,-212.5)",0.6936,0.7881
E_multiple_zones_0035_0316,0.00h,23.83h,multiple_zones,moderate,"(162.5,137.5)",19.6094,22.2796
E_multiple_zones_0036_0396,0.00h,23.83h,multiple_zones,moderate,"(162.5,237.5)",0.1073,0.1219
E_multiple_zones_0037_0180,0.00h,23.83h,multiple_zones,severe,"(-237.5,-12.5)",0.1789,0.2032
E_multiple_zones_0038_0320,0.00h,23.83h,multiple_zones,severe,"(-237.5,162.5)",0.0047,0.0053
E_multiple_zones_0039_0000,0.00h,23.83h,multiple_zones,severe,"(-237.5,-237.5)",0.0001,0.0001
E_multiple_zones_0040_0297,0.00h,23.83h,multiple_zones,moderate,"(187.5,112.5)",33.293,37.8266
E_multiple_zones_0041_0239,0.00h,23.83h,multiple_zones,moderate,"(237.5,37.5)",49.7376,56.5106
E_multiple_zones_0042_0053,0.00h,23.83h,multiple_zones,moderate,"(87.5,-187.5)",2.9766,3.382
E_multiple_zones_0043_0074,0.00h,23.83h,multiple_zones,moderate,"(112.5,-162.5)",9.378,10.655
E_multiple_zones_0044_0062,0.00h,23.83h,multiple_zones,severe,"(-187.5,-162.5)",0.0893,0.1015
E_multiple_zones_0045_0226,0.00h,23.83h,multiple_zones,severe,"(-87.5,37.5)",131.4752,149.3786
E_multiple_zones_0046_0295,0.00h,23.83h,multiple_zones,moderate,"(137.5,112.5)",57.1007,64.8763
E_multiple_zones_0047_0229,0.00h,23.83h,multiple_zones,severe,"(-12.5,37.5)",386.3211,438.9277
E_multiple_zones_0048_0208,0.00h,23.83h,multiple_zones,severe,"(-37.5,12.5)",377.5757,428.9915
E_multiple_zones_0049_0197,0.00h,23.83h,multiple_zones,moderate,"(187.5,-12.5)",188.9454,214.6747
E_multiple_zones_0050_0217,0.00h,23.83h,multiple_zones,moderate,"(187.5,12.5)",188.9454,214.6747
E_multiple_zones_0051_0318,0.00h,23.83h,multiple_zones,moderate,"(212.5,137.5)",8.5024,9.6602
E_multiple_zones_0052_0125,0.00h,23.83h,multiple_zones,severe,"(-112.5,-87.5)",27.5156,31.2625
E_multiple_zones_0053_0388,0.00h,23.83h,multiple_zones,severe,"(-37.5,237.5)",0.1528,0.1736
E_multiple_zones_0054_0290,0.00h,23.83h,multiple_zones,severe,"(12.5,112.5)",85.4986,97.1412
E_multiple_zones_0055_0015,0.00h,23.83h,multiple_zones,moderate,"(137.5,-237.5)",0.1311,0.149
E_multiple_zones_0056_0284,0.00h,23.83h,multiple_zones,severe,"(-137.5,112.5)",5.7639,6.5488
E_multiple_zones_0057_0156,0.00h,23.83h,multiple_zones,moderate,"(162.5,-62.5)",157.4866,178.9321
E_multiple_zones_0058_0308,0.00h,23.83h,multiple_zones,severe,"(-37.5,137.5)",27.9273,31.7302
E_multiple_zones_0059_0313,0.00h,23.83h,multiple_zones,moderate,"(87.5,137.5)",28.4383,32.3109
E_multiple_zones_0060_0310,0.00h,23.83h,multiple_zones,severe,"(12.5,137.5)",35.8895,40.7767
E_multiple_zones_0061_0213,0.00h,23.83h,multiple_zones,moderate,"(87.5,12.5)",384.485,436.8416
E_multiple_zones_0062_0336,0.00h,23.83h,multiple_zones,moderate,"(162.5,162.5)",6.9195,7.8617
E_multiple_zones_0063_0076,0.00h,23.83h,multiple_zones,moderate,"(162.5,-162.5)",6.9195,7.8617
E_multiple_zones_0064_0219,0.00h,23.83h,multiple_zones,moderate,"(237.5,12.5)",59.1676,67.2246
E_multiple_zones_0065_0077,0.00h,23.83h,multiple_zones,moderate,"(187.5,-162.5)",4.9314,5.6029
E_multiple_zones_0066_0108,0.00h,23.83h,multiple_zones,severe,"(-37.5,-112.5)",66.5305,75.5901
E_multiple_zones_0067_0068,0.00h,23.83h,multiple_zones,severe,"(-37.5,-162.5)",9.8546,11.1965
E_multiple_zones_0068_0168,0.00h,23.83h,multiple_zones,severe,"(-37.5,-37.5)",317.3991,360.6204
E_multiple_zones_0069_0190,0.00h,23.83h,multiple_zones,severe,"(12.5,-12.5)",485.2241,551.2987
E_multiple_zones_0070_0268,0.00h,23.83h,multiple_zones,severe,"(-37.5,87.5)",133.2337,151.3765
E_multiple_zones_0071_0071,0.00h,23.83h,multiple_zones,severe,"(37.5,-162.5)",12.0343,13.6731
E_multiple_zones_0072_0062,0.00h,23.83h,multiple_zones,severe,"(-187.5,-162.5)",0.0893,0.1015
E_multiple_zones_0073_0213,0.00h,23.83h,multiple_zones,moderate,"(87.5,12.5)",384.485,436.8416
E_multiple_zones_0074_0225,0.00h,23.83h,multiple_zones,severe,"(-112.5,37.5)",65.5497,74.4758
E_multiple_zones_0075_0386,0.00h,23.83h,multiple_zones,severe,"(-87.5,237.5)",0.0633,0.0719
E_multiple_zones_0076_0000,0.00h,23.83h,multiple_zones,severe,"(-237.5,-237.5)",0.0001,0.0001
E_multiple_zones_0077_0192,0.00h,23.83h,multiple_zones,severe,"(62.5,-12.5)",418.5541,475.55
E_multiple_zones_0078_0161,0.00h,23.83h,multiple_zones,severe,"(-212.5,-37.5)",0.7174,0.8151
E_multiple_zones_0079_0108,0.00h,23.83h,multiple_zones,severe,"(-37.5,-112.5)",66.5305,75.5901
E_multiple_zones_0080_0319,0.00h,23.83h,multiple_zones,moderate,"(237.5,137.5)",4.3763,4.9723
E_multiple_zones_0081_0334,0.00h,23.83h,multiple_zones,moderate,"(112.5,162.5)",9.378,10.655
E_multiple_zones_0082_0313,0.00h,23.83h,multiple_zones,moderate,"(87.5,137.5)",28.4383,32.3109
E_multiple_zones_0083_0339,0.00h,23.83h,multiple_zones,moderate,"(237.5,162.5)",1.5443,1.7545
E_multiple_zones_0084_0283,0.00h,23.83h,multiple_zones,severe,"(-162.5,112.5)",2.0334,2.3103
E_multiple_zones_0085_0303,0.00h,23.83h,multiple_zones,severe,"(-162.5,137.5)",0.8535,0.9698
E_multiple_zones_0086_0008,0.00h,23.83h,multiple_zones,severe,"(-37.5,-237.5)",0.1528,0.1736
E_multiple_zones_0087_0012,0.00h,23.83h,multiple_zones,severe,"(62.5,-237.5)",0.1694,0.1924
E_multiple_zones_0088_0248,0.00h,23.83h,multiple_zones,severe,"(-37.5,62.5)",224.2895,254.8318
E_multiple_zones_0089_0021,0.00h,23.83h,multiple_zones,severe,"(-212.5,-212.5)",0.0016,0.0019
E_multiple_zones_0090_0118,0.00h,23.83h,multiple_zones,moderate,"(212.5,-112.5)",20.2551,23.0133
E_multiple_zones_0091_0224,0.00h,23.83h,multiple_zones,severe,"(-137.5,37.5)",27.4981,31.2426
E_multiple_zones_0092_0188,0.00h,23.83h,multiple_zones,severe,"(-37.5,-12.5)",377.5757,428.9915
E_multiple_zones_0093_0380,0.00h,23.83h,multiple_zones,severe,"(-237.5,237.5)",0.0001,0.0001
E_multiple_zones_0094_0201,0.00h,23.83h,multiple_zones,severe,"(-212.5,12.5)",0.8534,0.9696
E_multiple_zones_0095_0098,0.00h,23.83h,multiple_zones,moderate,"(212.5,-137.5)",8.5024,9.6602
E_multiple_zones_0096_0369,0.00h,23.83h,multiple_zones,severe,"(-12.5,212.5)",0.8872,1.008
E_multiple_zones_0097_0046,0.00h,23.83h,multiple_zones,severe,"(-87.5,-187.5)",1.2108,1.3757
E_multiple_zones_0098_0017,0.00h,23.83h,multiple_zones,moderate,"(187.5,-237.5)",0.0765,0.0869
E_multiple_zones_0099_0274,0.00h,23.83h,multiple_zones,moderate,"(112.5,87.5)",126.7895,144.0548
E_multiple_zones_0100_0195,0.00h,23.83h,multiple_zones,moderate,"(137.5,-12.5)",324.0597,368.188
E_multiple_zones_0101_0246,0.00h,23.83h,multiple_zones,severe,"(-87.5,62.5)",92.9067,105.5582
E_multiple_zones_0102_0216,0.00h,23.83h,multiple_zones,moderate,"(162.5,12.5)",265.1176,301.2196
E_multiple_zones_0103_0275,0.00h,23.83h,multiple_zones,moderate,"(137.5,87.5)",114.3497,129.9211
E_multiple_zones_0104_0087,0.00h,23.83h,multiple_zones,severe,"(-62.5,-137.5)",19.5494,22.2116
E_multiple_zones_0105_0228,0.00h,23.83h,multiple_zones,severe,"(-37.5,37.5)",317.3991,360.6204
E_multiple_zones_0106_0251,0.00h,23.83h,multiple_zones,severe,"(37.5,62.5)",273.9002,311.1981
E_multiple_zones_0107_0233,0.00h,23.83h,multiple_zones,moderate,"(87.5,37.5)",323.2072,367.2194
E_multiple_zones_0108_0238,0.00h,23.83h,multiple_zones,moderate,"(212.5,37.5)",96.6318,109.7905
E_multiple_zones_0109_0167,0.00h,23.83h,multiple_zones,severe,"(-62.5,-37.5)",222.1833,252.4387
E_multiple_zones_0110_0255,0.00h,23.83h,multiple_zones,moderate,"(137.5,62.5)",192.4997,218.713
E_multiple_zones_0111_0048,0.00h,23.83h,multiple_zones,severe,"(-37.5,-187.5)",2.9231,3.3212
E_multiple_zones_0112_0356,0.00h,23.83h,multiple_zones,moderate,"(162.5,187.5)",2.0525,2.332
E_multiple_zones_0113_0259,0.00h,23.83h,multiple_zones,moderate,"(237.5,62.5)",35.147,39.9331
E_multiple_zones_0114_0277,0.00h,23.83h,multiple_zones,moderate,"(187.5,87.5)",66.6724,75.7514
E_multiple_zones_0115_0101,0.00h,23.83h,multiple_zones,severe,"(-212.5,-112.5)",0.1504,0.1709
E_multiple_zones_0116_0170,0.00h,23.83h,multiple_zones,severe,"(12.5,-37.5)",407.8909,463.4348
E_multiple_zones_0117_0374,0.00h,23.83h,multiple_zones,moderate,"(112.5,212.5)",0.6936,0.7881
E_multiple_zones_0118_0246,0.00h,23.83h,multiple_zones,severe,"(-87.5,62.5)",92.9067,105.5582
E_multiple_zones_0119_0381,0.00h,23.83h,multiple_zones,severe,"(-212.5,237.5)",0.0003,0.0004
E_multiple_zones_0120_0023,0.00h,23.83h,multiple_zones,severe,"(-162.5,-212.5)",0.0223,0.0253
E_multiple_zones_0121_0228,0.00h,23.83h,multiple_zones,severe,"(-37.5,37.5)",317.3991,360.6204
E_multiple_zones_0122_0031,0.00h,23.83h,multiple_zones,severe,"(37.5,-212.5)",0.8901,1.0113
E_multiple_zones_0123_0028,0.00h,23.83h,multiple_zones,severe,"(-37.5,-212.5)",0.7289,0.8281
E_multiple_zones_0124_0045,0.00h,23.83h,multiple_zones,severe,"(-112.5,-187.5)",0.6037,0.6859
E_multiple_zones_0125_0075,0.00h,23.83h,multiple_zones,moderate,"(137.5,-162.5)",8.4578,9.6096
E_multiple_zones_0126_0340,0.00h,23.83h,multiple_zones,severe,"(-237.5,187.5)",0.0014,0.0016
E_multiple_zones_0127_0275,0.00h,23.83h,multiple_zones,moderate,"(137.5,87.5)",114.3497,129.9211
E_multiple_zones_0128_0192,0.00h,23.83h,multiple_zones,severe,"(62.5,-12.5)",418.5541,475.55
E_multiple_zones_0129_0176,0.00h,23.83h,multiple_zones,moderate,"(162.5,-37.5)",222.8642,253.2123
E_multiple_zones_0130_0351,0.00h,23.83h,multiple_zones,severe,"(37.5,187.5)",3.5697,4.0558
E_multiple_zones_0131_0361,0.00h,23.83h,multiple_zones,severe,"(-212.5,212.5)",0.0016,0.0019
E_multiple_zones_0132_0066,0.00h,23.83h,multiple_zones,severe,"(-87.5,-162.5)",4.082,4.6379
E_multiple_zones_0133_0390,0.00h,23.83h,multiple_zones,severe,"(12.5,237.5)",0.1963,0.2231
E_multiple_zones_0134_0157,0.00h,23.83h,multiple_zones,moderate,"(187.5,-62.5)",112.2384,127.5222
E_multiple_zones_0135_0309,0.00h,23.83h,multiple_zones,severe,"(-12.5,137.5)",33.9916,38.6203
E_multiple_zones_0136_0202,0.00h,23.83h,multiple_zones,severe,"(-187.5,12.5)",3.4227,3.8887
E_multiple_zones_0137_0041,0.00h,23.83h,multiple_zones,severe,"(-212.5,-187.5)",0.0066,0.0075
E_multiple_zones_0138_0005,0.00h,23.83h,multiple_zones,severe,"(-112.5,-237.5)",0.0316,0.0358
E_multiple_zones_0139_0141,0.00h,23.83h,multiple_zones,severe,"(-212.5,-62.5)",0.507,0.576
E_multiple_zones_0140_0211,0.00h,23.83h,multiple_zones,severe,"(37.5,12.5)",461.0918,523.8802
E_multiple_zones_0141_0368,0.00h,23.83h,multiple_zones,severe,"(-37.5,212.5)",0.7289,0.8281
E_multiple_zones_0142_0359,0.00h,23.83h,multiple_zones,moderate,"(237.5,187.5)",0.4581,0.5204
E_multiple_zones_0143_0315,0.00h,23.83h,multiple_zones,moderate,"(137.5,137.5)",23.969,27.2329
E_multiple_zones_0144_0020,0.00h,23.83h,multiple_zones,severe,"(-237.5,-212.5)",0.0003,0.0004
E_multiple_zones_0145_0043,0.00h,23.83h,multiple_zones,severe,"(-162.5,-187.5)",0.0893,0.1015
E_multiple_zones_0146_0384,0.00h,23.83h,multiple_zones,severe,"(-137.5,237.5)",0.0132,0.015
E_multiple_zones_0147_0289,0.00h,23.83h,multiple_zones,severe,"(-12.5,112.5)",80.9773,92.0042
E_multiple_zones_0148_0031,0.00h,23.83h,multiple_zones,severe,"(37.5,-212.5)",0.8901,1.0113
E_multiple_zones_0149_0057,0.00h,23.83h,multiple_zones,moderate,"(187.5,-187.5)",1.4628,1.662
E_multiple_zones_0150_0055,0.00h,23.83h,multiple_zones,moderate,"(137.5,-187.5)",2.5088,2.8505
E_multiple_zones_0151_0049,0.00h,23.83h,multiple_zones,severe,"(-12.5,-187.5)",3.5579,4.0424
E_multiple_zones_0152_0188,0.00h,23.83h,multiple_zones,severe,"(-37.5,-12.5)",377.5757,428.9915
E_multiple_zones_0153_0228,0.00h,23.83h,multiple_zones,severe,"(-37.5,37.5)",317.3991,360.6204
E_multiple_zones_0154_0124,0.00h,23.83h,multiple_zones,severe,"(-137.5,-87.5)",11.5428,13.1146
E_multiple_zones_0155_0036,0.00h,23.83h,multiple_zones,moderate,"(162.5,-212.5)",0.5118,0.5815
E_multiple_zones_0156_0186,0.00h,23.83h,multiple_zones,severe,"(-87.5,-12.5)",156.402,177.6998
E_multiple_zones_0157_0199,0.00h,23.83h,multiple_zones,moderate,"(237.5,-12.5)",59.1676,67.2246
E_multiple_zones_0158_0098,0.00h,23.83h,multiple_zones,moderate,"(212.5,-137.5)",8.5024,9.6602
E_multiple_zones_0159_0127,0.00h,23.83h,multiple_zones,severe,"(-62.5,-87.5)",93.2652,105.9654
E_multiple_zones_0160_0301,0.00h,23.83h,multiple_zones,severe,"(-212.5,137.5)",0.0631,0.0717
E_multiple_zones_0161_0314,0.00h,23.83h,multiple_zones,moderate,"(112.5,137.5)",26.5765,30.1955
E_multiple_zones_0162_0183,0.00h,23.83h,multiple_zones,severe,"(-162.5,-12.5)",11.5398,13.1112
E_multiple_zones_0163_0399,0.00h,23.83h,multiple_zones,moderate,"(237.5,237.5)",0.0239,0.0272
E_multiple_zones_0164_0314,0.00h,23.83h,multiple_zones,moderate,"(112.5,137.5)",26.5765,30.1955
E_multiple_zones_0165_0016,0.00h,23.83h,multiple_zones,moderate,"(162.5,-237.5)",0.1073,0.1219
E_multiple_zones_0166_0032,0.00h,23.83h,multiple_zones,severe,"(62.5,-212.5)",0.808,0.918
E_multiple_zones_0167_0048,0.00h,23.83h,multiple_zones,severe,"(-37.5,-187.5)",2.9231,3.3212
E_multiple_zones_0168_0119,0.00h,23.83h,multiple_zones,moderate,"(237.5,-112.5)",10.4256,11.8453
E_multiple_zones_0169_0073,0.00h,23.83h,multiple_zones,moderate,"(87.5,-162.5)",10.0349,11.4014
E_multiple_zones_0170_0033,0.00h,23.83h,multiple_zones,moderate,"(87.5,-212.5)",0.7422,0.8433
E_multiple_zones_0171_0246,0.00h,23.83h,multiple_zones,severe,"(-87.5,62.5)",92.9067,105.5582
E_multiple_zones_0172_0319,0.00h,23.83h,multiple_zones,moderate,"(237.5,137.5)",4.3763,4.9723
E_multiple_zones_0173_0292,0.00h,23.83h,multiple_zones,severe,"(62.5,112.5)",73.751,83.794
E_multiple_zones_0174_0222,0.00h,23.83h,multiple_zones,severe,"(-187.5,37.5)",2.8772,3.269
E_multiple_zones_0175_0097,0.00h,23.83h,multiple_zones,moderate,"(187.5,-137.5)",13.9753,15.8784
E_multiple_zones_0176_0086,0.00h,23.83h,multiple_zones,severe,"(-87.5,-137.5)",11.5682,13.1435
E_multiple_zones_0177_0383,0.00h,23.83h,multiple_zones,severe,"(-162.5,237.5)",0.0047,0.0053
E_multiple_zones_0178_0059,0.00h,23.83h,multiple_zones,moderate,"(237.5,-187.5)",0.4581,0.5204
E_multiple_zones_0179_0083,0.00h,23.83h,multiple_zones,severe,"(-162.5,-137.5)",0.8535,0.9698
E_multiple_zones_0180_0168,0.00h,23.83h,multiple_zones,severe,"(-37.5,-37.5)",317.3991,360.6204
E_multiple_zones_0181_0296,0.00h,23.83h,multiple_zones,moderate,"(162.5,112.5)",46.7149,53.0762
E_multiple_zones_0182_0076,0.00h,23.83h,multiple_zones,moderate,"(162.5,-162.5)",6.9195,7.8617
E_multiple_zones_0183_0204,0.00h,23.83h,multiple_zones,severe,"(-137.5,12.5)",32.7116,37.166
E_multiple_zones_0184_0020,0.00h,23.83h,multiple_zones,severe,"(-237.5,-212.5)",0.0003,0.0004
E_multiple_zones_0185_0079,0.00h,23.83h,multiple_zones,moderate,"(237.5,-162.5)",1.5443,1.7545
E_multiple_zones_0186_0351,0.00h,23.83h,multiple_zones,severe,"(37.5,187.5)",3.5697,4.0558
E_multiple_zones_0187_0322,0.00h,23.83h,multiple_zones,severe,"(-187.5,162.5)",0.0893,0.1015
E_multiple_zones_0188_0014,0.00h,23.83h,multiple_zones,moderate,"(112.5,-237.5)",0.1454,0.1652
E_multiple_zones_0189_0307,0.00h,23.83h,multiple_zones,severe,"(-62.5,137.5)",19.5494,22.2116
E_multiple_zones_0190_0381,0.00h,23.83h,multiple_zones,severe,"(-212.5,237.5)",0.0003,0.0004
E_multiple_zones_0191_0113,0.00h,23.83h,multiple_zones,moderate,"(87.5,-112.5)",67.7479,76.9734
E_multiple_zones_0192_0181,0.00h,23.83h,multiple_zones,severe,"(-212.5,-12.5)",0.8534,0.9696
E_multiple_zones_0193_0298,0.00h,23.83h,multiple_zones,moderate,"(212.5,112.5)",20.2551,23.0133
E_multiple_zones_0194_0347,0.00h,23.83h,multiple_zones,severe,"(-62.5,187.5)",2.0462,2.3249
E_multiple_zones_0195_0359,0.00h,23.83h,multiple_zones,moderate,"(237.5,187.5)",0.4581,0.5204
E_multiple_zones_0196_0289,0.00h,23.83h,multiple_zones,severe,"(-12.5,112.5)",80.9773,92.0042
E_multiple_zones_0197_0117,0.00h,23.83h,multiple_zones,moderate,"(187.5,-112.5)",33.293,37.8266
E_multiple_zones_0198_0256,0.00h,23.83h,multiple_zones,moderate,"(162.5,62.5)",157.4866,178.9321
E_multiple_zones_0199_0162,0.00h,23.83h,multiple_zones,severe,"(-187.5,-37.5)",2.8772,3.269
E_multiple_zones_0200_0285,0.00h,23.83h,multiple_zones,severe,"(-112.5,112.5)",13.74,15.611
E_multiple_zones_0201_0211,0.00h,23.83h,multiple_zones,severe,"(37.5,12.5)",461.0918,523.8802
E_multiple_zones_0202_0253,0.00h,23.83h,multiple_zones,moderate,"(87.5,62.5)",228.3938,259.495
E_multiple_zones_0203_0205,0.00h,23.83h,multiple_zones,severe,"(-112.5,12.5)",77.9774,88.5959
E_multiple_zones_0204_0250,0.00h,23.83h,multiple_zones,severe,"(12.5,62.5)",288.2354,327.4854
E_multiple_zones_0205_0291,0.00h,23.83h,multiple_zones,severe,"(37.5,112.5)",81.2464,92.31
E_multiple_zones_0206_0104,0.00h,23.83h,multiple_zones,severe,"(-137.5,-112.5)",5.7639,6.5488
E_multiple_zones_0207_0147,0.00h,23.83h,multiple_zones,severe,"(-62.5,-62.5)",157.0054,178.3854
E_multiple_zones_0208_0285,0.00h,23.83h,multiple_zones,severe,"(-112.5,112.5)",13.74,15.611
E_multiple_zones_0209_0393,0.00h,23.83h,multiple_zones,moderate,"(87.5,237.5)",0.1556,0.1768
E_multiple_zones_0210_0064,0.00h,23.83h,multiple_zones,severe,"(-137.5,-162.5)",0.8538,0.97
E_multiple_zones_0211_0250,0.00h,23.83h,multiple_zones,severe,"(12.5,62.5)",288.2354,327.4854
E_multiple_zones_0212_0326,0.00h,23.83h,multiple_zones,severe,"(-87.5,162.5)",4.082,4.6379
E_multiple_zones_0213_0366,0.00h,23.83h,multiple_zones,severe,"(-87.5,212.5)",0.3019,0.343
E_multiple_zones_0214_0112,0.00h,23.83h,multiple_zones,severe,"(62.5,-112.5)",73.751,83.794
E_multiple_zones_0215_0100,0.00h,23.83h,multiple_zones,severe,"(-237.5,-112.5)",0.0315,0.0358
E_multiple_zones_0216_0018,0.00h,23.83h,multiple_zones,moderate,"(212.5,-237.5)",0.0465,0.0528
E_multiple_zones_0217_0130,0.00h,23.83h,multiple_zones,severe,"(12.5,-87.5)",171.2191,194.5346
E_multiple_zones_0218_0181,0.00h,23.83h,multiple_zones,severe,"(-212.5,-12.5)",0.8534,0.9696
E_multiple_zones_0219_0147,0.00h,23.83h,multiple_zones,severe,"(-62.5,-62.5)",157.0054,178.3854
E_multiple_zones_0220_0130,0.00h,23.83h,multiple_zones,severe,"(12.5,-87.5)",171.2191,194.5346
E_multiple_zones_0221_0279,0.00h,23.83h,multiple_zones,moderate,"(237.5,87.5)",20.8782,23.7213
E_multiple_zones_0222_0399,0.00h,23.83h,multiple_zones,moderate,"(237.5,237.5)",0.0239,0.0272
E_multiple_zones_0223_0014,0.00h,23.83h,multiple_zones,moderate,"(112.5,-237.5)",0.1454,0.1652
E_multiple_zones_0224_0165,0.00h,23.83h,multiple_zones,severe,"(-112.5,-37.5)",65.5497,74.4758
E_multiple_zones_0225_0142,0.00h,23.83h,multiple_zones,severe,"(-187.5,-62.5)",2.0332,2.31
E_multiple_zones_0226_0359,0.00h,23.83h,multiple_zones,moderate,"(237.5,187.5)",0.4581,0.5204
E_multiple_zones_0227_0384,0.00h,23.83h,multiple_zones,severe,"(-137.5,237.5)",0.0132,0.015
E_multiple_zones_0228_0370,0.00h,23.83h,multiple_zones,severe,"(12.5,212.5)",0.9367,1.0643
E_multiple_zones_0229_0117,0.00h,23.83h,multiple_zones,moderate,"(187.5,-112.5)",33.293,37.8266
E_multiple_zones_0230_0277,0.00h,23.83h,multiple_zones,moderate,"(187.5,87.5)",66.6724,75.7514
E_multiple_zones_0231_0260,0.00h,23.83h,multiple_zones,severe,"(-237.5,87.5)",0.0631,0.0717
E_multiple_zones_0232_0096,0.00h,23.83h,multiple_zones,moderate,"(162.5,-137.5)",19.6094,22.2796
E_multiple_zones_0233_0061,0.00h,23.83h,multiple_zones,severe,"(-212.5,-162.5)",0.0223,0.0253
E_multiple_zones_0234_0011,0.00h,23.83h,multiple_zones,severe,"(37.5,-237.5)",0.1866,0.212
E_multiple_zones_0235_0390,0.00h,23.83h,multiple_zones,severe,"(12.5,237.5)",0.1963,0.2231
E_multiple_zones_0236_0048,0.00h,23.83h,multiple_zones,severe,"(-37.5,-187.5)",2.9231,3.3212
E_multiple_zones_0237_0298,0.00h,23.83h,multiple_zones,moderate,"(212.5,112.5)",20.2551,23.0133
E_multiple_zones_0238_0156,0.00h,23.83h,multiple_zones,moderate,"(162.5,-62.5)",157.4866,178.9321
E_multiple_zones_0239_0173,0.00h,23.83h,multiple_zones,moderate,"(87.5,-37.5)",323.2072,367.2194
E_multiple_zones_0240_0136,0.00h,23.83h,multiple_zones,moderate,"(162.5,-87.5)",93.551,106.2902
E_multiple_zones_0241_0061,0.00h,23.83h,multiple_zones,severe,"(-212.5,-162.5)",0.0223,0.0253
E_multiple_zones_0242_0330,0.00h,23.83h,multiple_zones,severe,"(12.5,162.5)",12.6642,14.3887
E_multiple_zones_0243_0163,0.00h,23.83h,multiple_zones,severe,"(-162.5,-37.5)",9.7007,11.0216
E_multiple_zones_0244_0044,0.00h,23.83h,multiple_zones,severe,"(-137.5,-187.5)",0.2532,0.2877
E_multiple_zones_0245_0117,0.00h,23.83h,multiple_zones,moderate,"(187.5,-112.5)",33.293,37.8266
E_multiple_zones_0246_0056,0.00h,23.83h,multiple_zones,moderate,"(162.5,-187.5)",2.0525,2.332
E_multiple_zones_0247_0150,0.00h,23.83h,multiple_zones,severe,"(12.5,-62.5)",288.2354,327.4854
E_multiple_zones_0248_0281,0.00h,23.83h,multiple_zones,severe,"(-212.5,112.5)",0.1504,0.1709
E_multiple_zones_0249_0332,0.00h,23.83h,multiple_zones,severe,"(62.5,162.5)",10.9241,12.4117
E_multiple_zones_0250_0037,0.00h,23.83h,multiple_zones,moderate,"(187.5,-212.5)",0.3648,0.4144
E_multiple_zones_0251_0234,0.00h,23.83h,multiple_zones,moderate,"(112.5,37.5)",302.0473,343.1781
E_multiple_zones_0252_0233,0.00h,23.83h,multiple_zones,moderate,"(87.5,37.5)",323.2072,367.2194
E_multiple_zones_0253_0329,0.00h,23.83h,multiple_zones,severe,"(-12.5,162.5)",11.9945,13.6278
E_multiple_zones_0254_0351,0.00h,23.83h,multiple_zones,severe,"(37.5,187.5)",3.5697,4.0558
E_multiple_zones_0255_0212,0.00h,23.83h,multiple_zones,severe,"(62.5,12.5)",418.5541,475.55
E_multiple_zones_0256_0141,0.00h,23.83h,multiple_zones,severe,"(-212.5,-62.5)",0.507,0.576
E_multiple_zones_0257_0054,0.00h,23.83h,multiple_zones,moderate,"(112.5,-187.5)",2.7818,3.1606
E_multiple_zones_0258_0056,0.00h,23.83h,multiple_zones,moderate,"(162.5,-187.5)",2.0525,2.332
E_multiple_zones_0259_0105,0.00h,23.83h,multiple_zones,severe,"(-112.5,-112.5)",13.74,15.611
E_multiple_zones_0260_0072,0.00h,23.83h,multiple_zones,severe,"(62.5,-162.5)",10.9241,12.4117
E_multiple_zones_0261_0166,0.00h,23.83h,multiple_zones,severe,"(-87.5,-37.5)",131.4752,149.3786
E_multiple_zones_0262_0372,0.00h,23.83h,multiple_zones,severe,"(62.5,212.5)",0.808,0.918
E_multiple_zones_0263_0071,0.00h,23.83h,multiple_zones,severe,"(37.5,-162.5)",12.0343,13.6731
E_multiple_zones_0264_0241,0.00h,23.83h,multiple_zones,severe,"(-212.5,62.5)",0.507,0.576
E_multiple_zones_0265_0291,0.00h,23.83h,multiple_zones,severe,"(37.5,112.5)",81.2464,92.31
E_multiple_zones_0266_0251,0.00h,23.83h,multiple_zones,severe,"(37.5,62.5)",273.9002,311.1981
E_multiple_zones_0267_0074,0.00h,23.83h,multiple_zones,moderate,"(112.5,-162.5)",9.378,10.655
E_multiple_zones_0268_0139,0.00h,23.83h,multiple_zones,moderate,"(237.5,-87.5)",20.8782,23.7213
E_multiple_zones_0269_0171,0.00h,23.83h,multiple_zones,severe,"(37.5,-37.5)",387.6047,440.3862
E_multiple_zones_0270_0357,0.00h,23.83h,multiple_zones,moderate,"(187.5,187.5)",1.4628,1.662
E_multiple_zones_0271_0334,0.00h,23.83h,multiple_zones,moderate,"(112.5,162.5)",9.378,10.655
E_multiple_zones_0272_0159,0.00h,23.83h,multiple_zones,moderate,"(237.5,-62.5)",35.147,39.9331
E_multiple_zones_0273_0302,0.00h,23.83h,multiple_zones,severe,"(-187.5,137.5)",0.2532,0.2876
E_multiple_zones_0274_0349,0.00h,23.83h,multiple_zones,severe,"(-12.5,187.5)",3.5579,4.0424
E_multiple_zones_0275_0248,0.00h,23.83h,multiple_zones,severe,"(-37.5,62.5)",224.2895,254.8318
E_multiple_zones_0276_0006,0.00h,23.83h,multiple_zones,severe,"(-87.5,-237.5)",0.0633,0.0719
E_multiple_zones_0277_0302,0.00h,23.83h,multiple_zones,severe,"(-187.5,137.5)",0.2532,0.2876
E_multiple_zones_0278_0369,0.00h,23.83h,multiple_zones,severe,"(-12.5,212.5)",0.8872,1.008
E_multiple_zones_0279_0065,0.00h,23.83h,multiple_zones,severe,"(-112.5,-162.5)",2.0352,2.3123
E_multiple_zones_0280_0383,0.00h,23.83h,multiple_zones,severe,"(-162.5,237.5)",0.0047,0.0053
E_multiple_zones_0281_0241,0.00h,23.83h,multiple_zones,severe,"(-212.5,62.5)",0.507,0.576
E_multiple_zones_0282_0201,0.00h,23.83h,multiple_zones,severe,"(-212.5,12.5)",0.8534,0.9696
E_multiple_zones_0283_0301,0.00h,23.83h,multiple_zones,severe,"(-212.5,137.5)",0.0631,0.0717
E_multiple_zones_0284_0086,0.00h,23.83h,multiple_zones,severe,"(-87.5,-137.5)",11.5682,13.1435
E_multiple_zones_0285_0041,0.00h,23.83h,multiple_zones,severe,"(-212.5,-187.5)",0.0066,0.0075
E_multiple_zones_0286_0195,0.00h,23.83h,multiple_zones,moderate,"(137.5,-12.5)",324.0597,368.188
E_multiple_zones_0287_0151,0.00h,23.83h,multiple_zones,severe,"(37.5,-62.5)",273.9002,311.1981
E_multiple_zones_0288_0154,0.00h,23.83h,multiple_zones,moderate,"(112.5,-62.5)",213.4412,242.5062
E_multiple_zones_0289_0123,0.00h,23.83h,multiple_zones,severe,"(-162.5,-87.5)",4.072,4.6265
E_multiple_zones_0290_0302,0.00h,23.83h,multiple_zones,severe,"(-187.5,137.5)",0.2532,0.2876
E_multiple_zones_0291_0076,0.00h,23.83h,multiple_zones,moderate,"(162.5,-162.5)",6.9195,7.8617
E_multiple_zones_0292_0066,0.00h,23.83h,multiple_zones,severe,"(-87.5,-162.5)",4.082,4.6379
E_multiple_zones_0293_0260,0.00h,23.83h,multiple_zones,severe,"(-237.5,87.5)",0.0631,0.0717
E_multiple_zones_0294_0355,0.00h,23.83h,multiple_zones,moderate,"(137.5,187.5)",2.5088,2.8505
E_multiple_zones_0295_0013,0.00h,23.83h,multiple_zones,moderate,"(87.5,-237.5)",0.1556,0.1768
E_multiple_zones_0296_0266,0.00h,23.83h,multiple_zones,severe,"(-87.5,87.5)",55.189,62.7042
E_multiple_zones_0297_0324,0.00h,23.83h,multiple_zones,severe,"(-137.5,162.5)",0.8538,0.97
E_multiple_zones_0298_0340,0.00h,23.83h,multiple_zones,severe,"(-237.5,187.5)",0.0014,0.0016
E_multiple_zones_0299_0325,0.00h,23.83h,multiple_zones,severe,"(-112.5,162.5)",2.0352,2.3123
E_multiple_zones_0300_0329,0.00h,23.83h,multiple_zones,severe,"(-12.5,162.5)",11.9945,13.6278
E_multiple_zones_0301_0394,0.00h,23.83h,multiple_zones,moderate,"(112.5,237.5)",0.1454,0.1652
E_multiple_zones_0302_0002,0.00h,23.83h,multiple_zones,severe,"(-187.5,-237.5)",0.0014,0.0016
E_multiple_zones_0303_0172,0.00h,23.83h,multiple_zones,severe,"(62.5,-37.5)",351.8465,399.7586
E_multiple_zones_0304_0384,0.00h,23.83h,multiple_zones,severe,"(-137.5,237.5)",0.0132,0.015
E_multiple_zones_0305_0048,0.00h,23.83h,multiple_zones,severe,"(-37.5,-187.5)",2.9231,3.3212
E_multiple_zones_0306_0315,0.00h,23.83h,multiple_zones,moderate,"(137.5,137.5)",23.969,27.2329
E_multiple_zones_0307_0178,0.00h,23.83h,multiple_zones,moderate,"(212.5,-37.5)",96.6318,109.7905
E_multiple_zones_0308_0033,0.00h,23.83h,multiple_zones,moderate,"(87.5,-212.5)",0.7422,0.8433
E_multiple_zones_0309_0393,0.00h,23.83h,multiple_zones,moderate,"(87.5,237.5)",0.1556,0.1768
E_multiple_zones_0310_0129,0.00h,23.83h,multiple_zones,severe,"(-12.5,-87.5)",162.1648,184.2473
E_multiple_zones_0311_0201,0.00h,23.83h,multiple_zones,severe,"(-212.5,12.5)",0.8534,0.9696
E_multiple_zones_0312_0131,0.00h,23.83h,multiple_zones,severe,"(37.5,-87.5)",162.7037,184.8596
E_multiple_zones_0313_0361,0.00h,23.83h,multiple_zones,severe,"(-212.5,212.5)",0.0016,0.0019
E_multiple_zones_0314_0225,0.00h,23.83h,multiple_zones,severe,"(-112.5,37.5)",65.5497,74.4758
E_multiple_zones_0315_0265,0.00h,23.83h,multiple_zones,severe,"(-112.5,87.5)",27.5156,31.2625
E_multiple_zones_0316_0089,0.00h,23.83h,multiple_zones,severe,"(-12.5,-137.5)",33.9916,38.6203
E_multiple_zones_0317_0287,0.00h,23.83h,multiple_zones,severe,"(-62.5,112.5)",46.5721,52.914
E_multiple_zones_0318_0041,0.00h,23.83h,multiple_zones,severe,"(-212.5,-187.5)",0.0066,0.0075
E_multiple_zones_0319_0338,0.00h,23.83h,multiple_zones,moderate,"(212.5,162.5)",3.0002,3.4088
E_multiple_zones_0320_0281,0.00h,23.83h,multiple_zones,severe,"(-212.5,112.5)",0.1504,0.1709
E_multiple_zones_0321_0222,0.00h,23.83h,multiple_zones,severe,"(-187.5,37.5)",2.8772,3.269
E_multiple_zones_0322_0059,0.00h,23.83h,multiple_zones,moderate,"(237.5,-187.5)",0.4581,0.5204
E_multiple_zones_0323_0143,0.00h,23.83h,multiple_zones,severe,"(-162.5,-62.5)",6.8549,7.7884
E_multiple_zones_0324_0105,0.00h,23.83h,multiple_zones,severe,"(-112.5,-112.5)",13.74,15.611
E_multiple_zones_0325_0347,0.00h,23.83h,multiple_zones,severe,"(-62.5,187.5)",2.0462,2.3249
E_multiple_zones_0326_0059,0.00h,23.83h,multiple_zones,moderate,"(237.5,-187.5)",0.4581,0.5204
E_multiple_zones_0327_0020,0.00h,23.83h,multiple_zones,severe,"(-237.5,-212.5)",0.0003,0.0004
E_multiple_zones_0328_0397,0.00h,23.83h,multiple_zones,moderate,"(187.5,237.5)",0.0765,0.0869
E_multiple_zones_0329_0001,0.00h,23.83h,multiple_zones,severe,"(-212.5,-237.5)",0.0003,0.0004
E_multiple_zones_0330_0193,0.00h,23.83h,multiple_zones,moderate,"(87.5,-12.5)",384.485,436.8416
E_multiple_zones_0331_0071,0.00h,23.83h,multiple_zones,severe,"(37.5,-162.5)",12.0343,13.6731
E_multiple_zones_0332_0184,0.00h,23.83h,multiple_zones,severe,"(-137.5,-12.5)",32.7116,37.166
E_multiple_zones_0333_0265,0.00h,23.83h,multiple_zones,severe,"(-112.5,87.5)",27.5156,31.2625
E_multiple_zones_0334_0001,0.00h,23.83h,multiple_zones,severe,"(-212.5,-237.5)",0.0003,0.0004
E_multiple_zones_0335_0001,0.00h,23.83h,multiple_zones,severe,"(-212.5,-237.5)",0.0003,0.0004
E_multiple_zones_0336_0383,0.00h,23.83h,multiple_zones,severe,"(-162.5,237.5)",0.0047,0.0053
E_multiple_zones_0337_0317,0.00h,23.83h,multiple_zones,moderate,"(187.5,137.5)",13.9753,15.8784
E_multiple_zones_0338_0300,0.00h,23.83h,multiple_zones,severe,"(-237.5,137.5)",0.0132,0.015
E_multiple_zones_0339_0249,0.00h,23.83h,multiple_zones,severe,"(-12.5,62.5)",272.9931,310.1675
E_multiple_zones_0340_0349,0.00h,23.83h,multiple_zones,severe,"(-12.5,187.5)",3.5579,4.0424
E_multiple_zones_0341_0064,0.00h,23.83h,multiple_zones,severe,"(-137.5,-162.5)",0.8538,0.97
E_multiple_zones_0342_0167,0.00h,23.83h,multiple_zones,severe,"(-62.5,-37.5)",222.1833,252.4387
E_multiple_zones_0343_0288,0.00h,23.83h,multiple_zones,severe,"(-37.5,112.5)",66.5305,75.5901
E_multiple_zones_0344_0100,0.00h,23.83h,multiple_zones,severe,"(-237.5,-112.5)",0.0315,0.0358
E_multiple_zones_0345_0291,0.00h,23.83h,multiple_zones,severe,"(37.5,112.5)",81.2464,92.31
E_multiple_zones_0346_0328,0.00h,23.83h,multiple_zones,severe,"(-37.5,162.5)",9.8546,11.1965
E_multiple_zones_0347_0086,0.00h,23.83h,multiple_zones,severe,"(-87.5,-137.5)",11.5682,13.1435
E_multiple_zones_0348_0244,0.00h,23.83h,multiple_zones,severe,"(-137.5,62.5)",19.4315,22.0775
E_multiple_zones_0349_0323,0.00h,23.83h,multiple_zones,severe,"(-162.5,162.5)",0.3012,0.3422
E_multiple_zones_0350_0107,0.00h,23.83h,multiple_zones,severe,"(-62.5,-112.5)",46.5721,52.914
E_multiple_zones_0351_0264,0.00h,23.83h,multiple_zones,severe,"(-137.5,87.5)",11.5428,13.1146
E_multiple_zones_0352_0024,0.00h,23.83h,multiple_zones,severe,"(-137.5,-212.5)",0.0631,0.0717
E_multiple_zones_0353_0224,0.00h,23.83h,multiple_zones,severe,"(-137.5,37.5)",27.4981,31.2426
E_multiple_zones_0354_0050,0.00h,23.83h,multiple_zones,severe,"(12.5,-187.5)",3.7565,4.2681
E_multiple_zones_0355_0080,0.00h,23.83h,multiple_zones,severe,"(-237.5,-137.5)",0.0132,0.015
E_multiple_zones_0356_0134,0.00h,23.83h,multiple_zones,moderate,"(112.5,-87.5)",126.7895,144.0548
E_multiple_zones_0357_0158,0.00h,23.83h,multiple_zones,moderate,"(212.5,-62.5)",68.2847,77.5833
E_multiple_zones_0358_0278,0.00h,23.83h,multiple_zones,moderate,"(212.5,87.5)",40.5628,46.0864
E_multiple_zones_0359_0036,0.00h,23.83h,multiple_zones,moderate,"(162.5,-212.5)",0.5118,0.5815
E_multiple_zones_0360_0358,0.00h,23.83h,multiple_zones,moderate,"(212.5,187.5)",0.8899,1.0111
E_multiple_zones_0361_0318,0.00h,23.83h,multiple_zones,moderate,"(212.5,137.5)",8.5024,9.6602
E_multiple_zones_0362_0002,0.00h,23.83h,multiple_zones,severe,"(-187.5,-237.5)",0.0014,0.0016
E_multiple_zones_0363_0335,0.00h,23.83h,multiple_zones,moderate,"(137.5,162.5)",8.4578,9.6096
E_multiple_zones_0364_0386,0.00h,23.83h,multiple_zones,severe,"(-87.5,237.5)",0.0633,0.0719
E_multiple_zones_0365_0266,0.00h,23.83h,multiple_zones,severe,"(-87.5,87.5)",55.189,62.7042
E_multiple_zones_0366_0233,0.00h,23.83h,multiple_zones,moderate,"(87.5,37.5)",323.2072,367.2194
E_multiple_zones_0367_0026,0.00h,23.83h,multiple_zones,severe,"(-87.5,-212.5)",0.3019,0.343
E_multiple_zones_0368_0172,0.00h,23.83h,multiple_zones,severe,"(62.5,-37.5)",351.8465,399.7586
E_multiple_zones_0369_0197,0.00h,23.83h,multiple_zones,moderate,"(187.5,-12.5)",188.9454,214.6747
E_multiple_zones_0370_0261,0.00h,23.83h,multiple_zones,severe,"(-212.5,87.5)",0.3011,0.3421
E_multiple_zones_0371_0272,0.00h,23.83h,multiple_zones,severe,"(62.5,87.5)",147.6935,167.8055
E_multiple_zones_0372_0026,0.00h,23.83h,multiple_zones,severe,"(-87.5,-212.5)",0.3019,0.343
E_multiple_zones_0373_0320,0.00h,23.83h,multiple_zones,severe,"(-237.5,162.5)",0.0047,0.0053
E_multiple_zones_0374_0022,0.00h,23.83h,multiple_zones,severe,"(-187.5,-212.5)",0.0066,0.0075
E_multiple_zones_0375_0076,0.00h,23.83h,multiple_zones,moderate,"(162.5,-162.5)",6.9195,7.8617
E_multiple_zones_0376_0361,0.00h,23.83h,multiple_zones,severe,"(-212.5,212.5)",0.0016,0.0019
E_multiple_zones_0377_0052,0.00h,23.83h,multiple_zones,severe,"(62.5,-187.5)",3.2404,3.6816
E_multiple_zones_0378_0250,0.00h,23.83h,multiple_zones,severe,"(12.5,62.5)",288.2354,327.4854
E_multiple_zones_0379_0124,0.00h,23.83h,multiple_zones,severe,"(-137.5,-87.5)",11.5428,13.1146
E_multiple_zones_0380_0218,0.00h,23.83h,multiple_zones,moderate,"(212.5,12.5)",114.9525,130.606
E_multiple_zones_0381_0372,0.00h,23.83h,multiple_zones,severe,"(62.5,212.5)",0.808,0.918
E_multiple_zones_0382_0087,0.00h,23.83h,multiple_zones,severe,"(-62.5,-137.5)",19.5494,22.2116
E_multiple_zones_0383_0390,0.00h,23.83h,multiple_zones,severe,"(12.5,237.5)",0.1963,0.2231
E_multiple_zones_0384_0211,0.00h,23.83h,multiple_zones,severe,"(37.5,12.5)",461.0918,523.8802
E_multiple_zones_0385_0362,0.00h,23.83h,multiple_zones,severe,"(-187.5,212.5)",0.0066,0.0075
E_multiple_zones_0386_0380,0.00h,23.83h,multiple_zones,severe,"(-237.5,237.5)",0.0001,0.0001
E_multiple_zones_0387_0107,0.00h,23.83h,multiple_zones,severe,"(-62.5,-112.5)",46.5721,52.914
E_multiple_zones_0388_0279,0.00h,23.83h,multiple_zones,moderate,"(237.5,87.5)",20.8782,23.7213
E_multiple_zones_0389_0286,0.00h,23.83h,multiple_zones,severe,"(-87.5,112.5)",27.5587,31.3115
E_multiple_zones_0390_0100,0.00h,23.83h,multiple_zones,severe,"(-237.5,-112.5)",0.0315,0.0358
E_multiple_zones_0391_0187,0.00h,23.83h,multiple_zones,severe,"(-62.5,-12.5)",264.3077,300.2993
E_multiple_zones_0392_0297,0.00h,23.83h,multiple_zones,moderate,"(187.5,112.5)",33.293,37.8266
E_multiple_zones_0393_0342,0.00h,23.83h,multiple_zones,severe,"(-187.5,187.5)",0.0265,0.0301
E_multiple_zones_0394_0274,0.00h,23.83h,multiple_zones,moderate,"(112.5,87.5)",126.7895,144.0548
E_multiple_zones_0395_0006,0.00h,23.83h,multiple_zones,severe,"(-87.5,-237.5)",0.0633,0.0719
E_multiple_zones_0396_0222,0.00h,23.83h,multiple_zones,severe,"(-187.5,37.5)",2.8772,3.269
E_multiple_zones_0397_0222,0.00h,23.83h,multiple_zones,severe,"(-187.5,37.5)",2.8772,3.269
E_multiple_zones_0398_0258,0.00h,23.83h,multiple_zones,moderate,"(212.5,62.5)",68.2847,77.5833
E_multiple_zones_0399_0166,0.00h,23.83h,multiple_zones,severe,"(-87.5,-37.5)",131.4752,149.3786
E_multiple_zones_0400_0295,0.00h,23.83h,multiple_zones,moderate,"(137.5,112.5)",57.1007,64.8763
E_multiple_zones_0401_0236,0.00h,23.83h,multiple_zones,moderate,"(162.5,37.5)",222.8642,253.2123
E_multiple_zones_0402_0391,0.00h,23.83h,multiple_zones,severe,"(37.5,237.5)",0.1866,0.212
E_multiple_zones_0403_0151,0.00h,23.83h,multiple_zones,severe,"(37.5,-62.5)",273.9002,311.1981
E_multiple_zones_0404_0030,0.00h,23.83h,multiple_zones,severe,"(12.5,-212.5)",0.9367,1.0643
E_multiple_zones_0405_0278,0.00h,23.83h,multiple_zones,moderate,"(212.5,87.5)",40.5628,46.0864
E_multiple_zones_0406_0216,0.00h,23.83h,multiple_zones,moderate,"(162.5,12.5)",265.1176,301.2196
E_multiple_zones_0407_0241,0.00h,23.83h,multiple_zones,severe,"(-212.5,62.5)",0.507,0.576
E_multiple_zones_0408_0327,0.00h,23.83h,multiple_zones,severe,"(-62.5,162.5)",6.8983,7.8377
E_multiple_zones_0409_0318,0.00h,23.83h,multiple_zones,moderate,"(212.5,137.5)",8.5024,9.6602
E_multiple_zones_0410_0394,0.00h,23.83h,multiple_zones,moderate,"(112.5,237.5)",0.1454,0.1652
E_multiple_zones_0411_0304,0.00h,23.83h,multiple_zones,severe,"(-137.5,137.5)",2.4195,2.749
E_multiple_zones_0412_0216,0.00h,23.83h,multiple_zones,moderate,"(162.5,12.5)",265.1176,301.2196
E_multiple_zones_0413_0213,0.00h,23.83h,multiple_zones,moderate,"(87.5,12.5)",384.485,436.8416
E_multiple_zones_0414_0365,0.00h,23.83h,multiple_zones,severe,"(-112.5,212.5)",0.1505,0.171
E_multiple_zones_0415_0111,0.00h,23.83h,multiple_zones,severe,"(37.5,-112.5)",81.2464,92.31
E_multiple_zones_0416_0275,0.00h,23.83h,multiple_zones,moderate,"(137.5,87.5)",114.3497,129.9211
E_multiple_zones_0417_0067,0.00h,23.83h,multiple_zones,severe,"(-62.5,-162.5)",6.8983,7.8377
E_multiple_zones_0418_0023,0.00h,23.83h,multiple_zones,severe,"(-162.5,-212.5)",0.0223,0.0253
E_multiple_zones_0419_0081,0.00h,23.83h,multiple_zones,severe,"(-212.5,-137.5)",0.0631,0.0717
E_multiple_zones_0420_0162,0.00h,23.83h,multiple_zones,severe,"(-187.5,-37.5)",2.8772,3.269
E_multiple_zones_0421_0310,0.00h,23.83h,multiple_zones,severe,"(12.5,137.5)",35.8895,40.7767
E_multiple_zones_0422_0256,0.00h,23.83h,multiple_zones,moderate,"(162.5,62.5)",157.4866,178.9321
E_multiple_zones_0423_0395,0.00h,23.83h,multiple_zones,moderate,"(137.5,237.5)",0.1311,0.149
E_multiple_zones_0424_0114,0.00h,23.83h,multiple_zones,moderate,"(112.5,-112.5)",63.3126,71.934
E_multiple_zones_0425_0040,0.00h,23.83h,multiple_zones,severe,"(-237.5,-187.5)",0.0014,0.0016
E_multiple_zones_0426_0219,0.00h,23.83h,multiple_zones,moderate,"(237.5,12.5)",59.1676,67.2246
E_multiple_zones_0427_0195,0.00h,23.83h,multiple_zones,moderate,"(137.5,-12.5)",324.0597,368.188
E_multiple_zones_0428_0240,0.00h,23.83h,multiple_zones,severe,"(-237.5,62.5)",0.1063,0.1207
E_multiple_zones_0429_0176,0.00h,23.83h,multiple_zones,moderate,"(162.5,-37.5)",222.8642,253.2123
E_multiple_zones_0430_0075,0.00h,23.83h,multiple_zones,moderate,"(137.5,-162.5)",8.4578,9.6096
E_multiple_zones_0431_0044,0.00h,23.83h,multiple_zones,severe,"(-137.5,-187.5)",0.2532,0.2877
E_multiple_zones_0432_0022,0.00h,23.83h,multiple_zones,severe,"(-187.5,-212.5)",0.0066,0.0075
E_multiple_zones_0433_0083,0.00h,23.83h,multiple_zones,severe,"(-162.5,-137.5)",0.8535,0.9698
E_multiple_zones_0434_0255,0.00h,23.83h,multiple_zones,moderate,"(137.5,62.5)",192.4997,218.713
E_multiple_zones_0435_0201,0.00h,23.83h,multiple_zones,severe,"(-212.5,12.5)",0.8534,0.9696
E_multiple_zones_0436_0047,0.00h,23.83h,multiple_zones,severe,"(-62.5,-187.5)",2.0462,2.3249
E_multiple_zones_0437_0226,0.00h,23.83h,multiple_zones,severe,"(-87.5,37.5)",131.4752,149.3786
E_multiple_zones_0438_0134,0.00h,23.83h,multiple_zones,moderate,"(112.5,-87.5)",126.7895,144.0548
E_multiple_zones_0439_0355,0.00h,23.83h,multiple_zones,moderate,"(137.5,187.5)",2.5088,2.8505
E_multiple_zones_0440_0078,0.00h,23.83h,multiple_zones,moderate,"(212.5,-162.5)",3.0002,3.4088
E_multiple_zones_0441_0140,0.00h,23.83h,multiple_zones,severe,"(-237.5,-62.5)",0.1063,0.1207
E_multiple_zones_0442_0020,0.00h,23.83h,multiple_zones,severe,"(-237.5,-212.5)",0.0003,0.0004
E_multiple_zones_0443_0002,0.00h,23.83h,multiple_zones,severe,"(-187.5,-237.5)",0.0014,0.0016
E_multiple_zones_0444_0150,0.00h,23.83h,multiple_zones,severe,"(12.5,-62.5)",288.2354,327.4854
E_multiple_zones_0445_0367,0.00h,23.83h,multiple_zones,severe,"(-62.5,212.5)",0.5102,0.5797
E_multiple_zones_0446_0206,0.00h,23.83h,multiple_zones,severe,"(-87.5,12.5)",156.402,177.6998
E_multiple_zones_0447_0093,0.00h,23.83h,multiple_zones,moderate,"(87.5,-137.5)",28.4383,32.3109
E_multiple_zones_0448_0219,0.00h,23.83h,multiple_zones,moderate,"(237.5,12.5)",59.1676,67.2246
E_multiple_zones_0449_0182,0.00h,23.83h,multiple_zones,severe,"(-187.5,-12.5)",3.4227,3.8887
E_multiple_zones_0450_0038,0.00h,23.83h,multiple_zones,moderate,"(212.5,-212.5)",0.2219,0.2521
E_multiple_zones_0451_0020,0.00h,23.83h,multiple_zones,severe,"(-237.5,-212.5)",0.0003,0.0004
E_multiple_zones_0452_0015,0.00h,23.83h,multiple_zones,moderate,"(137.5,-237.5)",0.1311,0.149
E_multiple_zones_0453_0347,0.00h,23.83h,multiple_zones,severe,"(-62.5,187.5)",2.0462,2.3249
E_multiple_zones_0454_0070,0.00h,23.83h,multiple_zones,severe,"(12.5,-162.5)",12.6642,14.3887
E_multiple_zones_0455_0119,0.00h,23.83h,multiple_zones,moderate,"(237.5,-112.5)",10.4256,11.8453
E_multiple_zones_0456_0181,0.00h,23.83h,multiple_zones,severe,"(-212.5,-12.5)",0.8534,0.9696
E_multiple_zones_0457_0137,0.00h,23.83h,multiple_zones,moderate,"(187.5,-87.5)",66.6724,75.7514
E_multiple_zones_0458_0322,0.00h,23.83h,multiple_zones,severe,"(-187.5,162.5)",0.0893,0.1015
E_multiple_zones_0459_0032,0.00h,23.83h,multiple_zones,severe,"(62.5,-212.5)",0.808,0.918
E_multiple_zones_0460_0001,0.00h,23.83h,multiple_zones,severe,"(-212.5,-237.5)",0.0003,0.0004
E_multiple_zones_0461_0037,0.00h,23.83h,multiple_zones,moderate,"(187.5,-212.5)",0.3648,0.4144
E_multiple_zones_0462_0394,0.00h,23.83h,multiple_zones,moderate,"(112.5,237.5)",0.1454,0.1652
E_multiple_zones_0463_0133,0.00h,23.83h,multiple_zones,moderate,"(87.5,-87.5)",135.6717,154.1466
E_multiple_zones_0464_0245,0.00h,23.83h,multiple_zones,severe,"(-112.5,62.5)",46.3206,52.6282
E_multiple_zones_0465_0175,0.00h,23.83h,multiple_zones,moderate,"(137.5,-37.5)",272.4123,309.5076
E_multiple_zones_0466_0382,0.00h,23.83h,multiple_zones,severe,"(-187.5,237.5)",0.0014,0.0016
E_multiple_zones_0467_0158,0.00h,23.83h,multiple_zones,moderate,"(212.5,-62.5)",68.2847,77.5833
E_multiple_zones_0468_0044,0.00h,23.83h,multiple_zones,severe,"(-137.5,-187.5)",0.2532,0.2877
E_multiple_zones_0469_0384,0.00h,23.83h,multiple_zones,severe,"(-137.5,237.5)",0.0132,0.015
E_multiple_zones_0470_0333,0.00h,23.83h,multiple_zones,moderate,"(87.5,162.5)",10.0349,11.4014
E_multiple_zones_0471_0274,0.00h,23.83h,multiple_zones,moderate,"(112.5,87.5)",126.7895,144.0548
E_multiple_zones_0472_0333,0.00h,23.83h,multiple_zones,moderate,"(87.5,162.5)",10.0349,11.4014
E_multiple_zones_0473_0210,0.00h,23.83h,multiple_zones,severe,"(12.5,12.5)",485.2241,551.2987
E_multiple_zones_0474_0229,0.00h,23.83h,multiple_zones,severe,"(-12.5,37.5)",386.3211,438.9277
E_multiple_zones_0475_0161,0.00h,23.83h,multiple_zones,severe,"(-212.5,-37.5)",0.7174,0.8151
E_multiple_zones_0476_0132,0.00h,23.83h,multiple_zones,severe,"(62.5,-87.5)",147.6935,167.8055
E_multiple_zones_0477_0135,0.00h,23.83h,multiple_zones,moderate,"(137.5,-87.5)",114.3497,129.9211
E_multiple_zones_0478_0087,0.00h,23.83h,multiple_zones,severe,"(-62.5,-137.5)",19.5494,22.2116
E_multiple_zones_0479_0093,0.00h,23.83h,multiple_zones,moderate,"(87.5,-137.5)",28.4383,32.3109
E_multiple_zones_0480_0109,0.00h,23.83h,multiple_zones,severe,"(-12.5,-112.5)",80.9773,92.0042
E_multiple_zones_0481_0012,0.00h,23.83h,multiple_zones,severe,"(62.5,-237.5)",0.1694,0.1924
E_multiple_zones_0482_0329,0.00h,23.83h,multiple_zones,severe,"(-12.5,162.5)",11.9945,13.6278
E_multiple_zones_0483_0012,0.00h,23.83h,multiple_zones,severe,"(62.5,-237.5)",0.1694,0.1924
E_multiple_zones_0484_0163,0.00h,23.83h,multiple_zones,severe,"(-162.5,-37.5)",9.7007,11.0216
E_multiple_zones_0485_0144,0.00h,23.83h,multiple_zones,severe,"(-137.5,-62.5)",19.4315,22.0775
E_multiple_zones_0486_0291,0.00h,23.83h,multiple_zones,severe,"(37.5,112.5)",81.2464,92.31
E_multiple_zones_0487_0049,0.00h,23.83h,multiple_zones,severe,"(-12.5,-187.5)",3.5579,4.0424
E_multiple_zones_0488_0105,0.00h,23.83h,multiple_zones,severe,"(-112.5,-112.5)",13.74,15.611
E_multiple_zones_0489_0161,0.00h,23.83h,multiple_zones,severe,"(-212.5,-37.5)",0.7174,0.8151
E_multiple_zones_0490_0020,0.00h,23.83h,multiple_zones,severe,"(-237.5,-212.5)",0.0003,0.0004
E_multiple_zones_0491_0186,0.00h,23.83h,multiple_zones,severe,"(-87.5,-12.5)",156.402,177.6998
E_multiple_zones_0492_0215,0.00h,23.83h,multiple_zones,moderate,"(137.5,12.5)",324.0597,368.188
E_multiple_zones_0493_0330,0.00h,23.83h,multiple_zones,severe,"(12.5,162.5)",12.6642,14.3887
E_multiple_zones_0494_0130,0.00h,23.83h,multiple_zones,severe,"(12.5,-87.5)",171.2191,194.5346
E_multiple_zones_0495_0294,0.00h,23.83h,multiple_zones,moderate,"(112.5,112.5)",63.3126,71.934
E_multiple_zones_0496_0311,0.00h,23.83h,multiple_zones,severe,"(37.5,137.5)",34.1045,38.7487
E_multiple_zones_0497_0180,0.00h,23.83h,multiple_zones,severe,"(-237.5,-12.5)",0.1789,0.2032
E_multiple_zones_0498_0044,0.00h,23.83h,multiple_zones,severe,"(-137.5,-187.5)",0.2532,0.2877
E_multiple_zones_0499_0041,0.00h,23.83h,multiple_zones,severe,"(-212.5,-187.5)",0.0066,0.0075
E_multiple_zones_0500_0215,0.00h,23.83h,multiple_zones,moderate,"(137.5,12.5)",324.0597,368.188
E_multiple_zones_0501_0076,0.00h,23.83h,multiple_zones,moderate,"(162.5,-162.5)",6.9195,7.8617
E_multiple_zones_0502_0053,0.00h,23.83h,multiple_zones,moderate,"(87.5,-187.5)",2.9766,3.382
E_multiple_zones_0503_0195,0.00h,23.83h,multiple_zones,moderate,"(137.5,-12.5)",324.0597,368.188
E_multiple_zones_0504_0107,0.00h,23.83h,multiple_zones,severe,"(-62.5,-112.5)",46.5721,52.914
E_multiple_zones_0505_0194,0.00h,23.83h,multiple_zones,moderate,"(112.5,-12.5)",359.3133,408.2422
E_multiple_zones_0506_0103,0.00h,23.83h,multiple_zones,severe,"(-162.5,-112.5)",2.0334,2.3103
E_multiple_zones_0507_0105,0.00h,23.83h,multiple_zones,severe,"(-112.5,-112.5)",13.74,15.611
E_multiple_zones_0508_0117,0.00h,23.83h,multiple_zones,moderate,"(187.5,-112.5)",33.293,37.8266
E_multiple_zones_0509_0034,0.00h,23.83h,multiple_zones,moderate,"(112.5,-212.5)",0.6936,0.7881
E_multiple_zones_0510_0268,0.00h,23.83h,multiple_zones,severe,"(-37.5,87.5)",133.2337,151.3765
E_multiple_zones_0511_0374,0.00h,23.83h,multiple_zones,moderate,"(112.5,212.5)",0.6936,0.7881
E_multiple_zones_0512_0353,0.00h,23.83h,multiple_zones,moderate,"(87.5,187.5)",2.9766,3.382
E_multiple_zones_0513_0358,0.00h,23.83h,multiple_zones,moderate,"(212.5,187.5)",0.8899,1.0111
E_multiple_zones_0514_0125,0.00h,23.83h,multiple_zones,severe,"(-112.5,-87.5)",27.5156,31.2625
E_multiple_zones_0515_0298,0.00h,23.83h,multiple_zones,moderate,"(212.5,112.5)",20.2551,23.0133
E_multiple_zones_0516_0302,0.00h,23.83h,multiple_zones,severe,"(-187.5,137.5)",0.2532,0.2876
E_multiple_zones_0517_0174,0.00h,23.83h,multiple_zones,moderate,"(112.5,-37.5)",302.0473,343.1781
E_multiple_zones_0518_0143,0.00h,23.83h,multiple_zones,severe,"(-162.5,-62.5)",6.8549,7.7884
E_multiple_zones_0519_0387,0.00h,23.83h,multiple_zones,severe,"(-62.5,237.5)",0.107,0.1215
E_multiple_zones_0520_0312,0.00h,23.83h,multiple_zones,severe,"(62.5,137.5)",30.9582,35.1739
E_multiple_zones_0521_0331,0.00h,23.83h,multiple_zones,severe,"(37.5,162.5)",12.0343,13.6731
E_multiple_zones_0522_0361,0.00h,23.83h,multiple_zones,severe,"(-212.5,212.5)",0.0016,0.0019
E_multiple_zones_0523_0293,0.00h,23.83h,multiple_zones,moderate,"(87.5,112.5)",67.7479,76.9734
E_multiple_zones_0524_0219,0.00h,23.83h,multiple_zones,moderate,"(237.5,12.5)",59.1676,67.2246
E_multiple_zones_0525_0060,0.00h,23.83h,multiple_zones,severe,"(-237.5,-162.5)",0.0047,0.0053
E_multiple_zones_0526_0374,0.00h,23.83h,multiple_zones,moderate,"(112.5,212.5)",0.6936,0.7881
E_multiple_zones_0527_0147,0.00h,23.83h,multiple_zones,severe,"(-62.5,-62.5)",157.0054,178.3854
E_multiple_zones_0528_0025,0.00h,23.83h,multiple_zones,severe,"(-112.5,-212.5)",0.1505,0.171
E_multiple_zones_0529_0332,0.00h,23.83h,multiple_zones,severe,"(62.5,162.5)",10.9241,12.4117
E_multiple_zones_0530_0392,0.00h,23.83h,multiple_zones,severe,"(62.5,237.5)",0.1694,0.1924
E_multiple_zones_0531_0225,0.00h,23.83h,multiple_zones,severe,"(-112.5,37.5)",65.5497,74.4758
E_multiple_zones_0532_0036,0.00h,23.83h,multiple_zones,moderate,"(162.5,-212.5)",0.5118,0.5815
E_multiple_zones_0533_0384,0.00h,23.83h,multiple_zones,severe,"(-137.5,237.5)",0.0132,0.015
E_multiple_zones_0534_0251,0.00h,23.83h,multiple_zones,severe,"(37.5,62.5)",273.9002,311.1981
E_multiple_zones_0535_0056,0.00h,23.83h,multiple_zones,moderate,"(162.5,-187.5)",2.0525,2.332
E_multiple_zones_0536_0091,0.00h,23.83h,multiple_zones,severe,"(37.5,-137.5)",34.1045,38.7487
E_multiple_zones_0537_0040,0.00h,23.83h,multiple_zones,severe,"(-237.5,-187.5)",0.0014,0.0016
E_multiple_zones_0538_0157,0.00h,23.83h,multiple_zones,moderate,"(187.5,-62.5)",112.2384,127.5222
E_multiple_zones_0539_0191,0.00h,23.83h,multiple_zones,severe,"(37.5,-12.5)",461.0918,523.8802
E_multiple_zones_0540_0172,0.00h,23.83h,multiple_zones,severe,"(62.5,-37.5)",351.8465,399.7586
E_multiple_zones_0541_0025,0.00h,23.83h,multiple_zones,severe,"(-112.5,-212.5)",0.1505,0.171
E_multiple_zones_0542_0369,0.00h,23.83h,multiple_zones,severe,"(-12.5,212.5)",0.8872,1.008
E_multiple_zones_0543_0057,0.00h,23.83h,multiple_zones,moderate,"(187.5,-187.5)",1.4628,1.662
E_multiple_zones_0544_0129,0.00h,23.83h,multiple_zones,severe,"(-12.5,-87.5)",162.1648,184.2473
E_multiple_zones_0545_0335,0.00h,23.83h,multiple_zones,moderate,"(137.5,162.5)",8.4578,9.6096
E_multiple_zones_0546_0132,0.00h,23.83h,multiple_zones,severe,"(62.5,-87.5)",147.6935,167.8055
E_multiple_zones_0547_0050,0.00h,23.83h,multiple_zones,severe,"(12.5,-187.5)",3.7565,4.2681
E_multiple_zones_0548_0182,0.00h,23.83h,multiple_zones,severe,"(-187.5,-12.5)",3.4227,3.8887
E_multiple_zones_0549_0164,0.00h,23.83h,multiple_zones,severe,"(-137.5,-37.5)",27.4981,31.2426
E_multiple_zones_0550_0377,0.00h,23.83h,multiple_zones,moderate,"(187.5,212.5)",0.3648,0.4144
E_multiple_zones_0551_0394,0.00h,23.83h,multiple_zones,moderate,"(112.5,237.5)",0.1454,0.1652
E_multiple_zones_0552_0265,0.00h,23.83h,multiple_zones,severe,"(-112.5,87.5)",27.5156,31.2625
E_multiple_zones_0553_0278,0.00h,23.83h,multiple_zones,moderate,"(212.5,87.5)",40.5628,46.0864
E_multiple_zones_0554_0172,0.00h,23.83h,multiple_zones,severe,"(62.5,-37.5)",351.8465,399.7586
E_multiple_zones_0555_0269,0.00h,23.83h,multiple_zones,severe,"(-12.5,87.5)",162.1648,184.2473
E_multiple_zones_0556_0087,0.00h,23.83h,multiple_zones,severe,"(-62.5,-137.5)",19.5494,22.2116
E_multiple_zones_0557_0373,0.00h,23.83h,multiple_zones,moderate,"(87.5,212.5)",0.7422,0.8433
E_multiple_zones_0558_0184,0.00h,23.83h,multiple_zones,severe,"(-137.5,-12.5)",32.7116,37.166
E_multiple_zones_0559_0067,0.00h,23.83h,multiple_zones,severe,"(-62.5,-162.5)",6.8983,7.8377
E_multiple_zones_0560_0231,0.00h,23.83h,multiple_zones,severe,"(37.5,37.5)",387.6047,440.3862
E_multiple_zones_0561_0267,0.00h,23.83h,multiple_zones,severe,"(-62.5,87.5)",93.2652,105.9654
E_multiple_zones_0562_0279,0.00h,23.83h,multiple_zones,moderate,"(237.5,87.5)",20.8782,23.7213
E_multiple_zones_0563_0249,0.00h,23.83h,multiple_zones,severe,"(-12.5,62.5)",272.9931,310.1675
E_multiple_zones_0564_0180,0.00h,23.83h,multiple_zones,severe,"(-237.5,-12.5)",0.1789,0.2032
E_multiple_zones_0565_0242,0.00h,23.83h,multiple_zones,severe,"(-187.5,62.5)",2.0332,2.31
E_multiple_zones_0566_0383,0.00h,23.83h,multiple_zones,severe,"(-162.5,237.5)",0.0047,0.0053
E_multiple_zones_0567_0302,0.00h,23.83h,multiple_zones,severe,"(-187.5,137.5)",0.2532,0.2876
E_multiple_zones_0568_0101,0.00h,23.83h,multiple_zones,severe,"(-212.5,-112.5)",0.1504,0.1709
E_multiple_zones_0569_0066,0.00h,23.83h,multiple_zones,severe,"(-87.5,-162.5)",4.082,4.6379
E_multiple_zones_0570_0244,0.00h,23.83h,multiple_zones,severe,"(-137.5,62.5)",19.4315,22.0775
E_multiple_zones_0571_0209,0.00h,23.83h,multiple_zones,severe,"(-12.5,12.5)",459.5648,522.1452
E_multiple_zones_0572_0057,0.00h,23.83h,multiple_zones,moderate,"(187.5,-187.5)",1.4628,1.662
E_multiple_zones_0573_0144,0.00h,23.83h,multiple_zones,severe,"(-137.5,-62.5)",19.4315,22.0775
E_multiple_zones_0574_0044,0.00h,23.83h,multiple_zones,severe,"(-137.5,-187.5)",0.2532,0.2877
E_multiple_zones_0575_0173,0.00h,23.83h,multiple_zones,moderate,"(87.5,-37.5)",323.2072,367.2194
E_multiple_zones_0576_0047,0.00h,23.83h,multiple_zones,severe,"(-62.5,-187.5)",2.0462,2.3249
E_multiple_zones_0577_0031,0.00h,23.83h,multiple_zones,severe,"(37.5,-212.5)",0.8901,1.0113
E_multiple_zones_0578_0192,0.00h,23.83h,multiple_zones,severe,"(62.5,-12.5)",418.5541,475.55
E_multiple_zones_0579_0101,0.00h,23.83h,multiple_zones,severe,"(-212.5,-112.5)",0.1504,0.1709
E_multiple_zones_0580_0121,0.00h,23.83h,multiple_zones,severe,"(-212.5,-87.5)",0.3011,0.3421
E_multiple_zones_0581_0037,0.00h,23.83h,multiple_zones,moderate,"(187.5,-212.5)",0.3648,0.4144
E_multiple_zones_0582_0177,0.00h,23.83h,multiple_zones,moderate,"(187.5,-37.5)",158.832,180.4607
E_multiple_zones_0583_0011,0.00h,23.83h,multiple_zones,severe,"(37.5,-237.5)",0.1866,0.212
E_multiple_zones_0584_0336,0.00h,23.83h,multiple_zones,moderate,"(162.5,162.5)",6.9195,7.8617
E_multiple_zones_0585_0135,0.00h,23.83h,multiple_zones,moderate,"(137.5,-87.5)",114.3497,129.9211
E_multiple_zones_0586_0119,0.00h,23.83h,multiple_zones,moderate,"(237.5,-112.5)",10.4256,11.8453
E_multiple_zones_0587_0312,0.00h,23.83h,multiple_zones,severe,"(62.5,137.5)",30.9582,35.1739
E_multiple_zones_0588_0250,0.00h,23.83h,multiple_zones,severe,"(12.5,62.5)",288.2354,327.4854
E_multiple_zones_0589_0192,0.00h,23.83h,multiple_zones,severe,"(62.5,-12.5)",418.5541,475.55
E_multiple_zones_0590_0016,0.00h,23.83h,multiple_zones,moderate,"(162.5,-237.5)",0.1073,0.1219
E_multiple_zones_0591_0197,0.00h,23.83h,multiple_zones,moderate,"(187.5,-12.5)",188.9454,214.6747
E_multiple_zones_0592_0177,0.00h,23.83h,multiple_zones,moderate,"(187.5,-37.5)",158.832,180.4607
E_multiple_zones_0593_0099,0.00h,23.83h,multiple_zones,moderate,"(237.5,-137.5)",4.3763,4.9723
E_multiple_zones_0594_0335,0.00h,23.83h,multiple_zones,moderate,"(137.5,162.5)",8.4578,9.6096
E_multiple_zones_0595_0113,0.00h,23.83h,multiple_zones,moderate,"(87.5,-112.5)",67.7479,76.9734
E_multiple_zones_0596_0111,0.00h,23.83h,multiple_zones,severe,"(37.5,-112.5)",81.2464,92.31
E_multiple_zones_0597_0239,0.00h,23.83h,multiple_zones,moderate,"(237.5,37.5)",49.7376,56.5106
E_multiple_zones_0598_0268,0.00h,23.83h,multiple_zones,severe,"(-37.5,87.5)",133.2337,151.3765
E_multiple_zones_0599_0017,0.00h,23.83h,multiple_zones,moderate,"(187.5,-237.5)",0.0765,0.0869
E_multiple_zones_0600_0209,0.00h,23.83h,multiple_zones,severe,"(-12.5,12.5)",459.5648,522.1452
E_multiple_zones_0601_0385,0.00h,23.83h,multiple_zones,severe,"(-112.5,237.5)",0.0316,0.0358
E_multiple_zones_0602_0342,0.00h,23.83h,multiple_zones,severe,"(-187.5,187.5)",0.0265,0.0301
E_multiple_zones_0603_0004,0.00h,23.83h,multiple_zones,severe,"(-137.5,-237.5)",0.0132,0.015
E_multiple_zones_0604_0399,0.00h,23.83h,multiple_zones,moderate,"(237.5,237.5)",0.0239,0.0272
E_multiple_zones_0605_0158,0.00h,23.83h,multiple_zones,moderate,"(212.5,-62.5)",68.2847,77.5833
E_multiple_zones_0606_0025,0.00h,23.83h,multiple_zones,severe,"(-112.5,-212.5)",0.1505,0.171
E_multiple_zones_0607_0049,0.00h,23.83h,multiple_zones,severe,"(-12.5,-187.5)",3.5579,4.0424
E_multiple_zones_0608_0033,0.00h,23.83h,multiple_zones,moderate,"(87.5,-212.5)",0.7422,0.8433
E_multiple_zones_0609_0376,0.00h,23.83h,multiple_zones,moderate,"(162.5,212.5)",0.5118,0.5815
E_multiple_zones_0610_0255,0.00h,23.83h,multiple_zones,moderate,"(137.5,62.5)",192.4997,218.713
E_multiple_zones_0611_0210,0.00h,23.83h,multiple_zones,severe,"(12.5,12.5)",485.2241,551.2987
E_multiple_zones_0612_0397,0.00h,23.83h,multiple_zones,moderate,"(187.5,237.5)",0.0765,0.0869
E_multiple_zones_0613_0295,0.00h,23.83h,multiple_zones,moderate,"(137.5,112.5)",57.1007,64.8763
E_multiple_zones_0614_0059,0.00h,23.83h,multiple_zones,moderate,"(237.5,-187.5)",0.4581,0.5204
E_multiple_zones_0615_0350,0.00h,23.83h,multiple_zones,severe,"(12.5,187.5)",3.7565,4.2681
E_multiple_zones_0616_0268,0.00h,23.83h,multiple_zones,severe,"(-37.5,87.5)",133.2337,151.3765
E_multiple_zones_0617_0218,0.00h,23.83h,multiple_zones,moderate,"(212.5,12.5)",114.9525,130.606
E_multiple_zones_0618_0094,0.00h,23.83h,multiple_zones,moderate,"(112.5,-137.5)",26.5765,30.1955
E_multiple_zones_0619_0119,0.00h,23.83h,multiple_zones,moderate,"(237.5,-112.5)",10.4256,11.8453
E_multiple_zones_0620_0010,0.00h,23.83h,multiple_zones,severe,"(12.5,-237.5)",0.1963,0.2231
E_multiple_zones_0621_0225,0.00h,23.83h,multiple_zones,severe,"(-112.5,37.5)",65.5497,74.4758
E_multiple_zones_0622_0390,0.00h,23.83h,multiple_zones,severe,"(12.5,237.5)",0.1963,0.2231
E_multiple_zones_0623_0330,0.00h,23.83h,multiple_zones,severe,"(12.5,162.5)",12.6642,14.3887
E_multiple_zones_0624_0111,0.00h,23.83h,multiple_zones,severe,"(37.5,-112.5)",81.2464,92.31
E_communication_failure_0000_0396,0.00h,23.83h,communication_failure,low,"(162.5,237.5)",0.0,0.0
E_communication_failure_0001_0215,0.00h,23.83h,communication_failure,low,"(137.5,12.5)",0.0,0.0
E_communication_failure_0002_0206,0.00h,23.83h,communication_failure,low,"(-87.5,12.5)",0.0,0.0
E_communication_failure_0003_0285,0.00h,23.83h,communication_failure,low,"(-112.5,112.5)",0.0,0.0
E_communication_failure_0004_0021,0.00h,23.83h,communication_failure,low,"(-212.5,-212.5)",0.0,0.0
E_communication_failure_0005_0325,0.00h,23.83h,communication_failure,low,"(-112.5,162.5)",0.0,0.0
E_communication_failure_0006_0340,0.00h,23.83h,communication_failure,low,"(-237.5,187.5)",0.0,0.0
E_communication_failure_0007_0203,0.00h,23.83h,communication_failure,low,"(-162.5,12.5)",0.0,0.0
E_communication_failure_0008_0238,0.00h,23.83h,communication_failure,low,"(212.5,37.5)",0.0,0.0
E_communication_failure_0009_0039,0.00h,23.83h,communication_failure,low,"(237.5,-212.5)",0.0,0.0
E_communication_failure_0010_0040,0.00h,23.83h,communication_failure,low,"(-237.5,-187.5)",0.0,0.0
E_communication_failure_0011_0017,0.00h,23.83h,communication_failure,low,"(187.5,-237.5)",0.0,0.0
E_communication_failure_0012_0326,0.00h,23.83h,communication_failure,low,"(-87.5,162.5)",0.0,0.0
E_communication_failure_0013_0122,0.00h,23.83h,communication_failure,low,"(-187.5,-87.5)",0.0,0.0
E_communication_failure_0014_0037,0.00h,23.83h,communication_failure,low,"(187.5,-212.5)",0.0,0.0
E_communication_failure_0015_0133,0.00h,23.83h,communication_failure,low,"(87.5,-87.5)",0.0,0.0
E_communication_failure_0016_0320,0.00h,23.83h,communication_failure,low,"(-237.5,162.5)",0.0,0.0
E_communication_failure_0017_0012,0.00h,23.83h,communication_failure,low,"(62.5,-237.5)",0.0,0.0
E_communication_failure_0018_0159,0.00h,23.83h,communication_failure,low,"(237.5,-62.5)",0.0,0.0
E_communication_failure_0019_0110,0.00h,23.83h,communication_failure,low,"(12.5,-112.5)",0.0,0.0
E_communication_failure_0020_0051,0.00h,23.83h,communication_failure,low,"(37.5,-187.5)",0.0,0.0
E_communication_failure_0021_0081,0.00h,23.83h,communication_failure,low,"(-212.5,-137.5)",0.0,0.0
E_communication_failure_0022_0231,0.00h,23.83h,communication_failure,low,"(37.5,37.5)",0.0,0.0
E_communication_failure_0023_0257,0.00h,23.83h,communication_failure,low,"(187.5,62.5)",0.0,0.0
E_communication_failure_0024_0381,0.00h,23.83h,communication_failure,low,"(-212.5,237.5)",0.0,0.0
E_communication_failure_0025_0175,0.00h,23.83h,communication_failure,low,"(137.5,-37.5)",0.0,0.0
E_communication_failure_0026_0109,0.00h,23.83h,communication_failure,low,"(-12.5,-112.5)",0.0,0.0
E_communication_failure_0027_0378,0.00h,23.83h,communication_failure,low,"(212.5,212.5)",0.0,0.0
E_communication_failure_0028_0251,0.00h,23.83h,communication_failure,low,"(37.5,62.5)",0.0,0.0
E_communication_failure_0029_0135,0.00h,23.83h,communication_failure,low,"(137.5,-87.5)",0.0,0.0
E_communication_failure_0030_0205,0.00h,23.83h,communication_failure,low,"(-112.5,12.5)",0.0,0.0
E_communication_failure_0031_0263,0.00h,23.83h,communication_failure,low,"(-162.5,87.5)",0.0,0.0
E_communication_failure_0032_0128,0.00h,23.83h,communication_failure,low,"(-37.5,-87.5)",0.0,0.0
E_communication_failure_0033_0089,0.00h,23.83h,communication_failure,low,"(-12.5,-137.5)",0.0,0.0
E_communication_failure_0034_0271,0.00h,23.83h,communication_failure,low,"(37.5,87.5)",0.0,0.0
E_communication_failure_0035_0192,0.00h,23.83h,communication_failure,low,"(62.5,-12.5)",0.0,0.0
E_communication_failure_0036_0149,0.00h,23.83h,communication_failure,low,"(-12.5,-62.5)",0.0,0.0
E_communication_failure_0037_0363,0.00h,23.83h,communication_failure,low,"(-162.5,212.5)",0.0,0.0
E_communication_failure_0038_0001,0.00h,23.83h,communication_failure,low,"(-212.5,-237.5)",0.0,0.0
E_communication_failure_0039_0317,0.00h,23.83h,communication_failure,low,"(187.5,137.5)",0.0,0.0
E_communication_failure_0040_0040,0.00h,23.83h,communication_failure,low,"(-237.5,-187.5)",0.0,0.0
E_communication_failure_0041_0125,0.00h,23.83h,communication_failure,low,"(-112.5,-87.5)",0.0,0.0
E_communication_failure_0042_0225,0.00h,23.83h,communication_failure,low,"(-112.5,37.5)",0.0,0.0
E_communication_failure_0043_0052,0.00h,23.83h,communication_failure,low,"(62.5,-187.5)",0.0,0.0
E_communication_failure_0044_0302,0.00h,23.83h,communication_failure,low,"(-187.5,137.5)",0.0,0.0
E_communication_failure_0045_0079,0.00h,23.83h,communication_failure,low,"(237.5,-162.5)",0.0,0.0
E_communication_failure_0046_0280,0.00h,23.83h,communication_failure,low,"(-237.5,112.5)",0.0,0.0
E_communication_failure_0047_0377,0.00h,23.83h,communication_failure,low,"(187.5,212.5)",0.0,0.0
E_communication_failure_0048_0273,0.00h,23.83h,communication_failure,low,"(87.5,87.5)",0.0,0.0
E_communication_failure_0049_0003,0.00h,23.83h,communication_failure,low,"(-162.5,-237.5)",0.0,0.0
E_communication_failure_0050_0091,0.00h,23.83h,communication_failure,low,"(37.5,-137.5)",0.0,0.0
E_communication_failure_0051_0008,0.00h,23.83h,communication_failure,low,"(-37.5,-237.5)",0.0,0.0
E_communication_failure_0052_0374,0.00h,23.83h,communication_failure,low,"(112.5,212.5)",0.0,0.0
E_communication_failure_0053_0336,0.00h,23.83h,communication_failure,low,"(162.5,162.5)",0.0,0.0
E_communication_failure_0054_0175,0.00h,23.83h,communication_failure,low,"(137.5,-37.5)",0.0,0.0
E_communication_failure_0055_0298,0.00h,23.83h,communication_failure,low,"(212.5,112.5)",0.0,0.0
E_communication_failure_0056_0157,0.00h,23.83h,communication_failure,low,"(187.5,-62.5)",0.0,0.0
E_communication_failure_0057_0385,0.00h,23.83h,communication_failure,low,"(-112.5,237.5)",0.0,0.0
E_communication_failure_0058_0274,0.00h,23.83h,communication_failure,low,"(112.5,87.5)",0.0,0.0
E_communication_failure_0059_0342,0.00h,23.83h,communication_failure,low,"(-187.5,187.5)",0.0,0.0
E_communication_failure_0060_0081,0.00h,23.83h,communication_failure,low,"(-212.5,-137.5)",0.0,0.0
E_communication_failure_0061_0078,0.00h,23.83h,communication_failure,low,"(212.5,-162.5)",0.0,0.0
E_communication_failure_0062_0370,0.00h,23.83h,communication_failure,low,"(12.5,212.5)",0.0,0.0
E_communication_failure_0063_0342,0.00h,23.83h,communication_failure,low,"(-187.5,187.5)",0.0,0.0
E_communication_failure_0064_0063,0.00h,23.83h,communication_failure,low,"(-162.5,-162.5)",0.0,0.0
E_communication_failure_0065_0055,0.00h,23.83h,communication_failure,low,"(137.5,-187.5)",0.0,0.0
E_communication_failure_0066_0374,0.00h,23.83h,communication_failure,low,"(112.5,212.5)",0.0,0.0
E_communication_failure_0067_0121,0.00h,23.83h,communication_failure,low,"(-212.5,-87.5)",0.0,0.0
E_communication_failure_0068_0037,0.00h,23.83h,communication_failure,low,"(187.5,-212.5)",0.0,0.0
E_communication_failure_0069_0306,0.00h,23.83h,communication_failure,low,"(-87.5,137.5)",0.0,0.0
E_communication_failure_0070_0120,0.00h,23.83h,communication_failure,low,"(-237.5,-87.5)",0.0,0.0
E_communication_failure_0071_0051,0.00h,23.83h,communication_failure,low,"(37.5,-187.5)",0.0,0.0
E_communication_failure_0072_0331,0.00h,23.83h,communication_failure,low,"(37.5,162.5)",0.0,0.0
E_communication_failure_0073_0003,0.00h,23.83h,communication_failure,low,"(-162.5,-237.5)",0.0,0.0
E_communication_failure_0074_0010,0.00h,23.83h,communication_failure,low,"(12.5,-237.5)",0.0,0.0
E_communication_failure_0075_0388,0.00h,23.83h,communication_failure,low,"(-37.5,237.5)",0.0,0.0
E_communication_failure_0076_0192,0.00h,23.83h,communication_failure,low,"(62.5,-12.5)",0.0,0.0
E_communication_failure_0077_0055,0.00h,23.83h,communication_failure,low,"(137.5,-187.5)",0.0,0.0
E_communication_failure_0078_0359,0.00h,23.83h,communication_failure,low,"(237.5,187.5)",0.0,0.0
E_communication_failure_0079_0199,0.00h,23.83h,communication_failure,low,"(237.5,-12.5)",0.0,0.0
E_communication_failure_0080_0025,0.00h,23.83h,communication_failure,low,"(-112.5,-212.5)",0.0,0.0
E_communication_failure_0081_0213,0.00h,23.83h,communication_failure,low,"(87.5,12.5)",0.0,0.0
E_communication_failure_0082_0116,0.00h,23.83h,communication_failure,low,"(162.5,-112.5)",0.0,0.0
E_communication_failure_0083_0245,0.00h,23.83h,communication_failure,low,"(-112.5,62.5)",0.0,0.0
E_communication_failure_0084_0295,0.00h,23.83h,communication_failure,low,"(137.5,112.5)",0.0,0.0
E_communication_failure_0085_0248,0.00h,23.83h,communication_failure,low,"(-37.5,62.5)",0.0,0.0
E_communication_failure_0086_0299,0.00h,23.83h,communication_failure,low,"(237.5,112.5)",0.0,0.0
E_communication_failure_0087_0081,0.00h,23.83h,communication_failure,low,"(-212.5,-137.5)",0.0,0.0
E_communication_failure_0088_0090,0.00h,23.83h,communication_failure,low,"(12.5,-137.5)",0.0,0.0
E_communication_failure_0089_0072,0.00h,23.83h,communication_failure,low,"(62.5,-162.5)",0.0,0.0
E_communication_failure_0090_0121,0.00h,23.83h,communication_failure,low,"(-212.5,-87.5)",0.0,0.0
E_communication_failure_0091_0261,0.00h,23.83h,communication_failure,low,"(-212.5,87.5)",0.0,0.0
E_communication_failure_0092_0347,0.00h,23.83h,communication_failure,low,"(-62.5,187.5)",0.0,0.0
E_communication_failure_0093_0263,0.00h,23.83h,communication_failure,low,"(-162.5,87.5)",0.0,0.0
E_communication_failure_0094_0162,0.00h,23.83h,communication_failure,low,"(-187.5,-37.5)",0.0,0.0
E_communication_failure_0095_0119,0.00h,23.83h,communication_failure,low,"(237.5,-112.5)",0.0,0.0
E_communication_failure_0096_0010,0.00h,23.83h,communication_failure,low,"(12.5,-237.5)",0.0,0.0
E_communication_failure_0097_0109,0.00h,23.83h,communication_failure,low,"(-12.5,-112.5)",0.0,0.0
E_communication_failure_0098_0204,0.00h,23.83h,communication_failure,low,"(-137.5,12.5)",0.0,0.0
E_communication_failure_0099_0383,0.00h,23.83h,communication_failure,low,"(-162.5,237.5)",0.0,0.0
E_communication_failure_0100_0308,0.00h,23.83h,communication_failure,low,"(-37.5,137.5)",0.0,0.0
E_communication_failure_0101_0307,0.00h,23.83h,communication_failure,low,"(-62.5,137.5)",0.0,0.0
E_communication_failure_0102_0038,0.00h,23.83h,communication_failure,low,"(212.5,-212.5)",0.0,0.0
E_communication_failure_0103_0069,0.00h,23.83h,communication_failure,low,"(-12.5,-162.5)",0.0,0.0
E_communication_failure_0104_0018,0.00h,23.83h,communication_failure,low,"(212.5,-237.5)",0.0,0.0
E_communication_failure_0105_0348,0.00h,23.83h,communication_failure,low,"(-37.5,187.5)",0.0,0.0
E_communication_failure_0106_0001,0.00h,23.83h,communication_failure,low,"(-212.5,-237.5)",0.0,0.0
E_communication_failure_0107_0381,0.00h,23.83h,communication_failure,low,"(-212.5,237.5)",0.0,0.0
E_communication_failure_0108_0042,0.00h,23.83h,communication_failure,low,"(-187.5,-187.5)",0.0,0.0
E_communication_failure_0109_0005,0.00h,23.83h,communication_failure,low,"(-112.5,-237.5)",0.0,0.0
E_communication_failure_0110_0078,0.00h,23.83h,communication_failure,low,"(212.5,-162.5)",0.0,0.0
E_communication_failure_0111_0066,0.00h,23.83h,communication_failure,low,"(-87.5,-162.5)",0.0,0.0
E_communication_failure_0112_0188,0.00h,23.83h,communication_failure,low,"(-37.5,-12.5)",0.0,0.0
E_communication_failure_0113_0083,0.00h,23.83h,communication_failure,low,"(-162.5,-137.5)",0.0,0.0
E_communication_failure_0114_0193,0.00h,23.83h,communication_failure,low,"(87.5,-12.5)",0.0,0.0
E_communication_failure_0115_0073,0.00h,23.83h,communication_failure,low,"(87.5,-162.5)",0.0,0.0
E_communication_failure_0116_0110,0.00h,23.83h,communication_failure,low,"(12.5,-112.5)",0.0,0.0
E_communication_failure_0117_0180,0.00h,23.83h,communication_failure,low,"(-237.5,-12.5)",0.0,0.0
E_communication_failure_0118_0175,0.00h,23.83h,communication_failure,low,"(137.5,-37.5)",0.0,0.0
E_communication_failure_0119_0114,0.00h,23.83h,communication_failure,low,"(112.5,-112.5)",0.0,0.0
E_communication_failure_0120_0201,0.00h,23.83h,communication_failure,low,"(-212.5,12.5)",0.0,0.0
E_communication_failure_0121_0095,0.00h,23.83h,communication_failure,low,"(137.5,-137.5)",0.0,0.0
E_communication_failure_0122_0311,0.00h,23.83h,communication_failure,low,"(37.5,137.5)",0.0,0.0
E_communication_failure_0123_0326,0.00h,23.83h,communication_failure,low,"(-87.5,162.5)",0.0,0.0
E_communication_failure_0124_0159,0.00h,23.83h,communication_failure,low,"(237.5,-62.5)",0.0,0.0
E_communication_failure_0125_0222,0.00h,23.83h,communication_failure,low,"(-187.5,37.5)",0.0,0.0
E_communication_failure_0126_0070,0.00h,23.83h,communication_failure,low,"(12.5,-162.5)",0.0,0.0
E_communication_failure_0127_0158,0.00h,23.83h,communication_failure,low,"(212.5,-62.5)",0.0,0.0
E_communication_failure_0128_0077,0.00h,23.83h,communication_failure,low,"(187.5,-162.5)",0.0,0.0
E_communication_failure_0129_0111,0.00h,23.83h,communication_failure,low,"(37.5,-112.5)",0.0,0.0
E_communication_failure_0130_0091,0.00h,23.83h,communication_failure,low,"(37.5,-137.5)",0.0,0.0
E_communication_failure_0131_0091,0.00h,23.83h,communication_failure,low,"(37.5,-137.5)",0.0,0.0
E_communication_failure_0132_0129,0.00h,23.83h,communication_failure,low,"(-12.5,-87.5)",0.0,0.0
E_communication_failure_0133_0115,0.00h,23.83h,communication_failure,low,"(137.5,-112.5)",0.0,0.0
E_communication_failure_0134_0275,0.00h,23.83h,communication_failure,low,"(137.5,87.5)",0.0,0.0
E_communication_failure_0135_0222,0.00h,23.83h,communication_failure,low,"(-187.5,37.5)",0.0,0.0
E_communication_failure_0136_0152,0.00h,23.83h,communication_failure,low,"(62.5,-62.5)",0.0,0.0
E_communication_failure_0137_0179,0.00h,23.83h,communication_failure,low,"(237.5,-37.5)",0.0,0.0
E_communication_failure_0138_0372,0.00h,23.83h,communication_failure,low,"(62.5,212.5)",0.0,0.0
E_communication_failure_0139_0257,0.00h,23.83h,communication_failure,low,"(187.5,62.5)",0.0,0.0
E_communication_failure_0140_0285,0.00h,23.83h,communication_failure,low,"(-112.5,112.5)",0.0,0.0
E_communication_failure_0141_0248,0.00h,23.83h,communication_failure,low,"(-37.5,62.5)",0.0,0.0
E_communication_failure_0142_0064,0.00h,23.83h,communication_failure,low,"(-137.5,-162.5)",0.0,0.0
E_communication_failure_0143_0133,0.00h,23.83h,communication_failure,low,"(87.5,-87.5)",0.0,0.0
E_communication_failure_0144_0146,0.00h,23.83h,communication_failure,low,"(-87.5,-62.5)",0.0,0.0
E_communication_failure_0145_0354,0.00h,23.83h,communication_failure,low,"(112.5,187.5)",0.0,0.0
E_communication_failure_0146_0032,0.00h,23.83h,communication_failure,low,"(62.5,-212.5)",0.0,0.0
E_communication_failure_0147_0088,0.00h,23.83h,communication_failure,low,"(-37.5,-137.5)",0.0,0.0
E_communication_failure_0148_0019,0.00h,23.83h,communication_failure,low,"(237.5,-237.5)",0.0,0.0
E_communication_failure_0149_0113,0.00h,23.83h,communication_failure,low,"(87.5,-112.5)",0.0,0.0
E_communication_failure_0150_0228,0.00h,23.83h,communication_failure,low,"(-37.5,37.5)",0.0,0.0
E_communication_failure_0151_0077,0.00h,23.83h,communication_failure,low,"(187.5,-162.5)",0.0,0.0
E_communication_failure_0152_0340,0.00h,23.83h,communication_failure,low,"(-237.5,187.5)",0.0,0.0
E_communication_failure_0153_0365,0.00h,23.83h,communication_failure,low,"(-112.5,212.5)",0.0,0.0
E_communication_failure_0154_0209,0.00h,23.83h,communication_failure,low,"(-12.5,12.5)",0.0,0.0
E_communication_failure_0155_0338,0.00h,23.83h,communication_failure,low,"(212.5,162.5)",0.0,0.0
E_communication_failure_0156_0267,0.00h,23.83h,communication_failure,low,"(-62.5,87.5)",0.0,0.0
E_communication_failure_0157_0023,0.00h,23.83h,communication_failure,low,"(-162.5,-212.5)",0.0,0.0
E_communication_failure_0158_0236,0.00h,23.83h,communication_failure,low,"(162.5,37.5)",0.0,0.0
E_communication_failure_0159_0159,0.00h,23.83h,communication_failure,low,"(237.5,-62.5)",0.0,0.0
E_communication_failure_0160_0177,0.00h,23.83h,communication_failure,low,"(187.5,-37.5)",0.0,0.0
E_communication_failure_0161_0222,0.00h,23.83h,communication_failure,low,"(-187.5,37.5)",0.0,0.0
E_communication_failure_0162_0176,0.00h,23.83h,communication_failure,low,"(162.5,-37.5)",0.0,0.0
E_communication_failure_0163_0179,0.00h,23.83h,communication_failure,low,"(237.5,-37.5)",0.0,0.0
E_communication_failure_0164_0184,0.00h,23.83h,communication_failure,low,"(-137.5,-12.5)",0.0,0.0
E_communication_failure_0165_0327,0.00h,23.83h,communication_failure,low,"(-62.5,162.5)",0.0,0.0
E_communication_failure_0166_0265,0.00h,23.83h,communication_failure,low,"(-112.5,87.5)",0.0,0.0
E_communication_failure_0167_0003,0.00h,23.83h,communication_failure,low,"(-162.5,-237.5)",0.0,0.0
E_communication_failure_0168_0040,0.00h,23.83h,communication_failure,low,"(-237.5,-187.5)",0.0,0.0
E_communication_failure_0169_0237,0.00h,23.83h,communication_failure,low,"(187.5,37.5)",0.0,0.0
E_communication_failure_0170_0154,0.00h,23.83h,communication_failure,low,"(112.5,-62.5)",0.0,0.0
E_communication_failure_0171_0213,0.00h,23.83h,communication_failure,low,"(87.5,12.5)",0.0,0.0
E_communication_failure_0172_0194,0.00h,23.83h,communication_failure,low,"(112.5,-12.5)",0.0,0.0
E_communication_failure_0173_0124,0.00h,23.83h,communication_failure,low,"(-137.5,-87.5)",0.0,0.0
E_communication_failure_0174_0280,0.00h,23.83h,communication_failure,low,"(-237.5,112.5)",0.0,0.0
E_communication_failure_0175_0073,0.00h,23.83h,communication_failure,low,"(87.5,-162.5)",0.0,0.0
E_communication_failure_0176_0394,0.00h,23.83h,communication_failure,low,"(112.5,237.5)",0.0,0.0
E_communication_failure_0177_0271,0.00h,23.83h,communication_failure,low,"(37.5,87.5)",0.0,0.0
E_communication_failure_0178_0067,0.00h,23.83h,communication_failure,low,"(-62.5,-162.5)",0.0,0.0
E_communication_failure_0179_0157,0.00h,23.83h,communication_failure,low,"(187.5,-62.5)",0.0,0.0
E_communication_failure_0180_0351,0.00h,23.83h,communication_failure,low,"(37.5,187.5)",0.0,0.0
E_communication_failure_0181_0006,0.00h,23.83h,communication_failure,low,"(-87.5,-237.5)",0.0,0.0
E_communication_failure_0182_0385,0.00h,23.83h,communication_failure,low,"(-112.5,237.5)",0.0,0.0
E_communication_failure_0183_0300,0.00h,23.83h,communication_failure,low,"(-237.5,137.5)",0.0,0.0
E_communication_failure_0184_0004,0.00h,23.83h,communication_failure,low,"(-137.5,-237.5)",0.0,0.0
E_communication_failure_0185_0167,0.00h,23.83h,communication_failure,low,"(-62.5,-37.5)",0.0,0.0
E_communication_failure_0186_0238,0.00h,23.83h,communication_failure,low,"(212.5,37.5)",0.0,0.0
E_communication_failure_0187_0390,0.00h,23.83h,communication_failure,low,"(12.5,237.5)",0.0,0.0
E_communication_failure_0188_0222,0.00h,23.83h,communication_failure,low,"(-187.5,37.5)",0.0,0.0
E_communication_failure_0189_0046,0.00h,23.83h,communication_failure,low,"(-87.5,-187.5)",0.0,0.0
E_communication_failure_0190_0276,0.00h,23.83h,communication_failure,low,"(162.5,87.5)",0.0,0.0
E_communication_failure_0191_0098,0.00h,23.83h,communication_failure,low,"(212.5,-137.5)",0.0,0.0
E_communication_failure_0192_0122,0.00h,23.83h,communication_failure,low,"(-187.5,-87.5)",0.0,0.0
E_communication_failure_0193_0016,0.00h,23.83h,communication_failure,low,"(162.5,-237.5)",0.0,0.0
E_communication_failure_0194_0193,0.00h,23.83h,communication_failure,low,"(87.5,-12.5)",0.0,0.0
E_communication_failure_0195_0194,0.00h,23.83h,communication_failure,low,"(112.5,-12.5)",0.0,0.0
E_communication_failure_0196_0373,0.00h,23.83h,communication_failure,low,"(87.5,212.5)",0.0,0.0
E_communication_failure_0197_0314,0.00h,23.83h,communication_failure,low,"(112.5,137.5)",0.0,0.0
E_communication_failure_0198_0256,0.00h,23.83h,communication_failure,low,"(162.5,62.5)",0.0,0.0
E_communication_failure_0199_0252,0.00h,23.83h,communication_failure,low,"(62.5,62.5)",0.0,0.0
E_communication_failure_0200_0015,0.00h,23.83h,communication_failure,low,"(137.5,-237.5)",0.0,0.0
E_communication_failure_0201_0201,0.00h,23.83h,communication_failure,low,"(-212.5,12.5)",0.0,0.0
E_communication_failure_0202_0036,0.00h,23.83h,communication_failure,low,"(162.5,-212.5)",0.0,0.0
E_communication_failure_0203_0267,0.00h,23.83h,communication_failure,low,"(-62.5,87.5)",0.0,0.0
E_communication_failure_0204_0315,0.00h,23.83h,communication_failure,low,"(137.5,137.5)",0.0,0.0
E_communication_failure_0205_0353,0.00h,23.83h,communication_failure,low,"(87.5,187.5)",0.0,0.0
E_communication_failure_0206_0369,0.00h,23.83h,communication_failure,low,"(-12.5,212.5)",0.0,0.0
E_communication_failure_0207_0288,0.00h,23.83h,communication_failure,low,"(-37.5,112.5)",0.0,0.0
E_communication_failure_0208_0185,0.00h,23.83h,communication_failure,low,"(-112.5,-12.5)",0.0,0.0
E_communication_failure_0209_0275,0.00h,23.83h,communication_failure,low,"(137.5,87.5)",0.0,0.0
E_communication_failure_0210_0128,0.00h,23.83h,communication_failure,low,"(-37.5,-87.5)",0.0,0.0
E_communication_failure_0211_0389,0.00h,23.83h,communication_failure,low,"(-12.5,237.5)",0.0,0.0
E_communication_failure_0212_0176,0.00h,23.83h,communication_failure,low,"(162.5,-37.5)",0.0,0.0
E_communication_failure_0213_0167,0.00h,23.83h,communication_failure,low,"(-62.5,-37.5)",0.0,0.0
E_communication_failure_0214_0166,0.00h,23.83h,communication_failure,low,"(-87.5,-37.5)",0.0,0.0
E_communication_failure_0215_0062,0.00h,23.83h,communication_failure,low,"(-187.5,-162.5)",0.0,0.0
E_communication_failure_0216_0220,0.00h,23.83h,communication_failure,low,"(-237.5,37.5)",0.0,0.0
E_communication_failure_0217_0207,0.00h,23.83h,communication_failure,low,"(-62.5,12.5)",0.0,0.0
E_communication_failure_0218_0126,0.00h,23.83h,communication_failure,low,"(-87.5,-87.5)",0.0,0.0
E_communication_failure_0219_0170,0.00h,23.83h,communication_failure,low,"(12.5,-37.5)",0.0,0.0
E_communication_failure_0220_0132,0.00h,23.83h,communication_failure,low,"(62.5,-87.5)",0.0,0.0
E_communication_failure_0221_0181,0.00h,23.83h,communication_failure,low,"(-212.5,-12.5)",0.0,0.0
E_communication_failure_0222_0076,0.00h,23.83h,communication_failure,low,"(162.5,-162.5)",0.0,0.0
E_communication_failure_0223_0341,0.00h,23.83h,communication_failure,low,"(-212.5,187.5)",0.0,0.0
E_communication_failure_0224_0061,0.00h,23.83h,communication_failure,low,"(-212.5,-162.5)",0.0,0.0
E_communication_failure_0225_0360,0.00h,23.83h,communication_failure,low,"(-237.5,212.5)",0.0,0.0
E_communication_failure_0226_0382,0.00h,23.83h,communication_failure,low,"(-187.5,237.5)",0.0,0.0
E_communication_failure_0227_0378,0.00h,23.83h,communication_failure,low,"(212.5,212.5)",0.0,0.0
E_communication_failure_0228_0084,0.00h,23.83h,communication_failure,low,"(-137.5,-137.5)",0.0,0.0
E_communication_failure_0229_0323,0.00h,23.83h,communication_failure,low,"(-162.5,162.5)",0.0,0.0
E_communication_failure_0230_0200,0.00h,23.83h,communication_failure,low,"(-237.5,12.5)",0.0,0.0
E_communication_failure_0231_0178,0.00h,23.83h,communication_failure,low,"(212.5,-37.5)",0.0,0.0
E_communication_failure_0232_0080,0.00h,23.83h,communication_failure,low,"(-237.5,-137.5)",0.0,0.0
E_communication_failure_0233_0297,0.00h,23.83h,communication_failure,low,"(187.5,112.5)",0.0,0.0
E_communication_failure_0234_0261,0.00h,23.83h,communication_failure,low,"(-212.5,87.5)",0.0,0.0
E_communication_failure_0235_0287,0.00h,23.83h,communication_failure,low,"(-62.5,112.5)",0.0,0.0
E_communication_failure_0236_0207,0.00h,23.83h,communication_failure,low,"(-62.5,12.5)",0.0,0.0
E_communication_failure_0237_0119,0.00h,23.83h,communication_failure,low,"(237.5,-112.5)",0.0,0.0
E_communication_failure_0238_0191,0.00h,23.83h,communication_failure,low,"(37.5,-12.5)",0.0,0.0
E_communication_failure_0239_0149,0.00h,23.83h,communication_failure,low,"(-12.5,-62.5)",0.0,0.0
E_communication_failure_0240_0111,0.00h,23.83h,communication_failure,low,"(37.5,-112.5)",0.0,0.0
E_communication_failure_0241_0046,0.00h,23.83h,communication_failure,low,"(-87.5,-187.5)",0.0,0.0
E_communication_failure_0242_0129,0.00h,23.83h,communication_failure,low,"(-12.5,-87.5)",0.0,0.0
E_communication_failure_0243_0140,0.00h,23.83h,communication_failure,low,"(-237.5,-62.5)",0.0,0.0
E_communication_failure_0244_0319,0.00h,23.83h,communication_failure,low,"(237.5,137.5)",0.0,0.0
E_communication_failure_0245_0155,0.00h,23.83h,communication_failure,low,"(137.5,-62.5)",0.0,0.0
E_communication_failure_0246_0158,0.00h,23.83h,communication_failure,low,"(212.5,-62.5)",0.0,0.0
E_communication_failure_0247_0090,0.00h,23.83h,communication_failure,low,"(12.5,-137.5)",0.0,0.0
E_communication_failure_0248_0308,0.00h,23.83h,communication_failure,low,"(-37.5,137.5)",0.0,0.0
E_communication_failure_0249_0216,0.00h,23.83h,communication_failure,low,"(162.5,12.5)",0.0,0.0
E_communication_failure_0250_0145,0.00h,23.83h,communication_failure,low,"(-112.5,-62.5)",0.0,0.0
E_communication_failure_0251_0053,0.00h,23.83h,communication_failure,low,"(87.5,-187.5)",0.0,0.0
E_communication_failure_0252_0243,0.00h,23.83h,communication_failure,low,"(-162.5,62.5)",0.0,0.0
E_communication_failure_0253_0073,0.00h,23.83h,communication_failure,low,"(87.5,-162.5)",0.0,0.0
E_communication_failure_0254_0261,0.00h,23.83h,communication_failure,low,"(-212.5,87.5)",0.0,0.0
E_communication_failure_0255_0231,0.00h,23.83h,communication_failure,low,"(37.5,37.5)",0.0,0.0
E_communication_failure_0256_0239,0.00h,23.83h,communication_failure,low,"(237.5,37.5)",0.0,0.0
E_communication_failure_0257_0271,0.00h,23.83h,communication_failure,low,"(37.5,87.5)",0.0,0.0
E_communication_failure_0258_0031,0.00h,23.83h,communication_failure,low,"(37.5,-212.5)",0.0,0.0
E_communication_failure_0259_0080,0.00h,23.83h,communication_failure,low,"(-237.5,-137.5)",0.0,0.0
E_communication_failure_0260_0116,0.00h,23.83h,communication_failure,low,"(162.5,-112.5)",0.0,0.0
E_communication_failure_0261_0320,0.00h,23.83h,communication_failure,low,"(-237.5,162.5)",0.0,0.0
E_communication_failure_0262_0364,0.00h,23.83h,communication_failure,low,"(-137.5,212.5)",0.0,0.0
E_communication_failure_0263_0139,0.00h,23.83h,communication_failure,low,"(237.5,-87.5)",0.0,0.0
E_communication_failure_0264_0092,0.00h,23.83h,communication_failure,low,"(62.5,-137.5)",0.0,0.0
E_communication_failure_0265_0382,0.00h,23.83h,communication_failure,low,"(-187.5,237.5)",0.0,0.0
E_communication_failure_0266_0380,0.00h,23.83h,communication_failure,low,"(-237.5,237.5)",0.0,0.0
E_communication_failure_0267_0113,0.00h,23.83h,communication_failure,low,"(87.5,-112.5)",0.0,0.0
E_communication_failure_0268_0348,0.00h,23.83h,communication_failure,low,"(-37.5,187.5)",0.0,0.0
E_communication_failure_0269_0066,0.00h,23.83h,communication_failure,low,"(-87.5,-162.5)",0.0,0.0
E_communication_failure_0270_0242,0.00h,23.83h,communication_failure,low,"(-187.5,62.5)",0.0,0.0
E_communication_failure_0271_0143,0.00h,23.83h,communication_failure,low,"(-162.5,-62.5)",0.0,0.0
E_communication_failure_0272_0074,0.00h,23.83h,communication_failure,low,"(112.5,-162.5)",0.0,0.0
E_communication_failure_0273_0018,0.00h,23.83h,communication_failure,low,"(212.5,-237.5)",0.0,0.0
E_communication_failure_0274_0285,0.00h,23.83h,communication_failure,low,"(-112.5,112.5)",0.0,0.0
E_communication_failure_0275_0332,0.00h,23.83h,communication_failure,low,"(62.5,162.5)",0.0,0.0
E_communication_failure_0276_0129,0.00h,23.83h,communication_failure,low,"(-12.5,-87.5)",0.0,0.0
E_communication_failure_0277_0307,0.00h,23.83h,communication_failure,low,"(-62.5,137.5)",0.0,0.0
E_communication_failure_0278_0118,0.00h,23.83h,communication_failure,low,"(212.5,-112.5)",0.0,0.0
E_communication_failure_0279_0047,0.00h,23.83h,communication_failure,low,"(-62.5,-187.5)",0.0,0.0
E_communication_failure_0280_0028,0.00h,23.83h,communication_failure,low,"(-37.5,-212.5)",0.0,0.0
E_communication_failure_0281_0346,0.00h,23.83h,communication_failure,low,"(-87.5,187.5)",0.0,0.0
E_communication_failure_0282_0029,0.00h,23.83h,communication_failure,low,"(-12.5,-212.5)",0.0,0.0
E_communication_failure_0283_0389,0.00h,23.83h,communication_failure,low,"(-12.5,237.5)",0.0,0.0
E_communication_failure_0284_0259,0.00h,23.83h,communication_failure,low,"(237.5,62.5)",0.0,0.0
E_communication_failure_0285_0185,0.00h,23.83h,communication_failure,low,"(-112.5,-12.5)",0.0,0.0
E_communication_failure_0286_0250,0.00h,23.83h,communication_failure,low,"(12.5,62.5)",0.0,0.0
E_communication_failure_0287_0091,0.00h,23.83h,communication_failure,low,"(37.5,-137.5)",0.0,0.0
E_communication_failure_0288_0005,0.00h,23.83h,communication_failure,low,"(-112.5,-237.5)",0.0,0.0
E_communication_failure_0289_0292,0.00h,23.83h,communication_failure,low,"(62.5,112.5)",0.0,0.0
E_communication_failure_0290_0296,0.00h,23.83h,communication_failure,low,"(162.5,112.5)",0.0,0.0
E_communication_failure_0291_0061,0.00h,23.83h,communication_failure,low,"(-212.5,-162.5)",0.0,0.0
E_communication_failure_0292_0099,0.00h,23.83h,communication_failure,low,"(237.5,-137.5)",0.0,0.0
E_communication_failure_0293_0129,0.00h,23.83h,communication_failure,low,"(-12.5,-87.5)",0.0,0.0
E_communication_failure_0294_0226,0.00h,23.83h,communication_failure,low,"(-87.5,37.5)",0.0,0.0
E_communication_failure_0295_0187,0.00h,23.83h,communication_failure,low,"(-62.5,-12.5)",0.0,0.0
E_communication_failure_0296_0230,0.00h,23.83h,communication_failure,low,"(12.5,37.5)",0.0,0.0
E_communication_failure_0297_0085,0.00h,23.83h,communication_failure,low,"(-112.5,-137.5)",0.0,0.0
E_communication_failure_0298_0218,0.00h,23.83h,communication_failure,low,"(212.5,12.5)",0.0,0.0
E_communication_failure_0299_0367,0.00h,23.83h,communication_failure,low,"(-62.5,212.5)",0.0,0.0
E_communication_failure_0300_0147,0.00h,23.83h,communication_failure,low,"(-62.5,-62.5)",0.0,0.0
E_communication_failure_0301_0260,0.00h,23.83h,communication_failure,low,"(-237.5,87.5)",0.0,0.0
E_communication_failure_0302_0245,0.00h,23.83h,communication_failure,low,"(-112.5,62.5)",0.0,0.0
E_communication_failure_0303_0208,0.00h,23.83h,communication_failure,low,"(-37.5,12.5)",0.0,0.0
E_communication_failure_0304_0290,0.00h,23.83h,communication_failure,low,"(12.5,112.5)",0.0,0.0
E_communication_failure_0305_0381,0.00h,23.83h,communication_failure,low,"(-212.5,237.5)",0.0,0.0
E_communication_failure_0306_0370,0.00h,23.83h,communication_failure,low,"(12.5,212.5)",0.0,0.0
E_communication_failure_0307_0194,0.00h,23.83h,communication_failure,low,"(112.5,-12.5)",0.0,0.0
E_communication_failure_0308_0387,0.00h,23.83h,communication_failure,low,"(-62.5,237.5)",0.0,0.0
E_communication_failure_0309_0125,0.00h,23.83h,communication_failure,low,"(-112.5,-87.5)",0.0,0.0
E_communication_failure_0310_0121,0.00h,23.83h,communication_failure,low,"(-212.5,-87.5)",0.0,0.0
E_communication_failure_0311_0202,0.00h,23.83h,communication_failure,low,"(-187.5,12.5)",0.0,0.0
E_communication_failure_0312_0009,0.00h,23.83h,communication_failure,low,"(-12.5,-237.5)",0.0,0.0
E_communication_failure_0313_0000,0.00h,23.83h,communication_failure,low,"(-237.5,-237.5)",0.0,0.0
E_communication_failure_0314_0320,0.00h,23.83h,communication_failure,low,"(-237.5,162.5)",0.0,0.0
E_communication_failure_0315_0290,0.00h,23.83h,communication_failure,low,"(12.5,112.5)",0.0,0.0
E_communication_failure_0316_0214,0.00h,23.83h,communication_failure,low,"(112.5,12.5)",0.0,0.0
E_communication_failure_0317_0131,0.00h,23.83h,communication_failure,low,"(37.5,-87.5)",0.0,0.0
E_communication_failure_0318_0029,0.00h,23.83h,communication_failure,low,"(-12.5,-212.5)",0.0,0.0
E_communication_failure_0319_0394,0.00h,23.83h,communication_failure,low,"(112.5,237.5)",0.0,0.0
E_communication_failure_0320_0098,0.00h,23.83h,communication_failure,low,"(212.5,-137.5)",0.0,0.0
E_communication_failure_0321_0263,0.00h,23.83h,communication_failure,low,"(-162.5,87.5)",0.0,0.0
E_communication_failure_0322_0109,0.00h,23.83h,communication_failure,low,"(-12.5,-112.5)",0.0,0.0
E_communication_failure_0323_0019,0.00h,23.83h,communication_failure,low,"(237.5,-237.5)",0.0,0.0
E_communication_failure_0324_0218,0.00h,23.83h,communication_failure,low,"(212.5,12.5)",0.0,0.0
E_communication_failure_0325_0156,0.00h,23.83h,communication_failure,low,"(162.5,-62.5)",0.0,0.0
E_communication_failure_0326_0059,0.00h,23.83h,communication_failure,low,"(237.5,-187.5)",0.0,0.0
E_communication_failure_0327_0058,0.00h,23.83h,communication_failure,low,"(212.5,-187.5)",0.0,0.0
E_communication_failure_0328_0200,0.00h,23.83h,communication_failure,low,"(-237.5,12.5)",0.0,0.0
E_communication_failure_0329_0194,0.00h,23.83h,communication_failure,low,"(112.5,-12.5)",0.0,0.0
E_communication_failure_0330_0010,0.00h,23.83h,communication_failure,low,"(12.5,-237.5)",0.0,0.0
E_communication_failure_0331_0039,0.00h,23.83h,communication_failure,low,"(237.5,-212.5)",0.0,0.0
E_communication_failure_0332_0364,0.00h,23.83h,communication_failure,low,"(-137.5,212.5)",0.0,0.0
E_communication_failure_0333_0293,0.00h,23.83h,communication_failure,low,"(87.5,112.5)",0.0,0.0
E_communication_failure_0334_0254,0.00h,23.83h,communication_failure,low,"(112.5,62.5)",0.0,0.0
E_communication_failure_0335_0322,0.00h,23.83h,communication_failure,low,"(-187.5,162.5)",0.0,0.0
E_communication_failure_0336_0143,0.00h,23.83h,communication_failure,low,"(-162.5,-62.5)",0.0,0.0
E_communication_failure_0337_0072,0.00h,23.83h,communication_failure,low,"(62.5,-162.5)",0.0,0.0
E_communication_failure_0338_0006,0.00h,23.83h,communication_failure,low,"(-87.5,-237.5)",0.0,0.0
E_communication_failure_0339_0254,0.00h,23.83h,communication_failure,low,"(112.5,62.5)",0.0,0.0
E_communication_failure_0340_0155,0.00h,23.83h,communication_failure,low,"(137.5,-62.5)",0.0,0.0
E_communication_failure_0341_0090,0.00h,23.83h,communication_failure,low,"(12.5,-137.5)",0.0,0.0
E_communication_failure_0342_0357,0.00h,23.83h,communication_failure,low,"(187.5,187.5)",0.0,0.0
E_communication_failure_0343_0378,0.00h,23.83h,communication_failure,low,"(212.5,212.5)",0.0,0.0
E_communication_failure_0344_0133,0.00h,23.83h,communication_failure,low,"(87.5,-87.5)",0.0,0.0
E_communication_failure_0345_0304,0.00h,23.83h,communication_failure,low,"(-137.5,137.5)",0.0,0.0
E_communication_failure_0346_0145,0.00h,23.83h,communication_failure,low,"(-112.5,-62.5)",0.0,0.0
E_communication_failure_0347_0304,0.00h,23.83h,communication_failure,low,"(-137.5,137.5)",0.0,0.0
E_communication_failure_0348_0215,0.00h,23.83h,communication_failure,low,"(137.5,12.5)",0.0,0.0
E_communication_failure_0349_0233,0.00h,23.83h,communication_failure,low,"(87.5,37.5)",0.0,0.0
E_communication_failure_0350_0062,0.00h,23.83h,communication_failure,low,"(-187.5,-162.5)",0.0,0.0
E_communication_failure_0351_0334,0.00h,23.83h,communication_failure,low,"(112.5,162.5)",0.0,0.0
E_communication_failure_0352_0019,0.00h,23.83h,communication_failure,low,"(237.5,-237.5)",0.0,0.0
E_communication_failure_0353_0280,0.00h,23.83h,communication_failure,low,"(-237.5,112.5)",0.0,0.0
E_communication_failure_0354_0100,0.00h,23.83h,communication_failure,low,"(-237.5,-112.5)",0.0,0.0
E_communication_failure_0355_0151,0.00h,23.83h,communication_failure,low,"(37.5,-62.5)",0.0,0.0
E_communication_failure_0356_0152,0.00h,23.83h,communication_failure,low,"(62.5,-62.5)",0.0,0.0
E_communication_failure_0357_0167,0.00h,23.83h,communication_failure,low,"(-62.5,-37.5)",0.0,0.0
E_communication_failure_0358_0237,0.00h,23.83h,communication_failure,low,"(187.5,37.5)",0.0,0.0
E_communication_failure_0359_0042,0.00h,23.83h,communication_failure,low,"(-187.5,-187.5)",0.0,0.0
E_communication_failure_0360_0160,0.00h,23.83h,communication_failure,low,"(-237.5,-37.5)",0.0,0.0
E_communication_failure_0361_0324,0.00h,23.83h,communication_failure,low,"(-137.5,162.5)",0.0,0.0
E_communication_failure_0362_0364,0.00h,23.83h,communication_failure,low,"(-137.5,212.5)",0.0,0.0
E_communication_failure_0363_0210,0.00h,23.83h,communication_failure,low,"(12.5,12.5)",0.0,0.0
E_communication_failure_0364_0393,0.00h,23.83h,communication_failure,low,"(87.5,237.5)",0.0,0.0
E_communication_failure_0365_0158,0.00h,23.83h,communication_failure,low,"(212.5,-62.5)",0.0,0.0
E_communication_failure_0366_0063,0.00h,23.83h,communication_failure,low,"(-162.5,-162.5)",0.0,0.0
E_communication_failure_0367_0191,0.00h,23.83h,communication_failure,low,"(37.5,-12.5)",0.0,0.0
E_communication_failure_0368_0089,0.00h,23.83h,communication_failure,low,"(-12.5,-137.5)",0.0,0.0
E_communication_failure_0369_0158,0.00h,23.83h,communication_failure,low,"(212.5,-62.5)",0.0,0.0
E_communication_failure_0370_0284,0.00h,23.83h,communication_failure,low,"(-137.5,112.5)",0.0,0.0
E_communication_failure_0371_0070,0.00h,23.83h,communication_failure,low,"(12.5,-162.5)",0.0,0.0
E_communication_failure_0372_0105,0.00h,23.83h,communication_failure,low,"(-112.5,-112.5)",0.0,0.0
E_communication_failure_0373_0069,0.00h,23.83h,communication_failure,low,"(-12.5,-162.5)",0.0,0.0
E_communication_failure_0374_0112,0.00h,23.83h,communication_failure,low,"(62.5,-112.5)",0.0,0.0
E_communication_failure_0375_0317,0.00h,23.83h,communication_failure,low,"(187.5,137.5)",0.0,0.0
E_communication_failure_0376_0230,0.00h,23.83h,communication_failure,low,"(12.5,37.5)",0.0,0.0
E_communication_failure_0377_0262,0.00h,23.83h,communication_failure,low,"(-187.5,87.5)",0.0,0.0
E_communication_failure_0378_0286,0.00h,23.83h,communication_failure,low,"(-87.5,112.5)",0.0,0.0
E_communication_failure_0379_0115,0.00h,23.83h,communication_failure,low,"(137.5,-112.5)",0.0,0.0
E_communication_failure_0380_0229,0.00h,23.83h,communication_failure,low,"(-12.5,37.5)",0.0,0.0
E_communication_failure_0381_0265,0.00h,23.83h,communication_failure,low,"(-112.5,87.5)",0.0,0.0
E_communication_failure_0382_0272,0.00h,23.83h,communication_failure,low,"(62.5,87.5)",0.0,0.0
E_communication_failure_0383_0226,0.00h,23.83h,communication_failure,low,"(-87.5,37.5)",0.0,0.0
E_communication_failure_0384_0247,0.00h,23.83h,communication_failure,low,"(-62.5,62.5)",0.0,0.0
E_communication_failure_0385_0289,0.00h,23.83h,communication_failure,low,"(-12.5,112.5)",0.0,0.0
E_communication_failure_0386_0333,0.00h,23.83h,communication_failure,low,"(87.5,162.5)",0.0,0.0
E_communication_failure_0387_0085,0.00h,23.83h,communication_failure,low,"(-112.5,-137.5)",0.0,0.0
E_communication_failure_0388_0094,0.00h,23.83h,communication_failure,low,"(112.5,-137.5)",0.0,0.0
E_communication_failure_0389_0087,0.00h,23.83h,communication_failure,low,"(-62.5,-137.5)",0.0,0.0
E_communication_failure_0390_0357,0.00h,23.83h,communication_failure,low,"(187.5,187.5)",0.0,0.0
E_communication_failure_0391_0276,0.00h,23.83h,communication_failure,low,"(162.5,87.5)",0.0,0.0
E_communication_failure_0392_0187,0.00h,23.83h,communication_failure,low,"(-62.5,-12.5)",0.0,0.0
E_communication_failure_0393_0176,0.00h,23.83h,communication_failure,low,"(162.5,-37.5)",0.0,0.0
E_communication_failure_0394_0205,0.00h,23.83h,communication_failure,low,"(-112.5,12.5)",0.0,0.0
E_communication_failure_0395_0274,0.00h,23.83h,communication_failure,low,"(112.5,87.5)",0.0,0.0
E_communication_failure_0396_0238,0.00h,23.83h,communication_failure,low,"(212.5,37.5)",0.0,0.0
E_communication_failure_0397_0343,0.00h,23.83h,communication_failure,low,"(-162.5,187.5)",0.0,0.0
E_communication_failure_0398_0232,0.00h,23.83h,communication_failure,low,"(62.5,37.5)",0.0,0.0
E_communication_failure_0399_0258,0.00h,23.83h,communication_failure,low,"(212.5,62.5)",0.0,0.0
E_communication_failure_0400_0201,0.00h,23.83h,communication_failure,low,"(-212.5,12.5)",0.0,0.0
E_communication_failure_0401_0054,0.00h,23.83h,communication_failure,low,"(112.5,-187.5)",0.0,0.0
E_communication_failure_0402_0268,0.00h,23.83h,communication_failure,low,"(-37.5,87.5)",0.0,0.0
E_communication_failure_0403_0146,0.00h,23.83h,communication_failure,low,"(-87.5,-62.5)",0.0,0.0
E_communication_failure_0404_0014,0.00h,23.83h,communication_failure,low,"(112.5,-237.5)",0.0,0.0
E_communication_failure_0405_0161,0.00h,23.83h,communication_failure,low,"(-212.5,-37.5)",0.0,0.0
E_communication_failure_0406_0390,0.00h,23.83h,communication_failure,low,"(12.5,237.5)",0.0,0.0
E_communication_failure_0407_0001,0.00h,23.83h,communication_failure,low,"(-212.5,-237.5)",0.0,0.0
E_communication_failure_0408_0003,0.00h,23.83h,communication_failure,low,"(-162.5,-237.5)",0.0,0.0
E_communication_failure_0409_0006,0.00h,23.83h,communication_failure,low,"(-87.5,-237.5)",0.0,0.0
E_communication_failure_0410_0299,0.00h,23.83h,communication_failure,low,"(237.5,112.5)",0.0,0.0
E_communication_failure_0411_0078,0.00h,23.83h,communication_failure,low,"(212.5,-162.5)",0.0,0.0
E_communication_failure_0412_0164,0.00h,23.83h,communication_failure,low,"(-137.5,-37.5)",0.0,0.0
E_communication_failure_0413_0297,0.00h,23.83h,communication_failure,low,"(187.5,112.5)",0.0,0.0
E_communication_failure_0414_0171,0.00h,23.83h,communication_failure,low,"(37.5,-37.5)",0.0,0.0
E_communication_failure_0415_0335,0.00h,23.83h,communication_failure,low,"(137.5,162.5)",0.0,0.0
E_communication_failure_0416_0063,0.00h,23.83h,communication_failure,low,"(-162.5,-162.5)",0.0,0.0
E_communication_failure_0417_0203,0.00h,23.83h,communication_failure,low,"(-162.5,12.5)",0.0,0.0
E_communication_failure_0418_0279,0.00h,23.83h,communication_failure,low,"(237.5,87.5)",0.0,0.0
E_communication_failure_0419_0280,0.00h,23.83h,communication_failure,low,"(-237.5,112.5)",0.0,0.0
E_communication_failure_0420_0030,0.00h,23.83h,communication_failure,low,"(12.5,-212.5)",0.0,0.0
E_communication_failure_0421_0181,0.00h,23.83h,communication_failure,low,"(-212.5,-12.5)",0.0,0.0
E_communication_failure_0422_0285,0.00h,23.83h,communication_failure,low,"(-112.5,112.5)",0.0,0.0
E_communication_failure_0423_0143,0.00h,23.83h,communication_failure,low,"(-162.5,-62.5)",0.0,0.0
E_communication_failure_0424_0242,0.00h,23.83h,communication_failure,low,"(-187.5,62.5)",0.0,0.0
E_communication_failure_0425_0002,0.00h,23.83h,communication_failure,low,"(-187.5,-237.5)",0.0,0.0
E_communication_failure_0426_0368,0.00h,23.83h,communication_failure,low,"(-37.5,212.5)",0.0,0.0
E_communication_failure_0427_0030,0.00h,23.83h,communication_failure,low,"(12.5,-212.5)",0.0,0.0
E_communication_failure_0428_0107,0.00h,23.83h,communication_failure,low,"(-62.5,-112.5)",0.0,0.0
E_communication_failure_0429_0040,0.00h,23.83h,communication_failure,low,"(-237.5,-187.5)",0.0,0.0
E_communication_failure_0430_0315,0.00h,23.83h,communication_failure,low,"(137.5,137.5)",0.0,0.0
E_communication_failure_0431_0312,0.00h,23.83h,communication_failure,low,"(62.5,137.5)",0.0,0.0
E_communication_failure_0432_0059,0.00h,23.83h,communication_failure,low,"(237.5,-187.5)",0.0,0.0
E_communication_failure_0433_0017,0.00h,23.83h,communication_failure,low,"(187.5,-237.5)",0.0,0.0
E_communication_failure_0434_0132,0.00h,23.83h,communication_failure,low,"(62.5,-87.5)",0.0,0.0
E_communication_failure_0435_0085,0.00h,23.83h,communication_failure,low,"(-112.5,-137.5)",0.0,0.0
E_communication_failure_0436_0258,0.00h,23.83h,communication_failure,low,"(212.5,62.5)",0.0,0.0
E_communication_failure_0437_0067,0.00h,23.83h,communication_failure,low,"(-62.5,-162.5)",0.0,0.0
E_communication_failure_0438_0225,0.00h,23.83h,communication_failure,low,"(-112.5,37.5)",0.0,0.0
E_communication_failure_0439_0250,0.00h,23.83h,communication_failure,low,"(12.5,62.5)",0.0,0.0
E_communication_failure_0440_0246,0.00h,23.83h,communication_failure,low,"(-87.5,62.5)",0.0,0.0
E_communication_failure_0441_0163,0.00h,23.83h,communication_failure,low,"(-162.5,-37.5)",0.0,0.0
E_communication_failure_0442_0253,0.00h,23.83h,communication_failure,low,"(87.5,62.5)",0.0,0.0
E_communication_failure_0443_0134,0.00h,23.83h,communication_failure,low,"(112.5,-87.5)",0.0,0.0
E_communication_failure_0444_0355,0.00h,23.83h,communication_failure,low,"(137.5,187.5)",0.0,0.0
E_communication_failure_0445_0234,0.00h,23.83h,communication_failure,low,"(112.5,37.5)",0.0,0.0
E_communication_failure_0446_0161,0.00h,23.83h,communication_failure,low,"(-212.5,-37.5)",0.0,0.0
E_communication_failure_0447_0036,0.00h,23.83h,communication_failure,low,"(162.5,-212.5)",0.0,0.0
E_communication_failure_0448_0252,0.00h,23.83h,communication_failure,low,"(62.5,62.5)",0.0,0.0
E_communication_failure_0449_0097,0.00h,23.83h,communication_failure,low,"(187.5,-137.5)",0.0,0.0
E_communication_failure_0450_0098,0.00h,23.83h,communication_failure,low,"(212.5,-137.5)",0.0,0.0
E_communication_failure_0451_0042,0.00h,23.83h,communication_failure,low,"(-187.5,-187.5)",0.0,0.0
E_communication_failure_0452_0077,0.00h,23.83h,communication_failure,low,"(187.5,-162.5)",0.0,0.0
E_communication_failure_0453_0326,0.00h,23.83h,communication_failure,low,"(-87.5,162.5)",0.0,0.0
E_communication_failure_0454_0160,0.00h,23.83h,communication_failure,low,"(-237.5,-37.5)",0.0,0.0
E_communication_failure_0455_0385,0.00h,23.83h,communication_failure,low,"(-112.5,237.5)",0.0,0.0
E_communication_failure_0456_0133,0.00h,23.83h,communication_failure,low,"(87.5,-87.5)",0.0,0.0
E_communication_failure_0457_0345,0.00h,23.83h,communication_failure,low,"(-112.5,187.5)",0.0,0.0
E_communication_failure_0458_0001,0.00h,23.83h,communication_failure,low,"(-212.5,-237.5)",0.0,0.0
E_communication_failure_0459_0317,0.00h,23.83h,communication_failure,low,"(187.5,137.5)",0.0,0.0
E_communication_failure_0460_0226,0.00h,23.83h,communication_failure,low,"(-87.5,37.5)",0.0,0.0
E_communication_failure_0461_0290,0.00h,23.83h,communication_failure,low,"(12.5,112.5)",0.0,0.0
E_communication_failure_0462_0185,0.00h,23.83h,communication_failure,low,"(-112.5,-12.5)",0.0,0.0
E_communication_failure_0463_0371,0.00h,23.83h,communication_failure,low,"(37.5,212.5)",0.0,0.0
E_communication_failure_0464_0013,0.00h,23.83h,communication_failure,low,"(87.5,-237.5)",0.0,0.0
E_communication_failure_0465_0281,0.00h,23.83h,communication_failure,low,"(-212.5,112.5)",0.0,0.0
E_communication_failure_0466_0218,0.00h,23.83h,communication_failure,low,"(212.5,12.5)",0.0,0.0
E_communication_failure_0467_0002,0.00h,23.83h,communication_failure,low,"(-187.5,-237.5)",0.0,0.0
E_communication_failure_0468_0161,0.00h,23.83h,communication_failure,low,"(-212.5,-37.5)",0.0,0.0
E_communication_failure_0469_0310,0.00h,23.83h,communication_failure,low,"(12.5,137.5)",0.0,0.0
E_communication_failure_0470_0168,0.00h,23.83h,communication_failure,low,"(-37.5,-37.5)",0.0,0.0
E_communication_failure_0471_0149,0.00h,23.83h,communication_failure,low,"(-12.5,-62.5)",0.0,0.0
E_communication_failure_0472_0189,0.00h,23.83h,communication_failure,low,"(-12.5,-12.5)",0.0,0.0
E_communication_failure_0473_0291,0.00h,23.83h,communication_failure,low,"(37.5,112.5)",0.0,0.0
E_communication_failure_0474_0152,0.00h,23.83h,communication_failure,low,"(62.5,-62.5)",0.0,0.0
E_communication_failure_0475_0076,0.00h,23.83h,communication_failure,low,"(162.5,-162.5)",0.0,0.0
E_communication_failure_0476_0090,0.00h,23.83h,communication_failure,low,"(12.5,-137.5)",0.0,0.0
E_communication_failure_0477_0185,0.00h,23.83h,communication_failure,low,"(-112.5,-12.5)",0.0,0.0
E_communication_failure_0478_0144,0.00h,23.83h,communication_failure,low,"(-137.5,-62.5)",0.0,0.0
E_communication_failure_0479_0239,0.00h,23.83h,communication_failure,low,"(237.5,37.5)",0.0,0.0
E_communication_failure_0480_0392,0.00h,23.83h,communication_failure,low,"(62.5,237.5)",0.0,0.0
E_communication_failure_0481_0070,0.00h,23.83h,communication_failure,low,"(12.5,-162.5)",0.0,0.0
E_communication_failure_0482_0023,0.00h,23.83h,communication_failure,low,"(-162.5,-212.5)",0.0,0.0
E_communication_failure_0483_0089,0.00h,23.83h,communication_failure,low,"(-12.5,-137.5)",0.0,0.0
E_communication_failure_0484_0379,0.00h,23.83h,communication_failure,low,"(237.5,212.5)",0.0,0.0
E_communication_failure_0485_0317,0.00h,23.83h,communication_failure,low,"(187.5,137.5)",0.0,0.0
E_communication_failure_0486_0066,0.00h,23.83h,communication_failure,low,"(-87.5,-162.5)",0.0,0.0
E_communication_failure_0487_0331,0.00h,23.83h,communication_failure,low,"(37.5,162.5)",0.0,0.0
E_communication_failure_0488_0024,0.00h,23.83h,communication_failure,low,"(-137.5,-212.5)",0.0,0.0
E_communication_failure_0489_0358,0.00h,23.83h,communication_failure,low,"(212.5,187.5)",0.0,0.0
E_communication_failure_0490_0379,0.00h,23.83h,communication_failure,low,"(237.5,212.5)",0.0,0.0
E_communication_failure_0491_0091,0.00h,23.83h,communication_failure,low,"(37.5,-137.5)",0.0,0.0
E_communication_failure_0492_0053,0.00h,23.83h,communication_failure,low,"(87.5,-187.5)",0.0,0.0
E_communication_failure_0493_0207,0.00h,23.83h,communication_failure,low,"(-62.5,12.5)",0.0,0.0
E_communication_failure_0494_0237,0.00h,23.83h,communication_failure,low,"(187.5,37.5)",0.0,0.0
E_communication_failure_0495_0276,0.00h,23.83h,communication_failure,low,"(162.5,87.5)",0.0,0.0
E_communication_failure_0496_0010,0.00h,23.83h,communication_failure,low,"(12.5,-237.5)",0.0,0.0
E_communication_failure_0497_0068,0.00h,23.83h,communication_failure,low,"(-37.5,-162.5)",0.0,0.0
E_communication_failure_0498_0185,0.00h,23.83h,communication_failure,low,"(-112.5,-12.5)",0.0,0.0
E_communication_failure_0499_0080,0.00h,23.83h,communication_failure,low,"(-237.5,-137.5)",0.0,0.0
E_communication_failure_0500_0322,0.00h,23.83h,communication_failure,low,"(-187.5,162.5)",0.0,0.0
E_communication_failure_0501_0329,0.00h,23.83h,communication_failure,low,"(-12.5,162.5)",0.0,0.0
E_communication_failure_0502_0363,0.00h,23.83h,communication_failure,low,"(-162.5,212.5)",0.0,0.0
E_communication_failure_0503_0254,0.00h,23.83h,communication_failure,low,"(112.5,62.5)",0.0,0.0
E_communication_failure_0504_0341,0.00h,23.83h,communication_failure,low,"(-212.5,187.5)",0.0,0.0
E_communication_failure_0505_0071,0.00h,23.83h,communication_failure,low,"(37.5,-162.5)",0.0,0.0
E_communication_failure_0506_0261,0.00h,23.83h,communication_failure,low,"(-212.5,87.5)",0.0,0.0
E_communication_failure_0507_0289,0.00h,23.83h,communication_failure,low,"(-12.5,112.5)",0.0,0.0
E_communication_failure_0508_0129,0.00h,23.83h,communication_failure,low,"(-12.5,-87.5)",0.0,0.0
E_communication_failure_0509_0100,0.00h,23.83h,communication_failure,low,"(-237.5,-112.5)",0.0,0.0
E_communication_failure_0510_0084,0.00h,23.83h,communication_failure,low,"(-137.5,-137.5)",0.0,0.0
E_communication_failure_0511_0164,0.00h,23.83h,communication_failure,low,"(-137.5,-37.5)",0.0,0.0
E_communication_failure_0512_0354,0.00h,23.83h,communication_failure,low,"(112.5,187.5)",0.0,0.0
E_communication_failure_0513_0252,0.00h,23.83h,communication_failure,low,"(62.5,62.5)",0.0,0.0
E_communication_failure_0514_0091,0.00h,23.83h,communication_failure,low,"(37.5,-137.5)",0.0,0.0
E_communication_failure_0515_0309,0.00h,23.83h,communication_failure,low,"(-12.5,137.5)",0.0,0.0
E_communication_failure_0516_0210,0.00h,23.83h,communication_failure,low,"(12.5,12.5)",0.0,0.0
E_communication_failure_0517_0362,0.00h,23.83h,communication_failure,low,"(-187.5,212.5)",0.0,0.0
E_communication_failure_0518_0231,0.00h,23.83h,communication_failure,low,"(37.5,37.5)",0.0,0.0
E_communication_failure_0519_0126,0.00h,23.83h,communication_failure,low,"(-87.5,-87.5)",0.0,0.0
E_communication_failure_0520_0203,0.00h,23.83h,communication_failure,low,"(-162.5,12.5)",0.0,0.0
E_communication_failure_0521_0053,0.00h,23.83h,communication_failure,low,"(87.5,-187.5)",0.0,0.0
E_communication_failure_0522_0150,0.00h,23.83h,communication_failure,low,"(12.5,-62.5)",0.0,0.0
E_communication_failure_0523_0154,0.00h,23.83h,communication_failure,low,"(112.5,-62.5)",0.0,0.0
E_communication_failure_0524_0118,0.00h,23.83h,communication_failure,low,"(212.5,-112.5)",0.0,0.0
E_communication_failure_0525_0203,0.00h,23.83h,communication_failure,low,"(-162.5,12.5)",0.0,0.0
E_communication_failure_0526_0259,0.00h,23.83h,communication_failure,low,"(237.5,62.5)",0.0,0.0
E_communication_failure_0527_0041,0.00h,23.83h,communication_failure,low,"(-212.5,-187.5)",0.0,0.0
E_communication_failure_0528_0379,0.00h,23.83h,communication_failure,low,"(237.5,212.5)",0.0,0.0
E_communication_failure_0529_0377,0.00h,23.83h,communication_failure,low,"(187.5,212.5)",0.0,0.0
E_communication_failure_0530_0218,0.00h,23.83h,communication_failure,low,"(212.5,12.5)",0.0,0.0
E_communication_failure_0531_0271,0.00h,23.83h,communication_failure,low,"(37.5,87.5)",0.0,0.0
E_communication_failure_0532_0329,0.00h,23.83h,communication_failure,low,"(-12.5,162.5)",0.0,0.0
E_communication_failure_0533_0142,0.00h,23.83h,communication_failure,low,"(-187.5,-62.5)",0.0,0.0
E_communication_failure_0534_0343,0.00h,23.83h,communication_failure,low,"(-162.5,187.5)",0.0,0.0
E_communication_failure_0535_0260,0.00h,23.83h,communication_failure,low,"(-237.5,87.5)",0.0,0.0
E_communication_failure_0536_0062,0.00h,23.83h,communication_failure,low,"(-187.5,-162.5)",0.0,0.0
E_communication_failure_0537_0101,0.00h,23.83h,communication_failure,low,"(-212.5,-112.5)",0.0,0.0
E_communication_failure_0538_0290,0.00h,23.83h,communication_failure,low,"(12.5,112.5)",0.0,0.0
E_communication_failure_0539_0228,0.00h,23.83h,communication_failure,low,"(-37.5,37.5)",0.0,0.0
E_communication_failure_0540_0195,0.00h,23.83h,communication_failure,low,"(137.5,-12.5)",0.0,0.0
E_communication_failure_0541_0004,0.00h,23.83h,communication_failure,low,"(-137.5,-237.5)",0.0,0.0
E_communication_failure_0542_0169,0.00h,23.83h,communication_failure,low,"(-12.5,-37.5)",0.0,0.0
E_communication_failure_0543_0317,0.00h,23.83h,communication_failure,low,"(187.5,137.5)",0.0,0.0
E_communication_failure_0544_0209,0.00h,23.83h,communication_failure,low,"(-12.5,12.5)",0.0,0.0
E_communication_failure_0545_0080,0.00h,23.83h,communication_failure,low,"(-237.5,-137.5)",0.0,0.0
E_communication_failure_0546_0106,0.00h,23.83h,communication_failure,low,"(-87.5,-112.5)",0.0,0.0
E_communication_failure_0547_0361,0.00h,23.83h,communication_failure,low,"(-212.5,212.5)",0.0,0.0
E_communication_failure_0548_0159,0.00h,23.83h,communication_failure,low,"(237.5,-62.5)",0.0,0.0
E_communication_failure_0549_0211,0.00h,23.83h,communication_failure,low,"(37.5,12.5)",0.0,0.0
E_communication_failure_0550_0036,0.00h,23.83h,communication_failure,low,"(162.5,-212.5)",0.0,0.0
E_communication_failure_0551_0390,0.00h,23.83h,communication_failure,low,"(12.5,237.5)",0.0,0.0
E_communication_failure_0552_0347,0.00h,23.83h,communication_failure,low,"(-62.5,187.5)",0.0,0.0
E_communication_failure_0553_0278,0.00h,23.83h,communication_failure,low,"(212.5,87.5)",0.0,0.0
E_communication_failure_0554_0295,0.00h,23.83h,communication_failure,low,"(137.5,112.5)",0.0,0.0
E_communication_failure_0555_0286,0.00h,23.83h,communication_failure,low,"(-87.5,112.5)",0.0,0.0
E_communication_failure_0556_0151,0.00h,23.83h,communication_failure,low,"(37.5,-62.5)",0.0,0.0
E_communication_failure_0557_0210,0.00h,23.83h,communication_failure,low,"(12.5,12.5)",0.0,0.0
E_communication_failure_0558_0049,0.00h,23.83h,communication_failure,low,"(-12.5,-187.5)",0.0,0.0
E_communication_failure_0559_0000,0.00h,23.83h,communication_failure,low,"(-237.5,-237.5)",0.0,0.0
E_communication_failure_0560_0174,0.00h,23.83h,communication_failure,low,"(112.5,-37.5)",0.0,0.0
E_communication_failure_0561_0075,0.00h,23.83h,communication_failure,low,"(137.5,-162.5)",0.0,0.0
E_communication_failure_0562_0140,0.00h,23.83h,communication_failure,low,"(-237.5,-62.5)",0.0,0.0
E_communication_failure_0563_0126,0.00h,23.83h,communication_failure,low,"(-87.5,-87.5)",0.0,0.0
E_communication_failure_0564_0361,0.00h,23.83h,communication_failure,low,"(-212.5,212.5)",0.0,0.0
E_communication_failure_0565_0113,0.00h,23.83h,communication_failure,low,"(87.5,-112.5)",0.0,0.0
E_communication_failure_0566_0195,0.00h,23.83h,communication_failure,low,"(137.5,-12.5)",0.0,0.0
E_communication_failure_0567_0131,0.00h,23.83h,communication_failure,low,"(37.5,-87.5)",0.0,0.0
E_communication_failure_0568_0363,0.00h,23.83h,communication_failure,low,"(-162.5,212.5)",0.0,0.0
E_communication_failure_0569_0144,0.00h,23.83h,communication_failure,low,"(-137.5,-62.5)",0.0,0.0
E_communication_failure_0570_0354,0.00h,23.83h,communication_failure,low,"(112.5,187.5)",0.0,0.0
E_communication_failure_0571_0008,0.00h,23.83h,communication_failure,low,"(-37.5,-237.5)",0.0,0.0
E_communication_failure_0572_0117,0.00h,23.83h,communication_failure,low,"(187.5,-112.5)",0.0,0.0
E_communication_failure_0573_0129,0.00h,23.83h,communication_failure,low,"(-12.5,-87.5)",0.0,0.0
E_communication_failure_0574_0391,0.00h,23.83h,communication_failure,low,"(37.5,237.5)",0.0,0.0
E_communication_failure_0575_0226,0.00h,23.83h,communication_failure,low,"(-87.5,37.5)",0.0,0.0
E_communication_failure_0576_0082,0.00h,23.83h,communication_failure,low,"(-187.5,-137.5)",0.0,0.0
E_communication_failure_0577_0324,0.00h,23.83h,communication_failure,low,"(-137.5,162.5)",0.0,0.0
E_communication_failure_0578_0378,0.00h,23.83h,communication_failure,low,"(212.5,212.5)",0.0,0.0
E_communication_failure_0579_0296,0.00h,23.83h,communication_failure,low,"(162.5,112.5)",0.0,0.0
E_communication_failure_0580_0384,0.00h,23.83h,communication_failure,low,"(-137.5,237.5)",0.0,0.0
E_communication_failure_0581_0011,0.00h,23.83h,communication_failure,low,"(37.5,-237.5)",0.0,0.0
E_communication_failure_0582_0213,0.00h,23.83h,communication_failure,low,"(87.5,12.5)",0.0,0.0
E_communication_failure_0583_0218,0.00h,23.83h,communication_failure,low,"(212.5,12.5)",0.0,0.0
E_communication_failure_0584_0287,0.00h,23.83h,communication_failure,low,"(-62.5,112.5)",0.0,0.0
E_communication_failure_0585_0134,0.00h,23.83h,communication_failure,low,"(112.5,-87.5)",0.0,0.0
E_communication_failure_0586_0162,0.00h,23.83h,communication_failure,low,"(-187.5,-37.5)",0.0,0.0
E_communication_failure_0587_0255,0.00h,23.83h,communication_failure,low,"(137.5,62.5)",0.0,0.0
E_communication_failure_0588_0160,0.00h,23.83h,communication_failure,low,"(-237.5,-37.5)",0.0,0.0
E_communication_failure_0589_0355,0.00h,23.83h,communication_failure,low,"(137.5,187.5)",0.0,0.0
E_communication_failure_0590_0225,0.00h,23.83h,communication_failure,low,"(-112.5,37.5)",0.0,0.0
E_communication_failure_0591_0090,0.00h,23.83h,communication_failure,low,"(12.5,-137.5)",0.0,0.0
E_communication_failure_0592_0207,0.00h,23.83h,communication_failure,low,"(-62.5,12.5)",0.0,0.0
E_communication_failure_0593_0086,0.00h,23.83h,communication_failure,low,"(-87.5,-137.5)",0.0,0.0
E_communication_failure_0594_0224,0.00h,23.83h,communication_failure,low,"(-137.5,37.5)",0.0,0.0
E_communication_failure_0595_0298,0.00h,23.83h,communication_failure,low,"(212.5,112.5)",0.0,0.0
E_communication_failure_0596_0268,0.00h,23.83h,communication_failure,low,"(-37.5,87.5)",0.0,0.0
E_communication_failure_0597_0234,0.00h,23.83h,communication_failure,low,"(112.5,37.5)",0.0,0.0
E_communication_failure_0598_0179,0.00h,23.83h,communication_failure,low,"(237.5,-37.5)",0.0,0.0
E_communication_failure_0599_0208,0.00h,23.83h,communication_failure,low,"(-37.5,12.5)",0.0,0.0
E_communication_failure_0600_0210,0.00h,23.83h,communication_failure,low,"(12.5,12.5)",0.0,0.0
E_communication_failure_0601_0214,0.00h,23.83h,communication_failure,low,"(112.5,12.5)",0.0,0.0
E_communication_failure_0602_0065,0.00h,23.83h,communication_failure,low,"(-112.5,-162.5)",0.0,0.0
E_communication_failure_0603_0094,0.00h,23.83h,communication_failure,low,"(112.5,-137.5)",0.0,0.0
E_communication_failure_0604_0042,0.00h,23.83h,communication_failure,low,"(-187.5,-187.5)",0.0,0.0
E_communication_failure_0605_0077,0.00h,23.83h,communication_failure,low,"(187.5,-162.5)",0.0,0.0
E_communication_failure_0606_0188,0.00h,23.83h,communication_failure,low,"(-37.5,-12.5)",0.0,0.0
E_communication_failure_0607_0277,0.00h,23.83h,communication_failure,low,"(187.5,87.5)",0.0,0.0
E_communication_failure_0608_0393,0.00h,23.83h,communication_failure,low,"(87.5,237.5)",0.0,0.0
E_communication_failure_0609_0169,0.00h,23.83h,communication_failure,low,"(-12.5,-37.5)",0.0,0.0
E_communication_failure_0610_0197,0.00h,23.83h,communication_failure,low,"(187.5,-12.5)",0.0,0.0
E_communication_failure_0611_0101,0.00h,23.83h,communication_failure,low,"(-212.5,-112.5)",0.0,0.0
E_communication_failure_0612_0093,0.00h,23.83h,communication_failure,low,"(87.5,-137.5)",0.0,0.0
E_communication_failure_0613_0391,0.00h,23.83h,communication_failure,low,"(37.5,237.5)",0.0,0.0
E_communication_failure_0614_0252,0.00h,23.83h,communication_failure,low,"(62.5,62.5)",0.0,0.0
E_communication_failure_0615_0332,0.00h,23.83h,communication_failure,low,"(62.5,162.5)",0.0,0.0
E_communication_failure_0616_0037,0.00h,23.83h,communication_failure,low,"(187.5,-212.5)",0.0,0.0
E_communication_failure_0617_0241,0.00h,23.83h,communication_failure,low,"(-212.5,62.5)",0.0,0.0
E_communication_failure_0618_0023,0.00h,23.83h,communication_failure,low,"(-162.5,-212.5)",0.0,0.0
E_communication_failure_0619_0085,0.00h,23.83h,communication_failure,low,"(-112.5,-137.5)",0.0,0.0
E_communication_failure_0620_0100,0.00h,23.83h,communication_failure,low,"(-237.5,-112.5)",0.0,0.0
E_communication_failure_0621_0266,0.00h,23.83h,communication_failure,low,"(-87.5,87.5)",0.0,0.0
E_communication_failure_0622_0124,0.00h,23.83h,communication_failure,low,"(-137.5,-87.5)",0.0,0.0
E_communication_failure_0623_0320,0.00h,23.83h,communication_failure,low,"(-237.5,162.5)",0.0,0.0
E_communication_failure_0624_0377,0.00h,23.83h,communication_failure,low,"(187.5,212.5)",0.0,0.0
