index,p0,p1,p2,prediction
0,0.9879624270110484,0.005915827228695014,0.006121745760256779,NORMAL
1,0.9879624270110484,0.005915827228695014,0.006121745760256779,NORMAL
2,0.9879624270110484,0.005915827228695014,0.006121745760256779,NORMAL
3,0.9879624270110484,0.005915827228695014,0.006121745760256779,NORMAL
4,0.9879624270110484,0.005915827228695014,0.006121745760256779,NORMAL
5,0.9879624270110484,0.005915827228695014,0.006121745760256779,NORMAL
6,0.9879624270110484,0.005915827228695014,0.006121745760256779,NORMAL
7,0.9879624270110484,0.005915827228695014,0.006121745760256779,NORMAL
8,0.9879624270110484,0.005915827228695014,0.006121745760256779,NORMAL
9,0.9879624270110484,0.005915827228695014,0.006121745760256779,NORMAL
10,0.9879624270110484,0.005915827228695014,0.006121745760256779,NORMAL
11,0.9879624270110484,0.005915827228695014,0.006121745760256779,NORMAL
12,0.9879624270110484,0.005915827228695014,0.006121745760256779,NORMAL
13,0.9879624270110484,0.005915827228695014,0.006121745760256779,NORMAL
14,0.9879624270110484,0.005915827228695014,0.006121745760256779,NORMAL
15,0.9879624270110484,0.005915827228695014,0.006121745760256779,NORMAL
16,0.9879624270110484,0.005915827228695014,0.006121745760256779,NORMAL
17,0.9879624270110484,0.005915827228695014,0.006121745760256779,NORMAL
18,0.9861457749806429,0.0072039971467352795,0.00665022787262171,NORMAL
19,0.9861457749806429,0.0072039971467352795,0.00665022787262171,NORMAL
20,0.9861457749806429,0.0072039971467352795,0.00665022787262171,NORMAL
21,0.9861457749806429,0.0072039971467352795,0.00665022787262171,NORMAL
22,0.9861457749806429,0.0072039971467352795,0.00665022787262171,NORMAL
23,0.9861457749806429,0.0072039971467352795,0.00665022787262171,NORMAL
24,0.9861457749806429,0.0072039971467352795,0.00665022787262171,NORMAL
25,0.9861457749806429,0.0072039971467352795,0.00665022787262171,NORMAL
26,0.9861457749806429,0.0072039971467352795,0.00665022787262171,NORMAL
27,0.9861457749806429,0.0072039971467352795,0.00665022787262171,NORMAL
28,0.9861457749806429,0.0072039971467352795,0.00665022787262171,NORMAL
29,0.9861457749806429,0.0072039971467352795,0.00665022787262171,NORMAL
30,0.9861457749806429,0.0072039971467352795,0.00665022787262171,NORMAL
31,0.986090213230182,0.007259405641698218,0.0066503811281199005,NORMAL
32,0.9861457749806429,0.0072039971467352795,0.00665022787262171,NORMAL
33,0.9861457749806429,0.0072039971467352795,0.00665022787262171,NORMAL
34,0.9861457749806429,0.0072039971467352795,0.00665022787262171,NORMAL
35,0.9861457749806429,0.0072039971467352795,0.00665022787262171,NORMAL
36,0.9859791409469767,0.008500740869144683,0.005520118183878616,NORMAL
37,0.9859791409469767,0.008500740869144683,0.005520118183878616,NORMAL
38,0.9859791409469767,0.008500740869144683,0.005520118183878616,NORMAL
39,0.9859791409469767,0.008500740869144683,0.005520118183878616,NORMAL
40,0.9859791409469767,0.008500740869144683,0.005520118183878616,NORMAL
41,0.9859791409469767,0.008500740869144683,0.005520118183878616,NORMAL
42,0.9859791409469767,0.008500740869144683,0.005520118183878616,NORMAL
43,0.9859791409469767,0.008500740869144683,0.005520118183878616,NORMAL
44,0.9859791409469767,0.008500740869144683,0.005520118183878616,NORMAL
45,0.9859791409469767,0.008500740869144683,0.005520118183878616,NORMAL
46,0.9859791409469767,0.008500740869144683,0.005520118183878616,NORMAL
47,0.9859791409469767,0.008500740869144683,0.005520118183878616,NORMAL
48,0.9859791409469767,0.008500740869144683,0.005520118183878616,NORMAL
49,0.9859791409469767,0.008500740869144683,0.005520118183878616,NORMAL
50,0.9859791409469767,0.008500740869144683,0.005520118183878616,NORMAL
51,0.9859791409469767,0.008500740869144683,0.005520118183878616,NORMAL
52,0.9859791409469767,0.008500740869144683,0.005520118183878616,NORMAL
53,0.9859791409469767,0.008500740869144683,0.005520118183878616,NORMAL
54,0.9859791409469767,0.008500740869144683,0.005520118183878616,NORMAL
55,0.9859791409469767,0.008500740869144683,0.005520118183878616,NORMAL
56,0.9859791409469767,0.008500740869144683,0.005520118183878616,NORMAL
57,0.9859791409469767,0.008500740869144683,0.005520118183878616,NORMAL
58,0.9859791409469767,0.008500740869144683,0.005520118183878616,NORMAL
59,0.9859791409469767,0.008500740869144683,0.005520118183878616,NORMAL
60,0.9859791409469767,0.008500740869144683,0.005520118183878616,NORMAL
61,0.9859791409469767,0.008500740869144683,0.005520118183878616,NORMAL
62,0.9859791409469767,0.008500740869144683,0.005520118183878616,NORMAL
63,0.9859791409469767,0.008500740869144683,0.005520118183878616,NORMAL
64,0.9859791409469767,0.008500740869144683,0.005520118183878616,NORMAL
65,0.9859791409469767,0.008500740869144683,0.005520118183878616,NORMAL
66,0.9859791409469767,0.008500740869144683,0.005520118183878616,NORMAL
67,0.9859791409469767,0.008500740869144683,0.005520118183878616,NORMAL
68,0.9859791409469767,0.008500740869144683,0.005520118183878616,NORMAL
69,0.9859791409469767,0.008500740869144683,0.005520118183878616,NORMAL
70,0.9859791409469767,0.008500740869144683,0.005520118183878616,NORMAL
71,0.9859791409469767,0.008500740869144683,0.005520118183878616,NORMAL
72,0.9861457749806429,0.0072039971467352795,0.00665022787262171,NORMAL
73,0.9861457749806429,0.0072039971467352795,0.00665022787262171,NORMAL
74,0.9861457749806429,0.0072039971467352795,0.00665022787262171,NORMAL
75,0.9861457749806429,0.0072039971467352795,0.00665022787262171,NORMAL
76,0.9861457749806429,0.0072039971467352795,0.00665022787262171,NORMAL
77,0.9861457749806429,0.0072039971467352795,0.00665022787262171,NORMAL
78,0.9861457749806429,0.0072039971467352795,0.00665022787262171,NORMAL
79,0.9861457749806429,0.0072039971467352795,0.00665022787262171,NORMAL
80,0.9861457749806429,0.0072039971467352795,0.00665022787262171,NORMAL
81,0.9861457749806429,0.0072039971467352795,0.00665022787262171,NORMAL
82,0.9861457749806429,0.0072039971467352795,0.00665022787262171,NORMAL
83,0.9861457749806429,0.0072039971467352795,0.00665022787262171,NORMAL
84,0.9861457749806429,0.0072039971467352795,0.00665022787262171,NORMAL
85,0.9861457749806429,0.0072039971467352795,0.00665022787262171,NORMAL
86,0.9861457749806429,0.0072039971467352795,0.00665022787262171,NORMAL
87,0.9861457749806429,0.0072039971467352795,0.00665022787262171,NORMAL
88,0.9861457749806429,0.0072039971467352795,0.00665022787262171,NORMAL
89,0.9861457749806429,0.0072039971467352795,0.00665022787262171,NORMAL
90,0.9859791409469767,0.008500740869144683,0.005520118183878616,NORMAL
91,0.9859791409469767,0.008500740869144683,0.005520118183878616,NORMAL
92,0.9859791409469767,0.008500740869144683,0.005520118183878616,NORMAL
93,0.9859791409469767,0.008500740869144683,0.005520118183878616,NORMAL
94,0.9859791409469767,0.008500740869144683,0.005520118183878616,NORMAL
95,0.9859791409469767,0.008500740869144683,0.005520118183878616,NORMAL
96,0.9859791409469767,0.008500740869144683,0.005520118183878616,NORMAL
97,0.9859791409469767,0.008500740869144683,0.005520118183878616,NORMAL
98,0.9859791409469767,0.008500740869144683,0.005520118183878616,NORMAL
99,0.9859791409469767,0.008500740869144683,0.005520118183878616,NORMAL
100,0.9859791409469767,0.008500740869144683,0.005520118183878616,NORMAL
101,0.9859791409469767,0.008500740869144683,0.005520118183878616,NORMAL
102,0.9859791409469767,0.008500740869144683,0.005520118183878616,NORMAL
103,0.9859791409469767,0.008500740869144683,0.005520118183878616,NORMAL
104,0.9859791409469767,0.008500740869144683,0.005520118183878616,NORMAL
105,0.9859791409469767,0.008500740869144683,0.005520118183878616,NORMAL
106,0.9859791409469767,0.008500740869144683,0.005520118183878616,NORMAL
107,0.9859791409469767,0.008500740869144683,0.005520118183878616,NORMAL
108,0.9879624270110484,0.005915827228695014,0.006121745760256779,NORMAL
109,0.9879624270110484,0.005915827228695014,0.006121745760256779,NORMAL
110,0.9879624270110484,0.005915827228695014,0.006121745760256779,NORMAL
111,0.9879624270110484,0.005915827228695014,0.006121745760256779,NORMAL
112,0.9879624270110484,0.005915827228695014,0.006121745760256779,NORMAL
113,0.9879624270110484,0.005915827228695014,0.006121745760256779,NORMAL
114,0.9879624270110484,0.005915827228695014,0.006121745760256779,NORMAL
115,0.9879624270110484,0.005915827228695014,0.006121745760256779,NORMAL
116,0.9879624270110484,0.005915827228695014,0.006121745760256779,NORMAL
117,0.9879624270110484,0.005915827228695014,0.006121745760256779,NORMAL
118,0.9879624270110484,0.005915827228695014,0.006121745760256779,NORMAL
119,0.9879624270110484,0.005915827228695014,0.006121745760256779,NORMAL
120,0.9879624270110484,0.005915827228695014,0.006121745760256779,NORMAL
121,0.9879624270110484,0.005915827228695014,0.006121745760256779,NORMAL
122,0.9879624270110484,0.005915827228695014,0.006121745760256779,NORMAL
123,0.9879624270110484,0.005915827228695014,0.006121745760256779,NORMAL
124,0.9879624270110484,0.005915827228695014,0.006121745760256779,NORMAL
125,0.9879624270110484,0.005915827228695014,0.006121745760256779,NORMAL
126,0.9879624270110484,0.005915827228695014,0.006121745760256779,NORMAL
127,0.9879624270110484,0.005915827228695014,0.006121745760256779,NORMAL
128,0.9879624270110484,0.005915827228695014,0.006121745760256779,NORMAL
129,0.9879624270110484,0.005915827228695014,0.006121745760256779,NORMAL
130,0.9879624270110484,0.005915827228695014,0.006121745760256779,NORMAL
131,0.9879624270110484,0.005915827228695014,0.006121745760256779,NORMAL
132,0.9879624270110484,0.005915827228695014,0.006121745760256779,NORMAL
133,0.9879624270110484,0.005915827228695014,0.006121745760256779,NORMAL
134,0.9879624270110484,0.005915827228695014,0.006121745760256779,NORMAL
135,0.9879624270110484,0.005915827228695014,0.006121745760256779,NORMAL
136,0.9879624270110484,0.005915827228695014,0.006121745760256779,NORMAL
137,0.9879624270110484,0.005915827228695014,0.006121745760256779,NORMAL
138,0.9879624270110484,0.005915827228695014,0.006121745760256779,NORMAL
139,0.9879624270110484,0.005915827228695014,0.006121745760256779,NORMAL
140,0.9879624270110484,0.005915827228695014,0.006121745760256779,NORMAL
141,0.9879624270110484,0.005915827228695014,0.006121745760256779,NORMAL
142,0.9879624270110484,0.005915827228695014,0.006121745760256779,NORMAL
143,0.9879624270110484,0.005915827228695014,0.006121745760256779,NORMAL
144,0.9879624270110484,0.005915827228695014,0.006121745760256779,NORMAL
145,0.9879624270110484,0.005915827228695014,0.006121745760256779,NORMAL
146,0.9879624270110484,0.005915827228695014,0.006121745760256779,NORMAL
147,0.9879624270110484,0.005915827228695014,0.006121745760256779,NORMAL
148,0.9879624270110484,0.005915827228695014,0.006121745760256779,NORMAL
149,0.9879624270110484,0.005915827228695014,0.006121745760256779,NORMAL
150,0.9879624270110484,0.005915827228695014,0.006121745760256779,NORMAL
151,0.9879624270110484,0.005915827228695014,0.006121745760256779,NORMAL
152,0.9879624270110484,0.005915827228695014,0.006121745760256779,NORMAL
153,0.9879624270110484,0.005915827228695014,0.006121745760256779,NORMAL
154,0.9879624270110484,0.005915827228695014,0.006121745760256779,NORMAL
155,0.9879624270110484,0.005915827228695014,0.006121745760256779,NORMAL
156,0.9879624270110484,0.005915827228695014,0.006121745760256779,NORMAL
157,0.9879624270110484,0.005915827228695014,0.006121745760256779,NORMAL
158,0.9879624270110484,0.005915827228695014,0.006121745760256779,NORMAL
159,0.9879624270110484,0.005915827228695014,0.006121745760256779,NORMAL
160,0.9879624270110484,0.005915827228695014,0.006121745760256779,NORMAL
161,0.9879624270110484,0.005915827228695014,0.006121745760256779,NORMAL
162,0.9879624270110484,0.005915827228695014,0.006121745760256779,NORMAL
163,0.9879624270110484,0.005915827228695014,0.006121745760256779,NORMAL
164,0.9879624270110484,0.005915827228695014,0.006121745760256779,NORMAL
165,0.9879624270110484,0.005915827228695014,0.006121745760256779,NORMAL
166,0.9879624270110484,0.005915827228695014,0.006121745760256779,NORMAL
167,0.9879624270110484,0.005915827228695014,0.006121745760256779,NORMAL
168,0.9879624270110484,0.005915827228695014,0.006121745760256779,NORMAL
169,0.9879624270110484,0.005915827228695014,0.006121745760256779,NORMAL
170,0.9847692810814364,0.009108317197242902,0.0061224017213209175,NORMAL
171,0.9879624270110484,0.005915827228695014,0.006121745760256779,NORMAL
172,0.9879624270110484,0.005915827228695014,0.006121745760256779,NORMAL
173,0.9879624270110484,0.005915827228695014,0.006121745760256779,NORMAL
174,0.9879624270110484,0.005915827228695014,0.006121745760256779,NORMAL
175,0.9879624270110484,0.005915827228695014,0.006121745760256779,NORMAL
176,0.9879624270110484,0.005915827228695014,0.006121745760256779,NORMAL
177,0.9879624270110484,0.005915827228695014,0.006121745760256779,NORMAL
178,0.9879624270110484,0.005915827228695014,0.006121745760256779,NORMAL
179,0.9879624270110484,0.005915827228695014,0.006121745760256779,NORMAL
180,0.9879624270110484,0.005915827228695014,0.006121745760256779,NORMAL
181,0.9879624270110484,0.005915827228695014,0.006121745760256779,NORMAL
182,0.9879624270110484,0.005915827228695014,0.006121745760256779,NORMAL
183,0.9879624270110484,0.005915827228695014,0.006121745760256779,NORMAL
184,0.9879624270110484,0.005915827228695014,0.006121745760256779,NORMAL
185,0.9879624270110484,0.005915827228695014,0.006121745760256779,NORMAL
186,0.9879624270110484,0.005915827228695014,0.006121745760256779,NORMAL
187,0.9879624270110484,0.005915827228695014,0.006121745760256779,NORMAL
188,0.9879624270110484,0.005915827228695014,0.006121745760256779,NORMAL
189,0.9879624270110484,0.005915827228695014,0.006121745760256779,NORMAL
190,0.9879624270110484,0.005915827228695014,0.006121745760256779,NORMAL
191,0.9879624270110484,0.005915827228695014,0.006121745760256779,NORMAL
192,0.9879624270110484,0.005915827228695014,0.006121745760256779,NORMAL
193,0.9879624270110484,0.005915827228695014,0.006121745760256779,NORMAL
194,0.9879624270110484,0.005915827228695014,0.006121745760256779,NORMAL
195,0.9879624270110484,0.005915827228695014,0.006121745760256779,NORMAL
196,0.9879624270110484,0.005915827228695014,0.006121745760256779,NORMAL
197,0.9879624270110484,0.005915827228695014,0.006121745760256779,NORMAL
198,0.9861457749806429,0.0072039971467352795,0.00665022787262171,NORMAL
199,0.9861457749806429,0.0072039971467352795,0.00665022787262171,NORMAL
200,0.9861457749806429,0.0072039971467352795,0.00665022787262171,NORMAL
201,0.9861457749806429,0.0072039971467352795,0.00665022787262171,NORMAL
202,0.9861457749806429,0.0072039971467352795,0.00665022787262171,NORMAL
203,0.9861457749806429,0.0072039971467352795,0.00665022787262171,NORMAL
204,0.9861457749806429,0.0072039971467352795,0.00665022787262171,NORMAL
205,0.9861457749806429,0.0072039971467352795,0.00665022787262171,NORMAL
206,0.9861457749806429,0.0072039971467352795,0.00665022787262171,NORMAL
207,0.9861457749806429,0.0072039971467352795,0.00665022787262171,NORMAL
208,0.9861457749806429,0.0072039971467352795,0.00665022787262171,NORMAL
209,0.9861457749806429,0.0072039971467352795,0.00665022787262171,NORMAL
210,0.9861457749806429,0.0072039971467352795,0.00665022787262171,NORMAL
211,0.9861457749806429,0.0072039971467352795,0.00665022787262171,NORMAL
212,0.9861457749806429,0.0072039971467352795,0.00665022787262171,NORMAL
213,0.9861457749806429,0.0072039971467352795,0.00665022787262171,NORMAL
214,0.9861457749806429,0.0072039971467352795,0.00665022787262171,NORMAL
215,0.9861457749806429,0.0072039971467352795,0.00665022787262171,NORMAL
216,0.9861457749806429,0.0072039971467352795,0.00665022787262171,NORMAL
217,0.9861457749806429,0.0072039971467352795,0.00665022787262171,NORMAL
218,0.9861457749806429,0.0072039971467352795,0.00665022787262171,NORMAL
219,0.9861457749806429,0.0072039971467352795,0.00665022787262171,NORMAL
220,0.9861457749806429,0.0072039971467352795,0.00665022787262171,NORMAL
221,0.9861457749806429,0.0072039971467352795,0.00665022787262171,NORMAL
222,0.9861457749806429,0.0072039971467352795,0.00665022787262171,NORMAL
223,0.9861457749806429,0.0072039971467352795,0.00665022787262171,NORMAL
224,0.9861457749806429,0.0072039971467352795,0.00665022787262171,NORMAL
225,0.9861457749806429,0.0072039971467352795,0.00665022787262171,NORMAL
226,0.9861457749806429,0.0072039971467352795,0.00665022787262171,NORMAL
227,0.9861457749806429,0.0072039971467352795,0.00665022787262171,NORMAL
228,0.9861457749806429,0.0072039971467352795,0.00665022787262171,NORMAL
229,0.9861457749806429,0.0072039971467352795,0.00665022787262171,NORMAL
230,0.9861457749806429,0.0072039971467352795,0.00665022787262171,NORMAL
231,0.9861457749806429,0.0072039971467352795,0.00665022787262171,NORMAL
232,0.9861457749806429,0.0072039971467352795,0.00665022787262171,NORMAL
233,0.9861457749806429,0.0072039971467352795,0.00665022787262171,NORMAL
234,0.9879624270110484,0.005915827228695014,0.006121745760256779,NORMAL
235,0.9879624270110484,0.005915827228695014,0.006121745760256779,NORMAL
236,0.9879624270110484,0.005915827228695014,0.006121745760256779,NORMAL
237,0.9879624270110484,0.005915827228695014,0.006121745760256779,NORMAL
238,0.9879624270110484,0.005915827228695014,0.006121745760256779,NORMAL
239,0.9879624270110484,0.005915827228695014,0.006121745760256779,NORMAL
240,0.9879624270110484,0.005915827228695014,0.006121745760256779,NORMAL
241,0.9879624270110484,0.005915827228695014,0.006121745760256779,NORMAL
242,0.9879624270110484,0.005915827228695014,0.006121745760256779,NORMAL
243,0.9879624270110484,0.005915827228695014,0.006121745760256779,NORMAL
244,0.9879624270110484,0.005915827228695014,0.006121745760256779,NORMAL
245,0.9879624270110484,0.005915827228695014,0.006121745760256779,NORMAL
246,0.9879624270110484,0.005915827228695014,0.006121745760256779,NORMAL
247,0.9879624270110484,0.005915827228695014,0.006121745760256779,NORMAL
248,0.9879624270110484,0.005915827228695014,0.006121745760256779,NORMAL
249,0.9879624270110484,0.005915827228695014,0.006121745760256779,NORMAL
250,0.9879624270110484,0.005915827228695014,0.006121745760256779,NORMAL
251,0.9879624270110484,0.005915827228695014,0.006121745760256779,NORMAL
252,0.9879624270110484,0.005915827228695014,0.006121745760256779,NORMAL
253,0.9879624270110484,0.005915827228695014,0.006121745760256779,NORMAL
254,0.9879624270110484,0.005915827228695014,0.006121745760256779,NORMAL
255,0.9879624270110484,0.005915827228695014,0.006121745760256779,NORMAL
256,0.9879624270110484,0.005915827228695014,0.006121745760256779,NORMAL
257,0.9879624270110484,0.005915827228695014,0.006121745760256779,NORMAL
258,0.9879624270110484,0.005915827228695014,0.006121745760256779,NORMAL
259,0.9879624270110484,0.005915827228695014,0.006121745760256779,NORMAL
260,0.9879624270110484,0.005915827228695014,0.006121745760256779,NORMAL
261,0.9879624270110484,0.005915827228695014,0.006121745760256779,NORMAL
262,0.9879624270110484,0.005915827228695014,0.006121745760256779,NORMAL
263,0.9879624270110484,0.005915827228695014,0.006121745760256779,NORMAL
264,0.9879624270110484,0.005915827228695014,0.006121745760256779,NORMAL
265,0.9879624270110484,0.005915827228695014,0.006121745760256779,NORMAL
266,0.9879624270110484,0.005915827228695014,0.006121745760256779,NORMAL
267,0.9879624270110484,0.005915827228695014,0.006121745760256779,NORMAL
268,0.9879624270110484,0.005915827228695014,0.006121745760256779,NORMAL
269,0.9879624270110484,0.005915827228695014,0.006121745760256779,NORMAL
270,0.9879624270110484,0.005915827228695014,0.006121745760256779,NORMAL
271,0.9879624270110484,0.005915827228695014,0.006121745760256779,NORMAL
272,0.9879624270110484,0.005915827228695014,0.006121745760256779,NORMAL
273,0.9879624270110484,0.005915827228695014,0.006121745760256779,NORMAL
274,0.9879624270110484,0.005915827228695014,0.006121745760256779,NORMAL
275,0.9879624270110484,0.005915827228695014,0.006121745760256779,NORMAL
276,0.9879624270110484,0.005915827228695014,0.006121745760256779,NORMAL
277,0.9879624270110484,0.005915827228695014,0.006121745760256779,NORMAL
278,0.9879624270110484,0.005915827228695014,0.006121745760256779,NORMAL
279,0.9879624270110484,0.005915827228695014,0.006121745760256779,NORMAL
280,0.9879624270110484,0.005915827228695014,0.006121745760256779,NORMAL
281,0.9879624270110484,0.005915827228695014,0.006121745760256779,NORMAL
282,0.9879624270110484,0.005915827228695014,0.006121745760256779,NORMAL
283,0.9879624270110484,0.005915827228695014,0.006121745760256779,NORMAL
284,0.9879624270110484,0.005915827228695014,0.006121745760256779,NORMAL
285,0.9879624270110484,0.005915827228695014,0.006121745760256779,NORMAL
286,0.9879624270110484,0.005915827228695014,0.006121745760256779,NORMAL
287,0.9879624270110484,0.005915827228695014,0.006121745760256779,NORMAL
288,0.9861457749806429,0.0072039971467352795,0.00665022787262171,NORMAL
289,0.9861457749806429,0.0072039971467352795,0.00665022787262171,NORMAL
290,0.9861457749806429,0.0072039971467352795,0.00665022787262171,NORMAL
291,0.9861457749806429,0.0072039971467352795,0.00665022787262171,NORMAL
292,0.9861457749806429,0.0072039971467352795,0.00665022787262171,NORMAL
293,0.9861457749806429,0.0072039971467352795,0.00665022787262171,NORMAL
294,0.9861457749806429,0.0072039971467352795,0.00665022787262171,NORMAL
295,0.9861457749806429,0.0072039971467352795,0.00665022787262171,NORMAL
296,0.9861457749806429,0.0072039971467352795,0.00665022787262171,NORMAL
297,0.9861457749806429,0.0072039971467352795,0.00665022787262171,NORMAL
298,0.9861457749806429,0.0072039971467352795,0.00665022787262171,NORMAL
299,0.9861457749806429,0.0072039971467352795,0.00665022787262171,NORMAL
300,0.9861457749806429,0.0072039971467352795,0.00665022787262171,NORMAL
301,0.9861457749806429,0.0072039971467352795,0.00665022787262171,NORMAL
302,0.9861457749806429,0.0072039971467352795,0.00665022787262171,NORMAL
303,0.9861457749806429,0.0072039971467352795,0.00665022787262171,NORMAL
304,0.9861457749806429,0.0072039971467352795,0.00665022787262171,NORMAL
305,0.9861457749806429,0.0072039971467352795,0.00665022787262171,NORMAL
306,0.9861457749806429,0.0072039971467352795,0.00665022787262171,NORMAL
307,0.9861457749806429,0.0072039971467352795,0.00665022787262171,NORMAL
308,0.9861457749806429,0.0072039971467352795,0.00665022787262171,NORMAL
309,0.9861457749806429,0.0072039971467352795,0.00665022787262171,NORMAL
310,0.9861457749806429,0.0072039971467352795,0.00665022787262171,NORMAL
311,0.9861457749806429,0.0072039971467352795,0.00665022787262171,NORMAL
312,0.9861457749806429,0.0072039971467352795,0.00665022787262171,NORMAL
313,0.9861457749806429,0.0072039971467352795,0.00665022787262171,NORMAL
314,0.9861457749806429,0.0072039971467352795,0.00665022787262171,NORMAL
315,0.9861457749806429,0.0072039971467352795,0.00665022787262171,NORMAL
316,0.9861457749806429,0.0072039971467352795,0.00665022787262171,NORMAL
317,0.9861457749806429,0.0072039971467352795,0.00665022787262171,NORMAL
318,0.9861457749806429,0.0072039971467352795,0.00665022787262171,NORMAL
319,0.9861457749806429,0.0072039971467352795,0.00665022787262171,NORMAL
320,0.9861457749806429,0.0072039971467352795,0.00665022787262171,NORMAL
321,0.9861457749806429,0.0072039971467352795,0.00665022787262171,NORMAL
322,0.9861457749806429,0.0072039971467352795,0.00665022787262171,NORMAL
323,0.9861457749806429,0.0072039971467352795,0.00665022787262171,NORMAL
324,0.9859791409469767,0.008500740869144683,0.005520118183878616,NORMAL
325,0.9859791409469767,0.008500740869144683,0.005520118183878616,NORMAL
326,0.9859791409469767,0.008500740869144683,0.005520118183878616,NORMAL
327,0.9859791409469767,0.008500740869144683,0.005520118183878616,NORMAL
328,0.9859791409469767,0.008500740869144683,0.005520118183878616,NORMAL
329,0.9859791409469767,0.008500740869144683,0.005520118183878616,NORMAL
330,0.9859791409469767,0.008500740869144683,0.005520118183878616,NORMAL
331,0.9859791409469767,0.008500740869144683,0.005520118183878616,NORMAL
332,0.9859791409469767,0.008500740869144683,0.005520118183878616,NORMAL
333,0.9859791409469767,0.008500740869144683,0.005520118183878616,NORMAL
334,0.9859791409469767,0.008500740869144683,0.005520118183878616,NORMAL
335,0.9859791409469767,0.008500740869144683,0.005520118183878616,NORMAL
336,0.9859791409469767,0.008500740869144683,0.005520118183878616,NORMAL
337,0.9859791409469767,0.008500740869144683,0.005520118183878616,NORMAL
338,0.9859791409469767,0.008500740869144683,0.005520118183878616,NORMAL
339,0.9859791409469767,0.008500740869144683,0.005520118183878616,NORMAL
340,0.9859791409469767,0.008500740869144683,0.005520118183878616,NORMAL
341,0.9859791409469767,0.008500740869144683,0.005520118183878616,NORMAL
342,0.9879624270110484,0.005915827228695014,0.006121745760256779,NORMAL
343,0.9879624270110484,0.005915827228695014,0.006121745760256779,NORMAL
344,0.9879624270110484,0.005915827228695014,0.006121745760256779,NORMAL
345,0.9879624270110484,0.005915827228695014,0.006121745760256779,NORMAL
346,0.9879624270110484,0.005915827228695014,0.006121745760256779,NORMAL
347,0.9879624270110484,0.005915827228695014,0.006121745760256779,NORMAL
348,0.9879624270110484,0.005915827228695014,0.006121745760256779,NORMAL
349,0.9879624270110484,0.005915827228695014,0.006121745760256779,NORMAL
350,0.9879624270110484,0.005915827228695014,0.006121745760256779,NORMAL
351,0.9879624270110484,0.005915827228695014,0.006121745760256779,NORMAL
352,0.9879624270110484,0.005915827228695014,0.006121745760256779,NORMAL
353,0.9879624270110484,0.005915827228695014,0.006121745760256779,NORMAL
354,0.9879624270110484,0.005915827228695014,0.006121745760256779,NORMAL
355,0.9879624270110484,0.005915827228695014,0.006121745760256779,NORMAL
356,0.9879624270110484,0.005915827228695014,0.006121745760256779,NORMAL
357,0.9879624270110484,0.005915827228695014,0.006121745760256779,NORMAL
358,0.9879624270110484,0.005915827228695014,0.006121745760256779,NORMAL
359,0.9879624270110484,0.005915827228695014,0.006121745760256779,NORMAL
360,0.9859791409469767,0.008500740869144683,0.005520118183878616,NORMAL
361,0.9859791409469767,0.008500740869144683,0.005520118183878616,NORMAL
362,0.9859791409469767,0.008500740869144683,0.005520118183878616,NORMAL
363,0.9859791409469767,0.008500740869144683,0.005520118183878616,NORMAL
364,0.9859791409469767,0.008500740869144683,0.005520118183878616,NORMAL
365,0.9859791409469767,0.008500740869144683,0.005520118183878616,NORMAL
366,0.9859791409469767,0.008500740869144683,0.005520118183878616,NORMAL
367,0.9859791409469767,0.008500740869144683,0.005520118183878616,NORMAL
368,0.9859791409469767,0.008500740869144683,0.005520118183878616,NORMAL
369,0.9859791409469767,0.008500740869144683,0.005520118183878616,NORMAL
370,0.9859791409469767,0.008500740869144683,0.005520118183878616,NORMAL
371,0.9859791409469767,0.008500740869144683,0.005520118183878616,NORMAL
372,0.9859791409469767,0.008500740869144683,0.005520118183878616,NORMAL
373,0.9859791409469767,0.008500740869144683,0.005520118183878616,NORMAL
374,0.9859791409469767,0.008500740869144683,0.005520118183878616,NORMAL
375,0.9859791409469767,0.008500740869144683,0.005520118183878616,NORMAL
376,0.9859791409469767,0.008500740869144683,0.005520118183878616,NORMAL
377,0.9859791409469767,0.008500740869144683,0.005520118183878616,NORMAL
378,0.9879624270110484,0.005915827228695014,0.006121745760256779,NORMAL
379,0.9879624270110484,0.005915827228695014,0.006121745760256779,NORMAL
380,0.9879624270110484,0.005915827228695014,0.006121745760256779,NORMAL
381,0.9879624270110484,0.005915827228695014,0.006121745760256779,NORMAL
382,0.9879624270110484,0.005915827228695014,0.006121745760256779,NORMAL
383,0.9879624270110484,0.005915827228695014,0.006121745760256779,NORMAL
384,0.9879624270110484,0.005915827228695014,0.006121745760256779,NORMAL
385,0.9879624270110484,0.005915827228695014,0.006121745760256779,NORMAL
386,0.9879624270110484,0.005915827228695014,0.006121745760256779,NORMAL
387,0.9879624270110484,0.005915827228695014,0.006121745760256779,NORMAL
388,0.9879624270110484,0.005915827228695014,0.006121745760256779,NORMAL
389,0.9879624270110484,0.005915827228695014,0.006121745760256779,NORMAL
390,0.9879624270110484,0.005915827228695014,0.006121745760256779,NORMAL
391,0.9879624270110484,0.005915827228695014,0.006121745760256779,NORMAL
392,0.9879624270110484,0.005915827228695014,0.006121745760256779,NORMAL
393,0.9879624270110484,0.005915827228695014,0.006121745760256779,NORMAL
394,0.9879624270110484,0.005915827228695014,0.006121745760256779,NORMAL
395,0.9879624270110484,0.005915827228695014,0.006121745760256779,NORMAL
396,0.9861457749806429,0.0072039971467352795,0.00665022787262171,NORMAL
397,0.9861457749806429,0.0072039971467352795,0.00665022787262171,NORMAL
398,0.9861457749806429,0.0072039971467352795,0.00665022787262171,NORMAL
399,0.9861457749806429,0.0072039971467352795,0.00665022787262171,NORMAL
400,0.9861457749806429,0.0072039971467352795,0.00665022787262171,NORMAL
401,0.9861457749806429,0.0072039971467352795,0.00665022787262171,NORMAL
402,0.9861457749806429,0.0072039971467352795,0.00665022787262171,NORMAL
403,0.9861457749806429,0.0072039971467352795,0.00665022787262171,NORMAL
404,0.9861457749806429,0.0072039971467352795,0.00665022787262171,NORMAL
405,0.9861457749806429,0.0072039971467352795,0.00665022787262171,NORMAL
406,0.9861457749806429,0.0072039971467352795,0.00665022787262171,NORMAL
407,0.9861457749806429,0.0072039971467352795,0.00665022787262171,NORMAL
408,0.9861457749806429,0.0072039971467352795,0.00665022787262171,NORMAL
409,0.9861457749806429,0.0072039971467352795,0.00665022787262171,NORMAL
410,0.9861457749806429,0.0072039971467352795,0.00665022787262171,NORMAL
411,0.9861457749806429,0.0072039971467352795,0.00665022787262171,NORMAL
412,0.9861457749806429,0.0072039971467352795,0.00665022787262171,NORMAL
413,0.9861457749806429,0.0072039971467352795,0.00665022787262171,NORMAL
414,0.9861457749806429,0.0072039971467352795,0.00665022787262171,NORMAL
415,0.9861457749806429,0.0072039971467352795,0.00665022787262171,NORMAL
416,0.9861457749806429,0.0072039971467352795,0.00665022787262171,NORMAL
417,0.9861457749806429,0.0072039971467352795,0.00665022787262171,NORMAL
418,0.9861457749806429,0.0072039971467352795,0.00665022787262171,NORMAL
419,0.9861457749806429,0.0072039971467352795,0.00665022787262171,NORMAL
420,0.9861457749806429,0.0072039971467352795,0.00665022787262171,NORMAL
421,0.9861457749806429,0.0072039971467352795,0.00665022787262171,NORMAL
422,0.9861457749806429,0.0072039971467352795,0.00665022787262171,NORMAL
423,0.9861457749806429,0.0072039971467352795,0.00665022787262171,NORMAL
424,0.9861457749806429,0.0072039971467352795,0.00665022787262171,NORMAL
425,0.9861457749806429,0.0072039971467352795,0.00665022787262171,NORMAL
426,0.9861457749806429,0.0072039971467352795,0.00665022787262171,NORMAL
427,0.9861457749806429,0.0072039971467352795,0.00665022787262171,NORMAL
428,0.9861457749806429,0.0072039971467352795,0.00665022787262171,NORMAL
429,0.9861457749806429,0.0072039971467352795,0.00665022787262171,NORMAL
430,0.9861457749806429,0.0072039971467352795,0.00665022787262171,NORMAL
431,0.9861457749806429,0.0072039971467352795,0.00665022787262171,NORMAL
432,0.9879624270110484,0.005915827228695014,0.006121745760256779,NORMAL
433,0.9879624270110484,0.005915827228695014,0.006121745760256779,NORMAL
434,0.9879624270110484,0.005915827228695014,0.006121745760256779,NORMAL
435,0.9879624270110484,0.005915827228695014,0.006121745760256779,NORMAL
436,0.9879624270110484,0.005915827228695014,0.006121745760256779,NORMAL
437,0.9879624270110484,0.005915827228695014,0.006121745760256779,NORMAL
438,0.9879624270110484,0.005915827228695014,0.006121745760256779,NORMAL
439,0.9879624270110484,0.005915827228695014,0.006121745760256779,NORMAL
440,0.9879624270110484,0.005915827228695014,0.006121745760256779,NORMAL
441,0.9879624270110484,0.005915827228695014,0.006121745760256779,NORMAL
442,0.9879624270110484,0.005915827228695014,0.006121745760256779,NORMAL
443,0.9879624270110484,0.005915827228695014,0.006121745760256779,NORMAL
444,0.9879624270110484,0.005915827228695014,0.006121745760256779,NORMAL
445,0.9879624270110484,0.005915827228695014,0.006121745760256779,NORMAL
446,0.9879624270110484,0.005915827228695014,0.006121745760256779,NORMAL
447,0.9879624270110484,0.005915827228695014,0.006121745760256779,NORMAL
448,0.9879624270110484,0.005915827228695014,0.006121745760256779,NORMAL
449,0.9879624270110484,0.005915827228695014,0.006121745760256779,NORMAL
450,0.9861457749806429,0.0072039971467352795,0.00665022787262171,NORMAL
451,0.9861457749806429,0.0072039971467352795,0.00665022787262171,NORMAL
452,0.9861457749806429,0.0072039971467352795,0.00665022787262171,NORMAL
453,0.9861457749806429,0.0072039971467352795,0.00665022787262171,NORMAL
454,0.9861457749806429,0.0072039971467352795,0.00665022787262171,NORMAL
455,0.9861457749806429,0.0072039971467352795,0.00665022787262171,NORMAL
456,0.9861457749806429,0.0072039971467352795,0.00665022787262171,NORMAL
457,0.9861457749806429,0.0072039971467352795,0.00665022787262171,NORMAL
458,0.9861457749806429,0.0072039971467352795,0.00665022787262171,NORMAL
459,0.9861457749806429,0.0072039971467352795,0.00665022787262171,NORMAL
460,0.9861457749806429,0.0072039971467352795,0.00665022787262171,NORMAL
461,0.9861457749806429,0.0072039971467352795,0.00665022787262171,NORMAL
462,0.9861457749806429,0.0072039971467352795,0.00665022787262171,NORMAL
463,0.9861457749806429,0.0072039971467352795,0.00665022787262171,NORMAL
464,0.9861457749806429,0.0072039971467352795,0.00665022787262171,NORMAL
465,0.9861457749806429,0.0072039971467352795,0.00665022787262171,NORMAL
466,0.9861457749806429,0.0072039971467352795,0.00665022787262171,NORMAL
467,0.9861457749806429,0.0072039971467352795,0.00665022787262171,NORMAL
468,0.9859791409469767,0.008500740869144683,0.005520118183878616,NORMAL
469,0.9859791409469767,0.008500740869144683,0.005520118183878616,NORMAL
470,0.9859791409469767,0.008500740869144683,0.005520118183878616,NORMAL
471,0.9859791409469767,0.008500740869144683,0.005520118183878616,NORMAL
472,0.9859791409469767,0.008500740869144683,0.005520118183878616,NORMAL
473,0.9859791409469767,0.008500740869144683,0.005520118183878616,NORMAL
474,0.9859791409469767,0.008500740869144683,0.005520118183878616,NORMAL
475,0.9859791409469767,0.008500740869144683,0.005520118183878616,NORMAL
476,0.9859791409469767,0.008500740869144683,0.005520118183878616,NORMAL
477,0.9859791409469767,0.008500740869144683,0.005520118183878616,NORMAL
478,0.9859791409469767,0.008500740869144683,0.005520118183878616,NORMAL
479,0.9859791409469767,0.008500740869144683,0.005520118183878616,NORMAL
480,0.9859791409469767,0.008500740869144683,0.005520118183878616,NORMAL
481,0.9859791409469767,0.008500740869144683,0.005520118183878616,NORMAL
482,0.9859791409469767,0.008500740869144683,0.005520118183878616,NORMAL
483,0.9859791409469767,0.008500740869144683,0.005520118183878616,NORMAL
484,0.9859791409469767,0.008500740869144683,0.005520118183878616,NORMAL
485,0.9859791409469767,0.008500740869144683,0.005520118183878616,NORMAL
486,0.9861457749806429,0.0072039971467352795,0.00665022787262171,NORMAL
487,0.9861457749806429,0.0072039971467352795,0.00665022787262171,NORMAL
488,0.9861457749806429,0.0072039971467352795,0.00665022787262171,NORMAL
489,0.9861457749806429,0.0072039971467352795,0.00665022787262171,NORMAL
490,0.9861457749806429,0.0072039971467352795,0.00665022787262171,NORMAL
491,0.9861457749806429,0.0072039971467352795,0.00665022787262171,NORMAL
492,0.9861457749806429,0.0072039971467352795,0.00665022787262171,NORMAL
493,0.9861457749806429,0.0072039971467352795,0.00665022787262171,NORMAL
494,0.9861457749806429,0.0072039971467352795,0.00665022787262171,NORMAL
495,0.9861457749806429,0.0072039971467352795,0.00665022787262171,NORMAL
496,0.9861457749806429,0.0072039971467352795,0.00665022787262171,NORMAL
497,0.9861457749806429,0.0072039971467352795,0.00665022787262171,NORMAL
498,0.9861457749806429,0.0072039971467352795,0.00665022787262171,NORMAL
499,0.9861457749806429,0.0072039971467352795,0.00665022787262171,NORMAL
500,0.9861457749806429,0.0072039971467352795,0.00665022787262171,NORMAL
501,0.9861457749806429,0.0072039971467352795,0.00665022787262171,NORMAL
502,0.9861457749806429,0.0072039971467352795,0.00665022787262171,NORMAL
503,0.9861457749806429,0.0072039971467352795,0.00665022787262171,NORMAL
504,0.9861457749806429,0.0072039971467352795,0.00665022787262171,NORMAL
505,0.9861457749806429,0.0072039971467352795,0.00665022787262171,NORMAL
506,0.9861457749806429,0.0072039971467352795,0.00665022787262171,NORMAL
507,0.9861457749806429,0.0072039971467352795,0.00665022787262171,NORMAL
508,0.9861457749806429,0.0072039971467352795,0.00665022787262171,NORMAL
509,0.9861457749806429,0.0072039971467352795,0.00665022787262171,NORMAL
510,0.9861457749806429,0.0072039971467352795,0.00665022787262171,NORMAL
511,0.9861457749806429,0.0072039971467352795,0.00665022787262171,NORMAL
512,0.9861457749806429,0.0072039971467352795,0.00665022787262171,NORMAL
513,0.9861457749806429,0.0072039971467352795,0.00665022787262171,NORMAL
514,0.9861457749806429,0.0072039971467352795,0.00665022787262171,NORMAL
515,0.9861457749806429,0.0072039971467352795,0.00665022787262171,NORMAL
516,0.9861457749806429,0.0072039971467352795,0.00665022787262171,NORMAL
517,0.9861457749806429,0.0072039971467352795,0.00665022787262171,NORMAL
518,0.9861457749806429,0.0072039971467352795,0.00665022787262171,NORMAL
519,0.9861457749806429,0.0072039971467352795,0.00665022787262171,NORMAL
520,0.9861457749806429,0.0072039971467352795,0.00665022787262171,NORMAL
521,0.9861457749806429,0.0072039971467352795,0.00665022787262171,NORMAL
522,0.9859791409469767,0.008500740869144683,0.005520118183878616,NORMAL
523,0.9859791409469767,0.008500740869144683,0.005520118183878616,NORMAL
524,0.9859791409469767,0.008500740869144683,0.005520118183878616,NORMAL
525,0.9859791409469767,0.008500740869144683,0.005520118183878616,NORMAL
526,0.9859791409469767,0.008500740869144683,0.005520118183878616,NORMAL
527,0.9859791409469767,0.008500740869144683,0.005520118183878616,NORMAL
528,0.9859791409469767,0.008500740869144683,0.005520118183878616,NORMAL
529,0.9859791409469767,0.008500740869144683,0.005520118183878616,NORMAL
530,0.9859791409469767,0.008500740869144683,0.005520118183878616,NORMAL
531,0.9859791409469767,0.008500740869144683,0.005520118183878616,NORMAL
532,0.9859791409469767,0.008500740869144683,0.005520118183878616,NORMAL
533,0.9859791409469767,0.008500740869144683,0.005520118183878616,NORMAL
534,0.9859791409469767,0.008500740869144683,0.005520118183878616,NORMAL
535,0.9859791409469767,0.008500740869144683,0.005520118183878616,NORMAL
536,0.9859791409469767,0.008500740869144683,0.005520118183878616,NORMAL
537,0.9859791409469767,0.008500740869144683,0.005520118183878616,NORMAL
538,0.9859791409469767,0.008500740869144683,0.005520118183878616,NORMAL
539,0.9859791409469767,0.008500740869144683,0.005520118183878616,NORMAL
540,0.9879624270110484,0.005915827228695014,0.006121745760256779,NORMAL
541,0.9879624270110484,0.005915827228695014,0.006121745760256779,NORMAL
542,0.9879624270110484,0.005915827228695014,0.006121745760256779,NORMAL
543,0.9879624270110484,0.005915827228695014,0.006121745760256779,NORMAL
544,0.9879624270110484,0.005915827228695014,0.006121745760256779,NORMAL
545,0.9879624270110484,0.005915827228695014,0.006121745760256779,NORMAL
546,0.9879624270110484,0.005915827228695014,0.006121745760256779,NORMAL
547,0.9879624270110484,0.005915827228695014,0.006121745760256779,NORMAL
548,0.9879624270110484,0.005915827228695014,0.006121745760256779,NORMAL
549,0.9879624270110484,0.005915827228695014,0.006121745760256779,NORMAL
550,0.9879624270110484,0.005915827228695014,0.006121745760256779,NORMAL
551,0.9879624270110484,0.005915827228695014,0.006121745760256779,NORMAL
552,0.9879624270110484,0.005915827228695014,0.006121745760256779,NORMAL
553,0.9879624270110484,0.005915827228695014,0.006121745760256779,NORMAL
554,0.9879624270110484,0.005915827228695014,0.006121745760256779,NORMAL
555,0.9879624270110484,0.005915827228695014,0.006121745760256779,NORMAL
556,0.9879624270110484,0.005915827228695014,0.006121745760256779,NORMAL
557,0.9879624270110484,0.005915827228695014,0.006121745760256779,NORMAL
558,0.9859791409469767,0.008500740869144683,0.005520118183878616,NORMAL
559,0.9859791409469767,0.008500740869144683,0.005520118183878616,NORMAL
560,0.9859791409469767,0.008500740869144683,0.005520118183878616,NORMAL
561,0.9859791409469767,0.008500740869144683,0.005520118183878616,NORMAL
562,0.9859791409469767,0.008500740869144683,0.005520118183878616,NORMAL
563,0.9859791409469767,0.008500740869144683,0.005520118183878616,NORMAL
564,0.9859791409469767,0.008500740869144683,0.005520118183878616,NORMAL
565,0.9859791409469767,0.008500740869144683,0.005520118183878616,NORMAL
566,0.9859791409469767,0.008500740869144683,0.005520118183878616,NORMAL
567,0.9859791409469767,0.008500740869144683,0.005520118183878616,NORMAL
568,0.9859791409469767,0.008500740869144683,0.005520118183878616,NORMAL
569,0.9859791409469767,0.008500740869144683,0.005520118183878616,NORMAL
570,0.9859791409469767,0.008500740869144683,0.005520118183878616,NORMAL
571,0.9859791409469767,0.008500740869144683,0.005520118183878616,NORMAL
572,0.9859791409469767,0.008500740869144683,0.005520118183878616,NORMAL
573,0.9859791409469767,0.008500740869144683,0.005520118183878616,NORMAL
574,0.9859791409469767,0.008500740869144683,0.005520118183878616,NORMAL
575,0.9859791409469767,0.008500740869144683,0.005520118183878616,NORMAL
576,0.9879624270110484,0.005915827228695014,0.006121745760256779,NORMAL
577,0.9879624270110484,0.005915827228695014,0.006121745760256779,NORMAL
578,0.9879624270110484,0.005915827228695014,0.006121745760256779,NORMAL
579,0.9879624270110484,0.005915827228695014,0.006121745760256779,NORMAL
580,0.9879624270110484,0.005915827228695014,0.006121745760256779,NORMAL
581,0.9879624270110484,0.005915827228695014,0.006121745760256779,NORMAL
582,0.9879624270110484,0.005915827228695014,0.006121745760256779,NORMAL
583,0.9879624270110484,0.005915827228695014,0.006121745760256779,NORMAL
584,0.9879624270110484,0.005915827228695014,0.006121745760256779,NORMAL
585,0.9879624270110484,0.005915827228695014,0.006121745760256779,NORMAL
586,0.9879624270110484,0.005915827228695014,0.006121745760256779,NORMAL
587,0.9879624270110484,0.005915827228695014,0.006121745760256779,NORMAL
588,0.9879624270110484,0.005915827228695014,0.006121745760256779,NORMAL
589,0.9879624270110484,0.005915827228695014,0.006121745760256779,NORMAL
590,0.9879624270110484,0.005915827228695014,0.006121745760256779,NORMAL
591,0.9879624270110484,0.005915827228695014,0.006121745760256779,NORMAL
592,0.9879624270110484,0.005915827228695014,0.006121745760256779,NORMAL
593,0.9879624270110484,0.005915827228695014,0.006121745760256779,NORMAL
594,0.9879624270110484,0.005915827228695014,0.006121745760256779,NORMAL
595,0.9879624270110484,0.005915827228695014,0.006121745760256779,NORMAL
596,0.9879624270110484,0.005915827228695014,0.006121745760256779,NORMAL
597,0.9879624270110484,0.005915827228695014,0.006121745760256779,NORMAL
598,0.9879624270110484,0.005915827228695014,0.006121745760256779,NORMAL
599,0.9879624270110484,0.005915827228695014,0.006121745760256779,NORMAL
600,0.9879624270110484,0.005915827228695014,0.006121745760256779,NORMAL
601,0.9879624270110484,0.005915827228695014,0.006121745760256779,NORMAL
602,0.9879624270110484,0.005915827228695014,0.006121745760256779,NORMAL
603,0.9879624270110484,0.005915827228695014,0.006121745760256779,NORMAL
604,0.9879624270110484,0.005915827228695014,0.006121745760256779,NORMAL
605,0.9879624270110484,0.005915827228695014,0.006121745760256779,NORMAL
606,0.9879624270110484,0.005915827228695014,0.006121745760256779,NORMAL
607,0.9879624270110484,0.005915827228695014,0.006121745760256779,NORMAL
608,0.9879624270110484,0.005915827228695014,0.006121745760256779,NORMAL
609,0.9879624270110484,0.005915827228695014,0.006121745760256779,NORMAL
610,0.9879624270110484,0.005915827228695014,0.006121745760256779,NORMAL
611,0.9879624270110484,0.005915827228695014,0.006121745760256779,NORMAL
612,0.9861457749806429,0.0072039971467352795,0.00665022787262171,NORMAL
613,0.9861457749806429,0.0072039971467352795,0.00665022787262171,NORMAL
614,0.9861457749806429,0.0072039971467352795,0.00665022787262171,NORMAL
615,0.9861457749806429,0.0072039971467352795,0.00665022787262171,NORMAL
616,0.9861457749806429,0.0072039971467352795,0.00665022787262171,NORMAL
617,0.9861457749806429,0.0072039971467352795,0.00665022787262171,NORMAL
618,0.9861457749806429,0.0072039971467352795,0.00665022787262171,NORMAL
619,0.9861457749806429,0.0072039971467352795,0.00665022787262171,NORMAL
620,0.9861457749806429,0.0072039971467352795,0.00665022787262171,NORMAL
621,0.9861457749806429,0.0072039971467352795,0.00665022787262171,NORMAL
622,0.9861457749806429,0.0072039971467352795,0.00665022787262171,NORMAL
623,0.9861457749806429,0.0072039971467352795,0.00665022787262171,NORMAL
624,0.9861457749806429,0.0072039971467352795,0.00665022787262171,NORMAL
625,0.9861457749806429,0.0072039971467352795,0.00665022787262171,NORMAL
626,0.9861457749806429,0.0072039971467352795,0.00665022787262171,NORMAL
627,0.9861457749806429,0.0072039971467352795,0.00665022787262171,NORMAL
628,0.9861457749806429,0.0072039971467352795,0.00665022787262171,NORMAL
629,0.9861457749806429,0.0072039971467352795,0.00665022787262171,NORMAL
630,0.9879624270110484,0.005915827228695014,0.006121745760256779,NORMAL
631,0.9879624270110484,0.005915827228695014,0.006121745760256779,NORMAL
632,0.9879624270110484,0.005915827228695014,0.006121745760256779,NORMAL
633,0.9879624270110484,0.005915827228695014,0.006121745760256779,NORMAL
634,0.9879624270110484,0.005915827228695014,0.006121745760256779,NORMAL
635,0.9879624270110484,0.005915827228695014,0.006121745760256779,NORMAL
636,0.9879624270110484,0.005915827228695014,0.006121745760256779,NORMAL
637,0.9879624270110484,0.005915827228695014,0.006121745760256779,NORMAL
638,0.9879624270110484,0.005915827228695014,0.006121745760256779,NORMAL
639,0.9879624270110484,0.005915827228695014,0.006121745760256779,NORMAL
640,0.9879624270110484,0.005915827228695014,0.006121745760256779,NORMAL
641,0.9879624270110484,0.005915827228695014,0.006121745760256779,NORMAL
642,0.9879624270110484,0.005915827228695014,0.006121745760256779,NORMAL
643,0.9879624270110484,0.005915827228695014,0.006121745760256779,NORMAL
644,0.9879624270110484,0.005915827228695014,0.006121745760256779,NORMAL
645,0.9879624270110484,0.005915827228695014,0.006121745760256779,NORMAL
646,0.9879624270110484,0.005915827228695014,0.006121745760256779,NORMAL
647,0.9879624270110484,0.005915827228695014,0.006121745760256779,NORMAL
648,0.9879624270110484,0.005915827228695014,0.006121745760256779,NORMAL
649,0.9879624270110484,0.005915827228695014,0.006121745760256779,NORMAL
650,0.9879624270110484,0.005915827228695014,0.006121745760256779,NORMAL
651,0.9879624270110484,0.005915827228695014,0.006121745760256779,NORMAL
652,0.9879624270110484,0.005915827228695014,0.006121745760256779,NORMAL
653,0.9879624270110484,0.005915827228695014,0.006121745760256779,NORMAL
654,0.9879624270110484,0.005915827228695014,0.006121745760256779,NORMAL
655,0.9879624270110484,0.005915827228695014,0.006121745760256779,NORMAL
656,0.9879624270110484,0.005915827228695014,0.006121745760256779,NORMAL
657,0.9879624270110484,0.005915827228695014,0.006121745760256779,NORMAL
658,0.9879624270110484,0.005915827228695014,0.006121745760256779,NORMAL
659,0.9879624270110484,0.005915827228695014,0.006121745760256779,NORMAL
660,0.9879624270110484,0.005915827228695014,0.006121745760256779,NORMAL
661,0.9879624270110484,0.005915827228695014,0.006121745760256779,NORMAL
662,0.9879624270110484,0.005915827228695014,0.006121745760256779,NORMAL
663,0.9879624270110484,0.005915827228695014,0.006121745760256779,NORMAL
664,0.9879624270110484,0.005915827228695014,0.006121745760256779,NORMAL
665,0.9879624270110484,0.005915827228695014,0.006121745760256779,NORMAL
666,0.9859791409469767,0.008500740869144683,0.005520118183878616,NORMAL
667,0.9859791409469767,0.008500740869144683,0.005520118183878616,NORMAL
668,0.9859791409469767,0.008500740869144683,0.005520118183878616,NORMAL
669,0.9859791409469767,0.008500740869144683,0.005520118183878616,NORMAL
670,0.9859791409469767,0.008500740869144683,0.005520118183878616,NORMAL
671,0.9859791409469767,0.008500740869144683,0.005520118183878616,NORMAL
672,0.9859791409469767,0.008500740869144683,0.005520118183878616,NORMAL
673,0.9859791409469767,0.008500740869144683,0.005520118183878616,NORMAL
674,0.9859791409469767,0.008500740869144683,0.005520118183878616,NORMAL
675,0.9859791409469767,0.008500740869144683,0.005520118183878616,NORMAL
676,0.9859791409469767,0.008500740869144683,0.005520118183878616,NORMAL
677,0.9859791409469767,0.008500740869144683,0.005520118183878616,NORMAL
678,0.9859791409469767,0.008500740869144683,0.005520118183878616,NORMAL
679,0.9859791409469767,0.008500740869144683,0.005520118183878616,NORMAL
680,0.9859791409469767,0.008500740869144683,0.005520118183878616,NORMAL
681,0.9859791409469767,0.008500740869144683,0.005520118183878616,NORMAL
682,0.9859791409469767,0.008500740869144683,0.005520118183878616,NORMAL
683,0.9859791409469767,0.008500740869144683,0.005520118183878616,NORMAL
684,0.9879624270110484,0.005915827228695014,0.006121745760256779,NORMAL
685,0.9879624270110484,0.005915827228695014,0.006121745760256779,NORMAL
686,0.9879624270110484,0.005915827228695014,0.006121745760256779,NORMAL
687,0.9879624270110484,0.005915827228695014,0.006121745760256779,NORMAL
688,0.9879624270110484,0.005915827228695014,0.006121745760256779,NORMAL
689,0.9879624270110484,0.005915827228695014,0.006121745760256779,NORMAL
690,0.9879624270110484,0.005915827228695014,0.006121745760256779,NORMAL
691,0.9879624270110484,0.005915827228695014,0.006121745760256779,NORMAL
692,0.9879624270110484,0.005915827228695014,0.006121745760256779,NORMAL
693,0.9879624270110484,0.005915827228695014,0.006121745760256779,NORMAL
694,0.9879624270110484,0.005915827228695014,0.006121745760256779,NORMAL
695,0.9879624270110484,0.005915827228695014,0.006121745760256779,NORMAL
696,0.9879624270110484,0.005915827228695014,0.006121745760256779,NORMAL
697,0.9879624270110484,0.005915827228695014,0.006121745760256779,NORMAL
698,0.9879624270110484,0.005915827228695014,0.006121745760256779,NORMAL
699,0.9879624270110484,0.005915827228695014,0.006121745760256779,NORMAL
700,0.9879624270110484,0.005915827228695014,0.006121745760256779,NORMAL
701,0.9879624270110484,0.005915827228695014,0.006121745760256779,NORMAL
702,0.9859791409469767,0.008500740869144683,0.005520118183878616,NORMAL
703,0.9859791409469767,0.008500740869144683,0.005520118183878616,NORMAL
704,0.9859791409469767,0.008500740869144683,0.005520118183878616,NORMAL
705,0.9859791409469767,0.008500740869144683,0.005520118183878616,NORMAL
706,0.9859791409469767,0.008500740869144683,0.005520118183878616,NORMAL
707,0.9859791409469767,0.008500740869144683,0.005520118183878616,NORMAL
708,0.9859791409469767,0.008500740869144683,0.005520118183878616,NORMAL
709,0.9859791409469767,0.008500740869144683,0.005520118183878616,NORMAL
710,0.9859791409469767,0.008500740869144683,0.005520118183878616,NORMAL
711,0.9859791409469767,0.008500740869144683,0.005520118183878616,NORMAL
712,0.9859791409469767,0.008500740869144683,0.005520118183878616,NORMAL
713,0.9859791409469767,0.008500740869144683,0.005520118183878616,NORMAL
714,0.9859791409469767,0.008500740869144683,0.005520118183878616,NORMAL
715,0.9859791409469767,0.008500740869144683,0.005520118183878616,NORMAL
716,0.9859791409469767,0.008500740869144683,0.005520118183878616,NORMAL
717,0.9859791409469767,0.008500740869144683,0.005520118183878616,NORMAL
718,0.9859791409469767,0.008500740869144683,0.005520118183878616,NORMAL
719,0.9859791409469767,0.008500740869144683,0.005520118183878616,NORMAL
720,0.9861457749806429,0.0072039971467352795,0.00665022787262171,NORMAL
721,0.9861457749806429,0.0072039971467352795,0.00665022787262171,NORMAL
722,0.9826890023581057,0.010598130640314358,0.006712867001579908,NORMAL
723,0.7661385251720206,0.22563088760338748,0.008230587224591846,NORMAL
724,0.02445251189914638,0.9682548459169527,0.007292642183901081,WARNING
725,0.0216419955421808,0.9713090050900542,0.0070489993677648605,WARNING
726,0.0216419955421808,0.9713090050900542,0.0070489993677648605,WARNING
727,0.021675276424007864,0.9710865435151874,0.00723818006080475,WARNING
728,0.021906863358593143,0.9695048734178736,0.008588263223533284,WARNING
729,0.9861457749806429,0.0072039971467352795,0.00665022787262171,NORMAL
730,0.9861457749806429,0.0072039971467352795,0.00665022787262171,NORMAL
731,0.952702968607789,0.04038934562051457,0.0069076857716964075,NORMAL
732,0.8289434125581452,0.16343600117732246,0.007620586264532474,NORMAL
733,0.02588845388140901,0.9667983598959341,0.007313186222657023,WARNING
734,0.026035029255919103,0.9653445854407391,0.008620385303341912,WARNING
735,0.02193231134390022,0.9693275206547798,0.008740168001319992,WARNING
736,0.02257122504855283,0.9695352448331097,0.007893530118337504,WARNING
737,0.021863425167877364,0.9698059900511031,0.00833058478101954,WARNING
738,0.9207970790529817,0.0703436279783858,0.0088592929686325,NORMAL
739,0.04083988589405698,0.011193164886629536,0.9479669492193136,CRITICAL
740,0.021751533551434846,0.007308726888335519,0.9709397395602296,CRITICAL
741,0.021741096362010538,0.007308684750322432,0.970950218887667,CRITICAL
742,0.020670036941938315,0.007277837286233385,0.9720521257718283,CRITICAL
743,0.020670036941938315,0.007277837286233385,0.9720521257718283,CRITICAL
744,0.02067740388691515,0.0072778668193546016,0.9720447292937302,CRITICAL
745,0.020670036941938315,0.007277837286233385,0.9720521257718283,CRITICAL
746,0.020670036941938315,0.007277837286233385,0.9720521257718283,CRITICAL
747,0.9486846366506795,0.042360331506702445,0.008955031842618108,NORMAL
748,0.02767431604298664,0.00976878242596549,0.9625569015310479,CRITICAL
749,0.021751533551434846,0.007308726888335519,0.9709397395602296,CRITICAL
750,0.021748841620379166,0.0073087160204855246,0.9709424423591353,CRITICAL
751,0.020670036941938315,0.007277837286233385,0.9720521257718283,CRITICAL
752,0.02067740388691515,0.0072778668193546016,0.9720447292937302,CRITICAL
753,0.020670036941938315,0.007277837286233385,0.9720521257718283,CRITICAL
754,0.020670036941938315,0.007277837286233385,0.9720521257718283,CRITICAL
755,0.020670036941938315,0.007277837286233385,0.9720521257718283,CRITICAL
756,0.9861457749806429,0.0072039971467352795,0.00665022787262171,NORMAL
757,0.9861457749806429,0.0072039971467352795,0.00665022787262171,NORMAL
758,0.9861457749806429,0.0072039971467352795,0.00665022787262171,NORMAL
759,0.9849976666782758,0.00825319910480832,0.006749134216915884,NORMAL
760,0.1733886343842839,0.8182482989238768,0.008363066691839168,WARNING
761,0.05339205830917968,0.9391842257288033,0.007423715962016918,WARNING
762,0.0216419955421808,0.9713090050900542,0.0070489993677648605,WARNING
763,0.0216419955421808,0.9713090050900542,0.0070489993677648605,WARNING
764,0.0216419955421808,0.9713090050900542,0.0070489993677648605,WARNING
765,0.9861457749806429,0.0072039971467352795,0.00665022787262171,NORMAL
766,0.9861457749806429,0.0072039971467352795,0.00665022787262171,NORMAL
767,0.9861457749806429,0.0072039971467352795,0.00665022787262171,NORMAL
768,0.9856956213419359,0.007557387505879036,0.0067469911521850995,NORMAL
769,0.08245227412456482,0.9098657132135014,0.007682012661933808,WARNING
770,0.06949990408390638,0.9229258856367437,0.007574210279349872,WARNING
771,0.02202607518145959,0.9709194814997275,0.0070544433188128065,WARNING
772,0.021675276424007864,0.9710865435151874,0.00723818006080475,WARNING
773,0.0216419955421808,0.9713090050900542,0.0070489993677648605,WARNING
774,0.9861457749806429,0.0072039971467352795,0.00665022787262171,NORMAL
775,0.9861457749806429,0.0072039971467352795,0.00665022787262171,NORMAL
776,0.9861457749806429,0.0072039971467352795,0.00665022787262171,NORMAL
777,0.9861457749806429,0.0072039971467352795,0.00665022787262171,NORMAL
778,0.9861457749806429,0.0072039971467352795,0.00665022787262171,NORMAL
779,0.9861457749806429,0.0072039971467352795,0.00665022787262171,NORMAL
780,0.9861457749806429,0.0072039971467352795,0.00665022787262171,NORMAL
781,0.9861457749806429,0.0072039971467352795,0.00665022787262171,NORMAL
782,0.9861457749806429,0.0072039971467352795,0.00665022787262171,NORMAL
783,0.9861457749806429,0.0072039971467352795,0.00665022787262171,NORMAL
784,0.9861457749806429,0.0072039971467352795,0.00665022787262171,NORMAL
785,0.9861457749806429,0.0072039971467352795,0.00665022787262171,NORMAL
786,0.9861457749806429,0.0072039971467352795,0.00665022787262171,NORMAL
787,0.9861457749806429,0.0072039971467352795,0.00665022787262171,NORMAL
788,0.9861457749806429,0.0072039971467352795,0.00665022787262171,NORMAL
789,0.9861457749806429,0.0072039971467352795,0.00665022787262171,NORMAL
790,0.9861457749806429,0.0072039971467352795,0.00665022787262171,NORMAL
791,0.9861457749806429,0.0072039971467352795,0.00665022787262171,NORMAL
792,0.0293044101228012,0.009109790319100551,0.9615857995580982,CRITICAL
793,0.02833047268375275,0.008716207665191785,0.9629533196510555,CRITICAL
794,0.028400258869497017,0.008716703593971078,0.9628830375365319,CRITICAL
795,0.028654803450122036,0.00871851038668465,0.9626266861631934,CRITICAL
796,0.02833047268375275,0.008716207665191785,0.9629533196510555,CRITICAL
797,0.028654803450122036,0.00871851038668465,0.9626266861631934,CRITICAL
798,0.028938814659359404,0.008720522458297006,0.9623406628823437,CRITICAL
799,0.028654803450122036,0.00871851038668465,0.9626266861631934,CRITICAL
800,0.028435835178079343,0.008716956317886073,0.9628472085040345,CRITICAL
801,0.02891373396857425,0.00910665336564488,0.9619796126657809,CRITICAL
802,0.028400258869497017,0.008716703593971078,0.9628830375365319,CRITICAL
803,0.02833047268375275,0.008716207665191785,0.9629533196510555,CRITICAL
804,0.02833047268375275,0.008716207665191785,0.9629533196510555,CRITICAL
805,0.028669290352197938,0.008718613117669588,0.9626120965301325,CRITICAL
806,0.028654803450122036,0.00871851038668465,0.9626266861631934,CRITICAL
807,0.028654803450122036,0.00871851038668465,0.9626266861631934,CRITICAL
808,0.028556376989298308,0.008717812132899336,0.9627258108778023,CRITICAL
809,0.02833047268375275,0.008716207665191785,0.9629533196510555,CRITICAL
810,0.021076826927140267,0.007285029274248264,0.9716381437986115,CRITICAL
811,0.021066710885248943,0.00728498870634555,0.9716483004084054,CRITICAL
812,0.021066710885248943,0.00728498870634555,0.9716483004084054,CRITICAL
813,0.021066710885248943,0.00728498870634555,0.9716483004084054,CRITICAL
814,0.02095330707411231,0.007278971851326494,0.9717677210745612,CRITICAL
815,0.025107290455216123,0.010072013773853054,0.9648206957709308,CRITICAL
816,0.02063734591884287,0.007277382294060635,0.9720852717870965,CRITICAL
817,0.02063734591884287,0.007277382294060635,0.9720852717870965,CRITICAL
818,0.02063734591884287,0.007277382294060635,0.9720852717870965,CRITICAL
819,0.021076826927140267,0.007285029274248264,0.9716381437986115,CRITICAL
820,0.027467087124928354,0.010422173731132162,0.9621107391439395,CRITICAL
821,0.021374987415349146,0.007509635352736603,0.9711153772319143,CRITICAL
822,0.021066710885248943,0.00728498870634555,0.9716483004084054,CRITICAL
823,0.02067740388691515,0.0072778668193546016,0.9720447292937302,CRITICAL
824,0.020670036941938315,0.007277837286233385,0.9720521257718283,CRITICAL
825,0.02063734591884287,0.007277382294060635,0.9720852717870965,CRITICAL
826,0.02063734591884287,0.007277382294060635,0.9720852717870965,CRITICAL
827,0.02063734591884287,0.007277382294060635,0.9720852717870965,CRITICAL
828,0.9859791409469767,0.008500740869144683,0.005520118183878616,NORMAL
829,0.9859791409469767,0.008500740869144683,0.005520118183878616,NORMAL
830,0.9859791409469767,0.008500740869144683,0.005520118183878616,NORMAL
831,0.9859791409469767,0.008500740869144683,0.005520118183878616,NORMAL
832,0.9859791409469767,0.008500740869144683,0.005520118183878616,NORMAL
833,0.9859791409469767,0.008500740869144683,0.005520118183878616,NORMAL
834,0.9859791409469767,0.008500740869144683,0.005520118183878616,NORMAL
835,0.9859791409469767,0.008500740869144683,0.005520118183878616,NORMAL
836,0.9859791409469767,0.008500740869144683,0.005520118183878616,NORMAL
837,0.9859791409469767,0.008500740869144683,0.005520118183878616,NORMAL
838,0.9859791409469767,0.008500740869144683,0.005520118183878616,NORMAL
839,0.9859791409469767,0.008500740869144683,0.005520118183878616,NORMAL
840,0.9859791409469767,0.008500740869144683,0.005520118183878616,NORMAL
841,0.9859791409469767,0.008500740869144683,0.005520118183878616,NORMAL
842,0.9859791409469767,0.008500740869144683,0.005520118183878616,NORMAL
843,0.9859791409469767,0.008500740869144683,0.005520118183878616,NORMAL
844,0.9859791409469767,0.008500740869144683,0.005520118183878616,NORMAL
845,0.9859791409469767,0.008500740869144683,0.005520118183878616,NORMAL
846,0.9879624270110484,0.005915827228695014,0.006121745760256779,NORMAL
847,0.9879624270110484,0.005915827228695014,0.006121745760256779,NORMAL
848,0.9879624270110484,0.005915827228695014,0.006121745760256779,NORMAL
849,0.9879624270110484,0.005915827228695014,0.006121745760256779,NORMAL
850,0.9879624270110484,0.005915827228695014,0.006121745760256779,NORMAL
851,0.8730233343823428,0.12071881077192571,0.006257854845731399,WARNING
852,0.3725876060635405,0.6206891388431968,0.006723255093262691,CRITICAL
853,0.07660614777223876,0.916983806596375,0.00641004563138618,WARNING
854,0.038743777132509524,0.954957479943254,0.006298742924236457,WARNING
855,0.9879624270110484,0.005915827228695014,0.006121745760256779,NORMAL
856,0.9879624270110484,0.005915827228695014,0.006121745760256779,NORMAL
857,0.9879624270110484,0.005915827228695014,0.006121745760256779,NORMAL
858,0.9878702572153196,0.0060079888111091535,0.006121753973571201,NORMAL
859,0.9853386243092433,0.008539141204090028,0.006122234486666639,NORMAL
860,0.9828571785264595,0.011019725958096353,0.006123095515444174,NORMAL
861,0.10408258643853001,0.8894450427035295,0.0064723708579404035,CRITICAL
862,0.04926176965831099,0.9444052910423352,0.0063329392993538665,WARNING
863,0.038743777132509524,0.954957479943254,0.006298742924236457,WARNING
864,0.02729101775557772,0.9653721433931286,0.007336838851293622,WARNING
865,0.0216419955421808,0.9713090050900542,0.0070489993677648605,WARNING
866,0.02166856433572857,0.9711315083923704,0.007199927271901012,WARNING
867,0.0216419955421808,0.9713090050900542,0.0070489993677648605,WARNING
868,0.02168652591005577,0.9710110704578453,0.007302403632098842,WARNING
869,0.02168652591005577,0.9710110704578453,0.007302403632098842,WARNING
870,0.022072062649740896,0.97061967327184,0.007308264078419127,WARNING
871,0.022072062649740896,0.97061967327184,0.007308264078419127,WARNING
872,0.02168652591005577,0.9710110704578453,0.007302403632098842,WARNING
873,0.027130929211466655,0.9655344634071461,0.007334607381387133,WARNING
874,0.02166856433572857,0.9711315083923704,0.007199927271901012,WARNING
875,0.0216419955421808,0.9713090050900542,0.0070489993677648605,WARNING
876,0.02166856433572857,0.9711315083923704,0.007199927271901012,WARNING
877,0.02168652591005577,0.9710110704578453,0.007302403632098842,WARNING
878,0.02168652591005577,0.9710110704578453,0.007302403632098842,WARNING
879,0.02168652591005577,0.9710110704578453,0.007302403632098842,WARNING
880,0.02168652591005577,0.9710110704578453,0.007302403632098842,WARNING
881,0.022072062649740896,0.97061967327184,0.007308264078419127,WARNING
882,0.9859791409469767,0.008500740869144683,0.005520118183878616,NORMAL
883,0.9859791409469767,0.008500740869144683,0.005520118183878616,NORMAL
884,0.9859791409469767,0.008500740869144683,0.005520118183878616,NORMAL
885,0.9859791409469767,0.008500740869144683,0.005520118183878616,NORMAL
886,0.9859791409469767,0.008500740869144683,0.005520118183878616,NORMAL
887,0.9859791409469767,0.008500740869144683,0.005520118183878616,NORMAL
888,0.9859791409469767,0.008500740869144683,0.005520118183878616,NORMAL
889,0.9859791409469767,0.008500740869144683,0.005520118183878616,NORMAL
890,0.9859791409469767,0.008500740869144683,0.005520118183878616,NORMAL
891,0.9859791409469767,0.008500740869144683,0.005520118183878616,NORMAL
892,0.9859791409469767,0.008500740869144683,0.005520118183878616,NORMAL
893,0.9859791409469767,0.008500740869144683,0.005520118183878616,NORMAL
894,0.9859791409469767,0.008500740869144683,0.005520118183878616,NORMAL
895,0.9859791409469767,0.008500740869144683,0.005520118183878616,NORMAL
896,0.9859791409469767,0.008500740869144683,0.005520118183878616,NORMAL
897,0.9859791409469767,0.008500740869144683,0.005520118183878616,NORMAL
898,0.9859791409469767,0.008500740869144683,0.005520118183878616,NORMAL
899,0.9859791409469767,0.008500740869144683,0.005520118183878616,NORMAL
900,0.9861457749806429,0.0072039971467352795,0.00665022787262171,NORMAL
901,0.9861457749806429,0.0072039971467352795,0.00665022787262171,NORMAL
902,0.9861457749806429,0.0072039971467352795,0.00665022787262171,NORMAL
903,0.9861457749806429,0.0072039971467352795,0.00665022787262171,NORMAL
904,0.9861457749806429,0.0072039971467352795,0.00665022787262171,NORMAL
905,0.9861457749806429,0.0072039971467352795,0.00665022787262171,NORMAL
906,0.9861457749806429,0.0072039971467352795,0.00665022787262171,NORMAL
907,0.9861457749806429,0.0072039971467352795,0.00665022787262171,NORMAL
908,0.9861457749806429,0.0072039971467352795,0.00665022787262171,NORMAL
909,0.9861457749806429,0.0072039971467352795,0.00665022787262171,NORMAL
910,0.9861457749806429,0.0072039971467352795,0.00665022787262171,NORMAL
911,0.9861457749806429,0.0072039971467352795,0.00665022787262171,NORMAL
912,0.9861457749806429,0.0072039971467352795,0.00665022787262171,NORMAL
913,0.9861457749806429,0.0072039971467352795,0.00665022787262171,NORMAL
914,0.9861457749806429,0.0072039971467352795,0.00665022787262171,NORMAL
915,0.9861457749806429,0.0072039971467352795,0.00665022787262171,NORMAL
916,0.9861457749806429,0.0072039971467352795,0.00665022787262171,NORMAL
917,0.9861457749806429,0.0072039971467352795,0.00665022787262171,NORMAL
918,0.9708359855205728,0.023635202226721656,0.005528812252705437,NORMAL
919,0.1301762089008418,0.8635990651116411,0.006224725987517114,CRITICAL
920,0.037006590118126084,0.009764865397560945,0.9532285444843129,CRITICAL
921,0.13215671087805142,0.009274721408810496,0.858568567713138,CRITICAL
922,0.9420198512326331,0.008692647806537002,0.04928750096082989,CRITICAL
923,0.4254035706352938,0.009852006416705675,0.5647444229480004,CRITICAL
924,0.46239472136414017,0.009853931724703129,0.5277513469111567,CRITICAL
925,0.02903908021033891,0.00872123181514118,0.9622396879745199,CRITICAL
926,0.4166018391665128,0.009849507903817233,0.5735486529296699,CRITICAL
927,0.9717382468941834,0.022733748164313654,0.005528004941502923,NORMAL
928,0.13954157273313414,0.854017673998804,0.006440753268061764,CRITICAL
929,0.062165603612405404,0.009976732419926285,0.9278576639676683,CRITICAL
930,0.5031893969552684,0.009840320665248512,0.48697028237948303,CRITICAL
931,0.20290094327765643,0.009520995650441682,0.7875780610719019,CRITICAL
932,0.7893589742874391,0.00929733548130494,0.20134369023125598,CRITICAL
933,0.6660560296787957,0.009626898547699995,0.32431707177350433,CRITICAL
934,0.46239472136414017,0.009853931724703129,0.5277513469111567,CRITICAL
935,0.02833047268375275,0.008716207665191785,0.9629533196510555,CRITICAL
936,0.051827771279980644,0.006043599004676438,0.942128629715343,CRITICAL
937,0.03821525087137532,0.005994188029792427,0.9557905610988322,CRITICAL
938,0.03821525087137532,0.005994188029792427,0.9557905610988322,CRITICAL
939,0.051868883083195025,0.006043656064466208,0.9420874608523387,CRITICAL
940,0.03821525087137532,0.005994188029792427,0.9557905610988322,CRITICAL
941,0.04937163501190234,0.006040156477833382,0.9445882085102643,CRITICAL
942,0.03821525087137532,0.005994188029792427,0.9557905610988322,CRITICAL
943,0.05388807293240964,0.006046436257855118,0.9400654908097352,CRITICAL
944,0.04043515324730999,0.006001476929307066,0.953563369823383,CRITICAL
945,0.051827771279980644,0.006043599004676438,0.942128629715343,CRITICAL
946,0.052470461756397954,0.006044488921004202,0.9414850493225978,CRITICAL
947,0.04216730727741684,0.006014502520399894,0.9518181902021833,CRITICAL
948,0.03821525087137532,0.005994188029792427,0.9557905610988322,CRITICAL
949,0.03820817849996121,0.0059941773214422355,0.9557976441785966,CRITICAL
950,0.03821525087137532,0.005994188029792427,0.9557905610988322,CRITICAL
951,0.03821525087137532,0.005994188029792427,0.9557905610988322,CRITICAL
952,0.04109097212861367,0.006002451152952094,0.9529065767184343,CRITICAL
953,0.03889107530745519,0.0059952081690316135,0.9551137165235132,CRITICAL
954,0.9859791409469767,0.008500740869144683,0.005520118183878616,NORMAL
955,0.9859791409469767,0.008500740869144683,0.005520118183878616,NORMAL
956,0.9859791409469767,0.008500740869144683,0.005520118183878616,NORMAL
957,0.9859791409469767,0.008500740869144683,0.005520118183878616,NORMAL
958,0.9859791409469767,0.008500740869144683,0.005520118183878616,NORMAL
959,0.9859791409469767,0.008500740869144683,0.005520118183878616,NORMAL
960,0.9859791409469767,0.008500740869144683,0.005520118183878616,NORMAL
961,0.9859791409469767,0.008500740869144683,0.005520118183878616,NORMAL
962,0.9859791409469767,0.008500740869144683,0.005520118183878616,NORMAL
963,0.9859791409469767,0.008500740869144683,0.005520118183878616,NORMAL
964,0.9859791409469767,0.008500740869144683,0.005520118183878616,NORMAL
965,0.9859791409469767,0.008500740869144683,0.005520118183878616,NORMAL
966,0.9859791409469767,0.008500740869144683,0.005520118183878616,NORMAL
967,0.9859791409469767,0.008500740869144683,0.005520118183878616,NORMAL
968,0.9859791409469767,0.008500740869144683,0.005520118183878616,NORMAL
969,0.9859791409469767,0.008500740869144683,0.005520118183878616,NORMAL
970,0.9859791409469767,0.008500740869144683,0.005520118183878616,NORMAL
971,0.9859791409469767,0.008500740869144683,0.005520118183878616,NORMAL
972,0.9879624270110484,0.005915827228695014,0.006121745760256779,NORMAL
973,0.9879624270110484,0.005915827228695014,0.006121745760256779,NORMAL
974,0.9879624270110484,0.005915827228695014,0.006121745760256779,NORMAL
975,0.9879624270110484,0.005915827228695014,0.006121745760256779,NORMAL
976,0.9879624270110484,0.005915827228695014,0.006121745760256779,NORMAL
977,0.9879624270110484,0.005915827228695014,0.006121745760256779,NORMAL
978,0.9879624270110484,0.005915827228695014,0.006121745760256779,NORMAL
979,0.9879624270110484,0.005915827228695014,0.006121745760256779,NORMAL
980,0.9879624270110484,0.005915827228695014,0.006121745760256779,NORMAL
981,0.9879624270110484,0.005915827228695014,0.006121745760256779,NORMAL
982,0.9879624270110484,0.005915827228695014,0.006121745760256779,NORMAL
983,0.9879624270110484,0.005915827228695014,0.006121745760256779,NORMAL
984,0.9879624270110484,0.005915827228695014,0.006121745760256779,NORMAL
985,0.9879624270110484,0.005915827228695014,0.006121745760256779,NORMAL
986,0.9879624270110484,0.005915827228695014,0.006121745760256779,NORMAL
987,0.9879624270110484,0.005915827228695014,0.006121745760256779,NORMAL
988,0.9879624270110484,0.005915827228695014,0.006121745760256779,NORMAL
989,0.9879624270110484,0.005915827228695014,0.006121745760256779,NORMAL
990,0.9879624270110484,0.005915827228695014,0.006121745760256779,NORMAL
991,0.9879624270110484,0.005915827228695014,0.006121745760256779,NORMAL
992,0.9879624270110484,0.005915827228695014,0.006121745760256779,NORMAL
993,0.9879624270110484,0.005915827228695014,0.006121745760256779,NORMAL
994,0.9879624270110484,0.005915827228695014,0.006121745760256779,NORMAL
995,0.9879624270110484,0.005915827228695014,0.006121745760256779,NORMAL
996,0.9879624270110484,0.005915827228695014,0.006121745760256779,NORMAL
997,0.9879624270110484,0.005915827228695014,0.006121745760256779,NORMAL
998,0.9879624270110484,0.005915827228695014,0.006121745760256779,NORMAL
999,0.9879624270110484,0.005915827228695014,0.006121745760256779,NORMAL
1000,0.9879624270110484,0.005915827228695014,0.006121745760256779,NORMAL
1001,0.9879624270110484,0.005915827228695014,0.006121745760256779,NORMAL
1002,0.9879624270110484,0.005915827228695014,0.006121745760256779,NORMAL
1003,0.9879624270110484,0.005915827228695014,0.006121745760256779,NORMAL
1004,0.9879624270110484,0.005915827228695014,0.006121745760256779,NORMAL
1005,0.9879624270110484,0.005915827228695014,0.006121745760256779,NORMAL
1006,0.9879624270110484,0.005915827228695014,0.006121745760256779,NORMAL
1007,0.9879624270110484,0.005915827228695014,0.006121745760256779,NORMAL
1008,0.9859791409469767,0.008500740869144683,0.005520118183878616,NORMAL
1009,0.9859791409469767,0.008500740869144683,0.005520118183878616,NORMAL
1010,0.9859791409469767,0.008500740869144683,0.005520118183878616,NORMAL
1011,0.9859791409469767,0.008500740869144683,0.005520118183878616,NORMAL
1012,0.9859791409469767,0.008500740869144683,0.005520118183878616,NORMAL
1013,0.9859791409469767,0.008500740869144683,0.005520118183878616,NORMAL
1014,0.9859791409469767,0.008500740869144683,0.005520118183878616,NORMAL
1015,0.9859791409469767,0.008500740869144683,0.005520118183878616,NORMAL
1016,0.9859791409469767,0.008500740869144683,0.005520118183878616,NORMAL
1017,0.9859791409469767,0.008500740869144683,0.005520118183878616,NORMAL
1018,0.9859791409469767,0.008500740869144683,0.005520118183878616,NORMAL
1019,0.9859791409469767,0.008500740869144683,0.005520118183878616,NORMAL
1020,0.9859791409469767,0.008500740869144683,0.005520118183878616,NORMAL
1021,0.9859791409469767,0.008500740869144683,0.005520118183878616,NORMAL
1022,0.9859791409469767,0.008500740869144683,0.005520118183878616,NORMAL
1023,0.9859791409469767,0.008500740869144683,0.005520118183878616,NORMAL
1024,0.9859791409469767,0.008500740869144683,0.005520118183878616,NORMAL
1025,0.9859791409469767,0.008500740869144683,0.005520118183878616,NORMAL
1026,0.0686821233426535,0.00603500717223898,0.9252828694851075,CRITICAL
1027,0.038951194180649996,0.005995298618087025,0.955053507201263,CRITICAL
1028,0.9648863682493016,0.005914692541622103,0.029198939209076236,CRITICAL
1029,0.9639630321258529,0.005914859688868424,0.030122108185278693,CRITICAL
1030,0.9647688977150819,0.005914713318707934,0.029316388966210076,CRITICAL
1031,0.03821525087137532,0.005994188029792427,0.9557905610988322,CRITICAL
1032,0.03821525087137532,0.005994188029792427,0.9557905610988322,CRITICAL
1033,0.03821525087137532,0.005994188029792427,0.9557905610988322,CRITICAL
1034,0.03821525087137532,0.005994188029792427,0.9557905610988322,CRITICAL
1035,0.04051178785707811,0.005997629728248435,0.9534905824146734,CRITICAL
1036,0.04323820632185851,0.006001626843506949,0.9507601668346345,CRITICAL
1037,0.9648863682493016,0.005914692541622103,0.029198939209076236,CRITICAL
1038,0.9643357220097398,0.005914791169807369,0.029749486820452864,CRITICAL
1039,0.9647688977150819,0.005914713318707934,0.029316388966210076,CRITICAL
1040,0.03821525087137532,0.005994188029792427,0.9557905610988322,CRITICAL
1041,0.03821525087137532,0.005994188029792427,0.9557905610988322,CRITICAL
1042,0.03821525087137532,0.005994188029792427,0.9557905610988322,CRITICAL
1043,0.03821525087137532,0.005994188029792427,0.9557905610988322,CRITICAL
1044,0.04840714230200351,0.00641987369999754,0.945172983997999,CRITICAL
1045,0.03824525700803052,0.005994233454803147,0.9557605095371663,CRITICAL
1046,0.03914557725003759,0.005995590736192305,0.9548588320137701,CRITICAL
1047,0.03820332523439863,0.005994169972668094,0.9558025047929333,CRITICAL
1048,0.0382023395287407,0.005994168480081554,0.9558034919911778,CRITICAL
1049,0.03821525087137532,0.005994188029792427,0.9557905610988322,CRITICAL
1050,0.03821525087137532,0.005994188029792427,0.9557905610988322,CRITICAL
1051,0.03821525087137532,0.005994188029792427,0.9557905610988322,CRITICAL
1052,0.03821525087137532,0.005994188029792427,0.9557905610988322,CRITICAL
1053,0.049709698823068846,0.007243914302493999,0.9430463868744372,CRITICAL
1054,0.03825173922693099,0.005994243266345078,0.955754017506724,CRITICAL
1055,0.03821921999943657,0.005994194039191,0.9557865859613724,CRITICAL
1056,0.03819586540695968,0.005994158676432939,0.9558099759166073,CRITICAL
1057,0.03819586540695968,0.005994158676432939,0.9558099759166073,CRITICAL
1058,0.03821525087137532,0.005994188029792427,0.9557905610988322,CRITICAL
1059,0.03821525087137532,0.005994188029792427,0.9557905610988322,CRITICAL
1060,0.03821525087137532,0.005994188029792427,0.9557905610988322,CRITICAL
1061,0.03821525087137532,0.005994188029792427,0.9557905610988322,CRITICAL
1062,0.9861457749806429,0.0072039971467352795,0.00665022787262171,NORMAL
1063,0.9861457749806429,0.0072039971467352795,0.00665022787262171,NORMAL
1064,0.9861457749806429,0.0072039971467352795,0.00665022787262171,NORMAL
1065,0.9861457749806429,0.0072039971467352795,0.00665022787262171,NORMAL
1066,0.9861457749806429,0.0072039971467352795,0.00665022787262171,NORMAL
1067,0.9861457749806429,0.0072039971467352795,0.00665022787262171,NORMAL
1068,0.9861457749806429,0.0072039971467352795,0.00665022787262171,NORMAL
1069,0.9861457749806429,0.0072039971467352795,0.00665022787262171,NORMAL
1070,0.9861457749806429,0.0072039971467352795,0.00665022787262171,NORMAL
1071,0.9861457749806429,0.0072039971467352795,0.00665022787262171,NORMAL
1072,0.9861457749806429,0.0072039971467352795,0.00665022787262171,NORMAL
1073,0.9861457749806429,0.0072039971467352795,0.00665022787262171,NORMAL
1074,0.9861457749806429,0.0072039971467352795,0.00665022787262171,NORMAL
1075,0.9861457749806429,0.0072039971467352795,0.00665022787262171,NORMAL
1076,0.9861457749806429,0.0072039971467352795,0.00665022787262171,NORMAL
1077,0.9861457749806429,0.0072039971467352795,0.00665022787262171,NORMAL
1078,0.9861457749806429,0.0072039971467352795,0.00665022787262171,NORMAL
1079,0.9861457749806429,0.0072039971467352795,0.00665022787262171,NORMAL
1080,0.9879624270110484,0.005915827228695014,0.006121745760256779,NORMAL
1081,0.9879624270110484,0.005915827228695014,0.006121745760256779,NORMAL
1082,0.9879624270110484,0.005915827228695014,0.006121745760256779,NORMAL
1083,0.9879624270110484,0.005915827228695014,0.006121745760256779,NORMAL
1084,0.9879624270110484,0.005915827228695014,0.006121745760256779,NORMAL
1085,0.9649073978989545,0.02895669855357172,0.006135903547473703,NORMAL
1086,0.9679090462195591,0.025957761486571064,0.006133192293869906,NORMAL
1087,0.8846859083197586,0.10907365211321274,0.006240439567028641,WARNING
1088,0.9607766057411935,0.03308349412156448,0.006139900137242052,NORMAL
1089,0.9879624270110484,0.005915827228695014,0.006121745760256779,NORMAL
1090,0.9879624270110484,0.005915827228695014,0.006121745760256779,NORMAL
1091,0.9879624270110484,0.005915827228695014,0.006121745760256779,NORMAL
1092,0.9879624270110484,0.005915827228695014,0.006121745760256779,NORMAL
1093,0.9879624270110484,0.005915827228695014,0.006121745760256779,NORMAL
1094,0.9879624270110484,0.005915827228695014,0.006121745760256779,NORMAL
1095,0.9876238748976157,0.0062543456232130165,0.0061217794791712755,NORMAL
1096,0.8841660584068463,0.10959273018704509,0.006241211406108654,WARNING
1097,0.9683010582595075,0.02556609033608418,0.006132851404408235,NORMAL
1098,0.9861457749806429,0.0072039971467352795,0.00665022787262171,NORMAL
1099,0.9860028662313308,0.007346510446851324,0.006650623321817904,NORMAL
1100,0.9855662415678486,0.007781901801023553,0.006651856631127943,NORMAL
1101,0.08662057026590628,0.9056648770432687,0.007714552690824934,WARNING
1102,0.02746993076805267,0.9619647758438719,0.010565293388075535,WARNING
1103,0.028110343959800867,0.9612363735512883,0.0106532824889108,WARNING
1104,0.022242306435300955,0.9697313417219198,0.008026351842779233,WARNING
1105,0.032758702553320786,0.022055329531747228,0.9451859679149319,CRITICAL
1106,0.02074854261085519,0.007366501015332393,0.9718849563738124,CRITICAL
1107,0.9861457749806429,0.0072039971467352795,0.00665022787262171,NORMAL
1108,0.9858938960707059,0.007455176311712173,0.00665092761758185,NORMAL
1109,0.9855662415678486,0.007781901801023553,0.006651856631127943,NORMAL
1110,0.08662057026590626,0.9056648770432688,0.007714552690824932,WARNING
1111,0.02299143165044701,0.9679207351868536,0.009087833162699503,WARNING
1112,0.02422714959207628,0.9669675459662848,0.008805304441638928,WARNING
1113,0.027636424954655854,0.9611712561835231,0.01119231886182115,WARNING
1114,0.022962644731904135,0.9681103664018829,0.008926988866213003,WARNING
1115,0.02074854261085519,0.007366501015332393,0.9718849563738124,CRITICAL
1116,0.03008257160137904,0.009116012952824108,0.9608014154457968,CRITICAL
1117,0.02858887985087968,0.008718042768064054,0.9626930773810563,CRITICAL
1118,0.02860333375130599,0.008718145313409068,0.9626785209352849,CRITICAL
1119,0.02858887985087968,0.008718042768064054,0.9626930773810563,CRITICAL
1120,0.029512063309713895,0.008724571268763569,0.9617633654215225,CRITICAL
1121,0.028872017263471224,0.008720049600161735,0.9624079331363671,CRITICAL
1122,0.02830886880946178,0.00871605408890101,0.9629750771016372,CRITICAL
1123,0.02830886880946178,0.00871605408890101,0.9629750771016372,CRITICAL
1124,0.02830886880946178,0.00871605408890101,0.9629750771016372,CRITICAL
1125,0.03008257160137904,0.009116012952824108,0.9608014154457968,CRITICAL
1126,0.02858887985087968,0.008718042768064054,0.9626930773810563,CRITICAL
1127,0.02858887985087968,0.008718042768064054,0.9626930773810563,CRITICAL
1128,0.02858887985087968,0.008718042768064054,0.9626930773810563,CRITICAL
1129,0.029512063309713895,0.008724571268763569,0.9617633654215225,CRITICAL
1130,0.028872017263471224,0.008720049600161735,0.9624079331363671,CRITICAL
1131,0.028517991667209378,0.008717539687536333,0.9627644686452543,CRITICAL
1132,0.02830886880946178,0.00871605408890101,0.9629750771016372,CRITICAL
1133,0.02925851429321978,0.008722782500926141,0.9620187032058541,CRITICAL
1134,0.03818500318985883,0.0059941422266835825,0.9558208545834576,CRITICAL
1135,0.03821525087137532,0.005994188029792427,0.9557905610988322,CRITICAL
1136,0.03821525087137532,0.005994188029792427,0.9557905610988322,CRITICAL
1137,0.03821525087137532,0.005994188029792427,0.9557905610988322,CRITICAL
1138,0.03871843364338472,0.005994948158628838,0.9552866181979864,CRITICAL
1139,0.03821525087137532,0.005994188029792427,0.9557905610988322,CRITICAL
1140,0.03821525087137532,0.005994188029792427,0.9557905610988322,CRITICAL
1141,0.03821525087137532,0.005994188029792427,0.9557905610988322,CRITICAL
1142,0.03821525087137532,0.005994188029792427,0.9557905610988322,CRITICAL
1143,0.03818500318985883,0.0059941422266835825,0.9558208545834576,CRITICAL
1144,0.03821525087137532,0.005994188029792427,0.9557905610988322,CRITICAL
1145,0.03821525087137532,0.005994188029792427,0.9557905610988322,CRITICAL
1146,0.03821525087137532,0.005994188029792427,0.9557905610988322,CRITICAL
1147,0.03821525087137532,0.005994188029792427,0.9557905610988322,CRITICAL
1148,0.03821525087137532,0.005994188029792427,0.9557905610988322,CRITICAL
1149,0.03821525087137532,0.005994188029792427,0.9557905610988322,CRITICAL
1150,0.03821525087137532,0.005994188029792427,0.9557905610988322,CRITICAL
1151,0.03821525087137532,0.005994188029792427,0.9557905610988322,CRITICAL
1152,0.030582547432366734,0.9622489244128319,0.007168528154801285,WARNING
1153,0.04922866562393718,0.2969394558322266,0.6538318785438363,CRITICAL
1154,0.02102548511554059,0.007279260605488684,0.9716952542789707,CRITICAL
1155,0.020679964332524003,0.007277877083511766,0.9720421585839643,CRITICAL
1156,0.020679964332524003,0.007277877083511766,0.9720421585839643,CRITICAL
1157,0.025119498414386147,0.010072148428811177,0.9648083531568027,CRITICAL
1158,0.02096336900326653,0.007279012113066289,0.9717576188836672,CRITICAL
1159,0.02140781688464654,0.007734306055291428,0.9708578770600621,CRITICAL
1160,0.027283929592402383,0.007529514281744171,0.9651865561258535,CRITICAL
1161,0.027689848384452122,0.9651787672324024,0.007131384383145379,WARNING
1162,0.05061599990697081,0.2290942602232498,0.7202897398697795,CRITICAL
1163,0.020741249921889738,0.007278122709855139,0.9719806273682551,CRITICAL
1164,0.027270671341149497,0.010411711138545186,0.9623176175203053,CRITICAL
1165,0.022652794329488805,0.010045185630345952,0.9673020200401653,CRITICAL
1166,0.025119498414386147,0.010072148428811177,0.9648083531568027,CRITICAL
1167,0.02138751561595729,0.007503949782523796,0.9711085346015189,CRITICAL
1168,0.020679964332524003,0.007277877083511766,0.9720421585839643,CRITICAL
1169,0.020958550018601425,0.007278992830741904,0.9717624571506566,CRITICAL
1170,0.021075880615535846,0.007279462136165457,0.9716446572482987,CRITICAL
1171,0.020670036941938315,0.007277837286233385,0.9720521257718283,CRITICAL
1172,0.02063734591884287,0.007277382294060635,0.9720852717870965,CRITICAL
1173,0.02119080477745856,0.007279597165977742,0.9715295980565637,CRITICAL
1174,0.02063734591884287,0.007277382294060635,0.9720852717870965,CRITICAL
1175,0.02119080477745856,0.007279597165977742,0.9715295980565637,CRITICAL
1176,0.02063734591884287,0.007277382294060635,0.9720852717870965,CRITICAL
1177,0.02063734591884287,0.007277382294060635,0.9720852717870965,CRITICAL
1178,0.02063734591884287,0.007277382294060635,0.9720852717870965,CRITICAL
1179,0.021075880615535846,0.007279462136165457,0.9716446572482987,CRITICAL
1180,0.020670036941938315,0.007277837286233385,0.9720521257718283,CRITICAL
1181,0.024386253474793226,0.007292233035103055,0.9683215134901038,CRITICAL
1182,0.03527810658173224,0.008318758734676633,0.9564031346835912,CRITICAL
1183,0.02071496171473349,0.00782480931866317,0.9714602289666033,CRITICAL
1184,0.02119080477745856,0.007279597165977742,0.9715295980565637,CRITICAL
1185,0.02063734591884287,0.007277382294060635,0.9720852717870965,CRITICAL
1186,0.02660106042621461,0.007992847686424397,0.965406091887361,CRITICAL
1187,0.035814703418368295,0.010851928722447566,0.9533333678591841,CRITICAL
1188,0.02668404656444368,0.008291659922761626,0.9650242935127946,CRITICAL
1189,0.02068733477698412,0.007277906628731922,0.972034758594284,CRITICAL
1190,0.020679964332524003,0.007277877083511766,0.9720421585839643,CRITICAL
1191,0.020679964332524003,0.007277877083511766,0.9720421585839643,CRITICAL
1192,0.02067740388691515,0.0072778668193546016,0.9720447292937302,CRITICAL
1193,0.02125968748253563,0.007280196616093753,0.9714601159013707,CRITICAL
1194,0.02067740388691515,0.0072778668193546016,0.9720447292937302,CRITICAL
1195,0.020670036941938315,0.007277837286233385,0.9720521257718283,CRITICAL
1196,0.02067740388691515,0.0072778668193546016,0.9720447292937302,CRITICAL
1197,0.027498224328200236,0.007965114038305146,0.9645366616334946,CRITICAL
1198,0.020679964332524003,0.007277877083511766,0.9720421585839643,CRITICAL
1199,0.020679964332524003,0.007277877083511766,0.9720421585839643,CRITICAL
1200,0.020679964332524003,0.007277877083511766,0.9720421585839643,CRITICAL
1201,0.020670036941938315,0.007277837286233385,0.9720521257718283,CRITICAL
1202,0.020670036941938315,0.007277837286233385,0.9720521257718283,CRITICAL
1203,0.020670036941938315,0.007277837286233385,0.9720521257718283,CRITICAL
1204,0.020670036941938315,0.007277837286233385,0.9720521257718283,CRITICAL
1205,0.020670036941938315,0.007277837286233385,0.9720521257718283,CRITICAL
1206,0.020670036941938315,0.007277837286233385,0.9720521257718283,CRITICAL
1207,0.020670036941938315,0.007277837286233385,0.9720521257718283,CRITICAL
1208,0.020670036941938315,0.007277837286233385,0.9720521257718283,CRITICAL
1209,0.020670036941938315,0.007277837286233385,0.9720521257718283,CRITICAL
1210,0.020670036941938315,0.007277837286233385,0.9720521257718283,CRITICAL
1211,0.020670036941938315,0.007277837286233385,0.9720521257718283,CRITICAL
1212,0.020670036941938315,0.007277837286233385,0.9720521257718283,CRITICAL
1213,0.02063734591884287,0.007277382294060635,0.9720852717870965,CRITICAL
1214,0.02063734591884287,0.007277382294060635,0.9720852717870965,CRITICAL
1215,0.020670036941938315,0.007277837286233385,0.9720521257718283,CRITICAL
1216,0.020670036941938315,0.007277837286233385,0.9720521257718283,CRITICAL
1217,0.020670036941938315,0.007277837286233385,0.9720521257718283,CRITICAL
1218,0.020670036941938315,0.007277837286233385,0.9720521257718283,CRITICAL
1219,0.020670036941938315,0.007277837286233385,0.9720521257718283,CRITICAL
1220,0.020670036941938315,0.007277837286233385,0.9720521257718283,CRITICAL
1221,0.020670036941938315,0.007277837286233385,0.9720521257718283,CRITICAL
1222,0.02063734591884287,0.007277382294060635,0.9720852717870965,CRITICAL
1223,0.02063734591884287,0.007277382294060635,0.9720852717870965,CRITICAL
1224,0.49462431580476024,0.4967652038628465,0.008610480332393193,NORMAL
1225,0.023417192075526443,0.9664936571053793,0.010089150819094225,WARNING
1226,0.02334179935130868,0.9677546425011754,0.008903558147515816,WARNING
1227,0.021963763534947646,0.9691073608293771,0.008928875635675272,WARNING
1228,0.02522542140775965,0.9641166346698083,0.010657943922431894,WARNING
1229,0.02166856433572857,0.9711315083923704,0.007199927271901012,WARNING
1230,0.021963763534947646,0.9691073608293771,0.008928875635675272,WARNING
1231,0.02252254220663192,0.9701550051503913,0.0073224526429768386,WARNING
1232,0.021963763534947646,0.9691073608293771,0.008928875635675272,WARNING
1233,0.19778063133255525,0.7939023542619178,0.008317014405526893,WARNING
1234,0.0228112454742328,0.9690949499656902,0.008093804560077009,WARNING
1235,0.022285629647210658,0.9694419702497005,0.008272400103088877,WARNING
1236,0.021863425167877364,0.9698059900511031,0.00833058478101954,WARNING
1237,0.0216419955421808,0.9713090050900542,0.0070489993677648605,WARNING
1238,0.0216419955421808,0.9713090050900542,0.0070489993677648605,WARNING
1239,0.026174386350358226,0.9648793093441481,0.008946304305493697,WARNING
1240,0.0216419955421808,0.9713090050900542,0.0070489993677648605,WARNING
1241,0.02193231134390022,0.9693275206547798,0.008740168001319992,WARNING
1242,0.9879624270110484,0.005915827228695014,0.006121745760256779,NORMAL
1243,0.9879624270110484,0.005915827228695014,0.006121745760256779,NORMAL
1244,0.9879624270110484,0.005915827228695014,0.006121745760256779,NORMAL
1245,0.9879116072939995,0.0059666425079298825,0.006121750198070801,NORMAL
1246,0.9858972871031655,0.00798062303885271,0.006122089857981909,NORMAL
1247,0.9837534131779617,0.010123840563153273,0.006122746258885168,NORMAL
1248,0.9774208723600991,0.01645316753773067,0.006125960102170206,NORMAL
1249,0.18160890098414148,0.8117872612733185,0.006603837742540002,CRITICAL
1250,0.0490723672430576,0.9445971759481472,0.006330456808795275,WARNING
1251,0.9879624270110484,0.005915827228695014,0.006121745760256779,NORMAL
1252,0.9879624270110484,0.005915827228695014,0.006121745760256779,NORMAL
1253,0.9879624270110484,0.005915827228695014,0.006121745760256779,NORMAL
1254,0.987948339162869,0.005929913869100043,0.006121746968031051,NORMAL
1255,0.9858147489818345,0.008063141054403157,0.006122109963762288,NORMAL
1256,0.9793971659350325,0.01447804796342619,0.006124786101541327,NORMAL
1257,0.9778359653444482,0.01603833232555756,0.006125702329994221,NORMAL
1258,0.056560316451551636,0.9370865588818832,0.006353124666565142,WARNING
1259,0.04988498780862978,0.9437820316653649,0.00633298052600534,WARNING
1260,0.034494584685036085,0.007746828307016995,0.9577585870079469,CRITICAL
1261,0.022279781530085075,0.007691750289698079,0.9700284681802169,CRITICAL
1262,0.021259506849054245,0.007452629477056434,0.9712878636738893,CRITICAL
1263,0.021074217825291015,0.007285018811341744,0.9716407633633672,CRITICAL
1264,0.03564189547723599,0.007656787693577354,0.9567013168291867,CRITICAL
1265,0.02063734591884287,0.007277382294060635,0.9720852717870965,CRITICAL
1266,0.02063734591884287,0.007277382294060635,0.9720852717870965,CRITICAL
1267,0.02063734591884287,0.007277382294060635,0.9720852717870965,CRITICAL
1268,0.02063734591884287,0.007277382294060635,0.9720852717870965,CRITICAL
1269,0.034494584685036085,0.007746828307016995,0.9577585870079469,CRITICAL
1270,0.021259506849054245,0.007452629477056434,0.9712878636738893,CRITICAL
1271,0.021259506849054245,0.007452629477056434,0.9712878636738893,CRITICAL
1272,0.021066710885248943,0.00728498870634555,0.9716483004084054,CRITICAL
1273,0.03564189547723599,0.007656787693577354,0.9567013168291867,CRITICAL
1274,0.02063734591884287,0.007277382294060635,0.9720852717870965,CRITICAL
1275,0.02063734591884287,0.007277382294060635,0.9720852717870965,CRITICAL
1276,0.02063734591884287,0.007277382294060635,0.9720852717870965,CRITICAL
1277,0.02063734591884287,0.007277382294060635,0.9720852717870965,CRITICAL
1278,0.020995550733366997,0.007300088651915256,0.9717043606147178,CRITICAL
1279,0.020670036941938315,0.007277837286233385,0.9720521257718283,CRITICAL
1280,0.020670036941938315,0.007277837286233385,0.9720521257718283,CRITICAL
1281,0.020670036941938315,0.007277837286233385,0.9720521257718283,CRITICAL
1282,0.02078288143090296,0.007278289508259419,0.9719388290608376,CRITICAL
1283,0.02063734591884287,0.007277382294060635,0.9720852717870965,CRITICAL
1284,0.02063734591884287,0.007277382294060635,0.9720852717870965,CRITICAL
1285,0.02063734591884287,0.007277382294060635,0.9720852717870965,CRITICAL
1286,0.02063734591884287,0.007277382294060635,0.9720852717870965,CRITICAL
1287,0.020995550733366997,0.007300088651915256,0.9717043606147178,CRITICAL
1288,0.02067740388691515,0.0072778668193546016,0.9720447292937302,CRITICAL
1289,0.02067740388691515,0.0072778668193546016,0.9720447292937302,CRITICAL
1290,0.020670036941938315,0.007277837286233385,0.9720521257718283,CRITICAL
1291,0.02078288143090296,0.007278289508259419,0.9719388290608376,CRITICAL
1292,0.02063734591884287,0.007277382294060635,0.9720852717870965,CRITICAL
1293,0.02063734591884287,0.007277382294060635,0.9720852717870965,CRITICAL
1294,0.02063734591884287,0.007277382294060635,0.9720852717870965,CRITICAL
1295,0.02063734591884287,0.007277382294060635,0.9720852717870965,CRITICAL
1296,0.9859791409469767,0.008500740869144683,0.005520118183878616,NORMAL
1297,0.9859791409469767,0.008500740869144683,0.005520118183878616,NORMAL
1298,0.9859791409469767,0.008500740869144683,0.005520118183878616,NORMAL
1299,0.9859791409469767,0.008500740869144683,0.005520118183878616,NORMAL
1300,0.9859791409469767,0.008500740869144683,0.005520118183878616,NORMAL
1301,0.9859791409469767,0.008500740869144683,0.005520118183878616,NORMAL
1302,0.9859791409469767,0.008500740869144683,0.005520118183878616,NORMAL
1303,0.9859791409469767,0.008500740869144683,0.005520118183878616,NORMAL
1304,0.9859791409469767,0.008500740869144683,0.005520118183878616,NORMAL
1305,0.9859791409469767,0.008500740869144683,0.005520118183878616,NORMAL
1306,0.9859791409469767,0.008500740869144683,0.005520118183878616,NORMAL
1307,0.9859791409469767,0.008500740869144683,0.005520118183878616,NORMAL
1308,0.9859791409469767,0.008500740869144683,0.005520118183878616,NORMAL
1309,0.9859791409469767,0.008500740869144683,0.005520118183878616,NORMAL
1310,0.9859791409469767,0.008500740869144683,0.005520118183878616,NORMAL
1311,0.9859791409469767,0.008500740869144683,0.005520118183878616,NORMAL
1312,0.9859791409469767,0.008500740869144683,0.005520118183878616,NORMAL
1313,0.9859791409469767,0.008500740869144683,0.005520118183878616,NORMAL
1314,0.02830886880946178,0.00871605408890101,0.9629750771016372,CRITICAL
1315,0.02830886880946178,0.00871605408890101,0.9629750771016372,CRITICAL
1316,0.02830886880946178,0.00871605408890101,0.9629750771016372,CRITICAL
1317,0.02830886880946178,0.00871605408890101,0.9629750771016372,CRITICAL
1318,0.02830886880946178,0.00871605408890101,0.9629750771016372,CRITICAL
1319,0.02830886880946178,0.00871605408890101,0.9629750771016372,CRITICAL
1320,0.02830886880946178,0.00871605408890101,0.9629750771016372,CRITICAL
1321,0.02830886880946178,0.00871605408890101,0.9629750771016372,CRITICAL
1322,0.02940883917553016,0.008723843417879502,0.9618673174065904,CRITICAL
1323,0.02830886880946178,0.00871605408890101,0.9629750771016372,CRITICAL
1324,0.02830886880946178,0.00871605408890101,0.9629750771016372,CRITICAL
1325,0.02830886880946178,0.00871605408890101,0.9629750771016372,CRITICAL
1326,0.02830886880946178,0.00871605408890101,0.9629750771016372,CRITICAL
1327,0.02830886880946178,0.00871605408890101,0.9629750771016372,CRITICAL
1328,0.02830886880946178,0.00871605408890101,0.9629750771016372,CRITICAL
1329,0.02830886880946178,0.00871605408890101,0.9629750771016372,CRITICAL
1330,0.02830886880946178,0.00871605408890101,0.9629750771016372,CRITICAL
1331,0.02830886880946178,0.00871605408890101,0.9629750771016372,CRITICAL
1332,0.03818500318985883,0.0059941422266835825,0.9558208545834576,CRITICAL
1333,0.03818500318985883,0.0059941422266835825,0.9558208545834576,CRITICAL
1334,0.03818500318985883,0.0059941422266835825,0.9558208545834576,CRITICAL
1335,0.03818500318985883,0.0059941422266835825,0.9558208545834576,CRITICAL
1336,0.03818500318985883,0.0059941422266835825,0.9558208545834576,CRITICAL
1337,0.03818500318985883,0.0059941422266835825,0.9558208545834576,CRITICAL
1338,0.03818500318985883,0.0059941422266835825,0.9558208545834576,CRITICAL
1339,0.17701856014991396,0.006159870951476188,0.8168215688986099,CRITICAL
1340,0.1718944982487159,0.006156797512829173,0.8219487042384549,CRITICAL
1341,0.038191475530817975,0.005994152028595305,0.9558143724405868,CRITICAL
1342,0.03818500318985883,0.0059941422266835825,0.9558208545834576,CRITICAL
1343,0.03818500318985883,0.0059941422266835825,0.9558208545834576,CRITICAL
1344,0.03818500318985883,0.0059941422266835825,0.9558208545834576,CRITICAL
1345,0.038191475530817975,0.005994152028595305,0.9558143724405868,CRITICAL
1346,0.03818500318985883,0.0059941422266835825,0.9558208545834576,CRITICAL
1347,0.03818500318985883,0.0059941422266835825,0.9558208545834576,CRITICAL
1348,0.06149739611713296,0.006041013426726289,0.9324615904561409,CRITICAL
1349,0.03819246096534202,0.005994153520917417,0.9558133855137406,CRITICAL
1350,0.9858110441427328,0.007537795302202591,0.006651160555064729,NORMAL
1351,0.9838455437339414,0.009497401778330621,0.006657054487728073,NORMAL
1352,0.9835135210442425,0.009828364852653024,0.00665811410310448,NORMAL
1353,0.9835135210442425,0.009828364852653024,0.00665811410310448,NORMAL
1354,0.9839841753800548,0.00935920742873872,0.006656617191206537,NORMAL
1355,0.9832197496450521,0.010121184605976772,0.0066590657489712345,NORMAL
1356,0.9834165526321876,0.009925020588461569,0.006658426779350764,NORMAL
1357,0.9830188161071445,0.01032145980901997,0.006659724083835511,NORMAL
1358,0.9860857612738956,0.007263845291017645,0.006650393435086823,NORMAL
1359,0.9838920551560669,0.009451037411978348,0.006656907431954596,NORMAL
1360,0.9837046378576613,0.009637860067023064,0.006657502075315653,NORMAL
1361,0.9838455437339414,0.009497401778330621,0.006657054487728073,NORMAL
1362,0.9841661811320803,0.009177771101525421,0.006656047766394324,NORMAL
1363,0.9838455437339414,0.009497401778330621,0.006657054487728073,NORMAL
1364,0.9834165526321876,0.009925020588461569,0.006658426779350764,NORMAL
1365,0.9830188161071445,0.01032145980901997,0.006659724083835511,NORMAL
1366,0.9860857612738956,0.007263845291017645,0.006650393435086823,NORMAL
1367,0.9860857612738956,0.007263845291017645,0.006650393435086823,NORMAL
1368,0.028354897253785358,0.008716381264335262,0.9629287214818794,CRITICAL
1369,0.028354897253785358,0.008716381264335262,0.9629287214818794,CRITICAL
1370,0.028354897253785358,0.008716381264335262,0.9629287214818794,CRITICAL
1371,0.028344797205108407,0.008716309481311031,0.9629388933135805,CRITICAL
1372,0.028354897253785358,0.008716381264335262,0.9629287214818794,CRITICAL
1373,0.028344797205108407,0.008716309481311031,0.9629388933135805,CRITICAL
1374,0.028344797205108407,0.008716309481311031,0.9629388933135805,CRITICAL
1375,0.02833047268375275,0.008716207665191785,0.9629533196510555,CRITICAL
1376,0.028390350509795926,0.008716633196320793,0.9628930162938832,CRITICAL
1377,0.028354897253785358,0.008716381264335262,0.9629287214818794,CRITICAL
1378,0.028354897253785358,0.008716381264335262,0.9629287214818794,CRITICAL
1379,0.028354897253785358,0.008716381264335262,0.9629287214818794,CRITICAL
1380,0.028344797205108407,0.008716309481311031,0.9629388933135805,CRITICAL
1381,0.028344797205108407,0.008716309481311031,0.9629388933135805,CRITICAL
1382,0.028354897253785358,0.008716381264335262,0.9629287214818794,CRITICAL
1383,0.028344797205108407,0.008716309481311031,0.9629388933135805,CRITICAL
1384,0.02833047268375275,0.008716207665191785,0.9629533196510555,CRITICAL
1385,0.028390350509795926,0.008716633196320793,0.9628930162938832,CRITICAL
1386,0.028626798315272012,0.008718311763649681,0.9626548899210784,CRITICAL
1387,0.028686805034748096,0.008718737305344075,0.9625944576599078,CRITICAL
1388,0.028686805034748096,0.008718737305344075,0.9625944576599078,CRITICAL
1389,0.028612332674027578,0.008718209152243401,0.962669458173729,CRITICAL
1390,0.028612332674027578,0.008718209152243401,0.962669458173729,CRITICAL
1391,0.028686805034748096,0.008718737305344075,0.9625944576599078,CRITICAL
1392,0.028654803450122036,0.00871851038668465,0.9626266861631934,CRITICAL
1393,0.02858041335230373,0.008717982696301344,0.9627016039513949,CRITICAL
1394,0.02858041335230373,0.008717982696301344,0.9627016039513949,CRITICAL
1395,0.02870130795623805,0.00871884012638701,0.9625798519173749,CRITICAL
1396,0.028686805034748096,0.008718737305344075,0.9625944576599078,CRITICAL
1397,0.028612332674027578,0.008718209152243401,0.962669458173729,CRITICAL
1398,0.028686805034748096,0.008718737305344075,0.9625944576599078,CRITICAL
1399,0.028654803450122036,0.00871851038668465,0.9626266861631934,CRITICAL
1400,0.02858041335230373,0.008717982696301344,0.9627016039513949,CRITICAL
1401,0.03119959843906943,0.008736396057411375,0.9600640055035192,CRITICAL
1402,0.028654803450122036,0.00871851038668465,0.9626266861631934,CRITICAL
1403,0.028654803450122036,0.00871851038668465,0.9626266861631934,CRITICAL
1404,0.031673613419977494,0.9625803670597964,0.005746019520226084,WARNING
1405,0.07309316071131149,0.6983342205985802,0.22857261869010825,CRITICAL
1406,0.030421236118237036,0.009006139813673117,0.9605726240680897,CRITICAL
1407,0.029923979863323725,0.008727470495700124,0.9613485496409762,CRITICAL
1408,0.04969466033097883,0.008857884665968357,0.9414474550030528,CRITICAL
1409,0.02833047268375275,0.008716207665191785,0.9629533196510555,CRITICAL
1410,0.0401763487614861,0.008797105455829015,0.9510265457826849,CRITICAL
1411,0.03412368335236393,0.008756564744217349,0.9571197519034187,CRITICAL
1412,0.03940000047279494,0.00879199213388688,0.9518080073933183,CRITICAL
1413,0.031673613419977494,0.9625803670597964,0.005746019520226084,WARNING
1414,0.0355232431243859,0.9535081781323902,0.010968578743224013,CRITICAL
1415,0.03655727547481278,0.009052270728412623,0.9543904537967747,CRITICAL
1416,0.028344797205108407,0.008716309481311031,0.9629388933135805,CRITICAL
1417,0.02925851429321978,0.008722782500926141,0.9620187032058541,CRITICAL
1418,0.02833047268375275,0.008716207665191785,0.9629533196510555,CRITICAL
1419,0.07761502169442071,0.009018671958503078,0.9133663063470763,CRITICAL
1420,0.02830886880946178,0.00871605408890101,0.9629750771016372,CRITICAL
1421,0.04502954797394086,0.008828525389330148,0.946141926636729,CRITICAL
1422,0.9861079981893971,0.007241669806979821,0.0066503320036230456,NORMAL
1423,0.9861079981893971,0.007241669806979821,0.0066503320036230456,NORMAL
1424,0.9861079981893971,0.007241669806979821,0.0066503320036230456,NORMAL
1425,0.9861079981893971,0.007241669806979821,0.0066503320036230456,NORMAL
1426,0.9861079981893971,0.007241669806979821,0.0066503320036230456,NORMAL
1427,0.9861079981893971,0.007241669806979821,0.0066503320036230456,NORMAL
1428,0.986100881990225,0.007248766357948075,0.0066503516518267945,NORMAL
1429,0.9860857612738956,0.007263845291017645,0.006650393435086823,NORMAL
1430,0.9860926623356847,0.007256963304775756,0.006650374359539423,NORMAL
1431,0.9861079981893971,0.007241669806979821,0.0066503320036230456,NORMAL
1432,0.9861079981893971,0.007241669806979821,0.0066503320036230456,NORMAL
1433,0.9861079981893971,0.007241669806979821,0.0066503320036230456,NORMAL
1434,0.9861079981893971,0.007241669806979821,0.0066503320036230456,NORMAL
1435,0.9861079981893971,0.007241669806979821,0.0066503320036230456,NORMAL
1436,0.9861079981893971,0.007241669806979821,0.0066503320036230456,NORMAL
1437,0.9860939887140747,0.0072556405915826586,0.006650370694342556,NORMAL
1438,0.9860857612738956,0.007263845291017645,0.006650393435086823,NORMAL
1439,0.9860857612738956,0.007263845291017645,0.006650393435086823,NORMAL
1440,0.03820332523439863,0.005994169972668094,0.9558025047929333,CRITICAL
1441,0.03820332523439863,0.005994169972668094,0.9558025047929333,CRITICAL
1442,0.03818760963086173,0.005994146174026586,0.9558182441951116,CRITICAL
1443,0.03818760963086173,0.005994146174026586,0.9558182441951116,CRITICAL
1444,0.03818760963086173,0.005994146174026586,0.9558182441951116,CRITICAL
1445,0.03819408239914093,0.0059941559763551176,0.9558117616245039,CRITICAL
1446,0.03818760963086173,0.005994146174026586,0.9558182441951116,CRITICAL
1447,0.03818760963086173,0.005994146174026586,0.9558182441951116,CRITICAL
1448,0.03818760963086173,0.005994146174026586,0.9558182441951116,CRITICAL
1449,0.03820332523439863,0.005994169972668094,0.9558025047929333,CRITICAL
1450,0.038209800579170804,0.005994179777509344,0.9557960196433198,CRITICAL
1451,0.03818760963086173,0.005994146174026586,0.9558182441951116,CRITICAL
1452,0.03818760963086173,0.005994146174026586,0.9558182441951116,CRITICAL
1453,0.03818760963086173,0.005994146174026586,0.9558182441951116,CRITICAL
1454,0.03819408239914093,0.0059941559763551176,0.9558117616245039,CRITICAL
1455,0.03818760963086173,0.005994146174026586,0.9558182441951116,CRITICAL
1456,0.03818760963086173,0.005994146174026586,0.9558182441951116,CRITICAL
1457,0.03818760963086173,0.005994146174026586,0.9558182441951116,CRITICAL
1458,0.9796151561816886,0.013664980151294515,0.0067198636670169135,NORMAL
1459,0.9791375710012559,0.014140729461036733,0.006721699537707451,NORMAL
1460,0.9855854716045975,0.007762726860813835,0.006651801534588662,NORMAL
1461,0.9855854716045975,0.007762726860813835,0.006651801534588662,NORMAL
1462,0.9831070833640756,0.010146013844815872,0.006746902791108624,NORMAL
1463,0.9858661562727817,0.0074828382701996625,0.006651005457018675,NORMAL
1464,0.9847574807199521,0.008588283546961834,0.0066542357330861895,NORMAL
1465,0.9835163680685158,0.0097777125320169,0.006705919399467297,NORMAL
1466,0.9838477225412017,0.009447443856145772,0.006704833602652654,NORMAL
1467,0.9841661811320803,0.009177771101525421,0.006656047766394324,NORMAL
1468,0.9835132863864412,0.00982859875553017,0.006658114858028578,NORMAL
1469,0.9855854716045975,0.007762726860813835,0.006651801534588662,NORMAL
1470,0.9855854716045975,0.007762726860813835,0.006651801534588662,NORMAL
1471,0.9856315180102777,0.007716812096786283,0.006651669892936069,NORMAL
1472,0.9860859951101418,0.007263612101287145,0.006650392788570938,NORMAL
1473,0.9833638879921042,0.00992968716983554,0.006706424838060389,NORMAL
1474,0.9839177571948277,0.009377636450485467,0.00670460635468699,NORMAL
1475,0.9841382693565239,0.009157834582480385,0.006703896060995715,NORMAL
1476,0.9859791409469767,0.008500740869144683,0.005520118183878616,NORMAL
1477,0.9859791409469767,0.008500740869144683,0.005520118183878616,NORMAL
1478,0.9859791409469767,0.008500740869144683,0.005520118183878616,NORMAL
1479,0.9859791409469767,0.008500740869144683,0.005520118183878616,NORMAL
1480,0.9859791409469767,0.008500740869144683,0.005520118183878616,NORMAL
1481,0.9859791409469767,0.008500740869144683,0.005520118183878616,NORMAL
1482,0.9859791409469767,0.008500740869144683,0.005520118183878616,NORMAL
1483,0.9859791409469767,0.008500740869144683,0.005520118183878616,NORMAL
1484,0.9859791409469767,0.008500740869144683,0.005520118183878616,NORMAL
1485,0.9859791409469767,0.008500740869144683,0.005520118183878616,NORMAL
1486,0.9859791409469767,0.008500740869144683,0.005520118183878616,NORMAL
1487,0.9859791409469767,0.008500740869144683,0.005520118183878616,NORMAL
1488,0.9859791409469767,0.008500740869144683,0.005520118183878616,NORMAL
1489,0.9859791409469767,0.008500740869144683,0.005520118183878616,NORMAL
1490,0.9859791409469767,0.008500740869144683,0.005520118183878616,NORMAL
1491,0.9859791409469767,0.008500740869144683,0.005520118183878616,NORMAL
1492,0.9859791409469767,0.008500740869144683,0.005520118183878616,NORMAL
1493,0.9859791409469767,0.008500740869144683,0.005520118183878616,NORMAL
1494,0.024593936587086272,0.9662853317628224,0.009120731650091373,WARNING
1495,0.023170607019377554,0.96282067928063,0.014008713699992537,WARNING
1496,0.026421147934463096,0.01064517266384385,0.962933679401693,CRITICAL
1497,0.020741249921889738,0.007278122709855139,0.9719806273682551,CRITICAL
1498,0.020741249921889738,0.007278122709855139,0.9719806273682551,CRITICAL
1499,0.02068733477698412,0.007277906628731922,0.972034758594284,CRITICAL
1500,0.020679964332524003,0.007277877083511766,0.9720421585839643,CRITICAL
1501,0.020679964332524003,0.007277877083511766,0.9720421585839643,CRITICAL
1502,0.02063734591884287,0.007277382294060635,0.9720852717870965,CRITICAL
1503,0.0270769869768289,0.9623658795115612,0.010557133511609845,WARNING
1504,0.02691914664021401,0.9565878382602533,0.016493015099532715,WARNING
1505,0.025861722603674607,0.9534969026908098,0.02064137470551561,WARNING
1506,0.02074864196909821,0.007278152329735095,0.9719732057011667,CRITICAL
1507,0.020679964332524003,0.007277877083511766,0.9720421585839643,CRITICAL
1508,0.020679964332524003,0.007277877083511766,0.9720421585839643,CRITICAL
1509,0.020679964332524003,0.007277877083511766,0.9720421585839643,CRITICAL
1510,0.027903622954021563,0.007306189072584896,0.9647901879733934,CRITICAL
1511,0.10626669486313836,0.007561157431883926,0.8861721477049778,CRITICAL
1512,0.0351873687798368,0.9480803509859619,0.01673228023420134,WARNING
1513,0.03563701507597966,0.9459102312873773,0.018452753636643126,WARNING
1514,0.03559953701365637,0.9501277338003562,0.014272729185987425,WARNING
1515,0.033941266984917895,0.9524694468943119,0.01358928612077033,WARNING
1516,0.03483636898931616,0.9508731541409382,0.014290476869745715,WARNING
1517,0.03483615863562732,0.9523691262096956,0.012794715154677087,WARNING
1518,0.0340648450049755,0.9536280614170244,0.012307093578000094,WARNING
1519,0.0432059031582031,0.9418049923137591,0.014989104528037813,WARNING
1520,0.03530914490318502,0.9524239016674215,0.012266953429393402,WARNING
1521,0.03841689851021727,0.9507235416085752,0.01085955988120753,WARNING
1522,0.035782551969132874,0.9474652005486988,0.016752247482168407,WARNING
1523,0.03490054663537173,0.9508063432211095,0.014293110143518872,WARNING
1524,0.034478951594202625,0.950924668696046,0.014596379709751287,WARNING
1525,0.04090470143537086,0.9498329859196528,0.00926231264497628,WARNING
1526,0.0340648450049755,0.9536280614170244,0.012307093578000094,WARNING
1527,0.03537679722269841,0.9525440386965707,0.012079164080730924,WARNING
1528,0.0340648450049755,0.9536280614170244,0.012307093578000094,WARNING
1529,0.035659583356589954,0.9519823135225713,0.012358103120838708,WARNING
1530,0.038211017652038264,0.0059941816203135535,0.9557948007276482,CRITICAL
1531,0.03818500318985883,0.0059941422266835825,0.9558208545834576,CRITICAL
1532,0.038191475530817975,0.005994152028595305,0.9558143724405868,CRITICAL
1533,0.03818500318985883,0.0059941422266835825,0.9558208545834576,CRITICAL
1534,0.038211017652038264,0.0059941816203135535,0.9557948007276482,CRITICAL
1535,0.038191475530817975,0.005994152028595305,0.9558143724405868,CRITICAL
1536,0.038191475530817975,0.005994152028595305,0.9558143724405868,CRITICAL
1537,0.03818500318985883,0.0059941422266835825,0.9558208545834576,CRITICAL
1538,0.038191475530817975,0.005994152028595305,0.9558143724405868,CRITICAL
1539,0.038211017652038264,0.0059941816203135535,0.9557948007276482,CRITICAL
1540,0.03818500318985883,0.0059941422266835825,0.9558208545834576,CRITICAL
1541,0.038211017652038264,0.0059941816203135535,0.9557948007276482,CRITICAL
1542,0.03818500318985883,0.0059941422266835825,0.9558208545834576,CRITICAL
1543,0.038191475530817975,0.005994152028595305,0.9558143724405868,CRITICAL
1544,0.038211017652038264,0.0059941816203135535,0.9557948007276482,CRITICAL
1545,0.03822053887742175,0.005994196035970776,0.9557852650866074,CRITICAL
1546,0.038191475530817975,0.005994152028595305,0.9558143724405868,CRITICAL
1547,0.03818500318985883,0.0059941422266835825,0.9558208545834576,CRITICAL
1548,0.9879624270110484,0.005915827228695014,0.006121745760256779,NORMAL
1549,0.9879624270110484,0.005915827228695014,0.006121745760256779,NORMAL
1550,0.9879624270110484,0.005915827228695014,0.006121745760256779,NORMAL
1551,0.9879624270110484,0.005915827228695014,0.006121745760256779,NORMAL
1552,0.9879624270110484,0.005915827228695014,0.006121745760256779,NORMAL
1553,0.9879624270110484,0.005915827228695014,0.006121745760256779,NORMAL
1554,0.9879624270110484,0.005915827228695014,0.006121745760256779,NORMAL
1555,0.9879624270110484,0.005915827228695014,0.006121745760256779,NORMAL
1556,0.9879624270110484,0.005915827228695014,0.006121745760256779,NORMAL
1557,0.9879624270110484,0.005915827228695014,0.006121745760256779,NORMAL
1558,0.9879624270110484,0.005915827228695014,0.006121745760256779,NORMAL
1559,0.9879624270110484,0.005915827228695014,0.006121745760256779,NORMAL
1560,0.9879624270110484,0.005915827228695014,0.006121745760256779,NORMAL
1561,0.9879624270110484,0.005915827228695014,0.006121745760256779,NORMAL
1562,0.9879624270110484,0.005915827228695014,0.006121745760256779,NORMAL
1563,0.9879624270110484,0.005915827228695014,0.006121745760256779,NORMAL
1564,0.9879624270110484,0.005915827228695014,0.006121745760256779,NORMAL
1565,0.9879624270110484,0.005915827228695014,0.006121745760256779,NORMAL
1566,0.9859791409469767,0.008500740869144683,0.005520118183878616,NORMAL
1567,0.9859791409469767,0.008500740869144683,0.005520118183878616,NORMAL
1568,0.9859791409469767,0.008500740869144683,0.005520118183878616,NORMAL
1569,0.9859791409469767,0.008500740869144683,0.005520118183878616,NORMAL
1570,0.9859791409469767,0.008500740869144683,0.005520118183878616,NORMAL
1571,0.9848440741042909,0.009635623272214365,0.005520302623494667,NORMAL
1572,0.985594476275364,0.008885355003479955,0.005520168721155887,NORMAL
1573,0.9837284171580445,0.010751000699835802,0.005520582142119773,NORMAL
1574,0.9850081450120567,0.00947158550546921,0.005520269482473963,NORMAL
1575,0.9859791409469767,0.008500740869144683,0.005520118183878616,NORMAL
1576,0.9859791409469767,0.008500740869144683,0.005520118183878616,NORMAL
1577,0.9859791409469767,0.008500740869144683,0.005520118183878616,NORMAL
1578,0.9859791409469767,0.008500740869144683,0.005520118183878616,NORMAL
1579,0.9848440741042909,0.009635623272214365,0.005520302623494667,NORMAL
1580,0.9855506828323185,0.008929141896833602,0.00552017527084786,NORMAL
1581,0.9847247303748959,0.009754941573322634,0.005520328051781304,NORMAL
1582,0.9834882670036896,0.010991078870640726,0.005520654125669574,NORMAL
1583,0.9854845904878512,0.008995224053553161,0.005520185458595628,NORMAL
1584,0.9879624270110484,0.005915827228695014,0.006121745760256779,NORMAL
1585,0.9879624270110484,0.005915827228695014,0.006121745760256779,NORMAL
1586,0.9879624270110484,0.005915827228695014,0.006121745760256779,NORMAL
1587,0.9879624270110484,0.005915827228695014,0.006121745760256779,NORMAL
1588,0.9879624270110484,0.005915827228695014,0.006121745760256779,NORMAL
1589,0.9879624270110484,0.005915827228695014,0.006121745760256779,NORMAL
1590,0.9879624270110484,0.005915827228695014,0.006121745760256779,NORMAL
1591,0.9879624270110484,0.005915827228695014,0.006121745760256779,NORMAL
1592,0.9879624270110484,0.005915827228695014,0.006121745760256779,NORMAL
1593,0.9879624270110484,0.005915827228695014,0.006121745760256779,NORMAL
1594,0.9879624270110484,0.005915827228695014,0.006121745760256779,NORMAL
1595,0.9879624270110484,0.005915827228695014,0.006121745760256779,NORMAL
1596,0.9879624270110484,0.005915827228695014,0.006121745760256779,NORMAL
1597,0.9879624270110484,0.005915827228695014,0.006121745760256779,NORMAL
1598,0.9879624270110484,0.005915827228695014,0.006121745760256779,NORMAL
1599,0.9879624270110484,0.005915827228695014,0.006121745760256779,NORMAL
1600,0.9879624270110484,0.005915827228695014,0.006121745760256779,NORMAL
1601,0.9879624270110484,0.005915827228695014,0.006121745760256779,NORMAL
1602,0.9861457749806429,0.0072039971467352795,0.00665022787262171,NORMAL
1603,0.9861457749806429,0.0072039971467352795,0.00665022787262171,NORMAL
1604,0.9861457749806429,0.0072039971467352795,0.00665022787262171,NORMAL
1605,0.9861457749806429,0.0072039971467352795,0.00665022787262171,NORMAL
1606,0.9861457749806429,0.0072039971467352795,0.00665022787262171,NORMAL
1607,0.9861457749806429,0.0072039971467352795,0.00665022787262171,NORMAL
1608,0.9861457749806429,0.0072039971467352795,0.00665022787262171,NORMAL
1609,0.9861457749806429,0.0072039971467352795,0.00665022787262171,NORMAL
1610,0.9861457749806429,0.0072039971467352795,0.00665022787262171,NORMAL
1611,0.9861457749806429,0.0072039971467352795,0.00665022787262171,NORMAL
1612,0.9861457749806429,0.0072039971467352795,0.00665022787262171,NORMAL
1613,0.9861457749806429,0.0072039971467352795,0.00665022787262171,NORMAL
1614,0.9861457749806429,0.0072039971467352795,0.00665022787262171,NORMAL
1615,0.9861457749806429,0.0072039971467352795,0.00665022787262171,NORMAL
1616,0.9861457749806429,0.0072039971467352795,0.00665022787262171,NORMAL
1617,0.9861457749806429,0.0072039971467352795,0.00665022787262171,NORMAL
1618,0.9861457749806429,0.0072039971467352795,0.00665022787262171,NORMAL
1619,0.9861457749806429,0.0072039971467352795,0.00665022787262171,NORMAL
1620,0.9859791409469767,0.008500740869144683,0.005520118183878616,NORMAL
1621,0.9859791409469767,0.008500740869144683,0.005520118183878616,NORMAL
1622,0.9859791409469767,0.008500740869144683,0.005520118183878616,NORMAL
1623,0.9859791409469767,0.008500740869144683,0.005520118183878616,NORMAL
1624,0.9859791409469767,0.008500740869144683,0.005520118183878616,NORMAL
1625,0.9859791409469767,0.008500740869144683,0.005520118183878616,NORMAL
1626,0.9859791409469767,0.008500740869144683,0.005520118183878616,NORMAL
1627,0.9859791409469767,0.008500740869144683,0.005520118183878616,NORMAL
1628,0.9859791409469767,0.008500740869144683,0.005520118183878616,NORMAL
1629,0.9859791409469767,0.008500740869144683,0.005520118183878616,NORMAL
1630,0.9859791409469767,0.008500740869144683,0.005520118183878616,NORMAL
1631,0.9859791409469767,0.008500740869144683,0.005520118183878616,NORMAL
1632,0.9859791409469767,0.008500740869144683,0.005520118183878616,NORMAL
1633,0.9859791409469767,0.008500740869144683,0.005520118183878616,NORMAL
1634,0.9859791409469767,0.008500740869144683,0.005520118183878616,NORMAL
1635,0.9859791409469767,0.008500740869144683,0.005520118183878616,NORMAL
1636,0.9859791409469767,0.008500740869144683,0.005520118183878616,NORMAL
1637,0.9859791409469767,0.008500740869144683,0.005520118183878616,NORMAL
1638,0.03818015277167308,0.005994134880686553,0.9558257123476404,CRITICAL
1639,0.7256978159138116,0.006042240741234988,0.26825994334495357,CRITICAL
1640,0.03821525087137532,0.005994188029792427,0.9557905610988322,CRITICAL
1641,0.03821525087137532,0.005994188029792427,0.9557905610988322,CRITICAL
1642,0.03821525087137532,0.005994188029792427,0.9557905610988322,CRITICAL
1643,0.03821525087137532,0.005994188029792427,0.9557905610988322,CRITICAL
1644,0.03821525087137532,0.005994188029792427,0.9557905610988322,CRITICAL
1645,0.03821525087137532,0.005994188029792427,0.9557905610988322,CRITICAL
1646,0.03821525087137532,0.005994188029792427,0.9557905610988322,CRITICAL
1647,0.03818015277167308,0.005994134880686553,0.9558257123476404,CRITICAL
1648,0.49441189134744346,0.006150388285238863,0.4994377203673177,CRITICAL
1649,0.03821525087137532,0.005994188029792427,0.9557905610988322,CRITICAL
1650,0.03821525087137532,0.005994188029792427,0.9557905610988322,CRITICAL
1651,0.03821525087137532,0.005994188029792427,0.9557905610988322,CRITICAL
1652,0.03821525087137532,0.005994188029792427,0.9557905610988322,CRITICAL
1653,0.03821525087137532,0.005994188029792427,0.9557905610988322,CRITICAL
1654,0.03821525087137532,0.005994188029792427,0.9557905610988322,CRITICAL
1655,0.03821525087137532,0.005994188029792427,0.9557905610988322,CRITICAL
1656,0.02833047268375275,0.008716207665191785,0.9629533196510555,CRITICAL
1657,0.02833047268375275,0.008716207665191785,0.9629533196510555,CRITICAL
1658,0.02833047268375275,0.008716207665191785,0.9629533196510555,CRITICAL
1659,0.02833047268375275,0.008716207665191785,0.9629533196510555,CRITICAL
1660,0.02833047268375275,0.008716207665191785,0.9629533196510555,CRITICAL
1661,0.02833047268375275,0.008716207665191785,0.9629533196510555,CRITICAL
1662,0.02833047268375275,0.008716207665191785,0.9629533196510555,CRITICAL
1663,0.02833047268375275,0.008716207665191785,0.9629533196510555,CRITICAL
1664,0.02833047268375275,0.008716207665191785,0.9629533196510555,CRITICAL
1665,0.02833047268375275,0.008716207665191785,0.9629533196510555,CRITICAL
1666,0.02833047268375275,0.008716207665191785,0.9629533196510555,CRITICAL
1667,0.028390350509795926,0.008716633196320793,0.9628930162938832,CRITICAL
1668,0.028344797205108407,0.008716309481311031,0.9629388933135805,CRITICAL
1669,0.02833047268375275,0.008716207665191785,0.9629533196510555,CRITICAL
1670,0.028328018036113747,0.008716190216945557,0.9629557917469408,CRITICAL
1671,0.028390350509795926,0.008716633196320793,0.9628930162938832,CRITICAL
1672,0.02833047268375275,0.008716207665191785,0.9629533196510555,CRITICAL
1673,0.02833047268375275,0.008716207665191785,0.9629533196510555,CRITICAL
1674,0.5149460230551433,0.006143894914757376,0.4789100820300995,CRITICAL
1675,0.1727787706051366,0.0061293320882316125,0.8210918973066318,CRITICAL
1676,0.038814497055331604,0.005995092886387662,0.9551904100582806,CRITICAL
1677,0.038191475530817975,0.005994152028595305,0.9558143724405868,CRITICAL
1678,0.038211017652038264,0.0059941816203135535,0.9557948007276482,CRITICAL
1679,0.03818500318985883,0.0059941422266835825,0.9558208545834576,CRITICAL
1680,0.03818500318985883,0.0059941422266835825,0.9558208545834576,CRITICAL
1681,0.03818500318985883,0.0059941422266835825,0.9558208545834576,CRITICAL
1682,0.03818500318985883,0.0059941422266835825,0.9558208545834576,CRITICAL
1683,0.8206350498583468,0.0059845592348491935,0.17338039090680407,CRITICAL
1684,0.25596353091634844,0.006164856366613935,0.7378716127170377,CRITICAL
1685,0.15315284628500914,0.006111509069927452,0.8407356446450635,CRITICAL
1686,0.03818500318985883,0.0059941422266835825,0.9558208545834576,CRITICAL
1687,0.03818500318985883,0.0059941422266835825,0.9558208545834576,CRITICAL
1688,0.038191475530817975,0.005994152028595305,0.9558143724405868,CRITICAL
1689,0.03818500318985883,0.0059941422266835825,0.9558208545834576,CRITICAL
1690,0.03818500318985883,0.0059941422266835825,0.9558208545834576,CRITICAL
1691,0.038191475530817975,0.005994152028595305,0.9558143724405868,CRITICAL
1692,0.4807805392921258,0.5129274091598185,0.006292051548055676,CRITICAL
1693,0.12801804373299103,0.8658989090687622,0.006083047198246699,WARNING
1694,0.02904647585719217,0.008829934149549001,0.9621235899932588,CRITICAL
1695,0.03781815288602192,0.008781496224478333,0.9534003508894997,CRITICAL
1696,0.03857975318447347,0.008786562663784194,0.9526336841517423,CRITICAL
1697,0.02860333375130599,0.008718145313409068,0.9626785209352849,CRITICAL
1698,0.02858887985087968,0.008718042768064054,0.9626930773810563,CRITICAL
1699,0.029512063309713895,0.008724571268763569,0.9617633654215225,CRITICAL
1700,0.06824045148239809,0.008967314471129709,0.9227922340464723,CRITICAL
1701,0.1414620217441913,0.8524240078205797,0.006113970435229034,WARNING
1702,0.12602812770650942,0.8678936482249531,0.006078224068537575,WARNING
1703,0.028870081338716568,0.008828639050254397,0.962301279611029,CRITICAL
1704,0.030566945304515657,0.008731979242703431,0.9607010754527809,CRITICAL
1705,0.038054249772172005,0.008783069437634678,0.9531626807901933,CRITICAL
1706,0.02858887985087968,0.008718042768064054,0.9626930773810563,CRITICAL
1707,0.02858887985087968,0.008718042768064054,0.9626930773810563,CRITICAL
1708,0.029512063309713895,0.008724571268763569,0.9617633654215225,CRITICAL
1709,0.032748253398837725,0.008747127358251955,0.9585046192429104,CRITICAL
1710,0.039420921784412574,0.9526461829166457,0.007932895298941737,CRITICAL
1711,0.038225697949997,0.005994203846572853,0.9557800982034301,CRITICAL
1712,0.04041191512125396,0.006113447204727267,0.9534746376740187,CRITICAL
1713,0.05318206852849233,0.006045469101106882,0.9407724623704008,CRITICAL
1714,0.0485814145907899,0.006039034598297628,0.9453795508109125,CRITICAL
1715,0.04962184614275764,0.006025209066913158,0.9443529447903292,CRITICAL
1716,0.038200717755890005,0.005994166024313187,0.9558051162197968,CRITICAL
1717,0.04216196879294999,0.006014494611775603,0.9518235365952744,CRITICAL
1718,0.06752932186274391,0.006059115264475642,0.9264115628727804,CRITICAL
1719,0.038743777132509524,0.954957479943254,0.006298742924236457,WARNING
1720,0.046293081610070085,0.006086085533554674,0.9476208328563752,CRITICAL
1721,0.03821921999943657,0.005994194039191,0.9557865859613724,CRITICAL
1722,0.03821921999943657,0.005994194039191,0.9557865859613724,CRITICAL
1723,0.04355833995450313,0.006016551041935348,0.9504251090035615,CRITICAL
1724,0.06120949430997924,0.006126840443728828,0.932663665246292,CRITICAL
1725,0.03973339363385061,0.006000428241779803,0.9542661781243696,CRITICAL
1726,0.03821525087137532,0.005994188029792427,0.9557905610988322,CRITICAL
1727,0.03821525087137532,0.005994188029792427,0.9557905610988322,CRITICAL
1728,0.9879624270110484,0.005915827228695014,0.006121745760256779,NORMAL
1729,0.9879624270110484,0.005915827228695014,0.006121745760256779,NORMAL
1730,0.9879624270110484,0.005915827228695014,0.006121745760256779,NORMAL
1731,0.9879624270110484,0.005915827228695014,0.006121745760256779,NORMAL
1732,0.9877609186080011,0.006117316730879935,0.0061217646611191326,NORMAL
1733,0.9879624270110484,0.005915827228695014,0.006121745760256779,NORMAL
1734,0.9879624270110484,0.005915827228695014,0.006121745760256779,NORMAL
1735,0.9879624270110484,0.005915827228695014,0.006121745760256779,NORMAL
1736,0.9879624270110484,0.005915827228695014,0.006121745760256779,NORMAL
1737,0.9879624270110484,0.005915827228695014,0.006121745760256779,NORMAL
1738,0.9879624270110484,0.005915827228695014,0.006121745760256779,NORMAL
1739,0.9879624270110484,0.005915827228695014,0.006121745760256779,NORMAL
1740,0.9879624270110484,0.005915827228695014,0.006121745760256779,NORMAL
1741,0.9879624270110484,0.005915827228695014,0.006121745760256779,NORMAL
1742,0.9879624270110484,0.005915827228695014,0.006121745760256779,NORMAL
1743,0.9879624270110484,0.005915827228695014,0.006121745760256779,NORMAL
1744,0.9879624270110484,0.005915827228695014,0.006121745760256779,NORMAL
1745,0.9879624270110484,0.005915827228695014,0.006121745760256779,NORMAL
1746,0.9879624270110484,0.005915827228695014,0.006121745760256779,NORMAL
1747,0.9879624270110484,0.005915827228695014,0.006121745760256779,NORMAL
1748,0.9879624270110484,0.005915827228695014,0.006121745760256779,NORMAL
1749,0.9879624270110484,0.005915827228695014,0.006121745760256779,NORMAL
1750,0.9879624270110484,0.005915827228695014,0.006121745760256779,NORMAL
1751,0.9879624270110484,0.005915827228695014,0.006121745760256779,NORMAL
1752,0.9879624270110484,0.005915827228695014,0.006121745760256779,NORMAL
1753,0.9879624270110484,0.005915827228695014,0.006121745760256779,NORMAL
1754,0.9879624270110484,0.005915827228695014,0.006121745760256779,NORMAL
1755,0.9879624270110484,0.005915827228695014,0.006121745760256779,NORMAL
1756,0.9879624270110484,0.005915827228695014,0.006121745760256779,NORMAL
1757,0.9879624270110484,0.005915827228695014,0.006121745760256779,NORMAL
1758,0.9879624270110484,0.005915827228695014,0.006121745760256779,NORMAL
1759,0.9879624270110484,0.005915827228695014,0.006121745760256779,NORMAL
1760,0.9879624270110484,0.005915827228695014,0.006121745760256779,NORMAL
1761,0.9879624270110484,0.005915827228695014,0.006121745760256779,NORMAL
1762,0.9879624270110484,0.005915827228695014,0.006121745760256779,NORMAL
1763,0.9879624270110484,0.005915827228695014,0.006121745760256779,NORMAL
1764,0.9879624270110484,0.005915827228695014,0.006121745760256779,NORMAL
1765,0.9879624270110484,0.005915827228695014,0.006121745760256779,NORMAL
1766,0.9879624270110484,0.005915827228695014,0.006121745760256779,NORMAL
1767,0.9879624270110484,0.005915827228695014,0.006121745760256779,NORMAL
1768,0.9879624270110484,0.005915827228695014,0.006121745760256779,NORMAL
1769,0.9879624270110484,0.005915827228695014,0.006121745760256779,NORMAL
1770,0.9879624270110484,0.005915827228695014,0.006121745760256779,NORMAL
1771,0.9879624270110484,0.005915827228695014,0.006121745760256779,NORMAL
1772,0.9879624270110484,0.005915827228695014,0.006121745760256779,NORMAL
1773,0.9879624270110484,0.005915827228695014,0.006121745760256779,NORMAL
1774,0.9879624270110484,0.005915827228695014,0.006121745760256779,NORMAL
1775,0.9879624270110484,0.005915827228695014,0.006121745760256779,NORMAL
1776,0.9879624270110484,0.005915827228695014,0.006121745760256779,NORMAL
1777,0.9879624270110484,0.005915827228695014,0.006121745760256779,NORMAL
1778,0.9879624270110484,0.005915827228695014,0.006121745760256779,NORMAL
1779,0.9879624270110484,0.005915827228695014,0.006121745760256779,NORMAL
1780,0.9879624270110484,0.005915827228695014,0.006121745760256779,NORMAL
1781,0.9879624270110484,0.005915827228695014,0.006121745760256779,NORMAL
1782,0.9859791409469767,0.008500740869144683,0.005520118183878616,NORMAL
1783,0.9859791409469767,0.008500740869144683,0.005520118183878616,NORMAL
1784,0.9859791409469767,0.008500740869144683,0.005520118183878616,NORMAL
1785,0.9859791409469767,0.008500740869144683,0.005520118183878616,NORMAL
1786,0.9859791409469767,0.008500740869144683,0.005520118183878616,NORMAL
1787,0.9859791409469767,0.008500740869144683,0.005520118183878616,NORMAL
1788,0.9859791409469767,0.008500740869144683,0.005520118183878616,NORMAL
1789,0.9859791409469767,0.008500740869144683,0.005520118183878616,NORMAL
1790,0.9859791409469767,0.008500740869144683,0.005520118183878616,NORMAL
1791,0.9859791409469767,0.008500740869144683,0.005520118183878616,NORMAL
1792,0.9859791409469767,0.008500740869144683,0.005520118183878616,NORMAL
1793,0.9859791409469767,0.008500740869144683,0.005520118183878616,NORMAL
1794,0.9859791409469767,0.008500740869144683,0.005520118183878616,NORMAL
1795,0.9859791409469767,0.008500740869144683,0.005520118183878616,NORMAL
1796,0.9859791409469767,0.008500740869144683,0.005520118183878616,NORMAL
1797,0.9859791409469767,0.008500740869144683,0.005520118183878616,NORMAL
1798,0.9859791409469767,0.008500740869144683,0.005520118183878616,NORMAL
1799,0.9859791409469767,0.008500740869144683,0.005520118183878616,NORMAL
1800,0.020670036941938315,0.007277837286233385,0.9720521257718283,CRITICAL
1801,0.020670036941938315,0.007277837286233385,0.9720521257718283,CRITICAL
1802,0.02067740388691515,0.0072778668193546016,0.9720447292937302,CRITICAL
1803,0.020670036941938315,0.007277837286233385,0.9720521257718283,CRITICAL
1804,0.020670036941938315,0.007277837286233385,0.9720521257718283,CRITICAL
1805,0.020670036941938315,0.007277837286233385,0.9720521257718283,CRITICAL
1806,0.02067740388691515,0.0072778668193546016,0.9720447292937302,CRITICAL
1807,0.020670036941938315,0.007277837286233385,0.9720521257718283,CRITICAL
1808,0.020670036941938315,0.007277837286233385,0.9720521257718283,CRITICAL
1809,0.020670036941938315,0.007277837286233385,0.9720521257718283,CRITICAL
1810,0.02067740388691515,0.0072778668193546016,0.9720447292937302,CRITICAL
1811,0.020670036941938315,0.007277837286233385,0.9720521257718283,CRITICAL
1812,0.020670036941938315,0.007277837286233385,0.9720521257718283,CRITICAL
1813,0.02067740388691515,0.0072778668193546016,0.9720447292937302,CRITICAL
1814,0.020670036941938315,0.007277837286233385,0.9720521257718283,CRITICAL
1815,0.02067740388691515,0.0072778668193546016,0.9720447292937302,CRITICAL
1816,0.02067740388691515,0.0072778668193546016,0.9720447292937302,CRITICAL
1817,0.020670036941938315,0.007277837286233385,0.9720521257718283,CRITICAL
1818,0.9852894470687279,0.007962326016197608,0.006748226915074519,NORMAL
1819,0.03886975512965511,0.9538620097264057,0.007268235143939241,WARNING
1820,0.021750993850388114,0.9705758636051813,0.007673142544430579,WARNING
1821,0.0216419955421808,0.9713090050900542,0.0070489993677648605,WARNING
1822,0.0216419955421808,0.9713090050900542,0.0070489993677648605,WARNING
1823,0.0216419955421808,0.9713090050900542,0.0070489993677648605,WARNING
1824,0.0216419955421808,0.9713090050900542,0.0070489993677648605,WARNING
1825,0.0216419955421808,0.9713090050900542,0.0070489993677648605,WARNING
1826,0.0216419955421808,0.9713090050900542,0.0070489993677648605,WARNING
1827,0.9858412216544523,0.007507702790900304,0.006651075554647485,NORMAL
1828,0.04146769567568157,0.9512346101450228,0.007297694179295558,WARNING
1829,0.021779402223408035,0.9703826381056473,0.007837959670944621,WARNING
1830,0.0216419955421808,0.9713090050900542,0.0070489993677648605,WARNING
1831,0.0216419955421808,0.9713090050900542,0.0070489993677648605,WARNING
1832,0.0216419955421808,0.9713090050900542,0.0070489993677648605,WARNING
1833,0.0216419955421808,0.9713090050900542,0.0070489993677648605,WARNING
1834,0.0216419955421808,0.9713090050900542,0.0070489993677648605,WARNING
1835,0.0216419955421808,0.9713090050900542,0.0070489993677648605,WARNING
1836,0.9879624270110484,0.005915827228695014,0.006121745760256779,NORMAL
1837,0.9879624270110484,0.005915827228695014,0.006121745760256779,NORMAL
1838,0.9879624270110484,0.005915827228695014,0.006121745760256779,NORMAL
1839,0.9879624270110484,0.005915827228695014,0.006121745760256779,NORMAL
1840,0.9879624270110484,0.005915827228695014,0.006121745760256779,NORMAL
1841,0.9879624270110484,0.005915827228695014,0.006121745760256779,NORMAL
1842,0.9879624270110484,0.005915827228695014,0.006121745760256779,NORMAL
1843,0.9879624270110484,0.005915827228695014,0.006121745760256779,NORMAL
1844,0.9879624270110484,0.005915827228695014,0.006121745760256779,NORMAL
1845,0.9879624270110484,0.005915827228695014,0.006121745760256779,NORMAL
1846,0.9879624270110484,0.005915827228695014,0.006121745760256779,NORMAL
1847,0.9879624270110484,0.005915827228695014,0.006121745760256779,NORMAL
1848,0.9879624270110484,0.005915827228695014,0.006121745760256779,NORMAL
1849,0.9879624270110484,0.005915827228695014,0.006121745760256779,NORMAL
1850,0.9879624270110484,0.005915827228695014,0.006121745760256779,NORMAL
1851,0.9879624270110484,0.005915827228695014,0.006121745760256779,NORMAL
1852,0.9879624270110484,0.005915827228695014,0.006121745760256779,NORMAL
1853,0.9879624270110484,0.005915827228695014,0.006121745760256779,NORMAL
1854,0.02075594025726769,0.007366532059671354,0.9718775276830609,CRITICAL
1855,0.020679964332524003,0.007277877083511766,0.9720421585839643,CRITICAL
1856,0.020679964332524003,0.007277877083511766,0.9720421585839643,CRITICAL
1857,0.02068733477698412,0.007277906628731922,0.972034758594284,CRITICAL
1858,0.020679964332524003,0.007277877083511766,0.9720421585839643,CRITICAL
1859,0.02068733477698412,0.007277906628731922,0.972034758594284,CRITICAL
1860,0.020679964332524003,0.007277877083511766,0.9720421585839643,CRITICAL
1861,0.02068733477698412,0.007277906628731922,0.972034758594284,CRITICAL
1862,0.020958550018601425,0.007278992830741904,0.9717624571506566,CRITICAL
1863,0.02074854261085519,0.007366501015332393,0.9718849563738124,CRITICAL
1864,0.020679964332524003,0.007277877083511766,0.9720421585839643,CRITICAL
1865,0.02068733477698412,0.007277906628731922,0.972034758594284,CRITICAL
1866,0.020792862422122364,0.007278329490749388,0.9719288080871282,CRITICAL
1867,0.020679964332524003,0.007277877083511766,0.9720421585839643,CRITICAL
1868,0.020679964332524003,0.007277877083511766,0.9720421585839643,CRITICAL
1869,0.020679964332524003,0.007277877083511766,0.9720421585839643,CRITICAL
1870,0.02068733477698412,0.007277906628731922,0.972034758594284,CRITICAL
1871,0.020958550018601425,0.007278992830741904,0.9717624571506566,CRITICAL
1872,0.9859791409469767,0.008500740869144683,0.005520118183878616,NORMAL
1873,0.9859791409469767,0.008500740869144683,0.005520118183878616,NORMAL
1874,0.9859791409469767,0.008500740869144683,0.005520118183878616,NORMAL
1875,0.9859791409469767,0.008500740869144683,0.005520118183878616,NORMAL
1876,0.9859791409469767,0.008500740869144683,0.005520118183878616,NORMAL
1877,0.9859791409469767,0.008500740869144683,0.005520118183878616,NORMAL
1878,0.9859791409469767,0.008500740869144683,0.005520118183878616,NORMAL
1879,0.9859791409469767,0.008500740869144683,0.005520118183878616,NORMAL
1880,0.9859791409469767,0.008500740869144683,0.005520118183878616,NORMAL
1881,0.9859791409469767,0.008500740869144683,0.005520118183878616,NORMAL
1882,0.9859791409469767,0.008500740869144683,0.005520118183878616,NORMAL
1883,0.9859791409469767,0.008500740869144683,0.005520118183878616,NORMAL
1884,0.9859791409469767,0.008500740869144683,0.005520118183878616,NORMAL
1885,0.9859791409469767,0.008500740869144683,0.005520118183878616,NORMAL
1886,0.9859791409469767,0.008500740869144683,0.005520118183878616,NORMAL
1887,0.9859791409469767,0.008500740869144683,0.005520118183878616,NORMAL
1888,0.9859791409469767,0.008500740869144683,0.005520118183878616,NORMAL
1889,0.9859791409469767,0.008500740869144683,0.005520118183878616,NORMAL
1890,0.9861457749806429,0.0072039971467352795,0.00665022787262171,NORMAL
1891,0.9861457749806429,0.0072039971467352795,0.00665022787262171,NORMAL
1892,0.9861457749806429,0.0072039971467352795,0.00665022787262171,NORMAL
1893,0.9861457749806429,0.0072039971467352795,0.00665022787262171,NORMAL
1894,0.9861457749806429,0.0072039971467352795,0.00665022787262171,NORMAL
1895,0.9861457749806429,0.0072039971467352795,0.00665022787262171,NORMAL
1896,0.9861457749806429,0.0072039971467352795,0.00665022787262171,NORMAL
1897,0.9861457749806429,0.0072039971467352795,0.00665022787262171,NORMAL
1898,0.9861457749806429,0.0072039971467352795,0.00665022787262171,NORMAL
1899,0.9861457749806429,0.0072039971467352795,0.00665022787262171,NORMAL
1900,0.9861457749806429,0.0072039971467352795,0.00665022787262171,NORMAL
1901,0.9861457749806429,0.0072039971467352795,0.00665022787262171,NORMAL
1902,0.9861457749806429,0.0072039971467352795,0.00665022787262171,NORMAL
1903,0.9861457749806429,0.0072039971467352795,0.00665022787262171,NORMAL
1904,0.9861457749806429,0.0072039971467352795,0.00665022787262171,NORMAL
1905,0.9861457749806429,0.0072039971467352795,0.00665022787262171,NORMAL
1906,0.9861457749806429,0.0072039971467352795,0.00665022787262171,NORMAL
1907,0.9861457749806429,0.0072039971467352795,0.00665022787262171,NORMAL
1908,0.9879624270110484,0.005915827228695014,0.006121745760256779,NORMAL
1909,0.9879624270110484,0.005915827228695014,0.006121745760256779,NORMAL
1910,0.9879624270110484,0.005915827228695014,0.006121745760256779,NORMAL
1911,0.9879624270110484,0.005915827228695014,0.006121745760256779,NORMAL
1912,0.9879624270110484,0.005915827228695014,0.006121745760256779,NORMAL
1913,0.9879624270110484,0.005915827228695014,0.006121745760256779,NORMAL
1914,0.9879624270110484,0.005915827228695014,0.006121745760256779,NORMAL
1915,0.9879624270110484,0.005915827228695014,0.006121745760256779,NORMAL
1916,0.9879624270110484,0.005915827228695014,0.006121745760256779,NORMAL
1917,0.9879624270110484,0.005915827228695014,0.006121745760256779,NORMAL
1918,0.9879624270110484,0.005915827228695014,0.006121745760256779,NORMAL
1919,0.9879624270110484,0.005915827228695014,0.006121745760256779,NORMAL
1920,0.9879624270110484,0.005915827228695014,0.006121745760256779,NORMAL
1921,0.9879624270110484,0.005915827228695014,0.006121745760256779,NORMAL
1922,0.9879624270110484,0.005915827228695014,0.006121745760256779,NORMAL
1923,0.9879624270110484,0.005915827228695014,0.006121745760256779,NORMAL
1924,0.9879624270110484,0.005915827228695014,0.006121745760256779,NORMAL
1925,0.9879624270110484,0.005915827228695014,0.006121745760256779,NORMAL
1926,0.020679964332524003,0.007277877083511766,0.9720421585839643,CRITICAL
1927,0.02068733477698412,0.007277906628731922,0.972034758594284,CRITICAL
1928,0.020679964332524003,0.007277877083511766,0.9720421585839643,CRITICAL
1929,0.020679964332524003,0.007277877083511766,0.9720421585839643,CRITICAL
1930,0.0933585713404482,0.0075255410019179755,0.8991158876576338,CRITICAL
1931,0.048146263205777716,0.0073794316895337735,0.9444743051046885,CRITICAL
1932,0.02063734591884287,0.007277382294060635,0.9720852717870965,CRITICAL
1933,0.02063734591884287,0.007277382294060635,0.9720852717870965,CRITICAL
1934,0.02063734591884287,0.007277382294060635,0.9720852717870965,CRITICAL
1935,0.02068733477698412,0.007277906628731922,0.972034758594284,CRITICAL
1936,0.020679964332524003,0.007277877083511766,0.9720421585839643,CRITICAL
1937,0.020679964332524003,0.007277877083511766,0.9720421585839643,CRITICAL
1938,0.02068733477698412,0.007277906628731922,0.972034758594284,CRITICAL
1939,0.020679964332524003,0.007277877083511766,0.9720421585839643,CRITICAL
1940,0.13935909163713256,0.007667353738174096,0.8529735546246934,CRITICAL
1941,0.02063734591884287,0.007277382294060635,0.9720852717870965,CRITICAL
1942,0.02063734591884287,0.007277382294060635,0.9720852717870965,CRITICAL
1943,0.02063734591884287,0.007277382294060635,0.9720852717870965,CRITICAL
1944,0.038200717755890005,0.005994166024313187,0.9558051162197968,CRITICAL
1945,0.03818500318985883,0.0059941422266835825,0.9558208545834576,CRITICAL
1946,0.038211017652038264,0.0059941816203135535,0.9557948007276482,CRITICAL
1947,0.038211017652038264,0.0059941816203135535,0.9557948007276482,CRITICAL
1948,0.03818500318985883,0.0059941422266835825,0.9558208545834576,CRITICAL
1949,0.03818500318985883,0.0059941422266835825,0.9558208545834576,CRITICAL
1950,0.03821525087137532,0.005994188029792427,0.9557905610988322,CRITICAL
1951,0.03821525087137532,0.005994188029792427,0.9557905610988322,CRITICAL
1952,0.03821525087137532,0.005994188029792427,0.9557905610988322,CRITICAL
1953,0.038200717755890005,0.005994166024313187,0.9558051162197968,CRITICAL
1954,0.03818500318985883,0.0059941422266835825,0.9558208545834576,CRITICAL
1955,0.03818500318985883,0.0059941422266835825,0.9558208545834576,CRITICAL
1956,0.03818500318985883,0.0059941422266835825,0.9558208545834576,CRITICAL
1957,0.03818500318985883,0.0059941422266835825,0.9558208545834576,CRITICAL
1958,0.03818500318985883,0.0059941422266835825,0.9558208545834576,CRITICAL
1959,0.03821525087137532,0.005994188029792427,0.9557905610988322,CRITICAL
1960,0.03821525087137532,0.005994188029792427,0.9557905610988322,CRITICAL
1961,0.03821525087137532,0.005994188029792427,0.9557905610988322,CRITICAL
1962,0.059870929940523135,0.9342565098485066,0.005872560210970283,WARNING
1963,0.5504734806497249,0.09607200970213826,0.35345450964813685,CRITICAL
1964,0.19953736739396838,0.5520870899896368,0.24837554261639472,CRITICAL
1965,0.04998702251681796,0.008859698299038238,0.9411532791841437,CRITICAL
1966,0.05515106298556471,0.010335685525443268,0.934513251488992,CRITICAL
1967,0.031229536713306923,0.008736604591221393,0.9600338586954716,CRITICAL
1968,0.031229536713306923,0.008736604591221393,0.9600338586954716,CRITICAL
1969,0.03021659788168675,0.008729524967447663,0.9610538771508655,CRITICAL
1970,0.03021659788168675,0.008729524967447663,0.9610538771508655,CRITICAL
1971,0.04979440345555071,0.9443745083078305,0.00583108823661875,WARNING
1972,0.028637901943788763,0.9656319896857516,0.005730108370459758,WARNING
1973,0.05580425701703908,0.679074322782008,0.265121420200953,CRITICAL
1974,0.04321653807089127,0.008816895704426649,0.9479665662246821,CRITICAL
1975,0.05605570050412396,0.008896675165807588,0.9350476243300685,CRITICAL
1976,0.03114992632464537,0.008736049973510617,0.960114023701844,CRITICAL
1977,0.03021659788168675,0.008729524967447663,0.9610538771508655,CRITICAL
1978,0.03021659788168675,0.008729524967447663,0.9610538771508655,CRITICAL
1979,0.03021659788168675,0.008729524967447663,0.9610538771508655,CRITICAL
1980,0.06197879015390664,0.4739112386602876,0.46410997118580566,CRITICAL
1981,0.07693528802110607,0.4964427102380857,0.42662200174080817,CRITICAL
1982,0.030514570290800253,0.9614355529693365,0.008049876739863248,CRITICAL
1983,0.05916264851654074,0.7432729332339332,0.19756441824952606,CRITICAL
1984,0.03202081455914284,0.9580627576977175,0.009916427743139508,CRITICAL
1985,0.053115240252458104,0.7508916305647066,0.1959931291828353,CRITICAL
1986,0.06173818730582116,0.5506391954204995,0.38762261727367925,CRITICAL
1987,0.050339697961717174,0.800933949049807,0.1487263529884758,CRITICAL
1988,0.05865752543303765,0.750603573399103,0.19073890116785938,CRITICAL
1989,0.030960258873607104,0.9591516059109325,0.009888135215460404,CRITICAL
1990,0.0334148300301026,0.9569129263989888,0.009672243570908522,CRITICAL
1991,0.12811840159450136,0.46639770323676705,0.40548389516873157,CRITICAL
1992,0.06135080970806495,0.7538398289096646,0.18480936138227042,CRITICAL
1993,0.030960258873607104,0.9591516059109325,0.009888135215460404,CRITICAL
1994,0.0997685039321082,0.6577479100624896,0.24248358600540218,CRITICAL
1995,0.03335011548201084,0.9571376145624366,0.00951226995555253,CRITICAL
1996,0.09369620307288162,0.6860389026776714,0.22026489424944695,CRITICAL
1997,0.035221634202645485,0.9537550100621868,0.011023355735167743,CRITICAL
1998,0.028637901943788763,0.9656319896857516,0.005730108370459758,WARNING
1999,0.028637901943788763,0.9656319896857516,0.005730108370459758,WARNING
2000,0.028637901943788763,0.9656319896857516,0.005730108370459758,WARNING
2001,0.028637901943788763,0.9656319896857516,0.005730108370459758,WARNING
2002,0.028637901943788763,0.9656319896857516,0.005730108370459758,WARNING
2003,0.028637901943788763,0.9656319896857516,0.005730108370459758,WARNING
2004,0.028637901943788763,0.9656319896857516,0.005730108370459758,WARNING
2005,0.028637901943788763,0.9656319896857516,0.005730108370459758,WARNING
2006,0.028637901943788763,0.9656319896857516,0.005730108370459758,WARNING
2007,0.028637901943788763,0.9656319896857516,0.005730108370459758,WARNING
2008,0.028637901943788763,0.9656319896857516,0.005730108370459758,WARNING
2009,0.028637901943788763,0.9656319896857516,0.005730108370459758,WARNING
2010,0.028637901943788763,0.9656319896857516,0.005730108370459758,WARNING
2011,0.028637901943788763,0.9656319896857516,0.005730108370459758,WARNING
2012,0.028637901943788763,0.9656319896857516,0.005730108370459758,WARNING
2013,0.028637901943788763,0.9656319896857516,0.005730108370459758,WARNING
2014,0.028637901943788763,0.9656319896857516,0.005730108370459758,WARNING
2015,0.028637901943788763,0.9656319896857516,0.005730108370459758,WARNING
2016,0.9015627331435426,0.007501068149413565,0.09093619870704378,CRITICAL
2017,0.02063734591884287,0.007277382294060635,0.9720852717870965,CRITICAL
2018,0.021351614200256462,0.007280239207255741,0.9713681465924877,CRITICAL
2019,0.02119080477745856,0.007279597165977742,0.9715295980565637,CRITICAL
2020,0.13965525505059379,0.007644823254428374,0.8526999216949779,CRITICAL
2021,0.02119080477745856,0.007279597165977742,0.9715295980565637,CRITICAL
2022,0.02063734591884287,0.007277382294060635,0.9720852717870965,CRITICAL
2023,0.02063734591884287,0.007277382294060635,0.9720852717870965,CRITICAL
2024,0.02063734591884287,0.007277382294060635,0.9720852717870965,CRITICAL
2025,0.8949445301055204,0.007518310324918843,0.09753715956956073,CRITICAL
2026,0.224707903351157,0.00786713498884733,0.7674249616599956,CRITICAL
2027,0.07673395114099835,0.0074981716149008825,0.9157678772441008,CRITICAL
2028,0.02063734591884287,0.007277382294060635,0.9720852717870965,CRITICAL
2029,0.02063734591884287,0.007277382294060635,0.9720852717870965,CRITICAL
2030,0.02063734591884287,0.007277382294060635,0.9720852717870965,CRITICAL
2031,0.02063734591884287,0.007277382294060635,0.9720852717870965,CRITICAL
2032,0.02063734591884287,0.007277382294060635,0.9720852717870965,CRITICAL
2033,0.02119080477745856,0.007279597165977742,0.9715295980565637,CRITICAL
2034,0.9877388689641454,0.0061393640966916525,0.006121766939163032,NORMAL
2035,0.9794917360080204,0.014383530565091989,0.006124733426887691,NORMAL
2036,0.464298652789284,0.528994254850216,0.006707092360499904,CRITICAL
2037,0.04445883893422419,0.9492253464785426,0.006315814587233165,WARNING
2038,0.039575005889387574,0.9535588532491323,0.00686614086148026,CRITICAL
2039,0.039650379282324344,0.9539194161898484,0.006430204527827236,CRITICAL
2040,0.038826430807429396,0.9546154340889782,0.006558135103592367,CRITICAL
2041,0.039855458948988697,0.9502290306265808,0.00991551042443044,CRITICAL
2042,0.03906963930977497,0.9536000331610291,0.007330327529195784,CRITICAL
2043,0.9863737655551654,0.007504251748057052,0.006121982696777574,NORMAL
2044,0.9808253082340412,0.013050664361054048,0.006124027404904867,NORMAL
2045,0.530163206428791,0.4631647636514627,0.006672029919746271,CRITICAL
2046,0.0456964489220191,0.9479837548840251,0.006319796193955756,WARNING
2047,0.038743777132509524,0.954957479943254,0.006298742924236457,WARNING
2048,0.038743777132509524,0.954957479943254,0.006298742924236457,WARNING
2049,0.038743777132509524,0.954957479943254,0.006298742924236457,WARNING
2050,0.038743777132509524,0.954957479943254,0.006298742924236457,WARNING
2051,0.038743777132509524,0.954957479943254,0.006298742924236457,WARNING
2052,0.9879624270110484,0.005915827228695014,0.006121745760256779,NORMAL
2053,0.9879624270110484,0.005915827228695014,0.006121745760256779,NORMAL
2054,0.9879624270110484,0.005915827228695014,0.006121745760256779,NORMAL
2055,0.9879624270110484,0.005915827228695014,0.006121745760256779,NORMAL
2056,0.9879624270110484,0.005915827228695014,0.006121745760256779,NORMAL
2057,0.9879624270110484,0.005915827228695014,0.006121745760256779,NORMAL
2058,0.9879624270110484,0.005915827228695014,0.006121745760256779,NORMAL
2059,0.9879624270110484,0.005915827228695014,0.006121745760256779,NORMAL
2060,0.9879624270110484,0.005915827228695014,0.006121745760256779,NORMAL
2061,0.9879624270110484,0.005915827228695014,0.006121745760256779,NORMAL
2062,0.9879624270110484,0.005915827228695014,0.006121745760256779,NORMAL
2063,0.9879624270110484,0.005915827228695014,0.006121745760256779,NORMAL
2064,0.9879624270110484,0.005915827228695014,0.006121745760256779,NORMAL
2065,0.9879624270110484,0.005915827228695014,0.006121745760256779,NORMAL
2066,0.9879624270110484,0.005915827228695014,0.006121745760256779,NORMAL
2067,0.9879624270110484,0.005915827228695014,0.006121745760256779,NORMAL
2068,0.9879624270110484,0.005915827228695014,0.006121745760256779,NORMAL
2069,0.9879624270110484,0.005915827228695014,0.006121745760256779,NORMAL
2070,0.054085063667079235,0.6861852842249573,0.2597296521079634,CRITICAL
2071,0.028686805034748096,0.008718737305344075,0.9625944576599078,CRITICAL
2072,0.028686805034748096,0.008718737305344075,0.9625944576599078,CRITICAL
2073,0.03035812764228008,0.008730517141655604,0.9609113552160643,CRITICAL
2074,0.032698055737645226,0.008746781283398668,0.9585551629789562,CRITICAL
2075,0.028686805034748096,0.008718737305344075,0.9625944576599078,CRITICAL
2076,0.028686805034748096,0.008718737305344075,0.9625944576599078,CRITICAL
2077,0.05854654248522495,0.008911494741654067,0.932541962773121,CRITICAL
2078,0.05089809591017424,0.008865330622306846,0.9402365734675189,CRITICAL
2079,0.053777269468140626,0.695009472084288,0.25121325844757153,CRITICAL
2080,0.03035812764228008,0.008730517141655604,0.9609113552160643,CRITICAL
2081,0.028686805034748096,0.008718737305344075,0.9625944576599078,CRITICAL
2082,0.03207916195044757,0.008742504812650966,0.9591783332369015,CRITICAL
2083,0.032698055737645226,0.008746781283398668,0.9585551629789562,CRITICAL
2084,0.028686805034748096,0.008718737305344075,0.9625944576599078,CRITICAL
2085,0.039060063599074824,0.008789745374946539,0.9521501910259786,CRITICAL
2086,0.042322402211028384,0.008811113340217025,0.9488664844487545,CRITICAL
2087,0.03301171953127138,0.008748941840466873,0.9582393386282618,CRITICAL
2088,0.9879624270110484,0.005915827228695014,0.006121745760256779,NORMAL
2089,0.9879624270110484,0.005915827228695014,0.006121745760256779,NORMAL
2090,0.9879624270110484,0.005915827228695014,0.006121745760256779,NORMAL
2091,0.9879624270110484,0.005915827228695014,0.006121745760256779,NORMAL
2092,0.9879624270110484,0.005915827228695014,0.006121745760256779,NORMAL
2093,0.9879624270110484,0.005915827228695014,0.006121745760256779,NORMAL
2094,0.9879624270110484,0.005915827228695014,0.006121745760256779,NORMAL
2095,0.9879624270110484,0.005915827228695014,0.006121745760256779,NORMAL
2096,0.9879624270110484,0.005915827228695014,0.006121745760256779,NORMAL
2097,0.9879624270110484,0.005915827228695014,0.006121745760256779,NORMAL
2098,0.9879624270110484,0.005915827228695014,0.006121745760256779,NORMAL
2099,0.9879624270110484,0.005915827228695014,0.006121745760256779,NORMAL
2100,0.9879624270110484,0.005915827228695014,0.006121745760256779,NORMAL
2101,0.9879624270110484,0.005915827228695014,0.006121745760256779,NORMAL
2102,0.9879624270110484,0.005915827228695014,0.006121745760256779,NORMAL
2103,0.9879624270110484,0.005915827228695014,0.006121745760256779,NORMAL
2104,0.9879624270110484,0.005915827228695014,0.006121745760256779,NORMAL
2105,0.9879624270110484,0.005915827228695014,0.006121745760256779,NORMAL
2106,0.9859791409469767,0.008500740869144683,0.005520118183878616,NORMAL
2107,0.9859791409469767,0.008500740869144683,0.005520118183878616,NORMAL
2108,0.9859791409469767,0.008500740869144683,0.005520118183878616,NORMAL
2109,0.9859791409469767,0.008500740869144683,0.005520118183878616,NORMAL
2110,0.9859791409469767,0.008500740869144683,0.005520118183878616,NORMAL
2111,0.9859791409469767,0.008500740869144683,0.005520118183878616,NORMAL
2112,0.9859791409469767,0.008500740869144683,0.005520118183878616,NORMAL
2113,0.9859791409469767,0.008500740869144683,0.005520118183878616,NORMAL
2114,0.9859791409469767,0.008500740869144683,0.005520118183878616,NORMAL
2115,0.9859791409469767,0.008500740869144683,0.005520118183878616,NORMAL
2116,0.9859791409469767,0.008500740869144683,0.005520118183878616,NORMAL
2117,0.9859791409469767,0.008500740869144683,0.005520118183878616,NORMAL
2118,0.9859791409469767,0.008500740869144683,0.005520118183878616,NORMAL
2119,0.9859791409469767,0.008500740869144683,0.005520118183878616,NORMAL
2120,0.9859791409469767,0.008500740869144683,0.005520118183878616,NORMAL
2121,0.9859791409469767,0.008500740869144683,0.005520118183878616,NORMAL
2122,0.9859791409469767,0.008500740869144683,0.005520118183878616,NORMAL
2123,0.9859791409469767,0.008500740869144683,0.005520118183878616,NORMAL
2124,0.9879624270110484,0.005915827228695014,0.006121745760256779,NORMAL
2125,0.9878763229675095,0.006001923621960845,0.006121753410529792,NORMAL
2126,0.9878601041357188,0.005914693382702573,0.0062252024815788965,NORMAL
2127,0.9877120915489839,0.005914651368077133,0.006373257082939061,NORMAL
2128,0.9869370996525744,0.005914447177637913,0.007148453169787831,CRITICAL
2129,0.9877120915489839,0.005914651368077133,0.006373257082939061,NORMAL
2130,0.9878582163669718,0.0059146928404757,0.0062270907925525846,NORMAL
2131,0.9877120915489839,0.005914651368077133,0.006373257082939061,NORMAL
2132,0.9878582163669718,0.0059146928404757,0.0062270907925525846,NORMAL
2133,0.9879624270110484,0.005915827228695014,0.006121745760256779,NORMAL
2134,0.9876878650085482,0.006190362626427148,0.006121772365024649,NORMAL
2135,0.9878601041357188,0.005914693382702573,0.0062252024815788965,NORMAL
2136,0.9878582163669718,0.0059146928404757,0.0062270907925525846,NORMAL
2137,0.9743783978283257,0.005913551758358041,0.019708050413316233,CRITICAL
2138,0.9878582163669718,0.0059146928404757,0.0062270907925525846,NORMAL
2139,0.9878582163669718,0.0059146928404757,0.0062270907925525846,NORMAL
2140,0.9878582163669718,0.0059146928404757,0.0062270907925525846,NORMAL
2141,0.9878582163669718,0.0059146928404757,0.0062270907925525846,NORMAL
2142,0.9605945544003109,0.033865750056035926,0.005539695543653194,NORMAL
2143,0.43877484763395613,0.5541371568850582,0.007087995480985784,CRITICAL
2144,0.1112195601040347,0.009502965262768427,0.8792774746331968,CRITICAL
2145,0.03218801288593453,0.009019617562835761,0.9587923695512297,CRITICAL
2146,0.032134470363587346,0.008742887716836534,0.9591226419195762,CRITICAL
2147,0.032840579793268605,0.008747763573187878,0.9584116566335436,CRITICAL
2148,0.03064553055649793,0.008732528932013288,0.9606219405114889,CRITICAL
2149,0.031835270998365035,0.008740814617222089,0.9594239143844128,CRITICAL
2150,0.03248053388588985,0.008745280279182015,0.9587741858349281,CRITICAL
2151,0.9580443807153818,0.03641279678541522,0.005542822499203015,NORMAL
2152,0.13628354010795135,0.8567402108312974,0.0069762490607513696,CRITICAL
2153,0.09507600960317877,0.009419480136483797,0.8955045102603375,CRITICAL
2154,0.0327857238174922,0.008747385612083734,0.9584668905704241,CRITICAL
2155,0.032134470363587346,0.008742887716836534,0.9591226419195762,CRITICAL
2156,0.03064553055649793,0.008732528932013288,0.9606219405114889,CRITICAL
2157,0.03064553055649793,0.008732528932013288,0.9606219405114889,CRITICAL
2158,0.03064553055649793,0.008732528932013288,0.9606219405114889,CRITICAL
2159,0.03126695469149473,0.008736865164200927,0.9599961801443043,CRITICAL
2160,0.02833047268375275,0.008716207665191785,0.9629533196510555,CRITICAL
2161,0.02833047268375275,0.008716207665191785,0.9629533196510555,CRITICAL
2162,0.028328018036113747,0.008716190216945557,0.9629557917469408,CRITICAL
2163,0.028344797205108407,0.008716309481311031,0.9629388933135805,CRITICAL
2164,0.02833047268375275,0.008716207665191785,0.9629533196510555,CRITICAL
2165,0.028354897253785358,0.008716381264335262,0.9629287214818794,CRITICAL
2166,0.02833047268375275,0.008716207665191785,0.9629533196510555,CRITICAL
2167,0.02833047268375275,0.008716207665191785,0.9629533196510555,CRITICAL
2168,0.02833047268375275,0.008716207665191785,0.9629533196510555,CRITICAL
2169,0.028354897253785358,0.008716381264335262,0.9629287214818794,CRITICAL
2170,0.02833047268375275,0.008716207665191785,0.9629533196510555,CRITICAL
2171,0.02833047268375275,0.008716207665191785,0.9629533196510555,CRITICAL
2172,0.028344797205108407,0.008716309481311031,0.9629388933135805,CRITICAL
2173,0.02833047268375275,0.008716207665191785,0.9629533196510555,CRITICAL
2174,0.02833047268375275,0.008716207665191785,0.9629533196510555,CRITICAL
2175,0.02833047268375275,0.008716207665191785,0.9629533196510555,CRITICAL
2176,0.02833047268375275,0.008716207665191785,0.9629533196510555,CRITICAL
2177,0.02833047268375275,0.008716207665191785,0.9629533196510555,CRITICAL
2178,0.9879624270110484,0.005915827228695014,0.006121745760256779,NORMAL
2179,0.9879624270110484,0.005915827228695014,0.006121745760256779,NORMAL
2180,0.9879624270110484,0.005915827228695014,0.006121745760256779,NORMAL
2181,0.9879624270110484,0.005915827228695014,0.006121745760256779,NORMAL
2182,0.9879624270110484,0.005915827228695014,0.006121745760256779,NORMAL
2183,0.9879624270110484,0.005915827228695014,0.006121745760256779,NORMAL
2184,0.9879624270110484,0.005915827228695014,0.006121745760256779,NORMAL
2185,0.9879624270110484,0.005915827228695014,0.006121745760256779,NORMAL
2186,0.9879624270110484,0.005915827228695014,0.006121745760256779,NORMAL
2187,0.9879624270110484,0.005915827228695014,0.006121745760256779,NORMAL
2188,0.9879624270110484,0.005915827228695014,0.006121745760256779,NORMAL
2189,0.9879624270110484,0.005915827228695014,0.006121745760256779,NORMAL
2190,0.9879624270110484,0.005915827228695014,0.006121745760256779,NORMAL
2191,0.9879624270110484,0.005915827228695014,0.006121745760256779,NORMAL
2192,0.9879624270110484,0.005915827228695014,0.006121745760256779,NORMAL
2193,0.9879624270110484,0.005915827228695014,0.006121745760256779,NORMAL
2194,0.9879624270110484,0.005915827228695014,0.006121745760256779,NORMAL
2195,0.9879624270110484,0.005915827228695014,0.006121745760256779,NORMAL
2196,0.9859791409469767,0.008500740869144683,0.005520118183878616,NORMAL
2197,0.9859791409469767,0.008500740869144683,0.005520118183878616,NORMAL
2198,0.9859791409469767,0.008500740869144683,0.005520118183878616,NORMAL
2199,0.9859791409469767,0.008500740869144683,0.005520118183878616,NORMAL
2200,0.9859791409469767,0.008500740869144683,0.005520118183878616,NORMAL
2201,0.9859791409469767,0.008500740869144683,0.005520118183878616,NORMAL
2202,0.9859791409469767,0.008500740869144683,0.005520118183878616,NORMAL
2203,0.9859791409469767,0.008500740869144683,0.005520118183878616,NORMAL
2204,0.9859791409469767,0.008500740869144683,0.005520118183878616,NORMAL
2205,0.9859791409469767,0.008500740869144683,0.005520118183878616,NORMAL
2206,0.9859791409469767,0.008500740869144683,0.005520118183878616,NORMAL
2207,0.9859791409469767,0.008500740869144683,0.005520118183878616,NORMAL
2208,0.9859791409469767,0.008500740869144683,0.005520118183878616,NORMAL
2209,0.9859791409469767,0.008500740869144683,0.005520118183878616,NORMAL
2210,0.9859791409469767,0.008500740869144683,0.005520118183878616,NORMAL
2211,0.9859791409469767,0.008500740869144683,0.005520118183878616,NORMAL
2212,0.9859791409469767,0.008500740869144683,0.005520118183878616,NORMAL
2213,0.9859791409469767,0.008500740869144683,0.005520118183878616,NORMAL
2214,0.9861457749806429,0.0072039971467352795,0.00665022787262171,NORMAL
2215,0.9861457749806429,0.0072039971467352795,0.00665022787262171,NORMAL
2216,0.9861457749806429,0.0072039971467352795,0.00665022787262171,NORMAL
2217,0.9861457749806429,0.0072039971467352795,0.00665022787262171,NORMAL
2218,0.9861457749806429,0.0072039971467352795,0.00665022787262171,NORMAL
2219,0.9861457749806429,0.0072039971467352795,0.00665022787262171,NORMAL
2220,0.9861457749806429,0.0072039971467352795,0.00665022787262171,NORMAL
2221,0.9861457749806429,0.0072039971467352795,0.00665022787262171,NORMAL
2222,0.9861457749806429,0.0072039971467352795,0.00665022787262171,NORMAL
2223,0.9861457749806429,0.0072039971467352795,0.00665022787262171,NORMAL
2224,0.9861457749806429,0.0072039971467352795,0.00665022787262171,NORMAL
2225,0.9861457749806429,0.0072039971467352795,0.00665022787262171,NORMAL
2226,0.9861457749806429,0.0072039971467352795,0.00665022787262171,NORMAL
2227,0.9861457749806429,0.0072039971467352795,0.00665022787262171,NORMAL
2228,0.9861457749806429,0.0072039971467352795,0.00665022787262171,NORMAL
2229,0.9861457749806429,0.0072039971467352795,0.00665022787262171,NORMAL
2230,0.9861457749806429,0.0072039971467352795,0.00665022787262171,NORMAL
2231,0.9861457749806429,0.0072039971467352795,0.00665022787262171,NORMAL
2232,0.021695582201778613,0.9709502100100705,0.007354207788150852,WARNING
2233,0.02166856433572857,0.9711315083923704,0.007199927271901012,WARNING
2234,0.023238412309117284,0.9691360762312446,0.007625511459637966,WARNING
2235,0.02166856433572857,0.9711315083923704,0.007199927271901012,WARNING
2236,0.02166856433572857,0.9711315083923704,0.007199927271901012,WARNING
2237,0.022053513336770567,0.970740868888782,0.007205617774447515,WARNING
2238,0.02166856433572857,0.9711315083923704,0.007199927271901012,WARNING
2239,0.022053513336770567,0.970740868888782,0.007205617774447515,WARNING
2240,0.02166856433572857,0.9711315083923704,0.007199927271901012,WARNING
2241,0.02166856433572857,0.9711315083923704,0.007199927271901012,WARNING
2242,0.02166856433572857,0.9711315083923704,0.007199927271901012,WARNING
2243,0.0216419955421808,0.9713090050900542,0.0070489993677648605,WARNING
2244,0.02166856433572857,0.9711315083923704,0.007199927271901012,WARNING
2245,0.022053513336770567,0.970740868888782,0.007205617774447515,WARNING
2246,0.02166856433572857,0.9711315083923704,0.007199927271901012,WARNING
2247,0.022053513336770567,0.970740868888782,0.007205617774447515,WARNING
2248,0.02166856433572857,0.9711315083923704,0.007199927271901012,WARNING
2249,0.02166856433572857,0.9711315083923704,0.007199927271901012,WARNING
2250,0.9879624270110484,0.005915827228695014,0.006121745760256779,NORMAL
2251,0.9879624270110484,0.005915827228695014,0.006121745760256779,NORMAL
2252,0.9879624270110484,0.005915827228695014,0.006121745760256779,NORMAL
2253,0.9879624270110484,0.005915827228695014,0.006121745760256779,NORMAL
2254,0.987520080364183,0.0063581278989598405,0.006121791736857192,NORMAL
2255,0.9879624270110484,0.005915827228695014,0.006121745760256779,NORMAL
2256,0.9879624270110484,0.005915827228695014,0.006121745760256779,NORMAL
2257,0.9879624270110484,0.005915827228695014,0.006121745760256779,NORMAL
2258,0.9879624270110484,0.005915827228695014,0.006121745760256779,NORMAL
2259,0.9879624270110484,0.005915827228695014,0.006121745760256779,NORMAL
2260,0.9879624270110484,0.005915827228695014,0.006121745760256779,NORMAL
2261,0.9879624270110484,0.005915827228695014,0.006121745760256779,NORMAL
2262,0.9879624270110484,0.005915827228695014,0.006121745760256779,NORMAL
2263,0.9879624270110484,0.005915827228695014,0.006121745760256779,NORMAL
2264,0.9879624270110484,0.005915827228695014,0.006121745760256779,NORMAL
2265,0.9879624270110484,0.005915827228695014,0.006121745760256779,NORMAL
2266,0.9879624270110484,0.005915827228695014,0.006121745760256779,NORMAL
2267,0.9879624270110484,0.005915827228695014,0.006121745760256779,NORMAL
2268,0.9621842191116725,0.0316772747561832,0.0061385061321443885,NORMAL
2269,0.04880434502745351,0.944866034092899,0.006329620879647465,WARNING
2270,0.038743777132509524,0.954957479943254,0.006298742924236457,WARNING
2271,0.038743777132509524,0.954957479943254,0.006298742924236457,WARNING
2272,0.038743777132509524,0.954957479943254,0.006298742924236457,WARNING
2273,0.038743777132509524,0.954957479943254,0.006298742924236457,WARNING
2274,0.038743777132509524,0.954957479943254,0.006298742924236457,WARNING
2275,0.038743777132509524,0.954957479943254,0.006298742924236457,WARNING
2276,0.038743777132509524,0.954957479943254,0.006298742924236457,WARNING
2277,0.07255953838462398,0.9210428708789167,0.0063975907364593,WARNING
2278,0.09985695100905294,0.8936798452463961,0.006463203744551002,CRITICAL
2279,0.038743777132509524,0.954957479943254,0.006298742924236457,WARNING
2280,0.038743777132509524,0.954957479943254,0.006298742924236457,WARNING
2281,0.038743777132509524,0.954957479943254,0.006298742924236457,WARNING
2282,0.038743777132509524,0.954957479943254,0.006298742924236457,WARNING
2283,0.038743777132509524,0.954957479943254,0.006298742924236457,WARNING
2284,0.039607643606463336,0.9540906892094777,0.0063016671840588675,WARNING
2285,0.041620498001538046,0.9520711054826345,0.006308396515827368,WARNING
2286,0.0216419955421808,0.9713090050900542,0.0070489993677648605,WARNING
2287,0.021707300527045444,0.9708713257733428,0.00742137369961176,WARNING
2288,0.0210600841368338,0.007685980495056278,0.97125393536811,CRITICAL
2289,0.020679964332524003,0.007277877083511766,0.9720421585839643,CRITICAL
2290,0.02063734591884287,0.007277382294060635,0.9720852717870965,CRITICAL
2291,0.02119080477745856,0.007279597165977742,0.9715295980565637,CRITICAL
2292,0.02119080477745856,0.007279597165977742,0.9715295980565637,CRITICAL
2293,0.02063734591884287,0.007277382294060635,0.9720852717870965,CRITICAL
2294,0.02063734591884287,0.007277382294060635,0.9720852717870965,CRITICAL
2295,0.02202607518145959,0.9709194814997275,0.0070544433188128065,WARNING
2296,0.024940007816423658,0.9674743680665867,0.007585624116989701,WARNING
2297,0.020767207811183897,0.00759229101437491,0.9716405011744411,CRITICAL
2298,0.020679964332524003,0.007277877083511766,0.9720421585839643,CRITICAL
2299,0.02063734591884287,0.007277382294060635,0.9720852717870965,CRITICAL
2300,0.02063734591884287,0.007277382294060635,0.9720852717870965,CRITICAL
2301,0.02119080477745856,0.007279597165977742,0.9715295980565637,CRITICAL
2302,0.02063734591884287,0.007277382294060635,0.9720852717870965,CRITICAL
2303,0.02063734591884287,0.007277382294060635,0.9720852717870965,CRITICAL
2304,0.9879624270110484,0.005915827228695014,0.006121745760256779,NORMAL
2305,0.9879624270110484,0.005915827228695014,0.006121745760256779,NORMAL
2306,0.9879624270110484,0.005915827228695014,0.006121745760256779,NORMAL
2307,0.9879624270110484,0.005915827228695014,0.006121745760256779,NORMAL
2308,0.9879624270110484,0.005915827228695014,0.006121745760256779,NORMAL
2309,0.9879624270110484,0.005915827228695014,0.006121745760256779,NORMAL
2310,0.9879624270110484,0.005915827228695014,0.006121745760256779,NORMAL
2311,0.9879624270110484,0.005915827228695014,0.006121745760256779,NORMAL
2312,0.9879624270110484,0.005915827228695014,0.006121745760256779,NORMAL
2313,0.9879624270110484,0.005915827228695014,0.006121745760256779,NORMAL
2314,0.9879624270110484,0.005915827228695014,0.006121745760256779,NORMAL
2315,0.9879624270110484,0.005915827228695014,0.006121745760256779,NORMAL
2316,0.9879624270110484,0.005915827228695014,0.006121745760256779,NORMAL
2317,0.9879624270110484,0.005915827228695014,0.006121745760256779,NORMAL
2318,0.9879624270110484,0.005915827228695014,0.006121745760256779,NORMAL
2319,0.9879624270110484,0.005915827228695014,0.006121745760256779,NORMAL
2320,0.9879624270110484,0.005915827228695014,0.006121745760256779,NORMAL
2321,0.9879624270110484,0.005915827228695014,0.006121745760256779,NORMAL
2322,0.9859791409469767,0.008500740869144683,0.005520118183878616,NORMAL
2323,0.9859791409469767,0.008500740869144683,0.005520118183878616,NORMAL
2324,0.9859791409469767,0.008500740869144683,0.005520118183878616,NORMAL
2325,0.9710930228558569,0.023378397733977273,0.0055285794101659,NORMAL
2326,0.9649778511371591,0.029487466219215802,0.005534682643625079,NORMAL
2327,0.9608622299373878,0.0335983941587165,0.0055393759038956485,NORMAL
2328,0.9651490756496398,0.029316427481306122,0.005534496869053964,NORMAL
2329,0.9674431431034148,0.027024770129236146,0.0055320867673489555,NORMAL
2330,0.9666717688584153,0.02779535071222745,0.005532880429357225,NORMAL
2331,0.9859791409469767,0.008500740869144683,0.005520118183878616,NORMAL
2332,0.9859791409469767,0.008500740869144683,0.005520118183878616,NORMAL
2333,0.9852381477146362,0.009241625662362701,0.0055202266230009725,NORMAL
2334,0.9658860183090491,0.028580275225825597,0.005533706465125155,NORMAL
2335,0.965262274189112,0.02920335132214034,0.00553437448874766,NORMAL
2336,0.9603719357858337,0.03408810156256119,0.005539962651605137,NORMAL
2337,0.9641378492591717,0.03032654532589124,0.005535605414937064,NORMAL
2338,0.968219013973466,0.02624967978641731,0.005531306240116731,NORMAL
2339,0.9683715441785709,0.026097300886080227,0.005531154935348788,NORMAL
2340,0.02833047268375275,0.008716207665191785,0.9629533196510555,CRITICAL
2341,0.02833047268375275,0.008716207665191785,0.9629533196510555,CRITICAL
2342,0.02833047268375275,0.008716207665191785,0.9629533196510555,CRITICAL
2343,0.028344797205108407,0.008716309481311031,0.9629388933135805,CRITICAL
2344,0.02833047268375275,0.008716207665191785,0.9629533196510555,CRITICAL
2345,0.02833047268375275,0.008716207665191785,0.9629533196510555,CRITICAL
2346,0.02833047268375275,0.008716207665191785,0.9629533196510555,CRITICAL
2347,0.02833047268375275,0.008716207665191785,0.9629533196510555,CRITICAL
2348,0.028654803450122036,0.00871851038668465,0.9626266861631934,CRITICAL
2349,0.02833047268375275,0.008716207665191785,0.9629533196510555,CRITICAL
2350,0.02833047268375275,0.008716207665191785,0.9629533196510555,CRITICAL
2351,0.028344797205108407,0.008716309481311031,0.9629388933135805,CRITICAL
2352,0.02833047268375275,0.008716207665191785,0.9629533196510555,CRITICAL
2353,0.02833047268375275,0.008716207665191785,0.9629533196510555,CRITICAL
2354,0.02833047268375275,0.008716207665191785,0.9629533196510555,CRITICAL
2355,0.02833047268375275,0.008716207665191785,0.9629533196510555,CRITICAL
2356,0.028390350509795926,0.008716633196320793,0.9628930162938832,CRITICAL
2357,0.028654803450122036,0.00871851038668465,0.9626266861631934,CRITICAL
2358,0.9879624270110484,0.005915827228695014,0.006121745760256779,NORMAL
2359,0.9879624270110484,0.005915827228695014,0.006121745760256779,NORMAL
2360,0.9879624270110484,0.005915827228695014,0.006121745760256779,NORMAL
2361,0.9879624270110484,0.005915827228695014,0.006121745760256779,NORMAL
2362,0.9879624270110484,0.005915827228695014,0.006121745760256779,NORMAL
2363,0.9879624270110484,0.005915827228695014,0.006121745760256779,NORMAL
2364,0.9879624270110484,0.005915827228695014,0.006121745760256779,NORMAL
2365,0.9879624270110484,0.005915827228695014,0.006121745760256779,NORMAL
2366,0.9879624270110484,0.005915827228695014,0.006121745760256779,NORMAL
2367,0.9879624270110484,0.005915827228695014,0.006121745760256779,NORMAL
2368,0.9879624270110484,0.005915827228695014,0.006121745760256779,NORMAL
2369,0.9879624270110484,0.005915827228695014,0.006121745760256779,NORMAL
2370,0.9879624270110484,0.005915827228695014,0.006121745760256779,NORMAL
2371,0.9879624270110484,0.005915827228695014,0.006121745760256779,NORMAL
2372,0.9879624270110484,0.005915827228695014,0.006121745760256779,NORMAL
2373,0.9879624270110484,0.005915827228695014,0.006121745760256779,NORMAL
2374,0.9879624270110484,0.005915827228695014,0.006121745760256779,NORMAL
2375,0.9879624270110484,0.005915827228695014,0.006121745760256779,NORMAL
2376,0.17411021181463282,0.006339545590221155,0.819550242595146,CRITICAL
2377,0.9669859544136581,0.005914346060287047,0.027099699526054895,CRITICAL
2378,0.9640968453467248,0.005914834924811323,0.02998831972846384,CRITICAL
2379,0.5125882678368734,0.006170558354757846,0.4812411738083689,CRITICAL
2380,0.03821525087137532,0.005994188029792427,0.9557905610988322,CRITICAL
2381,0.03821525087137532,0.005994188029792427,0.9557905610988322,CRITICAL
2382,0.03821525087137532,0.005994188029792427,0.9557905610988322,CRITICAL
2383,0.03821525087137532,0.005994188029792427,0.9557905610988322,CRITICAL
2384,0.03821525087137532,0.005994188029792427,0.9557905610988322,CRITICAL
2385,0.1196044442017481,0.006418572887319486,0.8739769829109325,CRITICAL
2386,0.5138407132393613,0.006144263309939547,0.48001502345069924,CRITICAL
2387,0.9631492757008635,0.0059150141534033245,0.030935710145733156,CRITICAL
2388,0.950652688272524,0.005918113957106858,0.04342919777036916,CRITICAL
2389,0.03821525087137532,0.005994188029792427,0.9557905610988322,CRITICAL
2390,0.03821525087137532,0.005994188029792427,0.9557905610988322,CRITICAL
2391,0.03821525087137532,0.005994188029792427,0.9557905610988322,CRITICAL
2392,0.03821525087137532,0.005994188029792427,0.9557905610988322,CRITICAL
2393,0.03824762146498274,0.006151073039864965,0.9556013054951523,CRITICAL
2394,0.9861457749806429,0.0072039971467352795,0.00665022787262171,NORMAL
2395,0.9861457749806429,0.0072039971467352795,0.00665022787262171,NORMAL
2396,0.9861457749806429,0.0072039971467352795,0.00665022787262171,NORMAL
2397,0.9861457749806429,0.0072039971467352795,0.00665022787262171,NORMAL
2398,0.9861457749806429,0.0072039971467352795,0.00665022787262171,NORMAL
2399,0.9861457749806429,0.0072039971467352795,0.00665022787262171,NORMAL
2400,0.9861457749806429,0.0072039971467352795,0.00665022787262171,NORMAL
2401,0.9861457749806429,0.0072039971467352795,0.00665022787262171,NORMAL
2402,0.9861457749806429,0.0072039971467352795,0.00665022787262171,NORMAL
2403,0.9861457749806429,0.0072039971467352795,0.00665022787262171,NORMAL
2404,0.9861457749806429,0.0072039971467352795,0.00665022787262171,NORMAL
2405,0.9861457749806429,0.0072039971467352795,0.00665022787262171,NORMAL
2406,0.9861457749806429,0.0072039971467352795,0.00665022787262171,NORMAL
2407,0.9861457749806429,0.0072039971467352795,0.00665022787262171,NORMAL
2408,0.9861457749806429,0.0072039971467352795,0.00665022787262171,NORMAL
2409,0.9861457749806429,0.0072039971467352795,0.00665022787262171,NORMAL
2410,0.9861457749806429,0.0072039971467352795,0.00665022787262171,NORMAL
2411,0.9861457749806429,0.0072039971467352795,0.00665022787262171,NORMAL
2412,0.14638885732237333,0.8474865334708924,0.006124609206734264,WARNING
2413,0.15330286256054826,0.8405581939719222,0.006138943467529499,WARNING
2414,0.9387624165784986,0.055667231122249486,0.005570352299251969,WARNING
2415,0.1513337465390397,0.8425313229487551,0.006134930512205225,WARNING
2416,0.1729972061469781,0.8208266111500877,0.006176182702934171,WARNING
2417,0.1588136961027759,0.8350364167758918,0.00614988712133233,WARNING
2418,0.9430583378883274,0.05137794692229731,0.005563715189375352,WARNING
2419,0.15542549286768295,0.8384312987407297,0.006143208391587328,WARNING
2420,0.15754143349983576,0.8363111687652198,0.006147397734944435,WARNING
2421,0.12436931367078523,0.8695565332555141,0.006074153073700756,WARNING
2422,0.14641770836002158,0.8474576211879861,0.0061246704519924795,WARNING
2423,0.1473202949812197,0.8465531246737055,0.006126580345074825,WARNING
2424,0.13168907168734847,0.8622191534297019,0.00609177488294958,WARNING
2425,0.15085028972943923,0.8430157734029299,0.006133936867631023,WARNING
2426,0.23053207116970054,0.7632095200306737,0.006258408799625728,CRITICAL
2427,0.16045969000762375,0.8333872348565321,0.006153075135844166,WARNING
2428,0.1678887346912355,0.8259442510025352,0.006167014306229349,WARNING
2429,0.17973657775088037,0.8140756468153657,0.006187775433754014,WARNING
2430,0.9813495353279253,0.012526695106300811,0.006123769565773817,NORMAL
2431,0.0456964489220191,0.9479837548840251,0.006319796193955756,WARNING
2432,0.038743777132509524,0.954957479943254,0.006298742924236457,WARNING
2433,0.038743777132509524,0.954957479943254,0.006298742924236457,WARNING
2434,0.038743777132509524,0.954957479943254,0.006298742924236457,WARNING
2435,0.038743777132509524,0.954957479943254,0.006298742924236457,WARNING
2436,0.039607643606463336,0.9540906892094777,0.0063016671840588675,WARNING
2437,0.03938993339745025,0.9543091343042792,0.006300932298270516,WARNING
2438,0.03938993339745025,0.9543091343042792,0.006300932298270516,WARNING
2439,0.9812204649772865,0.01265570305009206,0.006123831972621352,NORMAL
2440,0.050158735673133795,0.9435074372480172,0.006333827078849018,WARNING
2441,0.038743777132509524,0.954957479943254,0.006298742924236457,WARNING
2442,0.038743777132509524,0.954957479943254,0.006298742924236457,WARNING
2443,0.038743777132509524,0.954957479943254,0.006298742924236457,WARNING
2444,0.038743777132509524,0.954957479943254,0.006298742924236457,WARNING
2445,0.038743777132509524,0.954957479943254,0.006298742924236457,WARNING
2446,0.038743777132509524,0.954957479943254,0.006298742924236457,WARNING
2447,0.038743777132509524,0.954957479943254,0.006298742924236457,WARNING
2448,0.04624565451515213,0.007400701749921445,0.9463536437349265,CRITICAL
2449,0.021759282485234708,0.0073087581712434155,0.9709319593435219,CRITICAL
2450,0.021741096362010538,0.007308684750322432,0.970950218887667,CRITICAL
2451,0.021741096362010538,0.007308684750322432,0.970950218887667,CRITICAL
2452,0.02067740388691515,0.0072778668193546016,0.9720447292937302,CRITICAL
2453,0.02067740388691515,0.0072778668193546016,0.9720447292937302,CRITICAL
2454,0.020670036941938315,0.007277837286233385,0.9720521257718283,CRITICAL
2455,0.020670036941938315,0.007277837286233385,0.9720521257718283,CRITICAL
2456,0.020670036941938315,0.007277837286233385,0.9720521257718283,CRITICAL
2457,0.021751533551434846,0.007308726888335519,0.9709397395602296,CRITICAL
2458,0.021751533551434846,0.007308726888335519,0.9709397395602296,CRITICAL
2459,0.021741096362010538,0.007308684750322432,0.970950218887667,CRITICAL
2460,0.021741096362010538,0.007308684750322432,0.970950218887667,CRITICAL
2461,0.020670036941938315,0.007277837286233385,0.9720521257718283,CRITICAL
2462,0.020670036941938315,0.007277837286233385,0.9720521257718283,CRITICAL
2463,0.02067740388691515,0.0072778668193546016,0.9720447292937302,CRITICAL
2464,0.020670036941938315,0.007277837286233385,0.9720521257718283,CRITICAL
2465,0.020670036941938315,0.007277837286233385,0.9720521257718283,CRITICAL
2466,0.9859791409469767,0.008500740869144683,0.005520118183878616,NORMAL
2467,0.9859791409469767,0.008500740869144683,0.005520118183878616,NORMAL
2468,0.9859791409469767,0.008500740869144683,0.005520118183878616,NORMAL
2469,0.9859791409469767,0.008500740869144683,0.005520118183878616,NORMAL
2470,0.9843933427560642,0.010086252855490096,0.005520404388445628,NORMAL
2471,0.9850406730487885,0.009439063786773238,0.00552026316443822,NORMAL
2472,0.9859791409469767,0.008500740869144683,0.005520118183878616,NORMAL
2473,0.9850406730487885,0.009439063786773238,0.00552026316443822,NORMAL
2474,0.9853957111842735,0.009084089085898344,0.005520199729828216,NORMAL
2475,0.9859791409469767,0.008500740869144683,0.005520118183878616,NORMAL
2476,0.9859791409469767,0.008500740869144683,0.005520118183878616,NORMAL
2477,0.9859791409469767,0.008500740869144683,0.005520118183878616,NORMAL
2478,0.9859791409469767,0.008500740869144683,0.005520118183878616,NORMAL
2479,0.9853957111842735,0.009084089085898344,0.005520199729828216,NORMAL
2480,0.985638056423983,0.008841781212948154,0.005520162363068673,NORMAL
2481,0.9849004818130653,0.009579227195968423,0.00552029099096621,NORMAL
2482,0.9859791409469767,0.008500740869144683,0.005520118183878616,NORMAL
2483,0.985594476275364,0.008885355003479955,0.005520168721155887,NORMAL
2484,0.9859791409469767,0.008500740869144683,0.005520118183878616,NORMAL
2485,0.9859791409469767,0.008500740869144683,0.005520118183878616,NORMAL
2486,0.9859791409469767,0.008500740869144683,0.005520118183878616,NORMAL
2487,0.9859791409469767,0.008500740869144683,0.005520118183878616,NORMAL
2488,0.9859791409469767,0.008500740869144683,0.005520118183878616,NORMAL
2489,0.9859791409469767,0.008500740869144683,0.005520118183878616,NORMAL
2490,0.9859791409469767,0.008500740869144683,0.005520118183878616,NORMAL
2491,0.9859791409469767,0.008500740869144683,0.005520118183878616,NORMAL
2492,0.9859791409469767,0.008500740869144683,0.005520118183878616,NORMAL
2493,0.9859791409469767,0.008500740869144683,0.005520118183878616,NORMAL
2494,0.9859791409469767,0.008500740869144683,0.005520118183878616,NORMAL
2495,0.9859791409469767,0.008500740869144683,0.005520118183878616,NORMAL
2496,0.9859791409469767,0.008500740869144683,0.005520118183878616,NORMAL
2497,0.9859791409469767,0.008500740869144683,0.005520118183878616,NORMAL
2498,0.9859791409469767,0.008500740869144683,0.005520118183878616,NORMAL
2499,0.9859791409469767,0.008500740869144683,0.005520118183878616,NORMAL
2500,0.9859791409469767,0.008500740869144683,0.005520118183878616,NORMAL
2501,0.9859791409469767,0.008500740869144683,0.005520118183878616,NORMAL
2502,0.06406899095353218,0.9295544514078238,0.006376557638644028,WARNING
2503,0.038743777132509524,0.954957479943254,0.006298742924236457,WARNING
2504,0.038743777132509524,0.954957479943254,0.006298742924236457,WARNING
2505,0.0391771963208983,0.005995638205360195,0.9548271654737415,CRITICAL
2506,0.03823154037433056,0.005994212691300125,0.9557742469343693,CRITICAL
2507,0.03822407521803827,0.005994201389869349,0.9557817233920924,CRITICAL
2508,0.03820817849996121,0.0059941773214422355,0.9557976441785966,CRITICAL
2509,0.038200717755890005,0.005994166024313187,0.9558051162197968,CRITICAL
2510,0.050791126685205634,0.006042154150298099,0.9431667191644962,CRITICAL
2511,0.04921894693281254,0.94444824713916,0.006332805928027437,WARNING
2512,0.038743777132509524,0.954957479943254,0.006298742924236457,WARNING
2513,0.038743777132509524,0.954957479943254,0.006298742924236457,WARNING
2514,0.03822407521803827,0.005994201389869349,0.9557817233920924,CRITICAL
2515,0.03825011542575443,0.0059942408085995194,0.955755643765646,CRITICAL
2516,0.03822407521803827,0.005994201389869349,0.9557817233920924,CRITICAL
2517,0.03820719267318463,0.005994175828737587,0.9557986314980779,CRITICAL
2518,0.038200717755890005,0.005994166024313187,0.9558051162197968,CRITICAL
2519,0.05176030941920616,0.006043505333538315,0.9421961852472556,CRITICAL
2520,0.9861457749806429,0.0072039971467352795,0.00665022787262171,NORMAL
2521,0.9861457749806429,0.0072039971467352795,0.00665022787262171,NORMAL
2522,0.9861457749806429,0.0072039971467352795,0.00665022787262171,NORMAL
2523,0.9861457749806429,0.0072039971467352795,0.00665022787262171,NORMAL
2524,0.9861457749806429,0.0072039971467352795,0.00665022787262171,NORMAL
2525,0.9861457749806429,0.0072039971467352795,0.00665022787262171,NORMAL
2526,0.9861457749806429,0.0072039971467352795,0.00665022787262171,NORMAL
2527,0.9861457749806429,0.0072039971467352795,0.00665022787262171,NORMAL
2528,0.9861457749806429,0.0072039971467352795,0.00665022787262171,NORMAL
2529,0.9861457749806429,0.0072039971467352795,0.00665022787262171,NORMAL
2530,0.9861457749806429,0.0072039971467352795,0.00665022787262171,NORMAL
2531,0.9861457749806429,0.0072039971467352795,0.00665022787262171,NORMAL
2532,0.9861457749806429,0.0072039971467352795,0.00665022787262171,NORMAL
2533,0.9861457749806429,0.0072039971467352795,0.00665022787262171,NORMAL
2534,0.9861457749806429,0.0072039971467352795,0.00665022787262171,NORMAL
2535,0.9861457749806429,0.0072039971467352795,0.00665022787262171,NORMAL
2536,0.9861457749806429,0.0072039971467352795,0.00665022787262171,NORMAL
2537,0.9861457749806429,0.0072039971467352795,0.00665022787262171,NORMAL
2538,0.038186624317411696,0.005994144681822569,0.9558192310007658,CRITICAL
2539,0.03818015277167308,0.005994134880686553,0.9558257123476404,CRITICAL
2540,0.03818015277167308,0.005994134880686553,0.9558257123476404,CRITICAL
2541,0.03818015277167308,0.005994134880686553,0.9558257123476404,CRITICAL
2542,0.038206164037658856,0.00599417427119928,0.9557996616911418,CRITICAL
2543,0.03818015277167308,0.005994134880686553,0.9558257123476404,CRITICAL
2544,0.03818015277167308,0.005994134880686553,0.9558257123476404,CRITICAL
2545,0.03818015277167308,0.005994134880686553,0.9558257123476404,CRITICAL
2546,0.038186624317411696,0.005994144681822569,0.9558192310007658,CRITICAL
2547,0.03818015277167308,0.005994134880686553,0.9558257123476404,CRITICAL
2548,0.03818015277167308,0.005994134880686553,0.9558257123476404,CRITICAL
2549,0.03818015277167308,0.005994134880686553,0.9558257123476404,CRITICAL
2550,0.03818015277167308,0.005994134880686553,0.9558257123476404,CRITICAL
2551,0.03818015277167308,0.005994134880686553,0.9558257123476404,CRITICAL
2552,0.03818015277167308,0.005994134880686553,0.9558257123476404,CRITICAL
2553,0.03818015277167308,0.005994134880686553,0.9558257123476404,CRITICAL
2554,0.038186624317411696,0.005994144681822569,0.9558192310007658,CRITICAL
2555,0.038206164037658856,0.00599417427119928,0.9557996616911418,CRITICAL
2556,0.30914451188424635,0.007953511510379757,0.6829019766053738,CRITICAL
2557,0.0968122566077797,0.007554155184917597,0.8956335882073027,CRITICAL
2558,0.10744261709814705,0.007559349355549164,0.8849980335463038,CRITICAL
2559,0.09425246849282667,0.007523196630280185,0.8982243348768931,CRITICAL
2560,0.10472145418217761,0.007552053865941134,0.8877264919518812,CRITICAL
2561,0.09735019262737045,0.0075318680179059455,0.8951179393547236,CRITICAL
2562,0.09610000059719187,0.007528381991755488,0.8963716174110526,CRITICAL
2563,0.1077872523132321,0.007560267411275477,0.8846524802754924,CRITICAL
2564,0.09610000059719187,0.007528381991755488,0.8963716174110526,CRITICAL
2565,0.10621855480494305,0.007580154488163258,0.8862012907068937,CRITICAL
2566,0.10061446553564357,0.0075647883366127605,0.8918207461277436,CRITICAL
2567,0.09610000059719187,0.007528381991755488,0.8963716174110526,CRITICAL
2568,0.08861279975225331,0.007507115631516831,0.9038800846162299,CRITICAL
2569,0.1146983573779373,0.007578400732533321,0.8777232418895294,CRITICAL
2570,0.09303908014112422,0.007519769044700125,0.8994411508141756,CRITICAL
2571,0.09357656830354197,0.007521289508855414,0.8989021421876026,CRITICAL
2572,0.10700098798238653,0.007558170984567041,0.8854408410330464,CRITICAL
2573,0.10445577321280386,0.007551337103425188,0.887992889683771,CRITICAL
2574,0.9859791409469767,0.008500740869144683,0.005520118183878616,NORMAL
2575,0.9859791409469767,0.008500740869144683,0.005520118183878616,NORMAL
2576,0.9859791409469767,0.008500740869144683,0.005520118183878616,NORMAL
2577,0.9859791409469767,0.008500740869144683,0.005520118183878616,NORMAL
2578,0.9859791409469767,0.008500740869144683,0.005520118183878616,NORMAL
2579,0.9859791409469767,0.008500740869144683,0.005520118183878616,NORMAL
2580,0.9859791409469767,0.008500740869144683,0.005520118183878616,NORMAL
2581,0.9859791409469767,0.008500740869144683,0.005520118183878616,NORMAL
2582,0.9859791409469767,0.008500740869144683,0.005520118183878616,NORMAL
2583,0.9859791409469767,0.008500740869144683,0.005520118183878616,NORMAL
2584,0.9859791409469767,0.008500740869144683,0.005520118183878616,NORMAL
2585,0.9859791409469767,0.008500740869144683,0.005520118183878616,NORMAL
2586,0.9859791409469767,0.008500740869144683,0.005520118183878616,NORMAL
2587,0.9859791409469767,0.008500740869144683,0.005520118183878616,NORMAL
2588,0.9859791409469767,0.008500740869144683,0.005520118183878616,NORMAL
2589,0.9859791409469767,0.008500740869144683,0.005520118183878616,NORMAL
2590,0.9859791409469767,0.008500740869144683,0.005520118183878616,NORMAL
2591,0.9859791409469767,0.008500740869144683,0.005520118183878616,NORMAL
2592,0.043735294279881265,0.937589186450281,0.018675519269837734,WARNING
2593,0.0367900196232325,0.9510888232600456,0.012121157116721869,WARNING
2594,0.03916038392356543,0.9488423408700584,0.011997275206376253,WARNING
2595,0.037469236866851045,0.9503892278536509,0.01214153527949799,WARNING
2596,0.03762281443389454,0.9493941225823205,0.012983062983784986,WARNING
2597,0.03939741265243235,0.9492538314626601,0.011348755884907616,WARNING
2598,0.04360513577269165,0.9431523211360772,0.013242543091231242,WARNING
2599,0.03983441771591055,0.9452566574089102,0.014908924875179377,WARNING
2600,0.039494128065265,0.9505203541356728,0.009985517799062264,WARNING
2601,0.054461512336877085,0.923437531603679,0.022100956059443906,WARNING
2602,0.039680326015951936,0.944357025031058,0.01596264895299011,WARNING
2603,0.037469236866851045,0.9503892278536509,0.01214153527949799,WARNING
2604,0.040229591612402,0.9507075529037468,0.009062855483851244,WARNING
2605,0.03809156152412505,0.9495562427664104,0.012352195709464582,WARNING
2606,0.04064092145720664,0.9462897219498878,0.013069356592905573,WARNING
2607,0.03812054352883906,0.9494453867867042,0.012434069684456634,WARNING
2608,0.03886625399557425,0.948950776927524,0.012182969076901766,WARNING
2609,0.04035611978322614,0.9476867633013654,0.01195711691540847,WARNING
2610,0.02166856433572857,0.9711315083923704,0.007199927271901012,WARNING
2611,0.022012982170041915,0.009225762463825032,0.968761255366133,CRITICAL
2612,0.020679964332524003,0.007277877083511766,0.9720421585839643,CRITICAL
2613,0.020679964332524003,0.007277877083511766,0.9720421585839643,CRITICAL
2614,0.020679964332524003,0.007277877083511766,0.9720421585839643,CRITICAL
2615,0.020679964332524003,0.007277877083511766,0.9720421585839643,CRITICAL
2616,0.020679964332524003,0.007277877083511766,0.9720421585839643,CRITICAL
2617,0.020958550018601425,0.007278992830741904,0.9717624571506566,CRITICAL
2618,0.020670036941938315,0.007277837286233385,0.9720521257718283,CRITICAL
2619,0.02202607518145959,0.9709194814997275,0.0070544433188128065,WARNING
2620,0.021687745299641747,0.008946946410545543,0.9693653082898127,CRITICAL
2621,0.020679964332524003,0.007277877083511766,0.9720421585839643,CRITICAL
2622,0.020679964332524003,0.007277877083511766,0.9720421585839643,CRITICAL
2623,0.020679964332524003,0.007277877083511766,0.9720421585839643,CRITICAL
2624,0.020679964332524003,0.007277877083511766,0.9720421585839643,CRITICAL
2625,0.020679964332524003,0.007277877083511766,0.9720421585839643,CRITICAL
2626,0.020958550018601425,0.007278992830741904,0.9717624571506566,CRITICAL
2627,0.020670036941938315,0.007277837286233385,0.9720521257718283,CRITICAL
2628,0.03818015277167308,0.005994134880686553,0.9558257123476404,CRITICAL
2629,0.03818015277167308,0.005994134880686553,0.9558257123476404,CRITICAL
2630,0.038206164037658856,0.00599417427119928,0.9557996616911418,CRITICAL
2631,0.038206164037658856,0.00599417427119928,0.9557996616911418,CRITICAL
2632,0.03821525087137532,0.005994188029792427,0.9557905610988322,CRITICAL
2633,0.03821525087137532,0.005994188029792427,0.9557905610988322,CRITICAL
2634,0.03821525087137532,0.005994188029792427,0.9557905610988322,CRITICAL
2635,0.03821525087137532,0.005994188029792427,0.9557905610988322,CRITICAL
2636,0.03821525087137532,0.005994188029792427,0.9557905610988322,CRITICAL
2637,0.03818015277167308,0.005994134880686553,0.9558257123476404,CRITICAL
2638,0.03818015277167308,0.005994134880686553,0.9558257123476404,CRITICAL
2639,0.038206164037658856,0.00599417427119928,0.9557996616911418,CRITICAL
2640,0.038206164037658856,0.00599417427119928,0.9557996616911418,CRITICAL
2641,0.03821525087137532,0.005994188029792427,0.9557905610988322,CRITICAL
2642,0.03821525087137532,0.005994188029792427,0.9557905610988322,CRITICAL
2643,0.03821525087137532,0.005994188029792427,0.9557905610988322,CRITICAL
2644,0.03821525087137532,0.005994188029792427,0.9557905610988322,CRITICAL
2645,0.03821525087137532,0.005994188029792427,0.9557905610988322,CRITICAL
2646,0.9858108641110911,0.007537974826215818,0.006651161062693021,NORMAL
2647,0.9838453169673987,0.009497627827062446,0.006657055205538948,NORMAL
2648,0.9860857612738956,0.007263845291017645,0.006650393435086823,NORMAL
2649,0.9860857612738956,0.007263845291017645,0.006650393435086823,NORMAL
2650,0.984300369260412,0.009043999332803195,0.006655631406784732,NORMAL
2651,0.9860857612738956,0.007263845291017645,0.006650393435086823,NORMAL
2652,0.9860857612738956,0.007263845291017645,0.006650393435086823,NORMAL
2653,0.9860857612738956,0.007263845291017645,0.006650393435086823,NORMAL
2654,0.9860857612738956,0.007263845291017645,0.006650393435086823,NORMAL
2655,0.9858108641110911,0.007537974826215818,0.006651161062693021,NORMAL
2656,0.9860857612738956,0.007263845291017645,0.006650393435086823,NORMAL
2657,0.9858108641110911,0.007537974826215818,0.006651161062693021,NORMAL
2658,0.9860857612738956,0.007263845291017645,0.006650393435086823,NORMAL
2659,0.9860857612738956,0.007263845291017645,0.006650393435086823,NORMAL
2660,0.9860857612738956,0.007263845291017645,0.006650393435086823,NORMAL
2661,0.9860857612738956,0.007263845291017645,0.006650393435086823,NORMAL
2662,0.9860857612738956,0.007263845291017645,0.006650393435086823,NORMAL
2663,0.9846638565425939,0.00798406873516143,0.007352074722244628,NORMAL
2664,0.9859791409469767,0.008500740869144683,0.005520118183878616,NORMAL
2665,0.9859791409469767,0.008500740869144683,0.005520118183878616,NORMAL
2666,0.9859791409469767,0.008500740869144683,0.005520118183878616,NORMAL
2667,0.9857245809309684,0.008755268854475657,0.005520150214555839,NORMAL
2668,0.9857245809309684,0.008755268854475657,0.005520150214555839,NORMAL
2669,0.9581640466887048,0.0362932807576688,0.005542672553626266,NORMAL
2670,0.9605122401364281,0.033947965689607645,0.005539794173964221,NORMAL
2671,0.9857245809309684,0.008755268854475657,0.005520150214555839,NORMAL
2672,0.9846767661755423,0.009802895242637843,0.005520338581819697,NORMAL
2673,0.9859791409469767,0.008500740869144683,0.005520118183878616,NORMAL
2674,0.9859791409469767,0.008500740869144683,0.005520118183878616,NORMAL
2675,0.9859791409469767,0.008500740869144683,0.005520118183878616,NORMAL
2676,0.9859791409469767,0.008500740869144683,0.005520118183878616,NORMAL
2677,0.9857245809309684,0.008755268854475657,0.005520150214555839,NORMAL
2678,0.9859791409469767,0.008500740869144683,0.005520118183878616,NORMAL
2679,0.9844822193759901,0.009997397526365723,0.005520383097643991,NORMAL
2680,0.9622078173615513,0.03225438773136278,0.005537794907086056,NORMAL
2681,0.9667057218143732,0.027761433053693413,0.005532845131933444,NORMAL
2682,0.020813666161164854,0.007278088776767038,0.9719082450620682,CRITICAL
2683,0.020813666161164854,0.007278088776767038,0.9719082450620682,CRITICAL
2684,0.020813666161164854,0.007278088776767038,0.9719082450620682,CRITICAL
2685,0.020813666161164854,0.007278088776767038,0.9719082450620682,CRITICAL
2686,0.020813666161164854,0.007278088776767038,0.9719082450620682,CRITICAL
2687,0.021387962257290897,0.007280384236295902,0.9713316535064133,CRITICAL
2688,0.020813666161164854,0.007278088776767038,0.9719082450620682,CRITICAL
2689,0.020813666161164854,0.007278088776767038,0.9719082450620682,CRITICAL
2690,0.020813666161164854,0.007278088776767038,0.9719082450620682,CRITICAL
2691,0.020813666161164854,0.007278088776767038,0.9719082450620682,CRITICAL
2692,0.020813666161164854,0.007278088776767038,0.9719082450620682,CRITICAL
2693,0.02063734591884287,0.007277382294060635,0.9720852717870965,CRITICAL
2694,0.020813666161164854,0.007278088776767038,0.9719082450620682,CRITICAL
2695,0.020813666161164854,0.007278088776767038,0.9719082450620682,CRITICAL
2696,0.020813666161164854,0.007278088776767038,0.9719082450620682,CRITICAL
2697,0.021387962257290897,0.007280384236295902,0.9713316535064133,CRITICAL
2698,0.020813666161164854,0.007278088776767038,0.9719082450620682,CRITICAL
2699,0.02063734591884287,0.007277382294060635,0.9720852717870965,CRITICAL
2700,0.9850114692904031,0.009468261876660364,0.0055202688329363606,NORMAL
2701,0.8766700603369492,0.11749175748277683,0.005838182180274006,WARNING
2702,0.985604185471375,0.00850116883963777,0.0058946456889872895,NORMAL
2703,0.985604185471375,0.00850116883963777,0.0058946456889872895,NORMAL
2704,0.9850088658952388,0.00850347161621747,0.006487662488543743,CRITICAL
2705,0.9854115980012035,0.008501910597140033,0.006086491401656634,NORMAL
2706,0.9852127587911125,0.008502679680452244,0.006284561528435269,CRITICAL
2707,0.9850088658952388,0.00850347161621747,0.006487662488543743,CRITICAL
2708,0.9852127587911125,0.008502679680452244,0.006284561528435269,CRITICAL
2709,0.9847281533631425,0.009751519329777258,0.005520327307080137,NORMAL
2710,0.8766700603369492,0.11749175748277683,0.005838182180274006,WARNING
2711,0.985604185471375,0.00850116883963777,0.0058946456889872895,NORMAL
2712,0.9850088658952388,0.00850347161621747,0.006487662488543743,CRITICAL
2713,0.9850088658952388,0.00850347161621747,0.006487662488543743,CRITICAL
2714,0.9847969570407685,0.008504298108287444,0.006698744850944048,CRITICAL
2715,0.9847969570407685,0.008504298108287444,0.006698744850944048,CRITICAL
2716,0.9847969570407685,0.008504298108287444,0.006698744850944048,CRITICAL
2717,0.9847969570407685,0.008504298108287444,0.006698744850944048,CRITICAL
2718,0.9861457749806429,0.0072039971467352795,0.00665022787262171,NORMAL
2719,0.9835534722253624,0.009736574552030837,0.006709953222606623,NORMAL
2720,0.9802001297869947,0.011932301592714719,0.007867568620290507,NORMAL
2721,0.919050533963826,0.07357660431166288,0.00737286172451121,NORMAL
2722,0.04284562103442646,0.9487715855593686,0.008382793406205047,WARNING
2723,0.0401345666831398,0.9497115317727192,0.01015390154414103,WARNING
2724,0.04501120781449236,0.9465415480461428,0.008447244139364997,WARNING
2725,0.03883666612403979,0.9490606127739482,0.012102721102012179,WARNING
2726,0.026939744014830805,0.9637595232493317,0.009300732735837529,WARNING
2727,0.9861457749806429,0.0072039971467352795,0.00665022787262171,NORMAL
2728,0.9840150787061843,0.009315827126577383,0.006669094167238383,NORMAL
2729,0.9832215670710793,0.010067374323177173,0.006711058605743562,NORMAL
2730,0.8421643454878549,0.14929624320077323,0.008539411311371899,NORMAL
2731,0.04637842179048369,0.943340414876911,0.010281163332605203,WARNING
2732,0.04646074504765975,0.945378233128393,0.008161021823947266,WARNING
2733,0.047867271324547864,0.938416938798408,0.013715789877044107,WARNING
2734,0.027794649682478155,0.9622905199764682,0.009914830341053685,WARNING
2735,0.02784872545076581,0.9627202191007309,0.009431055448503194,WARNING
2736,0.03933854369176482,0.9529930240578032,0.0076684322504319506,CRITICAL
2737,0.03824525700803052,0.005994233454803147,0.9557605095371663,CRITICAL
2738,0.038225697949997,0.005994203846572853,0.9557800982034301,CRITICAL
2739,0.03820332523439863,0.005994169972668094,0.9558025047929333,CRITICAL
2740,0.03819586540695968,0.005994158676432939,0.9558099759166073,CRITICAL
2741,0.03819586540695968,0.005994158676432939,0.9558099759166073,CRITICAL
2742,0.0382023395287407,0.005994168480081554,0.9558034919911778,CRITICAL
2743,0.03819586540695968,0.005994158676432939,0.9558099759166073,CRITICAL
2744,0.03818760963086173,0.005994146174026586,0.9558182441951116,CRITICAL
2745,0.06072729545665967,0.8221782112714908,0.11709449327184962,CRITICAL
2746,0.03843922501245574,0.005994526798854956,0.9555662481886893,CRITICAL
2747,0.03821921999943657,0.005994194039191,0.9557865859613724,CRITICAL
2748,0.03820332523439863,0.005994169972668094,0.9558025047929333,CRITICAL
2749,0.03819586540695968,0.005994158676432939,0.9558099759166073,CRITICAL
2750,0.03822935176966676,0.005994209378070614,0.9557764388522627,CRITICAL
2751,0.03823887741362184,0.005994223798035109,0.9557668987883431,CRITICAL
2752,0.03819586540695968,0.005994158676432939,0.9558099759166073,CRITICAL
2753,0.03818015277167308,0.005994134880686553,0.9558257123476404,CRITICAL
2754,0.02067740388691515,0.0072778668193546016,0.9720447292937302,CRITICAL
2755,0.020670036941938315,0.007277837286233385,0.9720521257718283,CRITICAL
2756,0.020670036941938315,0.007277837286233385,0.9720521257718283,CRITICAL
2757,0.020670036941938315,0.007277837286233385,0.9720521257718283,CRITICAL
2758,0.02067740388691515,0.0072778668193546016,0.9720447292937302,CRITICAL
2759,0.02119080477745856,0.007279597165977742,0.9715295980565637,CRITICAL
2760,0.02063734591884287,0.007277382294060635,0.9720852717870965,CRITICAL
2761,0.02063734591884287,0.007277382294060635,0.9720852717870965,CRITICAL
2762,0.02063734591884287,0.007277382294060635,0.9720852717870965,CRITICAL
2763,0.02067740388691515,0.0072778668193546016,0.9720447292937302,CRITICAL
2764,0.020670036941938315,0.007277837286233385,0.9720521257718283,CRITICAL
2765,0.021198466353275616,0.00727995207808868,0.9715215815686358,CRITICAL
2766,0.020670036941938315,0.007277837286233385,0.9720521257718283,CRITICAL
2767,0.02067740388691515,0.0072778668193546016,0.9720447292937302,CRITICAL
2768,0.02063734591884287,0.007277382294060635,0.9720852717870965,CRITICAL
2769,0.02063734591884287,0.007277382294060635,0.9720852717870965,CRITICAL
2770,0.02063734591884287,0.007277382294060635,0.9720852717870965,CRITICAL
2771,0.02063734591884287,0.007277382294060635,0.9720852717870965,CRITICAL
2772,0.9815407026758369,0.012335618874648503,0.0061236784495146,NORMAL
2773,0.9812992099078006,0.012576996278170162,0.0061237938140293975,NORMAL
2774,0.9785745761155175,0.015300165774071037,0.00612525811041156,NORMAL
2775,0.9807060634609015,0.013169848886159718,0.006124087652938869,NORMAL
2776,0.9826781584537416,0.011198671498094432,0.006123170048163928,NORMAL
2777,0.9819526760095598,0.011923836459529998,0.006123487530910226,NORMAL
2778,0.9810980174478987,0.012778090720678967,0.0061238918314225265,NORMAL
2779,0.9771926276261216,0.016681268110579073,0.006126104263299312,NORMAL
2780,0.9797470018171341,0.014128405255780001,0.00612459292708588,NORMAL
2781,0.9837778290835283,0.010099433596677112,0.006122737319794713,NORMAL
2782,0.9778359653444482,0.01603833232555756,0.006125702329994221,NORMAL
2783,0.9740023448680344,0.019869368692809527,0.0061282864391561795,NORMAL
2784,0.9807060634609015,0.013169848886159718,0.006124087652938869,NORMAL
2785,0.9812996543366248,0.01257655206395896,0.006123793599416382,NORMAL
2786,0.9814279255818164,0.012448342406556996,0.006123732011626678,NORMAL
2787,0.9827674314232293,0.011109435889107283,0.006123132687663509,NORMAL
2788,0.9830142121442739,0.010862756439980626,0.006123031415745565,NORMAL
2789,0.9811552131407867,0.012720923066938795,0.006123863792274528,NORMAL
2790,0.03820332523439863,0.005994169972668094,0.9558025047929333,CRITICAL
2791,0.03820332523439863,0.005994169972668094,0.9558025047929333,CRITICAL
2792,0.03820332523439863,0.005994169972668094,0.9558025047929333,CRITICAL
2793,0.038816144017319115,0.005995095366592423,0.9551887606160884,CRITICAL
2794,0.03818760963086173,0.005994146174026586,0.9558182441951116,CRITICAL
2795,0.03818760963086173,0.005994146174026586,0.9558182441951116,CRITICAL
2796,0.03818760963086173,0.005994146174026586,0.9558182441951116,CRITICAL
2797,0.03818760963086173,0.005994146174026586,0.9558182441951116,CRITICAL
2798,0.05683152951478239,0.006050412745700684,0.937118057739517,CRITICAL
2799,0.03820332523439863,0.005994169972668094,0.9558025047929333,CRITICAL
2800,0.03820332523439863,0.005994169972668094,0.9558025047929333,CRITICAL
2801,0.03987353024171796,0.005996680227365385,0.9541297895309166,CRITICAL
2802,0.03881714503277392,0.005995096874030915,0.9551877580931952,CRITICAL
2803,0.03818760963086173,0.005994146174026586,0.9558182441951116,CRITICAL
2804,0.03818760963086173,0.005994146174026586,0.9558182441951116,CRITICAL
2805,0.038213625810549136,0.005994185569331534,0.9557921886201193,CRITICAL
2806,0.03837173493970222,0.005994424789509263,0.9556338402707886,CRITICAL
2807,0.042144681944988174,0.0060144689999329605,0.9518408490550788,CRITICAL
2808,0.03818500318985883,0.0059941422266835825,0.9558208545834576,CRITICAL
2809,0.038211017652038264,0.0059941816203135535,0.9557948007276482,CRITICAL
2810,0.038217494257915326,0.005994191426384446,0.9557883143157002,CRITICAL
2811,0.03818500318985883,0.0059941422266835825,0.9558208545834576,CRITICAL
2812,0.038191475530817975,0.005994152028595305,0.9558143724405868,CRITICAL
2813,0.03818500318985883,0.0059941422266835825,0.9558208545834576,CRITICAL
2814,0.03818500318985883,0.0059941422266835825,0.9558208545834576,CRITICAL
2815,0.038191475530817975,0.005994152028595305,0.9558143724405868,CRITICAL
2816,0.038211017652038264,0.0059941816203135535,0.9557948007276482,CRITICAL
2817,0.03818500318985883,0.0059941422266835825,0.9558208545834576,CRITICAL
2818,0.038211017652038264,0.0059941816203135535,0.9557948007276482,CRITICAL
2819,0.038191475530817975,0.005994152028595305,0.9558143724405868,CRITICAL
2820,0.03818500318985883,0.0059941422266835825,0.9558208545834576,CRITICAL
2821,0.03818500318985883,0.0059941422266835825,0.9558208545834576,CRITICAL
2822,0.038211017652038264,0.0059941816203135535,0.9557948007276482,CRITICAL
2823,0.03818500318985883,0.0059941422266835825,0.9558208545834576,CRITICAL
2824,0.03818500318985883,0.0059941422266835825,0.9558208545834576,CRITICAL
2825,0.03818500318985883,0.0059941422266835825,0.9558208545834576,CRITICAL
2826,0.5818811534746318,0.409646093088843,0.008472753436525178,NORMAL
2827,0.022532837877036638,0.9697809634628739,0.007686198660089499,WARNING
2828,0.02166856433572857,0.9711315083923704,0.007199927271901012,WARNING
2829,0.031235600846921726,0.009514773248997079,0.9592496259040812,CRITICAL
2830,0.020679964332524003,0.007277877083511766,0.9720421585839643,CRITICAL
2831,0.020679964332524003,0.007277877083511766,0.9720421585839643,CRITICAL
2832,0.020679964332524003,0.007277877083511766,0.9720421585839643,CRITICAL
2833,0.020679964332524003,0.007277877083511766,0.9720421585839643,CRITICAL
2834,0.020679964332524003,0.007277877083511766,0.9720421585839643,CRITICAL
2835,0.6194462168923245,0.37217934488370685,0.008374438223968632,NORMAL
2836,0.022563133574571147,0.9695852687806342,0.007851597644794686,WARNING
2837,0.02202607518145959,0.9709194814997275,0.0070544433188128065,WARNING
2838,0.02832539597669678,0.009300716122375487,0.9623738879009277,CRITICAL
2839,0.020679964332524003,0.007277877083511766,0.9720421585839643,CRITICAL
2840,0.020679964332524003,0.007277877083511766,0.9720421585839643,CRITICAL
2841,0.020679964332524003,0.007277877083511766,0.9720421585839643,CRITICAL
2842,0.020679964332524003,0.007277877083511766,0.9720421585839643,CRITICAL
2843,0.020679964332524003,0.007277877083511766,0.9720421585839643,CRITICAL
2844,0.9859791409469767,0.008500740869144683,0.005520118183878616,NORMAL
2845,0.9859791409469767,0.008500740869144683,0.005520118183878616,NORMAL
2846,0.9809777608589979,0.01350060640743102,0.005521632733570928,NORMAL
2847,0.9754087599644065,0.01906621117267527,0.005525028862918195,NORMAL
2848,0.9412193039294517,0.0531333679735097,0.005647328097038592,WARNING
2849,0.032672073291065216,0.9614929751297518,0.005834951579183022,WARNING
2850,0.03216212487281401,0.961892035323848,0.005945839803337851,WARNING
2851,0.0296677594862369,0.9644005133002754,0.00593172721348772,WARNING
2852,0.03019417622765121,0.9637848028573097,0.006021020915039065,WARNING
2853,0.9859791409469767,0.008500740869144683,0.005520118183878616,NORMAL
2854,0.9858633932592533,0.008616474684602363,0.005520132056144249,NORMAL
2855,0.9850568954620477,0.009422844493032892,0.005520260044919505,NORMAL
2856,0.9734658765036818,0.021007583418750607,0.005526540077567494,NORMAL
2857,0.9497705867302255,0.04467553430987575,0.0055538789598987255,NORMAL
2858,0.03322526170458233,0.9609368728680027,0.0058378654274150186,WARNING
2859,0.03120242761423557,0.9628571150623199,0.005940457323444547,WARNING
2860,0.03019417622765121,0.9637848028573097,0.006021020915039065,WARNING
2861,0.03019417622765121,0.9637848028573097,0.006021020915039065,WARNING
2862,0.03819586540695968,0.005994158676432939,0.9558099759166073,CRITICAL
2863,0.038206164037658856,0.00599417427119928,0.9557996616911418,CRITICAL
2864,0.03818015277167308,0.005994134880686553,0.9558257123476404,CRITICAL
2865,0.03818015277167308,0.005994134880686553,0.9558257123476404,CRITICAL
2866,0.03821568409328277,0.005994188685715982,0.9557901272210012,CRITICAL
2867,0.03818015277167308,0.005994134880686553,0.9558257123476404,CRITICAL
2868,0.038206164037658856,0.00599417427119928,0.9557996616911418,CRITICAL
2869,0.03818015277167308,0.005994134880686553,0.9558257123476404,CRITICAL
2870,0.03821525087137532,0.005994188029792427,0.9557905610988322,CRITICAL
2871,0.03819586540695968,0.005994158676432939,0.9558099759166073,CRITICAL
2872,0.03818015277167308,0.005994134880686553,0.9558257123476404,CRITICAL
2873,0.038186624317411696,0.005994144681822569,0.9558192310007658,CRITICAL
2874,0.038186624317411696,0.005994144681822569,0.9558192310007658,CRITICAL
2875,0.038186624317411696,0.005994144681822569,0.9558192310007658,CRITICAL
2876,0.03818015277167308,0.005994134880686553,0.9558257123476404,CRITICAL
2877,0.038206164037658856,0.00599417427119928,0.9557996616911418,CRITICAL
2878,0.038206164037658856,0.00599417427119928,0.9557996616911418,CRITICAL
2879,0.03821525087137532,0.005994188029792427,0.9557905610988322,CRITICAL
2880,0.02067740388691515,0.0072778668193546016,0.9720447292937302,CRITICAL
2881,0.02078288143090296,0.007278289508259419,0.9719388290608376,CRITICAL
2882,0.02125968748253563,0.007280196616093753,0.9714601159013707,CRITICAL
2883,0.020670036941938315,0.007277837286233385,0.9720521257718283,CRITICAL
2884,0.02067740388691515,0.0072778668193546016,0.9720447292937302,CRITICAL
2885,0.02067740388691515,0.0072778668193546016,0.9720447292937302,CRITICAL
2886,0.020670036941938315,0.007277837286233385,0.9720521257718283,CRITICAL
2887,0.02125968748253563,0.007280196616093753,0.9714601159013707,CRITICAL
2888,0.020670036941938315,0.007277837286233385,0.9720521257718283,CRITICAL
2889,0.020670036941938315,0.007277837286233385,0.9720521257718283,CRITICAL
2890,0.02078288143090296,0.007278289508259419,0.9719388290608376,CRITICAL
2891,0.02125968748253563,0.007280196616093753,0.9714601159013707,CRITICAL
2892,0.020670036941938315,0.007277837286233385,0.9720521257718283,CRITICAL
2893,0.02067740388691515,0.0072778668193546016,0.9720447292937302,CRITICAL
2894,0.02067740388691515,0.0072778668193546016,0.9720447292937302,CRITICAL
2895,0.020670036941938315,0.007277837286233385,0.9720521257718283,CRITICAL
2896,0.020670036941938315,0.007277837286233385,0.9720521257718283,CRITICAL
2897,0.020670036941938315,0.007277837286233385,0.9720521257718283,CRITICAL
2898,0.9351645002385217,0.058665954816694336,0.006169544944783925,WARNING
2899,0.03915054619228498,0.005995598196865341,0.9548538556108497,CRITICAL
2900,0.038200717755890005,0.005994166024313187,0.9558051162197968,CRITICAL
2901,0.03820817849996121,0.0059941773214422355,0.9557976441785966,CRITICAL
2902,0.03820332523439863,0.005994169972668094,0.9558025047929333,CRITICAL
2903,0.03821465464038613,0.005994187127059306,0.9557911582325546,CRITICAL
2904,0.03820817849996121,0.0059941773214422355,0.9557976441785966,CRITICAL
2905,0.03820332523439863,0.005994169972668094,0.9558025047929333,CRITICAL
2906,0.03820332523439863,0.005994169972668094,0.9558025047929333,CRITICAL
2907,0.9329492159338642,0.060878388205533644,0.006172395860602185,WARNING
2908,0.03915054619228498,0.005995598196865341,0.9548538556108497,CRITICAL
2909,0.038200717755890005,0.005994166024313187,0.9558051162197968,CRITICAL
2910,0.03820817849996121,0.0059941773214422355,0.9557976441785966,CRITICAL
2911,0.03820332523439863,0.005994169972668094,0.9558025047929333,CRITICAL
2912,0.03824068864082084,0.0059942265397393175,0.9557650848194398,CRITICAL
2913,0.03820817849996121,0.0059941773214422355,0.9557976441785966,CRITICAL
2914,0.03820332523439863,0.005994169972668094,0.9558025047929333,CRITICAL
2915,0.03820332523439863,0.005994169972668094,0.9558025047929333,CRITICAL
2916,0.02833047268375275,0.008716207665191785,0.9629533196510555,CRITICAL
2917,0.030094703603044917,0.008728669658673105,0.9611766267382821,CRITICAL
2918,0.028390350509795926,0.008716633196320793,0.9628930162938832,CRITICAL
2919,0.028354897253785358,0.008716381264335262,0.9629287214818794,CRITICAL
2920,0.0284247430210123,0.008716877529303838,0.9628583794496839,CRITICAL
2921,0.028354897253785358,0.008716381264335262,0.9629287214818794,CRITICAL
2922,0.02835244051036788,0.008716363804258338,0.9629311956853738,CRITICAL
2923,0.028344797205108407,0.008716309481311031,0.9629388933135805,CRITICAL
2924,0.02833047268375275,0.008716207665191785,0.9629533196510555,CRITICAL
2925,0.028390350509795926,0.008716633196320793,0.9628930162938832,CRITICAL
2926,0.02833047268375275,0.008716207665191785,0.9629533196510555,CRITICAL
2927,0.02833047268375275,0.008716207665191785,0.9629533196510555,CRITICAL
2928,0.028354897253785358,0.008716381264335262,0.9629287214818794,CRITICAL
2929,0.028414826202064498,0.008716807083939657,0.9628683667139959,CRITICAL
2930,0.028354897253785358,0.008716381264335262,0.9629287214818794,CRITICAL
2931,0.028354897253785358,0.008716381264335262,0.9629287214818794,CRITICAL
2932,0.028344797205108407,0.008716309481311031,0.9629388933135805,CRITICAL
2933,0.02833047268375275,0.008716207665191785,0.9629533196510555,CRITICAL
2934,0.8179514738505707,0.17443979987955588,0.007608726269873526,NORMAL
2935,0.8262586008516292,0.16617624005723597,0.007565159091134895,NORMAL
2936,0.8238650658395735,0.1685571494101517,0.007577784750274847,NORMAL
2937,0.10677875703704509,0.8849762520302472,0.008244990932707641,WARNING
2938,0.027301959017266383,0.9648796179314011,0.00781842305133248,WARNING
2939,0.03849921074013511,0.9531000273093667,0.008400761950498133,WARNING
2940,0.0239207911181156,0.96826003741645,0.0078191714654344,WARNING
2941,0.02206044505662601,0.970695621182174,0.0072439337612000745,WARNING
2942,0.0216419955421808,0.9713090050900542,0.0070489993677648605,WARNING
2943,0.645978375556698,0.34568806705499544,0.008333557388306666,NORMAL
2944,0.2667258885704765,0.7243101402782158,0.008963971151307634,WARNING
2945,0.23848134726251036,0.7523505797417311,0.00916807299575849,WARNING
2946,0.15233028386245046,0.8394723473168533,0.008197368820696414,WARNING
2947,0.031180471416044048,0.9613493656521692,0.007470162931786733,WARNING
2948,0.02523629292071898,0.9672100180332441,0.007553689046036945,WARNING
2949,0.02276195632840829,0.9689711760017852,0.008266867669806499,WARNING
2950,0.02166856433572857,0.9711315083923704,0.007199927271901012,WARNING
2951,0.02202607518145959,0.9709194814997275,0.0070544433188128065,WARNING
2952,0.9859791409469767,0.008500740869144683,0.005520118183878616,NORMAL
2953,0.9859791409469767,0.008500740869144683,0.005520118183878616,NORMAL
2954,0.9859791409469767,0.008500740869144683,0.005520118183878616,NORMAL
2955,0.9859791409469767,0.008500740869144683,0.005520118183878616,NORMAL
2956,0.9859791409469767,0.008500740869144683,0.005520118183878616,NORMAL
2957,0.9859791409469767,0.008500740869144683,0.005520118183878616,NORMAL
2958,0.9859791409469767,0.008500740869144683,0.005520118183878616,NORMAL
2959,0.9859791409469767,0.008500740869144683,0.005520118183878616,NORMAL
2960,0.9859791409469767,0.008500740869144683,0.005520118183878616,NORMAL
2961,0.9859791409469767,0.008500740869144683,0.005520118183878616,NORMAL
2962,0.9859791409469767,0.008500740869144683,0.005520118183878616,NORMAL
2963,0.9859791409469767,0.008500740869144683,0.005520118183878616,NORMAL
2964,0.9859791409469767,0.008500740869144683,0.005520118183878616,NORMAL
2965,0.9859791409469767,0.008500740869144683,0.005520118183878616,NORMAL
2966,0.9859791409469767,0.008500740869144683,0.005520118183878616,NORMAL
2967,0.9859791409469767,0.008500740869144683,0.005520118183878616,NORMAL
2968,0.9859791409469767,0.008500740869144683,0.005520118183878616,NORMAL
2969,0.9859791409469767,0.008500740869144683,0.005520118183878616,NORMAL
2970,0.04210913545164845,0.9520940051000699,0.005796859448281643,WARNING
2971,0.028527661449646156,0.008717608327276442,0.9627547302230773,CRITICAL
2972,0.02833047268375275,0.008716207665191785,0.9629533196510555,CRITICAL
2973,0.029402181742651474,0.008723796456963735,0.9618740218003848,CRITICAL
2974,0.02830886880946178,0.00871605408890101,0.9629750771016372,CRITICAL
2975,0.02926651540700126,0.00872283899719508,0.9620106455958036,CRITICAL
2976,0.02833047268375275,0.008716207665191785,0.9629533196510555,CRITICAL
2977,0.02833047268375275,0.008716207665191785,0.9629533196510555,CRITICAL
2978,0.02833047268375275,0.008716207665191785,0.9629533196510555,CRITICAL
2979,0.1215886151670173,0.8689359344133851,0.009475450419597652,CRITICAL
2980,0.029140195238548095,0.008721946669848837,0.962137858091603,CRITICAL
2981,0.02833047268375275,0.008716207665191785,0.9629533196510555,CRITICAL
2982,0.02948264059000245,0.00872436385824628,0.9617929955517512,CRITICAL
2983,0.02830886880946178,0.00871605408890101,0.9629750771016372,CRITICAL
2984,0.029418334001492585,0.008723910389679722,0.9618577556088277,CRITICAL
2985,0.028328018036113747,0.008716190216945557,0.9629557917469408,CRITICAL
2986,0.02833047268375275,0.008716207665191785,0.9629533196510555,CRITICAL
2987,0.02833047268375275,0.008716207665191785,0.9629533196510555,CRITICAL
2988,0.9859791409469767,0.008500740869144683,0.005520118183878616,NORMAL
2989,0.9859791409469767,0.008500740869144683,0.005520118183878616,NORMAL
2990,0.9859791409469767,0.008500740869144683,0.005520118183878616,NORMAL
2991,0.9859791409469767,0.008500740869144683,0.005520118183878616,NORMAL
2992,0.9859791409469767,0.008500740869144683,0.005520118183878616,NORMAL
2993,0.9859791409469767,0.008500740869144683,0.005520118183878616,NORMAL
2994,0.9859791409469767,0.008500740869144683,0.005520118183878616,NORMAL
2995,0.9859791409469767,0.008500740869144683,0.005520118183878616,NORMAL
2996,0.9859791409469767,0.008500740869144683,0.005520118183878616,NORMAL
2997,0.9859791409469767,0.008500740869144683,0.005520118183878616,NORMAL
2998,0.9859791409469767,0.008500740869144683,0.005520118183878616,NORMAL
2999,0.9859791409469767,0.008500740869144683,0.005520118183878616,NORMAL
3000,0.9859791409469767,0.008500740869144683,0.005520118183878616,NORMAL
3001,0.9859791409469767,0.008500740869144683,0.005520118183878616,NORMAL
3002,0.9859791409469767,0.008500740869144683,0.005520118183878616,NORMAL
3003,0.9859791409469767,0.008500740869144683,0.005520118183878616,NORMAL
3004,0.9859791409469767,0.008500740869144683,0.005520118183878616,NORMAL
3005,0.9859791409469767,0.008500740869144683,0.005520118183878616,NORMAL
3006,0.9861457749806429,0.0072039971467352795,0.00665022787262171,NORMAL
3007,0.9858938960707059,0.007455176311712173,0.00665092761758185,NORMAL
3008,0.9776010415528074,0.015622579815857716,0.006776378631335017,NORMAL
3009,0.7373427121583784,0.25445687181668164,0.00820041602493999,NORMAL
3010,0.4084371121551782,0.5827521106867335,0.008810777158088284,NORMAL
3011,0.2280949873792124,0.7633377500804781,0.008567262540309402,WARNING
3012,0.5040134873463296,0.4870249472838006,0.008961565369869862,NORMAL
3013,0.6924675844511569,0.29908387993949204,0.00844853560935109,NORMAL
3014,0.736871883500918,0.25486750272588937,0.008260613773192649,NORMAL
3015,0.9861457749806429,0.0072039971467352795,0.00665022787262171,NORMAL
3016,0.9861457749806429,0.0072039971467352795,0.00665022787262171,NORMAL
3017,0.9787813884869235,0.014447033398599662,0.0067715781144769465,NORMAL
3018,0.731583985289881,0.2603341294748196,0.008081885235299357,NORMAL
3019,0.43412538736699424,0.5570717557202236,0.008802856912782094,NORMAL
3020,0.33664074851092374,0.6545784680146747,0.00878078347440153,WARNING
3021,0.508893934514354,0.48215186251997294,0.008954202965672946,NORMAL
3022,0.7408779844729844,0.2508795964814397,0.008242419045575865,NORMAL
3023,0.7391671869983003,0.2525825989290567,0.008250214072642903,NORMAL
3024,0.9859791409469767,0.008500740869144683,0.005520118183878616,NORMAL
3025,0.9859791409469767,0.008500740869144683,0.005520118183878616,NORMAL
3026,0.9859791409469767,0.008500740869144683,0.005520118183878616,NORMAL
3027,0.9859791409469767,0.008500740869144683,0.005520118183878616,NORMAL
3028,0.9859791409469767,0.008500740869144683,0.005520118183878616,NORMAL
3029,0.9859791409469767,0.008500740869144683,0.005520118183878616,NORMAL
3030,0.9859791409469767,0.008500740869144683,0.005520118183878616,NORMAL
3031,0.9859791409469767,0.008500740869144683,0.005520118183878616,NORMAL
3032,0.9859791409469767,0.008500740869144683,0.005520118183878616,NORMAL
3033,0.9859791409469767,0.008500740869144683,0.005520118183878616,NORMAL
3034,0.9859791409469767,0.008500740869144683,0.005520118183878616,NORMAL
3035,0.9859791409469767,0.008500740869144683,0.005520118183878616,NORMAL
3036,0.9859791409469767,0.008500740869144683,0.005520118183878616,NORMAL
3037,0.9859791409469767,0.008500740869144683,0.005520118183878616,NORMAL
3038,0.9854624519410329,0.009017359106689821,0.005520188952277135,NORMAL
3039,0.9859791409469767,0.008500740869144683,0.005520118183878616,NORMAL
3040,0.9859791409469767,0.008500740869144683,0.005520118183878616,NORMAL
3041,0.9859791409469767,0.008500740869144683,0.005520118183878616,NORMAL
3042,0.029132200761788175,0.00872189016984584,0.962145909068366,CRITICAL
3043,0.02914257857192335,0.00872196351315031,0.9621354579149264,CRITICAL
3044,0.028847002284500923,0.008719872461409841,0.9624331252540892,CRITICAL
3045,0.028883064743312585,0.008720127820703786,0.9623968074359837,CRITICAL
3046,0.028654803450122036,0.00871851038668465,0.9626266861631934,CRITICAL
3047,0.028654803450122036,0.00871851038668465,0.9626266861631934,CRITICAL
3048,0.028822158008774218,0.008719696500175796,0.96245814549105,CRITICAL
3049,0.03156620200497901,0.008738946667776542,0.9596948513272444,CRITICAL
3050,0.03424100832713798,0.008757365765154733,0.9570016259077073,CRITICAL
3051,0.02914257857192335,0.00872196351315031,0.9621354579149264,CRITICAL
3052,0.02914257857192335,0.00872196351315031,0.9621354579149264,CRITICAL
3053,0.029816068405384893,0.00872671178516367,0.9614572198094514,CRITICAL
3054,0.028883064743312585,0.008720127820703786,0.9623968074359837,CRITICAL
3055,0.028822158008774218,0.008719696500175796,0.96245814549105,CRITICAL
3056,0.028654803450122036,0.00871851038668465,0.9626266861631934,CRITICAL
3057,0.033968848241943156,0.008755506674346157,0.9572756450837108,CRITICAL
3058,0.03156620200497901,0.008738946667776542,0.9596948513272444,CRITICAL
3059,0.03312986488834705,0.008749754460496242,0.9581203806511567,CRITICAL
3060,0.038186624317411696,0.005994144681822569,0.9558192310007658,CRITICAL
3061,0.03822053887742175,0.005994196035970776,0.9557852650866074,CRITICAL
3062,0.038211017652038264,0.0059941816203135535,0.9557948007276482,CRITICAL
3063,0.03821568409328277,0.005994188685715982,0.9557901272210012,CRITICAL
3064,0.03818500318985883,0.0059941422266835825,0.9558208545834576,CRITICAL
3065,0.038206164037658856,0.00599417427119928,0.9557996616911418,CRITICAL
3066,0.03822053887742175,0.005994196035970776,0.9557852650866074,CRITICAL
3067,0.038211017652038264,0.0059941816203135535,0.9557948007276482,CRITICAL
3068,0.03821568409328277,0.005994188685715982,0.9557901272210012,CRITICAL
3069,0.03818015277167308,0.005994134880686553,0.9558257123476404,CRITICAL
3070,0.03822053887742175,0.005994196035970776,0.9557852650866074,CRITICAL
3071,0.038211017652038264,0.0059941816203135535,0.9557948007276482,CRITICAL
3072,0.03821568409328277,0.005994188685715982,0.9557901272210012,CRITICAL
3073,0.03818500318985883,0.0059941422266835825,0.9558208545834576,CRITICAL
3074,0.038206164037658856,0.00599417427119928,0.9557996616911418,CRITICAL
3075,0.03822053887742175,0.005994196035970776,0.9557852650866074,CRITICAL
3076,0.038211017652038264,0.0059941816203135535,0.9557948007276482,CRITICAL
3077,0.03821568409328277,0.005994188685715982,0.9557901272210012,CRITICAL
3078,0.9861457749806429,0.0072039971467352795,0.00665022787262171,NORMAL
3079,0.9861457749806429,0.0072039971467352795,0.00665022787262171,NORMAL
3080,0.9861457749806429,0.0072039971467352795,0.00665022787262171,NORMAL
3081,0.9861457749806429,0.0072039971467352795,0.00665022787262171,NORMAL
3082,0.9861457749806429,0.0072039971467352795,0.00665022787262171,NORMAL
3083,0.9861457749806429,0.0072039971467352795,0.00665022787262171,NORMAL
3084,0.9861457749806429,0.0072039971467352795,0.00665022787262171,NORMAL
3085,0.9861457749806429,0.0072039971467352795,0.00665022787262171,NORMAL
3086,0.9861457749806429,0.0072039971467352795,0.00665022787262171,NORMAL
3087,0.9861457749806429,0.0072039971467352795,0.00665022787262171,NORMAL
3088,0.9861457749806429,0.0072039971467352795,0.00665022787262171,NORMAL
3089,0.9861457749806429,0.0072039971467352795,0.00665022787262171,NORMAL
3090,0.9861457749806429,0.0072039971467352795,0.00665022787262171,NORMAL
3091,0.9861457749806429,0.0072039971467352795,0.00665022787262171,NORMAL
3092,0.9861457749806429,0.0072039971467352795,0.00665022787262171,NORMAL
3093,0.9861457749806429,0.0072039971467352795,0.00665022787262171,NORMAL
3094,0.9861457749806429,0.0072039971467352795,0.00665022787262171,NORMAL
3095,0.9861457749806429,0.0072039971467352795,0.00665022787262171,NORMAL
3096,0.020670036941938315,0.007277837286233385,0.9720521257718283,CRITICAL
3097,0.020670036941938315,0.007277837286233385,0.9720521257718283,CRITICAL
3098,0.02067740388691515,0.0072778668193546016,0.9720447292937302,CRITICAL
3099,0.020670036941938315,0.007277837286233385,0.9720521257718283,CRITICAL
3100,0.020670036941938315,0.007277837286233385,0.9720521257718283,CRITICAL
3101,0.020670036941938315,0.007277837286233385,0.9720521257718283,CRITICAL
3102,0.020670036941938315,0.007277837286233385,0.9720521257718283,CRITICAL
3103,0.020670036941938315,0.007277837286233385,0.9720521257718283,CRITICAL
3104,0.020670036941938315,0.007277837286233385,0.9720521257718283,CRITICAL
3105,0.020670036941938315,0.007277837286233385,0.9720521257718283,CRITICAL
3106,0.020670036941938315,0.007277837286233385,0.9720521257718283,CRITICAL
3107,0.02067740388691515,0.0072778668193546016,0.9720447292937302,CRITICAL
3108,0.020670036941938315,0.007277837286233385,0.9720521257718283,CRITICAL
3109,0.020670036941938315,0.007277837286233385,0.9720521257718283,CRITICAL
3110,0.020670036941938315,0.007277837286233385,0.9720521257718283,CRITICAL
3111,0.020670036941938315,0.007277837286233385,0.9720521257718283,CRITICAL
3112,0.020670036941938315,0.007277837286233385,0.9720521257718283,CRITICAL
3113,0.020670036941938315,0.007277837286233385,0.9720521257718283,CRITICAL
3114,0.9879624270110484,0.005915827228695014,0.006121745760256779,NORMAL
3115,0.9879624270110484,0.005915827228695014,0.006121745760256779,NORMAL
3116,0.9879624270110484,0.005915827228695014,0.006121745760256779,NORMAL
3117,0.9879624270110484,0.005915827228695014,0.006121745760256779,NORMAL
3118,0.9879624270110484,0.005915827228695014,0.006121745760256779,NORMAL
3119,0.9879624270110484,0.005915827228695014,0.006121745760256779,NORMAL
3120,0.9879624270110484,0.005915827228695014,0.006121745760256779,NORMAL
3121,0.9879624270110484,0.005915827228695014,0.006121745760256779,NORMAL
3122,0.9879624270110484,0.005915827228695014,0.006121745760256779,NORMAL
3123,0.9879624270110484,0.005915827228695014,0.006121745760256779,NORMAL
3124,0.9879624270110484,0.005915827228695014,0.006121745760256779,NORMAL
3125,0.9879624270110484,0.005915827228695014,0.006121745760256779,NORMAL
3126,0.9879624270110484,0.005915827228695014,0.006121745760256779,NORMAL
3127,0.9879624270110484,0.005915827228695014,0.006121745760256779,NORMAL
3128,0.9879624270110484,0.005915827228695014,0.006121745760256779,NORMAL
3129,0.9879624270110484,0.005915827228695014,0.006121745760256779,NORMAL
3130,0.9879624270110484,0.005915827228695014,0.006121745760256779,NORMAL
3131,0.9879624270110484,0.005915827228695014,0.006121745760256779,NORMAL
3132,0.9859791409469767,0.008500740869144683,0.005520118183878616,NORMAL
3133,0.9859791409469767,0.008500740869144683,0.005520118183878616,NORMAL
3134,0.9859791409469767,0.008500740869144683,0.005520118183878616,NORMAL
3135,0.9859791409469767,0.008500740869144683,0.005520118183878616,NORMAL
3136,0.9859791409469767,0.008500740869144683,0.005520118183878616,NORMAL
3137,0.9859791409469767,0.008500740869144683,0.005520118183878616,NORMAL
3138,0.9859791409469767,0.008500740869144683,0.005520118183878616,NORMAL
3139,0.9859791409469767,0.008500740869144683,0.005520118183878616,NORMAL
3140,0.9859791409469767,0.008500740869144683,0.005520118183878616,NORMAL
3141,0.9859791409469767,0.008500740869144683,0.005520118183878616,NORMAL
3142,0.9859791409469767,0.008500740869144683,0.005520118183878616,NORMAL
3143,0.9859791409469767,0.008500740869144683,0.005520118183878616,NORMAL
3144,0.9859791409469767,0.008500740869144683,0.005520118183878616,NORMAL
3145,0.9859791409469767,0.008500740869144683,0.005520118183878616,NORMAL
3146,0.9859791409469767,0.008500740869144683,0.005520118183878616,NORMAL
3147,0.9859791409469767,0.008500740869144683,0.005520118183878616,NORMAL
3148,0.9859791409469767,0.008500740869144683,0.005520118183878616,NORMAL
3149,0.9859791409469767,0.008500740869144683,0.005520118183878616,NORMAL
3150,0.9879624270110484,0.005915827228695014,0.006121745760256779,NORMAL
3151,0.9879624270110484,0.005915827228695014,0.006121745760256779,NORMAL
3152,0.9879624270110484,0.005915827228695014,0.006121745760256779,NORMAL
3153,0.9879624270110484,0.005915827228695014,0.006121745760256779,NORMAL
3154,0.9879624270110484,0.005915827228695014,0.006121745760256779,NORMAL
3155,0.9879624270110484,0.005915827228695014,0.006121745760256779,NORMAL
3156,0.9879624270110484,0.005915827228695014,0.006121745760256779,NORMAL
3157,0.9879624270110484,0.005915827228695014,0.006121745760256779,NORMAL
3158,0.9879624270110484,0.005915827228695014,0.006121745760256779,NORMAL
3159,0.9879624270110484,0.005915827228695014,0.006121745760256779,NORMAL
3160,0.9879624270110484,0.005915827228695014,0.006121745760256779,NORMAL
3161,0.9879624270110484,0.005915827228695014,0.006121745760256779,NORMAL
3162,0.9879624270110484,0.005915827228695014,0.006121745760256779,NORMAL
3163,0.9879624270110484,0.005915827228695014,0.006121745760256779,NORMAL
3164,0.9879624270110484,0.005915827228695014,0.006121745760256779,NORMAL
3165,0.9879624270110484,0.005915827228695014,0.006121745760256779,NORMAL
3166,0.9879624270110484,0.005915827228695014,0.006121745760256779,NORMAL
3167,0.9879624270110484,0.005915827228695014,0.006121745760256779,NORMAL
3168,0.9859791409469767,0.008500740869144683,0.005520118183878616,NORMAL
3169,0.9859791409469767,0.008500740869144683,0.005520118183878616,NORMAL
3170,0.9859791409469767,0.008500740869144683,0.005520118183878616,NORMAL
3171,0.9859791409469767,0.008500740869144683,0.005520118183878616,NORMAL
3172,0.9837705624922125,0.01070886757981367,0.005520569927973656,NORMAL
3173,0.9793468656958957,0.015130666748969103,0.005522467555135175,NORMAL
3174,0.7857594586184048,0.20837547411527357,0.005865067266321698,WARNING
3175,0.2795472909293275,0.714150531550514,0.006302177520158479,CRITICAL
3176,0.03275481997049201,0.9614936263375632,0.005751553691944893,WARNING
3177,0.9859791409469767,0.008500740869144683,0.005520118183878616,NORMAL
3178,0.9859791409469767,0.008500740869144683,0.005520118183878616,NORMAL
3179,0.9859791409469767,0.008500740869144683,0.005520118183878616,NORMAL
3180,0.9859791409469767,0.008500740869144683,0.005520118183878616,NORMAL
3181,0.9858527934392932,0.008627073176249686,0.005520133384457136,NORMAL
3182,0.9245218055426674,0.06988429456854361,0.005593899888789081,WARNING
3183,0.8085299210717217,0.185649969088446,0.005820109839832273,WARNING
3184,0.1944712288832868,0.7993175587842016,0.00621121233251157,WARNING
3185,0.031146297864320792,0.9631104063511896,0.0057432957844896285,WARNING
3186,0.021198466353275616,0.00727995207808868,0.9715215815686358,CRITICAL
3187,0.020670036941938315,0.007277837286233385,0.9720521257718283,CRITICAL
3188,0.020670036941938315,0.007277837286233385,0.9720521257718283,CRITICAL
3189,0.021198466353275616,0.00727995207808868,0.9715215815686358,CRITICAL
3190,0.021684696945007007,0.007281891578448225,0.9710334114765448,CRITICAL
3191,0.020670036941938315,0.007277837286233385,0.9720521257718283,CRITICAL
3192,0.020670036941938315,0.007277837286233385,0.9720521257718283,CRITICAL
3193,0.020670036941938315,0.007277837286233385,0.9720521257718283,CRITICAL
3194,0.02067740388691515,0.0072778668193546016,0.9720447292937302,CRITICAL
3195,0.02067740388691515,0.0072778668193546016,0.9720447292937302,CRITICAL
3196,0.020670036941938315,0.007277837286233385,0.9720521257718283,CRITICAL
3197,0.020670036941938315,0.007277837286233385,0.9720521257718283,CRITICAL
3198,0.02067740388691515,0.0072778668193546016,0.9720447292937302,CRITICAL
3199,0.021198466353275616,0.00727995207808868,0.9715215815686358,CRITICAL
3200,0.020670036941938315,0.007277837286233385,0.9720521257718283,CRITICAL
3201,0.020670036941938315,0.007277837286233385,0.9720521257718283,CRITICAL
3202,0.020670036941938315,0.007277837286233385,0.9720521257718283,CRITICAL
3203,0.021198466353275616,0.00727995207808868,0.9715215815686358,CRITICAL
3204,0.9879624270110484,0.005915827228695014,0.006121745760256779,NORMAL
3205,0.9879624270110484,0.005915827228695014,0.006121745760256779,NORMAL
3206,0.9868734756019892,0.007004637051988305,0.006121887346022531,NORMAL
3207,0.9565344066557597,0.037321309850818545,0.00614428349342167,WARNING
3208,0.9616070249456786,0.03225390116706488,0.0061390738872566025,NORMAL
3209,0.1422211829892778,0.8512337841486094,0.006545032862112684,CRITICAL
3210,0.1454818093521676,0.8479677099068982,0.0065504807409341856,CRITICAL
3211,0.20423769355715893,0.7891310106080454,0.00663129583479574,CRITICAL
3212,0.13797094911797478,0.8554912882907275,0.006537762591297676,CRITICAL
3213,0.9879624270110484,0.005915827228695014,0.006121745760256779,NORMAL
3214,0.9879624270110484,0.005915827228695014,0.006121745760256779,NORMAL
3215,0.963651057014375,0.030211854721110726,0.006137088264514191,NORMAL
3216,0.8710180981361532,0.12272103516248306,0.006260866701363773,WARNING
3217,0.9527989953455597,0.04105265715975649,0.006148347494683918,WARNING
3218,0.5442653475264729,0.44907245774877297,0.006662194724754125,CRITICAL
3219,0.5301399352270646,0.4631880192791403,0.006672045493795208,CRITICAL
3220,0.2739845344872715,0.7193241556721002,0.006691309840628275,CRITICAL
3221,0.1422211829892778,0.8512337841486094,0.006545032862112684,CRITICAL
3222,0.9861079981893971,0.007241669806979821,0.0066503320036230456,NORMAL
3223,0.9861079981893971,0.007241669806979821,0.0066503320036230456,NORMAL
3224,0.9861079981893971,0.007241669806979821,0.0066503320036230456,NORMAL
3225,0.9861079981893971,0.007241669806979821,0.0066503320036230456,NORMAL
3226,0.9861079981893971,0.007241669806979821,0.0066503320036230456,NORMAL
3227,0.9861079981893971,0.007241669806979821,0.0066503320036230456,NORMAL
3228,0.9861079981893971,0.007241669806979821,0.0066503320036230456,NORMAL
3229,0.9861079981893971,0.007241669806979821,0.0066503320036230456,NORMAL
3230,0.9861011116537196,0.007248537328727414,0.006650351017552913,NORMAL
3231,0.9861079981893971,0.007241669806979821,0.0066503320036230456,NORMAL
3232,0.9861079981893971,0.007241669806979821,0.0066503320036230456,NORMAL
3233,0.9861079981893971,0.007241669806979821,0.0066503320036230456,NORMAL
3234,0.9835529789745946,0.009741222445525862,0.006705798579879552,NORMAL
3235,0.9860857612738956,0.007263845291017645,0.006650393435086823,NORMAL
3236,0.9861079981893971,0.007241669806979821,0.0066503320036230456,NORMAL
3237,0.9861079981893971,0.007241669806979821,0.0066503320036230456,NORMAL
3238,0.9861011116537196,0.007248537328727414,0.006650351017552913,NORMAL
3239,0.9861011116537196,0.007248537328727414,0.006650351017552913,NORMAL
3240,0.9879624270110484,0.005915827228695014,0.006121745760256779,NORMAL
3241,0.9879624270110484,0.005915827228695014,0.006121745760256779,NORMAL
3242,0.9879624270110484,0.005915827228695014,0.006121745760256779,NORMAL
3243,0.9879624270110484,0.005915827228695014,0.006121745760256779,NORMAL
3244,0.9879624270110484,0.005915827228695014,0.006121745760256779,NORMAL
3245,0.9879624270110484,0.005915827228695014,0.006121745760256779,NORMAL
3246,0.9879624270110484,0.005915827228695014,0.006121745760256779,NORMAL
3247,0.9879624270110484,0.005915827228695014,0.006121745760256779,NORMAL
3248,0.9879624270110484,0.005915827228695014,0.006121745760256779,NORMAL
3249,0.9879624270110484,0.005915827228695014,0.006121745760256779,NORMAL
3250,0.9879624270110484,0.005915827228695014,0.006121745760256779,NORMAL
3251,0.9879624270110484,0.005915827228695014,0.006121745760256779,NORMAL
3252,0.9879624270110484,0.005915827228695014,0.006121745760256779,NORMAL
3253,0.9879624270110484,0.005915827228695014,0.006121745760256779,NORMAL
3254,0.9879624270110484,0.005915827228695014,0.006121745760256779,NORMAL
3255,0.9879624270110484,0.005915827228695014,0.006121745760256779,NORMAL
3256,0.9879624270110484,0.005915827228695014,0.006121745760256779,NORMAL
3257,0.9879624270110484,0.005915827228695014,0.006121745760256779,NORMAL
3258,0.9861457749806429,0.0072039971467352795,0.00665022787262171,NORMAL
3259,0.9861457749806429,0.0072039971467352795,0.00665022787262171,NORMAL
3260,0.9861457749806429,0.0072039971467352795,0.00665022787262171,NORMAL
3261,0.9861457749806429,0.0072039971467352795,0.00665022787262171,NORMAL
3262,0.9861457749806429,0.0072039971467352795,0.00665022787262171,NORMAL
3263,0.9861457749806429,0.0072039971467352795,0.00665022787262171,NORMAL
3264,0.9861457749806429,0.0072039971467352795,0.00665022787262171,NORMAL
3265,0.9861457749806429,0.0072039971467352795,0.00665022787262171,NORMAL
3266,0.9861457749806429,0.0072039971467352795,0.00665022787262171,NORMAL
3267,0.9861457749806429,0.0072039971467352795,0.00665022787262171,NORMAL
3268,0.9861457749806429,0.0072039971467352795,0.00665022787262171,NORMAL
3269,0.9861457749806429,0.0072039971467352795,0.00665022787262171,NORMAL
3270,0.9861457749806429,0.0072039971467352795,0.00665022787262171,NORMAL
3271,0.9861457749806429,0.0072039971467352795,0.00665022787262171,NORMAL
3272,0.9861457749806429,0.0072039971467352795,0.00665022787262171,NORMAL
3273,0.9861457749806429,0.0072039971467352795,0.00665022787262171,NORMAL
3274,0.9861457749806429,0.0072039971467352795,0.00665022787262171,NORMAL
3275,0.985982472883627,0.00736684702716172,0.006650680089211198,NORMAL
3276,0.028883064743312585,0.008720127820703786,0.9623968074359837,CRITICAL
3277,0.030284831385794568,0.00873000343100237,0.9609851651832031,CRITICAL
3278,0.028354897253785358,0.008716381264335262,0.9629287214818794,CRITICAL
3279,0.028390350509795926,0.008716633196320793,0.9628930162938832,CRITICAL
3280,0.02835244051036788,0.008716363804258338,0.9629311956853738,CRITICAL
3281,0.02899006938920739,0.008720885137536327,0.9622890454732563,CRITICAL
3282,0.028390350509795926,0.008716633196320793,0.9628930162938832,CRITICAL
3283,0.02833047268375275,0.008716207665191785,0.9629533196510555,CRITICAL
3284,0.02899006938920739,0.008720885137536327,0.9622890454732563,CRITICAL
3285,0.028883064743312585,0.008720127820703786,0.9623968074359837,CRITICAL
3286,0.02835244051036788,0.008716363804258338,0.9629311956853738,CRITICAL
3287,0.028354897253785358,0.008716381264335262,0.9629287214818794,CRITICAL
3288,0.028390350509795926,0.008716633196320793,0.9628930162938832,CRITICAL
3289,0.028747922162200207,0.008719170533920509,0.9625329073038793,CRITICAL
3290,0.02938090685371497,0.008723646371043697,0.9618954467752413,CRITICAL
3291,0.028390350509795926,0.008716633196320793,0.9628930162938832,CRITICAL
3292,0.02833047268375275,0.008716207665191785,0.9629533196510555,CRITICAL
3293,0.02899006938920739,0.008720885137536327,0.9622890454732563,CRITICAL
3294,0.9861457749806429,0.0072039971467352795,0.00665022787262171,NORMAL
3295,0.9861457749806429,0.0072039971467352795,0.00665022787262171,NORMAL
3296,0.9861457749806429,0.0072039971467352795,0.00665022787262171,NORMAL
3297,0.9861457749806429,0.0072039971467352795,0.00665022787262171,NORMAL
3298,0.9830580638247234,0.010186392433894145,0.0067555437413825865,NORMAL
3299,0.04106173276209931,0.951645124776836,0.007293142461064587,WARNING
3300,0.021750993850388114,0.9705758636051813,0.007673142544430579,WARNING
3301,0.023312247552577072,0.9691505206777404,0.0075372317696823865,WARNING
3302,0.027937759994490587,0.014092243861501102,0.9579699961440084,CRITICAL
3303,0.9861457749806429,0.0072039971467352795,0.00665022787262171,NORMAL
3304,0.9861457749806429,0.0072039971467352795,0.00665022787262171,NORMAL
3305,0.9861457749806429,0.0072039971467352795,0.00665022787262171,NORMAL
3306,0.9861457749806429,0.0072039971467352795,0.00665022787262171,NORMAL
3307,0.9566343675851964,0.03645906915013698,0.006906563264666564,NORMAL
3308,0.04034356201195061,0.9523713940740963,0.007285043913953049,WARNING
3309,0.023134319753744637,0.9688352794090278,0.008030400837227574,WARNING
3310,0.022100277890710913,0.9704346353910298,0.007465086718259279,WARNING
3311,0.028373248563086338,0.014370645501919958,0.9572561059349938,CRITICAL
3312,0.9859791409469767,0.008500740869144683,0.005520118183878616,NORMAL
3313,0.9859791409469767,0.008500740869144683,0.005520118183878616,NORMAL
3314,0.9859791409469767,0.008500740869144683,0.005520118183878616,NORMAL
3315,0.9859791409469767,0.008500740869144683,0.005520118183878616,NORMAL
3316,0.9859791409469767,0.008500740869144683,0.005520118183878616,NORMAL
3317,0.9859791409469767,0.008500740869144683,0.005520118183878616,NORMAL
3318,0.9859791409469767,0.008500740869144683,0.005520118183878616,NORMAL
3319,0.9859791409469767,0.008500740869144683,0.005520118183878616,NORMAL
3320,0.9859791409469767,0.008500740869144683,0.005520118183878616,NORMAL
3321,0.9859791409469767,0.008500740869144683,0.005520118183878616,NORMAL
3322,0.9859791409469767,0.008500740869144683,0.005520118183878616,NORMAL
3323,0.9859791409469767,0.008500740869144683,0.005520118183878616,NORMAL
3324,0.9859791409469767,0.008500740869144683,0.005520118183878616,NORMAL
3325,0.9859791409469767,0.008500740869144683,0.005520118183878616,NORMAL
3326,0.9859791409469767,0.008500740869144683,0.005520118183878616,NORMAL
3327,0.9859791409469767,0.008500740869144683,0.005520118183878616,NORMAL
3328,0.9859791409469767,0.008500740869144683,0.005520118183878616,NORMAL
3329,0.9859791409469767,0.008500740869144683,0.005520118183878616,NORMAL
3330,0.9859791409469767,0.008500740869144683,0.005520118183878616,NORMAL
3331,0.9859791409469767,0.008500740869144683,0.005520118183878616,NORMAL
3332,0.9859791409469767,0.008500740869144683,0.005520118183878616,NORMAL
3333,0.9859791409469767,0.008500740869144683,0.005520118183878616,NORMAL
3334,0.9859791409469767,0.008500740869144683,0.005520118183878616,NORMAL
3335,0.9859791409469767,0.008500740869144683,0.005520118183878616,NORMAL
3336,0.9859791409469767,0.008500740869144683,0.005520118183878616,NORMAL
3337,0.9859791409469767,0.008500740869144683,0.005520118183878616,NORMAL
3338,0.9859791409469767,0.008500740869144683,0.005520118183878616,NORMAL
3339,0.9859791409469767,0.008500740869144683,0.005520118183878616,NORMAL
3340,0.9859791409469767,0.008500740869144683,0.005520118183878616,NORMAL
3341,0.9859791409469767,0.008500740869144683,0.005520118183878616,NORMAL
3342,0.9859791409469767,0.008500740869144683,0.005520118183878616,NORMAL
3343,0.9859791409469767,0.008500740869144683,0.005520118183878616,NORMAL
3344,0.9859791409469767,0.008500740869144683,0.005520118183878616,NORMAL
3345,0.9859791409469767,0.008500740869144683,0.005520118183878616,NORMAL
3346,0.9859791409469767,0.008500740869144683,0.005520118183878616,NORMAL
3347,0.9859791409469767,0.008500740869144683,0.005520118183878616,NORMAL
3348,0.020670036941938315,0.007277837286233385,0.9720521257718283,CRITICAL
3349,0.020670036941938315,0.007277837286233385,0.9720521257718283,CRITICAL
3350,0.02067740388691515,0.0072778668193546016,0.9720447292937302,CRITICAL
3351,0.020670036941938315,0.007277837286233385,0.9720521257718283,CRITICAL
3352,0.020670036941938315,0.007277837286233385,0.9720521257718283,CRITICAL
3353,0.02078288143090296,0.007278289508259419,0.9719388290608376,CRITICAL
3354,0.020670036941938315,0.007277837286233385,0.9720521257718283,CRITICAL
3355,0.020670036941938315,0.007277837286233385,0.9720521257718283,CRITICAL
3356,0.020670036941938315,0.007277837286233385,0.9720521257718283,CRITICAL
3357,0.020670036941938315,0.007277837286233385,0.9720521257718283,CRITICAL
3358,0.020670036941938315,0.007277837286233385,0.9720521257718283,CRITICAL
3359,0.02067740388691515,0.0072778668193546016,0.9720447292937302,CRITICAL
3360,0.020670036941938315,0.007277837286233385,0.9720521257718283,CRITICAL
3361,0.02078288143090296,0.007278289508259419,0.9719388290608376,CRITICAL
3362,0.02078288143090296,0.007278289508259419,0.9719388290608376,CRITICAL
3363,0.020670036941938315,0.007277837286233385,0.9720521257718283,CRITICAL
3364,0.020670036941938315,0.007277837286233385,0.9720521257718283,CRITICAL
3365,0.020670036941938315,0.007277837286233385,0.9720521257718283,CRITICAL
3366,0.9861079981893971,0.007241669806979821,0.0066503320036230456,NORMAL
3367,0.9861079981893971,0.007241669806979821,0.0066503320036230456,NORMAL
3368,0.9860857612738956,0.007263845291017645,0.006650393435086823,NORMAL
3369,0.9860857612738956,0.007263845291017645,0.006650393435086823,NORMAL
3370,0.9860857612738956,0.007263845291017645,0.006650393435086823,NORMAL
3371,0.9858108641110911,0.007537974826215818,0.006651161062693021,NORMAL
3372,0.9860857612738956,0.007263845291017645,0.006650393435086823,NORMAL
3373,0.9858108641110911,0.007537974826215818,0.006651161062693021,NORMAL
3374,0.9835617322535479,0.009780308565725787,0.006657959180726342,NORMAL
3375,0.9860521462341745,0.007297367275840465,0.00665048648998507,NORMAL
3376,0.9861011116537196,0.007248537328727414,0.006650351017552913,NORMAL
3377,0.9860857612738956,0.007263845291017645,0.006650393435086823,NORMAL
3378,0.9860857612738956,0.007263845291017645,0.006650393435086823,NORMAL
3379,0.9860857612738956,0.007263845291017645,0.006650393435086823,NORMAL
3380,0.9860857612738956,0.007263845291017645,0.006650393435086823,NORMAL
3381,0.9847125463365355,0.00863308231690499,0.0066543713465595225,NORMAL
3382,0.9859211041984486,0.007428044383413969,0.006650851418137472,NORMAL
3383,0.9837516072061401,0.009591040263220153,0.006657352530639709,NORMAL
3384,0.9879624270110484,0.005915827228695014,0.006121745760256779,NORMAL
3385,0.9879624270110484,0.005915827228695014,0.006121745760256779,NORMAL
3386,0.9879624270110484,0.005915827228695014,0.006121745760256779,NORMAL
3387,0.9879624270110484,0.005915827228695014,0.006121745760256779,NORMAL
3388,0.9879624270110484,0.005915827228695014,0.006121745760256779,NORMAL
3389,0.9879624270110484,0.005915827228695014,0.006121745760256779,NORMAL
3390,0.9879624270110484,0.005915827228695014,0.006121745760256779,NORMAL
3391,0.9879624270110484,0.005915827228695014,0.006121745760256779,NORMAL
3392,0.9879624270110484,0.005915827228695014,0.006121745760256779,NORMAL
3393,0.9879624270110484,0.005915827228695014,0.006121745760256779,NORMAL
3394,0.9879624270110484,0.005915827228695014,0.006121745760256779,NORMAL
3395,0.9879624270110484,0.005915827228695014,0.006121745760256779,NORMAL
3396,0.9879624270110484,0.005915827228695014,0.006121745760256779,NORMAL
3397,0.9879624270110484,0.005915827228695014,0.006121745760256779,NORMAL
3398,0.9879624270110484,0.005915827228695014,0.006121745760256779,NORMAL
3399,0.9879624270110484,0.005915827228695014,0.006121745760256779,NORMAL
3400,0.9879624270110484,0.005915827228695014,0.006121745760256779,NORMAL
3401,0.9879624270110484,0.005915827228695014,0.006121745760256779,NORMAL
3402,0.021198466353275616,0.00727995207808868,0.9715215815686358,CRITICAL
3403,0.021198466353275616,0.00727995207808868,0.9715215815686358,CRITICAL
3404,0.020670036941938315,0.007277837286233385,0.9720521257718283,CRITICAL
3405,0.020670036941938315,0.007277837286233385,0.9720521257718283,CRITICAL
3406,0.020670036941938315,0.007277837286233385,0.9720521257718283,CRITICAL
3407,0.021198466353275616,0.00727995207808868,0.9715215815686358,CRITICAL
3408,0.021198466353275616,0.00727995207808868,0.9715215815686358,CRITICAL
3409,0.020670036941938315,0.007277837286233385,0.9720521257718283,CRITICAL
3410,0.020670036941938315,0.007277837286233385,0.9720521257718283,CRITICAL
3411,0.021198466353275616,0.00727995207808868,0.9715215815686358,CRITICAL
3412,0.021198466353275616,0.00727995207808868,0.9715215815686358,CRITICAL
3413,0.020670036941938315,0.007277837286233385,0.9720521257718283,CRITICAL
3414,0.020670036941938315,0.007277837286233385,0.9720521257718283,CRITICAL
3415,0.020670036941938315,0.007277837286233385,0.9720521257718283,CRITICAL
3416,0.021198466353275616,0.00727995207808868,0.9715215815686358,CRITICAL
3417,0.02415475261596637,0.02000652575493644,0.9558387216290972,CRITICAL
3418,0.020670036941938315,0.007277837286233385,0.9720521257718283,CRITICAL
3419,0.020670036941938315,0.007277837286233385,0.9720521257718283,CRITICAL
3420,0.028350080158718368,0.008716347028947288,0.9629335728123344,CRITICAL
3421,0.028354897253785358,0.008716381264335262,0.9629287214818794,CRITICAL
3422,0.028354897253785358,0.008716381264335262,0.9629287214818794,CRITICAL
3423,0.028354897253785358,0.008716381264335262,0.9629287214818794,CRITICAL
3424,0.028354897253785358,0.008716381264335262,0.9629287214818794,CRITICAL
3425,0.03633042859634407,0.008771528211442664,0.9548980431922133,CRITICAL
3426,0.02833047268375275,0.008716207665191785,0.9629533196510555,CRITICAL
3427,0.028400258869497017,0.008716703593971078,0.9628830375365319,CRITICAL
3428,0.02833047268375275,0.008716207665191785,0.9629533196510555,CRITICAL
3429,0.028847002284500923,0.008719872461409841,0.9624331252540892,CRITICAL
3430,0.028847002284500923,0.008719872461409841,0.9624331252540892,CRITICAL
3431,0.028847002284500923,0.008719872461409841,0.9624331252540892,CRITICAL
3432,0.028344797205108407,0.008716309481311031,0.9629388933135805,CRITICAL
3433,0.028344797205108407,0.008716309481311031,0.9629388933135805,CRITICAL
3434,0.029923979863323725,0.008727470495700124,0.9613485496409762,CRITICAL
3435,0.02833047268375275,0.008716207665191785,0.9629533196510555,CRITICAL
3436,0.029010084439849548,0.008721026728419262,0.9622688888317311,CRITICAL
3437,0.028400258869497017,0.008716703593971078,0.9628830375365319,CRITICAL
3438,0.9859791409469767,0.008500740869144683,0.005520118183878616,NORMAL
3439,0.9859791409469767,0.008500740869144683,0.005520118183878616,NORMAL
3440,0.9857245809309684,0.008755268854475657,0.005520150214555839,NORMAL
3441,0.9856814984658927,0.008798345349724708,0.005520156184382573,NORMAL
3442,0.9859791409469767,0.008500740869144683,0.005520118183878616,NORMAL
3443,0.984796363365788,0.00968332397779104,0.005520312656420898,NORMAL
3444,0.9836914050990926,0.010788001928639981,0.005520592972267262,NORMAL
3445,0.9574666256141128,0.03698982362979288,0.005543550756094373,NORMAL
3446,0.9266363591169622,0.06777336852950684,0.005590272353530937,WARNING
3447,0.9859791409469767,0.008500740869144683,0.005520118183878616,NORMAL
3448,0.9859791409469767,0.008500740869144683,0.005520118183878616,NORMAL
3449,0.9854624519410329,0.009017359106689821,0.005520188952277135,NORMAL
3450,0.9859791409469767,0.008500740869144683,0.005520118183878616,NORMAL
3451,0.9617364446925303,0.03272521152275652,0.005538343784713146,NORMAL
3452,0.928315507784343,0.066097070637097,0.005587421578559998,WARNING
3453,0.953901951051982,0.04054985360525035,0.005548195342767676,NORMAL
3454,0.9546945454646484,0.03975831367696121,0.00554714085839036,NORMAL
3455,0.907041709379805,0.08733304559291852,0.005625245027276441,WARNING
3456,0.020670036941938315,0.007277837286233385,0.9720521257718283,CRITICAL
3457,0.020670036941938315,0.007277837286233385,0.9720521257718283,CRITICAL
3458,0.020670036941938315,0.007277837286233385,0.9720521257718283,CRITICAL
3459,0.02067740388691515,0.0072778668193546016,0.9720447292937302,CRITICAL
3460,0.02067740388691515,0.0072778668193546016,0.9720447292937302,CRITICAL
3461,0.02078288143090296,0.007278289508259419,0.9719388290608376,CRITICAL
3462,0.02078288143090296,0.007278289508259419,0.9719388290608376,CRITICAL
3463,0.020670036941938315,0.007277837286233385,0.9720521257718283,CRITICAL
3464,0.02078288143090296,0.007278289508259419,0.9719388290608376,CRITICAL
3465,0.020670036941938315,0.007277837286233385,0.9720521257718283,CRITICAL
3466,0.020670036941938315,0.007277837286233385,0.9720521257718283,CRITICAL
3467,0.02067740388691515,0.0072778668193546016,0.9720447292937302,CRITICAL
3468,0.020670036941938315,0.007277837286233385,0.9720521257718283,CRITICAL
3469,0.02067740388691515,0.0072778668193546016,0.9720447292937302,CRITICAL
3470,0.020670036941938315,0.007277837286233385,0.9720521257718283,CRITICAL
3471,0.020670036941938315,0.007277837286233385,0.9720521257718283,CRITICAL
3472,0.020670036941938315,0.007277837286233385,0.9720521257718283,CRITICAL
3473,0.020670036941938315,0.007277837286233385,0.9720521257718283,CRITICAL
3474,0.9859791409469767,0.008500740869144683,0.005520118183878616,NORMAL
3475,0.9859791409469767,0.008500740869144683,0.005520118183878616,NORMAL
3476,0.9859791409469767,0.008500740869144683,0.005520118183878616,NORMAL
3477,0.9859791409469767,0.008500740869144683,0.005520118183878616,NORMAL
3478,0.9859791409469767,0.008500740869144683,0.005520118183878616,NORMAL
3479,0.9859791409469767,0.008500740869144683,0.005520118183878616,NORMAL
3480,0.9859791409469767,0.008500740869144683,0.005520118183878616,NORMAL
3481,0.9859791409469767,0.008500740869144683,0.005520118183878616,NORMAL
3482,0.9859791409469767,0.008500740869144683,0.005520118183878616,NORMAL
3483,0.9859791409469767,0.008500740869144683,0.005520118183878616,NORMAL
3484,0.9859791409469767,0.008500740869144683,0.005520118183878616,NORMAL
3485,0.9859791409469767,0.008500740869144683,0.005520118183878616,NORMAL
3486,0.9859791409469767,0.008500740869144683,0.005520118183878616,NORMAL
3487,0.9859791409469767,0.008500740869144683,0.005520118183878616,NORMAL
3488,0.9859791409469767,0.008500740869144683,0.005520118183878616,NORMAL
3489,0.9859791409469767,0.008500740869144683,0.005520118183878616,NORMAL
3490,0.9859791409469767,0.008500740869144683,0.005520118183878616,NORMAL
3491,0.9859791409469767,0.008500740869144683,0.005520118183878616,NORMAL
3492,0.9705599704434513,0.021258986884897132,0.008181042671651519,NORMAL
3493,0.9785215171282393,0.013357852739123361,0.008120630132637323,NORMAL
3494,0.9796639235992224,0.012271083579230475,0.008064992821547082,NORMAL
3495,0.9754600119982346,0.015999758976096477,0.008540229025668948,NORMAL
3496,0.9813419952997161,0.011533739117572564,0.007124265582711295,NORMAL
3497,0.9790763045192703,0.013529203198214003,0.007394492282515826,NORMAL
3498,0.9761360541913185,0.015329470665227819,0.008534475143453726,NORMAL
3499,0.9789120750704879,0.012970049574557007,0.008117875354955138,NORMAL
3500,0.9789362909292132,0.013175315703345469,0.007888393367441375,NORMAL
3501,0.9705599704434513,0.021258986884897132,0.008181042671651519,NORMAL
3502,0.9805805290782293,0.01229179446101278,0.0071276764607578836,NORMAL
3503,0.9779717863856279,0.013738914557527626,0.008289299056844468,NORMAL
3504,0.9760084984158471,0.0158526154694709,0.008138886114681899,NORMAL
3505,0.9791475422156829,0.012965425300333901,0.007887032483983253,NORMAL
3506,0.9789362909292132,0.013175315703345469,0.007888393367441375,NORMAL
3507,0.9779487742307855,0.013531852643646662,0.008519373125567838,NORMAL
3508,0.9791475422156829,0.012965425300333901,0.007887032483983253,NORMAL
3509,0.9787791963026463,0.01333139399219038,0.007889409705163218,NORMAL
3510,0.9861457749806429,0.0072039971467352795,0.00665022787262171,NORMAL
3511,0.9861457749806429,0.0072039971467352795,0.00665022787262171,NORMAL
3512,0.9861457749806429,0.0072039971467352795,0.00665022787262171,NORMAL
3513,0.9861457749806429,0.0072039971467352795,0.00665022787262171,NORMAL
3514,0.9861457749806429,0.0072039971467352795,0.00665022787262171,NORMAL
3515,0.9861457749806429,0.0072039971467352795,0.00665022787262171,NORMAL
3516,0.9861457749806429,0.0072039971467352795,0.00665022787262171,NORMAL
3517,0.9861457749806429,0.0072039971467352795,0.00665022787262171,NORMAL
3518,0.9861457749806429,0.0072039971467352795,0.00665022787262171,NORMAL
3519,0.9861457749806429,0.0072039971467352795,0.00665022787262171,NORMAL
3520,0.9861457749806429,0.0072039971467352795,0.00665022787262171,NORMAL
3521,0.9861457749806429,0.0072039971467352795,0.00665022787262171,NORMAL
3522,0.9861457749806429,0.0072039971467352795,0.00665022787262171,NORMAL
3523,0.9861457749806429,0.0072039971467352795,0.00665022787262171,NORMAL
3524,0.9861457749806429,0.0072039971467352795,0.00665022787262171,NORMAL
3525,0.9861457749806429,0.0072039971467352795,0.00665022787262171,NORMAL
3526,0.9861457749806429,0.0072039971467352795,0.00665022787262171,NORMAL
3527,0.9861457749806429,0.0072039971467352795,0.00665022787262171,NORMAL
3528,0.9879624270110484,0.005915827228695014,0.006121745760256779,NORMAL
3529,0.9879624270110484,0.005915827228695014,0.006121745760256779,NORMAL
3530,0.9878702572153196,0.0060079888111091535,0.006121753973571201,NORMAL
3531,0.849604675687308,0.14410212289170257,0.006293201420989397,WARNING
3532,0.8554874280675527,0.13822827275874566,0.006284299173701605,WARNING
3533,0.5093954188994305,0.4839195276841425,0.006685053416426991,CRITICAL
3534,0.05266079996621333,0.9409958151523031,0.006343384881483515,WARNING
3535,0.038743777132509524,0.954957479943254,0.006298742924236457,WARNING
3536,0.038743777132509524,0.954957479943254,0.006298742924236457,WARNING
3537,0.9865337306810202,0.007344319094163602,0.006121950224816243,NORMAL
3538,0.9712347770504165,0.022634816979434598,0.006130405970148874,NORMAL
3539,0.9879624270110484,0.005915827228695014,0.006121745760256779,NORMAL
3540,0.8763923878311101,0.11735480745520989,0.006252804713680001,WARNING
3541,0.9616070249456786,0.03225390116706488,0.0061390738872566025,NORMAL
3542,0.5180963209854236,0.4752238673417776,0.006679811672798858,CRITICAL
3543,0.04098383963025316,0.9527098797511744,0.006306280618572489,WARNING
3544,0.038743777132509524,0.954957479943254,0.006298742924236457,WARNING
3545,0.038743777132509524,0.954957479943254,0.006298742924236457,WARNING
3546,0.9861457749806429,0.0072039971467352795,0.00665022787262171,NORMAL
3547,0.9861457749806429,0.0072039971467352795,0.00665022787262171,NORMAL
3548,0.9861079981893971,0.007241669806979821,0.0066503320036230456,NORMAL
3549,0.9861079981893971,0.007241669806979821,0.0066503320036230456,NORMAL
3550,0.9861079981893971,0.007241669806979821,0.0066503320036230456,NORMAL
3551,0.9861079981893971,0.007241669806979821,0.0066503320036230456,NORMAL
3552,0.9861079981893971,0.007241669806979821,0.0066503320036230456,NORMAL
3553,0.9861079981893971,0.007241669806979821,0.0066503320036230456,NORMAL
3554,0.9861079981893971,0.007241669806979821,0.0066503320036230456,NORMAL
3555,0.9861457749806429,0.0072039971467352795,0.00665022787262171,NORMAL
3556,0.9861079981893971,0.007241669806979821,0.0066503320036230456,NORMAL
3557,0.9861079981893971,0.007241669806979821,0.0066503320036230456,NORMAL
3558,0.9861079981893971,0.007241669806979821,0.0066503320036230456,NORMAL
3559,0.9861079981893971,0.007241669806979821,0.0066503320036230456,NORMAL
3560,0.9861079981893971,0.007241669806979821,0.0066503320036230456,NORMAL
3561,0.986100881990225,0.007248766357948075,0.0066503516518267945,NORMAL
3562,0.9861079981893971,0.007241669806979821,0.0066503320036230456,NORMAL
3563,0.9861079981893971,0.007241669806979821,0.0066503320036230456,NORMAL
3564,0.021733257419389473,0.007735928901230546,0.97053081367938,CRITICAL
3565,0.020670036941938315,0.007277837286233385,0.9720521257718283,CRITICAL
3566,0.020670036941938315,0.007277837286233385,0.9720521257718283,CRITICAL
3567,0.020670036941938315,0.007277837286233385,0.9720521257718283,CRITICAL
3568,0.020670036941938315,0.007277837286233385,0.9720521257718283,CRITICAL
3569,0.020670036941938315,0.007277837286233385,0.9720521257718283,CRITICAL
3570,0.02067740388691515,0.0072778668193546016,0.9720447292937302,CRITICAL
3571,0.02067740388691515,0.0072778668193546016,0.9720447292937302,CRITICAL
3572,0.025116349758407683,0.010072113699795363,0.964811536541797,CRITICAL
3573,0.02737010254137025,0.010412888947698764,0.9622170085109311,CRITICAL
3574,0.020670036941938315,0.007277837286233385,0.9720521257718283,CRITICAL
3575,0.020670036941938315,0.007277837286233385,0.9720521257718283,CRITICAL
3576,0.020670036941938315,0.007277837286233385,0.9720521257718283,CRITICAL
3577,0.020670036941938315,0.007277837286233385,0.9720521257718283,CRITICAL
3578,0.020670036941938315,0.007277837286233385,0.9720521257718283,CRITICAL
3579,0.02067740388691515,0.0072778668193546016,0.9720447292937302,CRITICAL
3580,0.02067740388691515,0.0072778668193546016,0.9720447292937302,CRITICAL
3581,0.026907908088040604,0.010091767494316764,0.9630003244176426,CRITICAL
3582,0.03818500318985883,0.0059941422266835825,0.9558208545834576,CRITICAL
3583,0.03818500318985883,0.0059941422266835825,0.9558208545834576,CRITICAL
3584,0.03822053887742175,0.005994196035970776,0.9557852650866074,CRITICAL
3585,0.03818500318985883,0.0059941422266835825,0.9558208545834576,CRITICAL
3586,0.038211017652038264,0.0059941816203135535,0.9557948007276482,CRITICAL
3587,0.03818500318985883,0.0059941422266835825,0.9558208545834576,CRITICAL
3588,0.03818500318985883,0.0059941422266835825,0.9558208545834576,CRITICAL
3589,0.038186624317411696,0.005994144681822569,0.9558192310007658,CRITICAL
3590,0.038186624317411696,0.005994144681822569,0.9558192310007658,CRITICAL
3591,0.038191475530817975,0.005994152028595305,0.9558143724405868,CRITICAL
3592,0.038191475530817975,0.005994152028595305,0.9558143724405868,CRITICAL
3593,0.03818500318985883,0.0059941422266835825,0.9558208545834576,CRITICAL
3594,0.038191475530817975,0.005994152028595305,0.9558143724405868,CRITICAL
3595,0.038191475530817975,0.005994152028595305,0.9558143724405868,CRITICAL
3596,0.03818500318985883,0.0059941422266835825,0.9558208545834576,CRITICAL
3597,0.03818500318985883,0.0059941422266835825,0.9558208545834576,CRITICAL
3598,0.03818015277167308,0.005994134880686553,0.9558257123476404,CRITICAL
3599,0.03818015277167308,0.005994134880686553,0.9558257123476404,CRITICAL
3600,0.9861457749806429,0.0072039971467352795,0.00665022787262171,NORMAL
3601,0.9861457749806429,0.0072039971467352795,0.00665022787262171,NORMAL
3602,0.9861457749806429,0.0072039971467352795,0.00665022787262171,NORMAL
3603,0.9861457749806429,0.0072039971467352795,0.00665022787262171,NORMAL
3604,0.9861457749806429,0.0072039971467352795,0.00665022787262171,NORMAL
3605,0.9861457749806429,0.0072039971467352795,0.00665022787262171,NORMAL
3606,0.9861457749806429,0.0072039971467352795,0.00665022787262171,NORMAL
3607,0.9861457749806429,0.0072039971467352795,0.00665022787262171,NORMAL
3608,0.9861457749806429,0.0072039971467352795,0.00665022787262171,NORMAL
3609,0.9861457749806429,0.0072039971467352795,0.00665022787262171,NORMAL
3610,0.9861457749806429,0.0072039971467352795,0.00665022787262171,NORMAL
3611,0.9861457749806429,0.0072039971467352795,0.00665022787262171,NORMAL
3612,0.9861457749806429,0.0072039971467352795,0.00665022787262171,NORMAL
3613,0.9861457749806429,0.0072039971467352795,0.00665022787262171,NORMAL
3614,0.9861457749806429,0.0072039971467352795,0.00665022787262171,NORMAL
3615,0.9861457749806429,0.0072039971467352795,0.00665022787262171,NORMAL
3616,0.9861457749806429,0.0072039971467352795,0.00665022787262171,NORMAL
3617,0.9861457749806429,0.0072039971467352795,0.00665022787262171,NORMAL
3618,0.028637901943788763,0.9656319896857516,0.005730108370459758,WARNING
3619,0.028637901943788763,0.9656319896857516,0.005730108370459758,WARNING
3620,0.028739158856939485,0.9651327559439344,0.0061280851991260925,WARNING
3621,0.028739158856939485,0.9651327559439344,0.0061280851991260925,WARNING
3622,0.028739158856939485,0.9651327559439344,0.0061280851991260925,WARNING
3623,0.029227677191151522,0.9646411662520209,0.0061311565568275194,WARNING
3624,0.028739158856939485,0.9651327559439344,0.0061280851991260925,WARNING
3625,0.028739158856939485,0.9651327559439344,0.0061280851991260925,WARNING
3626,0.028739158856939485,0.9651327559439344,0.0061280851991260925,WARNING
3627,0.028637901943788763,0.9656319896857516,0.005730108370459758,WARNING
3628,0.028637901943788763,0.9656319896857516,0.005730108370459758,WARNING
3629,0.028637901943788763,0.9656319896857516,0.005730108370459758,WARNING
3630,0.028637901943788763,0.9656319896857516,0.005730108370459758,WARNING
3631,0.028739158856939485,0.9651327559439344,0.0061280851991260925,WARNING
3632,0.028739158856939485,0.9651327559439344,0.0061280851991260925,WARNING
3633,0.028739158856939485,0.9651327559439344,0.0061280851991260925,WARNING
3634,0.028739158856939485,0.9651327559439344,0.0061280851991260925,WARNING
3635,0.028739158856939485,0.9651327559439344,0.0061280851991260925,WARNING
3636,0.028620808535407456,0.00871826927669182,0.9626609221879007,CRITICAL
3637,0.028620808535407456,0.00871826927669182,0.9626609221879007,CRITICAL
3638,0.028620808535407456,0.00871826927669182,0.9626609221879007,CRITICAL
3639,0.02833047268375275,0.008716207665191785,0.9629533196510555,CRITICAL
3640,0.02833047268375275,0.008716207665191785,0.9629533196510555,CRITICAL
3641,0.02833047268375275,0.008716207665191785,0.9629533196510555,CRITICAL
3642,0.02833047268375275,0.008716207665191785,0.9629533196510555,CRITICAL
3643,0.028679504892280203,0.0087186855456504,0.9626018095620694,CRITICAL
3644,0.028654803450122036,0.00871851038668465,0.9626266861631934,CRITICAL
3645,0.02868129397926797,0.008718698230939709,0.9626000077897923,CRITICAL
3646,0.028620808535407456,0.00871826927669182,0.9626609221879007,CRITICAL
3647,0.02861832897820103,0.008718251688059467,0.9626634193337396,CRITICAL
3648,0.02833047268375275,0.008716207665191785,0.9629533196510555,CRITICAL
3649,0.028400258869497017,0.008716703593971078,0.9628830375365319,CRITICAL
3650,0.02833047268375275,0.008716207665191785,0.9629533196510555,CRITICAL
3651,0.02833047268375275,0.008716207665191785,0.9629533196510555,CRITICAL
3652,0.028390350509795926,0.008716633196320793,0.9628930162938832,CRITICAL
3653,0.02833047268375275,0.008716207665191785,0.9629533196510555,CRITICAL
3654,0.022840986633528924,0.007583741291683684,0.9695752720747874,CRITICAL
3655,0.02283001815511499,0.0075836909045486536,0.9695862909403364,CRITICAL
3656,0.026204866412956128,0.0077732925911507145,0.9660218409958932,CRITICAL
3657,0.020670036941938315,0.007277837286233385,0.9720521257718283,CRITICAL
3658,0.020670036941938315,0.007277837286233385,0.9720521257718283,CRITICAL
3659,0.020670036941938315,0.007277837286233385,0.9720521257718283,CRITICAL
3660,0.020670036941938315,0.007277837286233385,0.9720521257718283,CRITICAL
3661,0.020670036941938315,0.007277837286233385,0.9720521257718283,CRITICAL
3662,0.020670036941938315,0.007277837286233385,0.9720521257718283,CRITICAL
3663,0.023154112582420762,0.007585178295304277,0.9692607091222749,CRITICAL
3664,0.02268713868136519,0.007458833259902318,0.9698540280587324,CRITICAL
3665,0.026204866412956128,0.0077732925911507145,0.9660218409958932,CRITICAL
3666,0.021385424943514832,0.007280698549681477,0.9713338765068037,CRITICAL
3667,0.020670036941938315,0.007277837286233385,0.9720521257718283,CRITICAL
3668,0.020670036941938315,0.007277837286233385,0.9720521257718283,CRITICAL
3669,0.020670036941938315,0.007277837286233385,0.9720521257718283,CRITICAL
3670,0.02067740388691515,0.0072778668193546016,0.9720447292937302,CRITICAL
3671,0.020670036941938315,0.007277837286233385,0.9720521257718283,CRITICAL
3672,0.038241718772036214,0.005994228099057189,0.9557640531289067,CRITICAL
3673,0.03818015277167308,0.005994134880686553,0.9558257123476404,CRITICAL
3674,0.03818015277167308,0.005994134880686553,0.9558257123476404,CRITICAL
3675,0.038186624317411696,0.005994144681822569,0.9558192310007658,CRITICAL
3676,0.03818015277167308,0.005994134880686553,0.9558257123476404,CRITICAL
3677,0.03818015277167308,0.005994134880686553,0.9558257123476404,CRITICAL
3678,0.038186624317411696,0.005994144681822569,0.9558192310007658,CRITICAL
3679,0.03818015277167308,0.005994134880686553,0.9558257123476404,CRITICAL
3680,0.03818015277167308,0.005994134880686553,0.9558257123476404,CRITICAL
3681,0.03818760963086173,0.005994146174026586,0.9558182441951116,CRITICAL
3682,0.03818760963086173,0.005994146174026586,0.9558182441951116,CRITICAL
3683,0.03818015277167308,0.005994134880686553,0.9558257123476404,CRITICAL
3684,0.03818015277167308,0.005994134880686553,0.9558257123476404,CRITICAL
3685,0.03818015277167308,0.005994134880686553,0.9558257123476404,CRITICAL
3686,0.03821568409328277,0.005994188685715982,0.9557901272210012,CRITICAL
3687,0.03818015277167308,0.005994134880686553,0.9558257123476404,CRITICAL
3688,0.038206164037658856,0.00599417427119928,0.9557996616911418,CRITICAL
3689,0.03818015277167308,0.005994134880686553,0.9558257123476404,CRITICAL
3690,0.9859791409469767,0.008500740869144683,0.005520118183878616,NORMAL
3691,0.9859791409469767,0.008500740869144683,0.005520118183878616,NORMAL
3692,0.9859791409469767,0.008500740869144683,0.005520118183878616,NORMAL
3693,0.9859791409469767,0.008500740869144683,0.005520118183878616,NORMAL
3694,0.9859791409469767,0.008500740869144683,0.005520118183878616,NORMAL
3695,0.9859791409469767,0.008500740869144683,0.005520118183878616,NORMAL
3696,0.9859791409469767,0.008500740869144683,0.005520118183878616,NORMAL
3697,0.9859791409469767,0.008500740869144683,0.005520118183878616,NORMAL
3698,0.9859791409469767,0.008500740869144683,0.005520118183878616,NORMAL
3699,0.9859791409469767,0.008500740869144683,0.005520118183878616,NORMAL
3700,0.9859791409469767,0.008500740869144683,0.005520118183878616,NORMAL
3701,0.9859791409469767,0.008500740869144683,0.005520118183878616,NORMAL
3702,0.9859791409469767,0.008500740869144683,0.005520118183878616,NORMAL
3703,0.9859791409469767,0.008500740869144683,0.005520118183878616,NORMAL
3704,0.9859791409469767,0.008500740869144683,0.005520118183878616,NORMAL
3705,0.9859791409469767,0.008500740869144683,0.005520118183878616,NORMAL
3706,0.9859791409469767,0.008500740869144683,0.005520118183878616,NORMAL
3707,0.9859791409469767,0.008500740869144683,0.005520118183878616,NORMAL
3708,0.07935416264217852,0.009027932692301243,0.9116179046655203,CRITICAL
3709,0.029940057407248012,0.008727583485517337,0.9613323591072346,CRITICAL
3710,0.12510539999404355,0.00924526367931948,0.865649336326637,CRITICAL
3711,0.11752390042497518,0.009212471011628746,0.8732636285633961,CRITICAL
3712,0.2141879402808632,0.009552857526307117,0.7762592021928297,CRITICAL
3713,0.19980801108084914,0.009511933686211801,0.790680055232939,CRITICAL
3714,0.06849310474640857,0.008968731412055253,0.9225381638415361,CRITICAL
3715,0.1954302169246835,0.009498859290312788,0.7950709237850037,CRITICAL
3716,0.02830886880946178,0.00871605408890101,0.9629750771016372,CRITICAL
3717,0.1413890362158742,0.009311829435544811,0.8492991343485811,CRITICAL
3718,0.23278503490625524,0.00960134464348709,0.7576136204502577,CRITICAL
3719,0.2054780769354386,0.009528436716190903,0.7849934863483705,CRITICAL
3720,0.16037342357619339,0.009383190373503861,0.8302433860503028,CRITICAL
3721,0.07763370240680126,0.009018771863891484,0.9133475257293072,CRITICAL
3722,0.2339255723382582,0.009604160315764327,0.7564702673459774,CRITICAL
3723,0.028822158008774218,0.008719696500175796,0.96245814549105,CRITICAL
3724,0.15552805702744196,0.009365588941614184,0.8351063540309439,CRITICAL
3725,0.032418540796150176,0.008744852093069088,0.9588366071107808,CRITICAL
3726,0.9861457749806429,0.0072039971467352795,0.00665022787262171,NORMAL
3727,0.9861457749806429,0.0072039971467352795,0.00665022787262171,NORMAL
3728,0.9861457749806429,0.0072039971467352795,0.00665022787262171,NORMAL
3729,0.9861457749806429,0.0072039971467352795,0.00665022787262171,NORMAL
3730,0.9861457749806429,0.0072039971467352795,0.00665022787262171,NORMAL
3731,0.9861457749806429,0.0072039971467352795,0.00665022787262171,NORMAL
3732,0.9861457749806429,0.0072039971467352795,0.00665022787262171,NORMAL
3733,0.9861457749806429,0.0072039971467352795,0.00665022787262171,NORMAL
3734,0.9861457749806429,0.0072039971467352795,0.00665022787262171,NORMAL
3735,0.9861457749806429,0.0072039971467352795,0.00665022787262171,NORMAL
3736,0.9861457749806429,0.0072039971467352795,0.00665022787262171,NORMAL
3737,0.9861457749806429,0.0072039971467352795,0.00665022787262171,NORMAL
3738,0.9861457749806429,0.0072039971467352795,0.00665022787262171,NORMAL
3739,0.9859901218779217,0.007359219334557603,0.006650658787520799,NORMAL
3740,0.9861457749806429,0.0072039971467352795,0.00665022787262171,NORMAL
3741,0.9861457749806429,0.0072039971467352795,0.00665022787262171,NORMAL
3742,0.9861457749806429,0.0072039971467352795,0.00665022787262171,NORMAL
3743,0.9861457749806429,0.0072039971467352795,0.00665022787262171,NORMAL
3744,0.02833047268375275,0.008716207665191785,0.9629533196510555,CRITICAL
3745,0.02833047268375275,0.008716207665191785,0.9629533196510555,CRITICAL
3746,0.038054249772172005,0.008783069437634678,0.9531626807901933,CRITICAL
3747,0.029540749652502984,0.008724773446847687,0.9617344769006493,CRITICAL
3748,0.028649298482014897,0.008718471346506482,0.9626322301714787,CRITICAL
3749,0.02858887985087968,0.008718042768064054,0.9626930773810563,CRITICAL
3750,0.028344797205108407,0.008716309481311031,0.9629388933135805,CRITICAL
3751,0.02833047268375275,0.008716207665191785,0.9629533196510555,CRITICAL
3752,0.02833047268375275,0.008716207665191785,0.9629533196510555,CRITICAL
3753,0.02833047268375275,0.008716207665191785,0.9629533196510555,CRITICAL
3754,0.02833047268375275,0.008716207665191785,0.9629533196510555,CRITICAL
3755,0.03805096470331032,0.008783047563981874,0.9531659877327078,CRITICAL
3756,0.038054249772172005,0.008783069437634678,0.9531626807901933,CRITICAL
3757,0.02858887985087968,0.008718042768064054,0.9626930773810563,CRITICAL
3758,0.02858887985087968,0.008718042768064054,0.9626930773810563,CRITICAL
3759,0.02833047268375275,0.008716207665191785,0.9629533196510555,CRITICAL
3760,0.02833047268375275,0.008716207665191785,0.9629533196510555,CRITICAL
3761,0.02833047268375275,0.008716207665191785,0.9629533196510555,CRITICAL
3762,0.020670036941938315,0.007277837286233385,0.9720521257718283,CRITICAL
3763,0.020670036941938315,0.007277837286233385,0.9720521257718283,CRITICAL
3764,0.020670036941938315,0.007277837286233385,0.9720521257718283,CRITICAL
3765,0.020670036941938315,0.007277837286233385,0.9720521257718283,CRITICAL
3766,0.020670036941938315,0.007277837286233385,0.9720521257718283,CRITICAL
3767,0.020670036941938315,0.007277837286233385,0.9720521257718283,CRITICAL
3768,0.020670036941938315,0.007277837286233385,0.9720521257718283,CRITICAL
3769,0.02067740388691515,0.0072778668193546016,0.9720447292937302,CRITICAL
3770,0.02067740388691515,0.0072778668193546016,0.9720447292937302,CRITICAL
3771,0.020670036941938315,0.007277837286233385,0.9720521257718283,CRITICAL
3772,0.020670036941938315,0.007277837286233385,0.9720521257718283,CRITICAL
3773,0.020670036941938315,0.007277837286233385,0.9720521257718283,CRITICAL
3774,0.020670036941938315,0.007277837286233385,0.9720521257718283,CRITICAL
3775,0.02067740388691515,0.0072778668193546016,0.9720447292937302,CRITICAL
3776,0.020670036941938315,0.007277837286233385,0.9720521257718283,CRITICAL
3777,0.020670036941938315,0.007277837286233385,0.9720521257718283,CRITICAL
3778,0.020670036941938315,0.007277837286233385,0.9720521257718283,CRITICAL
3779,0.02067740388691515,0.0072778668193546016,0.9720447292937302,CRITICAL
3780,0.02930073821122419,0.008723080610006505,0.9619761811787694,CRITICAL
3781,0.028362115572018714,0.00871643256314321,0.962921451864838,CRITICAL
3782,0.028686805034748096,0.008718737305344075,0.9625944576599078,CRITICAL
3783,0.03735403462274864,0.00877839672040998,0.9538675686568414,CRITICAL
3784,0.028431978947410542,0.008716928927446806,0.9628510921251426,CRITICAL
3785,0.028686805034748096,0.008718737305344075,0.9625944576599078,CRITICAL
3786,0.033431496350947686,0.008751826207202006,0.9578166774418503,CRITICAL
3787,0.032698055737645226,0.008746781283398668,0.9585551629789562,CRITICAL
3788,0.028686805034748096,0.008718737305344075,0.9625944576599078,CRITICAL
3789,0.03725354170108334,0.00877772439407526,0.9539687339048415,CRITICAL
3790,0.028588269729653233,0.008718038439234839,0.962693691831112,CRITICAL
3791,0.028926312755188945,0.008720433974552879,0.9623532532702582,CRITICAL
3792,0.028686805034748096,0.008718737305344075,0.9625944576599078,CRITICAL
3793,0.028686805034748096,0.008718737305344075,0.9625944576599078,CRITICAL
3794,0.028686805034748096,0.008718737305344075,0.9625944576599078,CRITICAL
3795,0.028686805034748096,0.008718737305344075,0.9625944576599078,CRITICAL
3796,0.028686805034748096,0.008718737305344075,0.9625944576599078,CRITICAL
3797,0.030043570744327685,0.008728310652057028,0.9612281186036153,CRITICAL
3798,0.9859791409469767,0.008500740869144683,0.005520118183878616,NORMAL
3799,0.9859791409469767,0.008500740869144683,0.005520118183878616,NORMAL
3800,0.9859791409469767,0.008500740869144683,0.005520118183878616,NORMAL
3801,0.9859791409469767,0.008500740869144683,0.005520118183878616,NORMAL
3802,0.9859791409469767,0.008500740869144683,0.005520118183878616,NORMAL
3803,0.9859791409469767,0.008500740869144683,0.005520118183878616,NORMAL
3804,0.9859791409469767,0.008500740869144683,0.005520118183878616,NORMAL
3805,0.9859791409469767,0.008500740869144683,0.005520118183878616,NORMAL
3806,0.9859791409469767,0.008500740869144683,0.005520118183878616,NORMAL
3807,0.9859791409469767,0.008500740869144683,0.005520118183878616,NORMAL
3808,0.9859791409469767,0.008500740869144683,0.005520118183878616,NORMAL
3809,0.9859791409469767,0.008500740869144683,0.005520118183878616,NORMAL
3810,0.9859791409469767,0.008500740869144683,0.005520118183878616,NORMAL
3811,0.9859791409469767,0.008500740869144683,0.005520118183878616,NORMAL
3812,0.9859791409469767,0.008500740869144683,0.005520118183878616,NORMAL
3813,0.9859791409469767,0.008500740869144683,0.005520118183878616,NORMAL
3814,0.9859791409469767,0.008500740869144683,0.005520118183878616,NORMAL
3815,0.9859791409469767,0.008500740869144683,0.005520118183878616,NORMAL
3816,0.9859791409469767,0.008500740869144683,0.005520118183878616,NORMAL
3817,0.9858633932592533,0.008616474684602363,0.005520132056144249,NORMAL
3818,0.9856835871427867,0.00879625696588143,0.005520155891331753,NORMAL
3819,0.9856053912687713,0.008874441617487154,0.005520167113741337,NORMAL
3820,0.9250763144785451,0.0693307408422206,0.005592944679234383,WARNING
3821,0.40108728312688824,0.5925846922459602,0.006328024627151621,CRITICAL
3822,0.029123228678667127,0.9651440808768729,0.005732690444460031,WARNING
3823,0.029123228678667127,0.9651440808768729,0.005732690444460031,WARNING
3824,0.028637901943788763,0.9656319896857516,0.005730108370459758,WARNING
3825,0.9859791409469767,0.008500740869144683,0.005520118183878616,NORMAL
3826,0.9859791409469767,0.008500740869144683,0.005520118183878616,NORMAL
3827,0.9858633932592533,0.008616474684602363,0.005520132056144249,NORMAL
3828,0.9851490654665568,0.009330691813863019,0.005520242719580018,NORMAL
3829,0.7481947726606232,0.24586839853007542,0.005936828809301429,WARNING
3830,0.358557080731581,0.6351119266721074,0.006330992596311654,CRITICAL
3831,0.02961668884943991,0.9646480106370174,0.005735300513542738,WARNING
3832,0.029123228678667127,0.9651440808768729,0.005732690444460031,WARNING
3833,0.028637901943788763,0.9656319896857516,0.005730108370459758,WARNING
3834,0.03818500318985883,0.0059941422266835825,0.9558208545834576,CRITICAL
3835,0.038191475530817975,0.005994152028595305,0.9558143724405868,CRITICAL
3836,0.03821525087137532,0.005994188029792427,0.9557905610988322,CRITICAL
3837,0.03821525087137532,0.005994188029792427,0.9557905610988322,CRITICAL
3838,0.03821525087137532,0.005994188029792427,0.9557905610988322,CRITICAL
3839,0.03821525087137532,0.005994188029792427,0.9557905610988322,CRITICAL
3840,0.03821525087137532,0.005994188029792427,0.9557905610988322,CRITICAL
3841,0.03821525087137532,0.005994188029792427,0.9557905610988322,CRITICAL
3842,0.03821525087137532,0.005994188029792427,0.9557905610988322,CRITICAL
3843,0.03818500318985883,0.0059941422266835825,0.9558208545834576,CRITICAL
3844,0.038191475530817975,0.005994152028595305,0.9558143724405868,CRITICAL
3845,0.15190623739948209,0.0061436828286768495,0.841950079771841,CRITICAL
3846,0.044932148381212546,0.006086698378972589,0.9489811532398149,CRITICAL
3847,0.03823629933781729,0.006072115120159978,0.9556915855420227,CRITICAL
3848,0.03821525087137532,0.005994188029792427,0.9557905610988322,CRITICAL
3849,0.03821525087137532,0.005994188029792427,0.9557905610988322,CRITICAL
3850,0.03889107530745519,0.0059952081690316135,0.9551137165235132,CRITICAL
3851,0.03821525087137532,0.005994188029792427,0.9557905610988322,CRITICAL
3852,0.9861457749806429,0.0072039971467352795,0.00665022787262171,NORMAL
3853,0.9861457749806429,0.0072039971467352795,0.00665022787262171,NORMAL
3854,0.986146006892555,0.007203765873184561,0.006650227234260418,NORMAL
3855,0.9858166723048457,0.0075321830063952554,0.006651144688759115,NORMAL
3856,0.9860044675923867,0.007344913539847707,0.006650618867765658,NORMAL
3857,0.9854362927115206,0.007911476498566009,0.006652230789913406,NORMAL
3858,0.9845240929930467,0.008820963114800287,0.006654943892153123,NORMAL
3859,0.9861457749806429,0.0072039971467352795,0.00665022787262171,NORMAL
3860,0.9859303564604128,0.007418817999953628,0.006650825539633648,NORMAL
3861,0.9861457749806429,0.0072039971467352795,0.00665022787262171,NORMAL
3862,0.9861457749806429,0.0072039971467352795,0.00665022787262171,NORMAL
3863,0.9861457749806429,0.0072039971467352795,0.00665022787262171,NORMAL
3864,0.9861457749806429,0.0072039971467352795,0.00665022787262171,NORMAL
3865,0.9861457749806429,0.0072039971467352795,0.00665022787262171,NORMAL
3866,0.9860044675923867,0.007344913539847707,0.006650618867765658,NORMAL
3867,0.9856659989666285,0.007682429451330267,0.006651571582041252,NORMAL
3868,0.9845470891329232,0.00879803716534086,0.006654873701735848,NORMAL
3869,0.9860436525438188,0.0073058374173564635,0.006650510038824813,NORMAL
3870,0.04952470235066989,0.26686231960867135,0.6836129780406587,CRITICAL
3871,0.05481955993847461,0.4587012280281475,0.4864792120333779,CRITICAL
3872,0.04568156099776377,0.20379849583094367,0.7505199431712926,CRITICAL
3873,0.051203568724230875,0.35877055820933623,0.5900258730664328,CRITICAL
3874,0.05179862373256629,0.38974501923356997,0.5584563570338638,CRITICAL
3875,0.048822334699756734,0.1589928372323942,0.7921848280678492,CRITICAL
3876,0.03189436171871135,0.023360899417827288,0.9447447388634613,CRITICAL
3877,0.047664802490593745,0.1985429235382857,0.7537922739711206,CRITICAL
3878,0.04067202445997234,0.016680240032479584,0.9426477355075481,CRITICAL
3879,0.05066679800451264,0.6641443777227127,0.2851888242727746,CRITICAL
3880,0.05509592287358973,0.44844027639237455,0.49646380073403557,CRITICAL
3881,0.07372817802912786,0.4351528411275158,0.49111898084335637,CRITICAL
3882,0.08525148017449781,0.3245229404456403,0.590225579379862,CRITICAL
3883,0.04568156099776377,0.20379849583094367,0.7505199431712926,CRITICAL
3884,0.051203568724230875,0.35877055820933623,0.5900258730664328,CRITICAL
3885,0.04603692572659943,0.2107979258721916,0.7431651484012088,CRITICAL
3886,0.033526882573881756,0.02296471777835733,0.9435083996477609,CRITICAL
3887,0.029089576473407583,0.01392790322326089,0.9569825203033315,CRITICAL
3888,0.020813666161164854,0.007278088776767038,0.9719082450620682,CRITICAL
3889,0.020813666161164854,0.007278088776767038,0.9719082450620682,CRITICAL
3890,0.020813666161164854,0.007278088776767038,0.9719082450620682,CRITICAL
3891,0.021387962257290897,0.007280384236295902,0.9713316535064133,CRITICAL
3892,0.021977919035163752,0.0072827334212694295,0.9707393475435668,CRITICAL
3893,0.020813666161164854,0.007278088776767038,0.9719082450620682,CRITICAL
3894,0.02063734591884287,0.007277382294060635,0.9720852717870965,CRITICAL
3895,0.020813666161164854,0.007278088776767038,0.9719082450620682,CRITICAL
3896,0.020813666161164854,0.007278088776767038,0.9719082450620682,CRITICAL
3897,0.020813666161164854,0.007278088776767038,0.9719082450620682,CRITICAL
3898,0.020813666161164854,0.007278088776767038,0.9719082450620682,CRITICAL
3899,0.020813666161164854,0.007278088776767038,0.9719082450620682,CRITICAL
3900,0.020813666161164854,0.007278088776767038,0.9719082450620682,CRITICAL
3901,0.020813666161164854,0.007278088776767038,0.9719082450620682,CRITICAL
3902,0.020813666161164854,0.007278088776767038,0.9719082450620682,CRITICAL
3903,0.020813666161164854,0.007278088776767038,0.9719082450620682,CRITICAL
3904,0.020813666161164854,0.007278088776767038,0.9719082450620682,CRITICAL
3905,0.020813666161164854,0.007278088776767038,0.9719082450620682,CRITICAL
3906,0.021066710885248943,0.00728498870634555,0.9716483004084054,CRITICAL
3907,0.020670036941938315,0.007277837286233385,0.9720521257718283,CRITICAL
3908,0.02078288143090296,0.007278289508259419,0.9719388290608376,CRITICAL
3909,0.020670036941938315,0.007277837286233385,0.9720521257718283,CRITICAL
3910,0.020670036941938315,0.007277837286233385,0.9720521257718283,CRITICAL
3911,0.020670036941938315,0.007277837286233385,0.9720521257718283,CRITICAL
3912,0.020670036941938315,0.007277837286233385,0.9720521257718283,CRITICAL
3913,0.02067740388691515,0.0072778668193546016,0.9720447292937302,CRITICAL
3914,0.020670036941938315,0.007277837286233385,0.9720521257718283,CRITICAL
3915,0.021181699652419547,0.007285449683138403,0.9715328506644421,CRITICAL
3916,0.02067740388691515,0.0072778668193546016,0.9720447292937302,CRITICAL
3917,0.020670036941938315,0.007277837286233385,0.9720521257718283,CRITICAL
3918,0.020670036941938315,0.007277837286233385,0.9720521257718283,CRITICAL
3919,0.020670036941938315,0.007277837286233385,0.9720521257718283,CRITICAL
3920,0.020670036941938315,0.007277837286233385,0.9720521257718283,CRITICAL
3921,0.020670036941938315,0.007277837286233385,0.9720521257718283,CRITICAL
3922,0.020670036941938315,0.007277837286233385,0.9720521257718283,CRITICAL
3923,0.020670036941938315,0.007277837286233385,0.9720521257718283,CRITICAL
3924,0.02067740388691515,0.0072778668193546016,0.9720447292937302,CRITICAL
3925,0.02067740388691515,0.0072778668193546016,0.9720447292937302,CRITICAL
3926,0.020670036941938315,0.007277837286233385,0.9720521257718283,CRITICAL
3927,0.02067740388691515,0.0072778668193546016,0.9720447292937302,CRITICAL
3928,0.020670036941938315,0.007277837286233385,0.9720521257718283,CRITICAL
3929,0.020670036941938315,0.007277837286233385,0.9720521257718283,CRITICAL
3930,0.020670036941938315,0.007277837286233385,0.9720521257718283,CRITICAL
3931,0.020670036941938315,0.007277837286233385,0.9720521257718283,CRITICAL
3932,0.020670036941938315,0.007277837286233385,0.9720521257718283,CRITICAL
3933,0.020670036941938315,0.007277837286233385,0.9720521257718283,CRITICAL
3934,0.020670036941938315,0.007277837286233385,0.9720521257718283,CRITICAL
3935,0.02067740388691515,0.0072778668193546016,0.9720447292937302,CRITICAL
3936,0.020670036941938315,0.007277837286233385,0.9720521257718283,CRITICAL
3937,0.020670036941938315,0.007277837286233385,0.9720521257718283,CRITICAL
3938,0.020670036941938315,0.007277837286233385,0.9720521257718283,CRITICAL
3939,0.020670036941938315,0.007277837286233385,0.9720521257718283,CRITICAL
3940,0.020670036941938315,0.007277837286233385,0.9720521257718283,CRITICAL
3941,0.020670036941938315,0.007277837286233385,0.9720521257718283,CRITICAL
3942,0.8507214938579721,0.14298699513839438,0.006291511003633446,WARNING
3943,0.9236120366912192,0.07020319698189294,0.006184766326887916,WARNING
3944,0.9669477463833381,0.0059143519334443825,0.027137901683217405,CRITICAL
3945,0.38834471464544035,0.006178004363081025,0.6054772809914786,CRITICAL
3946,0.7726219669072538,0.006037642351644459,0.22134039074110173,CRITICAL
3947,0.9778031228326516,0.005913455401836735,0.016283421765511674,CRITICAL
3948,0.9061577291268834,0.005957617845330669,0.08788465302778584,CRITICAL
3949,0.8852222316909181,0.005963757345921164,0.10881401096316076,CRITICAL
3950,0.9517804528067934,0.005917784442609062,0.04230176275059761,CRITICAL
3951,0.8545356619649421,0.13917859900890694,0.006285739026150952,WARNING
3952,0.9314283344876939,0.06239729245635404,0.006174373055952039,WARNING
3953,0.8485273213602429,0.005973082633536712,0.14549959600622042,CRITICAL
3954,0.9856525191374568,0.00591416170420242,0.008433319158340835,CRITICAL
3955,0.9876981097304575,0.005914647451088431,0.006387242818454154,NORMAL
3956,0.9828015407959344,0.005913724224819548,0.011284734979246158,CRITICAL
3957,0.9868399116501503,0.005914423355949342,0.0072456649939003455,CRITICAL
3958,0.20007444550115192,0.006138239992829841,0.7937873145060182,CRITICAL
3959,0.7868725378874541,0.006017156342217747,0.20711030577032805,CRITICAL
3960,0.028723162374481522,0.00871899504704085,0.9625578425784777,CRITICAL
3961,0.028822158008774218,0.008719696500175796,0.96245814549105,CRITICAL
3962,0.028822158008774218,0.008719696500175796,0.96245814549105,CRITICAL
3963,0.028744543217540882,0.008719146587222244,0.9625363101952369,CRITICAL
3964,0.028822158008774218,0.008719696500175796,0.96245814549105,CRITICAL
3965,0.028883064743312585,0.008720127820703786,0.9623968074359837,CRITICAL
3966,0.028822158008774218,0.008719696500175796,0.96245814549105,CRITICAL
3967,0.028822158008774218,0.008719696500175796,0.96245814549105,CRITICAL
3968,0.028822158008774218,0.008719696500175796,0.96245814549105,CRITICAL
3969,0.028822158008774218,0.008719696500175796,0.96245814549105,CRITICAL
3970,0.028822158008774218,0.008719696500175796,0.96245814549105,CRITICAL
3971,0.028822158008774218,0.008719696500175796,0.96245814549105,CRITICAL
3972,0.02833047268375275,0.008716207665191785,0.9629533196510555,CRITICAL
3973,0.028822158008774218,0.008719696500175796,0.96245814549105,CRITICAL
3974,0.028400258869497017,0.008716703593971078,0.9628830375365319,CRITICAL
3975,0.028822158008774218,0.008719696500175796,0.96245814549105,CRITICAL
3976,0.028822158008774218,0.008719696500175796,0.96245814549105,CRITICAL
3977,0.0315390420735448,0.00873875792506793,0.9597222000013873,CRITICAL
3978,0.02262467209041689,0.00729120546997197,0.9700841224396111,CRITICAL
3979,0.022491152106643236,0.0072906751001072185,0.9702181727932495,CRITICAL
3980,0.020670036941938315,0.007277837286233385,0.9720521257718283,CRITICAL
3981,0.02067740388691515,0.0072778668193546016,0.9720447292937302,CRITICAL
3982,0.020670036941938315,0.007277837286233385,0.9720521257718283,CRITICAL
3983,0.02067740388691515,0.0072778668193546016,0.9720447292937302,CRITICAL
3984,0.020670036941938315,0.007277837286233385,0.9720521257718283,CRITICAL
3985,0.020670036941938315,0.007277837286233385,0.9720521257718283,CRITICAL
3986,0.020670036941938315,0.007277837286233385,0.9720521257718283,CRITICAL
3987,0.022698032517407894,0.007458880384998731,0.9698430870975934,CRITICAL
3988,0.022491152106643236,0.0072906751001072185,0.9702181727932495,CRITICAL
3989,0.02078288143090296,0.007278289508259419,0.9719388290608376,CRITICAL
3990,0.020670036941938315,0.007277837286233385,0.9720521257718283,CRITICAL
3991,0.021198466353275616,0.00727995207808868,0.9715215815686358,CRITICAL
3992,0.020670036941938315,0.007277837286233385,0.9720521257718283,CRITICAL
3993,0.02078288143090296,0.007278289508259419,0.9719388290608376,CRITICAL
3994,0.020670036941938315,0.007277837286233385,0.9720521257718283,CRITICAL
3995,0.020670036941938315,0.007277837286233385,0.9720521257718283,CRITICAL
3996,0.1168523209223519,0.8770925636352229,0.006055115442425235,WARNING
3997,0.029668342591872378,0.015327167859280276,0.9550044895488473,CRITICAL
3998,0.028679504892280203,0.0087186855456504,0.9626018095620694,CRITICAL
3999,0.028400258869497017,0.008716703593971078,0.9628830375365319,CRITICAL
4000,0.028556376989298308,0.008717812132899336,0.9627258108778023,CRITICAL
4001,0.028654803450122036,0.00871851038668465,0.9626266861631934,CRITICAL
4002,0.028556376989298308,0.008717812132899336,0.9627258108778023,CRITICAL
4003,0.028654803450122036,0.00871851038668465,0.9626266861631934,CRITICAL
4004,0.028669290352197938,0.008718613117669588,0.9626120965301325,CRITICAL
4005,0.1168523209223519,0.8770925636352229,0.006055115442425235,WARNING
4006,0.02982351904159031,0.014854195328979369,0.9553222856294303,CRITICAL
4007,0.028654803450122036,0.00871851038668465,0.9626266861631934,CRITICAL
4008,0.028654803450122036,0.00871851038668465,0.9626266861631934,CRITICAL
4009,0.028654803450122036,0.00871851038668465,0.9626266861631934,CRITICAL
4010,0.028556376989298308,0.008717812132899336,0.9627258108778023,CRITICAL
4011,0.028354897253785358,0.008716381264335262,0.9629287214818794,CRITICAL
4012,0.028669290352197938,0.008718613117669588,0.9626120965301325,CRITICAL
4013,0.029338584021126483,0.008723347733045774,0.9619380682458277,CRITICAL
4014,0.7259981815948147,0.26589624404141105,0.008105574363774303,NORMAL
4015,0.05346241054134231,0.938994423107673,0.007543166350984612,WARNING
4016,0.02308918295197495,0.9671144423896806,0.009796374658344447,WARNING
4017,0.024373721108459232,0.9651385802550965,0.010487698636444241,WARNING
4018,0.02195790342253157,0.9691484611214705,0.008893635455997986,WARNING
4019,0.030564333889452896,0.9385834837917669,0.030852182318780123,WARNING
4020,0.022706347529872075,0.9636053076111958,0.013688344858932147,WARNING
4021,0.027653043548259405,0.9547300287629586,0.017616927688781966,WARNING
4022,0.022765975336234492,0.963138467586824,0.014095557076941429,WARNING
4023,0.7407859502728872,0.25117201252278,0.008042037204332785,NORMAL
4024,0.05546877101784702,0.9370869422285611,0.007444286753591673,WARNING
4025,0.022707045458336933,0.9665285075627323,0.010764446978930696,WARNING
4026,0.022286876079001615,0.9667845937833778,0.010928530137620664,WARNING
4027,0.022427438436403335,0.9684814577506444,0.009091103812952186,WARNING
4028,0.029677723291295158,0.9451767970711782,0.025145479637526644,WARNING
4029,0.022814938759261463,0.962752353581976,0.014432707658762497,WARNING
4030,0.02460145639331701,0.9599579239865627,0.015440619620120319,WARNING
4031,0.023589277776303763,0.960536569464197,0.0158741527594992,WARNING
4032,0.9861457749806429,0.0072039971467352795,0.00665022787262171,NORMAL
4033,0.9861457749806429,0.0072039971467352795,0.00665022787262171,NORMAL
4034,0.9861457749806429,0.0072039971467352795,0.00665022787262171,NORMAL
4035,0.9860044675923867,0.007344913539847707,0.006650618867765658,NORMAL
4036,0.9848021586100514,0.008543740148056358,0.006654101241892233,NORMAL
4037,0.983703492765677,0.009639001508867243,0.006657505725455793,NORMAL
4038,0.9608189177526808,0.032425745581263356,0.006755336666055773,NORMAL
4039,0.03891030498485335,0.9538209939365994,0.0072687010785473264,WARNING
4040,0.022285941019910254,0.9706559498657186,0.007058109114371174,WARNING
4041,0.9861457749806429,0.0072039971467352795,0.00665022787262171,NORMAL
4042,0.9861457749806429,0.0072039971467352795,0.00665022787262171,NORMAL
4043,0.9861457749806429,0.0072039971467352795,0.00665022787262171,NORMAL
4044,0.9860436525438188,0.0073058374173564635,0.006650510038824813,NORMAL
4045,0.9860044675923867,0.007344913539847707,0.006650618867765658,NORMAL
4046,0.9811598705106349,0.012174048014452097,0.006666081474913061,NORMAL
4047,0.9757920333647948,0.017521297328100694,0.006686669307104402,NORMAL
4048,0.06991825098677917,0.9225038871621829,0.007577861851037932,WARNING
4049,0.022285941019910254,0.9706559498657186,0.007058109114371174,WARNING
4050,0.03818015277167308,0.005994134880686553,0.9558257123476404,CRITICAL
4051,0.038206164037658856,0.00599417427119928,0.9557996616911418,CRITICAL
4052,0.03818015277167308,0.005994134880686553,0.9558257123476404,CRITICAL
4053,0.03818015277167308,0.005994134880686553,0.9558257123476404,CRITICAL
4054,0.03818015277167308,0.005994134880686553,0.9558257123476404,CRITICAL
4055,0.03818015277167308,0.005994134880686553,0.9558257123476404,CRITICAL
4056,0.038206164037658856,0.00599417427119928,0.9557996616911418,CRITICAL
4057,0.038206164037658856,0.00599417427119928,0.9557996616911418,CRITICAL
4058,0.03818015277167308,0.005994134880686553,0.9558257123476404,CRITICAL
4059,0.03818015277167308,0.005994134880686553,0.9558257123476404,CRITICAL
4060,0.038206164037658856,0.00599417427119928,0.9557996616911418,CRITICAL
4061,0.038206164037658856,0.00599417427119928,0.9557996616911418,CRITICAL
4062,0.03818015277167308,0.005994134880686553,0.9558257123476404,CRITICAL
4063,0.03821568409328277,0.005994188685715982,0.9557901272210012,CRITICAL
4064,0.038206164037658856,0.00599417427119928,0.9557996616911418,CRITICAL
4065,0.03818015277167308,0.005994134880686553,0.9558257123476404,CRITICAL
4066,0.03818015277167308,0.005994134880686553,0.9558257123476404,CRITICAL
4067,0.03818015277167308,0.005994134880686553,0.9558257123476404,CRITICAL
4068,0.601087430850187,0.3621874935019312,0.03672507564788174,CRITICAL
4069,0.03231819118520154,0.00874415859747474,0.9589376502173237,CRITICAL
4070,0.02927666796247546,0.00872291068029232,0.9620004213572323,CRITICAL
4071,0.02842205962849466,0.008716858467984435,0.9628610819035209,CRITICAL
4072,0.03021659788168675,0.008729524967447663,0.9610538771508655,CRITICAL
4073,0.03026391978744259,0.00900493176086785,0.9607311484516896,CRITICAL
4074,0.03021659788168675,0.008729524967447663,0.9610538771508655,CRITICAL
4075,0.03021659788168675,0.008729524967447663,0.9610538771508655,CRITICAL
4076,0.03021659788168675,0.008729524967447663,0.9610538771508655,CRITICAL
4077,0.38160569115969195,0.15251731501853444,0.4658769938217736,CRITICAL
4078,0.037285551816304816,0.008777938597702598,0.9539365095859925,CRITICAL
4079,0.03052837638718155,0.008731709350460321,0.9607399142623582,CRITICAL
4080,0.028362115572018714,0.00871643256314321,0.962921451864838,CRITICAL
4081,0.03021659788168675,0.008729524967447663,0.9610538771508655,CRITICAL
4082,0.030487691625494955,0.009006649737772283,0.9605056586367328,CRITICAL
4083,0.03021659788168675,0.008729524967447663,0.9610538771508655,CRITICAL
4084,0.030439663841614135,0.008731088295280132,0.9608292478631058,CRITICAL
4085,0.03021659788168675,0.008729524967447663,0.9610538771508655,CRITICAL
4086,0.038186624317411696,0.005994144681822569,0.9558192310007658,CRITICAL
4087,0.878880594888471,0.06137387101605661,0.05974553409547231,CRITICAL
4088,0.03818015277167308,0.005994134880686553,0.9558257123476404,CRITICAL
4089,0.03818015277167308,0.005994134880686553,0.9558257123476404,CRITICAL
4090,0.03821568409328277,0.005994188685715982,0.9557901272210012,CRITICAL
4091,0.03821525087137532,0.005994188029792427,0.9557905610988322,CRITICAL
4092,0.16709267380587586,0.4253742709321676,0.40753305526195654,CRITICAL
4093,0.03821525087137532,0.005994188029792427,0.9557905610988322,CRITICAL
4094,0.039233451560842195,0.00599967717243689,0.9547668712667209,CRITICAL
4095,0.038206164037658856,0.00599417427119928,0.9557996616911418,CRITICAL
4096,0.03818015277167308,0.005994134880686553,0.9558257123476404,CRITICAL
4097,0.877504212860193,0.06252957174426531,0.05996621539554179,CRITICAL
4098,0.6769681740813949,0.23408040556403684,0.08895142035456835,CRITICAL
4099,0.926390907234542,0.04748090154655554,0.026128191218902547,CRITICAL
4100,0.03821525087137532,0.005994188029792427,0.9557905610988322,CRITICAL
4101,0.16709267380587586,0.4253742709321676,0.40753305526195654,CRITICAL
4102,0.050520251587555104,0.006041774670004002,0.943437973742441,CRITICAL
4103,0.1674759831267756,0.4255201112160426,0.4070039056571818,CRITICAL
4104,0.9859791409469767,0.008500740869144683,0.005520118183878616,NORMAL
4105,0.9859791409469767,0.008500740869144683,0.005520118183878616,NORMAL
4106,0.9859791409469767,0.008500740869144683,0.005520118183878616,NORMAL
4107,0.9859791409469767,0.008500740869144683,0.005520118183878616,NORMAL
4108,0.9859791409469767,0.008500740869144683,0.005520118183878616,NORMAL
4109,0.9859791409469767,0.008500740869144683,0.005520118183878616,NORMAL
4110,0.9859791409469767,0.008500740869144683,0.005520118183878616,NORMAL
4111,0.9859791409469767,0.008500740869144683,0.005520118183878616,NORMAL
4112,0.9859791409469767,0.008500740869144683,0.005520118183878616,NORMAL
4113,0.9859791409469767,0.008500740869144683,0.005520118183878616,NORMAL
4114,0.9859791409469767,0.008500740869144683,0.005520118183878616,NORMAL
4115,0.9859791409469767,0.008500740869144683,0.005520118183878616,NORMAL
4116,0.9859791409469767,0.008500740869144683,0.005520118183878616,NORMAL
4117,0.9859791409469767,0.008500740869144683,0.005520118183878616,NORMAL
4118,0.9859791409469767,0.008500740869144683,0.005520118183878616,NORMAL
4119,0.9859791409469767,0.008500740869144683,0.005520118183878616,NORMAL
4120,0.9859791409469767,0.008500740869144683,0.005520118183878616,NORMAL
4121,0.9859791409469767,0.008500740869144683,0.005520118183878616,NORMAL
4122,0.028965103130362314,0.00872070849244423,0.9623141883771935,CRITICAL
4123,0.02833047268375275,0.008716207665191785,0.9629533196510555,CRITICAL
4124,0.02833047268375275,0.008716207665191785,0.9629533196510555,CRITICAL
4125,0.028328018036113747,0.008716190216945557,0.9629557917469408,CRITICAL
4126,0.02833047268375275,0.008716207665191785,0.9629533196510555,CRITICAL
4127,0.02835244051036788,0.008716363804258338,0.9629311956853738,CRITICAL
4128,0.02914546586294025,0.008721983917598857,0.9621325502194609,CRITICAL
4129,0.028931787503411528,0.008720472723717617,0.9623477397728709,CRITICAL
4130,0.028931787503411528,0.008720472723717617,0.9623477397728709,CRITICAL
4131,0.02833047268375275,0.008716207665191785,0.9629533196510555,CRITICAL
4132,0.02833047268375275,0.008716207665191785,0.9629533196510555,CRITICAL
4133,0.02833047268375275,0.008716207665191785,0.9629533196510555,CRITICAL
4134,0.028390350509795926,0.008716633196320793,0.9628930162938832,CRITICAL
4135,0.02833047268375275,0.008716207665191785,0.9629533196510555,CRITICAL
4136,0.02899006938920739,0.008720885137536327,0.9622890454732563,CRITICAL
4137,0.028931787503411528,0.008720472723717617,0.9623477397728709,CRITICAL
4138,0.028931787503411528,0.008720472723717617,0.9623477397728709,CRITICAL
4139,0.028931787503411528,0.008720472723717617,0.9623477397728709,CRITICAL
4140,0.02899006938920739,0.008720885137536327,0.9622890454732563,CRITICAL
4141,0.02830886880946178,0.00871605408890101,0.9629750771016372,CRITICAL
4142,0.02830886880946178,0.00871605408890101,0.9629750771016372,CRITICAL
4143,0.02830886880946178,0.00871605408890101,0.9629750771016372,CRITICAL
4144,0.02830886880946178,0.00871605408890101,0.9629750771016372,CRITICAL
4145,0.02830886880946178,0.00871605408890101,0.9629750771016372,CRITICAL
4146,0.02830886880946178,0.00871605408890101,0.9629750771016372,CRITICAL
4147,0.02830886880946178,0.00871605408890101,0.9629750771016372,CRITICAL
4148,0.02830886880946178,0.00871605408890101,0.9629750771016372,CRITICAL
4149,0.02899006938920739,0.008720885137536327,0.9622890454732563,CRITICAL
4150,0.02830886880946178,0.00871605408890101,0.9629750771016372,CRITICAL
4151,0.028517991667209378,0.008717539687536333,0.9627644686452543,CRITICAL
4152,0.02830886880946178,0.00871605408890101,0.9629750771016372,CRITICAL
4153,0.02830886880946178,0.00871605408890101,0.9629750771016372,CRITICAL
4154,0.02830886880946178,0.00871605408890101,0.9629750771016372,CRITICAL
4155,0.028517991667209378,0.008717539687536333,0.9627644686452543,CRITICAL
4156,0.02830886880946178,0.00871605408890101,0.9629750771016372,CRITICAL
4157,0.02830886880946178,0.00871605408890101,0.9629750771016372,CRITICAL
4158,0.028354897253785358,0.008716381264335262,0.9629287214818794,CRITICAL
4159,0.028354897253785358,0.008716381264335262,0.9629287214818794,CRITICAL
4160,0.028354897253785358,0.008716381264335262,0.9629287214818794,CRITICAL
4161,0.028390350509795926,0.008716633196320793,0.9628930162938832,CRITICAL
4162,0.028390350509795926,0.008716633196320793,0.9628930162938832,CRITICAL
4163,0.02830886880946178,0.00871605408890101,0.9629750771016372,CRITICAL
4164,0.02830886880946178,0.00871605408890101,0.9629750771016372,CRITICAL
4165,0.02830886880946178,0.00871605408890101,0.9629750771016372,CRITICAL
4166,0.02830886880946178,0.00871605408890101,0.9629750771016372,CRITICAL
4167,0.028354897253785358,0.008716381264335262,0.9629287214818794,CRITICAL
4168,0.028354897253785358,0.008716381264335262,0.9629287214818794,CRITICAL
4169,0.028354897253785358,0.008716381264335262,0.9629287214818794,CRITICAL
4170,0.02833047268375275,0.008716207665191785,0.9629533196510555,CRITICAL
4171,0.028390350509795926,0.008716633196320793,0.9628930162938832,CRITICAL
4172,0.02940883917553016,0.008723843417879502,0.9618673174065904,CRITICAL
4173,0.02830886880946178,0.00871605408890101,0.9629750771016372,CRITICAL
4174,0.02830886880946178,0.00871605408890101,0.9629750771016372,CRITICAL
4175,0.02830886880946178,0.00871605408890101,0.9629750771016372,CRITICAL
4176,0.02930073821122419,0.008723080610006505,0.9619761811787694,CRITICAL
4177,0.028376455937955184,0.008716534468692144,0.9629070095933526,CRITICAL
4178,0.02930073821122419,0.008723080610006505,0.9619761811787694,CRITICAL
4179,0.028362115572018714,0.00871643256314321,0.962921451864838,CRITICAL
4180,0.028362115572018714,0.00871643256314321,0.962921451864838,CRITICAL
4181,0.028362115572018714,0.00871643256314321,0.962921451864838,CRITICAL
4182,0.028362115572018714,0.00871643256314321,0.962921451864838,CRITICAL
4183,0.028362115572018714,0.00871643256314321,0.962921451864838,CRITICAL
4184,0.02833047268375275,0.008716207665191785,0.9629533196510555,CRITICAL
4185,0.031206834177684155,0.008736446461587511,0.9600567193607283,CRITICAL
4186,0.02930073821122419,0.008723080610006505,0.9619761811787694,CRITICAL
4187,0.028376455937955184,0.008716534468692144,0.9629070095933526,CRITICAL
4188,0.028362115572018714,0.00871643256314321,0.962921451864838,CRITICAL
4189,0.028362115572018714,0.00871643256314321,0.962921451864838,CRITICAL
4190,0.028362115572018714,0.00871643256314321,0.962921451864838,CRITICAL
4191,0.028362115572018714,0.00871643256314321,0.962921451864838,CRITICAL
4192,0.028373997344708794,0.008716516998175853,0.9629094856571153,CRITICAL
4193,0.02833047268375275,0.008716207665191785,0.9629533196510555,CRITICAL
4194,0.9861457749806429,0.0072039971467352795,0.00665022787262171,NORMAL
4195,0.9861457749806429,0.0072039971467352795,0.00665022787262171,NORMAL
4196,0.9861457749806429,0.0072039971467352795,0.00665022787262171,NORMAL
4197,0.9861457749806429,0.0072039971467352795,0.00665022787262171,NORMAL
4198,0.9861457749806429,0.0072039971467352795,0.00665022787262171,NORMAL
4199,0.9861457749806429,0.0072039971467352795,0.00665022787262171,NORMAL
4200,0.9861457749806429,0.0072039971467352795,0.00665022787262171,NORMAL
4201,0.9861457749806429,0.0072039971467352795,0.00665022787262171,NORMAL
4202,0.9861457749806429,0.0072039971467352795,0.00665022787262171,NORMAL
4203,0.9861457749806429,0.0072039971467352795,0.00665022787262171,NORMAL
4204,0.9861457749806429,0.0072039971467352795,0.00665022787262171,NORMAL
4205,0.9861457749806429,0.0072039971467352795,0.00665022787262171,NORMAL
4206,0.9861457749806429,0.0072039971467352795,0.00665022787262171,NORMAL
4207,0.9861457749806429,0.0072039971467352795,0.00665022787262171,NORMAL
4208,0.9861457749806429,0.0072039971467352795,0.00665022787262171,NORMAL
4209,0.9861457749806429,0.0072039971467352795,0.00665022787262171,NORMAL
4210,0.9861457749806429,0.0072039971467352795,0.00665022787262171,NORMAL
4211,0.9861457749806429,0.0072039971467352795,0.00665022787262171,NORMAL
4212,0.9859791409469767,0.008500740869144683,0.005520118183878616,NORMAL
4213,0.9859791409469767,0.008500740869144683,0.005520118183878616,NORMAL
4214,0.9859791409469767,0.008500740869144683,0.005520118183878616,NORMAL
4215,0.9859791409469767,0.008500740869144683,0.005520118183878616,NORMAL
4216,0.9859791409469767,0.008500740869144683,0.005520118183878616,NORMAL
4217,0.9859791409469767,0.008500740869144683,0.005520118183878616,NORMAL
4218,0.9859791409469767,0.008500740869144683,0.005520118183878616,NORMAL
4219,0.9859791409469767,0.008500740869144683,0.005520118183878616,NORMAL
4220,0.9859791409469767,0.008500740869144683,0.005520118183878616,NORMAL
4221,0.9859791409469767,0.008500740869144683,0.005520118183878616,NORMAL
4222,0.9859791409469767,0.008500740869144683,0.005520118183878616,NORMAL
4223,0.9859791409469767,0.008500740869144683,0.005520118183878616,NORMAL
4224,0.9859791409469767,0.008500740869144683,0.005520118183878616,NORMAL
4225,0.9859791409469767,0.008500740869144683,0.005520118183878616,NORMAL
4226,0.9859791409469767,0.008500740869144683,0.005520118183878616,NORMAL
4227,0.9859791409469767,0.008500740869144683,0.005520118183878616,NORMAL
4228,0.9859791409469767,0.008500740869144683,0.005520118183878616,NORMAL
4229,0.9859791409469767,0.008500740869144683,0.005520118183878616,NORMAL
4230,0.9879624270110484,0.005915827228695014,0.006121745760256779,NORMAL
4231,0.9879624270110484,0.005915827228695014,0.006121745760256779,NORMAL
4232,0.9879624270110484,0.005915827228695014,0.006121745760256779,NORMAL
4233,0.9879624270110484,0.005915827228695014,0.006121745760256779,NORMAL
4234,0.9879624270110484,0.005915827228695014,0.006121745760256779,NORMAL
4235,0.9879624270110484,0.005915827228695014,0.006121745760256779,NORMAL
4236,0.9879624270110484,0.005915827228695014,0.006121745760256779,NORMAL
4237,0.9879624270110484,0.005915827228695014,0.006121745760256779,NORMAL
4238,0.9879624270110484,0.005915827228695014,0.006121745760256779,NORMAL
4239,0.9879624270110484,0.005915827228695014,0.006121745760256779,NORMAL
4240,0.9879624270110484,0.005915827228695014,0.006121745760256779,NORMAL
4241,0.9879624270110484,0.005915827228695014,0.006121745760256779,NORMAL
4242,0.9879624270110484,0.005915827228695014,0.006121745760256779,NORMAL
4243,0.9879624270110484,0.005915827228695014,0.006121745760256779,NORMAL
4244,0.9879624270110484,0.005915827228695014,0.006121745760256779,NORMAL
4245,0.9879624270110484,0.005915827228695014,0.006121745760256779,NORMAL
4246,0.9879624270110484,0.005915827228695014,0.006121745760256779,NORMAL
4247,0.9879624270110484,0.005915827228695014,0.006121745760256779,NORMAL
4248,0.03818500318985883,0.0059941422266835825,0.9558208545834576,CRITICAL
4249,0.03818500318985883,0.0059941422266835825,0.9558208545834576,CRITICAL
4250,0.03818500318985883,0.0059941422266835825,0.9558208545834576,CRITICAL
4251,0.03818500318985883,0.0059941422266835825,0.9558208545834576,CRITICAL
4252,0.03818500318985883,0.0059941422266835825,0.9558208545834576,CRITICAL
4253,0.03818500318985883,0.0059941422266835825,0.9558208545834576,CRITICAL
4254,0.03818500318985883,0.0059941422266835825,0.9558208545834576,CRITICAL
4255,0.03818500318985883,0.0059941422266835825,0.9558208545834576,CRITICAL
4256,0.03818500318985883,0.0059941422266835825,0.9558208545834576,CRITICAL
4257,0.03818500318985883,0.0059941422266835825,0.9558208545834576,CRITICAL
4258,0.03818500318985883,0.0059941422266835825,0.9558208545834576,CRITICAL
4259,0.03818500318985883,0.0059941422266835825,0.9558208545834576,CRITICAL
4260,0.03818500318985883,0.0059941422266835825,0.9558208545834576,CRITICAL
4261,0.03818500318985883,0.0059941422266835825,0.9558208545834576,CRITICAL
4262,0.038191475530817975,0.005994152028595305,0.9558143724405868,CRITICAL
4263,0.03818500318985883,0.0059941422266835825,0.9558208545834576,CRITICAL
4264,0.03818500318985883,0.0059941422266835825,0.9558208545834576,CRITICAL
4265,0.03818500318985883,0.0059941422266835825,0.9558208545834576,CRITICAL
4266,0.021741096362010538,0.007308684750322432,0.970950218887667,CRITICAL
4267,0.021741096362010538,0.007308684750322432,0.970950218887667,CRITICAL
4268,0.020670036941938315,0.007277837286233385,0.9720521257718283,CRITICAL
4269,0.020670036941938315,0.007277837286233385,0.9720521257718283,CRITICAL
4270,0.026898203675842544,0.010091661604337904,0.9630101347198196,CRITICAL
4271,0.02063734591884287,0.007277382294060635,0.9720852717870965,CRITICAL
4272,0.02063734591884287,0.007277382294060635,0.9720852717870965,CRITICAL
4273,0.02063734591884287,0.007277382294060635,0.9720852717870965,CRITICAL
4274,0.02063734591884287,0.007277382294060635,0.9720852717870965,CRITICAL
4275,0.021741096362010538,0.007308684750322432,0.970950218887667,CRITICAL
4276,0.021741096362010538,0.007308684750322432,0.970950218887667,CRITICAL
4277,0.020670036941938315,0.007277837286233385,0.9720521257718283,CRITICAL
4278,0.020670036941938315,0.007277837286233385,0.9720521257718283,CRITICAL
4279,0.025017023158005833,0.007299041830353997,0.9676839350116402,CRITICAL
4280,0.02063734591884287,0.007277382294060635,0.9720852717870965,CRITICAL
4281,0.02063734591884287,0.007277382294060635,0.9720852717870965,CRITICAL
4282,0.02063734591884287,0.007277382294060635,0.9720852717870965,CRITICAL
4283,0.02063734591884287,0.007277382294060635,0.9720852717870965,CRITICAL
4284,0.9878702572153196,0.0060079888111091535,0.006121753973571201,NORMAL
4285,0.9876398392018544,0.0062383831256262205,0.006121777672519565,NORMAL
4286,0.9869629883631533,0.0069151394442294074,0.006121872192617394,NORMAL
4287,0.9862916629191266,0.007586337022529316,0.006122000058344138,NORMAL
4288,0.9860134148053714,0.00786452286430582,0.0061220623303229246,NORMAL
4289,0.9841287974874569,0.009748590179918578,0.006122612332624605,NORMAL
4290,0.9860939337384742,0.007784022490318306,0.006122043771207673,NORMAL
4291,0.9862132454089079,0.007664737515934587,0.00612201707515757,NORMAL
4292,0.9852378007978375,0.008639936524564474,0.006122262677598029,NORMAL
4293,0.9879624270110484,0.005915827228695014,0.006121745760256779,NORMAL
4294,0.987509947257615,0.006368259761654779,0.006121792980730304,NORMAL
4295,0.9866722743665179,0.0072058020621552175,0.006121923571326923,NORMAL
4296,0.9859118877502698,0.007966025901820127,0.0061220863479101145,NORMAL
4297,0.9841287974874569,0.009748590179918578,0.006122612332624605,NORMAL
4298,0.9863306068958987,0.007547401339217532,0.006121991764883858,NORMAL
4299,0.9859729167875054,0.007905011383831576,0.006122071828663104,NORMAL
4300,0.9858791759423828,0.007998729826121235,0.0061220942314960305,NORMAL
4301,0.9863306068958987,0.007547401339217532,0.006121991764883858,NORMAL
4302,0.03818015277167308,0.005994134880686553,0.9558257123476404,CRITICAL
4303,0.03818015277167308,0.005994134880686553,0.9558257123476404,CRITICAL
4304,0.03818015277167308,0.005994134880686553,0.9558257123476404,CRITICAL
4305,0.03818015277167308,0.005994134880686553,0.9558257123476404,CRITICAL
4306,0.03818015277167308,0.005994134880686553,0.9558257123476404,CRITICAL
4307,0.03818015277167308,0.005994134880686553,0.9558257123476404,CRITICAL
4308,0.03818015277167308,0.005994134880686553,0.9558257123476404,CRITICAL
4309,0.03818015277167308,0.005994134880686553,0.9558257123476404,CRITICAL
4310,0.03818015277167308,0.005994134880686553,0.9558257123476404,CRITICAL
4311,0.03818015277167308,0.005994134880686553,0.9558257123476404,CRITICAL
4312,0.03818015277167308,0.005994134880686553,0.9558257123476404,CRITICAL
4313,0.03818015277167308,0.005994134880686553,0.9558257123476404,CRITICAL
4314,0.03818015277167308,0.005994134880686553,0.9558257123476404,CRITICAL
4315,0.03818015277167308,0.005994134880686553,0.9558257123476404,CRITICAL
4316,0.038186624317411696,0.005994144681822569,0.9558192310007658,CRITICAL
4317,0.03818015277167308,0.005994134880686553,0.9558257123476404,CRITICAL
4318,0.038206164037658856,0.00599417427119928,0.9557996616911418,CRITICAL
4319,0.038206164037658856,0.00599417427119928,0.9557996616911418,CRITICAL
4320,0.9879624270110484,0.005915827228695014,0.006121745760256779,NORMAL
4321,0.9879624270110484,0.005915827228695014,0.006121745760256779,NORMAL
4322,0.9879624270110484,0.005915827228695014,0.006121745760256779,NORMAL
4323,0.9879624270110484,0.005915827228695014,0.006121745760256779,NORMAL
4324,0.9879624270110484,0.005915827228695014,0.006121745760256779,NORMAL
4325,0.9879624270110484,0.005915827228695014,0.006121745760256779,NORMAL
4326,0.9879624270110484,0.005915827228695014,0.006121745760256779,NORMAL
4327,0.9879624270110484,0.005915827228695014,0.006121745760256779,NORMAL
4328,0.9879624270110484,0.005915827228695014,0.006121745760256779,NORMAL
4329,0.98118619874367,0.012689952596483733,0.006123848659846375,NORMAL
4330,0.9879624270110484,0.005915827228695014,0.006121745760256779,NORMAL
4331,0.9879624270110484,0.005915827228695014,0.006121745760256779,NORMAL
4332,0.9879624270110484,0.005915827228695014,0.006121745760256779,NORMAL
4333,0.9879624270110484,0.005915827228695014,0.006121745760256779,NORMAL
4334,0.9879624270110484,0.005915827228695014,0.006121745760256779,NORMAL
4335,0.9879624270110484,0.005915827228695014,0.006121745760256779,NORMAL
4336,0.9879624270110484,0.005915827228695014,0.006121745760256779,NORMAL
4337,0.9879624270110484,0.005915827228695014,0.006121745760256779,NORMAL
4338,0.9859791409469767,0.008500740869144683,0.005520118183878616,NORMAL
4339,0.9859791409469767,0.008500740869144683,0.005520118183878616,NORMAL
4340,0.9859791409469767,0.008500740869144683,0.005520118183878616,NORMAL
4341,0.9859791409469767,0.008500740869144683,0.005520118183878616,NORMAL
4342,0.9859791409469767,0.008500740869144683,0.005520118183878616,NORMAL
4343,0.9859791409469767,0.008500740869144683,0.005520118183878616,NORMAL
4344,0.9859791409469767,0.008500740869144683,0.005520118183878616,NORMAL
4345,0.9859791409469767,0.008500740869144683,0.005520118183878616,NORMAL
4346,0.9859791409469767,0.008500740869144683,0.005520118183878616,NORMAL
4347,0.9859791409469767,0.008500740869144683,0.005520118183878616,NORMAL
4348,0.9859791409469767,0.008500740869144683,0.005520118183878616,NORMAL
4349,0.9859791409469767,0.008500740869144683,0.005520118183878616,NORMAL
4350,0.9859791409469767,0.008500740869144683,0.005520118183878616,NORMAL
4351,0.9859791409469767,0.008500740869144683,0.005520118183878616,NORMAL
4352,0.9859791409469767,0.008500740869144683,0.005520118183878616,NORMAL
4353,0.9859791409469767,0.008500740869144683,0.005520118183878616,NORMAL
4354,0.9859791409469767,0.008500740869144683,0.005520118183878616,NORMAL
4355,0.9859791409469767,0.008500740869144683,0.005520118183878616,NORMAL
4356,0.9861457749806429,0.0072039971467352795,0.00665022787262171,NORMAL
4357,0.9861457749806429,0.0072039971467352795,0.00665022787262171,NORMAL
4358,0.9861457749806429,0.0072039971467352795,0.00665022787262171,NORMAL
4359,0.9861457749806429,0.0072039971467352795,0.00665022787262171,NORMAL
4360,0.9861457749806429,0.0072039971467352795,0.00665022787262171,NORMAL
4361,0.9861457749806429,0.0072039971467352795,0.00665022787262171,NORMAL
4362,0.9861457749806429,0.0072039971467352795,0.00665022787262171,NORMAL
4363,0.9861457749806429,0.0072039971467352795,0.00665022787262171,NORMAL
4364,0.9861457749806429,0.0072039971467352795,0.00665022787262171,NORMAL
4365,0.9861457749806429,0.0072039971467352795,0.00665022787262171,NORMAL
4366,0.9861457749806429,0.0072039971467352795,0.00665022787262171,NORMAL
4367,0.9861457749806429,0.0072039971467352795,0.00665022787262171,NORMAL
4368,0.9861457749806429,0.0072039971467352795,0.00665022787262171,NORMAL
4369,0.9861457749806429,0.0072039971467352795,0.00665022787262171,NORMAL
4370,0.9861457749806429,0.0072039971467352795,0.00665022787262171,NORMAL
4371,0.9861457749806429,0.0072039971467352795,0.00665022787262171,NORMAL
4372,0.9861457749806429,0.0072039971467352795,0.00665022787262171,NORMAL
4373,0.9861457749806429,0.0072039971467352795,0.00665022787262171,NORMAL
4374,0.9859791409469767,0.008500740869144683,0.005520118183878616,NORMAL
4375,0.9859791409469767,0.008500740869144683,0.005520118183878616,NORMAL
4376,0.9859791409469767,0.008500740869144683,0.005520118183878616,NORMAL
4377,0.9859791409469767,0.008500740869144683,0.005520118183878616,NORMAL
4378,0.9859791409469767,0.008500740869144683,0.005520118183878616,NORMAL
4379,0.9859791409469767,0.008500740869144683,0.005520118183878616,NORMAL
4380,0.9859791409469767,0.008500740869144683,0.005520118183878616,NORMAL
4381,0.9859791409469767,0.008500740869144683,0.005520118183878616,NORMAL
4382,0.9859791409469767,0.008500740869144683,0.005520118183878616,NORMAL
4383,0.9859791409469767,0.008500740869144683,0.005520118183878616,NORMAL
4384,0.9859791409469767,0.008500740869144683,0.005520118183878616,NORMAL
4385,0.9859791409469767,0.008500740869144683,0.005520118183878616,NORMAL
4386,0.9859791409469767,0.008500740869144683,0.005520118183878616,NORMAL
4387,0.9859791409469767,0.008500740869144683,0.005520118183878616,NORMAL
4388,0.9859791409469767,0.008500740869144683,0.005520118183878616,NORMAL
4389,0.9859791409469767,0.008500740869144683,0.005520118183878616,NORMAL
4390,0.9859791409469767,0.008500740869144683,0.005520118183878616,NORMAL
4391,0.9859791409469767,0.008500740869144683,0.005520118183878616,NORMAL
4392,0.9879624270110484,0.005915827228695014,0.006121745760256779,NORMAL
4393,0.9879624270110484,0.005915827228695014,0.006121745760256779,NORMAL
4394,0.9879624270110484,0.005915827228695014,0.006121745760256779,NORMAL
4395,0.9879624270110484,0.005915827228695014,0.006121745760256779,NORMAL
4396,0.9879624270110484,0.005915827228695014,0.006121745760256779,NORMAL
4397,0.9879624270110484,0.005915827228695014,0.006121745760256779,NORMAL
4398,0.9879624270110484,0.005915827228695014,0.006121745760256779,NORMAL
4399,0.9879624270110484,0.005915827228695014,0.006121745760256779,NORMAL
4400,0.9879624270110484,0.005915827228695014,0.006121745760256779,NORMAL
4401,0.9879624270110484,0.005915827228695014,0.006121745760256779,NORMAL
4402,0.9879624270110484,0.005915827228695014,0.006121745760256779,NORMAL
4403,0.9879624270110484,0.005915827228695014,0.006121745760256779,NORMAL
4404,0.9879624270110484,0.005915827228695014,0.006121745760256779,NORMAL
4405,0.9879624270110484,0.005915827228695014,0.006121745760256779,NORMAL
4406,0.9879624270110484,0.005915827228695014,0.006121745760256779,NORMAL
4407,0.9879624270110484,0.005915827228695014,0.006121745760256779,NORMAL
4408,0.9879624270110484,0.005915827228695014,0.006121745760256779,NORMAL
4409,0.9879624270110484,0.005915827228695014,0.006121745760256779,NORMAL
4410,0.9879624270110484,0.005915827228695014,0.006121745760256779,NORMAL
4411,0.9879624270110484,0.005915827228695014,0.006121745760256779,NORMAL
4412,0.9879624270110484,0.005915827228695014,0.006121745760256779,NORMAL
4413,0.9879624270110484,0.005915827228695014,0.006121745760256779,NORMAL
4414,0.9879624270110484,0.005915827228695014,0.006121745760256779,NORMAL
4415,0.9879624270110484,0.005915827228695014,0.006121745760256779,NORMAL
4416,0.9879624270110484,0.005915827228695014,0.006121745760256779,NORMAL
4417,0.9879624270110484,0.005915827228695014,0.006121745760256779,NORMAL
4418,0.9879624270110484,0.005915827228695014,0.006121745760256779,NORMAL
4419,0.9879624270110484,0.005915827228695014,0.006121745760256779,NORMAL
4420,0.9879624270110484,0.005915827228695014,0.006121745760256779,NORMAL
4421,0.9879624270110484,0.005915827228695014,0.006121745760256779,NORMAL
4422,0.9879624270110484,0.005915827228695014,0.006121745760256779,NORMAL
4423,0.9879624270110484,0.005915827228695014,0.006121745760256779,NORMAL
4424,0.9879624270110484,0.005915827228695014,0.006121745760256779,NORMAL
4425,0.9879624270110484,0.005915827228695014,0.006121745760256779,NORMAL
4426,0.9879624270110484,0.005915827228695014,0.006121745760256779,NORMAL
4427,0.9879624270110484,0.005915827228695014,0.006121745760256779,NORMAL
4428,0.9879624270110484,0.005915827228695014,0.006121745760256779,NORMAL
4429,0.9879624270110484,0.005915827228695014,0.006121745760256779,NORMAL
4430,0.9879624270110484,0.005915827228695014,0.006121745760256779,NORMAL
4431,0.9879624270110484,0.005915827228695014,0.006121745760256779,NORMAL
4432,0.9879624270110484,0.005915827228695014,0.006121745760256779,NORMAL
4433,0.9879624270110484,0.005915827228695014,0.006121745760256779,NORMAL
4434,0.9879624270110484,0.005915827228695014,0.006121745760256779,NORMAL
4435,0.9879624270110484,0.005915827228695014,0.006121745760256779,NORMAL
4436,0.9879624270110484,0.005915827228695014,0.006121745760256779,NORMAL
4437,0.9879624270110484,0.005915827228695014,0.006121745760256779,NORMAL
4438,0.9879624270110484,0.005915827228695014,0.006121745760256779,NORMAL
4439,0.9879624270110484,0.005915827228695014,0.006121745760256779,NORMAL
4440,0.9879624270110484,0.005915827228695014,0.006121745760256779,NORMAL
4441,0.9879624270110484,0.005915827228695014,0.006121745760256779,NORMAL
4442,0.9879624270110484,0.005915827228695014,0.006121745760256779,NORMAL
4443,0.9879624270110484,0.005915827228695014,0.006121745760256779,NORMAL
4444,0.9879624270110484,0.005915827228695014,0.006121745760256779,NORMAL
4445,0.9879624270110484,0.005915827228695014,0.006121745760256779,NORMAL
4446,0.9861457749806429,0.0072039971467352795,0.00665022787262171,NORMAL
4447,0.9861457749806429,0.0072039971467352795,0.00665022787262171,NORMAL
4448,0.9861457749806429,0.0072039971467352795,0.00665022787262171,NORMAL
4449,0.9861457749806429,0.0072039971467352795,0.00665022787262171,NORMAL
4450,0.9861457749806429,0.0072039971467352795,0.00665022787262171,NORMAL
4451,0.9861457749806429,0.0072039971467352795,0.00665022787262171,NORMAL
4452,0.9861457749806429,0.0072039971467352795,0.00665022787262171,NORMAL
4453,0.9861457749806429,0.0072039971467352795,0.00665022787262171,NORMAL
4454,0.9861457749806429,0.0072039971467352795,0.00665022787262171,NORMAL
4455,0.9861457749806429,0.0072039971467352795,0.00665022787262171,NORMAL
4456,0.9861457749806429,0.0072039971467352795,0.00665022787262171,NORMAL
4457,0.9861457749806429,0.0072039971467352795,0.00665022787262171,NORMAL
4458,0.9861457749806429,0.0072039971467352795,0.00665022787262171,NORMAL
4459,0.9861457749806429,0.0072039971467352795,0.00665022787262171,NORMAL
4460,0.9861457749806429,0.0072039971467352795,0.00665022787262171,NORMAL
4461,0.9861457749806429,0.0072039971467352795,0.00665022787262171,NORMAL
4462,0.9861457749806429,0.0072039971467352795,0.00665022787262171,NORMAL
4463,0.9861457749806429,0.0072039971467352795,0.00665022787262171,NORMAL
4464,0.9879624270110484,0.005915827228695014,0.006121745760256779,NORMAL
4465,0.9879624270110484,0.005915827228695014,0.006121745760256779,NORMAL
4466,0.9879624270110484,0.005915827228695014,0.006121745760256779,NORMAL
4467,0.9879624270110484,0.005915827228695014,0.006121745760256779,NORMAL
4468,0.9879624270110484,0.005915827228695014,0.006121745760256779,NORMAL
4469,0.9879624270110484,0.005915827228695014,0.006121745760256779,NORMAL
4470,0.9879624270110484,0.005915827228695014,0.006121745760256779,NORMAL
4471,0.9879624270110484,0.005915827228695014,0.006121745760256779,NORMAL
4472,0.9879624270110484,0.005915827228695014,0.006121745760256779,NORMAL
4473,0.9879624270110484,0.005915827228695014,0.006121745760256779,NORMAL
4474,0.9879624270110484,0.005915827228695014,0.006121745760256779,NORMAL
4475,0.9879624270110484,0.005915827228695014,0.006121745760256779,NORMAL
4476,0.9879624270110484,0.005915827228695014,0.006121745760256779,NORMAL
4477,0.9879624270110484,0.005915827228695014,0.006121745760256779,NORMAL
4478,0.9879624270110484,0.005915827228695014,0.006121745760256779,NORMAL
4479,0.9879624270110484,0.005915827228695014,0.006121745760256779,NORMAL
4480,0.9879624270110484,0.005915827228695014,0.006121745760256779,NORMAL
4481,0.9879624270110484,0.005915827228695014,0.006121745760256779,NORMAL
4482,0.9859791409469767,0.008500740869144683,0.005520118183878616,NORMAL
4483,0.9859791409469767,0.008500740869144683,0.005520118183878616,NORMAL
4484,0.9859791409469767,0.008500740869144683,0.005520118183878616,NORMAL
4485,0.9859791409469767,0.008500740869144683,0.005520118183878616,NORMAL
4486,0.9859791409469767,0.008500740869144683,0.005520118183878616,NORMAL
4487,0.9859791409469767,0.008500740869144683,0.005520118183878616,NORMAL
4488,0.9859791409469767,0.008500740869144683,0.005520118183878616,NORMAL
4489,0.9859791409469767,0.008500740869144683,0.005520118183878616,NORMAL
4490,0.9859791409469767,0.008500740869144683,0.005520118183878616,NORMAL
4491,0.9859791409469767,0.008500740869144683,0.005520118183878616,NORMAL
4492,0.9859791409469767,0.008500740869144683,0.005520118183878616,NORMAL
4493,0.9859791409469767,0.008500740869144683,0.005520118183878616,NORMAL
4494,0.9859791409469767,0.008500740869144683,0.005520118183878616,NORMAL
4495,0.9859791409469767,0.008500740869144683,0.005520118183878616,NORMAL
4496,0.9859791409469767,0.008500740869144683,0.005520118183878616,NORMAL
4497,0.9859791409469767,0.008500740869144683,0.005520118183878616,NORMAL
4498,0.9859791409469767,0.008500740869144683,0.005520118183878616,NORMAL
4499,0.9859791409469767,0.008500740869144683,0.005520118183878616,NORMAL
4500,0.9859791409469767,0.008500740869144683,0.005520118183878616,NORMAL
4501,0.9859791409469767,0.008500740869144683,0.005520118183878616,NORMAL
4502,0.9859791409469767,0.008500740869144683,0.005520118183878616,NORMAL
4503,0.9859791409469767,0.008500740869144683,0.005520118183878616,NORMAL
4504,0.9859791409469767,0.008500740869144683,0.005520118183878616,NORMAL
4505,0.9859791409469767,0.008500740869144683,0.005520118183878616,NORMAL
4506,0.9859791409469767,0.008500740869144683,0.005520118183878616,NORMAL
4507,0.9859791409469767,0.008500740869144683,0.005520118183878616,NORMAL
4508,0.9859791409469767,0.008500740869144683,0.005520118183878616,NORMAL
4509,0.9859791409469767,0.008500740869144683,0.005520118183878616,NORMAL
4510,0.9859791409469767,0.008500740869144683,0.005520118183878616,NORMAL
4511,0.9859791409469767,0.008500740869144683,0.005520118183878616,NORMAL
4512,0.9859791409469767,0.008500740869144683,0.005520118183878616,NORMAL
4513,0.9859791409469767,0.008500740869144683,0.005520118183878616,NORMAL
4514,0.9859791409469767,0.008500740869144683,0.005520118183878616,NORMAL
4515,0.9859791409469767,0.008500740869144683,0.005520118183878616,NORMAL
4516,0.9859791409469767,0.008500740869144683,0.005520118183878616,NORMAL
4517,0.9859791409469767,0.008500740869144683,0.005520118183878616,NORMAL
4518,0.9859791409469767,0.008500740869144683,0.005520118183878616,NORMAL
4519,0.9859791409469767,0.008500740869144683,0.005520118183878616,NORMAL
4520,0.9859791409469767,0.008500740869144683,0.005520118183878616,NORMAL
4521,0.9859791409469767,0.008500740869144683,0.005520118183878616,NORMAL
4522,0.9859791409469767,0.008500740869144683,0.005520118183878616,NORMAL
4523,0.9859791409469767,0.008500740869144683,0.005520118183878616,NORMAL
4524,0.9859791409469767,0.008500740869144683,0.005520118183878616,NORMAL
4525,0.9859791409469767,0.008500740869144683,0.005520118183878616,NORMAL
4526,0.9859791409469767,0.008500740869144683,0.005520118183878616,NORMAL
4527,0.9859791409469767,0.008500740869144683,0.005520118183878616,NORMAL
4528,0.9859791409469767,0.008500740869144683,0.005520118183878616,NORMAL
4529,0.9859791409469767,0.008500740869144683,0.005520118183878616,NORMAL
4530,0.9859791409469767,0.008500740869144683,0.005520118183878616,NORMAL
4531,0.9859791409469767,0.008500740869144683,0.005520118183878616,NORMAL
4532,0.9859791409469767,0.008500740869144683,0.005520118183878616,NORMAL
4533,0.9859791409469767,0.008500740869144683,0.005520118183878616,NORMAL
4534,0.9859791409469767,0.008500740869144683,0.005520118183878616,NORMAL
4535,0.9859791409469767,0.008500740869144683,0.005520118183878616,NORMAL
4536,0.9861457749806429,0.0072039971467352795,0.00665022787262171,NORMAL
4537,0.9861457749806429,0.0072039971467352795,0.00665022787262171,NORMAL
4538,0.9861457749806429,0.0072039971467352795,0.00665022787262171,NORMAL
4539,0.9861457749806429,0.0072039971467352795,0.00665022787262171,NORMAL
4540,0.9861457749806429,0.0072039971467352795,0.00665022787262171,NORMAL
4541,0.9861457749806429,0.0072039971467352795,0.00665022787262171,NORMAL
4542,0.9861457749806429,0.0072039971467352795,0.00665022787262171,NORMAL
4543,0.9861457749806429,0.0072039971467352795,0.00665022787262171,NORMAL
4544,0.9861457749806429,0.0072039971467352795,0.00665022787262171,NORMAL
4545,0.9861457749806429,0.0072039971467352795,0.00665022787262171,NORMAL
4546,0.9861457749806429,0.0072039971467352795,0.00665022787262171,NORMAL
4547,0.9861457749806429,0.0072039971467352795,0.00665022787262171,NORMAL
4548,0.9861457749806429,0.0072039971467352795,0.00665022787262171,NORMAL
4549,0.9861457749806429,0.0072039971467352795,0.00665022787262171,NORMAL
4550,0.9861457749806429,0.0072039971467352795,0.00665022787262171,NORMAL
4551,0.9861457749806429,0.0072039971467352795,0.00665022787262171,NORMAL
4552,0.9861457749806429,0.0072039971467352795,0.00665022787262171,NORMAL
4553,0.9861457749806429,0.0072039971467352795,0.00665022787262171,NORMAL
4554,0.9879624270110484,0.005915827228695014,0.006121745760256779,NORMAL
4555,0.9879624270110484,0.005915827228695014,0.006121745760256779,NORMAL
4556,0.9879624270110484,0.005915827228695014,0.006121745760256779,NORMAL
4557,0.9879624270110484,0.005915827228695014,0.006121745760256779,NORMAL
4558,0.9879624270110484,0.005915827228695014,0.006121745760256779,NORMAL
4559,0.9879624270110484,0.005915827228695014,0.006121745760256779,NORMAL
4560,0.9879624270110484,0.005915827228695014,0.006121745760256779,NORMAL
4561,0.9879624270110484,0.005915827228695014,0.006121745760256779,NORMAL
4562,0.9879624270110484,0.005915827228695014,0.006121745760256779,NORMAL
4563,0.9879624270110484,0.005915827228695014,0.006121745760256779,NORMAL
4564,0.9879624270110484,0.005915827228695014,0.006121745760256779,NORMAL
4565,0.9879624270110484,0.005915827228695014,0.006121745760256779,NORMAL
4566,0.9879624270110484,0.005915827228695014,0.006121745760256779,NORMAL
4567,0.9879624270110484,0.005915827228695014,0.006121745760256779,NORMAL
4568,0.9879624270110484,0.005915827228695014,0.006121745760256779,NORMAL
4569,0.9879624270110484,0.005915827228695014,0.006121745760256779,NORMAL
4570,0.9879624270110484,0.005915827228695014,0.006121745760256779,NORMAL
4571,0.9879624270110484,0.005915827228695014,0.006121745760256779,NORMAL
4572,0.9879624270110484,0.005915827228695014,0.006121745760256779,NORMAL
4573,0.9879624270110484,0.005915827228695014,0.006121745760256779,NORMAL
4574,0.9879624270110484,0.005915827228695014,0.006121745760256779,NORMAL
4575,0.9879624270110484,0.005915827228695014,0.006121745760256779,NORMAL
4576,0.9879624270110484,0.005915827228695014,0.006121745760256779,NORMAL
4577,0.9879624270110484,0.005915827228695014,0.006121745760256779,NORMAL
4578,0.9879624270110484,0.005915827228695014,0.006121745760256779,NORMAL
4579,0.9879624270110484,0.005915827228695014,0.006121745760256779,NORMAL
4580,0.9879624270110484,0.005915827228695014,0.006121745760256779,NORMAL
4581,0.9879624270110484,0.005915827228695014,0.006121745760256779,NORMAL
4582,0.9879624270110484,0.005915827228695014,0.006121745760256779,NORMAL
4583,0.9879624270110484,0.005915827228695014,0.006121745760256779,NORMAL
4584,0.9879624270110484,0.005915827228695014,0.006121745760256779,NORMAL
4585,0.9879624270110484,0.005915827228695014,0.006121745760256779,NORMAL
4586,0.9879624270110484,0.005915827228695014,0.006121745760256779,NORMAL
4587,0.9879624270110484,0.005915827228695014,0.006121745760256779,NORMAL
4588,0.9879624270110484,0.005915827228695014,0.006121745760256779,NORMAL
4589,0.9879624270110484,0.005915827228695014,0.006121745760256779,NORMAL
4590,0.9861457749806429,0.0072039971467352795,0.00665022787262171,NORMAL
4591,0.9861457749806429,0.0072039971467352795,0.00665022787262171,NORMAL
4592,0.9861457749806429,0.0072039971467352795,0.00665022787262171,NORMAL
4593,0.9861457749806429,0.0072039971467352795,0.00665022787262171,NORMAL
4594,0.9861457749806429,0.0072039971467352795,0.00665022787262171,NORMAL
4595,0.9861457749806429,0.0072039971467352795,0.00665022787262171,NORMAL
4596,0.9861457749806429,0.0072039971467352795,0.00665022787262171,NORMAL
4597,0.9861457749806429,0.0072039971467352795,0.00665022787262171,NORMAL
4598,0.9861457749806429,0.0072039971467352795,0.00665022787262171,NORMAL
4599,0.9861457749806429,0.0072039971467352795,0.00665022787262171,NORMAL
4600,0.9861457749806429,0.0072039971467352795,0.00665022787262171,NORMAL
4601,0.9861457749806429,0.0072039971467352795,0.00665022787262171,NORMAL
4602,0.9861457749806429,0.0072039971467352795,0.00665022787262171,NORMAL
4603,0.9861457749806429,0.0072039971467352795,0.00665022787262171,NORMAL
4604,0.9861457749806429,0.0072039971467352795,0.00665022787262171,NORMAL
4605,0.9861457749806429,0.0072039971467352795,0.00665022787262171,NORMAL
4606,0.9861457749806429,0.0072039971467352795,0.00665022787262171,NORMAL
4607,0.9861457749806429,0.0072039971467352795,0.00665022787262171,NORMAL
4608,0.9879624270110484,0.005915827228695014,0.006121745760256779,NORMAL
4609,0.9879624270110484,0.005915827228695014,0.006121745760256779,NORMAL
4610,0.9879624270110484,0.005915827228695014,0.006121745760256779,NORMAL
4611,0.9879624270110484,0.005915827228695014,0.006121745760256779,NORMAL
4612,0.9879624270110484,0.005915827228695014,0.006121745760256779,NORMAL
4613,0.9879624270110484,0.005915827228695014,0.006121745760256779,NORMAL
4614,0.9879624270110484,0.005915827228695014,0.006121745760256779,NORMAL
4615,0.9879624270110484,0.005915827228695014,0.006121745760256779,NORMAL
4616,0.9879624270110484,0.005915827228695014,0.006121745760256779,NORMAL
4617,0.9879624270110484,0.005915827228695014,0.006121745760256779,NORMAL
4618,0.9879624270110484,0.005915827228695014,0.006121745760256779,NORMAL
4619,0.9879624270110484,0.005915827228695014,0.006121745760256779,NORMAL
4620,0.9879624270110484,0.005915827228695014,0.006121745760256779,NORMAL
4621,0.9879624270110484,0.005915827228695014,0.006121745760256779,NORMAL
4622,0.9879624270110484,0.005915827228695014,0.006121745760256779,NORMAL
4623,0.9879624270110484,0.005915827228695014,0.006121745760256779,NORMAL
4624,0.9879624270110484,0.005915827228695014,0.006121745760256779,NORMAL
4625,0.9879624270110484,0.005915827228695014,0.006121745760256779,NORMAL
4626,0.9879624270110484,0.005915827228695014,0.006121745760256779,NORMAL
4627,0.9879624270110484,0.005915827228695014,0.006121745760256779,NORMAL
4628,0.9879624270110484,0.005915827228695014,0.006121745760256779,NORMAL
4629,0.9879624270110484,0.005915827228695014,0.006121745760256779,NORMAL
4630,0.9879624270110484,0.005915827228695014,0.006121745760256779,NORMAL
4631,0.9879624270110484,0.005915827228695014,0.006121745760256779,NORMAL
4632,0.9879624270110484,0.005915827228695014,0.006121745760256779,NORMAL
4633,0.9879624270110484,0.005915827228695014,0.006121745760256779,NORMAL
4634,0.9879624270110484,0.005915827228695014,0.006121745760256779,NORMAL
4635,0.9879624270110484,0.005915827228695014,0.006121745760256779,NORMAL
4636,0.9879624270110484,0.005915827228695014,0.006121745760256779,NORMAL
4637,0.9879624270110484,0.005915827228695014,0.006121745760256779,NORMAL
4638,0.9879624270110484,0.005915827228695014,0.006121745760256779,NORMAL
4639,0.9879624270110484,0.005915827228695014,0.006121745760256779,NORMAL
4640,0.9879624270110484,0.005915827228695014,0.006121745760256779,NORMAL
4641,0.9879624270110484,0.005915827228695014,0.006121745760256779,NORMAL
4642,0.9879624270110484,0.005915827228695014,0.006121745760256779,NORMAL
4643,0.9879624270110484,0.005915827228695014,0.006121745760256779,NORMAL
4644,0.9859791409469767,0.008500740869144683,0.005520118183878616,NORMAL
4645,0.9859791409469767,0.008500740869144683,0.005520118183878616,NORMAL
4646,0.9859791409469767,0.008500740869144683,0.005520118183878616,NORMAL
4647,0.9859791409469767,0.008500740869144683,0.005520118183878616,NORMAL
4648,0.9859791409469767,0.008500740869144683,0.005520118183878616,NORMAL
4649,0.9859791409469767,0.008500740869144683,0.005520118183878616,NORMAL
4650,0.9859791409469767,0.008500740869144683,0.005520118183878616,NORMAL
4651,0.9859791409469767,0.008500740869144683,0.005520118183878616,NORMAL
4652,0.9859791409469767,0.008500740869144683,0.005520118183878616,NORMAL
4653,0.9859791409469767,0.008500740869144683,0.005520118183878616,NORMAL
4654,0.9859791409469767,0.008500740869144683,0.005520118183878616,NORMAL
4655,0.9859791409469767,0.008500740869144683,0.005520118183878616,NORMAL
4656,0.9859791409469767,0.008500740869144683,0.005520118183878616,NORMAL
4657,0.9859791409469767,0.008500740869144683,0.005520118183878616,NORMAL
4658,0.9859791409469767,0.008500740869144683,0.005520118183878616,NORMAL
4659,0.9859791409469767,0.008500740869144683,0.005520118183878616,NORMAL
4660,0.9859791409469767,0.008500740869144683,0.005520118183878616,NORMAL
4661,0.9859791409469767,0.008500740869144683,0.005520118183878616,NORMAL
4662,0.9859791409469767,0.008500740869144683,0.005520118183878616,NORMAL
4663,0.9859791409469767,0.008500740869144683,0.005520118183878616,NORMAL
4664,0.9859791409469767,0.008500740869144683,0.005520118183878616,NORMAL
4665,0.9859791409469767,0.008500740869144683,0.005520118183878616,NORMAL
4666,0.9859791409469767,0.008500740869144683,0.005520118183878616,NORMAL
4667,0.9859791409469767,0.008500740869144683,0.005520118183878616,NORMAL
4668,0.9859791409469767,0.008500740869144683,0.005520118183878616,NORMAL
4669,0.9859791409469767,0.008500740869144683,0.005520118183878616,NORMAL
4670,0.9859791409469767,0.008500740869144683,0.005520118183878616,NORMAL
4671,0.9859791409469767,0.008500740869144683,0.005520118183878616,NORMAL
4672,0.9859791409469767,0.008500740869144683,0.005520118183878616,NORMAL
4673,0.9859791409469767,0.008500740869144683,0.005520118183878616,NORMAL
4674,0.9859791409469767,0.008500740869144683,0.005520118183878616,NORMAL
4675,0.9859791409469767,0.008500740869144683,0.005520118183878616,NORMAL
4676,0.9859791409469767,0.008500740869144683,0.005520118183878616,NORMAL
4677,0.9859791409469767,0.008500740869144683,0.005520118183878616,NORMAL
4678,0.9859791409469767,0.008500740869144683,0.005520118183878616,NORMAL
4679,0.9859791409469767,0.008500740869144683,0.005520118183878616,NORMAL
4680,0.9861457749806429,0.0072039971467352795,0.00665022787262171,NORMAL
4681,0.9861457749806429,0.0072039971467352795,0.00665022787262171,NORMAL
4682,0.9861457749806429,0.0072039971467352795,0.00665022787262171,NORMAL
4683,0.9861457749806429,0.0072039971467352795,0.00665022787262171,NORMAL
4684,0.9861457749806429,0.0072039971467352795,0.00665022787262171,NORMAL
4685,0.9861457749806429,0.0072039971467352795,0.00665022787262171,NORMAL
4686,0.9861457749806429,0.0072039971467352795,0.00665022787262171,NORMAL
4687,0.9861457749806429,0.0072039971467352795,0.00665022787262171,NORMAL
4688,0.9861457749806429,0.0072039971467352795,0.00665022787262171,NORMAL
4689,0.9861457749806429,0.0072039971467352795,0.00665022787262171,NORMAL
4690,0.9861457749806429,0.0072039971467352795,0.00665022787262171,NORMAL
4691,0.9861457749806429,0.0072039971467352795,0.00665022787262171,NORMAL
4692,0.9861457749806429,0.0072039971467352795,0.00665022787262171,NORMAL
4693,0.9861457749806429,0.0072039971467352795,0.00665022787262171,NORMAL
4694,0.9861457749806429,0.0072039971467352795,0.00665022787262171,NORMAL
4695,0.9861457749806429,0.0072039971467352795,0.00665022787262171,NORMAL
4696,0.9861457749806429,0.0072039971467352795,0.00665022787262171,NORMAL
4697,0.9861457749806429,0.0072039971467352795,0.00665022787262171,NORMAL
4698,0.9859791409469767,0.008500740869144683,0.005520118183878616,NORMAL
4699,0.9859791409469767,0.008500740869144683,0.005520118183878616,NORMAL
4700,0.9859791409469767,0.008500740869144683,0.005520118183878616,NORMAL
4701,0.9859791409469767,0.008500740869144683,0.005520118183878616,NORMAL
4702,0.9859791409469767,0.008500740869144683,0.005520118183878616,NORMAL
4703,0.9859791409469767,0.008500740869144683,0.005520118183878616,NORMAL
4704,0.9859791409469767,0.008500740869144683,0.005520118183878616,NORMAL
4705,0.9859791409469767,0.008500740869144683,0.005520118183878616,NORMAL
4706,0.9859791409469767,0.008500740869144683,0.005520118183878616,NORMAL
4707,0.9859791409469767,0.008500740869144683,0.005520118183878616,NORMAL
4708,0.9859791409469767,0.008500740869144683,0.005520118183878616,NORMAL
4709,0.9859791409469767,0.008500740869144683,0.005520118183878616,NORMAL
4710,0.9859791409469767,0.008500740869144683,0.005520118183878616,NORMAL
4711,0.9859791409469767,0.008500740869144683,0.005520118183878616,NORMAL
4712,0.9859791409469767,0.008500740869144683,0.005520118183878616,NORMAL
4713,0.9859791409469767,0.008500740869144683,0.005520118183878616,NORMAL
4714,0.9859791409469767,0.008500740869144683,0.005520118183878616,NORMAL
4715,0.9859791409469767,0.008500740869144683,0.005520118183878616,NORMAL
4716,0.9879624270110484,0.005915827228695014,0.006121745760256779,NORMAL
4717,0.9879624270110484,0.005915827228695014,0.006121745760256779,NORMAL
4718,0.9879624270110484,0.005915827228695014,0.006121745760256779,NORMAL
4719,0.9879624270110484,0.005915827228695014,0.006121745760256779,NORMAL
4720,0.9879624270110484,0.005915827228695014,0.006121745760256779,NORMAL
4721,0.9879624270110484,0.005915827228695014,0.006121745760256779,NORMAL
4722,0.9879624270110484,0.005915827228695014,0.006121745760256779,NORMAL
4723,0.9879624270110484,0.005915827228695014,0.006121745760256779,NORMAL
4724,0.9879624270110484,0.005915827228695014,0.006121745760256779,NORMAL
4725,0.9879624270110484,0.005915827228695014,0.006121745760256779,NORMAL
4726,0.9879624270110484,0.005915827228695014,0.006121745760256779,NORMAL
4727,0.9879624270110484,0.005915827228695014,0.006121745760256779,NORMAL
4728,0.9879624270110484,0.005915827228695014,0.006121745760256779,NORMAL
4729,0.9879624270110484,0.005915827228695014,0.006121745760256779,NORMAL
4730,0.9879624270110484,0.005915827228695014,0.006121745760256779,NORMAL
4731,0.9879624270110484,0.005915827228695014,0.006121745760256779,NORMAL
4732,0.9879624270110484,0.005915827228695014,0.006121745760256779,NORMAL
4733,0.9879624270110484,0.005915827228695014,0.006121745760256779,NORMAL
4734,0.9879624270110484,0.005915827228695014,0.006121745760256779,NORMAL
4735,0.9879624270110484,0.005915827228695014,0.006121745760256779,NORMAL
4736,0.9879624270110484,0.005915827228695014,0.006121745760256779,NORMAL
4737,0.9879624270110484,0.005915827228695014,0.006121745760256779,NORMAL
4738,0.9879624270110484,0.005915827228695014,0.006121745760256779,NORMAL
4739,0.9879624270110484,0.005915827228695014,0.006121745760256779,NORMAL
4740,0.9879624270110484,0.005915827228695014,0.006121745760256779,NORMAL
4741,0.9879624270110484,0.005915827228695014,0.006121745760256779,NORMAL
4742,0.9879624270110484,0.005915827228695014,0.006121745760256779,NORMAL
4743,0.9879624270110484,0.005915827228695014,0.006121745760256779,NORMAL
4744,0.9879624270110484,0.005915827228695014,0.006121745760256779,NORMAL
4745,0.9879624270110484,0.005915827228695014,0.006121745760256779,NORMAL
4746,0.9879624270110484,0.005915827228695014,0.006121745760256779,NORMAL
4747,0.9879624270110484,0.005915827228695014,0.006121745760256779,NORMAL
4748,0.9879624270110484,0.005915827228695014,0.006121745760256779,NORMAL
4749,0.9879624270110484,0.005915827228695014,0.006121745760256779,NORMAL
4750,0.9879624270110484,0.005915827228695014,0.006121745760256779,NORMAL
4751,0.9879624270110484,0.005915827228695014,0.006121745760256779,NORMAL
4752,0.9861457749806429,0.0072039971467352795,0.00665022787262171,NORMAL
4753,0.9861457749806429,0.0072039971467352795,0.00665022787262171,NORMAL
4754,0.9861457749806429,0.0072039971467352795,0.00665022787262171,NORMAL
4755,0.9861457749806429,0.0072039971467352795,0.00665022787262171,NORMAL
4756,0.9861457749806429,0.0072039971467352795,0.00665022787262171,NORMAL
4757,0.9861457749806429,0.0072039971467352795,0.00665022787262171,NORMAL
4758,0.9861457749806429,0.0072039971467352795,0.00665022787262171,NORMAL
4759,0.9861457749806429,0.0072039971467352795,0.00665022787262171,NORMAL
4760,0.9861457749806429,0.0072039971467352795,0.00665022787262171,NORMAL
4761,0.9861457749806429,0.0072039971467352795,0.00665022787262171,NORMAL
4762,0.9861457749806429,0.0072039971467352795,0.00665022787262171,NORMAL
4763,0.9861457749806429,0.0072039971467352795,0.00665022787262171,NORMAL
4764,0.9861457749806429,0.0072039971467352795,0.00665022787262171,NORMAL
4765,0.9861457749806429,0.0072039971467352795,0.00665022787262171,NORMAL
4766,0.9861457749806429,0.0072039971467352795,0.00665022787262171,NORMAL
4767,0.9861457749806429,0.0072039971467352795,0.00665022787262171,NORMAL
4768,0.9861457749806429,0.0072039971467352795,0.00665022787262171,NORMAL
4769,0.9861457749806429,0.0072039971467352795,0.00665022787262171,NORMAL
4770,0.9879624270110484,0.005915827228695014,0.006121745760256779,NORMAL
4771,0.9879624270110484,0.005915827228695014,0.006121745760256779,NORMAL
4772,0.9879624270110484,0.005915827228695014,0.006121745760256779,NORMAL
4773,0.9879624270110484,0.005915827228695014,0.006121745760256779,NORMAL
4774,0.9879624270110484,0.005915827228695014,0.006121745760256779,NORMAL
4775,0.9879624270110484,0.005915827228695014,0.006121745760256779,NORMAL
4776,0.9879624270110484,0.005915827228695014,0.006121745760256779,NORMAL
4777,0.9879624270110484,0.005915827228695014,0.006121745760256779,NORMAL
4778,0.9879624270110484,0.005915827228695014,0.006121745760256779,NORMAL
4779,0.9879624270110484,0.005915827228695014,0.006121745760256779,NORMAL
4780,0.9879624270110484,0.005915827228695014,0.006121745760256779,NORMAL
4781,0.9879624270110484,0.005915827228695014,0.006121745760256779,NORMAL
4782,0.9879624270110484,0.005915827228695014,0.006121745760256779,NORMAL
4783,0.9879624270110484,0.005915827228695014,0.006121745760256779,NORMAL
4784,0.9879624270110484,0.005915827228695014,0.006121745760256779,NORMAL
4785,0.9879624270110484,0.005915827228695014,0.006121745760256779,NORMAL
4786,0.9879624270110484,0.005915827228695014,0.006121745760256779,NORMAL
4787,0.9879624270110484,0.005915827228695014,0.006121745760256779,NORMAL
4788,0.9879624270110484,0.005915827228695014,0.006121745760256779,NORMAL
4789,0.9879624270110484,0.005915827228695014,0.006121745760256779,NORMAL
4790,0.9879624270110484,0.005915827228695014,0.006121745760256779,NORMAL
4791,0.9879624270110484,0.005915827228695014,0.006121745760256779,NORMAL
4792,0.9879624270110484,0.005915827228695014,0.006121745760256779,NORMAL
4793,0.9879624270110484,0.005915827228695014,0.006121745760256779,NORMAL
4794,0.9879624270110484,0.005915827228695014,0.006121745760256779,NORMAL
4795,0.9879624270110484,0.005915827228695014,0.006121745760256779,NORMAL
4796,0.9879624270110484,0.005915827228695014,0.006121745760256779,NORMAL
4797,0.9879624270110484,0.005915827228695014,0.006121745760256779,NORMAL
4798,0.9879624270110484,0.005915827228695014,0.006121745760256779,NORMAL
4799,0.9879624270110484,0.005915827228695014,0.006121745760256779,NORMAL
4800,0.9879624270110484,0.005915827228695014,0.006121745760256779,NORMAL
4801,0.9879624270110484,0.005915827228695014,0.006121745760256779,NORMAL
4802,0.9879624270110484,0.005915827228695014,0.006121745760256779,NORMAL
4803,0.9879624270110484,0.005915827228695014,0.006121745760256779,NORMAL
4804,0.9879624270110484,0.005915827228695014,0.006121745760256779,NORMAL
4805,0.9879624270110484,0.005915827228695014,0.006121745760256779,NORMAL
4806,0.9879624270110484,0.005915827228695014,0.006121745760256779,NORMAL
4807,0.9879624270110484,0.005915827228695014,0.006121745760256779,NORMAL
4808,0.9879624270110484,0.005915827228695014,0.006121745760256779,NORMAL
4809,0.9879624270110484,0.005915827228695014,0.006121745760256779,NORMAL
4810,0.9879624270110484,0.005915827228695014,0.006121745760256779,NORMAL
4811,0.9879624270110484,0.005915827228695014,0.006121745760256779,NORMAL
4812,0.9879624270110484,0.005915827228695014,0.006121745760256779,NORMAL
4813,0.9879624270110484,0.005915827228695014,0.006121745760256779,NORMAL
4814,0.9879624270110484,0.005915827228695014,0.006121745760256779,NORMAL
4815,0.9879624270110484,0.005915827228695014,0.006121745760256779,NORMAL
4816,0.9879624270110484,0.005915827228695014,0.006121745760256779,NORMAL
4817,0.9879624270110484,0.005915827228695014,0.006121745760256779,NORMAL
4818,0.9879624270110484,0.005915827228695014,0.006121745760256779,NORMAL
4819,0.9879624270110484,0.005915827228695014,0.006121745760256779,NORMAL
4820,0.9879624270110484,0.005915827228695014,0.006121745760256779,NORMAL
4821,0.9879624270110484,0.005915827228695014,0.006121745760256779,NORMAL
4822,0.9879624270110484,0.005915827228695014,0.006121745760256779,NORMAL
4823,0.9879624270110484,0.005915827228695014,0.006121745760256779,NORMAL
4824,0.9859791409469767,0.008500740869144683,0.005520118183878616,NORMAL
4825,0.9859791409469767,0.008500740869144683,0.005520118183878616,NORMAL
4826,0.9859791409469767,0.008500740869144683,0.005520118183878616,NORMAL
4827,0.9859791409469767,0.008500740869144683,0.005520118183878616,NORMAL
4828,0.9859791409469767,0.008500740869144683,0.005520118183878616,NORMAL
4829,0.9859791409469767,0.008500740869144683,0.005520118183878616,NORMAL
4830,0.9859791409469767,0.008500740869144683,0.005520118183878616,NORMAL
4831,0.9859791409469767,0.008500740869144683,0.005520118183878616,NORMAL
4832,0.9859791409469767,0.008500740869144683,0.005520118183878616,NORMAL
4833,0.9859791409469767,0.008500740869144683,0.005520118183878616,NORMAL
4834,0.9859791409469767,0.008500740869144683,0.005520118183878616,NORMAL
4835,0.9859791409469767,0.008500740869144683,0.005520118183878616,NORMAL
4836,0.9859791409469767,0.008500740869144683,0.005520118183878616,NORMAL
4837,0.9859791409469767,0.008500740869144683,0.005520118183878616,NORMAL
4838,0.9859791409469767,0.008500740869144683,0.005520118183878616,NORMAL
4839,0.9859791409469767,0.008500740869144683,0.005520118183878616,NORMAL
4840,0.9859791409469767,0.008500740869144683,0.005520118183878616,NORMAL
4841,0.9859791409469767,0.008500740869144683,0.005520118183878616,NORMAL
4842,0.9859791409469767,0.008500740869144683,0.005520118183878616,NORMAL
4843,0.9859791409469767,0.008500740869144683,0.005520118183878616,NORMAL
4844,0.9859791409469767,0.008500740869144683,0.005520118183878616,NORMAL
4845,0.9859791409469767,0.008500740869144683,0.005520118183878616,NORMAL
4846,0.9859791409469767,0.008500740869144683,0.005520118183878616,NORMAL
4847,0.9859791409469767,0.008500740869144683,0.005520118183878616,NORMAL
4848,0.9859791409469767,0.008500740869144683,0.005520118183878616,NORMAL
4849,0.9859791409469767,0.008500740869144683,0.005520118183878616,NORMAL
4850,0.9859791409469767,0.008500740869144683,0.005520118183878616,NORMAL
4851,0.9859791409469767,0.008500740869144683,0.005520118183878616,NORMAL
4852,0.9859791409469767,0.008500740869144683,0.005520118183878616,NORMAL
4853,0.9859791409469767,0.008500740869144683,0.005520118183878616,NORMAL
4854,0.9859791409469767,0.008500740869144683,0.005520118183878616,NORMAL
4855,0.9859791409469767,0.008500740869144683,0.005520118183878616,NORMAL
4856,0.9859791409469767,0.008500740869144683,0.005520118183878616,NORMAL
4857,0.9859791409469767,0.008500740869144683,0.005520118183878616,NORMAL
4858,0.9859791409469767,0.008500740869144683,0.005520118183878616,NORMAL
4859,0.9859791409469767,0.008500740869144683,0.005520118183878616,NORMAL
4860,0.9879624270110484,0.005915827228695014,0.006121745760256779,NORMAL
4861,0.9879624270110484,0.005915827228695014,0.006121745760256779,NORMAL
4862,0.9879624270110484,0.005915827228695014,0.006121745760256779,NORMAL
4863,0.9879624270110484,0.005915827228695014,0.006121745760256779,NORMAL
4864,0.9878236379379542,0.0060546036559945325,0.0061217584060514535,NORMAL
4865,0.9879624270110484,0.005915827228695014,0.006121745760256779,NORMAL
4866,0.9879624270110484,0.005915827228695014,0.006121745760256779,NORMAL
4867,0.9879624270110484,0.005915827228695014,0.006121745760256779,NORMAL
4868,0.9879624270110484,0.005915827228695014,0.006121745760256779,NORMAL
4869,0.9879624270110484,0.005915827228695014,0.006121745760256779,NORMAL
4870,0.9879624270110484,0.005915827228695014,0.006121745760256779,NORMAL
4871,0.9879624270110484,0.005915827228695014,0.006121745760256779,NORMAL
4872,0.9879624270110484,0.005915827228695014,0.006121745760256779,NORMAL
4873,0.9879624270110484,0.005915827228695014,0.006121745760256779,NORMAL
4874,0.9879624270110484,0.005915827228695014,0.006121745760256779,NORMAL
4875,0.9879624270110484,0.005915827228695014,0.006121745760256779,NORMAL
4876,0.9879624270110484,0.005915827228695014,0.006121745760256779,NORMAL
4877,0.9879624270110484,0.005915827228695014,0.006121745760256779,NORMAL
4878,0.9861457749806429,0.0072039971467352795,0.00665022787262171,NORMAL
4879,0.9861457749806429,0.0072039971467352795,0.00665022787262171,NORMAL
4880,0.9861457749806429,0.0072039971467352795,0.00665022787262171,NORMAL
4881,0.9861457749806429,0.0072039971467352795,0.00665022787262171,NORMAL
4882,0.9861457749806429,0.0072039971467352795,0.00665022787262171,NORMAL
4883,0.9861457749806429,0.0072039971467352795,0.00665022787262171,NORMAL
4884,0.9861457749806429,0.0072039971467352795,0.00665022787262171,NORMAL
4885,0.9861457749806429,0.0072039971467352795,0.00665022787262171,NORMAL
4886,0.9861457749806429,0.0072039971467352795,0.00665022787262171,NORMAL
4887,0.9861457749806429,0.0072039971467352795,0.00665022787262171,NORMAL
4888,0.9861457749806429,0.0072039971467352795,0.00665022787262171,NORMAL
4889,0.9861457749806429,0.0072039971467352795,0.00665022787262171,NORMAL
4890,0.9861457749806429,0.0072039971467352795,0.00665022787262171,NORMAL
4891,0.9861457749806429,0.0072039971467352795,0.00665022787262171,NORMAL
4892,0.9861457749806429,0.0072039971467352795,0.00665022787262171,NORMAL
4893,0.9861457749806429,0.0072039971467352795,0.00665022787262171,NORMAL
4894,0.9861457749806429,0.0072039971467352795,0.00665022787262171,NORMAL
4895,0.9861457749806429,0.0072039971467352795,0.00665022787262171,NORMAL
4896,0.9879624270110484,0.005915827228695014,0.006121745760256779,NORMAL
4897,0.9879624270110484,0.005915827228695014,0.006121745760256779,NORMAL
4898,0.9879624270110484,0.005915827228695014,0.006121745760256779,NORMAL
4899,0.9879624270110484,0.005915827228695014,0.006121745760256779,NORMAL
4900,0.9879624270110484,0.005915827228695014,0.006121745760256779,NORMAL
4901,0.9879624270110484,0.005915827228695014,0.006121745760256779,NORMAL
4902,0.9879624270110484,0.005915827228695014,0.006121745760256779,NORMAL
4903,0.9878236379379542,0.0060546036559945325,0.0061217584060514535,NORMAL
4904,0.9879624270110484,0.005915827228695014,0.006121745760256779,NORMAL
4905,0.9879624270110484,0.005915827228695014,0.006121745760256779,NORMAL
4906,0.9879624270110484,0.005915827228695014,0.006121745760256779,NORMAL
4907,0.9879624270110484,0.005915827228695014,0.006121745760256779,NORMAL
4908,0.9879624270110484,0.005915827228695014,0.006121745760256779,NORMAL
4909,0.9879624270110484,0.005915827228695014,0.006121745760256779,NORMAL
4910,0.9879624270110484,0.005915827228695014,0.006121745760256779,NORMAL
4911,0.9879624270110484,0.005915827228695014,0.006121745760256779,NORMAL
4912,0.9879624270110484,0.005915827228695014,0.006121745760256779,NORMAL
4913,0.9879624270110484,0.005915827228695014,0.006121745760256779,NORMAL
4914,0.9879624270110484,0.005915827228695014,0.006121745760256779,NORMAL
4915,0.9879624270110484,0.005915827228695014,0.006121745760256779,NORMAL
4916,0.9879624270110484,0.005915827228695014,0.006121745760256779,NORMAL
4917,0.9879624270110484,0.005915827228695014,0.006121745760256779,NORMAL
4918,0.9879624270110484,0.005915827228695014,0.006121745760256779,NORMAL
4919,0.9879624270110484,0.005915827228695014,0.006121745760256779,NORMAL
4920,0.9879624270110484,0.005915827228695014,0.006121745760256779,NORMAL
4921,0.9879624270110484,0.005915827228695014,0.006121745760256779,NORMAL
4922,0.9879624270110484,0.005915827228695014,0.006121745760256779,NORMAL
4923,0.9879624270110484,0.005915827228695014,0.006121745760256779,NORMAL
4924,0.9879624270110484,0.005915827228695014,0.006121745760256779,NORMAL
4925,0.9879624270110484,0.005915827228695014,0.006121745760256779,NORMAL
4926,0.9879624270110484,0.005915827228695014,0.006121745760256779,NORMAL
4927,0.9879624270110484,0.005915827228695014,0.006121745760256779,NORMAL
4928,0.9879624270110484,0.005915827228695014,0.006121745760256779,NORMAL
4929,0.9879624270110484,0.005915827228695014,0.006121745760256779,NORMAL
4930,0.9879624270110484,0.005915827228695014,0.006121745760256779,NORMAL
4931,0.9879624270110484,0.005915827228695014,0.006121745760256779,NORMAL
4932,0.9879624270110484,0.005915827228695014,0.006121745760256779,NORMAL
4933,0.9879624270110484,0.005915827228695014,0.006121745760256779,NORMAL
4934,0.9879624270110484,0.005915827228695014,0.006121745760256779,NORMAL
4935,0.9879624270110484,0.005915827228695014,0.006121745760256779,NORMAL
4936,0.9879624270110484,0.005915827228695014,0.006121745760256779,NORMAL
4937,0.9879624270110484,0.005915827228695014,0.006121745760256779,NORMAL
4938,0.9879624270110484,0.005915827228695014,0.006121745760256779,NORMAL
4939,0.9879624270110484,0.005915827228695014,0.006121745760256779,NORMAL
4940,0.9879624270110484,0.005915827228695014,0.006121745760256779,NORMAL
4941,0.9879624270110484,0.005915827228695014,0.006121745760256779,NORMAL
4942,0.9879624270110484,0.005915827228695014,0.006121745760256779,NORMAL
4943,0.9879624270110484,0.005915827228695014,0.006121745760256779,NORMAL
4944,0.9879624270110484,0.005915827228695014,0.006121745760256779,NORMAL
4945,0.9879624270110484,0.005915827228695014,0.006121745760256779,NORMAL
4946,0.9879624270110484,0.005915827228695014,0.006121745760256779,NORMAL
4947,0.9879624270110484,0.005915827228695014,0.006121745760256779,NORMAL
4948,0.9879624270110484,0.005915827228695014,0.006121745760256779,NORMAL
4949,0.9879624270110484,0.005915827228695014,0.006121745760256779,NORMAL
4950,0.9859791409469767,0.008500740869144683,0.005520118183878616,NORMAL
4951,0.9859791409469767,0.008500740869144683,0.005520118183878616,NORMAL
4952,0.9859791409469767,0.008500740869144683,0.005520118183878616,NORMAL
4953,0.9859791409469767,0.008500740869144683,0.005520118183878616,NORMAL
4954,0.9859791409469767,0.008500740869144683,0.005520118183878616,NORMAL
4955,0.9859791409469767,0.008500740869144683,0.005520118183878616,NORMAL
4956,0.9859791409469767,0.008500740869144683,0.005520118183878616,NORMAL
4957,0.9859791409469767,0.008500740869144683,0.005520118183878616,NORMAL
4958,0.9859791409469767,0.008500740869144683,0.005520118183878616,NORMAL
4959,0.9859791409469767,0.008500740869144683,0.005520118183878616,NORMAL
4960,0.9859791409469767,0.008500740869144683,0.005520118183878616,NORMAL
4961,0.9859791409469767,0.008500740869144683,0.005520118183878616,NORMAL
4962,0.9859791409469767,0.008500740869144683,0.005520118183878616,NORMAL
4963,0.9859791409469767,0.008500740869144683,0.005520118183878616,NORMAL
4964,0.9859791409469767,0.008500740869144683,0.005520118183878616,NORMAL
4965,0.9859791409469767,0.008500740869144683,0.005520118183878616,NORMAL
4966,0.9859791409469767,0.008500740869144683,0.005520118183878616,NORMAL
4967,0.9859791409469767,0.008500740869144683,0.005520118183878616,NORMAL
4968,0.9859791409469767,0.008500740869144683,0.005520118183878616,NORMAL
4969,0.9859791409469767,0.008500740869144683,0.005520118183878616,NORMAL
4970,0.9859791409469767,0.008500740869144683,0.005520118183878616,NORMAL
4971,0.9859791409469767,0.008500740869144683,0.005520118183878616,NORMAL
4972,0.9859791409469767,0.008500740869144683,0.005520118183878616,NORMAL
4973,0.9859791409469767,0.008500740869144683,0.005520118183878616,NORMAL
4974,0.9859791409469767,0.008500740869144683,0.005520118183878616,NORMAL
4975,0.9859791409469767,0.008500740869144683,0.005520118183878616,NORMAL
4976,0.9859791409469767,0.008500740869144683,0.005520118183878616,NORMAL
4977,0.9859791409469767,0.008500740869144683,0.005520118183878616,NORMAL
4978,0.9859791409469767,0.008500740869144683,0.005520118183878616,NORMAL
4979,0.9859791409469767,0.008500740869144683,0.005520118183878616,NORMAL
4980,0.9859791409469767,0.008500740869144683,0.005520118183878616,NORMAL
4981,0.9859791409469767,0.008500740869144683,0.005520118183878616,NORMAL
4982,0.9859791409469767,0.008500740869144683,0.005520118183878616,NORMAL
4983,0.9859791409469767,0.008500740869144683,0.005520118183878616,NORMAL
4984,0.9859791409469767,0.008500740869144683,0.005520118183878616,NORMAL
4985,0.9859791409469767,0.008500740869144683,0.005520118183878616,NORMAL
4986,0.9861457749806429,0.0072039971467352795,0.00665022787262171,NORMAL
4987,0.9861457749806429,0.0072039971467352795,0.00665022787262171,NORMAL
4988,0.9861457749806429,0.0072039971467352795,0.00665022787262171,NORMAL
4989,0.9861457749806429,0.0072039971467352795,0.00665022787262171,NORMAL
4990,0.9861457749806429,0.0072039971467352795,0.00665022787262171,NORMAL
4991,0.9861457749806429,0.0072039971467352795,0.00665022787262171,NORMAL
4992,0.9861457749806429,0.0072039971467352795,0.00665022787262171,NORMAL
4993,0.9861457749806429,0.0072039971467352795,0.00665022787262171,NORMAL
4994,0.9861457749806429,0.0072039971467352795,0.00665022787262171,NORMAL
4995,0.9861457749806429,0.0072039971467352795,0.00665022787262171,NORMAL
4996,0.9861457749806429,0.0072039971467352795,0.00665022787262171,NORMAL
4997,0.9861457749806429,0.0072039971467352795,0.00665022787262171,NORMAL
4998,0.9861457749806429,0.0072039971467352795,0.00665022787262171,NORMAL
4999,0.9861457749806429,0.0072039971467352795,0.00665022787262171,NORMAL
5000,0.9861457749806429,0.0072039971467352795,0.00665022787262171,NORMAL
5001,0.9861457749806429,0.0072039971467352795,0.00665022787262171,NORMAL
5002,0.9861457749806429,0.0072039971467352795,0.00665022787262171,NORMAL
5003,0.9861457749806429,0.0072039971467352795,0.00665022787262171,NORMAL
5004,0.9859791409469767,0.008500740869144683,0.005520118183878616,NORMAL
5005,0.9859791409469767,0.008500740869144683,0.005520118183878616,NORMAL
5006,0.9859791409469767,0.008500740869144683,0.005520118183878616,NORMAL
5007,0.9859791409469767,0.008500740869144683,0.005520118183878616,NORMAL
5008,0.9859791409469767,0.008500740869144683,0.005520118183878616,NORMAL
5009,0.9859791409469767,0.008500740869144683,0.005520118183878616,NORMAL
5010,0.9859791409469767,0.008500740869144683,0.005520118183878616,NORMAL
5011,0.9859791409469767,0.008500740869144683,0.005520118183878616,NORMAL
5012,0.9859791409469767,0.008500740869144683,0.005520118183878616,NORMAL
5013,0.9859791409469767,0.008500740869144683,0.005520118183878616,NORMAL
5014,0.9859791409469767,0.008500740869144683,0.005520118183878616,NORMAL
5015,0.9859791409469767,0.008500740869144683,0.005520118183878616,NORMAL
5016,0.9859791409469767,0.008500740869144683,0.005520118183878616,NORMAL
5017,0.9859791409469767,0.008500740869144683,0.005520118183878616,NORMAL
5018,0.9859791409469767,0.008500740869144683,0.005520118183878616,NORMAL
5019,0.9859791409469767,0.008500740869144683,0.005520118183878616,NORMAL
5020,0.9859791409469767,0.008500740869144683,0.005520118183878616,NORMAL
5021,0.9859791409469767,0.008500740869144683,0.005520118183878616,NORMAL
5022,0.9861457749806429,0.0072039971467352795,0.00665022787262171,NORMAL
5023,0.9861457749806429,0.0072039971467352795,0.00665022787262171,NORMAL
5024,0.9861457749806429,0.0072039971467352795,0.00665022787262171,NORMAL
5025,0.9861457749806429,0.0072039971467352795,0.00665022787262171,NORMAL
5026,0.9861457749806429,0.0072039971467352795,0.00665022787262171,NORMAL
5027,0.9861457749806429,0.0072039971467352795,0.00665022787262171,NORMAL
5028,0.9861457749806429,0.0072039971467352795,0.00665022787262171,NORMAL
5029,0.9861457749806429,0.0072039971467352795,0.00665022787262171,NORMAL
5030,0.9861457749806429,0.0072039971467352795,0.00665022787262171,NORMAL
5031,0.9861457749806429,0.0072039971467352795,0.00665022787262171,NORMAL
5032,0.9861457749806429,0.0072039971467352795,0.00665022787262171,NORMAL
5033,0.9861457749806429,0.0072039971467352795,0.00665022787262171,NORMAL
5034,0.9861457749806429,0.0072039971467352795,0.00665022787262171,NORMAL
5035,0.9861457749806429,0.0072039971467352795,0.00665022787262171,NORMAL
5036,0.9861457749806429,0.0072039971467352795,0.00665022787262171,NORMAL
5037,0.9861457749806429,0.0072039971467352795,0.00665022787262171,NORMAL
5038,0.9861457749806429,0.0072039971467352795,0.00665022787262171,NORMAL
5039,0.9861457749806429,0.0072039971467352795,0.00665022787262171,NORMAL
5040,0.9859791409469767,0.008500740869144683,0.005520118183878616,NORMAL
5041,0.9859791409469767,0.008500740869144683,0.005520118183878616,NORMAL
5042,0.9859791409469767,0.008500740869144683,0.005520118183878616,NORMAL
5043,0.9859791409469767,0.008500740869144683,0.005520118183878616,NORMAL
5044,0.9859791409469767,0.008500740869144683,0.005520118183878616,NORMAL
5045,0.9859791409469767,0.008500740869144683,0.005520118183878616,NORMAL
5046,0.9859791409469767,0.008500740869144683,0.005520118183878616,NORMAL
5047,0.9859791409469767,0.008500740869144683,0.005520118183878616,NORMAL
5048,0.9859791409469767,0.008500740869144683,0.005520118183878616,NORMAL
5049,0.9859791409469767,0.008500740869144683,0.005520118183878616,NORMAL
5050,0.9859791409469767,0.008500740869144683,0.005520118183878616,NORMAL
5051,0.9859791409469767,0.008500740869144683,0.005520118183878616,NORMAL
5052,0.9859791409469767,0.008500740869144683,0.005520118183878616,NORMAL
5053,0.9859791409469767,0.008500740869144683,0.005520118183878616,NORMAL
5054,0.9859791409469767,0.008500740869144683,0.005520118183878616,NORMAL
5055,0.9859791409469767,0.008500740869144683,0.005520118183878616,NORMAL
5056,0.9859791409469767,0.008500740869144683,0.005520118183878616,NORMAL
5057,0.9859791409469767,0.008500740869144683,0.005520118183878616,NORMAL
5058,0.9859791409469767,0.008500740869144683,0.005520118183878616,NORMAL
5059,0.9859791409469767,0.008500740869144683,0.005520118183878616,NORMAL
5060,0.9859791409469767,0.008500740869144683,0.005520118183878616,NORMAL
5061,0.9859791409469767,0.008500740869144683,0.005520118183878616,NORMAL
5062,0.9859791409469767,0.008500740869144683,0.005520118183878616,NORMAL
5063,0.9859791409469767,0.008500740869144683,0.005520118183878616,NORMAL
5064,0.9859791409469767,0.008500740869144683,0.005520118183878616,NORMAL
5065,0.9859791409469767,0.008500740869144683,0.005520118183878616,NORMAL
5066,0.9859791409469767,0.008500740869144683,0.005520118183878616,NORMAL
5067,0.9859791409469767,0.008500740869144683,0.005520118183878616,NORMAL
5068,0.9859791409469767,0.008500740869144683,0.005520118183878616,NORMAL
5069,0.9859791409469767,0.008500740869144683,0.005520118183878616,NORMAL
5070,0.9859791409469767,0.008500740869144683,0.005520118183878616,NORMAL
5071,0.9859791409469767,0.008500740869144683,0.005520118183878616,NORMAL
5072,0.9859791409469767,0.008500740869144683,0.005520118183878616,NORMAL
5073,0.9859791409469767,0.008500740869144683,0.005520118183878616,NORMAL
5074,0.9859791409469767,0.008500740869144683,0.005520118183878616,NORMAL
5075,0.9859791409469767,0.008500740869144683,0.005520118183878616,NORMAL
5076,0.9879624270110484,0.005915827228695014,0.006121745760256779,NORMAL
5077,0.9879624270110484,0.005915827228695014,0.006121745760256779,NORMAL
5078,0.9879624270110484,0.005915827228695014,0.006121745760256779,NORMAL
5079,0.9879624270110484,0.005915827228695014,0.006121745760256779,NORMAL
5080,0.9879624270110484,0.005915827228695014,0.006121745760256779,NORMAL
5081,0.9879624270110484,0.005915827228695014,0.006121745760256779,NORMAL
5082,0.9879624270110484,0.005915827228695014,0.006121745760256779,NORMAL
5083,0.9879624270110484,0.005915827228695014,0.006121745760256779,NORMAL
5084,0.9879624270110484,0.005915827228695014,0.006121745760256779,NORMAL
5085,0.9879624270110484,0.005915827228695014,0.006121745760256779,NORMAL
5086,0.9879624270110484,0.005915827228695014,0.006121745760256779,NORMAL
5087,0.9879624270110484,0.005915827228695014,0.006121745760256779,NORMAL
5088,0.9879624270110484,0.005915827228695014,0.006121745760256779,NORMAL
5089,0.9879624270110484,0.005915827228695014,0.006121745760256779,NORMAL
5090,0.9879624270110484,0.005915827228695014,0.006121745760256779,NORMAL
5091,0.9879624270110484,0.005915827228695014,0.006121745760256779,NORMAL
5092,0.9879624270110484,0.005915827228695014,0.006121745760256779,NORMAL
5093,0.9879624270110484,0.005915827228695014,0.006121745760256779,NORMAL
5094,0.9861457749806429,0.0072039971467352795,0.00665022787262171,NORMAL
5095,0.9861457749806429,0.0072039971467352795,0.00665022787262171,NORMAL
5096,0.9861457749806429,0.0072039971467352795,0.00665022787262171,NORMAL
5097,0.9861457749806429,0.0072039971467352795,0.00665022787262171,NORMAL
5098,0.9861457749806429,0.0072039971467352795,0.00665022787262171,NORMAL
5099,0.9861457749806429,0.0072039971467352795,0.00665022787262171,NORMAL
5100,0.9861457749806429,0.0072039971467352795,0.00665022787262171,NORMAL
5101,0.9861457749806429,0.0072039971467352795,0.00665022787262171,NORMAL
5102,0.9861457749806429,0.0072039971467352795,0.00665022787262171,NORMAL
5103,0.9861457749806429,0.0072039971467352795,0.00665022787262171,NORMAL
5104,0.9861457749806429,0.0072039971467352795,0.00665022787262171,NORMAL
5105,0.9861457749806429,0.0072039971467352795,0.00665022787262171,NORMAL
5106,0.9861457749806429,0.0072039971467352795,0.00665022787262171,NORMAL
5107,0.9861457749806429,0.0072039971467352795,0.00665022787262171,NORMAL
5108,0.9861457749806429,0.0072039971467352795,0.00665022787262171,NORMAL
5109,0.9861457749806429,0.0072039971467352795,0.00665022787262171,NORMAL
5110,0.9861457749806429,0.0072039971467352795,0.00665022787262171,NORMAL
5111,0.9861457749806429,0.0072039971467352795,0.00665022787262171,NORMAL
5112,0.9859791409469767,0.008500740869144683,0.005520118183878616,NORMAL
5113,0.9859791409469767,0.008500740869144683,0.005520118183878616,NORMAL
5114,0.9859791409469767,0.008500740869144683,0.005520118183878616,NORMAL
5115,0.9859791409469767,0.008500740869144683,0.005520118183878616,NORMAL
5116,0.9859791409469767,0.008500740869144683,0.005520118183878616,NORMAL
5117,0.9859791409469767,0.008500740869144683,0.005520118183878616,NORMAL
5118,0.9859791409469767,0.008500740869144683,0.005520118183878616,NORMAL
5119,0.9859791409469767,0.008500740869144683,0.005520118183878616,NORMAL
5120,0.9859791409469767,0.008500740869144683,0.005520118183878616,NORMAL
5121,0.9859791409469767,0.008500740869144683,0.005520118183878616,NORMAL
5122,0.9859791409469767,0.008500740869144683,0.005520118183878616,NORMAL
5123,0.9859791409469767,0.008500740869144683,0.005520118183878616,NORMAL
5124,0.9859791409469767,0.008500740869144683,0.005520118183878616,NORMAL
5125,0.9859791409469767,0.008500740869144683,0.005520118183878616,NORMAL
5126,0.9859791409469767,0.008500740869144683,0.005520118183878616,NORMAL
5127,0.9859791409469767,0.008500740869144683,0.005520118183878616,NORMAL
5128,0.9859791409469767,0.008500740869144683,0.005520118183878616,NORMAL
5129,0.9859791409469767,0.008500740869144683,0.005520118183878616,NORMAL
5130,0.9861457749806429,0.0072039971467352795,0.00665022787262171,NORMAL
5131,0.9861457749806429,0.0072039971467352795,0.00665022787262171,NORMAL
5132,0.9861457749806429,0.0072039971467352795,0.00665022787262171,NORMAL
5133,0.9861457749806429,0.0072039971467352795,0.00665022787262171,NORMAL
5134,0.9861457749806429,0.0072039971467352795,0.00665022787262171,NORMAL
5135,0.9861457749806429,0.0072039971467352795,0.00665022787262171,NORMAL
5136,0.9861457749806429,0.0072039971467352795,0.00665022787262171,NORMAL
5137,0.9861457749806429,0.0072039971467352795,0.00665022787262171,NORMAL
5138,0.9861457749806429,0.0072039971467352795,0.00665022787262171,NORMAL
5139,0.9861457749806429,0.0072039971467352795,0.00665022787262171,NORMAL
5140,0.9861457749806429,0.0072039971467352795,0.00665022787262171,NORMAL
5141,0.9861457749806429,0.0072039971467352795,0.00665022787262171,NORMAL
5142,0.9861457749806429,0.0072039971467352795,0.00665022787262171,NORMAL
5143,0.9861457749806429,0.0072039971467352795,0.00665022787262171,NORMAL
5144,0.9861457749806429,0.0072039971467352795,0.00665022787262171,NORMAL
5145,0.9861457749806429,0.0072039971467352795,0.00665022787262171,NORMAL
5146,0.9861457749806429,0.0072039971467352795,0.00665022787262171,NORMAL
5147,0.9861457749806429,0.0072039971467352795,0.00665022787262171,NORMAL
5148,0.9859791409469767,0.008500740869144683,0.005520118183878616,NORMAL
5149,0.9859791409469767,0.008500740869144683,0.005520118183878616,NORMAL
5150,0.9859791409469767,0.008500740869144683,0.005520118183878616,NORMAL
5151,0.9859791409469767,0.008500740869144683,0.005520118183878616,NORMAL
5152,0.9859791409469767,0.008500740869144683,0.005520118183878616,NORMAL
5153,0.9859791409469767,0.008500740869144683,0.005520118183878616,NORMAL
5154,0.9859791409469767,0.008500740869144683,0.005520118183878616,NORMAL
5155,0.9859791409469767,0.008500740869144683,0.005520118183878616,NORMAL
5156,0.9859791409469767,0.008500740869144683,0.005520118183878616,NORMAL
5157,0.9859791409469767,0.008500740869144683,0.005520118183878616,NORMAL
5158,0.9859791409469767,0.008500740869144683,0.005520118183878616,NORMAL
5159,0.9859791409469767,0.008500740869144683,0.005520118183878616,NORMAL
5160,0.9859791409469767,0.008500740869144683,0.005520118183878616,NORMAL
5161,0.9859791409469767,0.008500740869144683,0.005520118183878616,NORMAL
5162,0.9859791409469767,0.008500740869144683,0.005520118183878616,NORMAL
5163,0.9859791409469767,0.008500740869144683,0.005520118183878616,NORMAL
5164,0.9859791409469767,0.008500740869144683,0.005520118183878616,NORMAL
5165,0.9859791409469767,0.008500740869144683,0.005520118183878616,NORMAL
5166,0.9861457749806429,0.0072039971467352795,0.00665022787262171,NORMAL
5167,0.9861457749806429,0.0072039971467352795,0.00665022787262171,NORMAL
5168,0.9861457749806429,0.0072039971467352795,0.00665022787262171,NORMAL
5169,0.9861457749806429,0.0072039971467352795,0.00665022787262171,NORMAL
5170,0.9861457749806429,0.0072039971467352795,0.00665022787262171,NORMAL
5171,0.9861457749806429,0.0072039971467352795,0.00665022787262171,NORMAL
5172,0.9861457749806429,0.0072039971467352795,0.00665022787262171,NORMAL
5173,0.9861457749806429,0.0072039971467352795,0.00665022787262171,NORMAL
5174,0.9861457749806429,0.0072039971467352795,0.00665022787262171,NORMAL
5175,0.9861457749806429,0.0072039971467352795,0.00665022787262171,NORMAL
5176,0.9861457749806429,0.0072039971467352795,0.00665022787262171,NORMAL
5177,0.9861457749806429,0.0072039971467352795,0.00665022787262171,NORMAL
5178,0.9861457749806429,0.0072039971467352795,0.00665022787262171,NORMAL
5179,0.9861457749806429,0.0072039971467352795,0.00665022787262171,NORMAL
5180,0.9861457749806429,0.0072039971467352795,0.00665022787262171,NORMAL
5181,0.9861457749806429,0.0072039971467352795,0.00665022787262171,NORMAL
5182,0.9861457749806429,0.0072039971467352795,0.00665022787262171,NORMAL
5183,0.9861457749806429,0.0072039971467352795,0.00665022787262171,NORMAL
5184,0.9859791409469767,0.008500740869144683,0.005520118183878616,NORMAL
5185,0.9859791409469767,0.008500740869144683,0.005520118183878616,NORMAL
5186,0.9859791409469767,0.008500740869144683,0.005520118183878616,NORMAL
5187,0.9859791409469767,0.008500740869144683,0.005520118183878616,NORMAL
5188,0.9859791409469767,0.008500740869144683,0.005520118183878616,NORMAL
5189,0.9859791409469767,0.008500740869144683,0.005520118183878616,NORMAL
5190,0.9859791409469767,0.008500740869144683,0.005520118183878616,NORMAL
5191,0.9859791409469767,0.008500740869144683,0.005520118183878616,NORMAL
5192,0.9859791409469767,0.008500740869144683,0.005520118183878616,NORMAL
5193,0.9859791409469767,0.008500740869144683,0.005520118183878616,NORMAL
5194,0.9859791409469767,0.008500740869144683,0.005520118183878616,NORMAL
5195,0.9859791409469767,0.008500740869144683,0.005520118183878616,NORMAL
5196,0.9859791409469767,0.008500740869144683,0.005520118183878616,NORMAL
5197,0.9859791409469767,0.008500740869144683,0.005520118183878616,NORMAL
5198,0.9859791409469767,0.008500740869144683,0.005520118183878616,NORMAL
5199,0.9859791409469767,0.008500740869144683,0.005520118183878616,NORMAL
5200,0.9859791409469767,0.008500740869144683,0.005520118183878616,NORMAL
5201,0.9859791409469767,0.008500740869144683,0.005520118183878616,NORMAL
5202,0.9879624270110484,0.005915827228695014,0.006121745760256779,NORMAL
5203,0.9879624270110484,0.005915827228695014,0.006121745760256779,NORMAL
5204,0.9879624270110484,0.005915827228695014,0.006121745760256779,NORMAL
5205,0.9879624270110484,0.005915827228695014,0.006121745760256779,NORMAL
5206,0.9879624270110484,0.005915827228695014,0.006121745760256779,NORMAL
5207,0.9879624270110484,0.005915827228695014,0.006121745760256779,NORMAL
5208,0.9879624270110484,0.005915827228695014,0.006121745760256779,NORMAL
5209,0.9879624270110484,0.005915827228695014,0.006121745760256779,NORMAL
5210,0.9879624270110484,0.005915827228695014,0.006121745760256779,NORMAL
5211,0.9879624270110484,0.005915827228695014,0.006121745760256779,NORMAL
5212,0.9879624270110484,0.005915827228695014,0.006121745760256779,NORMAL
5213,0.9879624270110484,0.005915827228695014,0.006121745760256779,NORMAL
5214,0.9879624270110484,0.005915827228695014,0.006121745760256779,NORMAL
5215,0.9879624270110484,0.005915827228695014,0.006121745760256779,NORMAL
5216,0.9879624270110484,0.005915827228695014,0.006121745760256779,NORMAL
5217,0.9879624270110484,0.005915827228695014,0.006121745760256779,NORMAL
5218,0.9879624270110484,0.005915827228695014,0.006121745760256779,NORMAL
5219,0.9879624270110484,0.005915827228695014,0.006121745760256779,NORMAL
5220,0.9859791409469767,0.008500740869144683,0.005520118183878616,NORMAL
5221,0.9859791409469767,0.008500740869144683,0.005520118183878616,NORMAL
5222,0.9859791409469767,0.008500740869144683,0.005520118183878616,NORMAL
5223,0.9859791409469767,0.008500740869144683,0.005520118183878616,NORMAL
5224,0.9859791409469767,0.008500740869144683,0.005520118183878616,NORMAL
5225,0.9859791409469767,0.008500740869144683,0.005520118183878616,NORMAL
5226,0.9859791409469767,0.008500740869144683,0.005520118183878616,NORMAL
5227,0.9859791409469767,0.008500740869144683,0.005520118183878616,NORMAL
5228,0.9859791409469767,0.008500740869144683,0.005520118183878616,NORMAL
5229,0.9859791409469767,0.008500740869144683,0.005520118183878616,NORMAL
5230,0.9859791409469767,0.008500740869144683,0.005520118183878616,NORMAL
5231,0.9859791409469767,0.008500740869144683,0.005520118183878616,NORMAL
5232,0.9859791409469767,0.008500740869144683,0.005520118183878616,NORMAL
5233,0.9859791409469767,0.008500740869144683,0.005520118183878616,NORMAL
5234,0.9859791409469767,0.008500740869144683,0.005520118183878616,NORMAL
5235,0.9859791409469767,0.008500740869144683,0.005520118183878616,NORMAL
5236,0.9859791409469767,0.008500740869144683,0.005520118183878616,NORMAL
5237,0.9859791409469767,0.008500740869144683,0.005520118183878616,NORMAL
5238,0.9861457749806429,0.0072039971467352795,0.00665022787262171,NORMAL
5239,0.9861457749806429,0.0072039971467352795,0.00665022787262171,NORMAL
5240,0.9861457749806429,0.0072039971467352795,0.00665022787262171,NORMAL
5241,0.9861457749806429,0.0072039971467352795,0.00665022787262171,NORMAL
5242,0.9861457749806429,0.0072039971467352795,0.00665022787262171,NORMAL
5243,0.9861457749806429,0.0072039971467352795,0.00665022787262171,NORMAL
5244,0.9861457749806429,0.0072039971467352795,0.00665022787262171,NORMAL
5245,0.9861457749806429,0.0072039971467352795,0.00665022787262171,NORMAL
5246,0.9861457749806429,0.0072039971467352795,0.00665022787262171,NORMAL
5247,0.9861457749806429,0.0072039971467352795,0.00665022787262171,NORMAL
5248,0.9861457749806429,0.0072039971467352795,0.00665022787262171,NORMAL
5249,0.9861457749806429,0.0072039971467352795,0.00665022787262171,NORMAL
5250,0.9861457749806429,0.0072039971467352795,0.00665022787262171,NORMAL
5251,0.9861457749806429,0.0072039971467352795,0.00665022787262171,NORMAL
5252,0.9861457749806429,0.0072039971467352795,0.00665022787262171,NORMAL
5253,0.9861457749806429,0.0072039971467352795,0.00665022787262171,NORMAL
5254,0.9861457749806429,0.0072039971467352795,0.00665022787262171,NORMAL
5255,0.9861457749806429,0.0072039971467352795,0.00665022787262171,NORMAL
5256,0.9861457749806429,0.0072039971467352795,0.00665022787262171,NORMAL
5257,0.9861457749806429,0.0072039971467352795,0.00665022787262171,NORMAL
5258,0.9861457749806429,0.0072039971467352795,0.00665022787262171,NORMAL
5259,0.9861457749806429,0.0072039971467352795,0.00665022787262171,NORMAL
5260,0.9861457749806429,0.0072039971467352795,0.00665022787262171,NORMAL
5261,0.9861457749806429,0.0072039971467352795,0.00665022787262171,NORMAL
5262,0.9861457749806429,0.0072039971467352795,0.00665022787262171,NORMAL
5263,0.9861457749806429,0.0072039971467352795,0.00665022787262171,NORMAL
5264,0.9861457749806429,0.0072039971467352795,0.00665022787262171,NORMAL
5265,0.9861457749806429,0.0072039971467352795,0.00665022787262171,NORMAL
5266,0.9861457749806429,0.0072039971467352795,0.00665022787262171,NORMAL
5267,0.9861457749806429,0.0072039971467352795,0.00665022787262171,NORMAL
5268,0.9861457749806429,0.0072039971467352795,0.00665022787262171,NORMAL
5269,0.9861457749806429,0.0072039971467352795,0.00665022787262171,NORMAL
5270,0.9861457749806429,0.0072039971467352795,0.00665022787262171,NORMAL
5271,0.9861457749806429,0.0072039971467352795,0.00665022787262171,NORMAL
5272,0.9861457749806429,0.0072039971467352795,0.00665022787262171,NORMAL
5273,0.9861457749806429,0.0072039971467352795,0.00665022787262171,NORMAL
5274,0.9859791409469767,0.008500740869144683,0.005520118183878616,NORMAL
5275,0.9859791409469767,0.008500740869144683,0.005520118183878616,NORMAL
5276,0.9859791409469767,0.008500740869144683,0.005520118183878616,NORMAL
5277,0.9859791409469767,0.008500740869144683,0.005520118183878616,NORMAL
5278,0.9859791409469767,0.008500740869144683,0.005520118183878616,NORMAL
5279,0.9859791409469767,0.008500740869144683,0.005520118183878616,NORMAL
5280,0.9859791409469767,0.008500740869144683,0.005520118183878616,NORMAL
5281,0.9859791409469767,0.008500740869144683,0.005520118183878616,NORMAL
5282,0.9859791409469767,0.008500740869144683,0.005520118183878616,NORMAL
5283,0.9859791409469767,0.008500740869144683,0.005520118183878616,NORMAL
5284,0.9859791409469767,0.008500740869144683,0.005520118183878616,NORMAL
5285,0.9859791409469767,0.008500740869144683,0.005520118183878616,NORMAL
5286,0.9859791409469767,0.008500740869144683,0.005520118183878616,NORMAL
5287,0.9859791409469767,0.008500740869144683,0.005520118183878616,NORMAL
5288,0.9859791409469767,0.008500740869144683,0.005520118183878616,NORMAL
5289,0.9859791409469767,0.008500740869144683,0.005520118183878616,NORMAL
5290,0.9859791409469767,0.008500740869144683,0.005520118183878616,NORMAL
5291,0.9859791409469767,0.008500740869144683,0.005520118183878616,NORMAL
5292,0.9861457749806429,0.0072039971467352795,0.00665022787262171,NORMAL
5293,0.9861457749806429,0.0072039971467352795,0.00665022787262171,NORMAL
5294,0.9861457749806429,0.0072039971467352795,0.00665022787262171,NORMAL
5295,0.9861457749806429,0.0072039971467352795,0.00665022787262171,NORMAL
5296,0.9861457749806429,0.0072039971467352795,0.00665022787262171,NORMAL
5297,0.9861457749806429,0.0072039971467352795,0.00665022787262171,NORMAL
5298,0.9861457749806429,0.0072039971467352795,0.00665022787262171,NORMAL
5299,0.9861457749806429,0.0072039971467352795,0.00665022787262171,NORMAL
5300,0.9861457749806429,0.0072039971467352795,0.00665022787262171,NORMAL
5301,0.9861457749806429,0.0072039971467352795,0.00665022787262171,NORMAL
5302,0.9861457749806429,0.0072039971467352795,0.00665022787262171,NORMAL
5303,0.9861457749806429,0.0072039971467352795,0.00665022787262171,NORMAL
5304,0.9861457749806429,0.0072039971467352795,0.00665022787262171,NORMAL
5305,0.9861457749806429,0.0072039971467352795,0.00665022787262171,NORMAL
5306,0.9861457749806429,0.0072039971467352795,0.00665022787262171,NORMAL
5307,0.9861457749806429,0.0072039971467352795,0.00665022787262171,NORMAL
5308,0.9861457749806429,0.0072039971467352795,0.00665022787262171,NORMAL
5309,0.9861457749806429,0.0072039971467352795,0.00665022787262171,NORMAL
5310,0.9859791409469767,0.008500740869144683,0.005520118183878616,NORMAL
5311,0.9859791409469767,0.008500740869144683,0.005520118183878616,NORMAL
5312,0.9859791409469767,0.008500740869144683,0.005520118183878616,NORMAL
5313,0.9859791409469767,0.008500740869144683,0.005520118183878616,NORMAL
5314,0.9859791409469767,0.008500740869144683,0.005520118183878616,NORMAL
5315,0.9859791409469767,0.008500740869144683,0.005520118183878616,NORMAL
5316,0.9859791409469767,0.008500740869144683,0.005520118183878616,NORMAL
5317,0.9859791409469767,0.008500740869144683,0.005520118183878616,NORMAL
5318,0.9859791409469767,0.008500740869144683,0.005520118183878616,NORMAL
5319,0.9859791409469767,0.008500740869144683,0.005520118183878616,NORMAL
5320,0.9859791409469767,0.008500740869144683,0.005520118183878616,NORMAL
5321,0.9859791409469767,0.008500740869144683,0.005520118183878616,NORMAL
5322,0.9859791409469767,0.008500740869144683,0.005520118183878616,NORMAL
5323,0.9859791409469767,0.008500740869144683,0.005520118183878616,NORMAL
5324,0.9859791409469767,0.008500740869144683,0.005520118183878616,NORMAL
5325,0.9859791409469767,0.008500740869144683,0.005520118183878616,NORMAL
5326,0.9859791409469767,0.008500740869144683,0.005520118183878616,NORMAL
5327,0.9859791409469767,0.008500740869144683,0.005520118183878616,NORMAL
5328,0.9879624270110484,0.005915827228695014,0.006121745760256779,NORMAL
5329,0.9879624270110484,0.005915827228695014,0.006121745760256779,NORMAL
5330,0.9879624270110484,0.005915827228695014,0.006121745760256779,NORMAL
5331,0.9879624270110484,0.005915827228695014,0.006121745760256779,NORMAL
5332,0.9879624270110484,0.005915827228695014,0.006121745760256779,NORMAL
5333,0.9879624270110484,0.005915827228695014,0.006121745760256779,NORMAL
5334,0.9879624270110484,0.005915827228695014,0.006121745760256779,NORMAL
5335,0.9879624270110484,0.005915827228695014,0.006121745760256779,NORMAL
5336,0.9879624270110484,0.005915827228695014,0.006121745760256779,NORMAL
5337,0.9879624270110484,0.005915827228695014,0.006121745760256779,NORMAL
5338,0.9879624270110484,0.005915827228695014,0.006121745760256779,NORMAL
5339,0.9879624270110484,0.005915827228695014,0.006121745760256779,NORMAL
5340,0.9877451922183931,0.006133041499913329,0.006121766281693576,NORMAL
5341,0.9879624270110484,0.005915827228695014,0.006121745760256779,NORMAL
5342,0.9879624270110484,0.005915827228695014,0.006121745760256779,NORMAL
5343,0.9879624270110484,0.005915827228695014,0.006121745760256779,NORMAL
5344,0.9879624270110484,0.005915827228695014,0.006121745760256779,NORMAL
5345,0.9879624270110484,0.005915827228695014,0.006121745760256779,NORMAL
5346,0.9859791409469767,0.008500740869144683,0.005520118183878616,NORMAL
5347,0.9859791409469767,0.008500740869144683,0.005520118183878616,NORMAL
5348,0.9859791409469767,0.008500740869144683,0.005520118183878616,NORMAL
5349,0.9859791409469767,0.008500740869144683,0.005520118183878616,NORMAL
5350,0.9859791409469767,0.008500740869144683,0.005520118183878616,NORMAL
5351,0.9859791409469767,0.008500740869144683,0.005520118183878616,NORMAL
5352,0.9859791409469767,0.008500740869144683,0.005520118183878616,NORMAL
5353,0.9859791409469767,0.008500740869144683,0.005520118183878616,NORMAL
5354,0.9859791409469767,0.008500740869144683,0.005520118183878616,NORMAL
5355,0.9859791409469767,0.008500740869144683,0.005520118183878616,NORMAL
5356,0.9859791409469767,0.008500740869144683,0.005520118183878616,NORMAL
5357,0.9859791409469767,0.008500740869144683,0.005520118183878616,NORMAL
5358,0.9859791409469767,0.008500740869144683,0.005520118183878616,NORMAL
5359,0.9859791409469767,0.008500740869144683,0.005520118183878616,NORMAL
5360,0.9859791409469767,0.008500740869144683,0.005520118183878616,NORMAL
5361,0.9859791409469767,0.008500740869144683,0.005520118183878616,NORMAL
5362,0.9859791409469767,0.008500740869144683,0.005520118183878616,NORMAL
5363,0.9859791409469767,0.008500740869144683,0.005520118183878616,NORMAL
5364,0.9859791409469767,0.008500740869144683,0.005520118183878616,NORMAL
5365,0.9859791409469767,0.008500740869144683,0.005520118183878616,NORMAL
5366,0.9859791409469767,0.008500740869144683,0.005520118183878616,NORMAL
5367,0.9859791409469767,0.008500740869144683,0.005520118183878616,NORMAL
5368,0.9859791409469767,0.008500740869144683,0.005520118183878616,NORMAL
5369,0.9859791409469767,0.008500740869144683,0.005520118183878616,NORMAL
5370,0.9859791409469767,0.008500740869144683,0.005520118183878616,NORMAL
5371,0.9859791409469767,0.008500740869144683,0.005520118183878616,NORMAL
5372,0.9859791409469767,0.008500740869144683,0.005520118183878616,NORMAL
5373,0.9859791409469767,0.008500740869144683,0.005520118183878616,NORMAL
5374,0.9859791409469767,0.008500740869144683,0.005520118183878616,NORMAL
5375,0.9859791409469767,0.008500740869144683,0.005520118183878616,NORMAL
5376,0.9859791409469767,0.008500740869144683,0.005520118183878616,NORMAL
5377,0.9859791409469767,0.008500740869144683,0.005520118183878616,NORMAL
5378,0.9859791409469767,0.008500740869144683,0.005520118183878616,NORMAL
5379,0.9859791409469767,0.008500740869144683,0.005520118183878616,NORMAL
5380,0.9859791409469767,0.008500740869144683,0.005520118183878616,NORMAL
5381,0.9859791409469767,0.008500740869144683,0.005520118183878616,NORMAL
5382,0.9861457749806429,0.0072039971467352795,0.00665022787262171,NORMAL
5383,0.9861457749806429,0.0072039971467352795,0.00665022787262171,NORMAL
5384,0.9861457749806429,0.0072039971467352795,0.00665022787262171,NORMAL
5385,0.9861457749806429,0.0072039971467352795,0.00665022787262171,NORMAL
5386,0.9861457749806429,0.0072039971467352795,0.00665022787262171,NORMAL
5387,0.9861457749806429,0.0072039971467352795,0.00665022787262171,NORMAL
5388,0.9861457749806429,0.0072039971467352795,0.00665022787262171,NORMAL
5389,0.9861457749806429,0.0072039971467352795,0.00665022787262171,NORMAL
5390,0.9861457749806429,0.0072039971467352795,0.00665022787262171,NORMAL
5391,0.9861457749806429,0.0072039971467352795,0.00665022787262171,NORMAL
5392,0.9861457749806429,0.0072039971467352795,0.00665022787262171,NORMAL
5393,0.9861457749806429,0.0072039971467352795,0.00665022787262171,NORMAL
5394,0.9861457749806429,0.0072039971467352795,0.00665022787262171,NORMAL
5395,0.9861457749806429,0.0072039971467352795,0.00665022787262171,NORMAL
5396,0.9861457749806429,0.0072039971467352795,0.00665022787262171,NORMAL
5397,0.9861457749806429,0.0072039971467352795,0.00665022787262171,NORMAL
5398,0.9861457749806429,0.0072039971467352795,0.00665022787262171,NORMAL
5399,0.9861457749806429,0.0072039971467352795,0.00665022787262171,NORMAL
5400,0.9861457749806429,0.0072039971467352795,0.00665022787262171,NORMAL
5401,0.9861457749806429,0.0072039971467352795,0.00665022787262171,NORMAL
5402,0.9861457749806429,0.0072039971467352795,0.00665022787262171,NORMAL
5403,0.9861457749806429,0.0072039971467352795,0.00665022787262171,NORMAL
5404,0.9861457749806429,0.0072039971467352795,0.00665022787262171,NORMAL
5405,0.9861457749806429,0.0072039971467352795,0.00665022787262171,NORMAL
5406,0.9861457749806429,0.0072039971467352795,0.00665022787262171,NORMAL
5407,0.9861457749806429,0.0072039971467352795,0.00665022787262171,NORMAL
5408,0.9861457749806429,0.0072039971467352795,0.00665022787262171,NORMAL
5409,0.9861457749806429,0.0072039971467352795,0.00665022787262171,NORMAL
5410,0.9861457749806429,0.0072039971467352795,0.00665022787262171,NORMAL
5411,0.9861457749806429,0.0072039971467352795,0.00665022787262171,NORMAL
5412,0.9861457749806429,0.0072039971467352795,0.00665022787262171,NORMAL
5413,0.9861457749806429,0.0072039971467352795,0.00665022787262171,NORMAL
5414,0.9861457749806429,0.0072039971467352795,0.00665022787262171,NORMAL
5415,0.9861457749806429,0.0072039971467352795,0.00665022787262171,NORMAL
5416,0.9861457749806429,0.0072039971467352795,0.00665022787262171,NORMAL
5417,0.9861457749806429,0.0072039971467352795,0.00665022787262171,NORMAL
5418,0.9859791409469767,0.008500740869144683,0.005520118183878616,NORMAL
5419,0.9859791409469767,0.008500740869144683,0.005520118183878616,NORMAL
5420,0.9859791409469767,0.008500740869144683,0.005520118183878616,NORMAL
5421,0.9859791409469767,0.008500740869144683,0.005520118183878616,NORMAL
5422,0.9859791409469767,0.008500740869144683,0.005520118183878616,NORMAL
5423,0.9859791409469767,0.008500740869144683,0.005520118183878616,NORMAL
5424,0.9859791409469767,0.008500740869144683,0.005520118183878616,NORMAL
5425,0.9859791409469767,0.008500740869144683,0.005520118183878616,NORMAL
5426,0.9859791409469767,0.008500740869144683,0.005520118183878616,NORMAL
5427,0.9859791409469767,0.008500740869144683,0.005520118183878616,NORMAL
5428,0.9859791409469767,0.008500740869144683,0.005520118183878616,NORMAL
5429,0.9859791409469767,0.008500740869144683,0.005520118183878616,NORMAL
5430,0.9859791409469767,0.008500740869144683,0.005520118183878616,NORMAL
5431,0.9859791409469767,0.008500740869144683,0.005520118183878616,NORMAL
5432,0.9859791409469767,0.008500740869144683,0.005520118183878616,NORMAL
5433,0.9859791409469767,0.008500740869144683,0.005520118183878616,NORMAL
5434,0.9859791409469767,0.008500740869144683,0.005520118183878616,NORMAL
5435,0.9859791409469767,0.008500740869144683,0.005520118183878616,NORMAL
5436,0.9879624270110484,0.005915827228695014,0.006121745760256779,NORMAL
5437,0.9879624270110484,0.005915827228695014,0.006121745760256779,NORMAL
5438,0.9879624270110484,0.005915827228695014,0.006121745760256779,NORMAL
5439,0.9879624270110484,0.005915827228695014,0.006121745760256779,NORMAL
5440,0.9879624270110484,0.005915827228695014,0.006121745760256779,NORMAL
5441,0.9879624270110484,0.005915827228695014,0.006121745760256779,NORMAL
5442,0.9879624270110484,0.005915827228695014,0.006121745760256779,NORMAL
5443,0.9879624270110484,0.005915827228695014,0.006121745760256779,NORMAL
5444,0.9879624270110484,0.005915827228695014,0.006121745760256779,NORMAL
5445,0.9879624270110484,0.005915827228695014,0.006121745760256779,NORMAL
5446,0.9879624270110484,0.005915827228695014,0.006121745760256779,NORMAL
5447,0.9879624270110484,0.005915827228695014,0.006121745760256779,NORMAL
5448,0.9879624270110484,0.005915827228695014,0.006121745760256779,NORMAL
5449,0.9879624270110484,0.005915827228695014,0.006121745760256779,NORMAL
5450,0.9879624270110484,0.005915827228695014,0.006121745760256779,NORMAL
5451,0.9879624270110484,0.005915827228695014,0.006121745760256779,NORMAL
5452,0.9879624270110484,0.005915827228695014,0.006121745760256779,NORMAL
5453,0.9879624270110484,0.005915827228695014,0.006121745760256779,NORMAL
5454,0.9861457749806429,0.0072039971467352795,0.00665022787262171,NORMAL
5455,0.9861457749806429,0.0072039971467352795,0.00665022787262171,NORMAL
5456,0.9861457749806429,0.0072039971467352795,0.00665022787262171,NORMAL
5457,0.9861457749806429,0.0072039971467352795,0.00665022787262171,NORMAL
5458,0.9861457749806429,0.0072039971467352795,0.00665022787262171,NORMAL
5459,0.9861457749806429,0.0072039971467352795,0.00665022787262171,NORMAL
5460,0.9861457749806429,0.0072039971467352795,0.00665022787262171,NORMAL
5461,0.9861457749806429,0.0072039971467352795,0.00665022787262171,NORMAL
5462,0.9861457749806429,0.0072039971467352795,0.00665022787262171,NORMAL
5463,0.9861457749806429,0.0072039971467352795,0.00665022787262171,NORMAL
5464,0.9858081007998297,0.007540730345077211,0.006651168855092986,NORMAL
5465,0.9861457749806429,0.0072039971467352795,0.00665022787262171,NORMAL
5466,0.9861457749806429,0.0072039971467352795,0.00665022787262171,NORMAL
5467,0.9861457749806429,0.0072039971467352795,0.00665022787262171,NORMAL
5468,0.9861457749806429,0.0072039971467352795,0.00665022787262171,NORMAL
5469,0.9861457749806429,0.0072039971467352795,0.00665022787262171,NORMAL
5470,0.9861457749806429,0.0072039971467352795,0.00665022787262171,NORMAL
5471,0.9861457749806429,0.0072039971467352795,0.00665022787262171,NORMAL
5472,0.9879624270110484,0.005915827228695014,0.006121745760256779,NORMAL
5473,0.9879624270110484,0.005915827228695014,0.006121745760256779,NORMAL
5474,0.9879624270110484,0.005915827228695014,0.006121745760256779,NORMAL
5475,0.9879624270110484,0.005915827228695014,0.006121745760256779,NORMAL
5476,0.9879624270110484,0.005915827228695014,0.006121745760256779,NORMAL
5477,0.9879624270110484,0.005915827228695014,0.006121745760256779,NORMAL
5478,0.9879624270110484,0.005915827228695014,0.006121745760256779,NORMAL
5479,0.9879624270110484,0.005915827228695014,0.006121745760256779,NORMAL
5480,0.9879624270110484,0.005915827228695014,0.006121745760256779,NORMAL
5481,0.9879624270110484,0.005915827228695014,0.006121745760256779,NORMAL
5482,0.9879624270110484,0.005915827228695014,0.006121745760256779,NORMAL
5483,0.9879624270110484,0.005915827228695014,0.006121745760256779,NORMAL
5484,0.9879624270110484,0.005915827228695014,0.006121745760256779,NORMAL
5485,0.9879624270110484,0.005915827228695014,0.006121745760256779,NORMAL
5486,0.9879624270110484,0.005915827228695014,0.006121745760256779,NORMAL
5487,0.9879624270110484,0.005915827228695014,0.006121745760256779,NORMAL
5488,0.9879624270110484,0.005915827228695014,0.006121745760256779,NORMAL
5489,0.9879624270110484,0.005915827228695014,0.006121745760256779,NORMAL
5490,0.9879624270110484,0.005915827228695014,0.006121745760256779,NORMAL
5491,0.9879624270110484,0.005915827228695014,0.006121745760256779,NORMAL
5492,0.9879624270110484,0.005915827228695014,0.006121745760256779,NORMAL
5493,0.9879624270110484,0.005915827228695014,0.006121745760256779,NORMAL
5494,0.9879624270110484,0.005915827228695014,0.006121745760256779,NORMAL
5495,0.9879624270110484,0.005915827228695014,0.006121745760256779,NORMAL
5496,0.9879624270110484,0.005915827228695014,0.006121745760256779,NORMAL
5497,0.9879624270110484,0.005915827228695014,0.006121745760256779,NORMAL
5498,0.9879624270110484,0.005915827228695014,0.006121745760256779,NORMAL
5499,0.9879624270110484,0.005915827228695014,0.006121745760256779,NORMAL
5500,0.9879624270110484,0.005915827228695014,0.006121745760256779,NORMAL
5501,0.9879624270110484,0.005915827228695014,0.006121745760256779,NORMAL
5502,0.9879624270110484,0.005915827228695014,0.006121745760256779,NORMAL
5503,0.9879624270110484,0.005915827228695014,0.006121745760256779,NORMAL
5504,0.9877609186080011,0.006117316730879935,0.0061217646611191326,NORMAL
5505,0.9879624270110484,0.005915827228695014,0.006121745760256779,NORMAL
5506,0.9879624270110484,0.005915827228695014,0.006121745760256779,NORMAL
5507,0.9879624270110484,0.005915827228695014,0.006121745760256779,NORMAL
5508,0.9861457749806429,0.0072039971467352795,0.00665022787262171,NORMAL
5509,0.9861457749806429,0.0072039971467352795,0.00665022787262171,NORMAL
5510,0.9861457749806429,0.0072039971467352795,0.00665022787262171,NORMAL
5511,0.9861457749806429,0.0072039971467352795,0.00665022787262171,NORMAL
5512,0.9861457749806429,0.0072039971467352795,0.00665022787262171,NORMAL
5513,0.9861457749806429,0.0072039971467352795,0.00665022787262171,NORMAL
5514,0.9861457749806429,0.0072039971467352795,0.00665022787262171,NORMAL
5515,0.9861457749806429,0.0072039971467352795,0.00665022787262171,NORMAL
5516,0.9861457749806429,0.0072039971467352795,0.00665022787262171,NORMAL
5517,0.9861457749806429,0.0072039971467352795,0.00665022787262171,NORMAL
5518,0.9861457749806429,0.0072039971467352795,0.00665022787262171,NORMAL
5519,0.9861457749806429,0.0072039971467352795,0.00665022787262171,NORMAL
5520,0.9861457749806429,0.0072039971467352795,0.00665022787262171,NORMAL
5521,0.9861457749806429,0.0072039971467352795,0.00665022787262171,NORMAL
5522,0.9861457749806429,0.0072039971467352795,0.00665022787262171,NORMAL
5523,0.9861457749806429,0.0072039971467352795,0.00665022787262171,NORMAL
5524,0.9861457749806429,0.0072039971467352795,0.00665022787262171,NORMAL
5525,0.9861457749806429,0.0072039971467352795,0.00665022787262171,NORMAL
5526,0.9859791409469767,0.008500740869144683,0.005520118183878616,NORMAL
5527,0.9859791409469767,0.008500740869144683,0.005520118183878616,NORMAL
5528,0.9859791409469767,0.008500740869144683,0.005520118183878616,NORMAL
5529,0.9859791409469767,0.008500740869144683,0.005520118183878616,NORMAL
5530,0.9859791409469767,0.008500740869144683,0.005520118183878616,NORMAL
5531,0.9859791409469767,0.008500740869144683,0.005520118183878616,NORMAL
5532,0.9859791409469767,0.008500740869144683,0.005520118183878616,NORMAL
5533,0.9859791409469767,0.008500740869144683,0.005520118183878616,NORMAL
5534,0.9859791409469767,0.008500740869144683,0.005520118183878616,NORMAL
5535,0.9859791409469767,0.008500740869144683,0.005520118183878616,NORMAL
5536,0.9859791409469767,0.008500740869144683,0.005520118183878616,NORMAL
5537,0.9859791409469767,0.008500740869144683,0.005520118183878616,NORMAL
5538,0.9859791409469767,0.008500740869144683,0.005520118183878616,NORMAL
5539,0.9859791409469767,0.008500740869144683,0.005520118183878616,NORMAL
5540,0.9859791409469767,0.008500740869144683,0.005520118183878616,NORMAL
5541,0.9859791409469767,0.008500740869144683,0.005520118183878616,NORMAL
5542,0.9859791409469767,0.008500740869144683,0.005520118183878616,NORMAL
5543,0.9859791409469767,0.008500740869144683,0.005520118183878616,NORMAL
5544,0.9861457749806429,0.0072039971467352795,0.00665022787262171,NORMAL
5545,0.9861457749806429,0.0072039971467352795,0.00665022787262171,NORMAL
5546,0.9861457749806429,0.0072039971467352795,0.00665022787262171,NORMAL
5547,0.9861457749806429,0.0072039971467352795,0.00665022787262171,NORMAL
5548,0.9861457749806429,0.0072039971467352795,0.00665022787262171,NORMAL
5549,0.9861457749806429,0.0072039971467352795,0.00665022787262171,NORMAL
5550,0.9861457749806429,0.0072039971467352795,0.00665022787262171,NORMAL
5551,0.9861457749806429,0.0072039971467352795,0.00665022787262171,NORMAL
5552,0.9861457749806429,0.0072039971467352795,0.00665022787262171,NORMAL
5553,0.9861457749806429,0.0072039971467352795,0.00665022787262171,NORMAL
5554,0.9861457749806429,0.0072039971467352795,0.00665022787262171,NORMAL
5555,0.9861457749806429,0.0072039971467352795,0.00665022787262171,NORMAL
5556,0.9861457749806429,0.0072039971467352795,0.00665022787262171,NORMAL
5557,0.9861457749806429,0.0072039971467352795,0.00665022787262171,NORMAL
5558,0.9861457749806429,0.0072039971467352795,0.00665022787262171,NORMAL
5559,0.9861457749806429,0.0072039971467352795,0.00665022787262171,NORMAL
5560,0.9861457749806429,0.0072039971467352795,0.00665022787262171,NORMAL
5561,0.9861457749806429,0.0072039971467352795,0.00665022787262171,NORMAL
5562,0.9879624270110484,0.005915827228695014,0.006121745760256779,NORMAL
5563,0.9879624270110484,0.005915827228695014,0.006121745760256779,NORMAL
5564,0.9879624270110484,0.005915827228695014,0.006121745760256779,NORMAL
5565,0.9879624270110484,0.005915827228695014,0.006121745760256779,NORMAL
5566,0.9879624270110484,0.005915827228695014,0.006121745760256779,NORMAL
5567,0.9879624270110484,0.005915827228695014,0.006121745760256779,NORMAL
5568,0.9879624270110484,0.005915827228695014,0.006121745760256779,NORMAL
5569,0.9879624270110484,0.005915827228695014,0.006121745760256779,NORMAL
5570,0.9879624270110484,0.005915827228695014,0.006121745760256779,NORMAL
5571,0.9879624270110484,0.005915827228695014,0.006121745760256779,NORMAL
5572,0.9879624270110484,0.005915827228695014,0.006121745760256779,NORMAL
5573,0.9879624270110484,0.005915827228695014,0.006121745760256779,NORMAL
5574,0.9879624270110484,0.005915827228695014,0.006121745760256779,NORMAL
5575,0.9879624270110484,0.005915827228695014,0.006121745760256779,NORMAL
5576,0.9879624270110484,0.005915827228695014,0.006121745760256779,NORMAL
5577,0.9879624270110484,0.005915827228695014,0.006121745760256779,NORMAL
5578,0.9879624270110484,0.005915827228695014,0.006121745760256779,NORMAL
5579,0.9879624270110484,0.005915827228695014,0.006121745760256779,NORMAL
5580,0.9859791409469767,0.008500740869144683,0.005520118183878616,NORMAL
5581,0.9859791409469767,0.008500740869144683,0.005520118183878616,NORMAL
5582,0.9859791409469767,0.008500740869144683,0.005520118183878616,NORMAL
5583,0.9859791409469767,0.008500740869144683,0.005520118183878616,NORMAL
5584,0.9859791409469767,0.008500740869144683,0.005520118183878616,NORMAL
5585,0.9859791409469767,0.008500740869144683,0.005520118183878616,NORMAL
5586,0.9859791409469767,0.008500740869144683,0.005520118183878616,NORMAL
5587,0.9859791409469767,0.008500740869144683,0.005520118183878616,NORMAL
5588,0.9859791409469767,0.008500740869144683,0.005520118183878616,NORMAL
5589,0.9859791409469767,0.008500740869144683,0.005520118183878616,NORMAL
5590,0.9859791409469767,0.008500740869144683,0.005520118183878616,NORMAL
5591,0.9859791409469767,0.008500740869144683,0.005520118183878616,NORMAL
5592,0.9859791409469767,0.008500740869144683,0.005520118183878616,NORMAL
5593,0.9859791409469767,0.008500740869144683,0.005520118183878616,NORMAL
5594,0.9859791409469767,0.008500740869144683,0.005520118183878616,NORMAL
5595,0.9859791409469767,0.008500740869144683,0.005520118183878616,NORMAL
5596,0.9859791409469767,0.008500740869144683,0.005520118183878616,NORMAL
5597,0.9859791409469767,0.008500740869144683,0.005520118183878616,NORMAL
5598,0.9861457749806429,0.0072039971467352795,0.00665022787262171,NORMAL
5599,0.9861457749806429,0.0072039971467352795,0.00665022787262171,NORMAL
5600,0.9861457749806429,0.0072039971467352795,0.00665022787262171,NORMAL
5601,0.9861457749806429,0.0072039971467352795,0.00665022787262171,NORMAL
5602,0.9861457749806429,0.0072039971467352795,0.00665022787262171,NORMAL
5603,0.9861457749806429,0.0072039971467352795,0.00665022787262171,NORMAL
5604,0.9861457749806429,0.0072039971467352795,0.00665022787262171,NORMAL
5605,0.9861457749806429,0.0072039971467352795,0.00665022787262171,NORMAL
5606,0.9861457749806429,0.0072039971467352795,0.00665022787262171,NORMAL
5607,0.9861457749806429,0.0072039971467352795,0.00665022787262171,NORMAL
5608,0.9861457749806429,0.0072039971467352795,0.00665022787262171,NORMAL
5609,0.9861457749806429,0.0072039971467352795,0.00665022787262171,NORMAL
5610,0.9861457749806429,0.0072039971467352795,0.00665022787262171,NORMAL
5611,0.9861457749806429,0.0072039971467352795,0.00665022787262171,NORMAL
5612,0.9861457749806429,0.0072039971467352795,0.00665022787262171,NORMAL
5613,0.9861457749806429,0.0072039971467352795,0.00665022787262171,NORMAL
5614,0.9861457749806429,0.0072039971467352795,0.00665022787262171,NORMAL
5615,0.9861457749806429,0.0072039971467352795,0.00665022787262171,NORMAL
5616,0.9861457749806429,0.0072039971467352795,0.00665022787262171,NORMAL
5617,0.9861457749806429,0.0072039971467352795,0.00665022787262171,NORMAL
5618,0.9861457749806429,0.0072039971467352795,0.00665022787262171,NORMAL
5619,0.9861458912617277,0.007203881185727568,0.006650227552544741,NORMAL
5620,0.9861457749806429,0.0072039971467352795,0.00665022787262171,NORMAL
5621,0.9861457749806429,0.0072039971467352795,0.00665022787262171,NORMAL
5622,0.9861457749806429,0.0072039971467352795,0.00665022787262171,NORMAL
5623,0.9861457749806429,0.0072039971467352795,0.00665022787262171,NORMAL
5624,0.9861457749806429,0.0072039971467352795,0.00665022787262171,NORMAL
5625,0.9861457749806429,0.0072039971467352795,0.00665022787262171,NORMAL
5626,0.9861457749806429,0.0072039971467352795,0.00665022787262171,NORMAL
5627,0.9861457749806429,0.0072039971467352795,0.00665022787262171,NORMAL
5628,0.9861457749806429,0.0072039971467352795,0.00665022787262171,NORMAL
5629,0.9861457749806429,0.0072039971467352795,0.00665022787262171,NORMAL
5630,0.9861457749806429,0.0072039971467352795,0.00665022787262171,NORMAL
5631,0.9861457749806429,0.0072039971467352795,0.00665022787262171,NORMAL
5632,0.9861457749806429,0.0072039971467352795,0.00665022787262171,NORMAL
5633,0.9861457749806429,0.0072039971467352795,0.00665022787262171,NORMAL
5634,0.9859791409469767,0.008500740869144683,0.005520118183878616,NORMAL
5635,0.9859791409469767,0.008500740869144683,0.005520118183878616,NORMAL
5636,0.9859791409469767,0.008500740869144683,0.005520118183878616,NORMAL
5637,0.9859791409469767,0.008500740869144683,0.005520118183878616,NORMAL
5638,0.9859791409469767,0.008500740869144683,0.005520118183878616,NORMAL
5639,0.9859791409469767,0.008500740869144683,0.005520118183878616,NORMAL
5640,0.9859791409469767,0.008500740869144683,0.005520118183878616,NORMAL
5641,0.9859791409469767,0.008500740869144683,0.005520118183878616,NORMAL
5642,0.9859791409469767,0.008500740869144683,0.005520118183878616,NORMAL
5643,0.9859791409469767,0.008500740869144683,0.005520118183878616,NORMAL
5644,0.9859791409469767,0.008500740869144683,0.005520118183878616,NORMAL
5645,0.9859791409469767,0.008500740869144683,0.005520118183878616,NORMAL
5646,0.9859791409469767,0.008500740869144683,0.005520118183878616,NORMAL
5647,0.9859791409469767,0.008500740869144683,0.005520118183878616,NORMAL
5648,0.9859791409469767,0.008500740869144683,0.005520118183878616,NORMAL
5649,0.9859791409469767,0.008500740869144683,0.005520118183878616,NORMAL
5650,0.9859791409469767,0.008500740869144683,0.005520118183878616,NORMAL
5651,0.9859791409469767,0.008500740869144683,0.005520118183878616,NORMAL
5652,0.9859791409469767,0.008500740869144683,0.005520118183878616,NORMAL
5653,0.9859791409469767,0.008500740869144683,0.005520118183878616,NORMAL
5654,0.9859791409469767,0.008500740869144683,0.005520118183878616,NORMAL
5655,0.9859791409469767,0.008500740869144683,0.005520118183878616,NORMAL
5656,0.9859791409469767,0.008500740869144683,0.005520118183878616,NORMAL
5657,0.9859791409469767,0.008500740869144683,0.005520118183878616,NORMAL
5658,0.9859791409469767,0.008500740869144683,0.005520118183878616,NORMAL
5659,0.9859791409469767,0.008500740869144683,0.005520118183878616,NORMAL
5660,0.9859791409469767,0.008500740869144683,0.005520118183878616,NORMAL
5661,0.9859791409469767,0.008500740869144683,0.005520118183878616,NORMAL
5662,0.9859791409469767,0.008500740869144683,0.005520118183878616,NORMAL
5663,0.9859791409469767,0.008500740869144683,0.005520118183878616,NORMAL
5664,0.9859791409469767,0.008500740869144683,0.005520118183878616,NORMAL
5665,0.9859791409469767,0.008500740869144683,0.005520118183878616,NORMAL
5666,0.9859791409469767,0.008500740869144683,0.005520118183878616,NORMAL
5667,0.9859791409469767,0.008500740869144683,0.005520118183878616,NORMAL
5668,0.9859791409469767,0.008500740869144683,0.005520118183878616,NORMAL
5669,0.9859791409469767,0.008500740869144683,0.005520118183878616,NORMAL
5670,0.9859791409469767,0.008500740869144683,0.005520118183878616,NORMAL
5671,0.9859791409469767,0.008500740869144683,0.005520118183878616,NORMAL
5672,0.9859791409469767,0.008500740869144683,0.005520118183878616,NORMAL
5673,0.9859791409469767,0.008500740869144683,0.005520118183878616,NORMAL
5674,0.9859791409469767,0.008500740869144683,0.005520118183878616,NORMAL
5675,0.9859791409469767,0.008500740869144683,0.005520118183878616,NORMAL
5676,0.9859791409469767,0.008500740869144683,0.005520118183878616,NORMAL
5677,0.9859791409469767,0.008500740869144683,0.005520118183878616,NORMAL
5678,0.9859791409469767,0.008500740869144683,0.005520118183878616,NORMAL
5679,0.9859791409469767,0.008500740869144683,0.005520118183878616,NORMAL
5680,0.9859791409469767,0.008500740869144683,0.005520118183878616,NORMAL
5681,0.9859791409469767,0.008500740869144683,0.005520118183878616,NORMAL
5682,0.9859791409469767,0.008500740869144683,0.005520118183878616,NORMAL
5683,0.9859791409469767,0.008500740869144683,0.005520118183878616,NORMAL
5684,0.9859791409469767,0.008500740869144683,0.005520118183878616,NORMAL
5685,0.9859791409469767,0.008500740869144683,0.005520118183878616,NORMAL
5686,0.9859791409469767,0.008500740869144683,0.005520118183878616,NORMAL
5687,0.9859791409469767,0.008500740869144683,0.005520118183878616,NORMAL
5688,0.9859791409469767,0.008500740869144683,0.005520118183878616,NORMAL
5689,0.9859791409469767,0.008500740869144683,0.005520118183878616,NORMAL
5690,0.9859791409469767,0.008500740869144683,0.005520118183878616,NORMAL
5691,0.9859791409469767,0.008500740869144683,0.005520118183878616,NORMAL
5692,0.9859791409469767,0.008500740869144683,0.005520118183878616,NORMAL
5693,0.9859791409469767,0.008500740869144683,0.005520118183878616,NORMAL
5694,0.9859791409469767,0.008500740869144683,0.005520118183878616,NORMAL
5695,0.9859791409469767,0.008500740869144683,0.005520118183878616,NORMAL
5696,0.9859791409469767,0.008500740869144683,0.005520118183878616,NORMAL
5697,0.9859791409469767,0.008500740869144683,0.005520118183878616,NORMAL
5698,0.9859791409469767,0.008500740869144683,0.005520118183878616,NORMAL
5699,0.9859791409469767,0.008500740869144683,0.005520118183878616,NORMAL
5700,0.9859791409469767,0.008500740869144683,0.005520118183878616,NORMAL
5701,0.9859791409469767,0.008500740869144683,0.005520118183878616,NORMAL
5702,0.9859791409469767,0.008500740869144683,0.005520118183878616,NORMAL
5703,0.9859791409469767,0.008500740869144683,0.005520118183878616,NORMAL
5704,0.9859791409469767,0.008500740869144683,0.005520118183878616,NORMAL
5705,0.9859791409469767,0.008500740869144683,0.005520118183878616,NORMAL
5706,0.9859791409469767,0.008500740869144683,0.005520118183878616,NORMAL
5707,0.9859791409469767,0.008500740869144683,0.005520118183878616,NORMAL
5708,0.9859791409469767,0.008500740869144683,0.005520118183878616,NORMAL
5709,0.9859791409469767,0.008500740869144683,0.005520118183878616,NORMAL
5710,0.9859791409469767,0.008500740869144683,0.005520118183878616,NORMAL
5711,0.9859791409469767,0.008500740869144683,0.005520118183878616,NORMAL
5712,0.9859791409469767,0.008500740869144683,0.005520118183878616,NORMAL
5713,0.9859791409469767,0.008500740869144683,0.005520118183878616,NORMAL
5714,0.9859791409469767,0.008500740869144683,0.005520118183878616,NORMAL
5715,0.9859791409469767,0.008500740869144683,0.005520118183878616,NORMAL
5716,0.9859791409469767,0.008500740869144683,0.005520118183878616,NORMAL
5717,0.9859791409469767,0.008500740869144683,0.005520118183878616,NORMAL
5718,0.9859791409469767,0.008500740869144683,0.005520118183878616,NORMAL
5719,0.9859791409469767,0.008500740869144683,0.005520118183878616,NORMAL
5720,0.9859791409469767,0.008500740869144683,0.005520118183878616,NORMAL
5721,0.9859791409469767,0.008500740869144683,0.005520118183878616,NORMAL
5722,0.9859791409469767,0.008500740869144683,0.005520118183878616,NORMAL
5723,0.9859791409469767,0.008500740869144683,0.005520118183878616,NORMAL
5724,0.9859791409469767,0.008500740869144683,0.005520118183878616,NORMAL
5725,0.9859791409469767,0.008500740869144683,0.005520118183878616,NORMAL
5726,0.9859791409469767,0.008500740869144683,0.005520118183878616,NORMAL
5727,0.9859791409469767,0.008500740869144683,0.005520118183878616,NORMAL
5728,0.9859791409469767,0.008500740869144683,0.005520118183878616,NORMAL
5729,0.9859791409469767,0.008500740869144683,0.005520118183878616,NORMAL
5730,0.9859791409469767,0.008500740869144683,0.005520118183878616,NORMAL
5731,0.9859791409469767,0.008500740869144683,0.005520118183878616,NORMAL
5732,0.9859791409469767,0.008500740869144683,0.005520118183878616,NORMAL
5733,0.9859791409469767,0.008500740869144683,0.005520118183878616,NORMAL
5734,0.9859791409469767,0.008500740869144683,0.005520118183878616,NORMAL
5735,0.9859791409469767,0.008500740869144683,0.005520118183878616,NORMAL
5736,0.9859791409469767,0.008500740869144683,0.005520118183878616,NORMAL
5737,0.9859791409469767,0.008500740869144683,0.005520118183878616,NORMAL
5738,0.9859791409469767,0.008500740869144683,0.005520118183878616,NORMAL
5739,0.9859791409469767,0.008500740869144683,0.005520118183878616,NORMAL
5740,0.9859791409469767,0.008500740869144683,0.005520118183878616,NORMAL
5741,0.9859791409469767,0.008500740869144683,0.005520118183878616,NORMAL
5742,0.9859791409469767,0.008500740869144683,0.005520118183878616,NORMAL
5743,0.9859791409469767,0.008500740869144683,0.005520118183878616,NORMAL
5744,0.9859791409469767,0.008500740869144683,0.005520118183878616,NORMAL
5745,0.9859791409469767,0.008500740869144683,0.005520118183878616,NORMAL
5746,0.9859791409469767,0.008500740869144683,0.005520118183878616,NORMAL
5747,0.9859791409469767,0.008500740869144683,0.005520118183878616,NORMAL
5748,0.9859791409469767,0.008500740869144683,0.005520118183878616,NORMAL
5749,0.9859791409469767,0.008500740869144683,0.005520118183878616,NORMAL
5750,0.9859791409469767,0.008500740869144683,0.005520118183878616,NORMAL
5751,0.9859791409469767,0.008500740869144683,0.005520118183878616,NORMAL
5752,0.9859791409469767,0.008500740869144683,0.005520118183878616,NORMAL
5753,0.9859791409469767,0.008500740869144683,0.005520118183878616,NORMAL
5754,0.9859791409469767,0.008500740869144683,0.005520118183878616,NORMAL
5755,0.9859791409469767,0.008500740869144683,0.005520118183878616,NORMAL
5756,0.9859791409469767,0.008500740869144683,0.005520118183878616,NORMAL
5757,0.9859791409469767,0.008500740869144683,0.005520118183878616,NORMAL
5758,0.9859791409469767,0.008500740869144683,0.005520118183878616,NORMAL
5759,0.9859791409469767,0.008500740869144683,0.005520118183878616,NORMAL
5760,0.9859791409469767,0.008500740869144683,0.005520118183878616,NORMAL
5761,0.9859791409469767,0.008500740869144683,0.005520118183878616,NORMAL
5762,0.9859791409469767,0.008500740869144683,0.005520118183878616,NORMAL
5763,0.9859791409469767,0.008500740869144683,0.005520118183878616,NORMAL
5764,0.9859791409469767,0.008500740869144683,0.005520118183878616,NORMAL
5765,0.9859791409469767,0.008500740869144683,0.005520118183878616,NORMAL
5766,0.9859791409469767,0.008500740869144683,0.005520118183878616,NORMAL
5767,0.9859791409469767,0.008500740869144683,0.005520118183878616,NORMAL
5768,0.9859791409469767,0.008500740869144683,0.005520118183878616,NORMAL
5769,0.9859791409469767,0.008500740869144683,0.005520118183878616,NORMAL
5770,0.9859791409469767,0.008500740869144683,0.005520118183878616,NORMAL
5771,0.9859791409469767,0.008500740869144683,0.005520118183878616,NORMAL
5772,0.9859791409469767,0.008500740869144683,0.005520118183878616,NORMAL
5773,0.9859791409469767,0.008500740869144683,0.005520118183878616,NORMAL
5774,0.9859791409469767,0.008500740869144683,0.005520118183878616,NORMAL
5775,0.9859791409469767,0.008500740869144683,0.005520118183878616,NORMAL
5776,0.9859791409469767,0.008500740869144683,0.005520118183878616,NORMAL
5777,0.9859791409469767,0.008500740869144683,0.005520118183878616,NORMAL
5778,0.9879624270110484,0.005915827228695014,0.006121745760256779,NORMAL
5779,0.9879624270110484,0.005915827228695014,0.006121745760256779,NORMAL
5780,0.9879624270110484,0.005915827228695014,0.006121745760256779,NORMAL
5781,0.9879624270110484,0.005915827228695014,0.006121745760256779,NORMAL
5782,0.9879624270110484,0.005915827228695014,0.006121745760256779,NORMAL
5783,0.9879624270110484,0.005915827228695014,0.006121745760256779,NORMAL
5784,0.9879624270110484,0.005915827228695014,0.006121745760256779,NORMAL
5785,0.9879624270110484,0.005915827228695014,0.006121745760256779,NORMAL
5786,0.9879624270110484,0.005915827228695014,0.006121745760256779,NORMAL
5787,0.9879624270110484,0.005915827228695014,0.006121745760256779,NORMAL
5788,0.9879624270110484,0.005915827228695014,0.006121745760256779,NORMAL
5789,0.9879624270110484,0.005915827228695014,0.006121745760256779,NORMAL
5790,0.9879624270110484,0.005915827228695014,0.006121745760256779,NORMAL
5791,0.9879624270110484,0.005915827228695014,0.006121745760256779,NORMAL
5792,0.9879624270110484,0.005915827228695014,0.006121745760256779,NORMAL
5793,0.9879624270110484,0.005915827228695014,0.006121745760256779,NORMAL
5794,0.9879624270110484,0.005915827228695014,0.006121745760256779,NORMAL
5795,0.9879624270110484,0.005915827228695014,0.006121745760256779,NORMAL
5796,0.9879624270110484,0.005915827228695014,0.006121745760256779,NORMAL
5797,0.9879624270110484,0.005915827228695014,0.006121745760256779,NORMAL
5798,0.9879624270110484,0.005915827228695014,0.006121745760256779,NORMAL
5799,0.9879624270110484,0.005915827228695014,0.006121745760256779,NORMAL
5800,0.9879624270110484,0.005915827228695014,0.006121745760256779,NORMAL
5801,0.9879624270110484,0.005915827228695014,0.006121745760256779,NORMAL
5802,0.9879624270110484,0.005915827228695014,0.006121745760256779,NORMAL
5803,0.9879624270110484,0.005915827228695014,0.006121745760256779,NORMAL
5804,0.9879624270110484,0.005915827228695014,0.006121745760256779,NORMAL
5805,0.9879624270110484,0.005915827228695014,0.006121745760256779,NORMAL
5806,0.9879624270110484,0.005915827228695014,0.006121745760256779,NORMAL
5807,0.9879624270110484,0.005915827228695014,0.006121745760256779,NORMAL
5808,0.9879624270110484,0.005915827228695014,0.006121745760256779,NORMAL
5809,0.9869802765605064,0.006577679428849465,0.0064420440106441506,CRITICAL
5810,0.9879624270110484,0.005915827228695014,0.006121745760256779,NORMAL
5811,0.9879624270110484,0.005915827228695014,0.006121745760256779,NORMAL
5812,0.9879624270110484,0.005915827228695014,0.006121745760256779,NORMAL
5813,0.9879624270110484,0.005915827228695014,0.006121745760256779,NORMAL
5814,0.9859791409469767,0.008500740869144683,0.005520118183878616,NORMAL
5815,0.9859791409469767,0.008500740869144683,0.005520118183878616,NORMAL
5816,0.9859791409469767,0.008500740869144683,0.005520118183878616,NORMAL
5817,0.9859791409469767,0.008500740869144683,0.005520118183878616,NORMAL
5818,0.9859791409469767,0.008500740869144683,0.005520118183878616,NORMAL
5819,0.9859791409469767,0.008500740869144683,0.005520118183878616,NORMAL
5820,0.9859791409469767,0.008500740869144683,0.005520118183878616,NORMAL
5821,0.9859791409469767,0.008500740869144683,0.005520118183878616,NORMAL
5822,0.9859791409469767,0.008500740869144683,0.005520118183878616,NORMAL
5823,0.9859791409469767,0.008500740869144683,0.005520118183878616,NORMAL
5824,0.9859791409469767,0.008500740869144683,0.005520118183878616,NORMAL
5825,0.9859791409469767,0.008500740869144683,0.005520118183878616,NORMAL
5826,0.9859791409469767,0.008500740869144683,0.005520118183878616,NORMAL
5827,0.9859791409469767,0.008500740869144683,0.005520118183878616,NORMAL
5828,0.9859791409469767,0.008500740869144683,0.005520118183878616,NORMAL
5829,0.9859791409469767,0.008500740869144683,0.005520118183878616,NORMAL
5830,0.9859791409469767,0.008500740869144683,0.005520118183878616,NORMAL
5831,0.9859791409469767,0.008500740869144683,0.005520118183878616,NORMAL
5832,0.9861457749806429,0.0072039971467352795,0.00665022787262171,NORMAL
5833,0.9861457749806429,0.0072039971467352795,0.00665022787262171,NORMAL
5834,0.9861457749806429,0.0072039971467352795,0.00665022787262171,NORMAL
5835,0.9861457749806429,0.0072039971467352795,0.00665022787262171,NORMAL
5836,0.9861457749806429,0.0072039971467352795,0.00665022787262171,NORMAL
5837,0.9861457749806429,0.0072039971467352795,0.00665022787262171,NORMAL
5838,0.9861457749806429,0.0072039971467352795,0.00665022787262171,NORMAL
5839,0.9861457749806429,0.0072039971467352795,0.00665022787262171,NORMAL
5840,0.9861457749806429,0.0072039971467352795,0.00665022787262171,NORMAL
5841,0.9861457749806429,0.0072039971467352795,0.00665022787262171,NORMAL
5842,0.9861457749806429,0.0072039971467352795,0.00665022787262171,NORMAL
5843,0.9861457749806429,0.0072039971467352795,0.00665022787262171,NORMAL
5844,0.9861457749806429,0.0072039971467352795,0.00665022787262171,NORMAL
5845,0.9861457749806429,0.0072039971467352795,0.00665022787262171,NORMAL
5846,0.9861457749806429,0.0072039971467352795,0.00665022787262171,NORMAL
5847,0.9861457749806429,0.0072039971467352795,0.00665022787262171,NORMAL
5848,0.9861457749806429,0.0072039971467352795,0.00665022787262171,NORMAL
5849,0.9861457749806429,0.0072039971467352795,0.00665022787262171,NORMAL
5850,0.9859791409469767,0.008500740869144683,0.005520118183878616,NORMAL
5851,0.9859791409469767,0.008500740869144683,0.005520118183878616,NORMAL
5852,0.9859791409469767,0.008500740869144683,0.005520118183878616,NORMAL
5853,0.9859791409469767,0.008500740869144683,0.005520118183878616,NORMAL
5854,0.9859791409469767,0.008500740869144683,0.005520118183878616,NORMAL
5855,0.9859791409469767,0.008500740869144683,0.005520118183878616,NORMAL
5856,0.9859791409469767,0.008500740869144683,0.005520118183878616,NORMAL
5857,0.9859791409469767,0.008500740869144683,0.005520118183878616,NORMAL
5858,0.9859791409469767,0.008500740869144683,0.005520118183878616,NORMAL
5859,0.9859791409469767,0.008500740869144683,0.005520118183878616,NORMAL
5860,0.9859791409469767,0.008500740869144683,0.005520118183878616,NORMAL
5861,0.9859791409469767,0.008500740869144683,0.005520118183878616,NORMAL
5862,0.9859791409469767,0.008500740869144683,0.005520118183878616,NORMAL
5863,0.9859791409469767,0.008500740869144683,0.005520118183878616,NORMAL
5864,0.9859791409469767,0.008500740869144683,0.005520118183878616,NORMAL
5865,0.9859791409469767,0.008500740869144683,0.005520118183878616,NORMAL
5866,0.9859791409469767,0.008500740869144683,0.005520118183878616,NORMAL
5867,0.9859791409469767,0.008500740869144683,0.005520118183878616,NORMAL
5868,0.9861457749806429,0.0072039971467352795,0.00665022787262171,NORMAL
5869,0.9861457749806429,0.0072039971467352795,0.00665022787262171,NORMAL
5870,0.9861457749806429,0.0072039971467352795,0.00665022787262171,NORMAL
5871,0.9861457749806429,0.0072039971467352795,0.00665022787262171,NORMAL
5872,0.9861457749806429,0.0072039971467352795,0.00665022787262171,NORMAL
5873,0.9861457749806429,0.0072039971467352795,0.00665022787262171,NORMAL
5874,0.9861457749806429,0.0072039971467352795,0.00665022787262171,NORMAL
5875,0.9861457749806429,0.0072039971467352795,0.00665022787262171,NORMAL
5876,0.9861457749806429,0.0072039971467352795,0.00665022787262171,NORMAL
5877,0.9861457749806429,0.0072039971467352795,0.00665022787262171,NORMAL
5878,0.9861457749806429,0.0072039971467352795,0.00665022787262171,NORMAL
5879,0.9861457749806429,0.0072039971467352795,0.00665022787262171,NORMAL
5880,0.9861457749806429,0.0072039971467352795,0.00665022787262171,NORMAL
5881,0.9861457749806429,0.0072039971467352795,0.00665022787262171,NORMAL
5882,0.9861457749806429,0.0072039971467352795,0.00665022787262171,NORMAL
5883,0.9861457749806429,0.0072039971467352795,0.00665022787262171,NORMAL
5884,0.9861457749806429,0.0072039971467352795,0.00665022787262171,NORMAL
5885,0.9861457749806429,0.0072039971467352795,0.00665022787262171,NORMAL
5886,0.9879624270110484,0.005915827228695014,0.006121745760256779,NORMAL
5887,0.9879624270110484,0.005915827228695014,0.006121745760256779,NORMAL
5888,0.9879624270110484,0.005915827228695014,0.006121745760256779,NORMAL
5889,0.9879624270110484,0.005915827228695014,0.006121745760256779,NORMAL
5890,0.9879624270110484,0.005915827228695014,0.006121745760256779,NORMAL
5891,0.9879624270110484,0.005915827228695014,0.006121745760256779,NORMAL
5892,0.9879624270110484,0.005915827228695014,0.006121745760256779,NORMAL
5893,0.9879624270110484,0.005915827228695014,0.006121745760256779,NORMAL
5894,0.9879624270110484,0.005915827228695014,0.006121745760256779,NORMAL
5895,0.9879624270110484,0.005915827228695014,0.006121745760256779,NORMAL
5896,0.9879624270110484,0.005915827228695014,0.006121745760256779,NORMAL
5897,0.9879624270110484,0.005915827228695014,0.006121745760256779,NORMAL
5898,0.9879624270110484,0.005915827228695014,0.006121745760256779,NORMAL
5899,0.9879624270110484,0.005915827228695014,0.006121745760256779,NORMAL
5900,0.9879624270110484,0.005915827228695014,0.006121745760256779,NORMAL
5901,0.9879624270110484,0.005915827228695014,0.006121745760256779,NORMAL
5902,0.9879624270110484,0.005915827228695014,0.006121745760256779,NORMAL
5903,0.9879624270110484,0.005915827228695014,0.006121745760256779,NORMAL
5904,0.9859791409469767,0.008500740869144683,0.005520118183878616,NORMAL
5905,0.9859791409469767,0.008500740869144683,0.005520118183878616,NORMAL
5906,0.9859791409469767,0.008500740869144683,0.005520118183878616,NORMAL
5907,0.9859791409469767,0.008500740869144683,0.005520118183878616,NORMAL
5908,0.9859791409469767,0.008500740869144683,0.005520118183878616,NORMAL
5909,0.9859791409469767,0.008500740869144683,0.005520118183878616,NORMAL
5910,0.9859791409469767,0.008500740869144683,0.005520118183878616,NORMAL
5911,0.9859791409469767,0.008500740869144683,0.005520118183878616,NORMAL
5912,0.9859791409469767,0.008500740869144683,0.005520118183878616,NORMAL
5913,0.9859791409469767,0.008500740869144683,0.005520118183878616,NORMAL
5914,0.9859791409469767,0.008500740869144683,0.005520118183878616,NORMAL
5915,0.9859791409469767,0.008500740869144683,0.005520118183878616,NORMAL
5916,0.9859791409469767,0.008500740869144683,0.005520118183878616,NORMAL
5917,0.9859791409469767,0.008500740869144683,0.005520118183878616,NORMAL
5918,0.9859791409469767,0.008500740869144683,0.005520118183878616,NORMAL
5919,0.9859791409469767,0.008500740869144683,0.005520118183878616,NORMAL
5920,0.9859791409469767,0.008500740869144683,0.005520118183878616,NORMAL
5921,0.9859791409469767,0.008500740869144683,0.005520118183878616,NORMAL
5922,0.9879624270110484,0.005915827228695014,0.006121745760256779,NORMAL
5923,0.9879624270110484,0.005915827228695014,0.006121745760256779,NORMAL
5924,0.9879624270110484,0.005915827228695014,0.006121745760256779,NORMAL
5925,0.9879624270110484,0.005915827228695014,0.006121745760256779,NORMAL
5926,0.9879624270110484,0.005915827228695014,0.006121745760256779,NORMAL
5927,0.9879624270110484,0.005915827228695014,0.006121745760256779,NORMAL
5928,0.9879624270110484,0.005915827228695014,0.006121745760256779,NORMAL
5929,0.9879624270110484,0.005915827228695014,0.006121745760256779,NORMAL
5930,0.9879624270110484,0.005915827228695014,0.006121745760256779,NORMAL
5931,0.9879624270110484,0.005915827228695014,0.006121745760256779,NORMAL
5932,0.9879624270110484,0.005915827228695014,0.006121745760256779,NORMAL
5933,0.9879624270110484,0.005915827228695014,0.006121745760256779,NORMAL
5934,0.9879624270110484,0.005915827228695014,0.006121745760256779,NORMAL
5935,0.9879624270110484,0.005915827228695014,0.006121745760256779,NORMAL
5936,0.9879624270110484,0.005915827228695014,0.006121745760256779,NORMAL
5937,0.9879624270110484,0.005915827228695014,0.006121745760256779,NORMAL
5938,0.9879624270110484,0.005915827228695014,0.006121745760256779,NORMAL
5939,0.9879624270110484,0.005915827228695014,0.006121745760256779,NORMAL
5940,0.9861457749806429,0.0072039971467352795,0.00665022787262171,NORMAL
5941,0.9861457749806429,0.0072039971467352795,0.00665022787262171,NORMAL
5942,0.9861457749806429,0.0072039971467352795,0.00665022787262171,NORMAL
5943,0.9861457749806429,0.0072039971467352795,0.00665022787262171,NORMAL
5944,0.9861457749806429,0.0072039971467352795,0.00665022787262171,NORMAL
5945,0.9861457749806429,0.0072039971467352795,0.00665022787262171,NORMAL
5946,0.9861457749806429,0.0072039971467352795,0.00665022787262171,NORMAL
5947,0.9861457749806429,0.0072039971467352795,0.00665022787262171,NORMAL
5948,0.9861457749806429,0.0072039971467352795,0.00665022787262171,NORMAL
5949,0.9861457749806429,0.0072039971467352795,0.00665022787262171,NORMAL
5950,0.9861457749806429,0.0072039971467352795,0.00665022787262171,NORMAL
5951,0.9861457749806429,0.0072039971467352795,0.00665022787262171,NORMAL
5952,0.9861457749806429,0.0072039971467352795,0.00665022787262171,NORMAL
5953,0.9861457749806429,0.0072039971467352795,0.00665022787262171,NORMAL
5954,0.9861457749806429,0.0072039971467352795,0.00665022787262171,NORMAL
5955,0.9861457749806429,0.0072039971467352795,0.00665022787262171,NORMAL
5956,0.9861457749806429,0.0072039971467352795,0.00665022787262171,NORMAL
5957,0.9861457749806429,0.0072039971467352795,0.00665022787262171,NORMAL
5958,0.9859791409469767,0.008500740869144683,0.005520118183878616,NORMAL
5959,0.9859791409469767,0.008500740869144683,0.005520118183878616,NORMAL
5960,0.9859791409469767,0.008500740869144683,0.005520118183878616,NORMAL
5961,0.9859791409469767,0.008500740869144683,0.005520118183878616,NORMAL
5962,0.9859791409469767,0.008500740869144683,0.005520118183878616,NORMAL
5963,0.9859791409469767,0.008500740869144683,0.005520118183878616,NORMAL
5964,0.9859791409469767,0.008500740869144683,0.005520118183878616,NORMAL
5965,0.9859791409469767,0.008500740869144683,0.005520118183878616,NORMAL
5966,0.9859791409469767,0.008500740869144683,0.005520118183878616,NORMAL
5967,0.9859791409469767,0.008500740869144683,0.005520118183878616,NORMAL
5968,0.9859791409469767,0.008500740869144683,0.005520118183878616,NORMAL
5969,0.9859791409469767,0.008500740869144683,0.005520118183878616,NORMAL
5970,0.9859791409469767,0.008500740869144683,0.005520118183878616,NORMAL
5971,0.9859791409469767,0.008500740869144683,0.005520118183878616,NORMAL
5972,0.9859791409469767,0.008500740869144683,0.005520118183878616,NORMAL
5973,0.9859791409469767,0.008500740869144683,0.005520118183878616,NORMAL
5974,0.9859791409469767,0.008500740869144683,0.005520118183878616,NORMAL
5975,0.9859791409469767,0.008500740869144683,0.005520118183878616,NORMAL
5976,0.9859791409469767,0.008500740869144683,0.005520118183878616,NORMAL
5977,0.9859791409469767,0.008500740869144683,0.005520118183878616,NORMAL
5978,0.9859791409469767,0.008500740869144683,0.005520118183878616,NORMAL
5979,0.9859791409469767,0.008500740869144683,0.005520118183878616,NORMAL
5980,0.9859791409469767,0.008500740869144683,0.005520118183878616,NORMAL
5981,0.9859791409469767,0.008500740869144683,0.005520118183878616,NORMAL
5982,0.9859791409469767,0.008500740869144683,0.005520118183878616,NORMAL
5983,0.9859791409469767,0.008500740869144683,0.005520118183878616,NORMAL
5984,0.9859791409469767,0.008500740869144683,0.005520118183878616,NORMAL
5985,0.9859791409469767,0.008500740869144683,0.005520118183878616,NORMAL
5986,0.9859791409469767,0.008500740869144683,0.005520118183878616,NORMAL
5987,0.9859791409469767,0.008500740869144683,0.005520118183878616,NORMAL
5988,0.9859791409469767,0.008500740869144683,0.005520118183878616,NORMAL
5989,0.9859791409469767,0.008500740869144683,0.005520118183878616,NORMAL
5990,0.9859791409469767,0.008500740869144683,0.005520118183878616,NORMAL
5991,0.9859791409469767,0.008500740869144683,0.005520118183878616,NORMAL
5992,0.9859791409469767,0.008500740869144683,0.005520118183878616,NORMAL
5993,0.9859791409469767,0.008500740869144683,0.005520118183878616,NORMAL
5994,0.9861457749806429,0.0072039971467352795,0.00665022787262171,NORMAL
5995,0.9861457749806429,0.0072039971467352795,0.00665022787262171,NORMAL
5996,0.9861457749806429,0.0072039971467352795,0.00665022787262171,NORMAL
5997,0.9861457749806429,0.0072039971467352795,0.00665022787262171,NORMAL
5998,0.9861457749806429,0.0072039971467352795,0.00665022787262171,NORMAL
5999,0.9861457749806429,0.0072039971467352795,0.00665022787262171,NORMAL
6000,0.9861457749806429,0.0072039971467352795,0.00665022787262171,NORMAL
6001,0.9861457749806429,0.0072039971467352795,0.00665022787262171,NORMAL
6002,0.9861457749806429,0.0072039971467352795,0.00665022787262171,NORMAL
6003,0.9861457749806429,0.0072039971467352795,0.00665022787262171,NORMAL
6004,0.9861457749806429,0.0072039971467352795,0.00665022787262171,NORMAL
6005,0.9861457749806429,0.0072039971467352795,0.00665022787262171,NORMAL
6006,0.9861457749806429,0.0072039971467352795,0.00665022787262171,NORMAL
6007,0.9861457749806429,0.0072039971467352795,0.00665022787262171,NORMAL
6008,0.9861457749806429,0.0072039971467352795,0.00665022787262171,NORMAL
6009,0.9861457749806429,0.0072039971467352795,0.00665022787262171,NORMAL
6010,0.9861457749806429,0.0072039971467352795,0.00665022787262171,NORMAL
6011,0.9861457749806429,0.0072039971467352795,0.00665022787262171,NORMAL
6012,0.9859791409469767,0.008500740869144683,0.005520118183878616,NORMAL
6013,0.9859791409469767,0.008500740869144683,0.005520118183878616,NORMAL
6014,0.9859791409469767,0.008500740869144683,0.005520118183878616,NORMAL
6015,0.9859791409469767,0.008500740869144683,0.005520118183878616,NORMAL
6016,0.9859791409469767,0.008500740869144683,0.005520118183878616,NORMAL
6017,0.9859791409469767,0.008500740869144683,0.005520118183878616,NORMAL
6018,0.9859791409469767,0.008500740869144683,0.005520118183878616,NORMAL
6019,0.9859791409469767,0.008500740869144683,0.005520118183878616,NORMAL
6020,0.9859791409469767,0.008500740869144683,0.005520118183878616,NORMAL
6021,0.9859791409469767,0.008500740869144683,0.005520118183878616,NORMAL
6022,0.9859791409469767,0.008500740869144683,0.005520118183878616,NORMAL
6023,0.9859791409469767,0.008500740869144683,0.005520118183878616,NORMAL
6024,0.9859791409469767,0.008500740869144683,0.005520118183878616,NORMAL
6025,0.9859791409469767,0.008500740869144683,0.005520118183878616,NORMAL
6026,0.9859791409469767,0.008500740869144683,0.005520118183878616,NORMAL
6027,0.9859791409469767,0.008500740869144683,0.005520118183878616,NORMAL
6028,0.9859791409469767,0.008500740869144683,0.005520118183878616,NORMAL
6029,0.9859791409469767,0.008500740869144683,0.005520118183878616,NORMAL
6030,0.9879624270110484,0.005915827228695014,0.006121745760256779,NORMAL
6031,0.9879624270110484,0.005915827228695014,0.006121745760256779,NORMAL
6032,0.9879624270110484,0.005915827228695014,0.006121745760256779,NORMAL
6033,0.9879624270110484,0.005915827228695014,0.006121745760256779,NORMAL
6034,0.9879624270110484,0.005915827228695014,0.006121745760256779,NORMAL
6035,0.9879624270110484,0.005915827228695014,0.006121745760256779,NORMAL
6036,0.9879624270110484,0.005915827228695014,0.006121745760256779,NORMAL
6037,0.9879624270110484,0.005915827228695014,0.006121745760256779,NORMAL
6038,0.9879624270110484,0.005915827228695014,0.006121745760256779,NORMAL
6039,0.9879624270110484,0.005915827228695014,0.006121745760256779,NORMAL
6040,0.9879624270110484,0.005915827228695014,0.006121745760256779,NORMAL
6041,0.9879624270110484,0.005915827228695014,0.006121745760256779,NORMAL
6042,0.9879624270110484,0.005915827228695014,0.006121745760256779,NORMAL
6043,0.9879624270110484,0.005915827228695014,0.006121745760256779,NORMAL
6044,0.9879624270110484,0.005915827228695014,0.006121745760256779,NORMAL
6045,0.9879624270110484,0.005915827228695014,0.006121745760256779,NORMAL
6046,0.9879624270110484,0.005915827228695014,0.006121745760256779,NORMAL
6047,0.9879624270110484,0.005915827228695014,0.006121745760256779,NORMAL
6048,0.9861457749806429,0.0072039971467352795,0.00665022787262171,NORMAL
6049,0.9861457749806429,0.0072039971467352795,0.00665022787262171,NORMAL
6050,0.9861457749806429,0.0072039971467352795,0.00665022787262171,NORMAL
6051,0.9861457749806429,0.0072039971467352795,0.00665022787262171,NORMAL
6052,0.9861457749806429,0.0072039971467352795,0.00665022787262171,NORMAL
6053,0.9861457749806429,0.0072039971467352795,0.00665022787262171,NORMAL
6054,0.9861457749806429,0.0072039971467352795,0.00665022787262171,NORMAL
6055,0.9861457749806429,0.0072039971467352795,0.00665022787262171,NORMAL
6056,0.9861457749806429,0.0072039971467352795,0.00665022787262171,NORMAL
6057,0.9861457749806429,0.0072039971467352795,0.00665022787262171,NORMAL
6058,0.9861457749806429,0.0072039971467352795,0.00665022787262171,NORMAL
6059,0.9861457749806429,0.0072039971467352795,0.00665022787262171,NORMAL
6060,0.9861457749806429,0.0072039971467352795,0.00665022787262171,NORMAL
6061,0.9861457749806429,0.0072039971467352795,0.00665022787262171,NORMAL
6062,0.9861457749806429,0.0072039971467352795,0.00665022787262171,NORMAL
6063,0.9861457749806429,0.0072039971467352795,0.00665022787262171,NORMAL
6064,0.9861457749806429,0.0072039971467352795,0.00665022787262171,NORMAL
6065,0.9861457749806429,0.0072039971467352795,0.00665022787262171,NORMAL
6066,0.9861457749806429,0.0072039971467352795,0.00665022787262171,NORMAL
6067,0.9861457749806429,0.0072039971467352795,0.00665022787262171,NORMAL
6068,0.9861457749806429,0.0072039971467352795,0.00665022787262171,NORMAL
6069,0.9861457749806429,0.0072039971467352795,0.00665022787262171,NORMAL
6070,0.9861457749806429,0.0072039971467352795,0.00665022787262171,NORMAL
6071,0.9861457749806429,0.0072039971467352795,0.00665022787262171,NORMAL
6072,0.9861457749806429,0.0072039971467352795,0.00665022787262171,NORMAL
6073,0.9861457749806429,0.0072039971467352795,0.00665022787262171,NORMAL
6074,0.9861457749806429,0.0072039971467352795,0.00665022787262171,NORMAL
6075,0.9861457749806429,0.0072039971467352795,0.00665022787262171,NORMAL
6076,0.9861457749806429,0.0072039971467352795,0.00665022787262171,NORMAL
6077,0.9861457749806429,0.0072039971467352795,0.00665022787262171,NORMAL
6078,0.9861457749806429,0.0072039971467352795,0.00665022787262171,NORMAL
6079,0.9861457749806429,0.0072039971467352795,0.00665022787262171,NORMAL
6080,0.9861457749806429,0.0072039971467352795,0.00665022787262171,NORMAL
6081,0.9861457749806429,0.0072039971467352795,0.00665022787262171,NORMAL
6082,0.9861457749806429,0.0072039971467352795,0.00665022787262171,NORMAL
6083,0.9861457749806429,0.0072039971467352795,0.00665022787262171,NORMAL
6084,0.9879624270110484,0.005915827228695014,0.006121745760256779,NORMAL
6085,0.9879624270110484,0.005915827228695014,0.006121745760256779,NORMAL
6086,0.9879624270110484,0.005915827228695014,0.006121745760256779,NORMAL
6087,0.9879624270110484,0.005915827228695014,0.006121745760256779,NORMAL
6088,0.9879624270110484,0.005915827228695014,0.006121745760256779,NORMAL
6089,0.9879624270110484,0.005915827228695014,0.006121745760256779,NORMAL
6090,0.9879624270110484,0.005915827228695014,0.006121745760256779,NORMAL
6091,0.9879624270110484,0.005915827228695014,0.006121745760256779,NORMAL
6092,0.9879624270110484,0.005915827228695014,0.006121745760256779,NORMAL
6093,0.9879624270110484,0.005915827228695014,0.006121745760256779,NORMAL
6094,0.9879624270110484,0.005915827228695014,0.006121745760256779,NORMAL
6095,0.9879624270110484,0.005915827228695014,0.006121745760256779,NORMAL
6096,0.9879624270110484,0.005915827228695014,0.006121745760256779,NORMAL
6097,0.9879624270110484,0.005915827228695014,0.006121745760256779,NORMAL
6098,0.9879624270110484,0.005915827228695014,0.006121745760256779,NORMAL
6099,0.9879624270110484,0.005915827228695014,0.006121745760256779,NORMAL
6100,0.9879624270110484,0.005915827228695014,0.006121745760256779,NORMAL
6101,0.9879624270110484,0.005915827228695014,0.006121745760256779,NORMAL
6102,0.9859791409469767,0.008500740869144683,0.005520118183878616,NORMAL
6103,0.9859791409469767,0.008500740869144683,0.005520118183878616,NORMAL
6104,0.9849709140331567,0.009508809149963604,0.005520276816879565,NORMAL
6105,0.9859791409469767,0.008500740869144683,0.005520118183878616,NORMAL
6106,0.9859791409469767,0.008500740869144683,0.005520118183878616,NORMAL
6107,0.9859791409469767,0.008500740869144683,0.005520118183878616,NORMAL
6108,0.9859791409469767,0.008500740869144683,0.005520118183878616,NORMAL
6109,0.9859791409469767,0.008500740869144683,0.005520118183878616,NORMAL
6110,0.9859791409469767,0.008500740869144683,0.005520118183878616,NORMAL
6111,0.9859791409469767,0.008500740869144683,0.005520118183878616,NORMAL
6112,0.9859791409469767,0.008500740869144683,0.005520118183878616,NORMAL
6113,0.9859791409469767,0.008500740869144683,0.005520118183878616,NORMAL
6114,0.9859791409469767,0.008500740869144683,0.005520118183878616,NORMAL
6115,0.9859791409469767,0.008500740869144683,0.005520118183878616,NORMAL
6116,0.9859791409469767,0.008500740869144683,0.005520118183878616,NORMAL
6117,0.9859791409469767,0.008500740869144683,0.005520118183878616,NORMAL
6118,0.9859791409469767,0.008500740869144683,0.005520118183878616,NORMAL
6119,0.9859791409469767,0.008500740869144683,0.005520118183878616,NORMAL
6120,0.9859791409469767,0.008500740869144683,0.005520118183878616,NORMAL
6121,0.9859791409469767,0.008500740869144683,0.005520118183878616,NORMAL
6122,0.9859791409469767,0.008500740869144683,0.005520118183878616,NORMAL
6123,0.9859791409469767,0.008500740869144683,0.005520118183878616,NORMAL
6124,0.9859791409469767,0.008500740869144683,0.005520118183878616,NORMAL
6125,0.9859791409469767,0.008500740869144683,0.005520118183878616,NORMAL
6126,0.9859791409469767,0.008500740869144683,0.005520118183878616,NORMAL
6127,0.9859791409469767,0.008500740869144683,0.005520118183878616,NORMAL
6128,0.9859791409469767,0.008500740869144683,0.005520118183878616,NORMAL
6129,0.9859791409469767,0.008500740869144683,0.005520118183878616,NORMAL
6130,0.9859791409469767,0.008500740869144683,0.005520118183878616,NORMAL
6131,0.9859791409469767,0.008500740869144683,0.005520118183878616,NORMAL
6132,0.9859791409469767,0.008500740869144683,0.005520118183878616,NORMAL
6133,0.9859791409469767,0.008500740869144683,0.005520118183878616,NORMAL
6134,0.9859791409469767,0.008500740869144683,0.005520118183878616,NORMAL
6135,0.9859791409469767,0.008500740869144683,0.005520118183878616,NORMAL
6136,0.9859791409469767,0.008500740869144683,0.005520118183878616,NORMAL
6137,0.9859791409469767,0.008500740869144683,0.005520118183878616,NORMAL
6138,0.9861457749806429,0.0072039971467352795,0.00665022787262171,NORMAL
6139,0.9861457749806429,0.0072039971467352795,0.00665022787262171,NORMAL
6140,0.9861457749806429,0.0072039971467352795,0.00665022787262171,NORMAL
6141,0.9861457749806429,0.0072039971467352795,0.00665022787262171,NORMAL
6142,0.9861457749806429,0.0072039971467352795,0.00665022787262171,NORMAL
6143,0.9861457749806429,0.0072039971467352795,0.00665022787262171,NORMAL
6144,0.9861457749806429,0.0072039971467352795,0.00665022787262171,NORMAL
6145,0.9861457749806429,0.0072039971467352795,0.00665022787262171,NORMAL
6146,0.9861457749806429,0.0072039971467352795,0.00665022787262171,NORMAL
6147,0.9861457749806429,0.0072039971467352795,0.00665022787262171,NORMAL
6148,0.9861457749806429,0.0072039971467352795,0.00665022787262171,NORMAL
6149,0.9861457749806429,0.0072039971467352795,0.00665022787262171,NORMAL
6150,0.9861457749806429,0.0072039971467352795,0.00665022787262171,NORMAL
6151,0.9861457749806429,0.0072039971467352795,0.00665022787262171,NORMAL
6152,0.9861457749806429,0.0072039971467352795,0.00665022787262171,NORMAL
6153,0.9861457749806429,0.0072039971467352795,0.00665022787262171,NORMAL
6154,0.9861457749806429,0.0072039971467352795,0.00665022787262171,NORMAL
6155,0.9861457749806429,0.0072039971467352795,0.00665022787262171,NORMAL
6156,0.9861457749806429,0.0072039971467352795,0.00665022787262171,NORMAL
6157,0.9861457749806429,0.0072039971467352795,0.00665022787262171,NORMAL
6158,0.9861457749806429,0.0072039971467352795,0.00665022787262171,NORMAL
6159,0.9861457749806429,0.0072039971467352795,0.00665022787262171,NORMAL
6160,0.9861457749806429,0.0072039971467352795,0.00665022787262171,NORMAL
6161,0.9861457749806429,0.0072039971467352795,0.00665022787262171,NORMAL
6162,0.9861457749806429,0.0072039971467352795,0.00665022787262171,NORMAL
6163,0.9861457749806429,0.0072039971467352795,0.00665022787262171,NORMAL
6164,0.9861457749806429,0.0072039971467352795,0.00665022787262171,NORMAL
6165,0.9861457749806429,0.0072039971467352795,0.00665022787262171,NORMAL
6166,0.9861457749806429,0.0072039971467352795,0.00665022787262171,NORMAL
6167,0.9861457749806429,0.0072039971467352795,0.00665022787262171,NORMAL
6168,0.9861457749806429,0.0072039971467352795,0.00665022787262171,NORMAL
6169,0.9861457749806429,0.0072039971467352795,0.00665022787262171,NORMAL
6170,0.9861457749806429,0.0072039971467352795,0.00665022787262171,NORMAL
6171,0.9861457749806429,0.0072039971467352795,0.00665022787262171,NORMAL
6172,0.9861457749806429,0.0072039971467352795,0.00665022787262171,NORMAL
6173,0.9861457749806429,0.0072039971467352795,0.00665022787262171,NORMAL
6174,0.9879624270110484,0.005915827228695014,0.006121745760256779,NORMAL
6175,0.9879624270110484,0.005915827228695014,0.006121745760256779,NORMAL
6176,0.9879624270110484,0.005915827228695014,0.006121745760256779,NORMAL
6177,0.9879624270110484,0.005915827228695014,0.006121745760256779,NORMAL
6178,0.9879624270110484,0.005915827228695014,0.006121745760256779,NORMAL
6179,0.9879624270110484,0.005915827228695014,0.006121745760256779,NORMAL
6180,0.9879624270110484,0.005915827228695014,0.006121745760256779,NORMAL
6181,0.9879624270110484,0.005915827228695014,0.006121745760256779,NORMAL
6182,0.9879624270110484,0.005915827228695014,0.006121745760256779,NORMAL
6183,0.9879624270110484,0.005915827228695014,0.006121745760256779,NORMAL
6184,0.9879624270110484,0.005915827228695014,0.006121745760256779,NORMAL
6185,0.9878702572153196,0.0060079888111091535,0.006121753973571201,NORMAL
6186,0.9879624270110484,0.005915827228695014,0.006121745760256779,NORMAL
6187,0.9879624270110484,0.005915827228695014,0.006121745760256779,NORMAL
6188,0.9879624270110484,0.005915827228695014,0.006121745760256779,NORMAL
6189,0.9879624270110484,0.005915827228695014,0.006121745760256779,NORMAL
6190,0.9879624270110484,0.005915827228695014,0.006121745760256779,NORMAL
6191,0.9879624270110484,0.005915827228695014,0.006121745760256779,NORMAL
6192,0.9859791409469767,0.008500740869144683,0.005520118183878616,NORMAL
6193,0.9859791409469767,0.008500740869144683,0.005520118183878616,NORMAL
6194,0.9859791409469767,0.008500740869144683,0.005520118183878616,NORMAL
6195,0.9859791409469767,0.008500740869144683,0.005520118183878616,NORMAL
6196,0.9859791409469767,0.008500740869144683,0.005520118183878616,NORMAL
6197,0.9859791409469767,0.008500740869144683,0.005520118183878616,NORMAL
6198,0.9859791409469767,0.008500740869144683,0.005520118183878616,NORMAL
6199,0.9859791409469767,0.008500740869144683,0.005520118183878616,NORMAL
6200,0.9859791409469767,0.008500740869144683,0.005520118183878616,NORMAL
6201,0.9859791409469767,0.008500740869144683,0.005520118183878616,NORMAL
6202,0.9859791409469767,0.008500740869144683,0.005520118183878616,NORMAL
6203,0.9859791409469767,0.008500740869144683,0.005520118183878616,NORMAL
6204,0.9859791409469767,0.008500740869144683,0.005520118183878616,NORMAL
6205,0.9859791409469767,0.008500740869144683,0.005520118183878616,NORMAL
6206,0.9859791409469767,0.008500740869144683,0.005520118183878616,NORMAL
6207,0.9859791409469767,0.008500740869144683,0.005520118183878616,NORMAL
6208,0.9859791409469767,0.008500740869144683,0.005520118183878616,NORMAL
6209,0.9859791409469767,0.008500740869144683,0.005520118183878616,NORMAL
6210,0.9859791409469767,0.008500740869144683,0.005520118183878616,NORMAL
6211,0.9859791409469767,0.008500740869144683,0.005520118183878616,NORMAL
6212,0.9859791409469767,0.008500740869144683,0.005520118183878616,NORMAL
6213,0.9859791409469767,0.008500740869144683,0.005520118183878616,NORMAL
6214,0.9859791409469767,0.008500740869144683,0.005520118183878616,NORMAL
6215,0.9859791409469767,0.008500740869144683,0.005520118183878616,NORMAL
6216,0.9859791409469767,0.008500740869144683,0.005520118183878616,NORMAL
6217,0.9859791409469767,0.008500740869144683,0.005520118183878616,NORMAL
6218,0.9859791409469767,0.008500740869144683,0.005520118183878616,NORMAL
6219,0.9859791409469767,0.008500740869144683,0.005520118183878616,NORMAL
6220,0.9859791409469767,0.008500740869144683,0.005520118183878616,NORMAL
6221,0.9859791409469767,0.008500740869144683,0.005520118183878616,NORMAL
6222,0.9859791409469767,0.008500740869144683,0.005520118183878616,NORMAL
6223,0.9859791409469767,0.008500740869144683,0.005520118183878616,NORMAL
6224,0.9859791409469767,0.008500740869144683,0.005520118183878616,NORMAL
6225,0.9859791409469767,0.008500740869144683,0.005520118183878616,NORMAL
6226,0.9859791409469767,0.008500740869144683,0.005520118183878616,NORMAL
6227,0.9859791409469767,0.008500740869144683,0.005520118183878616,NORMAL
6228,0.9879624270110484,0.005915827228695014,0.006121745760256779,NORMAL
6229,0.9879624270110484,0.005915827228695014,0.006121745760256779,NORMAL
6230,0.9879624270110484,0.005915827228695014,0.006121745760256779,NORMAL
6231,0.9879624270110484,0.005915827228695014,0.006121745760256779,NORMAL
6232,0.9879624270110484,0.005915827228695014,0.006121745760256779,NORMAL
6233,0.9879624270110484,0.005915827228695014,0.006121745760256779,NORMAL
6234,0.9879624270110484,0.005915827228695014,0.006121745760256779,NORMAL
6235,0.9879624270110484,0.005915827228695014,0.006121745760256779,NORMAL
6236,0.9879624270110484,0.005915827228695014,0.006121745760256779,NORMAL
6237,0.9879624270110484,0.005915827228695014,0.006121745760256779,NORMAL
6238,0.9879624270110484,0.005915827228695014,0.006121745760256779,NORMAL
6239,0.9879624270110484,0.005915827228695014,0.006121745760256779,NORMAL
6240,0.9879624270110484,0.005915827228695014,0.006121745760256779,NORMAL
6241,0.9879624270110484,0.005915827228695014,0.006121745760256779,NORMAL
6242,0.9879624270110484,0.005915827228695014,0.006121745760256779,NORMAL
6243,0.9879624270110484,0.005915827228695014,0.006121745760256779,NORMAL
6244,0.9879624270110484,0.005915827228695014,0.006121745760256779,NORMAL
6245,0.9879624270110484,0.005915827228695014,0.006121745760256779,NORMAL
6246,0.9861457749806429,0.0072039971467352795,0.00665022787262171,NORMAL
6247,0.9861457749806429,0.0072039971467352795,0.00665022787262171,NORMAL
6248,0.9861457749806429,0.0072039971467352795,0.00665022787262171,NORMAL
6249,0.9861457749806429,0.0072039971467352795,0.00665022787262171,NORMAL
6250,0.9861457749806429,0.0072039971467352795,0.00665022787262171,NORMAL
6251,0.9861457749806429,0.0072039971467352795,0.00665022787262171,NORMAL
6252,0.9861457749806429,0.0072039971467352795,0.00665022787262171,NORMAL
6253,0.9861457749806429,0.0072039971467352795,0.00665022787262171,NORMAL
6254,0.9861457749806429,0.0072039971467352795,0.00665022787262171,NORMAL
6255,0.9861457749806429,0.0072039971467352795,0.00665022787262171,NORMAL
6256,0.9861457749806429,0.0072039971467352795,0.00665022787262171,NORMAL
6257,0.9861457749806429,0.0072039971467352795,0.00665022787262171,NORMAL
6258,0.9861457749806429,0.0072039971467352795,0.00665022787262171,NORMAL
6259,0.9861457749806429,0.0072039971467352795,0.00665022787262171,NORMAL
6260,0.9861457749806429,0.0072039971467352795,0.00665022787262171,NORMAL
6261,0.9861457749806429,0.0072039971467352795,0.00665022787262171,NORMAL
6262,0.9861457749806429,0.0072039971467352795,0.00665022787262171,NORMAL
6263,0.9861457749806429,0.0072039971467352795,0.00665022787262171,NORMAL
6264,0.9879624270110484,0.005915827228695014,0.006121745760256779,NORMAL
6265,0.9879624270110484,0.005915827228695014,0.006121745760256779,NORMAL
6266,0.9879624270110484,0.005915827228695014,0.006121745760256779,NORMAL
6267,0.9879624270110484,0.005915827228695014,0.006121745760256779,NORMAL
6268,0.9879624270110484,0.005915827228695014,0.006121745760256779,NORMAL
6269,0.9879624270110484,0.005915827228695014,0.006121745760256779,NORMAL
6270,0.9879624270110484,0.005915827228695014,0.006121745760256779,NORMAL
6271,0.9879624270110484,0.005915827228695014,0.006121745760256779,NORMAL
6272,0.9879624270110484,0.005915827228695014,0.006121745760256779,NORMAL
6273,0.9879624270110484,0.005915827228695014,0.006121745760256779,NORMAL
6274,0.9879624270110484,0.005915827228695014,0.006121745760256779,NORMAL
6275,0.9879624270110484,0.005915827228695014,0.006121745760256779,NORMAL
6276,0.9879624270110484,0.005915827228695014,0.006121745760256779,NORMAL
6277,0.9879624270110484,0.005915827228695014,0.006121745760256779,NORMAL
6278,0.9879624270110484,0.005915827228695014,0.006121745760256779,NORMAL
6279,0.9879624270110484,0.005915827228695014,0.006121745760256779,NORMAL
6280,0.9879624270110484,0.005915827228695014,0.006121745760256779,NORMAL
6281,0.9879624270110484,0.005915827228695014,0.006121745760256779,NORMAL
6282,0.9859791409469767,0.008500740869144683,0.005520118183878616,NORMAL
6283,0.9859791409469767,0.008500740869144683,0.005520118183878616,NORMAL
6284,0.9859791409469767,0.008500740869144683,0.005520118183878616,NORMAL
6285,0.9859791409469767,0.008500740869144683,0.005520118183878616,NORMAL
6286,0.9859791409469767,0.008500740869144683,0.005520118183878616,NORMAL
6287,0.9859791409469767,0.008500740869144683,0.005520118183878616,NORMAL
6288,0.9859791409469767,0.008500740869144683,0.005520118183878616,NORMAL
6289,0.9859791409469767,0.008500740869144683,0.005520118183878616,NORMAL
6290,0.9859791409469767,0.008500740869144683,0.005520118183878616,NORMAL
6291,0.9859791409469767,0.008500740869144683,0.005520118183878616,NORMAL
6292,0.9859791409469767,0.008500740869144683,0.005520118183878616,NORMAL
6293,0.9859791409469767,0.008500740869144683,0.005520118183878616,NORMAL
6294,0.9859791409469767,0.008500740869144683,0.005520118183878616,NORMAL
6295,0.9859791409469767,0.008500740869144683,0.005520118183878616,NORMAL
6296,0.9859791409469767,0.008500740869144683,0.005520118183878616,NORMAL
6297,0.9859791409469767,0.008500740869144683,0.005520118183878616,NORMAL
6298,0.9859791409469767,0.008500740869144683,0.005520118183878616,NORMAL
6299,0.9859791409469767,0.008500740869144683,0.005520118183878616,NORMAL
6300,0.9879624270110484,0.005915827228695014,0.006121745760256779,NORMAL
6301,0.9879624270110484,0.005915827228695014,0.006121745760256779,NORMAL
6302,0.9879624270110484,0.005915827228695014,0.006121745760256779,NORMAL
6303,0.9879624270110484,0.005915827228695014,0.006121745760256779,NORMAL
6304,0.9879624270110484,0.005915827228695014,0.006121745760256779,NORMAL
6305,0.9879624270110484,0.005915827228695014,0.006121745760256779,NORMAL
6306,0.9879624270110484,0.005915827228695014,0.006121745760256779,NORMAL
6307,0.9879624270110484,0.005915827228695014,0.006121745760256779,NORMAL
6308,0.9879624270110484,0.005915827228695014,0.006121745760256779,NORMAL
6309,0.9879624270110484,0.005915827228695014,0.006121745760256779,NORMAL
6310,0.9879624270110484,0.005915827228695014,0.006121745760256779,NORMAL
6311,0.9879624270110484,0.005915827228695014,0.006121745760256779,NORMAL
6312,0.9879624270110484,0.005915827228695014,0.006121745760256779,NORMAL
6313,0.9879624270110484,0.005915827228695014,0.006121745760256779,NORMAL
6314,0.9879624270110484,0.005915827228695014,0.006121745760256779,NORMAL
6315,0.9879624270110484,0.005915827228695014,0.006121745760256779,NORMAL
6316,0.9879624270110484,0.005915827228695014,0.006121745760256779,NORMAL
6317,0.9879624270110484,0.005915827228695014,0.006121745760256779,NORMAL
6318,0.9859791409469767,0.008500740869144683,0.005520118183878616,NORMAL
6319,0.9859791409469767,0.008500740869144683,0.005520118183878616,NORMAL
6320,0.9859791409469767,0.008500740869144683,0.005520118183878616,NORMAL
6321,0.9859791409469767,0.008500740869144683,0.005520118183878616,NORMAL
6322,0.9859791409469767,0.008500740869144683,0.005520118183878616,NORMAL
6323,0.9859791409469767,0.008500740869144683,0.005520118183878616,NORMAL
6324,0.9859791409469767,0.008500740869144683,0.005520118183878616,NORMAL
6325,0.9859791409469767,0.008500740869144683,0.005520118183878616,NORMAL
6326,0.9859791409469767,0.008500740869144683,0.005520118183878616,NORMAL
6327,0.9859791409469767,0.008500740869144683,0.005520118183878616,NORMAL
6328,0.9859791409469767,0.008500740869144683,0.005520118183878616,NORMAL
6329,0.9859791409469767,0.008500740869144683,0.005520118183878616,NORMAL
6330,0.9859791409469767,0.008500740869144683,0.005520118183878616,NORMAL
6331,0.9859791409469767,0.008500740869144683,0.005520118183878616,NORMAL
6332,0.9859791409469767,0.008500740869144683,0.005520118183878616,NORMAL
6333,0.9859791409469767,0.008500740869144683,0.005520118183878616,NORMAL
6334,0.9859791409469767,0.008500740869144683,0.005520118183878616,NORMAL
6335,0.9859791409469767,0.008500740869144683,0.005520118183878616,NORMAL
6336,0.9879624270110484,0.005915827228695014,0.006121745760256779,NORMAL
6337,0.9879624270110484,0.005915827228695014,0.006121745760256779,NORMAL
6338,0.9879624270110484,0.005915827228695014,0.006121745760256779,NORMAL
6339,0.9879624270110484,0.005915827228695014,0.006121745760256779,NORMAL
6340,0.9879624270110484,0.005915827228695014,0.006121745760256779,NORMAL
6341,0.9879624270110484,0.005915827228695014,0.006121745760256779,NORMAL
6342,0.9879624270110484,0.005915827228695014,0.006121745760256779,NORMAL
6343,0.9879624270110484,0.005915827228695014,0.006121745760256779,NORMAL
6344,0.9879624270110484,0.005915827228695014,0.006121745760256779,NORMAL
6345,0.9879624270110484,0.005915827228695014,0.006121745760256779,NORMAL
6346,0.9879624270110484,0.005915827228695014,0.006121745760256779,NORMAL
6347,0.9879624270110484,0.005915827228695014,0.006121745760256779,NORMAL
6348,0.9879624270110484,0.005915827228695014,0.006121745760256779,NORMAL
6349,0.9879624270110484,0.005915827228695014,0.006121745760256779,NORMAL
6350,0.9879624270110484,0.005915827228695014,0.006121745760256779,NORMAL
6351,0.9879624270110484,0.005915827228695014,0.006121745760256779,NORMAL
6352,0.9879624270110484,0.005915827228695014,0.006121745760256779,NORMAL
6353,0.9879624270110484,0.005915827228695014,0.006121745760256779,NORMAL
6354,0.9879624270110484,0.005915827228695014,0.006121745760256779,NORMAL
6355,0.9879624270110484,0.005915827228695014,0.006121745760256779,NORMAL
6356,0.9879624270110484,0.005915827228695014,0.006121745760256779,NORMAL
6357,0.9879624270110484,0.005915827228695014,0.006121745760256779,NORMAL
6358,0.9879624270110484,0.005915827228695014,0.006121745760256779,NORMAL
6359,0.9879624270110484,0.005915827228695014,0.006121745760256779,NORMAL
6360,0.9879624270110484,0.005915827228695014,0.006121745760256779,NORMAL
6361,0.9869802765605064,0.006577679428849465,0.0064420440106441506,CRITICAL
6362,0.9879624270110484,0.005915827228695014,0.006121745760256779,NORMAL
6363,0.9879624270110484,0.005915827228695014,0.006121745760256779,NORMAL
6364,0.9879624270110484,0.005915827228695014,0.006121745760256779,NORMAL
6365,0.9879624270110484,0.005915827228695014,0.006121745760256779,NORMAL
6366,0.9879624270110484,0.005915827228695014,0.006121745760256779,NORMAL
6367,0.9879624270110484,0.005915827228695014,0.006121745760256779,NORMAL
6368,0.9879624270110484,0.005915827228695014,0.006121745760256779,NORMAL
6369,0.9879624270110484,0.005915827228695014,0.006121745760256779,NORMAL
6370,0.9879624270110484,0.005915827228695014,0.006121745760256779,NORMAL
6371,0.9879624270110484,0.005915827228695014,0.006121745760256779,NORMAL
6372,0.9861457749806429,0.0072039971467352795,0.00665022787262171,NORMAL
6373,0.9861457749806429,0.0072039971467352795,0.00665022787262171,NORMAL
6374,0.9861457749806429,0.0072039971467352795,0.00665022787262171,NORMAL
6375,0.9861457749806429,0.0072039971467352795,0.00665022787262171,NORMAL
6376,0.9861457749806429,0.0072039971467352795,0.00665022787262171,NORMAL
6377,0.9861457749806429,0.0072039971467352795,0.00665022787262171,NORMAL
6378,0.9861457749806429,0.0072039971467352795,0.00665022787262171,NORMAL
6379,0.9861457749806429,0.0072039971467352795,0.00665022787262171,NORMAL
6380,0.9861457749806429,0.0072039971467352795,0.00665022787262171,NORMAL
6381,0.9861457749806429,0.0072039971467352795,0.00665022787262171,NORMAL
6382,0.9861457749806429,0.0072039971467352795,0.00665022787262171,NORMAL
6383,0.9861457749806429,0.0072039971467352795,0.00665022787262171,NORMAL
6384,0.9861457749806429,0.0072039971467352795,0.00665022787262171,NORMAL
6385,0.9861457749806429,0.0072039971467352795,0.00665022787262171,NORMAL
6386,0.9861457749806429,0.0072039971467352795,0.00665022787262171,NORMAL
6387,0.9861457749806429,0.0072039971467352795,0.00665022787262171,NORMAL
6388,0.9861457749806429,0.0072039971467352795,0.00665022787262171,NORMAL
6389,0.9861457749806429,0.0072039971467352795,0.00665022787262171,NORMAL
6390,0.9879624270110484,0.005915827228695014,0.006121745760256779,NORMAL
6391,0.9879624270110484,0.005915827228695014,0.006121745760256779,NORMAL
6392,0.9879624270110484,0.005915827228695014,0.006121745760256779,NORMAL
6393,0.9879624270110484,0.005915827228695014,0.006121745760256779,NORMAL
6394,0.9879624270110484,0.005915827228695014,0.006121745760256779,NORMAL
6395,0.9879624270110484,0.005915827228695014,0.006121745760256779,NORMAL
6396,0.9879624270110484,0.005915827228695014,0.006121745760256779,NORMAL
6397,0.9865337306810202,0.007344319094163602,0.006121950224816243,NORMAL
6398,0.9879624270110484,0.005915827228695014,0.006121745760256779,NORMAL
6399,0.9879624270110484,0.005915827228695014,0.006121745760256779,NORMAL
6400,0.9879624270110484,0.005915827228695014,0.006121745760256779,NORMAL
6401,0.9879624270110484,0.005915827228695014,0.006121745760256779,NORMAL
6402,0.9878703102290672,0.0060079358022963195,0.006121753968636629,NORMAL
6403,0.9875363801218535,0.006341830124600789,0.006121789753545775,NORMAL
6404,0.9879624270110484,0.005915827228695014,0.006121745760256779,NORMAL
6405,0.987823691713945,0.006054549885223496,0.006121758400831622,NORMAL
6406,0.9879624270110484,0.005915827228695014,0.006121745760256779,NORMAL
6407,0.9879624270110484,0.005915827228695014,0.006121745760256779,NORMAL
6408,0.9859791409469767,0.008500740869144683,0.005520118183878616,NORMAL
6409,0.9859791409469767,0.008500740869144683,0.005520118183878616,NORMAL
6410,0.9859791409469767,0.008500740869144683,0.005520118183878616,NORMAL
6411,0.9859791409469767,0.008500740869144683,0.005520118183878616,NORMAL
6412,0.9859791409469767,0.008500740869144683,0.005520118183878616,NORMAL
6413,0.9859791409469767,0.008500740869144683,0.005520118183878616,NORMAL
6414,0.9859791409469767,0.008500740869144683,0.005520118183878616,NORMAL
6415,0.9859791409469767,0.008500740869144683,0.005520118183878616,NORMAL
6416,0.9859791409469767,0.008500740869144683,0.005520118183878616,NORMAL
6417,0.9859791409469767,0.008500740869144683,0.005520118183878616,NORMAL
6418,0.9859791409469767,0.008500740869144683,0.005520118183878616,NORMAL
6419,0.9859791409469767,0.008500740869144683,0.005520118183878616,NORMAL
6420,0.9859791409469767,0.008500740869144683,0.005520118183878616,NORMAL
6421,0.9859791409469767,0.008500740869144683,0.005520118183878616,NORMAL
6422,0.9859791409469767,0.008500740869144683,0.005520118183878616,NORMAL
6423,0.9859791409469767,0.008500740869144683,0.005520118183878616,NORMAL
6424,0.9859791409469767,0.008500740869144683,0.005520118183878616,NORMAL
6425,0.9859791409469767,0.008500740869144683,0.005520118183878616,NORMAL
6426,0.9861457749806429,0.0072039971467352795,0.00665022787262171,NORMAL
6427,0.9861457749806429,0.0072039971467352795,0.00665022787262171,NORMAL
6428,0.9861457749806429,0.0072039971467352795,0.00665022787262171,NORMAL
6429,0.9861457749806429,0.0072039971467352795,0.00665022787262171,NORMAL
6430,0.9861457749806429,0.0072039971467352795,0.00665022787262171,NORMAL
6431,0.9861457749806429,0.0072039971467352795,0.00665022787262171,NORMAL
6432,0.9861457749806429,0.0072039971467352795,0.00665022787262171,NORMAL
6433,0.9861457749806429,0.0072039971467352795,0.00665022787262171,NORMAL
6434,0.9861457749806429,0.0072039971467352795,0.00665022787262171,NORMAL
6435,0.9861457749806429,0.0072039971467352795,0.00665022787262171,NORMAL
6436,0.9861457749806429,0.0072039971467352795,0.00665022787262171,NORMAL
6437,0.9861457749806429,0.0072039971467352795,0.00665022787262171,NORMAL
6438,0.9861457749806429,0.0072039971467352795,0.00665022787262171,NORMAL
6439,0.9861457749806429,0.0072039971467352795,0.00665022787262171,NORMAL
6440,0.9861457749806429,0.0072039971467352795,0.00665022787262171,NORMAL
6441,0.9861457749806429,0.0072039971467352795,0.00665022787262171,NORMAL
6442,0.9861457749806429,0.0072039971467352795,0.00665022787262171,NORMAL
6443,0.9861457749806429,0.0072039971467352795,0.00665022787262171,NORMAL
6444,0.9879624270110484,0.005915827228695014,0.006121745760256779,NORMAL
6445,0.9879624270110484,0.005915827228695014,0.006121745760256779,NORMAL
6446,0.9879624270110484,0.005915827228695014,0.006121745760256779,NORMAL
6447,0.9879624270110484,0.005915827228695014,0.006121745760256779,NORMAL
6448,0.9879624270110484,0.005915827228695014,0.006121745760256779,NORMAL
6449,0.9879624270110484,0.005915827228695014,0.006121745760256779,NORMAL
6450,0.9879624270110484,0.005915827228695014,0.006121745760256779,NORMAL
6451,0.9879624270110484,0.005915827228695014,0.006121745760256779,NORMAL
6452,0.9879624270110484,0.005915827228695014,0.006121745760256779,NORMAL
6453,0.9879624270110484,0.005915827228695014,0.006121745760256779,NORMAL
6454,0.9879624270110484,0.005915827228695014,0.006121745760256779,NORMAL
6455,0.9879624270110484,0.005915827228695014,0.006121745760256779,NORMAL
6456,0.9879624270110484,0.005915827228695014,0.006121745760256779,NORMAL
6457,0.9879624270110484,0.005915827228695014,0.006121745760256779,NORMAL
6458,0.9879624270110484,0.005915827228695014,0.006121745760256779,NORMAL
6459,0.9879624270110484,0.005915827228695014,0.006121745760256779,NORMAL
6460,0.9879624270110484,0.005915827228695014,0.006121745760256779,NORMAL
6461,0.9879624270110484,0.005915827228695014,0.006121745760256779,NORMAL
6462,0.9859791409469767,0.008500740869144683,0.005520118183878616,NORMAL
6463,0.9859791409469767,0.008500740869144683,0.005520118183878616,NORMAL
6464,0.9859791409469767,0.008500740869144683,0.005520118183878616,NORMAL
6465,0.9859791409469767,0.008500740869144683,0.005520118183878616,NORMAL
6466,0.9859791409469767,0.008500740869144683,0.005520118183878616,NORMAL
6467,0.9859791409469767,0.008500740869144683,0.005520118183878616,NORMAL
6468,0.9859791409469767,0.008500740869144683,0.005520118183878616,NORMAL
6469,0.9859791409469767,0.008500740869144683,0.005520118183878616,NORMAL
6470,0.9859791409469767,0.008500740869144683,0.005520118183878616,NORMAL
6471,0.9859791409469767,0.008500740869144683,0.005520118183878616,NORMAL
6472,0.9859791409469767,0.008500740869144683,0.005520118183878616,NORMAL
6473,0.9859791409469767,0.008500740869144683,0.005520118183878616,NORMAL
6474,0.9859791409469767,0.008500740869144683,0.005520118183878616,NORMAL
6475,0.9859791409469767,0.008500740869144683,0.005520118183878616,NORMAL
6476,0.9859791409469767,0.008500740869144683,0.005520118183878616,NORMAL
6477,0.9859791409469767,0.008500740869144683,0.005520118183878616,NORMAL
6478,0.9859791409469767,0.008500740869144683,0.005520118183878616,NORMAL
6479,0.9859791409469767,0.008500740869144683,0.005520118183878616,NORMAL
6480,0.9861457749806429,0.0072039971467352795,0.00665022787262171,NORMAL
6481,0.9861457749806429,0.0072039971467352795,0.00665022787262171,NORMAL
6482,0.9861457749806429,0.0072039971467352795,0.00665022787262171,NORMAL
6483,0.9861457749806429,0.0072039971467352795,0.00665022787262171,NORMAL
6484,0.9861457749806429,0.0072039971467352795,0.00665022787262171,NORMAL
6485,0.9861457749806429,0.0072039971467352795,0.00665022787262171,NORMAL
6486,0.9861457749806429,0.0072039971467352795,0.00665022787262171,NORMAL
6487,0.9861457749806429,0.0072039971467352795,0.00665022787262171,NORMAL
6488,0.9861457749806429,0.0072039971467352795,0.00665022787262171,NORMAL
6489,0.9861457749806429,0.0072039971467352795,0.00665022787262171,NORMAL
6490,0.9861457749806429,0.0072039971467352795,0.00665022787262171,NORMAL
6491,0.9861457749806429,0.0072039971467352795,0.00665022787262171,NORMAL
6492,0.9861457749806429,0.0072039971467352795,0.00665022787262171,NORMAL
6493,0.9861457749806429,0.0072039971467352795,0.00665022787262171,NORMAL
6494,0.9861457749806429,0.0072039971467352795,0.00665022787262171,NORMAL
6495,0.9861457749806429,0.0072039971467352795,0.00665022787262171,NORMAL
6496,0.9861457749806429,0.0072039971467352795,0.00665022787262171,NORMAL
6497,0.9861457749806429,0.0072039971467352795,0.00665022787262171,NORMAL
6498,0.9879624270110484,0.005915827228695014,0.006121745760256779,NORMAL
6499,0.9879624270110484,0.005915827228695014,0.006121745760256779,NORMAL
6500,0.9879624270110484,0.005915827228695014,0.006121745760256779,NORMAL
6501,0.9879624270110484,0.005915827228695014,0.006121745760256779,NORMAL
6502,0.9879624270110484,0.005915827228695014,0.006121745760256779,NORMAL
6503,0.9879624270110484,0.005915827228695014,0.006121745760256779,NORMAL
6504,0.9879624270110484,0.005915827228695014,0.006121745760256779,NORMAL
6505,0.9879624270110484,0.005915827228695014,0.006121745760256779,NORMAL
6506,0.9879624270110484,0.005915827228695014,0.006121745760256779,NORMAL
6507,0.9879624270110484,0.005915827228695014,0.006121745760256779,NORMAL
6508,0.9879624270110484,0.005915827228695014,0.006121745760256779,NORMAL
6509,0.9879624270110484,0.005915827228695014,0.006121745760256779,NORMAL
6510,0.9879624270110484,0.005915827228695014,0.006121745760256779,NORMAL
6511,0.9879624270110484,0.005915827228695014,0.006121745760256779,NORMAL
6512,0.9879624270110484,0.005915827228695014,0.006121745760256779,NORMAL
6513,0.9879624270110484,0.005915827228695014,0.006121745760256779,NORMAL
6514,0.9879624270110484,0.005915827228695014,0.006121745760256779,NORMAL
6515,0.9879624270110484,0.005915827228695014,0.006121745760256779,NORMAL
6516,0.9879624270110484,0.005915827228695014,0.006121745760256779,NORMAL
6517,0.9879624270110484,0.005915827228695014,0.006121745760256779,NORMAL
6518,0.9879624270110484,0.005915827228695014,0.006121745760256779,NORMAL
6519,0.9879624270110484,0.005915827228695014,0.006121745760256779,NORMAL
6520,0.9879624270110484,0.005915827228695014,0.006121745760256779,NORMAL
6521,0.9879624270110484,0.005915827228695014,0.006121745760256779,NORMAL
6522,0.9879624270110484,0.005915827228695014,0.006121745760256779,NORMAL
6523,0.9879624270110484,0.005915827228695014,0.006121745760256779,NORMAL
6524,0.9879624270110484,0.005915827228695014,0.006121745760256779,NORMAL
6525,0.9879624270110484,0.005915827228695014,0.006121745760256779,NORMAL
6526,0.9879624270110484,0.005915827228695014,0.006121745760256779,NORMAL
6527,0.9879624270110484,0.005915827228695014,0.006121745760256779,NORMAL
6528,0.9879624270110484,0.005915827228695014,0.006121745760256779,NORMAL
6529,0.9879624270110484,0.005915827228695014,0.006121745760256779,NORMAL
6530,0.9879624270110484,0.005915827228695014,0.006121745760256779,NORMAL
6531,0.9879624270110484,0.005915827228695014,0.006121745760256779,NORMAL
6532,0.9879624270110484,0.005915827228695014,0.006121745760256779,NORMAL
6533,0.9879624270110484,0.005915827228695014,0.006121745760256779,NORMAL
6534,0.9861457749806429,0.0072039971467352795,0.00665022787262171,NORMAL
6535,0.9861457749806429,0.0072039971467352795,0.00665022787262171,NORMAL
6536,0.9861457749806429,0.0072039971467352795,0.00665022787262171,NORMAL
6537,0.9861457749806429,0.0072039971467352795,0.00665022787262171,NORMAL
6538,0.9861457749806429,0.0072039971467352795,0.00665022787262171,NORMAL
6539,0.9861457749806429,0.0072039971467352795,0.00665022787262171,NORMAL
6540,0.9861457749806429,0.0072039971467352795,0.00665022787262171,NORMAL
6541,0.9861457749806429,0.0072039971467352795,0.00665022787262171,NORMAL
6542,0.9861457749806429,0.0072039971467352795,0.00665022787262171,NORMAL
6543,0.9861457749806429,0.0072039971467352795,0.00665022787262171,NORMAL
6544,0.9861457749806429,0.0072039971467352795,0.00665022787262171,NORMAL
6545,0.9861457749806429,0.0072039971467352795,0.00665022787262171,NORMAL
6546,0.9861457749806429,0.0072039971467352795,0.00665022787262171,NORMAL
6547,0.9861457749806429,0.0072039971467352795,0.00665022787262171,NORMAL
6548,0.9861457749806429,0.0072039971467352795,0.00665022787262171,NORMAL
6549,0.9861457749806429,0.0072039971467352795,0.00665022787262171,NORMAL
6550,0.9861457749806429,0.0072039971467352795,0.00665022787262171,NORMAL
6551,0.9861457749806429,0.0072039971467352795,0.00665022787262171,NORMAL
6552,0.9879624270110484,0.005915827228695014,0.006121745760256779,NORMAL
6553,0.9879624270110484,0.005915827228695014,0.006121745760256779,NORMAL
6554,0.9879624270110484,0.005915827228695014,0.006121745760256779,NORMAL
6555,0.9879624270110484,0.005915827228695014,0.006121745760256779,NORMAL
6556,0.9879624270110484,0.005915827228695014,0.006121745760256779,NORMAL
6557,0.9879624270110484,0.005915827228695014,0.006121745760256779,NORMAL
6558,0.9879624270110484,0.005915827228695014,0.006121745760256779,NORMAL
6559,0.9879624270110484,0.005915827228695014,0.006121745760256779,NORMAL
6560,0.9879624270110484,0.005915827228695014,0.006121745760256779,NORMAL
6561,0.9879624270110484,0.005915827228695014,0.006121745760256779,NORMAL
6562,0.9879624270110484,0.005915827228695014,0.006121745760256779,NORMAL
6563,0.9879624270110484,0.005915827228695014,0.006121745760256779,NORMAL
6564,0.9879624270110484,0.005915827228695014,0.006121745760256779,NORMAL
6565,0.9879624270110484,0.005915827228695014,0.006121745760256779,NORMAL
6566,0.9879624270110484,0.005915827228695014,0.006121745760256779,NORMAL
6567,0.9879624270110484,0.005915827228695014,0.006121745760256779,NORMAL
6568,0.9879624270110484,0.005915827228695014,0.006121745760256779,NORMAL
6569,0.9879624270110484,0.005915827228695014,0.006121745760256779,NORMAL
6570,0.9859791409469767,0.008500740869144683,0.005520118183878616,NORMAL
6571,0.9859791409469767,0.008500740869144683,0.005520118183878616,NORMAL
6572,0.9859791409469767,0.008500740869144683,0.005520118183878616,NORMAL
6573,0.9859791409469767,0.008500740869144683,0.005520118183878616,NORMAL
6574,0.9859791409469767,0.008500740869144683,0.005520118183878616,NORMAL
6575,0.9859791409469767,0.008500740869144683,0.005520118183878616,NORMAL
6576,0.9859791409469767,0.008500740869144683,0.005520118183878616,NORMAL
6577,0.9859791409469767,0.008500740869144683,0.005520118183878616,NORMAL
6578,0.9859791409469767,0.008500740869144683,0.005520118183878616,NORMAL
6579,0.9859791409469767,0.008500740869144683,0.005520118183878616,NORMAL
6580,0.9859791409469767,0.008500740869144683,0.005520118183878616,NORMAL
6581,0.9859791409469767,0.008500740869144683,0.005520118183878616,NORMAL
6582,0.9859791409469767,0.008500740869144683,0.005520118183878616,NORMAL
6583,0.9859791409469767,0.008500740869144683,0.005520118183878616,NORMAL
6584,0.9859791409469767,0.008500740869144683,0.005520118183878616,NORMAL
6585,0.9859791409469767,0.008500740869144683,0.005520118183878616,NORMAL
6586,0.9859791409469767,0.008500740869144683,0.005520118183878616,NORMAL
6587,0.9859791409469767,0.008500740869144683,0.005520118183878616,NORMAL
6588,0.9859791409469767,0.008500740869144683,0.005520118183878616,NORMAL
6589,0.9859791409469767,0.008500740869144683,0.005520118183878616,NORMAL
6590,0.9859791409469767,0.008500740869144683,0.005520118183878616,NORMAL
6591,0.9859791409469767,0.008500740869144683,0.005520118183878616,NORMAL
6592,0.9859791409469767,0.008500740869144683,0.005520118183878616,NORMAL
6593,0.9859791409469767,0.008500740869144683,0.005520118183878616,NORMAL
6594,0.9859791409469767,0.008500740869144683,0.005520118183878616,NORMAL
6595,0.9859791409469767,0.008500740869144683,0.005520118183878616,NORMAL
6596,0.9859791409469767,0.008500740869144683,0.005520118183878616,NORMAL
6597,0.9859791409469767,0.008500740869144683,0.005520118183878616,NORMAL
6598,0.9859791409469767,0.008500740869144683,0.005520118183878616,NORMAL
6599,0.9859791409469767,0.008500740869144683,0.005520118183878616,NORMAL
6600,0.9859791409469767,0.008500740869144683,0.005520118183878616,NORMAL
6601,0.9859791409469767,0.008500740869144683,0.005520118183878616,NORMAL
6602,0.9859791409469767,0.008500740869144683,0.005520118183878616,NORMAL
6603,0.9859791409469767,0.008500740869144683,0.005520118183878616,NORMAL
6604,0.9859791409469767,0.008500740869144683,0.005520118183878616,NORMAL
6605,0.9859791409469767,0.008500740869144683,0.005520118183878616,NORMAL
6606,0.9879624270110484,0.005915827228695014,0.006121745760256779,NORMAL
6607,0.9879624270110484,0.005915827228695014,0.006121745760256779,NORMAL
6608,0.9879624270110484,0.005915827228695014,0.006121745760256779,NORMAL
6609,0.9879624270110484,0.005915827228695014,0.006121745760256779,NORMAL
6610,0.9879624270110484,0.005915827228695014,0.006121745760256779,NORMAL
6611,0.9879624270110484,0.005915827228695014,0.006121745760256779,NORMAL
6612,0.9879624270110484,0.005915827228695014,0.006121745760256779,NORMAL
6613,0.9879624270110484,0.005915827228695014,0.006121745760256779,NORMAL
6614,0.9879624270110484,0.005915827228695014,0.006121745760256779,NORMAL
6615,0.9879624270110484,0.005915827228695014,0.006121745760256779,NORMAL
6616,0.9879624270110484,0.005915827228695014,0.006121745760256779,NORMAL
6617,0.9879624270110484,0.005915827228695014,0.006121745760256779,NORMAL
6618,0.9879624270110484,0.005915827228695014,0.006121745760256779,NORMAL
6619,0.9879624270110484,0.005915827228695014,0.006121745760256779,NORMAL
6620,0.9879624270110484,0.005915827228695014,0.006121745760256779,NORMAL
6621,0.9879624270110484,0.005915827228695014,0.006121745760256779,NORMAL
6622,0.9879624270110484,0.005915827228695014,0.006121745760256779,NORMAL
6623,0.9879624270110484,0.005915827228695014,0.006121745760256779,NORMAL
6624,0.9879624270110484,0.005915827228695014,0.006121745760256779,NORMAL
6625,0.9879624270110484,0.005915827228695014,0.006121745760256779,NORMAL
6626,0.9879624270110484,0.005915827228695014,0.006121745760256779,NORMAL
6627,0.9879624270110484,0.005915827228695014,0.006121745760256779,NORMAL
6628,0.9879624270110484,0.005915827228695014,0.006121745760256779,NORMAL
6629,0.9879624270110484,0.005915827228695014,0.006121745760256779,NORMAL
6630,0.9879624270110484,0.005915827228695014,0.006121745760256779,NORMAL
6631,0.9879624270110484,0.005915827228695014,0.006121745760256779,NORMAL
6632,0.9879624270110484,0.005915827228695014,0.006121745760256779,NORMAL
6633,0.9879624270110484,0.005915827228695014,0.006121745760256779,NORMAL
6634,0.9879624270110484,0.005915827228695014,0.006121745760256779,NORMAL
6635,0.9879624270110484,0.005915827228695014,0.006121745760256779,NORMAL
6636,0.9879624270110484,0.005915827228695014,0.006121745760256779,NORMAL
6637,0.9879624270110484,0.005915827228695014,0.006121745760256779,NORMAL
6638,0.9879624270110484,0.005915827228695014,0.006121745760256779,NORMAL
6639,0.9879624270110484,0.005915827228695014,0.006121745760256779,NORMAL
6640,0.9879624270110484,0.005915827228695014,0.006121745760256779,NORMAL
6641,0.9879624270110484,0.005915827228695014,0.006121745760256779,NORMAL
6642,0.9861457749806429,0.0072039971467352795,0.00665022787262171,NORMAL
6643,0.9861457749806429,0.0072039971467352795,0.00665022787262171,NORMAL
6644,0.9861457749806429,0.0072039971467352795,0.00665022787262171,NORMAL
6645,0.9861457749806429,0.0072039971467352795,0.00665022787262171,NORMAL
6646,0.9861457749806429,0.0072039971467352795,0.00665022787262171,NORMAL
6647,0.9861457749806429,0.0072039971467352795,0.00665022787262171,NORMAL
6648,0.9861457749806429,0.0072039971467352795,0.00665022787262171,NORMAL
6649,0.9861457749806429,0.0072039971467352795,0.00665022787262171,NORMAL
6650,0.9861457749806429,0.0072039971467352795,0.00665022787262171,NORMAL
6651,0.9861457749806429,0.0072039971467352795,0.00665022787262171,NORMAL
6652,0.9861457749806429,0.0072039971467352795,0.00665022787262171,NORMAL
6653,0.9861457749806429,0.0072039971467352795,0.00665022787262171,NORMAL
6654,0.9861457749806429,0.0072039971467352795,0.00665022787262171,NORMAL
6655,0.9861457749806429,0.0072039971467352795,0.00665022787262171,NORMAL
6656,0.9861457749806429,0.0072039971467352795,0.00665022787262171,NORMAL
6657,0.9861457749806429,0.0072039971467352795,0.00665022787262171,NORMAL
6658,0.9861457749806429,0.0072039971467352795,0.00665022787262171,NORMAL
6659,0.9861457749806429,0.0072039971467352795,0.00665022787262171,NORMAL
6660,0.9861457749806429,0.0072039971467352795,0.00665022787262171,NORMAL
6661,0.9861457749806429,0.0072039971467352795,0.00665022787262171,NORMAL
6662,0.9861457749806429,0.0072039971467352795,0.00665022787262171,NORMAL
6663,0.9861457749806429,0.0072039971467352795,0.00665022787262171,NORMAL
6664,0.9861457749806429,0.0072039971467352795,0.00665022787262171,NORMAL
6665,0.9861457749806429,0.0072039971467352795,0.00665022787262171,NORMAL
6666,0.9861457749806429,0.0072039971467352795,0.00665022787262171,NORMAL
6667,0.9861457749806429,0.0072039971467352795,0.00665022787262171,NORMAL
6668,0.9861457749806429,0.0072039971467352795,0.00665022787262171,NORMAL
6669,0.9861457749806429,0.0072039971467352795,0.00665022787262171,NORMAL
6670,0.9861457749806429,0.0072039971467352795,0.00665022787262171,NORMAL
6671,0.9861457749806429,0.0072039971467352795,0.00665022787262171,NORMAL
6672,0.9861457749806429,0.0072039971467352795,0.00665022787262171,NORMAL
6673,0.9861457749806429,0.0072039971467352795,0.00665022787262171,NORMAL
6674,0.9861457749806429,0.0072039971467352795,0.00665022787262171,NORMAL
6675,0.9861457749806429,0.0072039971467352795,0.00665022787262171,NORMAL
6676,0.9861457749806429,0.0072039971467352795,0.00665022787262171,NORMAL
6677,0.9861457749806429,0.0072039971467352795,0.00665022787262171,NORMAL
6678,0.9859791409469767,0.008500740869144683,0.005520118183878616,NORMAL
6679,0.9859791409469767,0.008500740869144683,0.005520118183878616,NORMAL
6680,0.9859791409469767,0.008500740869144683,0.005520118183878616,NORMAL
6681,0.9859791409469767,0.008500740869144683,0.005520118183878616,NORMAL
6682,0.9859791409469767,0.008500740869144683,0.005520118183878616,NORMAL
6683,0.9859791409469767,0.008500740869144683,0.005520118183878616,NORMAL
6684,0.9859791409469767,0.008500740869144683,0.005520118183878616,NORMAL
6685,0.9859791409469767,0.008500740869144683,0.005520118183878616,NORMAL
6686,0.9859791409469767,0.008500740869144683,0.005520118183878616,NORMAL
6687,0.9859791409469767,0.008500740869144683,0.005520118183878616,NORMAL
6688,0.9859791409469767,0.008500740869144683,0.005520118183878616,NORMAL
6689,0.9859791409469767,0.008500740869144683,0.005520118183878616,NORMAL
6690,0.9859791409469767,0.008500740869144683,0.005520118183878616,NORMAL
6691,0.9859791409469767,0.008500740869144683,0.005520118183878616,NORMAL
6692,0.9859791409469767,0.008500740869144683,0.005520118183878616,NORMAL
6693,0.9859791409469767,0.008500740869144683,0.005520118183878616,NORMAL
6694,0.9859791409469767,0.008500740869144683,0.005520118183878616,NORMAL
6695,0.9859791409469767,0.008500740869144683,0.005520118183878616,NORMAL
6696,0.9861457749806429,0.0072039971467352795,0.00665022787262171,NORMAL
6697,0.9861457749806429,0.0072039971467352795,0.00665022787262171,NORMAL
6698,0.9861457749806429,0.0072039971467352795,0.00665022787262171,NORMAL
6699,0.9861457749806429,0.0072039971467352795,0.00665022787262171,NORMAL
6700,0.9861457749806429,0.0072039971467352795,0.00665022787262171,NORMAL
6701,0.9861457749806429,0.0072039971467352795,0.00665022787262171,NORMAL
6702,0.9861457749806429,0.0072039971467352795,0.00665022787262171,NORMAL
6703,0.9861457749806429,0.0072039971467352795,0.00665022787262171,NORMAL
6704,0.9861457749806429,0.0072039971467352795,0.00665022787262171,NORMAL
6705,0.9861457749806429,0.0072039971467352795,0.00665022787262171,NORMAL
6706,0.9861457749806429,0.0072039971467352795,0.00665022787262171,NORMAL
6707,0.9861457749806429,0.0072039971467352795,0.00665022787262171,NORMAL
6708,0.9861457749806429,0.0072039971467352795,0.00665022787262171,NORMAL
6709,0.9861457749806429,0.0072039971467352795,0.00665022787262171,NORMAL
6710,0.9861457749806429,0.0072039971467352795,0.00665022787262171,NORMAL
6711,0.9861457749806429,0.0072039971467352795,0.00665022787262171,NORMAL
6712,0.9861457749806429,0.0072039971467352795,0.00665022787262171,NORMAL
6713,0.9861457749806429,0.0072039971467352795,0.00665022787262171,NORMAL
6714,0.9879624270110484,0.005915827228695014,0.006121745760256779,NORMAL
6715,0.9879624270110484,0.005915827228695014,0.006121745760256779,NORMAL
6716,0.9879624270110484,0.005915827228695014,0.006121745760256779,NORMAL
6717,0.9879624270110484,0.005915827228695014,0.006121745760256779,NORMAL
6718,0.9879624270110484,0.005915827228695014,0.006121745760256779,NORMAL
6719,0.9879624270110484,0.005915827228695014,0.006121745760256779,NORMAL
6720,0.9879624270110484,0.005915827228695014,0.006121745760256779,NORMAL
6721,0.9879624270110484,0.005915827228695014,0.006121745760256779,NORMAL
6722,0.9879624270110484,0.005915827228695014,0.006121745760256779,NORMAL
6723,0.9879624270110484,0.005915827228695014,0.006121745760256779,NORMAL
6724,0.9879624270110484,0.005915827228695014,0.006121745760256779,NORMAL
6725,0.9879624270110484,0.005915827228695014,0.006121745760256779,NORMAL
6726,0.9879624270110484,0.005915827228695014,0.006121745760256779,NORMAL
6727,0.9879624270110484,0.005915827228695014,0.006121745760256779,NORMAL
6728,0.9879624270110484,0.005915827228695014,0.006121745760256779,NORMAL
6729,0.9879624270110484,0.005915827228695014,0.006121745760256779,NORMAL
6730,0.9879624270110484,0.005915827228695014,0.006121745760256779,NORMAL
6731,0.9879624270110484,0.005915827228695014,0.006121745760256779,NORMAL
6732,0.9859791409469767,0.008500740869144683,0.005520118183878616,NORMAL
6733,0.9859791409469767,0.008500740869144683,0.005520118183878616,NORMAL
6734,0.9859791409469767,0.008500740869144683,0.005520118183878616,NORMAL
6735,0.9859791409469767,0.008500740869144683,0.005520118183878616,NORMAL
6736,0.9859791409469767,0.008500740869144683,0.005520118183878616,NORMAL
6737,0.9859791409469767,0.008500740869144683,0.005520118183878616,NORMAL
6738,0.9859791409469767,0.008500740869144683,0.005520118183878616,NORMAL
6739,0.9859791409469767,0.008500740869144683,0.005520118183878616,NORMAL
6740,0.9859791409469767,0.008500740869144683,0.005520118183878616,NORMAL
6741,0.9859791409469767,0.008500740869144683,0.005520118183878616,NORMAL
6742,0.9859791409469767,0.008500740869144683,0.005520118183878616,NORMAL
6743,0.9859791409469767,0.008500740869144683,0.005520118183878616,NORMAL
6744,0.9859791409469767,0.008500740869144683,0.005520118183878616,NORMAL
6745,0.9859791409469767,0.008500740869144683,0.005520118183878616,NORMAL
6746,0.9859791409469767,0.008500740869144683,0.005520118183878616,NORMAL
6747,0.9859791409469767,0.008500740869144683,0.005520118183878616,NORMAL
6748,0.9859791409469767,0.008500740869144683,0.005520118183878616,NORMAL
6749,0.9859791409469767,0.008500740869144683,0.005520118183878616,NORMAL
6750,0.9859791409469767,0.008500740869144683,0.005520118183878616,NORMAL
6751,0.9859791409469767,0.008500740869144683,0.005520118183878616,NORMAL
6752,0.9859791409469767,0.008500740869144683,0.005520118183878616,NORMAL
6753,0.9859791409469767,0.008500740869144683,0.005520118183878616,NORMAL
6754,0.9859791409469767,0.008500740869144683,0.005520118183878616,NORMAL
6755,0.9859791409469767,0.008500740869144683,0.005520118183878616,NORMAL
6756,0.9859791409469767,0.008500740869144683,0.005520118183878616,NORMAL
6757,0.9859791409469767,0.008500740869144683,0.005520118183878616,NORMAL
6758,0.9859791409469767,0.008500740869144683,0.005520118183878616,NORMAL
6759,0.9859791409469767,0.008500740869144683,0.005520118183878616,NORMAL
6760,0.9859791409469767,0.008500740869144683,0.005520118183878616,NORMAL
6761,0.9859791409469767,0.008500740869144683,0.005520118183878616,NORMAL
6762,0.9859791409469767,0.008500740869144683,0.005520118183878616,NORMAL
6763,0.9859791409469767,0.008500740869144683,0.005520118183878616,NORMAL
6764,0.9859791409469767,0.008500740869144683,0.005520118183878616,NORMAL
6765,0.9859791409469767,0.008500740869144683,0.005520118183878616,NORMAL
6766,0.9859791409469767,0.008500740869144683,0.005520118183878616,NORMAL
6767,0.9859791409469767,0.008500740869144683,0.005520118183878616,NORMAL
6768,0.9861457749806429,0.0072039971467352795,0.00665022787262171,NORMAL
6769,0.9861457749806429,0.0072039971467352795,0.00665022787262171,NORMAL
6770,0.9861457749806429,0.0072039971467352795,0.00665022787262171,NORMAL
6771,0.9861457749806429,0.0072039971467352795,0.00665022787262171,NORMAL
6772,0.9861457749806429,0.0072039971467352795,0.00665022787262171,NORMAL
6773,0.9861457749806429,0.0072039971467352795,0.00665022787262171,NORMAL
6774,0.9861457749806429,0.0072039971467352795,0.00665022787262171,NORMAL
6775,0.9861457749806429,0.0072039971467352795,0.00665022787262171,NORMAL
6776,0.9861457749806429,0.0072039971467352795,0.00665022787262171,NORMAL
6777,0.9861457749806429,0.0072039971467352795,0.00665022787262171,NORMAL
6778,0.9861457749806429,0.0072039971467352795,0.00665022787262171,NORMAL
6779,0.9861457749806429,0.0072039971467352795,0.00665022787262171,NORMAL
6780,0.9861457749806429,0.0072039971467352795,0.00665022787262171,NORMAL
6781,0.9861457749806429,0.0072039971467352795,0.00665022787262171,NORMAL
6782,0.9861457749806429,0.0072039971467352795,0.00665022787262171,NORMAL
6783,0.9861457749806429,0.0072039971467352795,0.00665022787262171,NORMAL
6784,0.9861457749806429,0.0072039971467352795,0.00665022787262171,NORMAL
6785,0.9861457749806429,0.0072039971467352795,0.00665022787262171,NORMAL
6786,0.9879624270110484,0.005915827228695014,0.006121745760256779,NORMAL
6787,0.9879624270110484,0.005915827228695014,0.006121745760256779,NORMAL
6788,0.9879624270110484,0.005915827228695014,0.006121745760256779,NORMAL
6789,0.9879624270110484,0.005915827228695014,0.006121745760256779,NORMAL
6790,0.9879624270110484,0.005915827228695014,0.006121745760256779,NORMAL
6791,0.9879624270110484,0.005915827228695014,0.006121745760256779,NORMAL
6792,0.9879624270110484,0.005915827228695014,0.006121745760256779,NORMAL
6793,0.9879624270110484,0.005915827228695014,0.006121745760256779,NORMAL
6794,0.9879624270110484,0.005915827228695014,0.006121745760256779,NORMAL
6795,0.9879624270110484,0.005915827228695014,0.006121745760256779,NORMAL
6796,0.9879624270110484,0.005915827228695014,0.006121745760256779,NORMAL
6797,0.9879624270110484,0.005915827228695014,0.006121745760256779,NORMAL
6798,0.9879624270110484,0.005915827228695014,0.006121745760256779,NORMAL
6799,0.9879624270110484,0.005915827228695014,0.006121745760256779,NORMAL
6800,0.9879624270110484,0.005915827228695014,0.006121745760256779,NORMAL
6801,0.9879624270110484,0.005915827228695014,0.006121745760256779,NORMAL
6802,0.9879624270110484,0.005915827228695014,0.006121745760256779,NORMAL
6803,0.9879624270110484,0.005915827228695014,0.006121745760256779,NORMAL
6804,0.9859791409469767,0.008500740869144683,0.005520118183878616,NORMAL
6805,0.9859791409469767,0.008500740869144683,0.005520118183878616,NORMAL
6806,0.9859791409469767,0.008500740869144683,0.005520118183878616,NORMAL
6807,0.9859791409469767,0.008500740869144683,0.005520118183878616,NORMAL
6808,0.9859791409469767,0.008500740869144683,0.005520118183878616,NORMAL
6809,0.9859791409469767,0.008500740869144683,0.005520118183878616,NORMAL
6810,0.9859791409469767,0.008500740869144683,0.005520118183878616,NORMAL
6811,0.9859791409469767,0.008500740869144683,0.005520118183878616,NORMAL
6812,0.9859791409469767,0.008500740869144683,0.005520118183878616,NORMAL
6813,0.9859791409469767,0.008500740869144683,0.005520118183878616,NORMAL
6814,0.9859791409469767,0.008500740869144683,0.005520118183878616,NORMAL
6815,0.9859791409469767,0.008500740869144683,0.005520118183878616,NORMAL
6816,0.9859791409469767,0.008500740869144683,0.005520118183878616,NORMAL
6817,0.9859791409469767,0.008500740869144683,0.005520118183878616,NORMAL
6818,0.9859791409469767,0.008500740869144683,0.005520118183878616,NORMAL
6819,0.9859791409469767,0.008500740869144683,0.005520118183878616,NORMAL
6820,0.9859791409469767,0.008500740869144683,0.005520118183878616,NORMAL
6821,0.9859791409469767,0.008500740869144683,0.005520118183878616,NORMAL
6822,0.9879624270110484,0.005915827228695014,0.006121745760256779,NORMAL
6823,0.9879624270110484,0.005915827228695014,0.006121745760256779,NORMAL
6824,0.9879624270110484,0.005915827228695014,0.006121745760256779,NORMAL
6825,0.9879624270110484,0.005915827228695014,0.006121745760256779,NORMAL
6826,0.9879624270110484,0.005915827228695014,0.006121745760256779,NORMAL
6827,0.9879624270110484,0.005915827228695014,0.006121745760256779,NORMAL
6828,0.9879624270110484,0.005915827228695014,0.006121745760256779,NORMAL
6829,0.9879624270110484,0.005915827228695014,0.006121745760256779,NORMAL
6830,0.9879624270110484,0.005915827228695014,0.006121745760256779,NORMAL
6831,0.9879624270110484,0.005915827228695014,0.006121745760256779,NORMAL
6832,0.9879624270110484,0.005915827228695014,0.006121745760256779,NORMAL
6833,0.9879624270110484,0.005915827228695014,0.006121745760256779,NORMAL
6834,0.9879624270110484,0.005915827228695014,0.006121745760256779,NORMAL
6835,0.9879624270110484,0.005915827228695014,0.006121745760256779,NORMAL
6836,0.9879624270110484,0.005915827228695014,0.006121745760256779,NORMAL
6837,0.9879624270110484,0.005915827228695014,0.006121745760256779,NORMAL
6838,0.9879624270110484,0.005915827228695014,0.006121745760256779,NORMAL
6839,0.9879624270110484,0.005915827228695014,0.006121745760256779,NORMAL
6840,0.9861457749806429,0.0072039971467352795,0.00665022787262171,NORMAL
6841,0.9861457749806429,0.0072039971467352795,0.00665022787262171,NORMAL
6842,0.9861457749806429,0.0072039971467352795,0.00665022787262171,NORMAL
6843,0.9861457749806429,0.0072039971467352795,0.00665022787262171,NORMAL
6844,0.9861457749806429,0.0072039971467352795,0.00665022787262171,NORMAL
6845,0.9861457749806429,0.0072039971467352795,0.00665022787262171,NORMAL
6846,0.9861457749806429,0.0072039971467352795,0.00665022787262171,NORMAL
6847,0.9861457749806429,0.0072039971467352795,0.00665022787262171,NORMAL
6848,0.9861457749806429,0.0072039971467352795,0.00665022787262171,NORMAL
6849,0.9861457749806429,0.0072039971467352795,0.00665022787262171,NORMAL
6850,0.9861457749806429,0.0072039971467352795,0.00665022787262171,NORMAL
6851,0.9861457749806429,0.0072039971467352795,0.00665022787262171,NORMAL
6852,0.9861457749806429,0.0072039971467352795,0.00665022787262171,NORMAL
6853,0.9861457749806429,0.0072039971467352795,0.00665022787262171,NORMAL
6854,0.9861457749806429,0.0072039971467352795,0.00665022787262171,NORMAL
6855,0.9861457749806429,0.0072039971467352795,0.00665022787262171,NORMAL
6856,0.9861457749806429,0.0072039971467352795,0.00665022787262171,NORMAL
6857,0.9861457749806429,0.0072039971467352795,0.00665022787262171,NORMAL
6858,0.9861457749806429,0.0072039971467352795,0.00665022787262171,NORMAL
6859,0.9861457749806429,0.0072039971467352795,0.00665022787262171,NORMAL
6860,0.9861457749806429,0.0072039971467352795,0.00665022787262171,NORMAL
6861,0.9861457749806429,0.0072039971467352795,0.00665022787262171,NORMAL
6862,0.9861457749806429,0.0072039971467352795,0.00665022787262171,NORMAL
6863,0.9861457749806429,0.0072039971467352795,0.00665022787262171,NORMAL
6864,0.9861457749806429,0.0072039971467352795,0.00665022787262171,NORMAL
6865,0.9861457749806429,0.0072039971467352795,0.00665022787262171,NORMAL
6866,0.9861457749806429,0.0072039971467352795,0.00665022787262171,NORMAL
6867,0.9861457749806429,0.0072039971467352795,0.00665022787262171,NORMAL
6868,0.9861457749806429,0.0072039971467352795,0.00665022787262171,NORMAL
6869,0.9861457749806429,0.0072039971467352795,0.00665022787262171,NORMAL
6870,0.9861457749806429,0.0072039971467352795,0.00665022787262171,NORMAL
6871,0.9861457749806429,0.0072039971467352795,0.00665022787262171,NORMAL
6872,0.9861457749806429,0.0072039971467352795,0.00665022787262171,NORMAL
6873,0.9861457749806429,0.0072039971467352795,0.00665022787262171,NORMAL
6874,0.9861457749806429,0.0072039971467352795,0.00665022787262171,NORMAL
6875,0.9861457749806429,0.0072039971467352795,0.00665022787262171,NORMAL
6876,0.9859791409469767,0.008500740869144683,0.005520118183878616,NORMAL
6877,0.9859791409469767,0.008500740869144683,0.005520118183878616,NORMAL
6878,0.9859791409469767,0.008500740869144683,0.005520118183878616,NORMAL
6879,0.9859791409469767,0.008500740869144683,0.005520118183878616,NORMAL
6880,0.9859791409469767,0.008500740869144683,0.005520118183878616,NORMAL
6881,0.9859791409469767,0.008500740869144683,0.005520118183878616,NORMAL
6882,0.9859791409469767,0.008500740869144683,0.005520118183878616,NORMAL
6883,0.9859791409469767,0.008500740869144683,0.005520118183878616,NORMAL
6884,0.9859791409469767,0.008500740869144683,0.005520118183878616,NORMAL
6885,0.9859791409469767,0.008500740869144683,0.005520118183878616,NORMAL
6886,0.9859791409469767,0.008500740869144683,0.005520118183878616,NORMAL
6887,0.9859791409469767,0.008500740869144683,0.005520118183878616,NORMAL
6888,0.9859791409469767,0.008500740869144683,0.005520118183878616,NORMAL
6889,0.9859791409469767,0.008500740869144683,0.005520118183878616,NORMAL
6890,0.9859791409469767,0.008500740869144683,0.005520118183878616,NORMAL
6891,0.9859791409469767,0.008500740869144683,0.005520118183878616,NORMAL
6892,0.9859791409469767,0.008500740869144683,0.005520118183878616,NORMAL
6893,0.9859791409469767,0.008500740869144683,0.005520118183878616,NORMAL
6894,0.9879624270110484,0.005915827228695014,0.006121745760256779,NORMAL
6895,0.9879624270110484,0.005915827228695014,0.006121745760256779,NORMAL
6896,0.9879624270110484,0.005915827228695014,0.006121745760256779,NORMAL
6897,0.9879624270110484,0.005915827228695014,0.006121745760256779,NORMAL
6898,0.9879624270110484,0.005915827228695014,0.006121745760256779,NORMAL
6899,0.9879624270110484,0.005915827228695014,0.006121745760256779,NORMAL
6900,0.9879624270110484,0.005915827228695014,0.006121745760256779,NORMAL
6901,0.9879624270110484,0.005915827228695014,0.006121745760256779,NORMAL
6902,0.9879624270110484,0.005915827228695014,0.006121745760256779,NORMAL
6903,0.9879624270110484,0.005915827228695014,0.006121745760256779,NORMAL
6904,0.9879624270110484,0.005915827228695014,0.006121745760256779,NORMAL
6905,0.9879624270110484,0.005915827228695014,0.006121745760256779,NORMAL
6906,0.9879624270110484,0.005915827228695014,0.006121745760256779,NORMAL
6907,0.9879624270110484,0.005915827228695014,0.006121745760256779,NORMAL
6908,0.9879624270110484,0.005915827228695014,0.006121745760256779,NORMAL
6909,0.9879624270110484,0.005915827228695014,0.006121745760256779,NORMAL
6910,0.9879624270110484,0.005915827228695014,0.006121745760256779,NORMAL
6911,0.9879624270110484,0.005915827228695014,0.006121745760256779,NORMAL
6912,0.9859791409469767,0.008500740869144683,0.005520118183878616,NORMAL
6913,0.9859791409469767,0.008500740869144683,0.005520118183878616,NORMAL
6914,0.9859791409469767,0.008500740869144683,0.005520118183878616,NORMAL
6915,0.9859791409469767,0.008500740869144683,0.005520118183878616,NORMAL
6916,0.9859791409469767,0.008500740869144683,0.005520118183878616,NORMAL
6917,0.9859791409469767,0.008500740869144683,0.005520118183878616,NORMAL
6918,0.9859791409469767,0.008500740869144683,0.005520118183878616,NORMAL
6919,0.9859791409469767,0.008500740869144683,0.005520118183878616,NORMAL
6920,0.9859791409469767,0.008500740869144683,0.005520118183878616,NORMAL
6921,0.9859791409469767,0.008500740869144683,0.005520118183878616,NORMAL
6922,0.9859791409469767,0.008500740869144683,0.005520118183878616,NORMAL
6923,0.9859791409469767,0.008500740869144683,0.005520118183878616,NORMAL
6924,0.9859791409469767,0.008500740869144683,0.005520118183878616,NORMAL
6925,0.9859791409469767,0.008500740869144683,0.005520118183878616,NORMAL
6926,0.9859791409469767,0.008500740869144683,0.005520118183878616,NORMAL
6927,0.9859791409469767,0.008500740869144683,0.005520118183878616,NORMAL
6928,0.9859791409469767,0.008500740869144683,0.005520118183878616,NORMAL
6929,0.9859791409469767,0.008500740869144683,0.005520118183878616,NORMAL
6930,0.9861457749806429,0.0072039971467352795,0.00665022787262171,NORMAL
6931,0.9861457749806429,0.0072039971467352795,0.00665022787262171,NORMAL
6932,0.9861457749806429,0.0072039971467352795,0.00665022787262171,NORMAL
6933,0.9861457749806429,0.0072039971467352795,0.00665022787262171,NORMAL
6934,0.9861457749806429,0.0072039971467352795,0.00665022787262171,NORMAL
6935,0.9861457749806429,0.0072039971467352795,0.00665022787262171,NORMAL
6936,0.9861457749806429,0.0072039971467352795,0.00665022787262171,NORMAL
6937,0.9861457749806429,0.0072039971467352795,0.00665022787262171,NORMAL
6938,0.9861457749806429,0.0072039971467352795,0.00665022787262171,NORMAL
6939,0.9861457749806429,0.0072039971467352795,0.00665022787262171,NORMAL
6940,0.9861457749806429,0.0072039971467352795,0.00665022787262171,NORMAL
6941,0.9861457749806429,0.0072039971467352795,0.00665022787262171,NORMAL
6942,0.9861457749806429,0.0072039971467352795,0.00665022787262171,NORMAL
6943,0.9861457749806429,0.0072039971467352795,0.00665022787262171,NORMAL
6944,0.9861457749806429,0.0072039971467352795,0.00665022787262171,NORMAL
6945,0.9861457749806429,0.0072039971467352795,0.00665022787262171,NORMAL
6946,0.9861457749806429,0.0072039971467352795,0.00665022787262171,NORMAL
6947,0.9861457749806429,0.0072039971467352795,0.00665022787262171,NORMAL
6948,0.9879624270110484,0.005915827228695014,0.006121745760256779,NORMAL
6949,0.9879624270110484,0.005915827228695014,0.006121745760256779,NORMAL
6950,0.9879624270110484,0.005915827228695014,0.006121745760256779,NORMAL
6951,0.9879624270110484,0.005915827228695014,0.006121745760256779,NORMAL
6952,0.9879624270110484,0.005915827228695014,0.006121745760256779,NORMAL
6953,0.9879624270110484,0.005915827228695014,0.006121745760256779,NORMAL
6954,0.9879624270110484,0.005915827228695014,0.006121745760256779,NORMAL
6955,0.9879624270110484,0.005915827228695014,0.006121745760256779,NORMAL
6956,0.9879624270110484,0.005915827228695014,0.006121745760256779,NORMAL
6957,0.9879624270110484,0.005915827228695014,0.006121745760256779,NORMAL
6958,0.9879624270110484,0.005915827228695014,0.006121745760256779,NORMAL
6959,0.9879624270110484,0.005915827228695014,0.006121745760256779,NORMAL
6960,0.9879624270110484,0.005915827228695014,0.006121745760256779,NORMAL
6961,0.9879624270110484,0.005915827228695014,0.006121745760256779,NORMAL
6962,0.9879624270110484,0.005915827228695014,0.006121745760256779,NORMAL
6963,0.9879624270110484,0.005915827228695014,0.006121745760256779,NORMAL
6964,0.9879624270110484,0.005915827228695014,0.006121745760256779,NORMAL
6965,0.9879624270110484,0.005915827228695014,0.006121745760256779,NORMAL
6966,0.9859791409469767,0.008500740869144683,0.005520118183878616,NORMAL
6967,0.9859791409469767,0.008500740869144683,0.005520118183878616,NORMAL
6968,0.9859791409469767,0.008500740869144683,0.005520118183878616,NORMAL
6969,0.9859791409469767,0.008500740869144683,0.005520118183878616,NORMAL
6970,0.9859791409469767,0.008500740869144683,0.005520118183878616,NORMAL
6971,0.9859791409469767,0.008500740869144683,0.005520118183878616,NORMAL
6972,0.9859791409469767,0.008500740869144683,0.005520118183878616,NORMAL
6973,0.9859791409469767,0.008500740869144683,0.005520118183878616,NORMAL
6974,0.9859791409469767,0.008500740869144683,0.005520118183878616,NORMAL
6975,0.9859791409469767,0.008500740869144683,0.005520118183878616,NORMAL
6976,0.9859791409469767,0.008500740869144683,0.005520118183878616,NORMAL
6977,0.9859791409469767,0.008500740869144683,0.005520118183878616,NORMAL
6978,0.9859791409469767,0.008500740869144683,0.005520118183878616,NORMAL
6979,0.9859791409469767,0.008500740869144683,0.005520118183878616,NORMAL
6980,0.9859791409469767,0.008500740869144683,0.005520118183878616,NORMAL
6981,0.9859791409469767,0.008500740869144683,0.005520118183878616,NORMAL
6982,0.9859791409469767,0.008500740869144683,0.005520118183878616,NORMAL
6983,0.9859791409469767,0.008500740869144683,0.005520118183878616,NORMAL
6984,0.9861457749806429,0.0072039971467352795,0.00665022787262171,NORMAL
6985,0.9861457749806429,0.0072039971467352795,0.00665022787262171,NORMAL
6986,0.9861457749806429,0.0072039971467352795,0.00665022787262171,NORMAL
6987,0.9861457749806429,0.0072039971467352795,0.00665022787262171,NORMAL
6988,0.9861457749806429,0.0072039971467352795,0.00665022787262171,NORMAL
6989,0.9861457749806429,0.0072039971467352795,0.00665022787262171,NORMAL
6990,0.9861457749806429,0.0072039971467352795,0.00665022787262171,NORMAL
6991,0.9861457749806429,0.0072039971467352795,0.00665022787262171,NORMAL
6992,0.9861457749806429,0.0072039971467352795,0.00665022787262171,NORMAL
6993,0.9861457749806429,0.0072039971467352795,0.00665022787262171,NORMAL
6994,0.9861457749806429,0.0072039971467352795,0.00665022787262171,NORMAL
6995,0.9861457749806429,0.0072039971467352795,0.00665022787262171,NORMAL
6996,0.9861457749806429,0.0072039971467352795,0.00665022787262171,NORMAL
6997,0.9861457749806429,0.0072039971467352795,0.00665022787262171,NORMAL
6998,0.9861457749806429,0.0072039971467352795,0.00665022787262171,NORMAL
6999,0.9861457749806429,0.0072039971467352795,0.00665022787262171,NORMAL
7000,0.9861457749806429,0.0072039971467352795,0.00665022787262171,NORMAL
7001,0.9861457749806429,0.0072039971467352795,0.00665022787262171,NORMAL
7002,0.9859791409469767,0.008500740869144683,0.005520118183878616,NORMAL
7003,0.9859791409469767,0.008500740869144683,0.005520118183878616,NORMAL
7004,0.9859791409469767,0.008500740869144683,0.005520118183878616,NORMAL
7005,0.9859791409469767,0.008500740869144683,0.005520118183878616,NORMAL
7006,0.9859791409469767,0.008500740869144683,0.005520118183878616,NORMAL
7007,0.9859791409469767,0.008500740869144683,0.005520118183878616,NORMAL
7008,0.9859791409469767,0.008500740869144683,0.005520118183878616,NORMAL
7009,0.9859791409469767,0.008500740869144683,0.005520118183878616,NORMAL
7010,0.9859791409469767,0.008500740869144683,0.005520118183878616,NORMAL
7011,0.9859791409469767,0.008500740869144683,0.005520118183878616,NORMAL
7012,0.9859791409469767,0.008500740869144683,0.005520118183878616,NORMAL
7013,0.9859791409469767,0.008500740869144683,0.005520118183878616,NORMAL
7014,0.9859791409469767,0.008500740869144683,0.005520118183878616,NORMAL
7015,0.9859791409469767,0.008500740869144683,0.005520118183878616,NORMAL
7016,0.9859791409469767,0.008500740869144683,0.005520118183878616,NORMAL
7017,0.9859791409469767,0.008500740869144683,0.005520118183878616,NORMAL
7018,0.9859791409469767,0.008500740869144683,0.005520118183878616,NORMAL
7019,0.9859791409469767,0.008500740869144683,0.005520118183878616,NORMAL
7020,0.9861457749806429,0.0072039971467352795,0.00665022787262171,NORMAL
7021,0.9861457749806429,0.0072039971467352795,0.00665022787262171,NORMAL
7022,0.9861457749806429,0.0072039971467352795,0.00665022787262171,NORMAL
7023,0.9861457749806429,0.0072039971467352795,0.00665022787262171,NORMAL
7024,0.9861457749806429,0.0072039971467352795,0.00665022787262171,NORMAL
7025,0.9861457749806429,0.0072039971467352795,0.00665022787262171,NORMAL
7026,0.9861457749806429,0.0072039971467352795,0.00665022787262171,NORMAL
7027,0.9861457749806429,0.0072039971467352795,0.00665022787262171,NORMAL
7028,0.9861457749806429,0.0072039971467352795,0.00665022787262171,NORMAL
7029,0.9861457749806429,0.0072039971467352795,0.00665022787262171,NORMAL
7030,0.9861457749806429,0.0072039971467352795,0.00665022787262171,NORMAL
7031,0.9861457749806429,0.0072039971467352795,0.00665022787262171,NORMAL
7032,0.9861457749806429,0.0072039971467352795,0.00665022787262171,NORMAL
7033,0.9861457749806429,0.0072039971467352795,0.00665022787262171,NORMAL
7034,0.9861457749806429,0.0072039971467352795,0.00665022787262171,NORMAL
7035,0.9861457749806429,0.0072039971467352795,0.00665022787262171,NORMAL
7036,0.9861457749806429,0.0072039971467352795,0.00665022787262171,NORMAL
7037,0.9861457749806429,0.0072039971467352795,0.00665022787262171,NORMAL
7038,0.9879624270110484,0.005915827228695014,0.006121745760256779,NORMAL
7039,0.9879624270110484,0.005915827228695014,0.006121745760256779,NORMAL
7040,0.9879624270110484,0.005915827228695014,0.006121745760256779,NORMAL
7041,0.9879624270110484,0.005915827228695014,0.006121745760256779,NORMAL
7042,0.9879624270110484,0.005915827228695014,0.006121745760256779,NORMAL
7043,0.9879624270110484,0.005915827228695014,0.006121745760256779,NORMAL
7044,0.9879624270110484,0.005915827228695014,0.006121745760256779,NORMAL
7045,0.9879624270110484,0.005915827228695014,0.006121745760256779,NORMAL
7046,0.9879624270110484,0.005915827228695014,0.006121745760256779,NORMAL
7047,0.9879624270110484,0.005915827228695014,0.006121745760256779,NORMAL
7048,0.9879624270110484,0.005915827228695014,0.006121745760256779,NORMAL
7049,0.9879624270110484,0.005915827228695014,0.006121745760256779,NORMAL
7050,0.9879624270110484,0.005915827228695014,0.006121745760256779,NORMAL
7051,0.9879624270110484,0.005915827228695014,0.006121745760256779,NORMAL
7052,0.9879624270110484,0.005915827228695014,0.006121745760256779,NORMAL
7053,0.9879624270110484,0.005915827228695014,0.006121745760256779,NORMAL
7054,0.9879624270110484,0.005915827228695014,0.006121745760256779,NORMAL
7055,0.9879624270110484,0.005915827228695014,0.006121745760256779,NORMAL
7056,0.9861457749806429,0.0072039971467352795,0.00665022787262171,NORMAL
7057,0.9861457749806429,0.0072039971467352795,0.00665022787262171,NORMAL
7058,0.9861457749806429,0.0072039971467352795,0.00665022787262171,NORMAL
7059,0.9861457749806429,0.0072039971467352795,0.00665022787262171,NORMAL
7060,0.9861457749806429,0.0072039971467352795,0.00665022787262171,NORMAL
7061,0.9861457749806429,0.0072039971467352795,0.00665022787262171,NORMAL
7062,0.9861457749806429,0.0072039971467352795,0.00665022787262171,NORMAL
7063,0.9861457749806429,0.0072039971467352795,0.00665022787262171,NORMAL
7064,0.9861457749806429,0.0072039971467352795,0.00665022787262171,NORMAL
7065,0.9861457749806429,0.0072039971467352795,0.00665022787262171,NORMAL
7066,0.9861457749806429,0.0072039971467352795,0.00665022787262171,NORMAL
7067,0.9861457749806429,0.0072039971467352795,0.00665022787262171,NORMAL
7068,0.9861457749806429,0.0072039971467352795,0.00665022787262171,NORMAL
7069,0.9861457749806429,0.0072039971467352795,0.00665022787262171,NORMAL
7070,0.9861457749806429,0.0072039971467352795,0.00665022787262171,NORMAL
7071,0.9861457749806429,0.0072039971467352795,0.00665022787262171,NORMAL
7072,0.9861457749806429,0.0072039971467352795,0.00665022787262171,NORMAL
7073,0.9861457749806429,0.0072039971467352795,0.00665022787262171,NORMAL
7074,0.9859791409469767,0.008500740869144683,0.005520118183878616,NORMAL
7075,0.9859791409469767,0.008500740869144683,0.005520118183878616,NORMAL
7076,0.9859791409469767,0.008500740869144683,0.005520118183878616,NORMAL
7077,0.9859791409469767,0.008500740869144683,0.005520118183878616,NORMAL
7078,0.9859791409469767,0.008500740869144683,0.005520118183878616,NORMAL
7079,0.9859791409469767,0.008500740869144683,0.005520118183878616,NORMAL
7080,0.9859791409469767,0.008500740869144683,0.005520118183878616,NORMAL
7081,0.9859791409469767,0.008500740869144683,0.005520118183878616,NORMAL
7082,0.9859791409469767,0.008500740869144683,0.005520118183878616,NORMAL
7083,0.9859791409469767,0.008500740869144683,0.005520118183878616,NORMAL
7084,0.9859791409469767,0.008500740869144683,0.005520118183878616,NORMAL
7085,0.9859791409469767,0.008500740869144683,0.005520118183878616,NORMAL
7086,0.9859791409469767,0.008500740869144683,0.005520118183878616,NORMAL
7087,0.9859791409469767,0.008500740869144683,0.005520118183878616,NORMAL
7088,0.9859791409469767,0.008500740869144683,0.005520118183878616,NORMAL
7089,0.9859791409469767,0.008500740869144683,0.005520118183878616,NORMAL
7090,0.9859791409469767,0.008500740869144683,0.005520118183878616,NORMAL
7091,0.9859791409469767,0.008500740869144683,0.005520118183878616,NORMAL
7092,0.9861457749806429,0.0072039971467352795,0.00665022787262171,NORMAL
7093,0.9861457749806429,0.0072039971467352795,0.00665022787262171,NORMAL
7094,0.9861457749806429,0.0072039971467352795,0.00665022787262171,NORMAL
7095,0.9861457749806429,0.0072039971467352795,0.00665022787262171,NORMAL
7096,0.9861457749806429,0.0072039971467352795,0.00665022787262171,NORMAL
7097,0.9861457749806429,0.0072039971467352795,0.00665022787262171,NORMAL
7098,0.9861457749806429,0.0072039971467352795,0.00665022787262171,NORMAL
7099,0.9861457749806429,0.0072039971467352795,0.00665022787262171,NORMAL
7100,0.9861457749806429,0.0072039971467352795,0.00665022787262171,NORMAL
7101,0.9861457749806429,0.0072039971467352795,0.00665022787262171,NORMAL
7102,0.9861457749806429,0.0072039971467352795,0.00665022787262171,NORMAL
7103,0.9861457749806429,0.0072039971467352795,0.00665022787262171,NORMAL
7104,0.9861457749806429,0.0072039971467352795,0.00665022787262171,NORMAL
7105,0.9861457749806429,0.0072039971467352795,0.00665022787262171,NORMAL
7106,0.9861457749806429,0.0072039971467352795,0.00665022787262171,NORMAL
7107,0.9861457749806429,0.0072039971467352795,0.00665022787262171,NORMAL
7108,0.9861457749806429,0.0072039971467352795,0.00665022787262171,NORMAL
7109,0.9861457749806429,0.0072039971467352795,0.00665022787262171,NORMAL
7110,0.9859791409469767,0.008500740869144683,0.005520118183878616,NORMAL
7111,0.9859791409469767,0.008500740869144683,0.005520118183878616,NORMAL
7112,0.9859791409469767,0.008500740869144683,0.005520118183878616,NORMAL
7113,0.9859791409469767,0.008500740869144683,0.005520118183878616,NORMAL
7114,0.9859791409469767,0.008500740869144683,0.005520118183878616,NORMAL
7115,0.9859791409469767,0.008500740869144683,0.005520118183878616,NORMAL
7116,0.9859791409469767,0.008500740869144683,0.005520118183878616,NORMAL
7117,0.9859791409469767,0.008500740869144683,0.005520118183878616,NORMAL
7118,0.9859791409469767,0.008500740869144683,0.005520118183878616,NORMAL
7119,0.9859791409469767,0.008500740869144683,0.005520118183878616,NORMAL
7120,0.9859791409469767,0.008500740869144683,0.005520118183878616,NORMAL
7121,0.9859791409469767,0.008500740869144683,0.005520118183878616,NORMAL
7122,0.9859791409469767,0.008500740869144683,0.005520118183878616,NORMAL
7123,0.9859791409469767,0.008500740869144683,0.005520118183878616,NORMAL
7124,0.9859791409469767,0.008500740869144683,0.005520118183878616,NORMAL
7125,0.9859791409469767,0.008500740869144683,0.005520118183878616,NORMAL
7126,0.9859791409469767,0.008500740869144683,0.005520118183878616,NORMAL
7127,0.9859791409469767,0.008500740869144683,0.005520118183878616,NORMAL
7128,0.9861457749806429,0.0072039971467352795,0.00665022787262171,NORMAL
7129,0.9861457749806429,0.0072039971467352795,0.00665022787262171,NORMAL
7130,0.9861457749806429,0.0072039971467352795,0.00665022787262171,NORMAL
7131,0.9861457749806429,0.0072039971467352795,0.00665022787262171,NORMAL
7132,0.9861457749806429,0.0072039971467352795,0.00665022787262171,NORMAL
7133,0.9861457749806429,0.0072039971467352795,0.00665022787262171,NORMAL
7134,0.9861457749806429,0.0072039971467352795,0.00665022787262171,NORMAL
7135,0.9846354555478628,0.008709939629804172,0.006654604822332931,NORMAL
7136,0.9861457749806429,0.0072039971467352795,0.00665022787262171,NORMAL
7137,0.9861457749806429,0.0072039971467352795,0.00665022787262171,NORMAL
7138,0.9861457749806429,0.0072039971467352795,0.00665022787262171,NORMAL
7139,0.9861457749806429,0.0072039971467352795,0.00665022787262171,NORMAL
7140,0.9861457749806429,0.0072039971467352795,0.00665022787262171,NORMAL
7141,0.9861457749806429,0.0072039971467352795,0.00665022787262171,NORMAL
7142,0.9861457749806429,0.0072039971467352795,0.00665022787262171,NORMAL
7143,0.9861457749806429,0.0072039971467352795,0.00665022787262171,NORMAL
7144,0.9861457749806429,0.0072039971467352795,0.00665022787262171,NORMAL
7145,0.9861457749806429,0.0072039971467352795,0.00665022787262171,NORMAL
7146,0.9859791409469767,0.008500740869144683,0.005520118183878616,NORMAL
7147,0.9859791409469767,0.008500740869144683,0.005520118183878616,NORMAL
7148,0.9859791409469767,0.008500740869144683,0.005520118183878616,NORMAL
7149,0.9859791409469767,0.008500740869144683,0.005520118183878616,NORMAL
7150,0.9859791409469767,0.008500740869144683,0.005520118183878616,NORMAL
7151,0.9859791409469767,0.008500740869144683,0.005520118183878616,NORMAL
7152,0.9859791409469767,0.008500740869144683,0.005520118183878616,NORMAL
7153,0.9859791409469767,0.008500740869144683,0.005520118183878616,NORMAL
7154,0.9859791409469767,0.008500740869144683,0.005520118183878616,NORMAL
7155,0.9859791409469767,0.008500740869144683,0.005520118183878616,NORMAL
7156,0.9859791409469767,0.008500740869144683,0.005520118183878616,NORMAL
7157,0.9859791409469767,0.008500740869144683,0.005520118183878616,NORMAL
7158,0.9859791409469767,0.008500740869144683,0.005520118183878616,NORMAL
7159,0.9859791409469767,0.008500740869144683,0.005520118183878616,NORMAL
7160,0.9859791409469767,0.008500740869144683,0.005520118183878616,NORMAL
7161,0.9859791409469767,0.008500740869144683,0.005520118183878616,NORMAL
7162,0.9859791409469767,0.008500740869144683,0.005520118183878616,NORMAL
7163,0.9859791409469767,0.008500740869144683,0.005520118183878616,NORMAL
7164,0.9859791409469767,0.008500740869144683,0.005520118183878616,NORMAL
7165,0.9859791409469767,0.008500740869144683,0.005520118183878616,NORMAL
7166,0.9859791409469767,0.008500740869144683,0.005520118183878616,NORMAL
7167,0.9859791409469767,0.008500740869144683,0.005520118183878616,NORMAL
7168,0.9859791409469767,0.008500740869144683,0.005520118183878616,NORMAL
7169,0.9859791409469767,0.008500740869144683,0.005520118183878616,NORMAL
7170,0.9859791409469767,0.008500740869144683,0.005520118183878616,NORMAL
7171,0.9859791409469767,0.008500740869144683,0.005520118183878616,NORMAL
7172,0.9859791409469767,0.008500740869144683,0.005520118183878616,NORMAL
7173,0.9859791409469767,0.008500740869144683,0.005520118183878616,NORMAL
7174,0.9859791409469767,0.008500740869144683,0.005520118183878616,NORMAL
7175,0.9859791409469767,0.008500740869144683,0.005520118183878616,NORMAL
7176,0.9859791409469767,0.008500740869144683,0.005520118183878616,NORMAL
7177,0.9859791409469767,0.008500740869144683,0.005520118183878616,NORMAL
7178,0.9859791409469767,0.008500740869144683,0.005520118183878616,NORMAL
7179,0.9859791409469767,0.008500740869144683,0.005520118183878616,NORMAL
7180,0.9859791409469767,0.008500740869144683,0.005520118183878616,NORMAL
7181,0.9859791409469767,0.008500740869144683,0.005520118183878616,NORMAL
7182,0.9879624270110484,0.005915827228695014,0.006121745760256779,NORMAL
7183,0.9879624270110484,0.005915827228695014,0.006121745760256779,NORMAL
7184,0.9879624270110484,0.005915827228695014,0.006121745760256779,NORMAL
7185,0.9879624270110484,0.005915827228695014,0.006121745760256779,NORMAL
7186,0.9879624270110484,0.005915827228695014,0.006121745760256779,NORMAL
7187,0.9879624270110484,0.005915827228695014,0.006121745760256779,NORMAL
7188,0.9879624270110484,0.005915827228695014,0.006121745760256779,NORMAL
7189,0.9879624270110484,0.005915827228695014,0.006121745760256779,NORMAL
7190,0.9879624270110484,0.005915827228695014,0.006121745760256779,NORMAL
7191,0.9879624270110484,0.005915827228695014,0.006121745760256779,NORMAL
7192,0.9879624270110484,0.005915827228695014,0.006121745760256779,NORMAL
7193,0.9879624270110484,0.005915827228695014,0.006121745760256779,NORMAL
7194,0.9879624270110484,0.005915827228695014,0.006121745760256779,NORMAL
7195,0.9879624270110484,0.005915827228695014,0.006121745760256779,NORMAL
7196,0.9879624270110484,0.005915827228695014,0.006121745760256779,NORMAL
7197,0.9879624270110484,0.005915827228695014,0.006121745760256779,NORMAL
7198,0.9879624270110484,0.005915827228695014,0.006121745760256779,NORMAL
7199,0.9879624270110484,0.005915827228695014,0.006121745760256779,NORMAL
7200,0.9861457749806429,0.0072039971467352795,0.00665022787262171,NORMAL
7201,0.985922021107715,0.007425963612300011,0.006652015279984998,NORMAL
7202,0.9854508133667244,0.007218239839987388,0.007330946793288286,NORMAL
7203,0.9856725879797507,0.007215362705528322,0.007112049314721134,NORMAL
7204,0.9856725879797507,0.007215362705528322,0.007112049314721134,NORMAL
7205,0.9856725879797507,0.007215362705528322,0.007112049314721134,NORMAL
7206,0.9856725879797507,0.007215362705528322,0.007112049314721134,NORMAL
7207,0.9856725879797507,0.007215362705528322,0.007112049314721134,NORMAL
7208,0.9856725879797507,0.007215362705528322,0.007112049314721134,NORMAL
7209,0.9861457749806429,0.0072039971467352795,0.00665022787262171,NORMAL
7210,0.985922021107715,0.007425963612300011,0.006652015279984998,NORMAL
7211,0.9855133496526325,0.007218079749262544,0.007268570598105097,NORMAL
7212,0.9856725879797507,0.007215362705528322,0.007112049314721134,NORMAL
7213,0.9856725879797507,0.007215362705528322,0.007112049314721134,NORMAL
7214,0.9856725879797507,0.007215362705528322,0.007112049314721134,NORMAL
7215,0.9856725879797507,0.007215362705528322,0.007112049314721134,NORMAL
7216,0.9850271668082159,0.007217014412051325,0.007755818779732755,NORMAL
7217,0.9856725879797507,0.007215362705528322,0.007112049314721134,NORMAL
7218,0.9861457749806429,0.0072039971467352795,0.00665022787262171,NORMAL
7219,0.985922021107715,0.007425963612300011,0.006652015279984998,NORMAL
7220,0.9848426617916597,0.007219802023814049,0.007937536184526332,NORMAL
7221,0.9856725879797507,0.007215362705528322,0.007112049314721134,NORMAL
7222,0.9856725879797507,0.007215362705528322,0.007112049314721134,NORMAL
7223,0.9856725879797507,0.007215362705528322,0.007112049314721134,NORMAL
7224,0.9856725879797507,0.007215362705528322,0.007112049314721134,NORMAL
7225,0.9856725879797507,0.007215362705528322,0.007112049314721134,NORMAL
7226,0.9852139261358168,0.007216535346891358,0.007569538517291838,NORMAL
7227,0.9861457749806429,0.0072039971467352795,0.00665022787262171,NORMAL
7228,0.9860306254441006,0.007317662151893471,0.00665171240400595,NORMAL
7229,0.9856917624969855,0.007217623608668321,0.007090613894346191,NORMAL
7230,0.9854920876686559,0.007215823505116535,0.007292088826227654,NORMAL
7231,0.985681603603052,0.007215339713223269,0.0071030566837248475,NORMAL
7232,0.9856725879797507,0.007215362705528322,0.007112049314721134,NORMAL
7233,0.9856725879797507,0.007215362705528322,0.007112049314721134,NORMAL
7234,0.9856725879797507,0.007215362705528322,0.007112049314721134,NORMAL
7235,0.9856725879797507,0.007215362705528322,0.007112049314721134,NORMAL
7236,0.9879624270110484,0.005915827228695014,0.006121745760256779,NORMAL
7237,0.9877513294662035,0.00612690488701416,0.006121765646782565,NORMAL
7238,0.9878601041357188,0.005914693382702573,0.0062252024815788965,NORMAL
7239,0.9878582163669718,0.0059146928404757,0.0062270907925525846,NORMAL
7240,0.9878582163669718,0.0059146928404757,0.0062270907925525846,NORMAL
7241,0.9878582163669718,0.0059146928404757,0.0062270907925525846,NORMAL
7242,0.9878582163669718,0.0059146928404757,0.0062270907925525846,NORMAL
7243,0.9878582163669718,0.0059146928404757,0.0062270907925525846,NORMAL
7244,0.9878582163669718,0.0059146928404757,0.0062270907925525846,NORMAL
7245,0.9879624270110484,0.005915827228695014,0.006121745760256779,NORMAL
7246,0.9878763229675095,0.006001923621960845,0.006121753410529792,NORMAL
7247,0.9878614341007703,0.005914693764810117,0.006223872134419455,NORMAL
7248,0.9878582163669718,0.0059146928404757,0.0062270907925525846,NORMAL
7249,0.9878582163669718,0.0059146928404757,0.0062270907925525846,NORMAL
7250,0.9878582163669718,0.0059146928404757,0.0062270907925525846,NORMAL
7251,0.9878582163669718,0.0059146928404757,0.0062270907925525846,NORMAL
7252,0.9878582163669718,0.0059146928404757,0.0062270907925525846,NORMAL
7253,0.9878582163669718,0.0059146928404757,0.0062270907925525846,NORMAL
7254,0.9879624270110484,0.005915827228695014,0.006121745760256779,NORMAL
7255,0.9753228261035828,0.018549827052561946,0.00612734684385538,NORMAL
7256,0.9878601041357188,0.005914693382702573,0.0062252024815788965,NORMAL
7257,0.9878582163669718,0.0059146928404757,0.0062270907925525846,NORMAL
7258,0.9878582163669718,0.0059146928404757,0.0062270907925525846,NORMAL
7259,0.9876808284150634,0.005914642622012595,0.006404528962923852,NORMAL
7260,0.9878582163669718,0.0059146928404757,0.0062270907925525846,NORMAL
7261,0.9876808284150634,0.005914642622012595,0.006404528962923852,NORMAL
7262,0.987584785292056,0.005914616029309706,0.006500598678634542,CRITICAL
7263,0.9879624270110484,0.005915827228695014,0.006121745760256779,NORMAL
7264,0.9866775957731349,0.00720048165172165,0.006121922575143687,NORMAL
7265,0.9878601041357188,0.005914693382702573,0.0062252024815788965,NORMAL
7266,0.9878582163669718,0.0059146928404757,0.0062270907925525846,NORMAL
7267,0.9878582163669718,0.0059146928404757,0.0062270907925525846,NORMAL
7268,0.9878582163669718,0.0059146928404757,0.0062270907925525846,NORMAL
7269,0.9878582163669718,0.0059146928404757,0.0062270907925525846,NORMAL
7270,0.9877381323843499,0.005914658687106891,0.00634720892854305,NORMAL
7271,0.9878582163669718,0.0059146928404757,0.0062270907925525846,NORMAL
7272,0.9879624270110484,0.005915827228695014,0.006121745760256779,NORMAL
7273,0.9877828185418506,0.006095419019006463,0.006121762439143064,NORMAL
7274,0.9652425315293439,0.005934744578278162,0.02882272389237789,CRITICAL
7275,0.8902094769854763,0.005966080514156432,0.10382444250036729,CRITICAL
7276,0.9875581191104739,0.005914608719205636,0.00652727217032051,CRITICAL
7277,0.9326797625574951,0.00594988755929525,0.061370349883209725,CRITICAL
7278,0.9483261465795598,0.005939295056400908,0.04573455836403939,CRITICAL
7279,0.9492851225648867,0.005938978848675228,0.04477589858643806,CRITICAL
7280,0.9878582163669718,0.0059146928404757,0.0062270907925525846,NORMAL
7281,0.9879624270110484,0.005915827228695014,0.006121745760256779,NORMAL
7282,0.987655887977038,0.006222336145372363,0.00612177587758976,NORMAL
7283,0.9875079716323901,0.005914595057659848,0.006577433309950126,CRITICAL
7284,0.9843136202606133,0.00591392558698116,0.009772454152405548,CRITICAL
7285,0.8754144119555684,0.005974399656535748,0.11861118838789587,CRITICAL
7286,0.963685031183432,0.005935058829492443,0.030379909987075515,CRITICAL
7287,0.9615100529119535,0.0059308253900136635,0.03255912169803274,CRITICAL
7288,0.9578852487832472,0.005936433771239834,0.03617831744551288,CRITICAL
7289,0.9876568002419829,0.00591463593006885,0.006428563827948304,CRITICAL
7290,0.9859791409469767,0.008500740869144683,0.005520118183878616,NORMAL
7291,0.9846507143867202,0.009828941237911027,0.005520344375368573,NORMAL
7292,0.9857231613831373,0.008500927063957485,0.005775911552905223,NORMAL
7293,0.9857168186918159,0.008500736508043318,0.005782444800140778,NORMAL
7294,0.9857168186918159,0.008500736508043318,0.005782444800140778,NORMAL
7295,0.9857168186918159,0.008500736508043318,0.005782444800140778,NORMAL
7296,0.9816950217912691,0.008516729879244827,0.00978824832948612,CRITICAL
7297,0.9857168186918159,0.008500736508043318,0.005782444800140778,NORMAL
7298,0.9855756881451944,0.008501278398659752,0.005923033456145763,NORMAL
7299,0.9859791409469767,0.008500740869144683,0.005520118183878616,NORMAL
7300,0.9859791409469767,0.008500740869144683,0.005520118183878616,NORMAL
7301,0.9857231613831373,0.008500927063957485,0.005775911552905223,NORMAL
7302,0.9857168186918159,0.008500736508043318,0.005782444800140778,NORMAL
7303,0.9857168186918159,0.008500736508043318,0.005782444800140778,NORMAL
7304,0.9857168186918159,0.008500736508043318,0.005782444800140778,NORMAL
7305,0.9857168186918159,0.008500736508043318,0.005782444800140778,NORMAL
7306,0.9857168186918159,0.008500736508043318,0.005782444800140778,NORMAL
7307,0.9857168186918159,0.008500736508043318,0.005782444800140778,NORMAL
7308,0.9861457749806429,0.0072039971467352795,0.00665022787262171,NORMAL
7309,0.985922021107715,0.007425963612300011,0.006652015279984998,NORMAL
7310,0.9856917624969855,0.007217623608668321,0.007090613894346191,NORMAL
7311,0.9856725879797507,0.007215362705528322,0.007112049314721134,NORMAL
7312,0.9856725879797507,0.007215362705528322,0.007112049314721134,NORMAL
7313,0.9856725879797507,0.007215362705528322,0.007112049314721134,NORMAL
7314,0.9856725879797507,0.007215362705528322,0.007112049314721134,NORMAL
7315,0.9856725879797507,0.007215362705528322,0.007112049314721134,NORMAL
7316,0.9856725879797507,0.007215362705528322,0.007112049314721134,NORMAL
7317,0.9861457749806429,0.0072039971467352795,0.00665022787262171,NORMAL
7318,0.9860306254441006,0.007317662151893471,0.00665171240400595,NORMAL
7319,0.9856917624969855,0.007217623608668321,0.007090613894346191,NORMAL
7320,0.9856725879797507,0.007215362705528322,0.007112049314721134,NORMAL
7321,0.9856725879797507,0.007215362705528322,0.007112049314721134,NORMAL
7322,0.9856725879797507,0.007215362705528322,0.007112049314721134,NORMAL
7323,0.9856725879797507,0.007215362705528322,0.007112049314721134,NORMAL
7324,0.9856725879797507,0.007215362705528322,0.007112049314721134,NORMAL
7325,0.9856725879797507,0.007215362705528322,0.007112049314721134,NORMAL
7326,0.9861457749806429,0.0072039971467352795,0.00665022787262171,NORMAL
7327,0.9860306254441006,0.007317662151893471,0.00665171240400595,NORMAL
7328,0.9856917624969855,0.007217623608668321,0.007090613894346191,NORMAL
7329,0.9856725879797507,0.007215362705528322,0.007112049314721134,NORMAL
7330,0.9856725879797507,0.007215362705528322,0.007112049314721134,NORMAL
7331,0.9856725879797507,0.007215362705528322,0.007112049314721134,NORMAL
7332,0.9856725879797507,0.007215362705528322,0.007112049314721134,NORMAL
7333,0.9854937603021461,0.007215819230943749,0.007290420466910056,NORMAL
7334,0.9856725879797507,0.007215362705528322,0.007112049314721134,NORMAL
7335,0.9861457749806429,0.0072039971467352795,0.00665022787262171,NORMAL
7336,0.9860306254441006,0.007317662151893471,0.00665171240400595,NORMAL
7337,0.9856917624969855,0.007217623608668321,0.007090613894346191,NORMAL
7338,0.9856725879797507,0.007215362705528322,0.007112049314721134,NORMAL
7339,0.984976801393567,0.007217143757804627,0.007806054848628339,NORMAL
7340,0.9851937785029727,0.007216586985565013,0.007589634511462235,NORMAL
7341,0.9856725879797507,0.007215362705528322,0.007112049314721134,NORMAL
7342,0.9856725879797507,0.007215362705528322,0.007112049314721134,NORMAL
7343,0.9856725879797507,0.007215362705528322,0.007112049314721134,NORMAL
7344,0.9859791409469767,0.008500740869144683,0.005520118183878616,NORMAL
7345,0.9859791409469767,0.008500740869144683,0.005520118183878616,NORMAL
7346,0.9857231613831373,0.008500927063957485,0.005775911552905223,NORMAL
7347,0.9857168186918159,0.008500736508043318,0.005782444800140778,NORMAL
7348,0.9857168186918159,0.008500736508043318,0.005782444800140778,NORMAL
7349,0.9855425544129616,0.008501405870319211,0.005956039716719112,NORMAL
7350,0.9857168186918159,0.008500736508043318,0.005782444800140778,NORMAL
7351,0.9857168186918159,0.008500736508043318,0.005782444800140778,NORMAL
7352,0.9857168186918159,0.008500736508043318,0.005782444800140778,NORMAL
7353,0.9859791409469767,0.008500740869144683,0.005520118183878616,NORMAL
7354,0.9849362633253526,0.009543452933307148,0.005520283741340135,NORMAL
7355,0.9857231613831373,0.008500927063957485,0.005775911552905223,NORMAL
7356,0.9857168186918159,0.008500736508043318,0.005782444800140778,NORMAL
7357,0.9857168186918159,0.008500736508043318,0.005782444800140778,NORMAL
7358,0.9857168186918159,0.008500736508043318,0.005782444800140778,NORMAL
7359,0.9857168186918159,0.008500736508043318,0.005782444800140778,NORMAL
7360,0.9857168186918159,0.008500736508043318,0.005782444800140778,NORMAL
7361,0.9857168186918159,0.008500736508043318,0.005782444800140778,NORMAL
7362,0.9861457749806429,0.0072039971467352795,0.00665022787262171,NORMAL
7363,0.9860306254441006,0.007317662151893471,0.00665171240400595,NORMAL
7364,0.9856917624969855,0.007217623608668321,0.007090613894346191,NORMAL
7365,0.9856725879797507,0.007215362705528322,0.007112049314721134,NORMAL
7366,0.9856725879797507,0.007215362705528322,0.007112049314721134,NORMAL
7367,0.9856725879797507,0.007215362705528322,0.007112049314721134,NORMAL
7368,0.9856725879797507,0.007215362705528322,0.007112049314721134,NORMAL
7369,0.9856725879797507,0.007215362705528322,0.007112049314721134,NORMAL
7370,0.9856725879797507,0.007215362705528322,0.007112049314721134,NORMAL
7371,0.9861457749806429,0.0072039971467352795,0.00665022787262171,NORMAL
7372,0.985786874969249,0.0075607295823846106,0.006652395448366438,NORMAL
7373,0.9856917624969855,0.007217623608668321,0.007090613894346191,NORMAL
7374,0.9855301326160135,0.007215726305588655,0.007254141078397899,NORMAL
7375,0.9856725879797507,0.007215362705528322,0.007112049314721134,NORMAL
7376,0.9856725879797507,0.007215362705528322,0.007112049314721134,NORMAL
7377,0.9851829164385918,0.007216614829541783,0.0076004687318663175,NORMAL
7378,0.9856725879797507,0.007215362705528322,0.007112049314721134,NORMAL
7379,0.9856725879797507,0.007215362705528322,0.007112049314721134,NORMAL
7380,0.9861457749806429,0.0072039971467352795,0.00665022787262171,NORMAL
7381,0.9860306254441006,0.007317662151893471,0.00665171240400595,NORMAL
7382,0.9856917624969855,0.007217623608668321,0.007090613894346191,NORMAL
7383,0.9855303350418084,0.007215725788524582,0.007253939169667065,NORMAL
7384,0.9853444176800049,0.007216201151299535,0.007439381168695711,NORMAL
7385,0.9856725879797507,0.007215362705528322,0.007112049314721134,NORMAL
7386,0.9855303350418084,0.007215725788524582,0.007253939169667065,NORMAL
7387,0.9855285480510888,0.0072157303531430956,0.007255721595768044,NORMAL
7388,0.9856725879797507,0.007215362705528322,0.007112049314721134,NORMAL
7389,0.9861457749806429,0.0072039971467352795,0.00665022787262171,NORMAL
7390,0.9860306254441006,0.007317662151893471,0.00665171240400595,NORMAL
7391,0.9856917624969855,0.007217623608668321,0.007090613894346191,NORMAL
7392,0.9853444176800049,0.007216201151299535,0.007439381168695711,NORMAL
7393,0.9854920876686559,0.007215823505116535,0.007292088826227654,NORMAL
7394,0.9856725879797507,0.007215362705528322,0.007112049314721134,NORMAL
7395,0.9856725879797507,0.007215362705528322,0.007112049314721134,NORMAL
7396,0.9856725879797507,0.007215362705528322,0.007112049314721134,NORMAL
7397,0.9856725879797507,0.007215362705528322,0.007112049314721134,NORMAL
7398,0.9820279240729296,0.011309020951910947,0.006663054975159371,NORMAL
7399,0.9669696836869213,0.02541422613269983,0.007616090180378882,NORMAL
7400,0.9856917624969855,0.007217623608668321,0.007090613894346191,NORMAL
7401,0.9856725879797507,0.007215362705528322,0.007112049314721134,NORMAL
7402,0.9845485775918417,0.007218245999066044,0.00823317640909227,NORMAL
7403,0.9856725879797507,0.007215362705528322,0.007112049314721134,NORMAL
7404,0.9856725879797507,0.007215362705528322,0.007112049314721134,NORMAL
7405,0.9856725879797507,0.007215362705528322,0.007112049314721134,NORMAL
7406,0.9847728646527002,0.007217668137449526,0.008009467209850326,NORMAL
7407,0.9861457749806429,0.0072039971467352795,0.00665022787262171,NORMAL
7408,0.9858056638758556,0.007318278152863849,0.006876057971280566,NORMAL
7409,0.9856389072130028,0.007217758649450213,0.007143334137546935,NORMAL
7410,0.9852952081034662,0.007216327127156789,0.007488464769377109,NORMAL
7411,0.9847606871297515,0.007217699481364079,0.00802161338888443,NORMAL
7412,0.9856725879797507,0.007215362705528322,0.007112049314721134,NORMAL
7413,0.9856725879797507,0.007215362705528322,0.007112049314721134,NORMAL
7414,0.9851014801293976,0.0072168236810279986,0.0076816961895744855,NORMAL
7415,0.9851842769031138,0.007216611341940242,0.007599111754945895,NORMAL
7416,0.9855287058039276,0.008951115577963324,0.005520178618109016,NORMAL
7417,0.9859791409469767,0.008500740869144683,0.005520118183878616,NORMAL
7418,0.9857231613831373,0.008500927063957485,0.005775911552905223,NORMAL
7419,0.9857168186918159,0.008500736508043318,0.005782444800140778,NORMAL
7420,0.9857168186918159,0.008500736508043318,0.005782444800140778,NORMAL
7421,0.9857168186918159,0.008500736508043318,0.005782444800140778,NORMAL
7422,0.985604185471375,0.00850116883963777,0.0058946456889872895,NORMAL
7423,0.9857168186918159,0.008500736508043318,0.005782444800140778,NORMAL
7424,0.9857168186918159,0.008500736508043318,0.005782444800140778,NORMAL
7425,0.9859791409469767,0.008500740869144683,0.005520118183878616,NORMAL
7426,0.9859791409469767,0.008500740869144683,0.005520118183878616,NORMAL
7427,0.9855821898090863,0.008501468325198063,0.00591634186571577,NORMAL
7428,0.9857168186918159,0.008500736508043318,0.005782444800140778,NORMAL
7429,0.9857168186918159,0.008500736508043318,0.005782444800140778,NORMAL
7430,0.9857168186918159,0.008500736508043318,0.005782444800140778,NORMAL
7431,0.9857168186918159,0.008500736508043318,0.005782444800140778,NORMAL
7432,0.9857168186918159,0.008500736508043318,0.005782444800140778,NORMAL
7433,0.985604185471375,0.00850116883963777,0.0058946456889872895,NORMAL
7434,0.9861457749806429,0.0072039971467352795,0.00665022787262171,NORMAL
7435,0.9860306254441006,0.007317662151893471,0.00665171240400595,NORMAL
7436,0.9856917624969855,0.007217623608668321,0.007090613894346191,NORMAL
7437,0.9853851151319812,0.007216097014778334,0.0073987878532404865,NORMAL
7438,0.9856725879797507,0.007215362705528322,0.007112049314721134,NORMAL
7439,0.9856725879797507,0.007215362705528322,0.007112049314721134,NORMAL
7440,0.9820242016031818,0.007224821953702154,0.010750976443115989,NORMAL
7441,0.9856725879797507,0.007215362705528322,0.007112049314721134,NORMAL
7442,0.9850909649075024,0.007216850660692382,0.007692184431805291,NORMAL
7443,0.9861457749806429,0.0072039971467352795,0.00665022787262171,NORMAL
7444,0.9860306254441006,0.007317662151893471,0.00665171240400595,NORMAL
7445,0.9855481536675625,0.007217990698309814,0.007233855634127712,NORMAL
7446,0.9856725879797507,0.007215362705528322,0.007112049314721134,NORMAL
7447,0.9855285480510888,0.0072157303531430956,0.007255721595768044,NORMAL
7448,0.058287447301824336,0.007413628636181382,0.9342989240619943,CRITICAL
7449,0.9856725879797507,0.007215362705528322,0.007112049314721134,NORMAL
7450,0.9856783360930105,0.007215348046004168,0.0071063158609854515,NORMAL
7451,0.9850606636384499,0.007216928422519677,0.00772240793903032,NORMAL
7452,0.9879624270110484,0.005915827228695014,0.006121745760256779,NORMAL
7453,0.9793428588102979,0.014532324688801095,0.006124816500901051,NORMAL
7454,0.9878601041357188,0.005914693382702573,0.0062252024815788965,NORMAL
7455,0.9854136574647404,0.005914115244450061,0.008672227290809539,CRITICAL
7456,0.9878582163669718,0.0059146928404757,0.0062270907925525846,NORMAL
7457,0.9878326069601089,0.005914685500998178,0.006252707538892982,NORMAL
7458,0.9878582163669718,0.0059146928404757,0.0062270907925525846,NORMAL
7459,0.9851900762668558,0.005914073516001987,0.008895850217142249,CRITICAL
7460,0.9496432321256438,0.005938862317080627,0.044417905557275525,CRITICAL
7461,0.9879624270110484,0.005915827228695014,0.006121745760256779,NORMAL
7462,0.9868061814496283,0.007071919419505201,0.006121899130866578,NORMAL
7463,0.9878601041357188,0.005914693382702573,0.0062252024815788965,NORMAL
7464,0.9878582163669718,0.0059146928404757,0.0062270907925525846,NORMAL
7465,0.9840468236192026,0.005913885283895607,0.010039291096901748,CRITICAL
7466,0.9878582163669718,0.0059146928404757,0.0062270907925525846,NORMAL
7467,0.9878582163669718,0.0059146928404757,0.0062270907925525846,NORMAL
7468,0.9591039809462097,0.005936119785963227,0.03495989926782703,CRITICAL
7469,0.9802539209629029,0.005917281381832984,0.013828797655264022,CRITICAL
7470,0.9861457749806429,0.0072039971467352795,0.00665022787262171,NORMAL
7471,0.9847148461232079,0.00837007817888405,0.0069150756979079395,NORMAL
7472,0.8458045438037084,0.008301467059995016,0.1458939891362966,CRITICAL
7473,0.42373549714453307,0.008039538358035406,0.5682249644974315,CRITICAL
7474,0.98492535593716,0.007217275942463183,0.007857368120376849,NORMAL
7475,0.9851435795969518,0.0072167156915810375,0.007639704711467182,NORMAL
7476,0.05697491472662447,0.007429917694641405,0.9355951675787341,CRITICAL
7477,0.04332429378005059,0.007383066462125961,0.9492926397578234,CRITICAL
7478,0.9678536935790192,0.007272852174402846,0.024873454246577924,NORMAL
7479,0.9861457749806429,0.0072039971467352795,0.00665022787262171,NORMAL
7480,0.9835728260058916,0.009673391680631287,0.006753782313477262,NORMAL
7481,0.23966867883116635,0.009412696692852754,0.7509186244759809,CRITICAL
7482,0.9852335436081193,0.007216485077127688,0.007549971314752933,NORMAL
7483,0.9854744678341519,0.007215868534663752,0.007309663631184464,NORMAL
7484,0.04253996935103647,0.00748923021125273,0.9499708004377108,CRITICAL
7485,0.04194700405631609,0.00748698127052689,0.950566014673157,CRITICAL
7486,0.5000910296178255,0.008189198223653051,0.4917197721585215,CRITICAL
7487,0.9850271668082159,0.007217014412051325,0.007755818779732755,NORMAL
7488,0.9859791409469767,0.008500740869144683,0.005520118183878616,NORMAL
7489,0.9709046763921271,0.023566573800283024,0.005528749807589979,NORMAL
7490,0.21983857468286516,0.009568409789535756,0.7705930155275991,CRITICAL
7491,0.46529054569145795,0.009853504988926707,0.5248559493196153,CRITICAL
7492,0.9814044169224206,0.008517921420874956,0.010077661656704578,CRITICAL
7493,0.24012479836383654,0.009619152159456239,0.7502560494767073,CRITICAL
7494,0.6226733181248618,0.00970834182664426,0.36761834004849386,CRITICAL
7495,0.979536369067803,0.008525667967988697,0.011937962964208529,CRITICAL
7496,0.9856156069895231,0.00850112494888309,0.005883268061593745,NORMAL
7497,0.9859791409469767,0.008500740869144683,0.005520118183878616,NORMAL
7498,0.9859791409469767,0.008500740869144683,0.005520118183878616,NORMAL
7499,0.9856220636902682,0.008501315053600814,0.005876621256131139,NORMAL
7500,0.9814044169224206,0.008517921420874956,0.010077661656704578,CRITICAL
7501,0.9768192818151153,0.008537159579880686,0.014643558605004011,CRITICAL
7502,0.9802680340806311,0.008522616888165078,0.011209349031203863,CRITICAL
7503,0.9857168186918159,0.008500736508043318,0.005782444800140778,NORMAL
7504,0.9851420579974106,0.008502953914751392,0.006354988087837985,CRITICAL
7505,0.9799385593447462,0.008523988263756757,0.011537452391497175,CRITICAL
7506,0.9859791409469767,0.008500740869144683,0.005520118183878616,NORMAL
7507,0.9859791409469767,0.008500740869144683,0.005520118183878616,NORMAL
7508,0.9857231613831373,0.008500927063957485,0.005775911552905223,NORMAL
7509,0.9857168186918159,0.008500736508043318,0.005782444800140778,NORMAL
7510,0.9820546394175624,0.008515260968026656,0.00943009961441084,CRITICAL
7511,0.9857168186918159,0.008500736508043318,0.005782444800140778,NORMAL
7512,0.9857168186918159,0.008500736508043318,0.005782444800140778,NORMAL
7513,0.9857168186918159,0.008500736508043318,0.005782444800140778,NORMAL
7514,0.9857168186918159,0.008500736508043318,0.005782444800140778,NORMAL
7515,0.9859791409469767,0.008500740869144683,0.005520118183878616,NORMAL
7516,0.9775072764431519,0.016969149237042402,0.00552357431980558,NORMAL
7517,0.8154963068799762,0.009208944919576271,0.17529474820044744,CRITICAL
7518,0.9857168186918159,0.008500736508043318,0.005782444800140778,NORMAL
7519,0.9857168186918159,0.008500736508043318,0.005782444800140778,NORMAL
7520,0.9857168186918159,0.008500736508043318,0.005782444800140778,NORMAL
7521,0.9857168186918159,0.008500736508043318,0.005782444800140778,NORMAL
7522,0.9684045480907435,0.008573852320661258,0.023021599588595308,CRITICAL
7523,0.9857168186918159,0.008500736508043318,0.005782444800140778,NORMAL
7524,0.9879624270110484,0.005915827228695014,0.006121745760256779,NORMAL
7525,0.9876076140909192,0.006270604568049744,0.0061217813410310296,NORMAL
7526,0.9878601041357188,0.005914693382702573,0.0062252024815788965,NORMAL
7527,0.9878582163669718,0.0059146928404757,0.0062270907925525846,NORMAL
7528,0.9878582163669718,0.0059146928404757,0.0062270907925525846,NORMAL
7529,0.9878582163669718,0.0059146928404757,0.0062270907925525846,NORMAL
7530,0.9876568002419829,0.00591463593006885,0.006428563827948304,CRITICAL
7531,0.9878595467330192,0.005914693222581649,0.006225760044399231,NORMAL
7532,0.9878582163669718,0.0059146928404757,0.0062270907925525846,NORMAL
7533,0.9879624270110484,0.005915827228695014,0.006121745760256779,NORMAL
7534,0.9873088692683777,0.00656931135791318,0.006121819373709194,NORMAL
7535,0.9839588353419243,0.005913872456756601,0.010127292201319166,CRITICAL
7536,0.9878582163669718,0.0059146928404757,0.0062270907925525846,NORMAL
7537,0.9878582163669718,0.0059146928404757,0.0062270907925525846,NORMAL
7538,0.9878582163669718,0.0059146928404757,0.0062270907925525846,NORMAL
7539,0.9878582163669718,0.0059146928404757,0.0062270907925525846,NORMAL
7540,0.9878582163669718,0.0059146928404757,0.0062270907925525846,NORMAL
7541,0.9878595467330192,0.005914693222581649,0.006225760044399231,NORMAL
7542,0.9861457749806429,0.0072039971467352795,0.00665022787262171,NORMAL
7543,0.985922021107715,0.007425963612300011,0.006652015279984998,NORMAL
7544,0.9856917624969855,0.007217623608668321,0.007090613894346191,NORMAL
7545,0.9856725879797507,0.007215362705528322,0.007112049314721134,NORMAL
7546,0.9856725879797507,0.007215362705528322,0.007112049314721134,NORMAL
7547,0.9856725879797507,0.007215362705528322,0.007112049314721134,NORMAL
7548,0.9856725879797507,0.007215362705528322,0.007112049314721134,NORMAL
7549,0.9856725879797507,0.007215362705528322,0.007112049314721134,NORMAL
7550,0.9856725879797507,0.007215362705528322,0.007112049314721134,NORMAL
7551,0.9861457749806429,0.0072039971467352795,0.00665022787262171,NORMAL
7552,0.9860306254441006,0.007317662151893471,0.00665171240400595,NORMAL
7553,0.9856917624969855,0.007217623608668321,0.007090613894346191,NORMAL
7554,0.9852335436081193,0.007216485077127688,0.007549971314752933,NORMAL
7555,0.9852335436081193,0.007216485077127688,0.007549971314752933,NORMAL
7556,0.9856725879797507,0.007215362705528322,0.007112049314721134,NORMAL
7557,0.9856725879797507,0.007215362705528322,0.007112049314721134,NORMAL
7558,0.9856725879797507,0.007215362705528322,0.007112049314721134,NORMAL
7559,0.9856725879797507,0.007215362705528322,0.007112049314721134,NORMAL
7560,0.9879624270110484,0.005915827228695014,0.006121745760256779,NORMAL
7561,0.9792007479879592,0.014674355444913155,0.006124896567127773,NORMAL
7562,0.9878601041357188,0.005914693382702573,0.0062252024815788965,NORMAL
7563,0.9878582163669718,0.0059146928404757,0.0062270907925525846,NORMAL
7564,0.9878582163669718,0.0059146928404757,0.0062270907925525846,NORMAL
7565,0.9878582163669718,0.0059146928404757,0.0062270907925525846,NORMAL
7566,0.9878582163669718,0.0059146928404757,0.0062270907925525846,NORMAL
7567,0.9878582163669718,0.0059146928404757,0.0062270907925525846,NORMAL
7568,0.9878582163669718,0.0059146928404757,0.0062270907925525846,NORMAL
7569,0.9879624270110484,0.005915827228695014,0.006121745760256779,NORMAL
7570,0.9752279635665067,0.018644623741513506,0.006127412691979988,NORMAL
7571,0.9878601041357188,0.005914693382702573,0.0062252024815788965,NORMAL
7572,0.9878582163669718,0.0059146928404757,0.0062270907925525846,NORMAL
7573,0.9878582163669718,0.0059146928404757,0.0062270907925525846,NORMAL
7574,0.9878582163669718,0.0059146928404757,0.0062270907925525846,NORMAL
7575,0.9878582163669718,0.0059146928404757,0.0062270907925525846,NORMAL
7576,0.9878582163669718,0.0059146928404757,0.0062270907925525846,NORMAL
7577,0.9878582163669718,0.0059146928404757,0.0062270907925525846,NORMAL
7578,0.9879624270110484,0.005915827228695014,0.006121745760256779,NORMAL
7579,0.9877828185418506,0.006095419019006463,0.006121762439143064,NORMAL
7580,0.9878601041357188,0.005914693382702573,0.0062252024815788965,NORMAL
7581,0.9878582163669718,0.0059146928404757,0.0062270907925525846,NORMAL
7582,0.9878582163669718,0.0059146928404757,0.0062270907925525846,NORMAL
7583,0.9878582163669718,0.0059146928404757,0.0062270907925525846,NORMAL
7584,0.987687338774141,0.005914644439672037,0.006398016786186854,NORMAL
7585,0.9878582163669718,0.0059146928404757,0.0062270907925525846,NORMAL
7586,0.9874804293295653,0.005914587601682409,0.006604983068752226,CRITICAL
7587,0.9879624270110484,0.005915827228695014,0.006121745760256779,NORMAL
7588,0.9878763229675095,0.006001923621960845,0.006121753410529792,NORMAL
7589,0.9878601041357188,0.005914693382702573,0.0062252024815788965,NORMAL
7590,0.9878582163669718,0.0059146928404757,0.0062270907925525846,NORMAL
7591,0.9878582163669718,0.0059146928404757,0.0062270907925525846,NORMAL
7592,0.9878582163669718,0.0059146928404757,0.0062270907925525846,NORMAL
7593,0.9878326069601089,0.005914685500998178,0.006252707538892982,NORMAL
7594,0.9878582163669718,0.0059146928404757,0.0062270907925525846,NORMAL
7595,0.9878582163669718,0.0059146928404757,0.0062270907925525846,NORMAL
7596,0.9861457749806429,0.0072039971467352795,0.00665022787262171,NORMAL
7597,0.9860306254441006,0.007317662151893471,0.00665171240400595,NORMAL
7598,0.9851506753653605,0.0072190096316266696,0.007630315003012798,NORMAL
7599,0.9853478059948677,0.007216192479611819,0.007436001525520603,NORMAL
7600,0.9856725879797507,0.007215362705528322,0.007112049314721134,NORMAL
7601,0.9856725879797507,0.007215362705528322,0.007112049314721134,NORMAL
7602,0.9856725879797507,0.007215362705528322,0.007112049314721134,NORMAL
7603,0.9853070385373454,0.007216296835579412,0.007476664627075262,NORMAL
7604,0.9856725879797507,0.007215362705528322,0.007112049314721134,NORMAL
7605,0.9861457749806429,0.0072039971467352795,0.00665022787262171,NORMAL
7606,0.9858118114146585,0.007535863554218145,0.006652325031123419,NORMAL
7607,0.9851506753653605,0.0072190096316266696,0.007630315003012798,NORMAL
7608,0.9856725879797507,0.007215362705528322,0.007112049314721134,NORMAL
7609,0.9856725879797507,0.007215362705528322,0.007112049314721134,NORMAL
7610,0.9856725879797507,0.007215362705528322,0.007112049314721134,NORMAL
7611,0.9856725879797507,0.007215362705528322,0.007112049314721134,NORMAL
7612,0.984711660515066,0.0072178257077168675,0.008070513777217288,NORMAL
7613,0.9850188657236697,0.007217035726081917,0.007764098550248458,NORMAL
7614,0.9879624270110484,0.005915827228695014,0.006121745760256779,NORMAL
7615,0.987781724511315,0.006096512939503646,0.006121762549181578,NORMAL
7616,0.9878601041357188,0.005914693382702573,0.0062252024815788965,NORMAL
7617,0.9878582163669718,0.0059146928404757,0.0062270907925525846,NORMAL
7618,0.9878582163669718,0.0059146928404757,0.0062270907925525846,NORMAL
7619,0.9878582163669718,0.0059146928404757,0.0062270907925525846,NORMAL
7620,0.9878582163669718,0.0059146928404757,0.0062270907925525846,NORMAL
7621,0.9878582163669718,0.0059146928404757,0.0062270907925525846,NORMAL
7622,0.9878582163669718,0.0059146928404757,0.0062270907925525846,NORMAL
7623,0.9879624270110484,0.005915827228695014,0.006121745760256779,NORMAL
7624,0.987905941915657,0.005972307377697408,0.006121750706645802,NORMAL
7625,0.9876892780395793,0.005914644981476481,0.006396076978944229,NORMAL
7626,0.9878582163669718,0.0059146928404757,0.0062270907925525846,NORMAL
7627,0.9878582163669718,0.0059146928404757,0.0062270907925525846,NORMAL
7628,0.9878582163669718,0.0059146928404757,0.0062270907925525846,NORMAL
7629,0.9878582163669718,0.0059146928404757,0.0062270907925525846,NORMAL
7630,0.9878582163669718,0.0059146928404757,0.0062270907925525846,NORMAL
7631,0.9878582163669718,0.0059146928404757,0.0062270907925525846,NORMAL
7632,0.9859791409469767,0.008500740869144683,0.005520118183878616,NORMAL
7633,0.9858951151678929,0.008584756693276834,0.005520128138830337,NORMAL
7634,0.9857231613831373,0.008500927063957485,0.005775911552905223,NORMAL
7635,0.9857168186918159,0.008500736508043318,0.005782444800140778,NORMAL
7636,0.9857168186918159,0.008500736508043318,0.005782444800140778,NORMAL
7637,0.9857168186918159,0.008500736508043318,0.005782444800140778,NORMAL
7638,0.9857168186918159,0.008500736508043318,0.005782444800140778,NORMAL
7639,0.9857168186918159,0.008500736508043318,0.005782444800140778,NORMAL
7640,0.9857168186918159,0.008500736508043318,0.005782444800140778,NORMAL
7641,0.9859791409469767,0.008500740869144683,0.005520118183878616,NORMAL
7642,0.9858951151678929,0.008584756693276834,0.005520128138830337,NORMAL
7643,0.9857310669435962,0.008500896762125532,0.005768036294278276,NORMAL
7644,0.9857168186918159,0.008500736508043318,0.005782444800140778,NORMAL
7645,0.9857168186918159,0.008500736508043318,0.005782444800140778,NORMAL
7646,0.9857168186918159,0.008500736508043318,0.005782444800140778,NORMAL
7647,0.985604185471375,0.00850116883963777,0.0058946456889872895,NORMAL
7648,0.9857168186918159,0.008500736508043318,0.005782444800140778,NORMAL
7649,0.9857168186918159,0.008500736508043318,0.005782444800140778,NORMAL
7650,0.9861457749806429,0.0072039971467352795,0.00665022787262171,NORMAL
7651,0.985922021107715,0.007425963612300011,0.006652015279984998,NORMAL
7652,0.9846891953734763,0.007220197700280192,0.008090606926243585,NORMAL
7653,0.9853851151319812,0.007216097014778334,0.0073987878532404865,NORMAL
7654,0.9856725879797507,0.007215362705528322,0.007112049314721134,NORMAL
7655,0.9856725879797507,0.007215362705528322,0.007112049314721134,NORMAL
7656,0.9856725879797507,0.007215362705528322,0.007112049314721134,NORMAL
7657,0.9852139261358168,0.007216535346891358,0.007569538517291838,NORMAL
7658,0.9856725879797507,0.007215362705528322,0.007112049314721134,NORMAL
7659,0.9861457749806429,0.0072039971467352795,0.00665022787262171,NORMAL
7660,0.9858017119326505,0.007545934531299231,0.006652353536050056,NORMAL
7661,0.9856917624969855,0.007217623608668321,0.007090613894346191,NORMAL
7662,0.9852139261358168,0.007216535346891358,0.007569538517291838,NORMAL
7663,0.9856725879797507,0.007215362705528322,0.007112049314721134,NORMAL
7664,0.9733313998146633,0.007248097730058072,0.019420502455278724,NORMAL
7665,0.9856725879797507,0.007215362705528322,0.007112049314721134,NORMAL
7666,0.9856725879797507,0.007215362705528322,0.007112049314721134,NORMAL
7667,0.9856725879797507,0.007215362705528322,0.007112049314721134,NORMAL
7668,0.9861457749806429,0.0072039971467352795,0.00665022787262171,NORMAL
7669,0.985922021107715,0.007425963612300011,0.006652015279984998,NORMAL
7670,0.9856917624969855,0.007217623608668321,0.007090613894346191,NORMAL
7671,0.9856725879797507,0.007215362705528322,0.007112049314721134,NORMAL
7672,0.984328090677071,0.00721881520952127,0.008453094113407555,NORMAL
7673,0.9845689728337623,0.007218193403054574,0.008212833763183033,NORMAL
7674,0.9856725879797507,0.007215362705528322,0.007112049314721134,NORMAL
7675,0.9856725879797507,0.007215362705528322,0.007112049314721134,NORMAL
7676,0.9856725879797507,0.007215362705528322,0.007112049314721134,NORMAL
7677,0.9861457749806429,0.0072039971467352795,0.00665022787262171,NORMAL
7678,0.9860306254441006,0.007317662151893471,0.00665171240400595,NORMAL
7679,0.9834389102579201,0.007223440987842403,0.009337648754237624,NORMAL
7680,0.984985172101488,0.007217122256211847,0.007797705642300214,NORMAL
7681,0.9853295340271969,0.007216239246513218,0.007454226726289941,NORMAL
7682,0.985082228568529,0.007216873078282157,0.007700898353188877,NORMAL
7683,0.9856725879797507,0.007215362705528322,0.007112049314721134,NORMAL
7684,0.9822525125311596,0.00722422239983706,0.010523265069003411,NORMAL
7685,0.985086650595193,0.007216861731047023,0.007696487673760107,NORMAL
7686,0.9879624270110484,0.005915827228695014,0.006121745760256779,NORMAL
7687,0.9877513294662035,0.00612690488701416,0.006121765646782565,NORMAL
7688,0.9878601041357188,0.005914693382702573,0.0062252024815788965,NORMAL
7689,0.9878582163669718,0.0059146928404757,0.0062270907925525846,NORMAL
7690,0.9878582163669718,0.0059146928404757,0.0062270907925525846,NORMAL
7691,0.9878582163669718,0.0059146928404757,0.0062270907925525846,NORMAL
7692,0.9878582163669718,0.0059146928404757,0.0062270907925525846,NORMAL
7693,0.9878582163669718,0.0059146928404757,0.0062270907925525846,NORMAL
7694,0.9878582163669718,0.0059146928404757,0.0062270907925525846,NORMAL
7695,0.9879624270110484,0.005915827228695014,0.006121745760256779,NORMAL
7696,0.9876237466372272,0.0062544738690012425,0.0061217794937716355,NORMAL
7697,0.9857968138265598,0.00591419073214349,0.008288995441296765,CRITICAL
7698,0.9878582163669718,0.0059146928404757,0.0062270907925525846,NORMAL
7699,0.9878582163669718,0.0059146928404757,0.0062270907925525846,NORMAL
7700,0.9878582163669718,0.0059146928404757,0.0062270907925525846,NORMAL
7701,0.9562814303586137,0.005916561305184186,0.03780200833620222,CRITICAL
7702,0.9878582163669718,0.0059146928404757,0.0062270907925525846,NORMAL
7703,0.9878582163669718,0.0059146928404757,0.0062270907925525846,NORMAL
7704,0.9859791409469767,0.008500740869144683,0.005520118183878616,NORMAL
7705,0.9859791409469767,0.008500740869144683,0.005520118183878616,NORMAL
7706,0.9856117408675562,0.008501354720404744,0.005886904412038975,NORMAL
7707,0.9857168186918159,0.008500736508043318,0.005782444800140778,NORMAL
7708,0.9857168186918159,0.008500736508043318,0.005782444800140778,NORMAL
7709,0.9857168186918159,0.008500736508043318,0.005782444800140778,NORMAL
7710,0.9857168186918159,0.008500736508043318,0.005782444800140778,NORMAL
7711,0.9857168186918159,0.008500736508043318,0.005782444800140778,NORMAL
7712,0.9857168186918159,0.008500736508043318,0.005782444800140778,NORMAL
7713,0.9859791409469767,0.008500740869144683,0.005520118183878616,NORMAL
7714,0.9859791409469767,0.008500740869144683,0.005520118183878616,NORMAL
7715,0.9857231613831373,0.008500927063957485,0.005775911552905223,NORMAL
7716,0.9857168186918159,0.008500736508043318,0.005782444800140778,NORMAL
7717,0.985604185471375,0.00850116883963777,0.0058946456889872895,NORMAL
7718,0.9857168186918159,0.008500736508043318,0.005782444800140778,NORMAL
7719,0.9723804712349319,0.008556352267442877,0.019063176497625393,CRITICAL
7720,0.9857168186918159,0.008500736508043318,0.005782444800140778,NORMAL
7721,0.9857168186918159,0.008500736508043318,0.005782444800140778,NORMAL
7722,0.9861457749806429,0.0072039971467352795,0.00665022787262171,NORMAL
7723,0.9860306254441006,0.007317662151893471,0.00665171240400595,NORMAL
7724,0.9856917624969855,0.007217623608668321,0.007090613894346191,NORMAL
7725,0.9844542841905465,0.00721848929155627,0.008327226517897244,NORMAL
7726,0.9852139261358168,0.007216535346891358,0.007569538517291838,NORMAL
7727,0.9856725879797507,0.007215362705528322,0.007112049314721134,NORMAL
7728,0.9856725879797507,0.007215362705528322,0.007112049314721134,NORMAL
7729,0.9856725879797507,0.007215362705528322,0.007112049314721134,NORMAL
7730,0.9856725879797507,0.007215362705528322,0.007112049314721134,NORMAL
7731,0.9861457749806429,0.0072039971467352795,0.00665022787262171,NORMAL
7732,0.9860306254441006,0.007317662151893471,0.00665171240400595,NORMAL
7733,0.9856917624969855,0.007217623608668321,0.007090613894346191,NORMAL
7734,0.9856725879797507,0.007215362705528322,0.007112049314721134,NORMAL
7735,0.9856725879797507,0.007215362705528322,0.007112049314721134,NORMAL
7736,0.9856725879797507,0.007215362705528322,0.007112049314721134,NORMAL
7737,0.9856725879797507,0.007215362705528322,0.007112049314721134,NORMAL
7738,0.9856725879797507,0.007215362705528322,0.007112049314721134,NORMAL
7739,0.9856725879797507,0.007215362705528322,0.007112049314721134,NORMAL
7740,0.9879624270110484,0.005915827228695014,0.006121745760256779,NORMAL
7741,0.9877513294662035,0.00612690488701416,0.006121765646782565,NORMAL
7742,0.9878601041357188,0.005914693382702573,0.0062252024815788965,NORMAL
7743,0.9877134529499751,0.005914651749946765,0.006371895300078246,NORMAL
7744,0.9878582163669718,0.0059146928404757,0.0062270907925525846,NORMAL
7745,0.9826598147875026,0.005913708583012182,0.011426476629485214,CRITICAL
7746,0.9873754057551966,0.005914559475843466,0.006710034768959866,CRITICAL
7747,0.9878595467330192,0.005914693222581649,0.006225760044399231,NORMAL
7748,0.9878582163669718,0.0059146928404757,0.0062270907925525846,NORMAL
7749,0.9878392175490113,0.006039025546880942,0.006121756904107858,NORMAL
7750,0.9873269415430805,0.006551241587264874,0.006121816869654644,NORMAL
7751,0.9878601041357188,0.005914693382702573,0.0062252024815788965,NORMAL
7752,0.9878582163669718,0.0059146928404757,0.0062270907925525846,NORMAL
7753,0.9878582163669718,0.0059146928404757,0.0062270907925525846,NORMAL
7754,0.9878582163669718,0.0059146928404757,0.0062270907925525846,NORMAL
7755,0.9878582163669718,0.0059146928404757,0.0062270907925525846,NORMAL
7756,0.9878595467330192,0.005914693222581649,0.006225760044399231,NORMAL
7757,0.9878582163669718,0.0059146928404757,0.0062270907925525846,NORMAL
7758,0.9859791409469767,0.008500740869144683,0.005520118183878616,NORMAL
7759,0.9859791409469767,0.008500740869144683,0.005520118183878616,NORMAL
7760,0.9820039495934318,0.008515684119457566,0.00948036628711053,CRITICAL
7761,0.9856156069895231,0.00850112494888309,0.005883268061593745,NORMAL
7762,0.9857168186918159,0.008500736508043318,0.005782444800140778,NORMAL
7763,0.9853723366622956,0.008502062197012696,0.006125601140691757,NORMAL
7764,0.9771490038020769,0.008535752963233063,0.014315243234689912,CRITICAL
7765,0.5157398048497086,0.009832872044676508,0.47442732310561486,CRITICAL
7766,0.9802738926371809,0.008522592541941614,0.011203514820877636,CRITICAL
7767,0.9859791409469767,0.008500740869144683,0.005520118183878616,NORMAL
7768,0.9859791409469767,0.008500740869144683,0.005520118183878616,NORMAL
7769,0.9854680669886974,0.008501907756400525,0.006030025254902255,NORMAL
7770,0.97543281355931,0.008543106055169633,0.01602408038552028,CRITICAL
7771,0.977294284032735,0.008535134166357658,0.014170581800907444,CRITICAL
7772,0.9793414933372369,0.008526484007399944,0.012132022655363338,CRITICAL
7773,0.8114480996537323,0.009222829254369303,0.17932907109189847,CRITICAL
7774,0.9857168186918159,0.008500736508043318,0.005782444800140778,NORMAL
7775,0.9857168186918159,0.008500736508043318,0.005782444800140778,NORMAL
7776,0.9879624270110484,0.005915827228695014,0.006121745760256779,NORMAL
7777,0.9877828185418506,0.006095419019006463,0.006121762439143064,NORMAL
7778,0.9878601041357188,0.005914693382702573,0.0062252024815788965,NORMAL
7779,0.9878582163669718,0.0059146928404757,0.0062270907925525846,NORMAL
7780,0.9878582163669718,0.0059146928404757,0.0062270907925525846,NORMAL
7781,0.983853949151224,0.005913857462960249,0.010232193385815854,CRITICAL
7782,0.9752139108223873,0.005933415680708446,0.01885267349690426,CRITICAL
7783,0.9849470008914765,0.005914030030869025,0.009138969077654473,CRITICAL
7784,0.9838851913564116,0.005913861895545996,0.010200946748042412,CRITICAL
7785,0.9879624270110484,0.005915827228695014,0.006121745760256779,NORMAL
7786,0.9877828185418506,0.006095419019006463,0.006121762439143064,NORMAL
7787,0.9878601041357188,0.005914693382702573,0.0062252024815788965,NORMAL
7788,0.9878582163669718,0.0059146928404757,0.0062270907925525846,NORMAL
7789,0.9878582163669718,0.0059146928404757,0.0062270907925525846,NORMAL
7790,0.9845123102843822,0.005913957002914063,0.009573732712703807,CRITICAL
7791,0.9878582163669718,0.0059146928404757,0.0062270907925525846,NORMAL
7792,0.9878582163669718,0.0059146928404757,0.0062270907925525846,NORMAL
7793,0.9878582163669718,0.0059146928404757,0.0062270907925525846,NORMAL
7794,0.9859791409469767,0.008500740869144683,0.005520118183878616,NORMAL
7795,0.9859791409469767,0.008500740869144683,0.005520118183878616,NORMAL
7796,0.9853158263898659,0.008502495666507771,0.006181677943626387,NORMAL
7797,0.9857168186918159,0.008500736508043318,0.005782444800140778,NORMAL
7798,0.9857168186918159,0.008500736508043318,0.005782444800140778,NORMAL
7799,0.9857168186918159,0.008500736508043318,0.005782444800140778,NORMAL
7800,0.9857168186918159,0.008500736508043318,0.005782444800140778,NORMAL
7801,0.9857168186918159,0.008500736508043318,0.005782444800140778,NORMAL
7802,0.9857168186918159,0.008500736508043318,0.005782444800140778,NORMAL
7803,0.9859791409469767,0.008500740869144683,0.005520118183878616,NORMAL
7804,0.9859791409469767,0.008500740869144683,0.005520118183878616,NORMAL
7805,0.9856117408675562,0.008501354720404744,0.005886904412038975,NORMAL
7806,0.9857168186918159,0.008500736508043318,0.005782444800140778,NORMAL
7807,0.9857168186918159,0.008500736508043318,0.005782444800140778,NORMAL
7808,0.9857168186918159,0.008500736508043318,0.005782444800140778,NORMAL
7809,0.9857168186918159,0.008500736508043318,0.005782444800140778,NORMAL
7810,0.9857168186918159,0.008500736508043318,0.005782444800140778,NORMAL
7811,0.9857168186918159,0.008500736508043318,0.005782444800140778,NORMAL
7812,0.9876975529595459,0.00618067572279557,0.006121771317658683,NORMAL
7813,0.9878763229675095,0.006001923621960845,0.006121753410529792,NORMAL
7814,0.9878601041357188,0.005914693382702573,0.0062252024815788965,NORMAL
7815,0.9878326069601089,0.005914685500998178,0.006252707538892982,NORMAL
7816,0.9878595467330192,0.005914693222581649,0.006225760044399231,NORMAL
7817,0.9878582163669718,0.0059146928404757,0.0062270907925525846,NORMAL
7818,0.9878582163669718,0.0059146928404757,0.0062270907925525846,NORMAL
7819,0.9878582163669718,0.0059146928404757,0.0062270907925525846,NORMAL
7820,0.9878582163669718,0.0059146928404757,0.0062270907925525846,NORMAL
7821,0.9879624270110484,0.005915827228695014,0.006121745760256779,NORMAL
7822,0.9878763229675095,0.006001923621960845,0.006121753410529792,NORMAL
7823,0.9878601041357188,0.005914693382702573,0.0062252024815788965,NORMAL
7824,0.9878582163669718,0.0059146928404757,0.0062270907925525846,NORMAL
7825,0.9878582163669718,0.0059146928404757,0.0062270907925525846,NORMAL
7826,0.9878582163669718,0.0059146928404757,0.0062270907925525846,NORMAL
7827,0.9878595467330192,0.005914693222581649,0.006225760044399231,NORMAL
7828,0.9878582163669718,0.0059146928404757,0.0062270907925525846,NORMAL
7829,0.9878582163669718,0.0059146928404757,0.0062270907925525846,NORMAL
7830,0.9879624270110484,0.005915827228695014,0.006121745760256779,NORMAL
7831,0.9877828185418506,0.006095419019006463,0.006121762439143064,NORMAL
7832,0.8706906550182689,0.0061869718809571955,0.12312237310077387,CRITICAL
7833,0.9878582163669718,0.0059146928404757,0.0062270907925525846,NORMAL
7834,0.9878582163669718,0.0059146928404757,0.0062270907925525846,NORMAL
7835,0.9878582163669718,0.0059146928404757,0.0062270907925525846,NORMAL
7836,0.9877120915489839,0.005914651368077133,0.006373257082939061,NORMAL
7837,0.9878582163669718,0.0059146928404757,0.0062270907925525846,NORMAL
7838,0.9878582163669718,0.0059146928404757,0.0062270907925525846,NORMAL
7839,0.9879624270110484,0.005915827228695014,0.006121745760256779,NORMAL
7840,0.9876237466372272,0.0062544738690012425,0.0061217794937716355,NORMAL
7841,0.9878601041357188,0.005914693382702573,0.0062252024815788965,NORMAL
7842,0.9878582163669718,0.0059146928404757,0.0062270907925525846,NORMAL
7843,0.9878582163669718,0.0059146928404757,0.0062270907925525846,NORMAL
7844,0.9878582163669718,0.0059146928404757,0.0062270907925525846,NORMAL
7845,0.9878582163669718,0.0059146928404757,0.0062270907925525846,NORMAL
7846,0.9878582163669718,0.0059146928404757,0.0062270907925525846,NORMAL
7847,0.9878582163669718,0.0059146928404757,0.0062270907925525846,NORMAL
7848,0.9879624270110484,0.005915827228695014,0.006121745760256779,NORMAL
7849,0.9875311365020469,0.0063470731087399935,0.0061217903892131185,NORMAL
7850,0.9878601041357188,0.005914693382702573,0.0062252024815788965,NORMAL
7851,0.9878582163669718,0.0059146928404757,0.0062270907925525846,NORMAL
7852,0.9878582163669718,0.0059146928404757,0.0062270907925525846,NORMAL
7853,0.9878582163669718,0.0059146928404757,0.0062270907925525846,NORMAL
7854,0.9878582163669718,0.0059146928404757,0.0062270907925525846,NORMAL
7855,0.9878582163669718,0.0059146928404757,0.0062270907925525846,NORMAL
7856,0.9878582163669718,0.0059146928404757,0.0062270907925525846,NORMAL
7857,0.9879624270110484,0.005915827228695014,0.006121745760256779,NORMAL
7858,0.9876284813908155,0.006249739653486057,0.0061217789556984635,NORMAL
7859,0.9878601041357188,0.005914693382702573,0.0062252024815788965,NORMAL
7860,0.9878582163669718,0.0059146928404757,0.0062270907925525846,NORMAL
7861,0.9878582163669718,0.0059146928404757,0.0062270907925525846,NORMAL
7862,0.9878582163669718,0.0059146928404757,0.0062270907925525846,NORMAL
7863,0.9878582163669718,0.0059146928404757,0.0062270907925525846,NORMAL
7864,0.9878582163669718,0.0059146928404757,0.0062270907925525846,NORMAL
7865,0.9878582163669718,0.0059146928404757,0.0062270907925525846,NORMAL
7866,0.9861457749806429,0.0072039971467352795,0.00665022787262171,NORMAL
7867,0.9860306254441006,0.007317662151893471,0.00665171240400595,NORMAL
7868,0.9856917624969855,0.007217623608668321,0.007090613894346191,NORMAL
7869,0.9855301326160135,0.007215726305588655,0.007254141078397899,NORMAL
7870,0.9856725879797507,0.007215362705528322,0.007112049314721134,NORMAL
7871,0.9853834341805833,0.007216101315119781,0.007400464504297027,NORMAL
7872,0.9856725879797507,0.007215362705528322,0.007112049314721134,NORMAL
7873,0.9855303350418084,0.007215725788524582,0.007253939169667065,NORMAL
7874,0.9856725879797507,0.007215362705528322,0.007112049314721134,NORMAL
7875,0.9861457749806429,0.0072039971467352795,0.00665022787262171,NORMAL
7876,0.9860306254441006,0.007317662151893471,0.00665171240400595,NORMAL
7877,0.9851506753653605,0.0072190096316266696,0.007630315003012798,NORMAL
7878,0.9856725879797507,0.007215362705528322,0.007112049314721134,NORMAL
7879,0.9856725879797507,0.007215362705528322,0.007112049314721134,NORMAL
7880,0.9856725879797507,0.007215362705528322,0.007112049314721134,NORMAL
7881,0.9856725879797507,0.007215362705528322,0.007112049314721134,NORMAL
7882,0.984976801393567,0.007217143757804627,0.007806054848628339,NORMAL
7883,0.9853834341805833,0.007216101315119781,0.007400464504297027,NORMAL
7884,0.9879624270110484,0.005915827228695014,0.006121745760256779,NORMAL
7885,0.9878763229675095,0.006001923621960845,0.006121753410529792,NORMAL
7886,0.9875867554552499,0.0059146165706563765,0.006498627974093664,CRITICAL
7887,0.9878582163669718,0.0059146928404757,0.0062270907925525846,NORMAL
7888,0.9876808284150634,0.005914642622012595,0.006404528962923852,NORMAL
7889,0.9878595467330192,0.005914693222581649,0.006225760044399231,NORMAL
7890,0.9874804293295653,0.005914587601682409,0.006604983068752226,CRITICAL
7891,0.987290159504062,0.005914536998276526,0.00679530349766157,CRITICAL
7892,0.9874804293295653,0.005914587601682409,0.006604983068752226,CRITICAL
7893,0.9879624270110484,0.005915827228695014,0.006121745760256779,NORMAL
7894,0.9878763229675095,0.006001923621960845,0.006121753410529792,NORMAL
7895,0.9878601041357188,0.005914693382702573,0.0062252024815788965,NORMAL
7896,0.9878582163669718,0.0059146928404757,0.0062270907925525846,NORMAL
7897,0.9878595467330192,0.005914693222581649,0.006225760044399231,NORMAL
7898,0.9878582163669718,0.0059146928404757,0.0062270907925525846,NORMAL
7899,0.9764241486039291,0.0059134701788973705,0.017662381217173437,CRITICAL
7900,0.9874804293295653,0.005914587601682409,0.006604983068752226,CRITICAL
7901,0.9878582163669718,0.0059146928404757,0.0062270907925525846,NORMAL
7902,0.9879624270110484,0.005915827228695014,0.006121745760256779,NORMAL
7903,0.9877513294662035,0.00612690488701416,0.006121765646782565,NORMAL
7904,0.9878601041357188,0.005914693382702573,0.0062252024815788965,NORMAL
7905,0.9878582163669718,0.0059146928404757,0.0062270907925525846,NORMAL
7906,0.9874804293295653,0.005914587601682409,0.006604983068752226,CRITICAL
7907,0.9878582163669718,0.0059146928404757,0.0062270907925525846,NORMAL
7908,0.9878582163669718,0.0059146928404757,0.0062270907925525846,NORMAL
7909,0.9878582163669718,0.0059146928404757,0.0062270907925525846,NORMAL
7910,0.9878582163669718,0.0059146928404757,0.0062270907925525846,NORMAL
7911,0.9879624270110484,0.005915827228695014,0.006121745760256779,NORMAL
7912,0.987655887977038,0.006222336145372363,0.00612177587758976,NORMAL
7913,0.9878601041357188,0.005914693382702573,0.0062252024815788965,NORMAL
7914,0.9872396457075803,0.005914523825975833,0.006845830466443893,CRITICAL
7915,0.987584785292056,0.005914616029309706,0.006500598678634542,CRITICAL
7916,0.8501810885098218,0.005966880569174298,0.1438520309210039,CRITICAL
7917,0.9878595467330192,0.005914693222581649,0.006225760044399231,NORMAL
7918,0.9878582163669718,0.0059146928404757,0.0062270907925525846,NORMAL
7919,0.9878582163669718,0.0059146928404757,0.0062270907925525846,NORMAL
7920,0.9859791409469767,0.008500740869144683,0.005520118183878616,NORMAL
7921,0.9859791409469767,0.008500740869144683,0.005520118183878616,NORMAL
7922,0.9859791409469767,0.008500740869144683,0.005520118183878616,NORMAL
7923,0.9859791409469767,0.008500740869144683,0.005520118183878616,NORMAL
7924,0.9859791409469767,0.008500740869144683,0.005520118183878616,NORMAL
7925,0.9859791409469767,0.008500740869144683,0.005520118183878616,NORMAL
7926,0.9859791409469767,0.008500740869144683,0.005520118183878616,NORMAL
7927,0.9859791409469767,0.008500740869144683,0.005520118183878616,NORMAL
7928,0.9859791409469767,0.008500740869144683,0.005520118183878616,NORMAL
7929,0.9859791409469767,0.008500740869144683,0.005520118183878616,NORMAL
7930,0.9859791409469767,0.008500740869144683,0.005520118183878616,NORMAL
7931,0.9859791409469767,0.008500740869144683,0.005520118183878616,NORMAL
7932,0.9859791409469767,0.008500740869144683,0.005520118183878616,NORMAL
7933,0.9859791409469767,0.008500740869144683,0.005520118183878616,NORMAL
7934,0.9859791409469767,0.008500740869144683,0.005520118183878616,NORMAL
7935,0.9859791409469767,0.008500740869144683,0.005520118183878616,NORMAL
7936,0.9859791409469767,0.008500740869144683,0.005520118183878616,NORMAL
7937,0.9859791409469767,0.008500740869144683,0.005520118183878616,NORMAL
7938,0.9879624270110484,0.005915827228695014,0.006121745760256779,NORMAL
7939,0.9879624270110484,0.005915827228695014,0.006121745760256779,NORMAL
7940,0.9879624270110484,0.005915827228695014,0.006121745760256779,NORMAL
7941,0.9879624270110484,0.005915827228695014,0.006121745760256779,NORMAL
7942,0.9879624270110484,0.005915827228695014,0.006121745760256779,NORMAL
7943,0.9879624270110484,0.005915827228695014,0.006121745760256779,NORMAL
7944,0.9879624270110484,0.005915827228695014,0.006121745760256779,NORMAL
7945,0.9879624270110484,0.005915827228695014,0.006121745760256779,NORMAL
7946,0.9879624270110484,0.005915827228695014,0.006121745760256779,NORMAL
7947,0.9879624270110484,0.005915827228695014,0.006121745760256779,NORMAL
7948,0.9879624270110484,0.005915827228695014,0.006121745760256779,NORMAL
7949,0.9879624270110484,0.005915827228695014,0.006121745760256779,NORMAL
7950,0.9879624270110484,0.005915827228695014,0.006121745760256779,NORMAL
7951,0.9879624270110484,0.005915827228695014,0.006121745760256779,NORMAL
7952,0.9879624270110484,0.005915827228695014,0.006121745760256779,NORMAL
7953,0.9879624270110484,0.005915827228695014,0.006121745760256779,NORMAL
7954,0.9879624270110484,0.005915827228695014,0.006121745760256779,NORMAL
7955,0.9879624270110484,0.005915827228695014,0.006121745760256779,NORMAL
7956,0.9879624270110484,0.005915827228695014,0.006121745760256779,NORMAL
7957,0.9879624270110484,0.005915827228695014,0.006121745760256779,NORMAL
7958,0.9879624270110484,0.005915827228695014,0.006121745760256779,NORMAL
7959,0.9879624270110484,0.005915827228695014,0.006121745760256779,NORMAL
7960,0.9879624270110484,0.005915827228695014,0.006121745760256779,NORMAL
7961,0.9879624270110484,0.005915827228695014,0.006121745760256779,NORMAL
7962,0.9879624270110484,0.005915827228695014,0.006121745760256779,NORMAL
7963,0.9879624270110484,0.005915827228695014,0.006121745760256779,NORMAL
7964,0.9879624270110484,0.005915827228695014,0.006121745760256779,NORMAL
7965,0.9879624270110484,0.005915827228695014,0.006121745760256779,NORMAL
7966,0.9879624270110484,0.005915827228695014,0.006121745760256779,NORMAL
7967,0.9879624270110484,0.005915827228695014,0.006121745760256779,NORMAL
7968,0.9879624270110484,0.005915827228695014,0.006121745760256779,NORMAL
7969,0.9879624270110484,0.005915827228695014,0.006121745760256779,NORMAL
7970,0.9879624270110484,0.005915827228695014,0.006121745760256779,NORMAL
7971,0.9879624270110484,0.005915827228695014,0.006121745760256779,NORMAL
7972,0.9879624270110484,0.005915827228695014,0.006121745760256779,NORMAL
7973,0.9879624270110484,0.005915827228695014,0.006121745760256779,NORMAL
7974,0.9879624270110484,0.005915827228695014,0.006121745760256779,NORMAL
7975,0.9879624270110484,0.005915827228695014,0.006121745760256779,NORMAL
7976,0.9879624270110484,0.005915827228695014,0.006121745760256779,NORMAL
7977,0.9879624270110484,0.005915827228695014,0.006121745760256779,NORMAL
7978,0.9879624270110484,0.005915827228695014,0.006121745760256779,NORMAL
7979,0.9879624270110484,0.005915827228695014,0.006121745760256779,NORMAL
7980,0.9879624270110484,0.005915827228695014,0.006121745760256779,NORMAL
7981,0.9879624270110484,0.005915827228695014,0.006121745760256779,NORMAL
7982,0.9879624270110484,0.005915827228695014,0.006121745760256779,NORMAL
7983,0.9879624270110484,0.005915827228695014,0.006121745760256779,NORMAL
7984,0.9879624270110484,0.005915827228695014,0.006121745760256779,NORMAL
7985,0.9879624270110484,0.005915827228695014,0.006121745760256779,NORMAL
7986,0.9879624270110484,0.005915827228695014,0.006121745760256779,NORMAL
7987,0.9879624270110484,0.005915827228695014,0.006121745760256779,NORMAL
7988,0.9879624270110484,0.005915827228695014,0.006121745760256779,NORMAL
7989,0.9879624270110484,0.005915827228695014,0.006121745760256779,NORMAL
7990,0.9879624270110484,0.005915827228695014,0.006121745760256779,NORMAL
7991,0.9879624270110484,0.005915827228695014,0.006121745760256779,NORMAL
7992,0.9861457749806429,0.0072039971467352795,0.00665022787262171,NORMAL
7993,0.9861457749806429,0.0072039971467352795,0.00665022787262171,NORMAL
7994,0.9861457749806429,0.0072039971467352795,0.00665022787262171,NORMAL
7995,0.9861457749806429,0.0072039971467352795,0.00665022787262171,NORMAL
7996,0.9861457749806429,0.0072039971467352795,0.00665022787262171,NORMAL
7997,0.9861457749806429,0.0072039971467352795,0.00665022787262171,NORMAL
7998,0.9861457749806429,0.0072039971467352795,0.00665022787262171,NORMAL
7999,0.9861457749806429,0.0072039971467352795,0.00665022787262171,NORMAL
8000,0.9861457749806429,0.0072039971467352795,0.00665022787262171,NORMAL
8001,0.9861457749806429,0.0072039971467352795,0.00665022787262171,NORMAL
8002,0.9861457749806429,0.0072039971467352795,0.00665022787262171,NORMAL
8003,0.9861457749806429,0.0072039971467352795,0.00665022787262171,NORMAL
8004,0.9861457749806429,0.0072039971467352795,0.00665022787262171,NORMAL
8005,0.9861457749806429,0.0072039971467352795,0.00665022787262171,NORMAL
8006,0.9861457749806429,0.0072039971467352795,0.00665022787262171,NORMAL
8007,0.9861457749806429,0.0072039971467352795,0.00665022787262171,NORMAL
8008,0.9861457749806429,0.0072039971467352795,0.00665022787262171,NORMAL
8009,0.9861457749806429,0.0072039971467352795,0.00665022787262171,NORMAL
8010,0.9861457749806429,0.0072039971467352795,0.00665022787262171,NORMAL
8011,0.9861457749806429,0.0072039971467352795,0.00665022787262171,NORMAL
8012,0.9861457749806429,0.0072039971467352795,0.00665022787262171,NORMAL
8013,0.9861457749806429,0.0072039971467352795,0.00665022787262171,NORMAL
8014,0.9861457749806429,0.0072039971467352795,0.00665022787262171,NORMAL
8015,0.9861457749806429,0.0072039971467352795,0.00665022787262171,NORMAL
8016,0.9861457749806429,0.0072039971467352795,0.00665022787262171,NORMAL
8017,0.9861457749806429,0.0072039971467352795,0.00665022787262171,NORMAL
8018,0.9861457749806429,0.0072039971467352795,0.00665022787262171,NORMAL
8019,0.9861457749806429,0.0072039971467352795,0.00665022787262171,NORMAL
8020,0.9861457749806429,0.0072039971467352795,0.00665022787262171,NORMAL
8021,0.9861457749806429,0.0072039971467352795,0.00665022787262171,NORMAL
8022,0.9861457749806429,0.0072039971467352795,0.00665022787262171,NORMAL
8023,0.9861457749806429,0.0072039971467352795,0.00665022787262171,NORMAL
8024,0.9861457749806429,0.0072039971467352795,0.00665022787262171,NORMAL
8025,0.9861457749806429,0.0072039971467352795,0.00665022787262171,NORMAL
8026,0.9861457749806429,0.0072039971467352795,0.00665022787262171,NORMAL
8027,0.9861457749806429,0.0072039971467352795,0.00665022787262171,NORMAL
8028,0.9879624270110484,0.005915827228695014,0.006121745760256779,NORMAL
8029,0.9879624270110484,0.005915827228695014,0.006121745760256779,NORMAL
8030,0.9879624270110484,0.005915827228695014,0.006121745760256779,NORMAL
8031,0.9879624270110484,0.005915827228695014,0.006121745760256779,NORMAL
8032,0.9879624270110484,0.005915827228695014,0.006121745760256779,NORMAL
8033,0.9879624270110484,0.005915827228695014,0.006121745760256779,NORMAL
8034,0.9879624270110484,0.005915827228695014,0.006121745760256779,NORMAL
8035,0.9879624270110484,0.005915827228695014,0.006121745760256779,NORMAL
8036,0.9879624270110484,0.005915827228695014,0.006121745760256779,NORMAL
8037,0.9879624270110484,0.005915827228695014,0.006121745760256779,NORMAL
8038,0.9879624270110484,0.005915827228695014,0.006121745760256779,NORMAL
8039,0.9879624270110484,0.005915827228695014,0.006121745760256779,NORMAL
8040,0.9879624270110484,0.005915827228695014,0.006121745760256779,NORMAL
8041,0.9879624270110484,0.005915827228695014,0.006121745760256779,NORMAL
8042,0.9879624270110484,0.005915827228695014,0.006121745760256779,NORMAL
8043,0.9879624270110484,0.005915827228695014,0.006121745760256779,NORMAL
8044,0.9879624270110484,0.005915827228695014,0.006121745760256779,NORMAL
8045,0.9879624270110484,0.005915827228695014,0.006121745760256779,NORMAL
8046,0.9859791409469767,0.008500740869144683,0.005520118183878616,NORMAL
8047,0.9859791409469767,0.008500740869144683,0.005520118183878616,NORMAL
8048,0.9859791409469767,0.008500740869144683,0.005520118183878616,NORMAL
8049,0.9859791409469767,0.008500740869144683,0.005520118183878616,NORMAL
8050,0.9859791409469767,0.008500740869144683,0.005520118183878616,NORMAL
8051,0.9859791409469767,0.008500740869144683,0.005520118183878616,NORMAL
8052,0.9859791409469767,0.008500740869144683,0.005520118183878616,NORMAL
8053,0.9859791409469767,0.008500740869144683,0.005520118183878616,NORMAL
8054,0.9859791409469767,0.008500740869144683,0.005520118183878616,NORMAL
8055,0.9859791409469767,0.008500740869144683,0.005520118183878616,NORMAL
8056,0.9859791409469767,0.008500740869144683,0.005520118183878616,NORMAL
8057,0.9859791409469767,0.008500740869144683,0.005520118183878616,NORMAL
8058,0.9859791409469767,0.008500740869144683,0.005520118183878616,NORMAL
8059,0.9859791409469767,0.008500740869144683,0.005520118183878616,NORMAL
8060,0.9859791409469767,0.008500740869144683,0.005520118183878616,NORMAL
8061,0.9859791409469767,0.008500740869144683,0.005520118183878616,NORMAL
8062,0.9859791409469767,0.008500740869144683,0.005520118183878616,NORMAL
8063,0.9859791409469767,0.008500740869144683,0.005520118183878616,NORMAL
8064,0.9879624270110484,0.005915827228695014,0.006121745760256779,NORMAL
8065,0.9879624270110484,0.005915827228695014,0.006121745760256779,NORMAL
8066,0.9879624270110484,0.005915827228695014,0.006121745760256779,NORMAL
8067,0.9879624270110484,0.005915827228695014,0.006121745760256779,NORMAL
8068,0.9879624270110484,0.005915827228695014,0.006121745760256779,NORMAL
8069,0.9879624270110484,0.005915827228695014,0.006121745760256779,NORMAL
8070,0.9879624270110484,0.005915827228695014,0.006121745760256779,NORMAL
8071,0.9879624270110484,0.005915827228695014,0.006121745760256779,NORMAL
8072,0.9879624270110484,0.005915827228695014,0.006121745760256779,NORMAL
8073,0.9879624270110484,0.005915827228695014,0.006121745760256779,NORMAL
8074,0.9879624270110484,0.005915827228695014,0.006121745760256779,NORMAL
8075,0.9879624270110484,0.005915827228695014,0.006121745760256779,NORMAL
8076,0.9879624270110484,0.005915827228695014,0.006121745760256779,NORMAL
8077,0.9879624270110484,0.005915827228695014,0.006121745760256779,NORMAL
8078,0.9879624270110484,0.005915827228695014,0.006121745760256779,NORMAL
8079,0.9879624270110484,0.005915827228695014,0.006121745760256779,NORMAL
8080,0.9879624270110484,0.005915827228695014,0.006121745760256779,NORMAL
8081,0.9879624270110484,0.005915827228695014,0.006121745760256779,NORMAL
8082,0.9879624270110484,0.005915827228695014,0.006121745760256779,NORMAL
8083,0.9879624270110484,0.005915827228695014,0.006121745760256779,NORMAL
8084,0.9879624270110484,0.005915827228695014,0.006121745760256779,NORMAL
8085,0.9879624270110484,0.005915827228695014,0.006121745760256779,NORMAL
8086,0.9879624270110484,0.005915827228695014,0.006121745760256779,NORMAL
8087,0.9879624270110484,0.005915827228695014,0.006121745760256779,NORMAL
8088,0.9879624270110484,0.005915827228695014,0.006121745760256779,NORMAL
8089,0.9879624270110484,0.005915827228695014,0.006121745760256779,NORMAL
8090,0.9879624270110484,0.005915827228695014,0.006121745760256779,NORMAL
8091,0.9879624270110484,0.005915827228695014,0.006121745760256779,NORMAL
8092,0.9879624270110484,0.005915827228695014,0.006121745760256779,NORMAL
8093,0.9879624270110484,0.005915827228695014,0.006121745760256779,NORMAL
8094,0.9879624270110484,0.005915827228695014,0.006121745760256779,NORMAL
8095,0.9879624270110484,0.005915827228695014,0.006121745760256779,NORMAL
8096,0.9879624270110484,0.005915827228695014,0.006121745760256779,NORMAL
8097,0.9879624270110484,0.005915827228695014,0.006121745760256779,NORMAL
8098,0.9879624270110484,0.005915827228695014,0.006121745760256779,NORMAL
8099,0.9879624270110484,0.005915827228695014,0.006121745760256779,NORMAL
8100,0.9879624270110484,0.005915827228695014,0.006121745760256779,NORMAL
8101,0.9879624270110484,0.005915827228695014,0.006121745760256779,NORMAL
8102,0.9879624270110484,0.005915827228695014,0.006121745760256779,NORMAL
8103,0.9879624270110484,0.005915827228695014,0.006121745760256779,NORMAL
8104,0.9879624270110484,0.005915827228695014,0.006121745760256779,NORMAL
8105,0.9879624270110484,0.005915827228695014,0.006121745760256779,NORMAL
8106,0.9879624270110484,0.005915827228695014,0.006121745760256779,NORMAL
8107,0.9879624270110484,0.005915827228695014,0.006121745760256779,NORMAL
8108,0.9879624270110484,0.005915827228695014,0.006121745760256779,NORMAL
8109,0.9879624270110484,0.005915827228695014,0.006121745760256779,NORMAL
8110,0.9879624270110484,0.005915827228695014,0.006121745760256779,NORMAL
8111,0.9879624270110484,0.005915827228695014,0.006121745760256779,NORMAL
8112,0.9879624270110484,0.005915827228695014,0.006121745760256779,NORMAL
8113,0.9879624270110484,0.005915827228695014,0.006121745760256779,NORMAL
8114,0.9879624270110484,0.005915827228695014,0.006121745760256779,NORMAL
8115,0.9879624270110484,0.005915827228695014,0.006121745760256779,NORMAL
8116,0.9879624270110484,0.005915827228695014,0.006121745760256779,NORMAL
8117,0.9879624270110484,0.005915827228695014,0.006121745760256779,NORMAL
8118,0.9859791409469767,0.008500740869144683,0.005520118183878616,NORMAL
8119,0.9859791409469767,0.008500740869144683,0.005520118183878616,NORMAL
8120,0.9859791409469767,0.008500740869144683,0.005520118183878616,NORMAL
8121,0.9859791409469767,0.008500740869144683,0.005520118183878616,NORMAL
8122,0.9859791409469767,0.008500740869144683,0.005520118183878616,NORMAL
8123,0.9859791409469767,0.008500740869144683,0.005520118183878616,NORMAL
8124,0.9859791409469767,0.008500740869144683,0.005520118183878616,NORMAL
8125,0.9859791409469767,0.008500740869144683,0.005520118183878616,NORMAL
8126,0.9859791409469767,0.008500740869144683,0.005520118183878616,NORMAL
8127,0.9859791409469767,0.008500740869144683,0.005520118183878616,NORMAL
8128,0.9859791409469767,0.008500740869144683,0.005520118183878616,NORMAL
8129,0.9859791409469767,0.008500740869144683,0.005520118183878616,NORMAL
8130,0.9859791409469767,0.008500740869144683,0.005520118183878616,NORMAL
8131,0.9859791409469767,0.008500740869144683,0.005520118183878616,NORMAL
8132,0.9859791409469767,0.008500740869144683,0.005520118183878616,NORMAL
8133,0.9859791409469767,0.008500740869144683,0.005520118183878616,NORMAL
8134,0.9859791409469767,0.008500740869144683,0.005520118183878616,NORMAL
8135,0.9859791409469767,0.008500740869144683,0.005520118183878616,NORMAL
8136,0.9879624270110484,0.005915827228695014,0.006121745760256779,NORMAL
8137,0.9879624270110484,0.005915827228695014,0.006121745760256779,NORMAL
8138,0.9879624270110484,0.005915827228695014,0.006121745760256779,NORMAL
8139,0.9879624270110484,0.005915827228695014,0.006121745760256779,NORMAL
8140,0.9879624270110484,0.005915827228695014,0.006121745760256779,NORMAL
8141,0.9879624270110484,0.005915827228695014,0.006121745760256779,NORMAL
8142,0.9879624270110484,0.005915827228695014,0.006121745760256779,NORMAL
8143,0.9879624270110484,0.005915827228695014,0.006121745760256779,NORMAL
8144,0.9879624270110484,0.005915827228695014,0.006121745760256779,NORMAL
8145,0.9879624270110484,0.005915827228695014,0.006121745760256779,NORMAL
8146,0.9879624270110484,0.005915827228695014,0.006121745760256779,NORMAL
8147,0.9879624270110484,0.005915827228695014,0.006121745760256779,NORMAL
8148,0.9879624270110484,0.005915827228695014,0.006121745760256779,NORMAL
8149,0.9879624270110484,0.005915827228695014,0.006121745760256779,NORMAL
8150,0.9879624270110484,0.005915827228695014,0.006121745760256779,NORMAL
8151,0.9879624270110484,0.005915827228695014,0.006121745760256779,NORMAL
8152,0.9879624270110484,0.005915827228695014,0.006121745760256779,NORMAL
8153,0.9879624270110484,0.005915827228695014,0.006121745760256779,NORMAL
8154,0.9861457749806429,0.0072039971467352795,0.00665022787262171,NORMAL
8155,0.9861457749806429,0.0072039971467352795,0.00665022787262171,NORMAL
8156,0.9861457749806429,0.0072039971467352795,0.00665022787262171,NORMAL
8157,0.9861457749806429,0.0072039971467352795,0.00665022787262171,NORMAL
8158,0.9861457749806429,0.0072039971467352795,0.00665022787262171,NORMAL
8159,0.9861457749806429,0.0072039971467352795,0.00665022787262171,NORMAL
8160,0.9861457749806429,0.0072039971467352795,0.00665022787262171,NORMAL
8161,0.9861457749806429,0.0072039971467352795,0.00665022787262171,NORMAL
8162,0.9861457749806429,0.0072039971467352795,0.00665022787262171,NORMAL
8163,0.9861457749806429,0.0072039971467352795,0.00665022787262171,NORMAL
8164,0.9861457749806429,0.0072039971467352795,0.00665022787262171,NORMAL
8165,0.9861457749806429,0.0072039971467352795,0.00665022787262171,NORMAL
8166,0.9861457749806429,0.0072039971467352795,0.00665022787262171,NORMAL
8167,0.9861457749806429,0.0072039971467352795,0.00665022787262171,NORMAL
8168,0.9861457749806429,0.0072039971467352795,0.00665022787262171,NORMAL
8169,0.9861457749806429,0.0072039971467352795,0.00665022787262171,NORMAL
8170,0.9861457749806429,0.0072039971467352795,0.00665022787262171,NORMAL
8171,0.986090213230182,0.007259405641698218,0.0066503811281199005,NORMAL
8172,0.9861457749806429,0.0072039971467352795,0.00665022787262171,NORMAL
8173,0.9861457749806429,0.0072039971467352795,0.00665022787262171,NORMAL
8174,0.9861457749806429,0.0072039971467352795,0.00665022787262171,NORMAL
8175,0.9861457749806429,0.0072039971467352795,0.00665022787262171,NORMAL
8176,0.9861457749806429,0.0072039971467352795,0.00665022787262171,NORMAL
8177,0.9861457749806429,0.0072039971467352795,0.00665022787262171,NORMAL
8178,0.9861457749806429,0.0072039971467352795,0.00665022787262171,NORMAL
8179,0.9861457749806429,0.0072039971467352795,0.00665022787262171,NORMAL
8180,0.9861457749806429,0.0072039971467352795,0.00665022787262171,NORMAL
8181,0.9861457749806429,0.0072039971467352795,0.00665022787262171,NORMAL
8182,0.9861457749806429,0.0072039971467352795,0.00665022787262171,NORMAL
8183,0.9861457749806429,0.0072039971467352795,0.00665022787262171,NORMAL
8184,0.9861457749806429,0.0072039971467352795,0.00665022787262171,NORMAL
8185,0.9861457749806429,0.0072039971467352795,0.00665022787262171,NORMAL
8186,0.9861457749806429,0.0072039971467352795,0.00665022787262171,NORMAL
8187,0.9861457749806429,0.0072039971467352795,0.00665022787262171,NORMAL
8188,0.9861457749806429,0.0072039971467352795,0.00665022787262171,NORMAL
8189,0.9861457749806429,0.0072039971467352795,0.00665022787262171,NORMAL
8190,0.9861457749806429,0.0072039971467352795,0.00665022787262171,NORMAL
8191,0.9861457749806429,0.0072039971467352795,0.00665022787262171,NORMAL
8192,0.9861457749806429,0.0072039971467352795,0.00665022787262171,NORMAL
8193,0.9861457749806429,0.0072039971467352795,0.00665022787262171,NORMAL
8194,0.9861457749806429,0.0072039971467352795,0.00665022787262171,NORMAL
8195,0.9861457749806429,0.0072039971467352795,0.00665022787262171,NORMAL
8196,0.9861457749806429,0.0072039971467352795,0.00665022787262171,NORMAL
8197,0.9861457749806429,0.0072039971467352795,0.00665022787262171,NORMAL
8198,0.9861457749806429,0.0072039971467352795,0.00665022787262171,NORMAL
8199,0.9861457749806429,0.0072039971467352795,0.00665022787262171,NORMAL
8200,0.9861457749806429,0.0072039971467352795,0.00665022787262171,NORMAL
8201,0.9861457749806429,0.0072039971467352795,0.00665022787262171,NORMAL
8202,0.9861457749806429,0.0072039971467352795,0.00665022787262171,NORMAL
8203,0.9861457749806429,0.0072039971467352795,0.00665022787262171,NORMAL
8204,0.9861457749806429,0.0072039971467352795,0.00665022787262171,NORMAL
8205,0.9861457749806429,0.0072039971467352795,0.00665022787262171,NORMAL
8206,0.9861457749806429,0.0072039971467352795,0.00665022787262171,NORMAL
8207,0.9861457749806429,0.0072039971467352795,0.00665022787262171,NORMAL
8208,0.9859791409469767,0.008500740869144683,0.005520118183878616,NORMAL
8209,0.9859791409469767,0.008500740869144683,0.005520118183878616,NORMAL
8210,0.9859791409469767,0.008500740869144683,0.005520118183878616,NORMAL
8211,0.9859791409469767,0.008500740869144683,0.005520118183878616,NORMAL
8212,0.9859791409469767,0.008500740869144683,0.005520118183878616,NORMAL
8213,0.9859791409469767,0.008500740869144683,0.005520118183878616,NORMAL
8214,0.9859791409469767,0.008500740869144683,0.005520118183878616,NORMAL
8215,0.9859791409469767,0.008500740869144683,0.005520118183878616,NORMAL
8216,0.9859791409469767,0.008500740869144683,0.005520118183878616,NORMAL
8217,0.9859791409469767,0.008500740869144683,0.005520118183878616,NORMAL
8218,0.9859791409469767,0.008500740869144683,0.005520118183878616,NORMAL
8219,0.9859791409469767,0.008500740869144683,0.005520118183878616,NORMAL
8220,0.9859791409469767,0.008500740869144683,0.005520118183878616,NORMAL
8221,0.9859791409469767,0.008500740869144683,0.005520118183878616,NORMAL
8222,0.9859791409469767,0.008500740869144683,0.005520118183878616,NORMAL
8223,0.9859791409469767,0.008500740869144683,0.005520118183878616,NORMAL
8224,0.9859791409469767,0.008500740869144683,0.005520118183878616,NORMAL
8225,0.9859791409469767,0.008500740869144683,0.005520118183878616,NORMAL
8226,0.9879624270110484,0.005915827228695014,0.006121745760256779,NORMAL
8227,0.9879624270110484,0.005915827228695014,0.006121745760256779,NORMAL
8228,0.9879624270110484,0.005915827228695014,0.006121745760256779,NORMAL
8229,0.9879624270110484,0.005915827228695014,0.006121745760256779,NORMAL
8230,0.9879624270110484,0.005915827228695014,0.006121745760256779,NORMAL
8231,0.9879624270110484,0.005915827228695014,0.006121745760256779,NORMAL
8232,0.9879624270110484,0.005915827228695014,0.006121745760256779,NORMAL
8233,0.9879624270110484,0.005915827228695014,0.006121745760256779,NORMAL
8234,0.9879624270110484,0.005915827228695014,0.006121745760256779,NORMAL
8235,0.9879624270110484,0.005915827228695014,0.006121745760256779,NORMAL
8236,0.9879624270110484,0.005915827228695014,0.006121745760256779,NORMAL
8237,0.9879624270110484,0.005915827228695014,0.006121745760256779,NORMAL
8238,0.9879624270110484,0.005915827228695014,0.006121745760256779,NORMAL
8239,0.9879624270110484,0.005915827228695014,0.006121745760256779,NORMAL
8240,0.9879624270110484,0.005915827228695014,0.006121745760256779,NORMAL
8241,0.9879624270110484,0.005915827228695014,0.006121745760256779,NORMAL
8242,0.9879624270110484,0.005915827228695014,0.006121745760256779,NORMAL
8243,0.9879624270110484,0.005915827228695014,0.006121745760256779,NORMAL
8244,0.9859791409469767,0.008500740869144683,0.005520118183878616,NORMAL
8245,0.9859791409469767,0.008500740869144683,0.005520118183878616,NORMAL
8246,0.9859791409469767,0.008500740869144683,0.005520118183878616,NORMAL
8247,0.9859791409469767,0.008500740869144683,0.005520118183878616,NORMAL
8248,0.9859791409469767,0.008500740869144683,0.005520118183878616,NORMAL
8249,0.9859791409469767,0.008500740869144683,0.005520118183878616,NORMAL
8250,0.9859791409469767,0.008500740869144683,0.005520118183878616,NORMAL
8251,0.9859791409469767,0.008500740869144683,0.005520118183878616,NORMAL
8252,0.9859791409469767,0.008500740869144683,0.005520118183878616,NORMAL
8253,0.9859791409469767,0.008500740869144683,0.005520118183878616,NORMAL
8254,0.9859791409469767,0.008500740869144683,0.005520118183878616,NORMAL
8255,0.9859791409469767,0.008500740869144683,0.005520118183878616,NORMAL
8256,0.9859791409469767,0.008500740869144683,0.005520118183878616,NORMAL
8257,0.9859791409469767,0.008500740869144683,0.005520118183878616,NORMAL
8258,0.9859791409469767,0.008500740869144683,0.005520118183878616,NORMAL
8259,0.9859791409469767,0.008500740869144683,0.005520118183878616,NORMAL
8260,0.9859791409469767,0.008500740869144683,0.005520118183878616,NORMAL
8261,0.9859791409469767,0.008500740869144683,0.005520118183878616,NORMAL
8262,0.9861457749806429,0.0072039971467352795,0.00665022787262171,NORMAL
8263,0.9861457749806429,0.0072039971467352795,0.00665022787262171,NORMAL
8264,0.9861457749806429,0.0072039971467352795,0.00665022787262171,NORMAL
8265,0.9861457749806429,0.0072039971467352795,0.00665022787262171,NORMAL
8266,0.9861457749806429,0.0072039971467352795,0.00665022787262171,NORMAL
8267,0.9861457749806429,0.0072039971467352795,0.00665022787262171,NORMAL
8268,0.9861457749806429,0.0072039971467352795,0.00665022787262171,NORMAL
8269,0.9861457749806429,0.0072039971467352795,0.00665022787262171,NORMAL
8270,0.9861457749806429,0.0072039971467352795,0.00665022787262171,NORMAL
8271,0.9861457749806429,0.0072039971467352795,0.00665022787262171,NORMAL
8272,0.9861457749806429,0.0072039971467352795,0.00665022787262171,NORMAL
8273,0.9861457749806429,0.0072039971467352795,0.00665022787262171,NORMAL
8274,0.9861457749806429,0.0072039971467352795,0.00665022787262171,NORMAL
8275,0.9861457749806429,0.0072039971467352795,0.00665022787262171,NORMAL
8276,0.9861457749806429,0.0072039971467352795,0.00665022787262171,NORMAL
8277,0.9861457749806429,0.0072039971467352795,0.00665022787262171,NORMAL
8278,0.9861457749806429,0.0072039971467352795,0.00665022787262171,NORMAL
8279,0.9861457749806429,0.0072039971467352795,0.00665022787262171,NORMAL
8280,0.9861457749806429,0.0072039971467352795,0.00665022787262171,NORMAL
8281,0.9861457749806429,0.0072039971467352795,0.00665022787262171,NORMAL
8282,0.9861457749806429,0.0072039971467352795,0.00665022787262171,NORMAL
8283,0.9861457749806429,0.0072039971467352795,0.00665022787262171,NORMAL
8284,0.9861457749806429,0.0072039971467352795,0.00665022787262171,NORMAL
8285,0.9861457749806429,0.0072039971467352795,0.00665022787262171,NORMAL
8286,0.9861457749806429,0.0072039971467352795,0.00665022787262171,NORMAL
8287,0.9861457749806429,0.0072039971467352795,0.00665022787262171,NORMAL
8288,0.9861457749806429,0.0072039971467352795,0.00665022787262171,NORMAL
8289,0.9861457749806429,0.0072039971467352795,0.00665022787262171,NORMAL
8290,0.9861457749806429,0.0072039971467352795,0.00665022787262171,NORMAL
8291,0.9861457749806429,0.0072039971467352795,0.00665022787262171,NORMAL
8292,0.9861457749806429,0.0072039971467352795,0.00665022787262171,NORMAL
8293,0.9861457749806429,0.0072039971467352795,0.00665022787262171,NORMAL
8294,0.9861457749806429,0.0072039971467352795,0.00665022787262171,NORMAL
8295,0.9861457749806429,0.0072039971467352795,0.00665022787262171,NORMAL
8296,0.9861457749806429,0.0072039971467352795,0.00665022787262171,NORMAL
8297,0.9861457749806429,0.0072039971467352795,0.00665022787262171,NORMAL
8298,0.9861457749806429,0.0072039971467352795,0.00665022787262171,NORMAL
8299,0.9861457749806429,0.0072039971467352795,0.00665022787262171,NORMAL
8300,0.9861457749806429,0.0072039971467352795,0.00665022787262171,NORMAL
8301,0.9861457749806429,0.0072039971467352795,0.00665022787262171,NORMAL
8302,0.9861457749806429,0.0072039971467352795,0.00665022787262171,NORMAL
8303,0.9861457749806429,0.0072039971467352795,0.00665022787262171,NORMAL
8304,0.9861457749806429,0.0072039971467352795,0.00665022787262171,NORMAL
8305,0.9861457749806429,0.0072039971467352795,0.00665022787262171,NORMAL
8306,0.9861457749806429,0.0072039971467352795,0.00665022787262171,NORMAL
8307,0.9861457749806429,0.0072039971467352795,0.00665022787262171,NORMAL
8308,0.9861457749806429,0.0072039971467352795,0.00665022787262171,NORMAL
8309,0.9861457749806429,0.0072039971467352795,0.00665022787262171,NORMAL
8310,0.9861457749806429,0.0072039971467352795,0.00665022787262171,NORMAL
8311,0.9861457749806429,0.0072039971467352795,0.00665022787262171,NORMAL
8312,0.9861457749806429,0.0072039971467352795,0.00665022787262171,NORMAL
8313,0.9861457749806429,0.0072039971467352795,0.00665022787262171,NORMAL
8314,0.9861457749806429,0.0072039971467352795,0.00665022787262171,NORMAL
8315,0.9861457749806429,0.0072039971467352795,0.00665022787262171,NORMAL
8316,0.9879624270110484,0.005915827228695014,0.006121745760256779,NORMAL
8317,0.9879624270110484,0.005915827228695014,0.006121745760256779,NORMAL
8318,0.9879624270110484,0.005915827228695014,0.006121745760256779,NORMAL
8319,0.9879624270110484,0.005915827228695014,0.006121745760256779,NORMAL
8320,0.9879624270110484,0.005915827228695014,0.006121745760256779,NORMAL
8321,0.9879624270110484,0.005915827228695014,0.006121745760256779,NORMAL
8322,0.9879624270110484,0.005915827228695014,0.006121745760256779,NORMAL
8323,0.9879624270110484,0.005915827228695014,0.006121745760256779,NORMAL
8324,0.9879624270110484,0.005915827228695014,0.006121745760256779,NORMAL
8325,0.9879624270110484,0.005915827228695014,0.006121745760256779,NORMAL
8326,0.9879624270110484,0.005915827228695014,0.006121745760256779,NORMAL
8327,0.9879624270110484,0.005915827228695014,0.006121745760256779,NORMAL
8328,0.9879624270110484,0.005915827228695014,0.006121745760256779,NORMAL
8329,0.9879624270110484,0.005915827228695014,0.006121745760256779,NORMAL
8330,0.9879624270110484,0.005915827228695014,0.006121745760256779,NORMAL
8331,0.9879624270110484,0.005915827228695014,0.006121745760256779,NORMAL
8332,0.9879624270110484,0.005915827228695014,0.006121745760256779,NORMAL
8333,0.9879624270110484,0.005915827228695014,0.006121745760256779,NORMAL
8334,0.9879624270110484,0.005915827228695014,0.006121745760256779,NORMAL
8335,0.9879624270110484,0.005915827228695014,0.006121745760256779,NORMAL
8336,0.9879624270110484,0.005915827228695014,0.006121745760256779,NORMAL
8337,0.9879624270110484,0.005915827228695014,0.006121745760256779,NORMAL
8338,0.9879624270110484,0.005915827228695014,0.006121745760256779,NORMAL
8339,0.9879624270110484,0.005915827228695014,0.006121745760256779,NORMAL
8340,0.9879624270110484,0.005915827228695014,0.006121745760256779,NORMAL
8341,0.9879624270110484,0.005915827228695014,0.006121745760256779,NORMAL
8342,0.9879624270110484,0.005915827228695014,0.006121745760256779,NORMAL
8343,0.9879624270110484,0.005915827228695014,0.006121745760256779,NORMAL
8344,0.9879624270110484,0.005915827228695014,0.006121745760256779,NORMAL
8345,0.9879624270110484,0.005915827228695014,0.006121745760256779,NORMAL
8346,0.9879624270110484,0.005915827228695014,0.006121745760256779,NORMAL
8347,0.9879624270110484,0.005915827228695014,0.006121745760256779,NORMAL
8348,0.9879624270110484,0.005915827228695014,0.006121745760256779,NORMAL
8349,0.9879624270110484,0.005915827228695014,0.006121745760256779,NORMAL
8350,0.9879624270110484,0.005915827228695014,0.006121745760256779,NORMAL
8351,0.9879624270110484,0.005915827228695014,0.006121745760256779,NORMAL
8352,0.9879624270110484,0.005915827228695014,0.006121745760256779,NORMAL
8353,0.9879624270110484,0.005915827228695014,0.006121745760256779,NORMAL
8354,0.9879624270110484,0.005915827228695014,0.006121745760256779,NORMAL
8355,0.9879624270110484,0.005915827228695014,0.006121745760256779,NORMAL
8356,0.9879624270110484,0.005915827228695014,0.006121745760256779,NORMAL
8357,0.9879624270110484,0.005915827228695014,0.006121745760256779,NORMAL
8358,0.9879624270110484,0.005915827228695014,0.006121745760256779,NORMAL
8359,0.9879624270110484,0.005915827228695014,0.006121745760256779,NORMAL
8360,0.9879624270110484,0.005915827228695014,0.006121745760256779,NORMAL
8361,0.9879624270110484,0.005915827228695014,0.006121745760256779,NORMAL
8362,0.9879624270110484,0.005915827228695014,0.006121745760256779,NORMAL
8363,0.9879624270110484,0.005915827228695014,0.006121745760256779,NORMAL
8364,0.9879624270110484,0.005915827228695014,0.006121745760256779,NORMAL
8365,0.9879624270110484,0.005915827228695014,0.006121745760256779,NORMAL
8366,0.9879624270110484,0.005915827228695014,0.006121745760256779,NORMAL
8367,0.9879624270110484,0.005915827228695014,0.006121745760256779,NORMAL
8368,0.9879624270110484,0.005915827228695014,0.006121745760256779,NORMAL
8369,0.9879624270110484,0.005915827228695014,0.006121745760256779,NORMAL
8370,0.9861457749806429,0.0072039971467352795,0.00665022787262171,NORMAL
8371,0.9861457749806429,0.0072039971467352795,0.00665022787262171,NORMAL
8372,0.9861457749806429,0.0072039971467352795,0.00665022787262171,NORMAL
8373,0.986090213230182,0.007259405641698218,0.0066503811281199005,NORMAL
8374,0.9861457749806429,0.0072039971467352795,0.00665022787262171,NORMAL
8375,0.9861457749806429,0.0072039971467352795,0.00665022787262171,NORMAL
8376,0.9861457749806429,0.0072039971467352795,0.00665022787262171,NORMAL
8377,0.9861457749806429,0.0072039971467352795,0.00665022787262171,NORMAL
8378,0.9861457749806429,0.0072039971467352795,0.00665022787262171,NORMAL
8379,0.9861457749806429,0.0072039971467352795,0.00665022787262171,NORMAL
8380,0.9861457749806429,0.0072039971467352795,0.00665022787262171,NORMAL
8381,0.9861457749806429,0.0072039971467352795,0.00665022787262171,NORMAL
8382,0.9861457749806429,0.0072039971467352795,0.00665022787262171,NORMAL
8383,0.9861457749806429,0.0072039971467352795,0.00665022787262171,NORMAL
8384,0.9861457749806429,0.0072039971467352795,0.00665022787262171,NORMAL
8385,0.9861457749806429,0.0072039971467352795,0.00665022787262171,NORMAL
8386,0.9861457749806429,0.0072039971467352795,0.00665022787262171,NORMAL
8387,0.9861457749806429,0.0072039971467352795,0.00665022787262171,NORMAL
8388,0.9879624270110484,0.005915827228695014,0.006121745760256779,NORMAL
8389,0.9879624270110484,0.005915827228695014,0.006121745760256779,NORMAL
8390,0.9879624270110484,0.005915827228695014,0.006121745760256779,NORMAL
8391,0.9879624270110484,0.005915827228695014,0.006121745760256779,NORMAL
8392,0.9879624270110484,0.005915827228695014,0.006121745760256779,NORMAL
8393,0.9879624270110484,0.005915827228695014,0.006121745760256779,NORMAL
8394,0.9879624270110484,0.005915827228695014,0.006121745760256779,NORMAL
8395,0.9879624270110484,0.005915827228695014,0.006121745760256779,NORMAL
8396,0.9879624270110484,0.005915827228695014,0.006121745760256779,NORMAL
8397,0.9879624270110484,0.005915827228695014,0.006121745760256779,NORMAL
8398,0.9879624270110484,0.005915827228695014,0.006121745760256779,NORMAL
8399,0.9879624270110484,0.005915827228695014,0.006121745760256779,NORMAL
8400,0.9879624270110484,0.005915827228695014,0.006121745760256779,NORMAL
8401,0.9879624270110484,0.005915827228695014,0.006121745760256779,NORMAL
8402,0.9879624270110484,0.005915827228695014,0.006121745760256779,NORMAL
8403,0.9879624270110484,0.005915827228695014,0.006121745760256779,NORMAL
8404,0.9879624270110484,0.005915827228695014,0.006121745760256779,NORMAL
8405,0.9879624270110484,0.005915827228695014,0.006121745760256779,NORMAL
8406,0.9861457749806429,0.0072039971467352795,0.00665022787262171,NORMAL
8407,0.9861457749806429,0.0072039971467352795,0.00665022787262171,NORMAL
8408,0.9861457749806429,0.0072039971467352795,0.00665022787262171,NORMAL
8409,0.9861457749806429,0.0072039971467352795,0.00665022787262171,NORMAL
8410,0.9861457749806429,0.0072039971467352795,0.00665022787262171,NORMAL
8411,0.9861457749806429,0.0072039971467352795,0.00665022787262171,NORMAL
8412,0.9861457749806429,0.0072039971467352795,0.00665022787262171,NORMAL
8413,0.9861457749806429,0.0072039971467352795,0.00665022787262171,NORMAL
8414,0.9861457749806429,0.0072039971467352795,0.00665022787262171,NORMAL
8415,0.9861457749806429,0.0072039971467352795,0.00665022787262171,NORMAL
8416,0.9861457749806429,0.0072039971467352795,0.00665022787262171,NORMAL
8417,0.9861457749806429,0.0072039971467352795,0.00665022787262171,NORMAL
8418,0.9861457749806429,0.0072039971467352795,0.00665022787262171,NORMAL
8419,0.9861457749806429,0.0072039971467352795,0.00665022787262171,NORMAL
8420,0.9861457749806429,0.0072039971467352795,0.00665022787262171,NORMAL
8421,0.9861457749806429,0.0072039971467352795,0.00665022787262171,NORMAL
8422,0.9861457749806429,0.0072039971467352795,0.00665022787262171,NORMAL
8423,0.9861457749806429,0.0072039971467352795,0.00665022787262171,NORMAL
8424,0.9859791409469767,0.008500740869144683,0.005520118183878616,NORMAL
8425,0.9859791409469767,0.008500740869144683,0.005520118183878616,NORMAL
8426,0.9859791409469767,0.008500740869144683,0.005520118183878616,NORMAL
8427,0.9859791409469767,0.008500740869144683,0.005520118183878616,NORMAL
8428,0.9859791409469767,0.008500740869144683,0.005520118183878616,NORMAL
8429,0.9859791409469767,0.008500740869144683,0.005520118183878616,NORMAL
8430,0.9859791409469767,0.008500740869144683,0.005520118183878616,NORMAL
8431,0.9859791409469767,0.008500740869144683,0.005520118183878616,NORMAL
8432,0.9859791409469767,0.008500740869144683,0.005520118183878616,NORMAL
8433,0.9859791409469767,0.008500740869144683,0.005520118183878616,NORMAL
8434,0.9859791409469767,0.008500740869144683,0.005520118183878616,NORMAL
8435,0.9859791409469767,0.008500740869144683,0.005520118183878616,NORMAL
8436,0.9859791409469767,0.008500740869144683,0.005520118183878616,NORMAL
8437,0.9859791409469767,0.008500740869144683,0.005520118183878616,NORMAL
8438,0.9859791409469767,0.008500740869144683,0.005520118183878616,NORMAL
8439,0.9859791409469767,0.008500740869144683,0.005520118183878616,NORMAL
8440,0.9859791409469767,0.008500740869144683,0.005520118183878616,NORMAL
8441,0.9859791409469767,0.008500740869144683,0.005520118183878616,NORMAL
8442,0.9861457749806429,0.0072039971467352795,0.00665022787262171,NORMAL
8443,0.9861457749806429,0.0072039971467352795,0.00665022787262171,NORMAL
8444,0.9861457749806429,0.0072039971467352795,0.00665022787262171,NORMAL
8445,0.9861457749806429,0.0072039971467352795,0.00665022787262171,NORMAL
8446,0.9861457749806429,0.0072039971467352795,0.00665022787262171,NORMAL
8447,0.9861457749806429,0.0072039971467352795,0.00665022787262171,NORMAL
8448,0.9861457749806429,0.0072039971467352795,0.00665022787262171,NORMAL
8449,0.9861457749806429,0.0072039971467352795,0.00665022787262171,NORMAL
8450,0.9861457749806429,0.0072039971467352795,0.00665022787262171,NORMAL
8451,0.9861457749806429,0.0072039971467352795,0.00665022787262171,NORMAL
8452,0.9861457749806429,0.0072039971467352795,0.00665022787262171,NORMAL
8453,0.9861457749806429,0.0072039971467352795,0.00665022787262171,NORMAL
8454,0.9861457749806429,0.0072039971467352795,0.00665022787262171,NORMAL
8455,0.9861457749806429,0.0072039971467352795,0.00665022787262171,NORMAL
8456,0.9861457749806429,0.0072039971467352795,0.00665022787262171,NORMAL
8457,0.9861457749806429,0.0072039971467352795,0.00665022787262171,NORMAL
8458,0.9861457749806429,0.0072039971467352795,0.00665022787262171,NORMAL
8459,0.9861457749806429,0.0072039971467352795,0.00665022787262171,NORMAL
8460,0.9879624270110484,0.005915827228695014,0.006121745760256779,NORMAL
8461,0.9879624270110484,0.005915827228695014,0.006121745760256779,NORMAL
8462,0.9879624270110484,0.005915827228695014,0.006121745760256779,NORMAL
8463,0.9879624270110484,0.005915827228695014,0.006121745760256779,NORMAL
8464,0.9879624270110484,0.005915827228695014,0.006121745760256779,NORMAL
8465,0.9879624270110484,0.005915827228695014,0.006121745760256779,NORMAL
8466,0.9879624270110484,0.005915827228695014,0.006121745760256779,NORMAL
8467,0.9879624270110484,0.005915827228695014,0.006121745760256779,NORMAL
8468,0.9879624270110484,0.005915827228695014,0.006121745760256779,NORMAL
8469,0.9879624270110484,0.005915827228695014,0.006121745760256779,NORMAL
8470,0.9879624270110484,0.005915827228695014,0.006121745760256779,NORMAL
8471,0.9879624270110484,0.005915827228695014,0.006121745760256779,NORMAL
8472,0.9879624270110484,0.005915827228695014,0.006121745760256779,NORMAL
8473,0.9879624270110484,0.005915827228695014,0.006121745760256779,NORMAL
8474,0.9879624270110484,0.005915827228695014,0.006121745760256779,NORMAL
8475,0.9879624270110484,0.005915827228695014,0.006121745760256779,NORMAL
8476,0.9879624270110484,0.005915827228695014,0.006121745760256779,NORMAL
8477,0.9879624270110484,0.005915827228695014,0.006121745760256779,NORMAL
8478,0.9861457749806429,0.0072039971467352795,0.00665022787262171,NORMAL
8479,0.9861457749806429,0.0072039971467352795,0.00665022787262171,NORMAL
8480,0.9861457749806429,0.0072039971467352795,0.00665022787262171,NORMAL
8481,0.9861457749806429,0.0072039971467352795,0.00665022787262171,NORMAL
8482,0.9861457749806429,0.0072039971467352795,0.00665022787262171,NORMAL
8483,0.9861457749806429,0.0072039971467352795,0.00665022787262171,NORMAL
8484,0.9861457749806429,0.0072039971467352795,0.00665022787262171,NORMAL
8485,0.9861457749806429,0.0072039971467352795,0.00665022787262171,NORMAL
8486,0.9861457749806429,0.0072039971467352795,0.00665022787262171,NORMAL
8487,0.9861457749806429,0.0072039971467352795,0.00665022787262171,NORMAL
8488,0.9861457749806429,0.0072039971467352795,0.00665022787262171,NORMAL
8489,0.9861457749806429,0.0072039971467352795,0.00665022787262171,NORMAL
8490,0.9861457749806429,0.0072039971467352795,0.00665022787262171,NORMAL
8491,0.9861457749806429,0.0072039971467352795,0.00665022787262171,NORMAL
8492,0.9861457749806429,0.0072039971467352795,0.00665022787262171,NORMAL
8493,0.9861457749806429,0.0072039971467352795,0.00665022787262171,NORMAL
8494,0.9861457749806429,0.0072039971467352795,0.00665022787262171,NORMAL
8495,0.9861457749806429,0.0072039971467352795,0.00665022787262171,NORMAL
8496,0.9861457749806429,0.0072039971467352795,0.00665022787262171,NORMAL
8497,0.9861457749806429,0.0072039971467352795,0.00665022787262171,NORMAL
8498,0.9861457749806429,0.0072039971467352795,0.00665022787262171,NORMAL
8499,0.9861457749806429,0.0072039971467352795,0.00665022787262171,NORMAL
8500,0.9861457749806429,0.0072039971467352795,0.00665022787262171,NORMAL
8501,0.9861457749806429,0.0072039971467352795,0.00665022787262171,NORMAL
8502,0.9861457749806429,0.0072039971467352795,0.00665022787262171,NORMAL
8503,0.9861457749806429,0.0072039971467352795,0.00665022787262171,NORMAL
8504,0.9861457749806429,0.0072039971467352795,0.00665022787262171,NORMAL
8505,0.9861457749806429,0.0072039971467352795,0.00665022787262171,NORMAL
8506,0.9861457749806429,0.0072039971467352795,0.00665022787262171,NORMAL
8507,0.9861457749806429,0.0072039971467352795,0.00665022787262171,NORMAL
8508,0.9861457749806429,0.0072039971467352795,0.00665022787262171,NORMAL
8509,0.9861457749806429,0.0072039971467352795,0.00665022787262171,NORMAL
8510,0.9861457749806429,0.0072039971467352795,0.00665022787262171,NORMAL
8511,0.9861457749806429,0.0072039971467352795,0.00665022787262171,NORMAL
8512,0.9861457749806429,0.0072039971467352795,0.00665022787262171,NORMAL
8513,0.9861332775587119,0.007216460151982166,0.006650262289305764,NORMAL
8514,0.9861457749806429,0.0072039971467352795,0.00665022787262171,NORMAL
8515,0.9861457749806429,0.0072039971467352795,0.00665022787262171,NORMAL
8516,0.9861457749806429,0.0072039971467352795,0.00665022787262171,NORMAL
8517,0.986090213230182,0.007259405641698218,0.0066503811281199005,NORMAL
8518,0.9861457749806429,0.0072039971467352795,0.00665022787262171,NORMAL
8519,0.9861457749806429,0.0072039971467352795,0.00665022787262171,NORMAL
8520,0.9861457749806429,0.0072039971467352795,0.00665022787262171,NORMAL
8521,0.9861457749806429,0.0072039971467352795,0.00665022787262171,NORMAL
8522,0.9861457749806429,0.0072039971467352795,0.00665022787262171,NORMAL
8523,0.9861457749806429,0.0072039971467352795,0.00665022787262171,NORMAL
8524,0.9861457749806429,0.0072039971467352795,0.00665022787262171,NORMAL
8525,0.9861457749806429,0.0072039971467352795,0.00665022787262171,NORMAL
8526,0.9861457749806429,0.0072039971467352795,0.00665022787262171,NORMAL
8527,0.9861457749806429,0.0072039971467352795,0.00665022787262171,NORMAL
8528,0.9861457749806429,0.0072039971467352795,0.00665022787262171,NORMAL
8529,0.9861457749806429,0.0072039971467352795,0.00665022787262171,NORMAL
8530,0.9861457749806429,0.0072039971467352795,0.00665022787262171,NORMAL
8531,0.9861457749806429,0.0072039971467352795,0.00665022787262171,NORMAL
8532,0.9861457749806429,0.0072039971467352795,0.00665022787262171,NORMAL
8533,0.9861457749806429,0.0072039971467352795,0.00665022787262171,NORMAL
8534,0.9861457749806429,0.0072039971467352795,0.00665022787262171,NORMAL
8535,0.9861457749806429,0.0072039971467352795,0.00665022787262171,NORMAL
8536,0.9861457749806429,0.0072039971467352795,0.00665022787262171,NORMAL
8537,0.9861457749806429,0.0072039971467352795,0.00665022787262171,NORMAL
8538,0.9861457749806429,0.0072039971467352795,0.00665022787262171,NORMAL
8539,0.9861457749806429,0.0072039971467352795,0.00665022787262171,NORMAL
8540,0.9861457749806429,0.0072039971467352795,0.00665022787262171,NORMAL
8541,0.9861457749806429,0.0072039971467352795,0.00665022787262171,NORMAL
8542,0.9861457749806429,0.0072039971467352795,0.00665022787262171,NORMAL
8543,0.9861457749806429,0.0072039971467352795,0.00665022787262171,NORMAL
8544,0.9861457749806429,0.0072039971467352795,0.00665022787262171,NORMAL
8545,0.9861457749806429,0.0072039971467352795,0.00665022787262171,NORMAL
8546,0.9861457749806429,0.0072039971467352795,0.00665022787262171,NORMAL
8547,0.9861457749806429,0.0072039971467352795,0.00665022787262171,NORMAL
8548,0.9861457749806429,0.0072039971467352795,0.00665022787262171,NORMAL
8549,0.9861457749806429,0.0072039971467352795,0.00665022787262171,NORMAL
8550,0.9861457749806429,0.0072039971467352795,0.00665022787262171,NORMAL
8551,0.9861457749806429,0.0072039971467352795,0.00665022787262171,NORMAL
8552,0.9861457749806429,0.0072039971467352795,0.00665022787262171,NORMAL
8553,0.9861457749806429,0.0072039971467352795,0.00665022787262171,NORMAL
8554,0.9861457749806429,0.0072039971467352795,0.00665022787262171,NORMAL
8555,0.9861457749806429,0.0072039971467352795,0.00665022787262171,NORMAL
8556,0.9861457749806429,0.0072039971467352795,0.00665022787262171,NORMAL
8557,0.9861457749806429,0.0072039971467352795,0.00665022787262171,NORMAL
8558,0.9861457749806429,0.0072039971467352795,0.00665022787262171,NORMAL
8559,0.9861457749806429,0.0072039971467352795,0.00665022787262171,NORMAL
8560,0.9861457749806429,0.0072039971467352795,0.00665022787262171,NORMAL
8561,0.9861457749806429,0.0072039971467352795,0.00665022787262171,NORMAL
8562,0.9861457749806429,0.0072039971467352795,0.00665022787262171,NORMAL
8563,0.9861457749806429,0.0072039971467352795,0.00665022787262171,NORMAL
8564,0.9861457749806429,0.0072039971467352795,0.00665022787262171,NORMAL
8565,0.9861457749806429,0.0072039971467352795,0.00665022787262171,NORMAL
8566,0.9861457749806429,0.0072039971467352795,0.00665022787262171,NORMAL
8567,0.9861457749806429,0.0072039971467352795,0.00665022787262171,NORMAL
8568,0.9879624270110484,0.005915827228695014,0.006121745760256779,NORMAL
8569,0.9879624270110484,0.005915827228695014,0.006121745760256779,NORMAL
8570,0.9879624270110484,0.005915827228695014,0.006121745760256779,NORMAL
8571,0.9879624270110484,0.005915827228695014,0.006121745760256779,NORMAL
8572,0.9879624270110484,0.005915827228695014,0.006121745760256779,NORMAL
8573,0.9879624270110484,0.005915827228695014,0.006121745760256779,NORMAL
8574,0.9879624270110484,0.005915827228695014,0.006121745760256779,NORMAL
8575,0.9879624270110484,0.005915827228695014,0.006121745760256779,NORMAL
8576,0.9879624270110484,0.005915827228695014,0.006121745760256779,NORMAL
8577,0.9879624270110484,0.005915827228695014,0.006121745760256779,NORMAL
8578,0.9879624270110484,0.005915827228695014,0.006121745760256779,NORMAL
8579,0.9879624270110484,0.005915827228695014,0.006121745760256779,NORMAL
8580,0.9879624270110484,0.005915827228695014,0.006121745760256779,NORMAL
8581,0.9879624270110484,0.005915827228695014,0.006121745760256779,NORMAL
8582,0.9879624270110484,0.005915827228695014,0.006121745760256779,NORMAL
8583,0.9879624270110484,0.005915827228695014,0.006121745760256779,NORMAL
8584,0.9879624270110484,0.005915827228695014,0.006121745760256779,NORMAL
8585,0.9879624270110484,0.005915827228695014,0.006121745760256779,NORMAL
8586,0.9861457749806429,0.0072039971467352795,0.00665022787262171,NORMAL
8587,0.9861457749806429,0.0072039971467352795,0.00665022787262171,NORMAL
8588,0.9861457749806429,0.0072039971467352795,0.00665022787262171,NORMAL
8589,0.9861457749806429,0.0072039971467352795,0.00665022787262171,NORMAL
8590,0.9861457749806429,0.0072039971467352795,0.00665022787262171,NORMAL
8591,0.9861457749806429,0.0072039971467352795,0.00665022787262171,NORMAL
8592,0.9861457749806429,0.0072039971467352795,0.00665022787262171,NORMAL
8593,0.9861457749806429,0.0072039971467352795,0.00665022787262171,NORMAL
8594,0.9861457749806429,0.0072039971467352795,0.00665022787262171,NORMAL
8595,0.9861457749806429,0.0072039971467352795,0.00665022787262171,NORMAL
8596,0.9861457749806429,0.0072039971467352795,0.00665022787262171,NORMAL
8597,0.9861457749806429,0.0072039971467352795,0.00665022787262171,NORMAL
8598,0.9861457749806429,0.0072039971467352795,0.00665022787262171,NORMAL
8599,0.9861457749806429,0.0072039971467352795,0.00665022787262171,NORMAL
8600,0.9861457749806429,0.0072039971467352795,0.00665022787262171,NORMAL
8601,0.9861457749806429,0.0072039971467352795,0.00665022787262171,NORMAL
8602,0.9861457749806429,0.0072039971467352795,0.00665022787262171,NORMAL
8603,0.9861457749806429,0.0072039971467352795,0.00665022787262171,NORMAL
8604,0.9879624270110484,0.005915827228695014,0.006121745760256779,NORMAL
8605,0.9879624270110484,0.005915827228695014,0.006121745760256779,NORMAL
8606,0.9879624270110484,0.005915827228695014,0.006121745760256779,NORMAL
8607,0.9879624270110484,0.005915827228695014,0.006121745760256779,NORMAL
8608,0.9879624270110484,0.005915827228695014,0.006121745760256779,NORMAL
8609,0.9879624270110484,0.005915827228695014,0.006121745760256779,NORMAL
8610,0.9879624270110484,0.005915827228695014,0.006121745760256779,NORMAL
8611,0.9879624270110484,0.005915827228695014,0.006121745760256779,NORMAL
8612,0.9879624270110484,0.005915827228695014,0.006121745760256779,NORMAL
8613,0.9879624270110484,0.005915827228695014,0.006121745760256779,NORMAL
8614,0.9879624270110484,0.005915827228695014,0.006121745760256779,NORMAL
8615,0.9879624270110484,0.005915827228695014,0.006121745760256779,NORMAL
8616,0.9879624270110484,0.005915827228695014,0.006121745760256779,NORMAL
8617,0.9879624270110484,0.005915827228695014,0.006121745760256779,NORMAL
8618,0.9879624270110484,0.005915827228695014,0.006121745760256779,NORMAL
8619,0.9879624270110484,0.005915827228695014,0.006121745760256779,NORMAL
8620,0.9879624270110484,0.005915827228695014,0.006121745760256779,NORMAL
8621,0.9879624270110484,0.005915827228695014,0.006121745760256779,NORMAL
8622,0.9879624270110484,0.005915827228695014,0.006121745760256779,NORMAL
8623,0.9879624270110484,0.005915827228695014,0.006121745760256779,NORMAL
8624,0.9879624270110484,0.005915827228695014,0.006121745760256779,NORMAL
8625,0.9879624270110484,0.005915827228695014,0.006121745760256779,NORMAL
8626,0.9879624270110484,0.005915827228695014,0.006121745760256779,NORMAL
8627,0.9879624270110484,0.005915827228695014,0.006121745760256779,NORMAL
8628,0.9879624270110484,0.005915827228695014,0.006121745760256779,NORMAL
8629,0.9879624270110484,0.005915827228695014,0.006121745760256779,NORMAL
8630,0.9879624270110484,0.005915827228695014,0.006121745760256779,NORMAL
8631,0.9879624270110484,0.005915827228695014,0.006121745760256779,NORMAL
8632,0.9879624270110484,0.005915827228695014,0.006121745760256779,NORMAL
8633,0.9879624270110484,0.005915827228695014,0.006121745760256779,NORMAL
8634,0.9879624270110484,0.005915827228695014,0.006121745760256779,NORMAL
8635,0.9879624270110484,0.005915827228695014,0.006121745760256779,NORMAL
8636,0.9879624270110484,0.005915827228695014,0.006121745760256779,NORMAL
8637,0.9879624270110484,0.005915827228695014,0.006121745760256779,NORMAL
8638,0.9879624270110484,0.005915827228695014,0.006121745760256779,NORMAL
8639,0.9879624270110484,0.005915827228695014,0.006121745760256779,NORMAL
8640,0.9879624270110484,0.005915827228695014,0.006121745760256779,NORMAL
8641,0.9879624270110484,0.005915827228695014,0.006121745760256779,NORMAL
8642,0.9879624270110484,0.005915827228695014,0.006121745760256779,NORMAL
8643,0.9879624270110484,0.005915827228695014,0.006121745760256779,NORMAL
8644,0.9879624270110484,0.005915827228695014,0.006121745760256779,NORMAL
8645,0.9879624270110484,0.005915827228695014,0.006121745760256779,NORMAL
8646,0.9879624270110484,0.005915827228695014,0.006121745760256779,NORMAL
8647,0.9879624270110484,0.005915827228695014,0.006121745760256779,NORMAL
8648,0.9879624270110484,0.005915827228695014,0.006121745760256779,NORMAL
8649,0.9879624270110484,0.005915827228695014,0.006121745760256779,NORMAL
8650,0.9879624270110484,0.005915827228695014,0.006121745760256779,NORMAL
8651,0.9879624270110484,0.005915827228695014,0.006121745760256779,NORMAL
8652,0.9879624270110484,0.005915827228695014,0.006121745760256779,NORMAL
8653,0.9879624270110484,0.005915827228695014,0.006121745760256779,NORMAL
8654,0.9879624270110484,0.005915827228695014,0.006121745760256779,NORMAL
8655,0.9879624270110484,0.005915827228695014,0.006121745760256779,NORMAL
8656,0.9879624270110484,0.005915827228695014,0.006121745760256779,NORMAL
8657,0.9879624270110484,0.005915827228695014,0.006121745760256779,NORMAL
8658,0.9859791409469767,0.008500740869144683,0.005520118183878616,NORMAL
8659,0.9859791409469767,0.008500740869144683,0.005520118183878616,NORMAL
8660,0.9859791409469767,0.008500740869144683,0.005520118183878616,NORMAL
8661,0.9859791409469767,0.008500740869144683,0.005520118183878616,NORMAL
8662,0.9859791409469767,0.008500740869144683,0.005520118183878616,NORMAL
8663,0.9859791409469767,0.008500740869144683,0.005520118183878616,NORMAL
8664,0.9859791409469767,0.008500740869144683,0.005520118183878616,NORMAL
8665,0.9859791409469767,0.008500740869144683,0.005520118183878616,NORMAL
8666,0.9859791409469767,0.008500740869144683,0.005520118183878616,NORMAL
8667,0.9859791409469767,0.008500740869144683,0.005520118183878616,NORMAL
8668,0.9859791409469767,0.008500740869144683,0.005520118183878616,NORMAL
8669,0.9859791409469767,0.008500740869144683,0.005520118183878616,NORMAL
8670,0.9859791409469767,0.008500740869144683,0.005520118183878616,NORMAL
8671,0.9859791409469767,0.008500740869144683,0.005520118183878616,NORMAL
8672,0.9859791409469767,0.008500740869144683,0.005520118183878616,NORMAL
8673,0.9859791409469767,0.008500740869144683,0.005520118183878616,NORMAL
8674,0.9859791409469767,0.008500740869144683,0.005520118183878616,NORMAL
8675,0.9859791409469767,0.008500740869144683,0.005520118183878616,NORMAL
8676,0.9861457749806429,0.0072039971467352795,0.00665022787262171,NORMAL
8677,0.9861457749806429,0.0072039971467352795,0.00665022787262171,NORMAL
8678,0.9861457749806429,0.0072039971467352795,0.00665022787262171,NORMAL
8679,0.9861457749806429,0.0072039971467352795,0.00665022787262171,NORMAL
8680,0.9861457749806429,0.0072039971467352795,0.00665022787262171,NORMAL
8681,0.9861457749806429,0.0072039971467352795,0.00665022787262171,NORMAL
8682,0.9861457749806429,0.0072039971467352795,0.00665022787262171,NORMAL
8683,0.9861457749806429,0.0072039971467352795,0.00665022787262171,NORMAL
8684,0.9861457749806429,0.0072039971467352795,0.00665022787262171,NORMAL
8685,0.9861457749806429,0.0072039971467352795,0.00665022787262171,NORMAL
8686,0.9861457749806429,0.0072039971467352795,0.00665022787262171,NORMAL
8687,0.9861457749806429,0.0072039971467352795,0.00665022787262171,NORMAL
8688,0.9861457749806429,0.0072039971467352795,0.00665022787262171,NORMAL
8689,0.9861457749806429,0.0072039971467352795,0.00665022787262171,NORMAL
8690,0.9861457749806429,0.0072039971467352795,0.00665022787262171,NORMAL
8691,0.9861457749806429,0.0072039971467352795,0.00665022787262171,NORMAL
8692,0.9861457749806429,0.0072039971467352795,0.00665022787262171,NORMAL
8693,0.9861457749806429,0.0072039971467352795,0.00665022787262171,NORMAL
8694,0.9861457749806429,0.0072039971467352795,0.00665022787262171,NORMAL
8695,0.9861457749806429,0.0072039971467352795,0.00665022787262171,NORMAL
8696,0.9861457749806429,0.0072039971467352795,0.00665022787262171,NORMAL
8697,0.9861457749806429,0.0072039971467352795,0.00665022787262171,NORMAL
8698,0.9861457749806429,0.0072039971467352795,0.00665022787262171,NORMAL
8699,0.9861457749806429,0.0072039971467352795,0.00665022787262171,NORMAL
8700,0.9861457749806429,0.0072039971467352795,0.00665022787262171,NORMAL
8701,0.9861457749806429,0.0072039971467352795,0.00665022787262171,NORMAL
8702,0.9861457749806429,0.0072039971467352795,0.00665022787262171,NORMAL
8703,0.9861457749806429,0.0072039971467352795,0.00665022787262171,NORMAL
8704,0.9861457749806429,0.0072039971467352795,0.00665022787262171,NORMAL
8705,0.9861457749806429,0.0072039971467352795,0.00665022787262171,NORMAL
8706,0.9861457749806429,0.0072039971467352795,0.00665022787262171,NORMAL
8707,0.9861457749806429,0.0072039971467352795,0.00665022787262171,NORMAL
8708,0.9861457749806429,0.0072039971467352795,0.00665022787262171,NORMAL
8709,0.9861457749806429,0.0072039971467352795,0.00665022787262171,NORMAL
8710,0.9861457749806429,0.0072039971467352795,0.00665022787262171,NORMAL
8711,0.9861457749806429,0.0072039971467352795,0.00665022787262171,NORMAL
8712,0.9859791409469767,0.008500740869144683,0.005520118183878616,NORMAL
8713,0.9859791409469767,0.008500740869144683,0.005520118183878616,NORMAL
8714,0.9859791409469767,0.008500740869144683,0.005520118183878616,NORMAL
8715,0.9859791409469767,0.008500740869144683,0.005520118183878616,NORMAL
8716,0.9859791409469767,0.008500740869144683,0.005520118183878616,NORMAL
8717,0.9859791409469767,0.008500740869144683,0.005520118183878616,NORMAL
8718,0.9859791409469767,0.008500740869144683,0.005520118183878616,NORMAL
8719,0.9859791409469767,0.008500740869144683,0.005520118183878616,NORMAL
8720,0.9859791409469767,0.008500740869144683,0.005520118183878616,NORMAL
8721,0.9859791409469767,0.008500740869144683,0.005520118183878616,NORMAL
8722,0.9859791409469767,0.008500740869144683,0.005520118183878616,NORMAL
8723,0.9859791409469767,0.008500740869144683,0.005520118183878616,NORMAL
8724,0.9859791409469767,0.008500740869144683,0.005520118183878616,NORMAL
8725,0.9859791409469767,0.008500740869144683,0.005520118183878616,NORMAL
8726,0.9859791409469767,0.008500740869144683,0.005520118183878616,NORMAL
8727,0.9859791409469767,0.008500740869144683,0.005520118183878616,NORMAL
8728,0.9859791409469767,0.008500740869144683,0.005520118183878616,NORMAL
8729,0.9859791409469767,0.008500740869144683,0.005520118183878616,NORMAL
8730,0.9861457749806429,0.0072039971467352795,0.00665022787262171,NORMAL
8731,0.9861457749806429,0.0072039971467352795,0.00665022787262171,NORMAL
8732,0.9861457749806429,0.0072039971467352795,0.00665022787262171,NORMAL
8733,0.9861457749806429,0.0072039971467352795,0.00665022787262171,NORMAL
8734,0.9861457749806429,0.0072039971467352795,0.00665022787262171,NORMAL
8735,0.9861457749806429,0.0072039971467352795,0.00665022787262171,NORMAL
8736,0.9861457749806429,0.0072039971467352795,0.00665022787262171,NORMAL
8737,0.9861457749806429,0.0072039971467352795,0.00665022787262171,NORMAL
8738,0.9861457749806429,0.0072039971467352795,0.00665022787262171,NORMAL
8739,0.9861457749806429,0.0072039971467352795,0.00665022787262171,NORMAL
8740,0.9861457749806429,0.0072039971467352795,0.00665022787262171,NORMAL
8741,0.9861457749806429,0.0072039971467352795,0.00665022787262171,NORMAL
8742,0.9861457749806429,0.0072039971467352795,0.00665022787262171,NORMAL
8743,0.9861457749806429,0.0072039971467352795,0.00665022787262171,NORMAL
8744,0.9861457749806429,0.0072039971467352795,0.00665022787262171,NORMAL
8745,0.9861457749806429,0.0072039971467352795,0.00665022787262171,NORMAL
8746,0.9861457749806429,0.0072039971467352795,0.00665022787262171,NORMAL
8747,0.9861457749806429,0.0072039971467352795,0.00665022787262171,NORMAL
8748,0.9861457749806429,0.0072039971467352795,0.00665022787262171,NORMAL
8749,0.9861457749806429,0.0072039971467352795,0.00665022787262171,NORMAL
8750,0.9861457749806429,0.0072039971467352795,0.00665022787262171,NORMAL
8751,0.9861457749806429,0.0072039971467352795,0.00665022787262171,NORMAL
8752,0.9861457749806429,0.0072039971467352795,0.00665022787262171,NORMAL
8753,0.9861457749806429,0.0072039971467352795,0.00665022787262171,NORMAL
8754,0.9861457749806429,0.0072039971467352795,0.00665022787262171,NORMAL
8755,0.9861457749806429,0.0072039971467352795,0.00665022787262171,NORMAL
8756,0.9861457749806429,0.0072039971467352795,0.00665022787262171,NORMAL
8757,0.9861457749806429,0.0072039971467352795,0.00665022787262171,NORMAL
8758,0.9861457749806429,0.0072039971467352795,0.00665022787262171,NORMAL
8759,0.9861457749806429,0.0072039971467352795,0.00665022787262171,NORMAL
8760,0.9861457749806429,0.0072039971467352795,0.00665022787262171,NORMAL
8761,0.9861457749806429,0.0072039971467352795,0.00665022787262171,NORMAL
8762,0.9861457749806429,0.0072039971467352795,0.00665022787262171,NORMAL
8763,0.9861457749806429,0.0072039971467352795,0.00665022787262171,NORMAL
8764,0.9861457749806429,0.0072039971467352795,0.00665022787262171,NORMAL
8765,0.9861457749806429,0.0072039971467352795,0.00665022787262171,NORMAL
8766,0.9859791409469767,0.008500740869144683,0.005520118183878616,NORMAL
8767,0.9859791409469767,0.008500740869144683,0.005520118183878616,NORMAL
8768,0.9859791409469767,0.008500740869144683,0.005520118183878616,NORMAL
8769,0.9859791409469767,0.008500740869144683,0.005520118183878616,NORMAL
8770,0.9859791409469767,0.008500740869144683,0.005520118183878616,NORMAL
8771,0.9859791409469767,0.008500740869144683,0.005520118183878616,NORMAL
8772,0.9859791409469767,0.008500740869144683,0.005520118183878616,NORMAL
8773,0.9859791409469767,0.008500740869144683,0.005520118183878616,NORMAL
8774,0.9859791409469767,0.008500740869144683,0.005520118183878616,NORMAL
8775,0.9859791409469767,0.008500740869144683,0.005520118183878616,NORMAL
8776,0.9859791409469767,0.008500740869144683,0.005520118183878616,NORMAL
8777,0.9859791409469767,0.008500740869144683,0.005520118183878616,NORMAL
8778,0.9859791409469767,0.008500740869144683,0.005520118183878616,NORMAL
8779,0.9859791409469767,0.008500740869144683,0.005520118183878616,NORMAL
8780,0.9859791409469767,0.008500740869144683,0.005520118183878616,NORMAL
8781,0.9859791409469767,0.008500740869144683,0.005520118183878616,NORMAL
8782,0.9859791409469767,0.008500740869144683,0.005520118183878616,NORMAL
8783,0.9859791409469767,0.008500740869144683,0.005520118183878616,NORMAL
8784,0.9861457749806429,0.0072039971467352795,0.00665022787262171,NORMAL
8785,0.9861457749806429,0.0072039971467352795,0.00665022787262171,NORMAL
8786,0.9861457749806429,0.0072039971467352795,0.00665022787262171,NORMAL
8787,0.9861457749806429,0.0072039971467352795,0.00665022787262171,NORMAL
8788,0.9861457749806429,0.0072039971467352795,0.00665022787262171,NORMAL
8789,0.9861457749806429,0.0072039971467352795,0.00665022787262171,NORMAL
8790,0.9861457749806429,0.0072039971467352795,0.00665022787262171,NORMAL
8791,0.9861457749806429,0.0072039971467352795,0.00665022787262171,NORMAL
8792,0.9861457749806429,0.0072039971467352795,0.00665022787262171,NORMAL
8793,0.9861457749806429,0.0072039971467352795,0.00665022787262171,NORMAL
8794,0.9861457749806429,0.0072039971467352795,0.00665022787262171,NORMAL
8795,0.9861457749806429,0.0072039971467352795,0.00665022787262171,NORMAL
8796,0.9861457749806429,0.0072039971467352795,0.00665022787262171,NORMAL
8797,0.9861457749806429,0.0072039971467352795,0.00665022787262171,NORMAL
8798,0.9861457749806429,0.0072039971467352795,0.00665022787262171,NORMAL
8799,0.9861457749806429,0.0072039971467352795,0.00665022787262171,NORMAL
8800,0.9861457749806429,0.0072039971467352795,0.00665022787262171,NORMAL
8801,0.9861457749806429,0.0072039971467352795,0.00665022787262171,NORMAL
8802,0.9861457749806429,0.0072039971467352795,0.00665022787262171,NORMAL
8803,0.9861457749806429,0.0072039971467352795,0.00665022787262171,NORMAL
8804,0.9861457749806429,0.0072039971467352795,0.00665022787262171,NORMAL
8805,0.9861457749806429,0.0072039971467352795,0.00665022787262171,NORMAL
8806,0.9861457749806429,0.0072039971467352795,0.00665022787262171,NORMAL
8807,0.9861457749806429,0.0072039971467352795,0.00665022787262171,NORMAL
8808,0.9861457749806429,0.0072039971467352795,0.00665022787262171,NORMAL
8809,0.9861457749806429,0.0072039971467352795,0.00665022787262171,NORMAL
8810,0.9861457749806429,0.0072039971467352795,0.00665022787262171,NORMAL
8811,0.9861457749806429,0.0072039971467352795,0.00665022787262171,NORMAL
8812,0.9861457749806429,0.0072039971467352795,0.00665022787262171,NORMAL
8813,0.9861457749806429,0.0072039971467352795,0.00665022787262171,NORMAL
8814,0.9861457749806429,0.0072039971467352795,0.00665022787262171,NORMAL
8815,0.9861457749806429,0.0072039971467352795,0.00665022787262171,NORMAL
8816,0.9861457749806429,0.0072039971467352795,0.00665022787262171,NORMAL
8817,0.9861457749806429,0.0072039971467352795,0.00665022787262171,NORMAL
8818,0.9861457749806429,0.0072039971467352795,0.00665022787262171,NORMAL
8819,0.9861457749806429,0.0072039971467352795,0.00665022787262171,NORMAL
8820,0.9859791409469767,0.008500740869144683,0.005520118183878616,NORMAL
8821,0.9859791409469767,0.008500740869144683,0.005520118183878616,NORMAL
8822,0.9859791409469767,0.008500740869144683,0.005520118183878616,NORMAL
8823,0.9859791409469767,0.008500740869144683,0.005520118183878616,NORMAL
8824,0.9859791409469767,0.008500740869144683,0.005520118183878616,NORMAL
8825,0.9859791409469767,0.008500740869144683,0.005520118183878616,NORMAL
8826,0.9859791409469767,0.008500740869144683,0.005520118183878616,NORMAL
8827,0.9859791409469767,0.008500740869144683,0.005520118183878616,NORMAL
8828,0.9859791409469767,0.008500740869144683,0.005520118183878616,NORMAL
8829,0.9859791409469767,0.008500740869144683,0.005520118183878616,NORMAL
8830,0.9859791409469767,0.008500740869144683,0.005520118183878616,NORMAL
8831,0.9859791409469767,0.008500740869144683,0.005520118183878616,NORMAL
8832,0.9859791409469767,0.008500740869144683,0.005520118183878616,NORMAL
8833,0.9859791409469767,0.008500740869144683,0.005520118183878616,NORMAL
8834,0.9859791409469767,0.008500740869144683,0.005520118183878616,NORMAL
8835,0.9859791409469767,0.008500740869144683,0.005520118183878616,NORMAL
8836,0.9859791409469767,0.008500740869144683,0.005520118183878616,NORMAL
8837,0.9859791409469767,0.008500740869144683,0.005520118183878616,NORMAL
8838,0.9859791409469767,0.008500740869144683,0.005520118183878616,NORMAL
8839,0.9859791409469767,0.008500740869144683,0.005520118183878616,NORMAL
8840,0.9859791409469767,0.008500740869144683,0.005520118183878616,NORMAL
8841,0.9859791409469767,0.008500740869144683,0.005520118183878616,NORMAL
8842,0.9859791409469767,0.008500740869144683,0.005520118183878616,NORMAL
8843,0.9859791409469767,0.008500740869144683,0.005520118183878616,NORMAL
8844,0.9859791409469767,0.008500740869144683,0.005520118183878616,NORMAL
8845,0.9859791409469767,0.008500740869144683,0.005520118183878616,NORMAL
8846,0.9859791409469767,0.008500740869144683,0.005520118183878616,NORMAL
8847,0.9859791409469767,0.008500740869144683,0.005520118183878616,NORMAL
8848,0.9859791409469767,0.008500740869144683,0.005520118183878616,NORMAL
8849,0.9859791409469767,0.008500740869144683,0.005520118183878616,NORMAL
8850,0.9859791409469767,0.008500740869144683,0.005520118183878616,NORMAL
8851,0.9859791409469767,0.008500740869144683,0.005520118183878616,NORMAL
8852,0.9859791409469767,0.008500740869144683,0.005520118183878616,NORMAL
8853,0.9859791409469767,0.008500740869144683,0.005520118183878616,NORMAL
8854,0.9859791409469767,0.008500740869144683,0.005520118183878616,NORMAL
8855,0.9859791409469767,0.008500740869144683,0.005520118183878616,NORMAL
8856,0.9879624270110484,0.005915827228695014,0.006121745760256779,NORMAL
8857,0.9879624270110484,0.005915827228695014,0.006121745760256779,NORMAL
8858,0.9879624270110484,0.005915827228695014,0.006121745760256779,NORMAL
8859,0.9879624270110484,0.005915827228695014,0.006121745760256779,NORMAL
8860,0.9879624270110484,0.005915827228695014,0.006121745760256779,NORMAL
8861,0.9879624270110484,0.005915827228695014,0.006121745760256779,NORMAL
8862,0.9879624270110484,0.005915827228695014,0.006121745760256779,NORMAL
8863,0.9879624270110484,0.005915827228695014,0.006121745760256779,NORMAL
8864,0.9879624270110484,0.005915827228695014,0.006121745760256779,NORMAL
8865,0.9879624270110484,0.005915827228695014,0.006121745760256779,NORMAL
8866,0.9879624270110484,0.005915827228695014,0.006121745760256779,NORMAL
8867,0.9879624270110484,0.005915827228695014,0.006121745760256779,NORMAL
8868,0.9879624270110484,0.005915827228695014,0.006121745760256779,NORMAL
8869,0.9879624270110484,0.005915827228695014,0.006121745760256779,NORMAL
8870,0.9879624270110484,0.005915827228695014,0.006121745760256779,NORMAL
8871,0.9879624270110484,0.005915827228695014,0.006121745760256779,NORMAL
8872,0.9879624270110484,0.005915827228695014,0.006121745760256779,NORMAL
8873,0.9879624270110484,0.005915827228695014,0.006121745760256779,NORMAL
8874,0.9859791409469767,0.008500740869144683,0.005520118183878616,NORMAL
8875,0.9859791409469767,0.008500740869144683,0.005520118183878616,NORMAL
8876,0.9859791409469767,0.008500740869144683,0.005520118183878616,NORMAL
8877,0.9859791409469767,0.008500740869144683,0.005520118183878616,NORMAL
8878,0.9859791409469767,0.008500740869144683,0.005520118183878616,NORMAL
8879,0.9859791409469767,0.008500740869144683,0.005520118183878616,NORMAL
8880,0.9859791409469767,0.008500740869144683,0.005520118183878616,NORMAL
8881,0.9859791409469767,0.008500740869144683,0.005520118183878616,NORMAL
8882,0.9859791409469767,0.008500740869144683,0.005520118183878616,NORMAL
8883,0.9859791409469767,0.008500740869144683,0.005520118183878616,NORMAL
8884,0.9859791409469767,0.008500740869144683,0.005520118183878616,NORMAL
8885,0.9859791409469767,0.008500740869144683,0.005520118183878616,NORMAL
8886,0.9859791409469767,0.008500740869144683,0.005520118183878616,NORMAL
8887,0.9859791409469767,0.008500740869144683,0.005520118183878616,NORMAL
8888,0.9859791409469767,0.008500740869144683,0.005520118183878616,NORMAL
8889,0.9859791409469767,0.008500740869144683,0.005520118183878616,NORMAL
8890,0.9859791409469767,0.008500740869144683,0.005520118183878616,NORMAL
8891,0.9859791409469767,0.008500740869144683,0.005520118183878616,NORMAL
8892,0.9861457749806429,0.0072039971467352795,0.00665022787262171,NORMAL
8893,0.9861457749806429,0.0072039971467352795,0.00665022787262171,NORMAL
8894,0.9861457749806429,0.0072039971467352795,0.00665022787262171,NORMAL
8895,0.9861457749806429,0.0072039971467352795,0.00665022787262171,NORMAL
8896,0.9861457749806429,0.0072039971467352795,0.00665022787262171,NORMAL
8897,0.9861457749806429,0.0072039971467352795,0.00665022787262171,NORMAL
8898,0.9861457749806429,0.0072039971467352795,0.00665022787262171,NORMAL
8899,0.9861457749806429,0.0072039971467352795,0.00665022787262171,NORMAL
8900,0.9861457749806429,0.0072039971467352795,0.00665022787262171,NORMAL
8901,0.9861457749806429,0.0072039971467352795,0.00665022787262171,NORMAL
8902,0.9861457749806429,0.0072039971467352795,0.00665022787262171,NORMAL
8903,0.9861457749806429,0.0072039971467352795,0.00665022787262171,NORMAL
8904,0.9861457749806429,0.0072039971467352795,0.00665022787262171,NORMAL
8905,0.9861457749806429,0.0072039971467352795,0.00665022787262171,NORMAL
8906,0.9861457749806429,0.0072039971467352795,0.00665022787262171,NORMAL
8907,0.9861457749806429,0.0072039971467352795,0.00665022787262171,NORMAL
8908,0.9861457749806429,0.0072039971467352795,0.00665022787262171,NORMAL
8909,0.9861457749806429,0.0072039971467352795,0.00665022787262171,NORMAL
8910,0.9859791409469767,0.008500740869144683,0.005520118183878616,NORMAL
8911,0.9859791409469767,0.008500740869144683,0.005520118183878616,NORMAL
8912,0.9859791409469767,0.008500740869144683,0.005520118183878616,NORMAL
8913,0.9859791409469767,0.008500740869144683,0.005520118183878616,NORMAL
8914,0.9859791409469767,0.008500740869144683,0.005520118183878616,NORMAL
8915,0.9859791409469767,0.008500740869144683,0.005520118183878616,NORMAL
8916,0.9859791409469767,0.008500740869144683,0.005520118183878616,NORMAL
8917,0.9859791409469767,0.008500740869144683,0.005520118183878616,NORMAL
8918,0.9859791409469767,0.008500740869144683,0.005520118183878616,NORMAL
8919,0.9859791409469767,0.008500740869144683,0.005520118183878616,NORMAL
8920,0.9859791409469767,0.008500740869144683,0.005520118183878616,NORMAL
8921,0.9859791409469767,0.008500740869144683,0.005520118183878616,NORMAL
8922,0.9859791409469767,0.008500740869144683,0.005520118183878616,NORMAL
8923,0.9859791409469767,0.008500740869144683,0.005520118183878616,NORMAL
8924,0.9859791409469767,0.008500740869144683,0.005520118183878616,NORMAL
8925,0.9859791409469767,0.008500740869144683,0.005520118183878616,NORMAL
8926,0.9859791409469767,0.008500740869144683,0.005520118183878616,NORMAL
8927,0.9859791409469767,0.008500740869144683,0.005520118183878616,NORMAL
8928,0.9859791409469767,0.008500740869144683,0.005520118183878616,NORMAL
8929,0.9859791409469767,0.008500740869144683,0.005520118183878616,NORMAL
8930,0.9859791409469767,0.008500740869144683,0.005520118183878616,NORMAL
8931,0.9859791409469767,0.008500740869144683,0.005520118183878616,NORMAL
8932,0.9859791409469767,0.008500740869144683,0.005520118183878616,NORMAL
8933,0.9859791409469767,0.008500740869144683,0.005520118183878616,NORMAL
8934,0.9859791409469767,0.008500740869144683,0.005520118183878616,NORMAL
8935,0.9859791409469767,0.008500740869144683,0.005520118183878616,NORMAL
8936,0.9859791409469767,0.008500740869144683,0.005520118183878616,NORMAL
8937,0.9859791409469767,0.008500740869144683,0.005520118183878616,NORMAL
8938,0.9859791409469767,0.008500740869144683,0.005520118183878616,NORMAL
8939,0.9859791409469767,0.008500740869144683,0.005520118183878616,NORMAL
8940,0.9859791409469767,0.008500740869144683,0.005520118183878616,NORMAL
8941,0.9859791409469767,0.008500740869144683,0.005520118183878616,NORMAL
8942,0.9859791409469767,0.008500740869144683,0.005520118183878616,NORMAL
8943,0.9859791409469767,0.008500740869144683,0.005520118183878616,NORMAL
8944,0.9859791409469767,0.008500740869144683,0.005520118183878616,NORMAL
8945,0.9859791409469767,0.008500740869144683,0.005520118183878616,NORMAL
8946,0.9879624270110484,0.005915827228695014,0.006121745760256779,NORMAL
8947,0.9879624270110484,0.005915827228695014,0.006121745760256779,NORMAL
8948,0.9879624270110484,0.005915827228695014,0.006121745760256779,NORMAL
8949,0.9879624270110484,0.005915827228695014,0.006121745760256779,NORMAL
8950,0.9879624270110484,0.005915827228695014,0.006121745760256779,NORMAL
8951,0.9879624270110484,0.005915827228695014,0.006121745760256779,NORMAL
8952,0.9879624270110484,0.005915827228695014,0.006121745760256779,NORMAL
8953,0.9879624270110484,0.005915827228695014,0.006121745760256779,NORMAL
8954,0.9879624270110484,0.005915827228695014,0.006121745760256779,NORMAL
8955,0.9879624270110484,0.005915827228695014,0.006121745760256779,NORMAL
8956,0.9879624270110484,0.005915827228695014,0.006121745760256779,NORMAL
8957,0.9879624270110484,0.005915827228695014,0.006121745760256779,NORMAL
8958,0.9879624270110484,0.005915827228695014,0.006121745760256779,NORMAL
8959,0.9879624270110484,0.005915827228695014,0.006121745760256779,NORMAL
8960,0.9879624270110484,0.005915827228695014,0.006121745760256779,NORMAL
8961,0.9879624270110484,0.005915827228695014,0.006121745760256779,NORMAL
8962,0.9879624270110484,0.005915827228695014,0.006121745760256779,NORMAL
8963,0.9879624270110484,0.005915827228695014,0.006121745760256779,NORMAL
8964,0.9879624270110484,0.005915827228695014,0.006121745760256779,NORMAL
8965,0.9879624270110484,0.005915827228695014,0.006121745760256779,NORMAL
8966,0.9879624270110484,0.005915827228695014,0.006121745760256779,NORMAL
8967,0.9879624270110484,0.005915827228695014,0.006121745760256779,NORMAL
8968,0.9879624270110484,0.005915827228695014,0.006121745760256779,NORMAL
8969,0.9879624270110484,0.005915827228695014,0.006121745760256779,NORMAL
8970,0.9879624270110484,0.005915827228695014,0.006121745760256779,NORMAL
8971,0.9879624270110484,0.005915827228695014,0.006121745760256779,NORMAL
8972,0.9879624270110484,0.005915827228695014,0.006121745760256779,NORMAL
8973,0.9879624270110484,0.005915827228695014,0.006121745760256779,NORMAL
8974,0.9879624270110484,0.005915827228695014,0.006121745760256779,NORMAL
8975,0.9879624270110484,0.005915827228695014,0.006121745760256779,NORMAL
8976,0.9879624270110484,0.005915827228695014,0.006121745760256779,NORMAL
8977,0.9879624270110484,0.005915827228695014,0.006121745760256779,NORMAL
8978,0.9879624270110484,0.005915827228695014,0.006121745760256779,NORMAL
8979,0.9879624270110484,0.005915827228695014,0.006121745760256779,NORMAL
8980,0.9879624270110484,0.005915827228695014,0.006121745760256779,NORMAL
8981,0.9879624270110484,0.005915827228695014,0.006121745760256779,NORMAL
8982,0.9861457749806429,0.0072039971467352795,0.00665022787262171,NORMAL
8983,0.9861457749806429,0.0072039971467352795,0.00665022787262171,NORMAL
8984,0.9861457749806429,0.0072039971467352795,0.00665022787262171,NORMAL
8985,0.9861457749806429,0.0072039971467352795,0.00665022787262171,NORMAL
8986,0.9861457749806429,0.0072039971467352795,0.00665022787262171,NORMAL
8987,0.9854696230222904,0.007878242459040704,0.006652134518668827,NORMAL
8988,0.9861457749806429,0.0072039971467352795,0.00665022787262171,NORMAL
8989,0.9861457749806429,0.0072039971467352795,0.00665022787262171,NORMAL
8990,0.9861457749806429,0.0072039971467352795,0.00665022787262171,NORMAL
8991,0.9861457749806429,0.0072039971467352795,0.00665022787262171,NORMAL
8992,0.9861457749806429,0.0072039971467352795,0.00665022787262171,NORMAL
8993,0.9861457749806429,0.0072039971467352795,0.00665022787262171,NORMAL
8994,0.9861457749806429,0.0072039971467352795,0.00665022787262171,NORMAL
8995,0.9861457749806429,0.0072039971467352795,0.00665022787262171,NORMAL
8996,0.9861457749806429,0.0072039971467352795,0.00665022787262171,NORMAL
8997,0.9861457749806429,0.0072039971467352795,0.00665022787262171,NORMAL
8998,0.9861457749806429,0.0072039971467352795,0.00665022787262171,NORMAL
8999,0.985982472883627,0.00736684702716172,0.006650680089211198,NORMAL
9000,0.9859791409469767,0.008500740869144683,0.005520118183878616,NORMAL
9001,0.9859791409469767,0.008500740869144683,0.005520118183878616,NORMAL
9002,0.9859791409469767,0.008500740869144683,0.005520118183878616,NORMAL
9003,0.9859791409469767,0.008500740869144683,0.005520118183878616,NORMAL
9004,0.9859791409469767,0.008500740869144683,0.005520118183878616,NORMAL
9005,0.9859791409469767,0.008500740869144683,0.005520118183878616,NORMAL
9006,0.9859791409469767,0.008500740869144683,0.005520118183878616,NORMAL
9007,0.9859791409469767,0.008500740869144683,0.005520118183878616,NORMAL
9008,0.9859791409469767,0.008500740869144683,0.005520118183878616,NORMAL
9009,0.9859791409469767,0.008500740869144683,0.005520118183878616,NORMAL
9010,0.9859791409469767,0.008500740869144683,0.005520118183878616,NORMAL
9011,0.9859791409469767,0.008500740869144683,0.005520118183878616,NORMAL
9012,0.9859791409469767,0.008500740869144683,0.005520118183878616,NORMAL
9013,0.9859791409469767,0.008500740869144683,0.005520118183878616,NORMAL
9014,0.9859791409469767,0.008500740869144683,0.005520118183878616,NORMAL
9015,0.9859791409469767,0.008500740869144683,0.005520118183878616,NORMAL
9016,0.9859791409469767,0.008500740869144683,0.005520118183878616,NORMAL
9017,0.9859791409469767,0.008500740869144683,0.005520118183878616,NORMAL
9018,0.9861457749806429,0.0072039971467352795,0.00665022787262171,NORMAL
9019,0.9861457749806429,0.0072039971467352795,0.00665022787262171,NORMAL
9020,0.9861457749806429,0.0072039971467352795,0.00665022787262171,NORMAL
9021,0.9861457749806429,0.0072039971467352795,0.00665022787262171,NORMAL
9022,0.9861457749806429,0.0072039971467352795,0.00665022787262171,NORMAL
9023,0.9861457749806429,0.0072039971467352795,0.00665022787262171,NORMAL
9024,0.9861457749806429,0.0072039971467352795,0.00665022787262171,NORMAL
9025,0.9861457749806429,0.0072039971467352795,0.00665022787262171,NORMAL
9026,0.9861457749806429,0.0072039971467352795,0.00665022787262171,NORMAL
9027,0.9861457749806429,0.0072039971467352795,0.00665022787262171,NORMAL
9028,0.9861457749806429,0.0072039971467352795,0.00665022787262171,NORMAL
9029,0.9861457749806429,0.0072039971467352795,0.00665022787262171,NORMAL
9030,0.9861457749806429,0.0072039971467352795,0.00665022787262171,NORMAL
9031,0.9861457749806429,0.0072039971467352795,0.00665022787262171,NORMAL
9032,0.9861457749806429,0.0072039971467352795,0.00665022787262171,NORMAL
9033,0.9861457749806429,0.0072039971467352795,0.00665022787262171,NORMAL
9034,0.9861457749806429,0.0072039971467352795,0.00665022787262171,NORMAL
9035,0.9861457749806429,0.0072039971467352795,0.00665022787262171,NORMAL
9036,0.9861457749806429,0.0072039971467352795,0.00665022787262171,NORMAL
9037,0.9861457749806429,0.0072039971467352795,0.00665022787262171,NORMAL
9038,0.9861457749806429,0.0072039971467352795,0.00665022787262171,NORMAL
9039,0.9861457749806429,0.0072039971467352795,0.00665022787262171,NORMAL
9040,0.9861457749806429,0.0072039971467352795,0.00665022787262171,NORMAL
9041,0.9861457749806429,0.0072039971467352795,0.00665022787262171,NORMAL
9042,0.9861457749806429,0.0072039971467352795,0.00665022787262171,NORMAL
9043,0.9861457749806429,0.0072039971467352795,0.00665022787262171,NORMAL
9044,0.9861457749806429,0.0072039971467352795,0.00665022787262171,NORMAL
9045,0.9861457749806429,0.0072039971467352795,0.00665022787262171,NORMAL
9046,0.9861457749806429,0.0072039971467352795,0.00665022787262171,NORMAL
9047,0.9861457749806429,0.0072039971467352795,0.00665022787262171,NORMAL
9048,0.9861457749806429,0.0072039971467352795,0.00665022787262171,NORMAL
9049,0.9861457749806429,0.0072039971467352795,0.00665022787262171,NORMAL
9050,0.9861457749806429,0.0072039971467352795,0.00665022787262171,NORMAL
9051,0.9861457749806429,0.0072039971467352795,0.00665022787262171,NORMAL
9052,0.9861457749806429,0.0072039971467352795,0.00665022787262171,NORMAL
9053,0.9861457749806429,0.0072039971467352795,0.00665022787262171,NORMAL
9054,0.9861457749806429,0.0072039971467352795,0.00665022787262171,NORMAL
9055,0.9861457749806429,0.0072039971467352795,0.00665022787262171,NORMAL
9056,0.9861457749806429,0.0072039971467352795,0.00665022787262171,NORMAL
9057,0.9859462066701713,0.007403012083505729,0.006650781246322895,NORMAL
9058,0.9861457749806429,0.0072039971467352795,0.00665022787262171,NORMAL
9059,0.9861457749806429,0.0072039971467352795,0.00665022787262171,NORMAL
9060,0.9861457749806429,0.0072039971467352795,0.00665022787262171,NORMAL
9061,0.9861457749806429,0.0072039971467352795,0.00665022787262171,NORMAL
9062,0.9861457749806429,0.0072039971467352795,0.00665022787262171,NORMAL
9063,0.9861457749806429,0.0072039971467352795,0.00665022787262171,NORMAL
9064,0.9861457749806429,0.0072039971467352795,0.00665022787262171,NORMAL
9065,0.9861457749806429,0.0072039971467352795,0.00665022787262171,NORMAL
9066,0.9861457749806429,0.0072039971467352795,0.00665022787262171,NORMAL
9067,0.9861457749806429,0.0072039971467352795,0.00665022787262171,NORMAL
9068,0.9861457749806429,0.0072039971467352795,0.00665022787262171,NORMAL
9069,0.9861457749806429,0.0072039971467352795,0.00665022787262171,NORMAL
9070,0.9861457749806429,0.0072039971467352795,0.00665022787262171,NORMAL
9071,0.9861457749806429,0.0072039971467352795,0.00665022787262171,NORMAL
9072,0.9879624270110484,0.005915827228695014,0.006121745760256779,NORMAL
9073,0.9879624270110484,0.005915827228695014,0.006121745760256779,NORMAL
9074,0.9879624270110484,0.005915827228695014,0.006121745760256779,NORMAL
9075,0.9879624270110484,0.005915827228695014,0.006121745760256779,NORMAL
9076,0.9879624270110484,0.005915827228695014,0.006121745760256779,NORMAL
9077,0.9879624270110484,0.005915827228695014,0.006121745760256779,NORMAL
9078,0.9879624270110484,0.005915827228695014,0.006121745760256779,NORMAL
9079,0.9879624270110484,0.005915827228695014,0.006121745760256779,NORMAL
9080,0.9879624270110484,0.005915827228695014,0.006121745760256779,NORMAL
9081,0.9879624270110484,0.005915827228695014,0.006121745760256779,NORMAL
9082,0.9879624270110484,0.005915827228695014,0.006121745760256779,NORMAL
9083,0.9879624270110484,0.005915827228695014,0.006121745760256779,NORMAL
9084,0.9879624270110484,0.005915827228695014,0.006121745760256779,NORMAL
9085,0.9879624270110484,0.005915827228695014,0.006121745760256779,NORMAL
9086,0.9879624270110484,0.005915827228695014,0.006121745760256779,NORMAL
9087,0.9879624270110484,0.005915827228695014,0.006121745760256779,NORMAL
9088,0.9879624270110484,0.005915827228695014,0.006121745760256779,NORMAL
9089,0.9879624270110484,0.005915827228695014,0.006121745760256779,NORMAL
9090,0.9859791409469767,0.008500740869144683,0.005520118183878616,NORMAL
9091,0.9859791409469767,0.008500740869144683,0.005520118183878616,NORMAL
9092,0.9859791409469767,0.008500740869144683,0.005520118183878616,NORMAL
9093,0.9859791409469767,0.008500740869144683,0.005520118183878616,NORMAL
9094,0.9859791409469767,0.008500740869144683,0.005520118183878616,NORMAL
9095,0.9859791409469767,0.008500740869144683,0.005520118183878616,NORMAL
9096,0.9859791409469767,0.008500740869144683,0.005520118183878616,NORMAL
9097,0.9859791409469767,0.008500740869144683,0.005520118183878616,NORMAL
9098,0.9859791409469767,0.008500740869144683,0.005520118183878616,NORMAL
9099,0.9859791409469767,0.008500740869144683,0.005520118183878616,NORMAL
9100,0.9859791409469767,0.008500740869144683,0.005520118183878616,NORMAL
9101,0.9859791409469767,0.008500740869144683,0.005520118183878616,NORMAL
9102,0.9859791409469767,0.008500740869144683,0.005520118183878616,NORMAL
9103,0.9859791409469767,0.008500740869144683,0.005520118183878616,NORMAL
9104,0.9859791409469767,0.008500740869144683,0.005520118183878616,NORMAL
9105,0.9859791409469767,0.008500740869144683,0.005520118183878616,NORMAL
9106,0.9859791409469767,0.008500740869144683,0.005520118183878616,NORMAL
9107,0.9859791409469767,0.008500740869144683,0.005520118183878616,NORMAL
9108,0.9861457749806429,0.0072039971467352795,0.00665022787262171,NORMAL
9109,0.9861457749806429,0.0072039971467352795,0.00665022787262171,NORMAL
9110,0.9861457749806429,0.0072039971467352795,0.00665022787262171,NORMAL
9111,0.9861457749806429,0.0072039971467352795,0.00665022787262171,NORMAL
9112,0.9861457749806429,0.0072039971467352795,0.00665022787262171,NORMAL
9113,0.9861457749806429,0.0072039971467352795,0.00665022787262171,NORMAL
9114,0.9861457749806429,0.0072039971467352795,0.00665022787262171,NORMAL
9115,0.9861457749806429,0.0072039971467352795,0.00665022787262171,NORMAL
9116,0.9861457749806429,0.0072039971467352795,0.00665022787262171,NORMAL
9117,0.9861457749806429,0.0072039971467352795,0.00665022787262171,NORMAL
9118,0.9861457749806429,0.0072039971467352795,0.00665022787262171,NORMAL
9119,0.9861457749806429,0.0072039971467352795,0.00665022787262171,NORMAL
9120,0.9861457749806429,0.0072039971467352795,0.00665022787262171,NORMAL
9121,0.9861457749806429,0.0072039971467352795,0.00665022787262171,NORMAL
9122,0.9861457749806429,0.0072039971467352795,0.00665022787262171,NORMAL
9123,0.9861457749806429,0.0072039971467352795,0.00665022787262171,NORMAL
9124,0.9861457749806429,0.0072039971467352795,0.00665022787262171,NORMAL
9125,0.9861457749806429,0.0072039971467352795,0.00665022787262171,NORMAL
9126,0.9859791409469767,0.008500740869144683,0.005520118183878616,NORMAL
9127,0.9859791409469767,0.008500740869144683,0.005520118183878616,NORMAL
9128,0.9859791409469767,0.008500740869144683,0.005520118183878616,NORMAL
9129,0.9859791409469767,0.008500740869144683,0.005520118183878616,NORMAL
9130,0.9859791409469767,0.008500740869144683,0.005520118183878616,NORMAL
9131,0.9859791409469767,0.008500740869144683,0.005520118183878616,NORMAL
9132,0.9859791409469767,0.008500740869144683,0.005520118183878616,NORMAL
9133,0.9859791409469767,0.008500740869144683,0.005520118183878616,NORMAL
9134,0.9859791409469767,0.008500740869144683,0.005520118183878616,NORMAL
9135,0.9859791409469767,0.008500740869144683,0.005520118183878616,NORMAL
9136,0.9859791409469767,0.008500740869144683,0.005520118183878616,NORMAL
9137,0.9859791409469767,0.008500740869144683,0.005520118183878616,NORMAL
9138,0.9859791409469767,0.008500740869144683,0.005520118183878616,NORMAL
9139,0.9859791409469767,0.008500740869144683,0.005520118183878616,NORMAL
9140,0.9859791409469767,0.008500740869144683,0.005520118183878616,NORMAL
9141,0.9859791409469767,0.008500740869144683,0.005520118183878616,NORMAL
9142,0.9859791409469767,0.008500740869144683,0.005520118183878616,NORMAL
9143,0.9859791409469767,0.008500740869144683,0.005520118183878616,NORMAL
9144,0.9861457749806429,0.0072039971467352795,0.00665022787262171,NORMAL
9145,0.9861457749806429,0.0072039971467352795,0.00665022787262171,NORMAL
9146,0.9861457749806429,0.0072039971467352795,0.00665022787262171,NORMAL
9147,0.9861457749806429,0.0072039971467352795,0.00665022787262171,NORMAL
9148,0.9861457749806429,0.0072039971467352795,0.00665022787262171,NORMAL
9149,0.9861457749806429,0.0072039971467352795,0.00665022787262171,NORMAL
9150,0.9861457749806429,0.0072039971467352795,0.00665022787262171,NORMAL
9151,0.9861457749806429,0.0072039971467352795,0.00665022787262171,NORMAL
9152,0.9861457749806429,0.0072039971467352795,0.00665022787262171,NORMAL
9153,0.9861457749806429,0.0072039971467352795,0.00665022787262171,NORMAL
9154,0.9861457749806429,0.0072039971467352795,0.00665022787262171,NORMAL
9155,0.9861457749806429,0.0072039971467352795,0.00665022787262171,NORMAL
9156,0.9861457749806429,0.0072039971467352795,0.00665022787262171,NORMAL
9157,0.9861457749806429,0.0072039971467352795,0.00665022787262171,NORMAL
9158,0.9861457749806429,0.0072039971467352795,0.00665022787262171,NORMAL
9159,0.9861457749806429,0.0072039971467352795,0.00665022787262171,NORMAL
9160,0.9861457749806429,0.0072039971467352795,0.00665022787262171,NORMAL
9161,0.9861457749806429,0.0072039971467352795,0.00665022787262171,NORMAL
9162,0.9859791409469767,0.008500740869144683,0.005520118183878616,NORMAL
9163,0.9859791409469767,0.008500740869144683,0.005520118183878616,NORMAL
9164,0.9859791409469767,0.008500740869144683,0.005520118183878616,NORMAL
9165,0.9859791409469767,0.008500740869144683,0.005520118183878616,NORMAL
9166,0.9859791409469767,0.008500740869144683,0.005520118183878616,NORMAL
9167,0.9859791409469767,0.008500740869144683,0.005520118183878616,NORMAL
9168,0.9859791409469767,0.008500740869144683,0.005520118183878616,NORMAL
9169,0.9859791409469767,0.008500740869144683,0.005520118183878616,NORMAL
9170,0.9859791409469767,0.008500740869144683,0.005520118183878616,NORMAL
9171,0.9859791409469767,0.008500740869144683,0.005520118183878616,NORMAL
9172,0.9859791409469767,0.008500740869144683,0.005520118183878616,NORMAL
9173,0.9859791409469767,0.008500740869144683,0.005520118183878616,NORMAL
9174,0.9859791409469767,0.008500740869144683,0.005520118183878616,NORMAL
9175,0.9859791409469767,0.008500740869144683,0.005520118183878616,NORMAL
9176,0.9859791409469767,0.008500740869144683,0.005520118183878616,NORMAL
9177,0.9859791409469767,0.008500740869144683,0.005520118183878616,NORMAL
9178,0.9859791409469767,0.008500740869144683,0.005520118183878616,NORMAL
9179,0.9859791409469767,0.008500740869144683,0.005520118183878616,NORMAL
9180,0.9879624270110484,0.005915827228695014,0.006121745760256779,NORMAL
9181,0.9879624270110484,0.005915827228695014,0.006121745760256779,NORMAL
9182,0.9879624270110484,0.005915827228695014,0.006121745760256779,NORMAL
9183,0.9879624270110484,0.005915827228695014,0.006121745760256779,NORMAL
9184,0.9879624270110484,0.005915827228695014,0.006121745760256779,NORMAL
9185,0.9879624270110484,0.005915827228695014,0.006121745760256779,NORMAL
9186,0.9879624270110484,0.005915827228695014,0.006121745760256779,NORMAL
9187,0.9879624270110484,0.005915827228695014,0.006121745760256779,NORMAL
9188,0.9879624270110484,0.005915827228695014,0.006121745760256779,NORMAL
9189,0.9879624270110484,0.005915827228695014,0.006121745760256779,NORMAL
9190,0.9879624270110484,0.005915827228695014,0.006121745760256779,NORMAL
9191,0.9879624270110484,0.005915827228695014,0.006121745760256779,NORMAL
9192,0.9879624270110484,0.005915827228695014,0.006121745760256779,NORMAL
9193,0.9879624270110484,0.005915827228695014,0.006121745760256779,NORMAL
9194,0.9879624270110484,0.005915827228695014,0.006121745760256779,NORMAL
9195,0.9879624270110484,0.005915827228695014,0.006121745760256779,NORMAL
9196,0.9879624270110484,0.005915827228695014,0.006121745760256779,NORMAL
9197,0.9879624270110484,0.005915827228695014,0.006121745760256779,NORMAL
9198,0.9861457749806429,0.0072039971467352795,0.00665022787262171,NORMAL
9199,0.9861457749806429,0.0072039971467352795,0.00665022787262171,NORMAL
9200,0.9861457749806429,0.0072039971467352795,0.00665022787262171,NORMAL
9201,0.9861457749806429,0.0072039971467352795,0.00665022787262171,NORMAL
9202,0.9861457749806429,0.0072039971467352795,0.00665022787262171,NORMAL
9203,0.9861457749806429,0.0072039971467352795,0.00665022787262171,NORMAL
9204,0.9861457749806429,0.0072039971467352795,0.00665022787262171,NORMAL
9205,0.9861457749806429,0.0072039971467352795,0.00665022787262171,NORMAL
9206,0.9861457749806429,0.0072039971467352795,0.00665022787262171,NORMAL
9207,0.9861457749806429,0.0072039971467352795,0.00665022787262171,NORMAL
9208,0.9861457749806429,0.0072039971467352795,0.00665022787262171,NORMAL
9209,0.9861457749806429,0.0072039971467352795,0.00665022787262171,NORMAL
9210,0.9861457749806429,0.0072039971467352795,0.00665022787262171,NORMAL
9211,0.9861457749806429,0.0072039971467352795,0.00665022787262171,NORMAL
9212,0.9861457749806429,0.0072039971467352795,0.00665022787262171,NORMAL
9213,0.9861457749806429,0.0072039971467352795,0.00665022787262171,NORMAL
9214,0.9861457749806429,0.0072039971467352795,0.00665022787262171,NORMAL
9215,0.9861457749806429,0.0072039971467352795,0.00665022787262171,NORMAL
9216,0.9879624270110484,0.005915827228695014,0.006121745760256779,NORMAL
9217,0.9879624270110484,0.005915827228695014,0.006121745760256779,NORMAL
9218,0.9879624270110484,0.005915827228695014,0.006121745760256779,NORMAL
9219,0.9879624270110484,0.005915827228695014,0.006121745760256779,NORMAL
9220,0.9879624270110484,0.005915827228695014,0.006121745760256779,NORMAL
9221,0.9879624270110484,0.005915827228695014,0.006121745760256779,NORMAL
9222,0.9879624270110484,0.005915827228695014,0.006121745760256779,NORMAL
9223,0.9879624270110484,0.005915827228695014,0.006121745760256779,NORMAL
9224,0.9879624270110484,0.005915827228695014,0.006121745760256779,NORMAL
9225,0.9879624270110484,0.005915827228695014,0.006121745760256779,NORMAL
9226,0.9879624270110484,0.005915827228695014,0.006121745760256779,NORMAL
9227,0.9879624270110484,0.005915827228695014,0.006121745760256779,NORMAL
9228,0.9879624270110484,0.005915827228695014,0.006121745760256779,NORMAL
9229,0.9879624270110484,0.005915827228695014,0.006121745760256779,NORMAL
9230,0.9879624270110484,0.005915827228695014,0.006121745760256779,NORMAL
9231,0.9879624270110484,0.005915827228695014,0.006121745760256779,NORMAL
9232,0.9879624270110484,0.005915827228695014,0.006121745760256779,NORMAL
9233,0.9879624270110484,0.005915827228695014,0.006121745760256779,NORMAL
9234,0.9859791409469767,0.008500740869144683,0.005520118183878616,NORMAL
9235,0.9859791409469767,0.008500740869144683,0.005520118183878616,NORMAL
9236,0.9859791409469767,0.008500740869144683,0.005520118183878616,NORMAL
9237,0.9859791409469767,0.008500740869144683,0.005520118183878616,NORMAL
9238,0.9859791409469767,0.008500740869144683,0.005520118183878616,NORMAL
9239,0.9859791409469767,0.008500740869144683,0.005520118183878616,NORMAL
9240,0.9859791409469767,0.008500740869144683,0.005520118183878616,NORMAL
9241,0.9859791409469767,0.008500740869144683,0.005520118183878616,NORMAL
9242,0.9859791409469767,0.008500740869144683,0.005520118183878616,NORMAL
9243,0.9859791409469767,0.008500740869144683,0.005520118183878616,NORMAL
9244,0.9859791409469767,0.008500740869144683,0.005520118183878616,NORMAL
9245,0.9859791409469767,0.008500740869144683,0.005520118183878616,NORMAL
9246,0.9859791409469767,0.008500740869144683,0.005520118183878616,NORMAL
9247,0.9859791409469767,0.008500740869144683,0.005520118183878616,NORMAL
9248,0.9859791409469767,0.008500740869144683,0.005520118183878616,NORMAL
9249,0.9859791409469767,0.008500740869144683,0.005520118183878616,NORMAL
9250,0.9859791409469767,0.008500740869144683,0.005520118183878616,NORMAL
9251,0.9859791409469767,0.008500740869144683,0.005520118183878616,NORMAL
9252,0.9859791409469767,0.008500740869144683,0.005520118183878616,NORMAL
9253,0.9859791409469767,0.008500740869144683,0.005520118183878616,NORMAL
9254,0.9859791409469767,0.008500740869144683,0.005520118183878616,NORMAL
9255,0.9859791409469767,0.008500740869144683,0.005520118183878616,NORMAL
9256,0.9859791409469767,0.008500740869144683,0.005520118183878616,NORMAL
9257,0.9859791409469767,0.008500740869144683,0.005520118183878616,NORMAL
9258,0.9859791409469767,0.008500740869144683,0.005520118183878616,NORMAL
9259,0.9859791409469767,0.008500740869144683,0.005520118183878616,NORMAL
9260,0.9859791409469767,0.008500740869144683,0.005520118183878616,NORMAL
9261,0.9859791409469767,0.008500740869144683,0.005520118183878616,NORMAL
9262,0.9859791409469767,0.008500740869144683,0.005520118183878616,NORMAL
9263,0.9859791409469767,0.008500740869144683,0.005520118183878616,NORMAL
9264,0.9859791409469767,0.008500740869144683,0.005520118183878616,NORMAL
9265,0.9859791409469767,0.008500740869144683,0.005520118183878616,NORMAL
9266,0.9859791409469767,0.008500740869144683,0.005520118183878616,NORMAL
9267,0.9859791409469767,0.008500740869144683,0.005520118183878616,NORMAL
9268,0.9859791409469767,0.008500740869144683,0.005520118183878616,NORMAL
9269,0.9859791409469767,0.008500740869144683,0.005520118183878616,NORMAL
9270,0.9859791409469767,0.008500740869144683,0.005520118183878616,NORMAL
9271,0.9859791409469767,0.008500740869144683,0.005520118183878616,NORMAL
9272,0.9859791409469767,0.008500740869144683,0.005520118183878616,NORMAL
9273,0.9859791409469767,0.008500740869144683,0.005520118183878616,NORMAL
9274,0.9859791409469767,0.008500740869144683,0.005520118183878616,NORMAL
9275,0.9859791409469767,0.008500740869144683,0.005520118183878616,NORMAL
9276,0.9859791409469767,0.008500740869144683,0.005520118183878616,NORMAL
9277,0.9859791409469767,0.008500740869144683,0.005520118183878616,NORMAL
9278,0.9859791409469767,0.008500740869144683,0.005520118183878616,NORMAL
9279,0.9859791409469767,0.008500740869144683,0.005520118183878616,NORMAL
9280,0.9859791409469767,0.008500740869144683,0.005520118183878616,NORMAL
9281,0.9859791409469767,0.008500740869144683,0.005520118183878616,NORMAL
9282,0.9859791409469767,0.008500740869144683,0.005520118183878616,NORMAL
9283,0.9859791409469767,0.008500740869144683,0.005520118183878616,NORMAL
9284,0.9859791409469767,0.008500740869144683,0.005520118183878616,NORMAL
9285,0.9859791409469767,0.008500740869144683,0.005520118183878616,NORMAL
9286,0.9859791409469767,0.008500740869144683,0.005520118183878616,NORMAL
9287,0.9859791409469767,0.008500740869144683,0.005520118183878616,NORMAL
9288,0.9859791409469767,0.008500740869144683,0.005520118183878616,NORMAL
9289,0.9859791409469767,0.008500740869144683,0.005520118183878616,NORMAL
9290,0.9859791409469767,0.008500740869144683,0.005520118183878616,NORMAL
9291,0.9859791409469767,0.008500740869144683,0.005520118183878616,NORMAL
9292,0.9859791409469767,0.008500740869144683,0.005520118183878616,NORMAL
9293,0.9859791409469767,0.008500740869144683,0.005520118183878616,NORMAL
9294,0.9859791409469767,0.008500740869144683,0.005520118183878616,NORMAL
9295,0.9859791409469767,0.008500740869144683,0.005520118183878616,NORMAL
9296,0.9859791409469767,0.008500740869144683,0.005520118183878616,NORMAL
9297,0.9859791409469767,0.008500740869144683,0.005520118183878616,NORMAL
9298,0.9859791409469767,0.008500740869144683,0.005520118183878616,NORMAL
9299,0.9859791409469767,0.008500740869144683,0.005520118183878616,NORMAL
9300,0.9859791409469767,0.008500740869144683,0.005520118183878616,NORMAL
9301,0.9859791409469767,0.008500740869144683,0.005520118183878616,NORMAL
9302,0.9859791409469767,0.008500740869144683,0.005520118183878616,NORMAL
9303,0.9859791409469767,0.008500740869144683,0.005520118183878616,NORMAL
9304,0.9859791409469767,0.008500740869144683,0.005520118183878616,NORMAL
9305,0.9859791409469767,0.008500740869144683,0.005520118183878616,NORMAL
9306,0.9859791409469767,0.008500740869144683,0.005520118183878616,NORMAL
9307,0.9859791409469767,0.008500740869144683,0.005520118183878616,NORMAL
9308,0.9859791409469767,0.008500740869144683,0.005520118183878616,NORMAL
9309,0.9859791409469767,0.008500740869144683,0.005520118183878616,NORMAL
9310,0.9859791409469767,0.008500740869144683,0.005520118183878616,NORMAL
9311,0.9859791409469767,0.008500740869144683,0.005520118183878616,NORMAL
9312,0.9859791409469767,0.008500740869144683,0.005520118183878616,NORMAL
9313,0.9859791409469767,0.008500740869144683,0.005520118183878616,NORMAL
9314,0.9859791409469767,0.008500740869144683,0.005520118183878616,NORMAL
9315,0.9859791409469767,0.008500740869144683,0.005520118183878616,NORMAL
9316,0.9859791409469767,0.008500740869144683,0.005520118183878616,NORMAL
9317,0.9859791409469767,0.008500740869144683,0.005520118183878616,NORMAL
9318,0.9859791409469767,0.008500740869144683,0.005520118183878616,NORMAL
9319,0.9859791409469767,0.008500740869144683,0.005520118183878616,NORMAL
9320,0.9859791409469767,0.008500740869144683,0.005520118183878616,NORMAL
9321,0.9859791409469767,0.008500740869144683,0.005520118183878616,NORMAL
9322,0.9859791409469767,0.008500740869144683,0.005520118183878616,NORMAL
9323,0.9859791409469767,0.008500740869144683,0.005520118183878616,NORMAL
9324,0.9879624270110484,0.005915827228695014,0.006121745760256779,NORMAL
9325,0.9879624270110484,0.005915827228695014,0.006121745760256779,NORMAL
9326,0.9879624270110484,0.005915827228695014,0.006121745760256779,NORMAL
9327,0.9879624270110484,0.005915827228695014,0.006121745760256779,NORMAL
9328,0.9879624270110484,0.005915827228695014,0.006121745760256779,NORMAL
9329,0.9879624270110484,0.005915827228695014,0.006121745760256779,NORMAL
9330,0.9879624270110484,0.005915827228695014,0.006121745760256779,NORMAL
9331,0.9879624270110484,0.005915827228695014,0.006121745760256779,NORMAL
9332,0.9879624270110484,0.005915827228695014,0.006121745760256779,NORMAL
9333,0.9879624270110484,0.005915827228695014,0.006121745760256779,NORMAL
9334,0.9879624270110484,0.005915827228695014,0.006121745760256779,NORMAL
9335,0.9879624270110484,0.005915827228695014,0.006121745760256779,NORMAL
9336,0.9879624270110484,0.005915827228695014,0.006121745760256779,NORMAL
9337,0.9879624270110484,0.005915827228695014,0.006121745760256779,NORMAL
9338,0.9879624270110484,0.005915827228695014,0.006121745760256779,NORMAL
9339,0.9879624270110484,0.005915827228695014,0.006121745760256779,NORMAL
9340,0.9879624270110484,0.005915827228695014,0.006121745760256779,NORMAL
9341,0.9879624270110484,0.005915827228695014,0.006121745760256779,NORMAL
9342,0.9861457749806429,0.0072039971467352795,0.00665022787262171,NORMAL
9343,0.9861457749806429,0.0072039971467352795,0.00665022787262171,NORMAL
9344,0.9861457749806429,0.0072039971467352795,0.00665022787262171,NORMAL
9345,0.9861457749806429,0.0072039971467352795,0.00665022787262171,NORMAL
9346,0.9861457749806429,0.0072039971467352795,0.00665022787262171,NORMAL
9347,0.9861457749806429,0.0072039971467352795,0.00665022787262171,NORMAL
9348,0.9861457749806429,0.0072039971467352795,0.00665022787262171,NORMAL
9349,0.9861457749806429,0.0072039971467352795,0.00665022787262171,NORMAL
9350,0.9861457749806429,0.0072039971467352795,0.00665022787262171,NORMAL
9351,0.9861457749806429,0.0072039971467352795,0.00665022787262171,NORMAL
9352,0.9861457749806429,0.0072039971467352795,0.00665022787262171,NORMAL
9353,0.9861457749806429,0.0072039971467352795,0.00665022787262171,NORMAL
9354,0.9861457749806429,0.0072039971467352795,0.00665022787262171,NORMAL
9355,0.9861457749806429,0.0072039971467352795,0.00665022787262171,NORMAL
9356,0.9861457749806429,0.0072039971467352795,0.00665022787262171,NORMAL
9357,0.9861457749806429,0.0072039971467352795,0.00665022787262171,NORMAL
9358,0.9861457749806429,0.0072039971467352795,0.00665022787262171,NORMAL
9359,0.9861457749806429,0.0072039971467352795,0.00665022787262171,NORMAL
9360,0.9861457749806429,0.0072039971467352795,0.00665022787262171,NORMAL
9361,0.9861457749806429,0.0072039971467352795,0.00665022787262171,NORMAL
9362,0.9861457749806429,0.0072039971467352795,0.00665022787262171,NORMAL
9363,0.9861457749806429,0.0072039971467352795,0.00665022787262171,NORMAL
9364,0.9861457749806429,0.0072039971467352795,0.00665022787262171,NORMAL
9365,0.9861457749806429,0.0072039971467352795,0.00665022787262171,NORMAL
9366,0.9861457749806429,0.0072039971467352795,0.00665022787262171,NORMAL
9367,0.9861457749806429,0.0072039971467352795,0.00665022787262171,NORMAL
9368,0.9861457749806429,0.0072039971467352795,0.00665022787262171,NORMAL
9369,0.9861457749806429,0.0072039971467352795,0.00665022787262171,NORMAL
9370,0.9861457749806429,0.0072039971467352795,0.00665022787262171,NORMAL
9371,0.9861457749806429,0.0072039971467352795,0.00665022787262171,NORMAL
9372,0.9861457749806429,0.0072039971467352795,0.00665022787262171,NORMAL
9373,0.9861457749806429,0.0072039971467352795,0.00665022787262171,NORMAL
9374,0.9861457749806429,0.0072039971467352795,0.00665022787262171,NORMAL
9375,0.9861457749806429,0.0072039971467352795,0.00665022787262171,NORMAL
9376,0.9861457749806429,0.0072039971467352795,0.00665022787262171,NORMAL
9377,0.9861457749806429,0.0072039971467352795,0.00665022787262171,NORMAL
9378,0.9861457749806429,0.0072039971467352795,0.00665022787262171,NORMAL
9379,0.9861457749806429,0.0072039971467352795,0.00665022787262171,NORMAL
9380,0.9861457749806429,0.0072039971467352795,0.00665022787262171,NORMAL
9381,0.9861457749806429,0.0072039971467352795,0.00665022787262171,NORMAL
9382,0.9861457749806429,0.0072039971467352795,0.00665022787262171,NORMAL
9383,0.9861457749806429,0.0072039971467352795,0.00665022787262171,NORMAL
9384,0.9861457749806429,0.0072039971467352795,0.00665022787262171,NORMAL
9385,0.9861457749806429,0.0072039971467352795,0.00665022787262171,NORMAL
9386,0.9861457749806429,0.0072039971467352795,0.00665022787262171,NORMAL
9387,0.9861457749806429,0.0072039971467352795,0.00665022787262171,NORMAL
9388,0.9861457749806429,0.0072039971467352795,0.00665022787262171,NORMAL
9389,0.9861457749806429,0.0072039971467352795,0.00665022787262171,NORMAL
9390,0.9861457749806429,0.0072039971467352795,0.00665022787262171,NORMAL
9391,0.9861457749806429,0.0072039971467352795,0.00665022787262171,NORMAL
9392,0.9861457749806429,0.0072039971467352795,0.00665022787262171,NORMAL
9393,0.9861457749806429,0.0072039971467352795,0.00665022787262171,NORMAL
9394,0.9861457749806429,0.0072039971467352795,0.00665022787262171,NORMAL
9395,0.9861457749806429,0.0072039971467352795,0.00665022787262171,NORMAL
9396,0.9879624270110484,0.005915827228695014,0.006121745760256779,NORMAL
9397,0.9879624270110484,0.005915827228695014,0.006121745760256779,NORMAL
9398,0.9879624270110484,0.005915827228695014,0.006121745760256779,NORMAL
9399,0.9879624270110484,0.005915827228695014,0.006121745760256779,NORMAL
9400,0.9879624270110484,0.005915827228695014,0.006121745760256779,NORMAL
9401,0.9879624270110484,0.005915827228695014,0.006121745760256779,NORMAL
9402,0.9879624270110484,0.005915827228695014,0.006121745760256779,NORMAL
9403,0.9879624270110484,0.005915827228695014,0.006121745760256779,NORMAL
9404,0.9879624270110484,0.005915827228695014,0.006121745760256779,NORMAL
9405,0.9879624270110484,0.005915827228695014,0.006121745760256779,NORMAL
9406,0.9879624270110484,0.005915827228695014,0.006121745760256779,NORMAL
9407,0.9879624270110484,0.005915827228695014,0.006121745760256779,NORMAL
9408,0.9879624270110484,0.005915827228695014,0.006121745760256779,NORMAL
9409,0.9879624270110484,0.005915827228695014,0.006121745760256779,NORMAL
9410,0.9879624270110484,0.005915827228695014,0.006121745760256779,NORMAL
9411,0.9879624270110484,0.005915827228695014,0.006121745760256779,NORMAL
9412,0.9879624270110484,0.005915827228695014,0.006121745760256779,NORMAL
9413,0.9879624270110484,0.005915827228695014,0.006121745760256779,NORMAL
9414,0.9861457749806429,0.0072039971467352795,0.00665022787262171,NORMAL
9415,0.9861457749806429,0.0072039971467352795,0.00665022787262171,NORMAL
9416,0.9861457749806429,0.0072039971467352795,0.00665022787262171,NORMAL
9417,0.9861457749806429,0.0072039971467352795,0.00665022787262171,NORMAL
9418,0.9861457749806429,0.0072039971467352795,0.00665022787262171,NORMAL
9419,0.9861457749806429,0.0072039971467352795,0.00665022787262171,NORMAL
9420,0.9861457749806429,0.0072039971467352795,0.00665022787262171,NORMAL
9421,0.9861457749806429,0.0072039971467352795,0.00665022787262171,NORMAL
9422,0.9861457749806429,0.0072039971467352795,0.00665022787262171,NORMAL
9423,0.9861457749806429,0.0072039971467352795,0.00665022787262171,NORMAL
9424,0.9861457749806429,0.0072039971467352795,0.00665022787262171,NORMAL
9425,0.9861457749806429,0.0072039971467352795,0.00665022787262171,NORMAL
9426,0.9861457749806429,0.0072039971467352795,0.00665022787262171,NORMAL
9427,0.9861457749806429,0.0072039971467352795,0.00665022787262171,NORMAL
9428,0.9861457749806429,0.0072039971467352795,0.00665022787262171,NORMAL
9429,0.9861457749806429,0.0072039971467352795,0.00665022787262171,NORMAL
9430,0.9861457749806429,0.0072039971467352795,0.00665022787262171,NORMAL
9431,0.9861457749806429,0.0072039971467352795,0.00665022787262171,NORMAL
9432,0.9861457749806429,0.0072039971467352795,0.00665022787262171,NORMAL
9433,0.9861457749806429,0.0072039971467352795,0.00665022787262171,NORMAL
9434,0.9861457749806429,0.0072039971467352795,0.00665022787262171,NORMAL
9435,0.9861457749806429,0.0072039971467352795,0.00665022787262171,NORMAL
9436,0.9861457749806429,0.0072039971467352795,0.00665022787262171,NORMAL
9437,0.9861457749806429,0.0072039971467352795,0.00665022787262171,NORMAL
9438,0.9861457749806429,0.0072039971467352795,0.00665022787262171,NORMAL
9439,0.9861457749806429,0.0072039971467352795,0.00665022787262171,NORMAL
9440,0.9861457749806429,0.0072039971467352795,0.00665022787262171,NORMAL
9441,0.9861457749806429,0.0072039971467352795,0.00665022787262171,NORMAL
9442,0.9861457749806429,0.0072039971467352795,0.00665022787262171,NORMAL
9443,0.9861457749806429,0.0072039971467352795,0.00665022787262171,NORMAL
9444,0.9861457749806429,0.0072039971467352795,0.00665022787262171,NORMAL
9445,0.9861457749806429,0.0072039971467352795,0.00665022787262171,NORMAL
9446,0.9861457749806429,0.0072039971467352795,0.00665022787262171,NORMAL
9447,0.9861457749806429,0.0072039971467352795,0.00665022787262171,NORMAL
9448,0.9861457749806429,0.0072039971467352795,0.00665022787262171,NORMAL
9449,0.9861457749806429,0.0072039971467352795,0.00665022787262171,NORMAL
9450,0.9859791409469767,0.008500740869144683,0.005520118183878616,NORMAL
9451,0.9859791409469767,0.008500740869144683,0.005520118183878616,NORMAL
9452,0.9859791409469767,0.008500740869144683,0.005520118183878616,NORMAL
9453,0.9859791409469767,0.008500740869144683,0.005520118183878616,NORMAL
9454,0.9859791409469767,0.008500740869144683,0.005520118183878616,NORMAL
9455,0.9859791409469767,0.008500740869144683,0.005520118183878616,NORMAL
9456,0.9859791409469767,0.008500740869144683,0.005520118183878616,NORMAL
9457,0.9859791409469767,0.008500740869144683,0.005520118183878616,NORMAL
9458,0.9859791409469767,0.008500740869144683,0.005520118183878616,NORMAL
9459,0.9859791409469767,0.008500740869144683,0.005520118183878616,NORMAL
9460,0.9859791409469767,0.008500740869144683,0.005520118183878616,NORMAL
9461,0.9859791409469767,0.008500740869144683,0.005520118183878616,NORMAL
9462,0.9859791409469767,0.008500740869144683,0.005520118183878616,NORMAL
9463,0.9859791409469767,0.008500740869144683,0.005520118183878616,NORMAL
9464,0.9859791409469767,0.008500740869144683,0.005520118183878616,NORMAL
9465,0.9859791409469767,0.008500740869144683,0.005520118183878616,NORMAL
9466,0.9859791409469767,0.008500740869144683,0.005520118183878616,NORMAL
9467,0.9859791409469767,0.008500740869144683,0.005520118183878616,NORMAL
9468,0.9879624270110484,0.005915827228695014,0.006121745760256779,NORMAL
9469,0.9879624270110484,0.005915827228695014,0.006121745760256779,NORMAL
9470,0.9879624270110484,0.005915827228695014,0.006121745760256779,NORMAL
9471,0.9879624270110484,0.005915827228695014,0.006121745760256779,NORMAL
9472,0.9879624270110484,0.005915827228695014,0.006121745760256779,NORMAL
9473,0.9879624270110484,0.005915827228695014,0.006121745760256779,NORMAL
9474,0.9879624270110484,0.005915827228695014,0.006121745760256779,NORMAL
9475,0.9879624270110484,0.005915827228695014,0.006121745760256779,NORMAL
9476,0.9879624270110484,0.005915827228695014,0.006121745760256779,NORMAL
9477,0.9879624270110484,0.005915827228695014,0.006121745760256779,NORMAL
9478,0.9879624270110484,0.005915827228695014,0.006121745760256779,NORMAL
9479,0.9879624270110484,0.005915827228695014,0.006121745760256779,NORMAL
9480,0.9879624270110484,0.005915827228695014,0.006121745760256779,NORMAL
9481,0.9879624270110484,0.005915827228695014,0.006121745760256779,NORMAL
9482,0.9879624270110484,0.005915827228695014,0.006121745760256779,NORMAL
9483,0.9879624270110484,0.005915827228695014,0.006121745760256779,NORMAL
9484,0.9879624270110484,0.005915827228695014,0.006121745760256779,NORMAL
9485,0.9879624270110484,0.005915827228695014,0.006121745760256779,NORMAL
9486,0.9879624270110484,0.005915827228695014,0.006121745760256779,NORMAL
9487,0.9879624270110484,0.005915827228695014,0.006121745760256779,NORMAL
9488,0.9879624270110484,0.005915827228695014,0.006121745760256779,NORMAL
9489,0.9879624270110484,0.005915827228695014,0.006121745760256779,NORMAL
9490,0.9879624270110484,0.005915827228695014,0.006121745760256779,NORMAL
9491,0.9879624270110484,0.005915827228695014,0.006121745760256779,NORMAL
9492,0.9879624270110484,0.005915827228695014,0.006121745760256779,NORMAL
9493,0.9879624270110484,0.005915827228695014,0.006121745760256779,NORMAL
9494,0.9879624270110484,0.005915827228695014,0.006121745760256779,NORMAL
9495,0.9879624270110484,0.005915827228695014,0.006121745760256779,NORMAL
9496,0.9879624270110484,0.005915827228695014,0.006121745760256779,NORMAL
9497,0.9879624270110484,0.005915827228695014,0.006121745760256779,NORMAL
9498,0.9879624270110484,0.005915827228695014,0.006121745760256779,NORMAL
9499,0.9879624270110484,0.005915827228695014,0.006121745760256779,NORMAL
9500,0.9879624270110484,0.005915827228695014,0.006121745760256779,NORMAL
9501,0.9879624270110484,0.005915827228695014,0.006121745760256779,NORMAL
9502,0.9879624270110484,0.005915827228695014,0.006121745760256779,NORMAL
9503,0.9879624270110484,0.005915827228695014,0.006121745760256779,NORMAL
9504,0.9859791409469767,0.008500740869144683,0.005520118183878616,NORMAL
9505,0.9859791409469767,0.008500740869144683,0.005520118183878616,NORMAL
9506,0.9859791409469767,0.008500740869144683,0.005520118183878616,NORMAL
9507,0.9859791409469767,0.008500740869144683,0.005520118183878616,NORMAL
9508,0.9859791409469767,0.008500740869144683,0.005520118183878616,NORMAL
9509,0.9859791409469767,0.008500740869144683,0.005520118183878616,NORMAL
9510,0.9859791409469767,0.008500740869144683,0.005520118183878616,NORMAL
9511,0.9859791409469767,0.008500740869144683,0.005520118183878616,NORMAL
9512,0.9859791409469767,0.008500740869144683,0.005520118183878616,NORMAL
9513,0.9859791409469767,0.008500740869144683,0.005520118183878616,NORMAL
9514,0.9859791409469767,0.008500740869144683,0.005520118183878616,NORMAL
9515,0.9859791409469767,0.008500740869144683,0.005520118183878616,NORMAL
9516,0.9859791409469767,0.008500740869144683,0.005520118183878616,NORMAL
9517,0.9859791409469767,0.008500740869144683,0.005520118183878616,NORMAL
9518,0.9859791409469767,0.008500740869144683,0.005520118183878616,NORMAL
9519,0.9859791409469767,0.008500740869144683,0.005520118183878616,NORMAL
9520,0.9859791409469767,0.008500740869144683,0.005520118183878616,NORMAL
9521,0.9859791409469767,0.008500740869144683,0.005520118183878616,NORMAL
9522,0.9859791409469767,0.008500740869144683,0.005520118183878616,NORMAL
9523,0.9859791409469767,0.008500740869144683,0.005520118183878616,NORMAL
9524,0.9859791409469767,0.008500740869144683,0.005520118183878616,NORMAL
9525,0.9859791409469767,0.008500740869144683,0.005520118183878616,NORMAL
9526,0.9859791409469767,0.008500740869144683,0.005520118183878616,NORMAL
9527,0.9859791409469767,0.008500740869144683,0.005520118183878616,NORMAL
9528,0.9859791409469767,0.008500740869144683,0.005520118183878616,NORMAL
9529,0.9859791409469767,0.008500740869144683,0.005520118183878616,NORMAL
9530,0.9859791409469767,0.008500740869144683,0.005520118183878616,NORMAL
9531,0.9859791409469767,0.008500740869144683,0.005520118183878616,NORMAL
9532,0.9859791409469767,0.008500740869144683,0.005520118183878616,NORMAL
9533,0.9859791409469767,0.008500740869144683,0.005520118183878616,NORMAL
9534,0.9859791409469767,0.008500740869144683,0.005520118183878616,NORMAL
9535,0.9859791409469767,0.008500740869144683,0.005520118183878616,NORMAL
9536,0.9859791409469767,0.008500740869144683,0.005520118183878616,NORMAL
9537,0.9859791409469767,0.008500740869144683,0.005520118183878616,NORMAL
9538,0.9859791409469767,0.008500740869144683,0.005520118183878616,NORMAL
9539,0.9859791409469767,0.008500740869144683,0.005520118183878616,NORMAL
9540,0.9861457749806429,0.0072039971467352795,0.00665022787262171,NORMAL
9541,0.9861457749806429,0.0072039971467352795,0.00665022787262171,NORMAL
9542,0.9861457749806429,0.0072039971467352795,0.00665022787262171,NORMAL
9543,0.9861457749806429,0.0072039971467352795,0.00665022787262171,NORMAL
9544,0.9861457749806429,0.0072039971467352795,0.00665022787262171,NORMAL
9545,0.9861457749806429,0.0072039971467352795,0.00665022787262171,NORMAL
9546,0.9861457749806429,0.0072039971467352795,0.00665022787262171,NORMAL
9547,0.9861457749806429,0.0072039971467352795,0.00665022787262171,NORMAL
9548,0.9861457749806429,0.0072039971467352795,0.00665022787262171,NORMAL
9549,0.9861457749806429,0.0072039971467352795,0.00665022787262171,NORMAL
9550,0.9861457749806429,0.0072039971467352795,0.00665022787262171,NORMAL
9551,0.9861457749806429,0.0072039971467352795,0.00665022787262171,NORMAL
9552,0.9861457749806429,0.0072039971467352795,0.00665022787262171,NORMAL
9553,0.9861457749806429,0.0072039971467352795,0.00665022787262171,NORMAL
9554,0.9861457749806429,0.0072039971467352795,0.00665022787262171,NORMAL
9555,0.9861457749806429,0.0072039971467352795,0.00665022787262171,NORMAL
9556,0.9861457749806429,0.0072039971467352795,0.00665022787262171,NORMAL
9557,0.9861457749806429,0.0072039971467352795,0.00665022787262171,NORMAL
9558,0.9861457749806429,0.0072039971467352795,0.00665022787262171,NORMAL
9559,0.9861457749806429,0.0072039971467352795,0.00665022787262171,NORMAL
9560,0.9861457749806429,0.0072039971467352795,0.00665022787262171,NORMAL
9561,0.9861457749806429,0.0072039971467352795,0.00665022787262171,NORMAL
9562,0.9861457749806429,0.0072039971467352795,0.00665022787262171,NORMAL
9563,0.9861457749806429,0.0072039971467352795,0.00665022787262171,NORMAL
9564,0.9861457749806429,0.0072039971467352795,0.00665022787262171,NORMAL
9565,0.9861457749806429,0.0072039971467352795,0.00665022787262171,NORMAL
9566,0.9861457749806429,0.0072039971467352795,0.00665022787262171,NORMAL
9567,0.9861457749806429,0.0072039971467352795,0.00665022787262171,NORMAL
9568,0.9861457749806429,0.0072039971467352795,0.00665022787262171,NORMAL
9569,0.9861457749806429,0.0072039971467352795,0.00665022787262171,NORMAL
9570,0.9861457749806429,0.0072039971467352795,0.00665022787262171,NORMAL
9571,0.9861457749806429,0.0072039971467352795,0.00665022787262171,NORMAL
9572,0.9861457749806429,0.0072039971467352795,0.00665022787262171,NORMAL
9573,0.9861457749806429,0.0072039971467352795,0.00665022787262171,NORMAL
9574,0.9861457749806429,0.0072039971467352795,0.00665022787262171,NORMAL
9575,0.9861457749806429,0.0072039971467352795,0.00665022787262171,NORMAL
9576,0.9879624270110484,0.005915827228695014,0.006121745760256779,NORMAL
9577,0.9879624270110484,0.005915827228695014,0.006121745760256779,NORMAL
9578,0.9879624270110484,0.005915827228695014,0.006121745760256779,NORMAL
9579,0.9879624270110484,0.005915827228695014,0.006121745760256779,NORMAL
9580,0.9879624270110484,0.005915827228695014,0.006121745760256779,NORMAL
9581,0.9879624270110484,0.005915827228695014,0.006121745760256779,NORMAL
9582,0.9879624270110484,0.005915827228695014,0.006121745760256779,NORMAL
9583,0.9879624270110484,0.005915827228695014,0.006121745760256779,NORMAL
9584,0.9879624270110484,0.005915827228695014,0.006121745760256779,NORMAL
9585,0.9879624270110484,0.005915827228695014,0.006121745760256779,NORMAL
9586,0.9879624270110484,0.005915827228695014,0.006121745760256779,NORMAL
9587,0.9879624270110484,0.005915827228695014,0.006121745760256779,NORMAL
9588,0.9879624270110484,0.005915827228695014,0.006121745760256779,NORMAL
9589,0.9879624270110484,0.005915827228695014,0.006121745760256779,NORMAL
9590,0.9879624270110484,0.005915827228695014,0.006121745760256779,NORMAL
9591,0.9879624270110484,0.005915827228695014,0.006121745760256779,NORMAL
9592,0.9879624270110484,0.005915827228695014,0.006121745760256779,NORMAL
9593,0.9879624270110484,0.005915827228695014,0.006121745760256779,NORMAL
9594,0.9879624270110484,0.005915827228695014,0.006121745760256779,NORMAL
9595,0.9879624270110484,0.005915827228695014,0.006121745760256779,NORMAL
9596,0.9879624270110484,0.005915827228695014,0.006121745760256779,NORMAL
9597,0.9879624270110484,0.005915827228695014,0.006121745760256779,NORMAL
9598,0.9879624270110484,0.005915827228695014,0.006121745760256779,NORMAL
9599,0.9879624270110484,0.005915827228695014,0.006121745760256779,NORMAL
9600,0.9879624270110484,0.005915827228695014,0.006121745760256779,NORMAL
9601,0.9879624270110484,0.005915827228695014,0.006121745760256779,NORMAL
9602,0.9879624270110484,0.005915827228695014,0.006121745760256779,NORMAL
9603,0.9879624270110484,0.005915827228695014,0.006121745760256779,NORMAL
9604,0.9879624270110484,0.005915827228695014,0.006121745760256779,NORMAL
9605,0.9879624270110484,0.005915827228695014,0.006121745760256779,NORMAL
9606,0.9879624270110484,0.005915827228695014,0.006121745760256779,NORMAL
9607,0.9879624270110484,0.005915827228695014,0.006121745760256779,NORMAL
9608,0.9879624270110484,0.005915827228695014,0.006121745760256779,NORMAL
9609,0.9879624270110484,0.005915827228695014,0.006121745760256779,NORMAL
9610,0.9879624270110484,0.005915827228695014,0.006121745760256779,NORMAL
9611,0.9879624270110484,0.005915827228695014,0.006121745760256779,NORMAL
9612,0.9879624270110484,0.005915827228695014,0.006121745760256779,NORMAL
9613,0.9879624270110484,0.005915827228695014,0.006121745760256779,NORMAL
9614,0.9879624270110484,0.005915827228695014,0.006121745760256779,NORMAL
9615,0.9879624270110484,0.005915827228695014,0.006121745760256779,NORMAL
9616,0.9879624270110484,0.005915827228695014,0.006121745760256779,NORMAL
9617,0.9875363801218535,0.006341830124600789,0.006121789753545775,NORMAL
9618,0.9879624270110484,0.005915827228695014,0.006121745760256779,NORMAL
9619,0.9879624270110484,0.005915827228695014,0.006121745760256779,NORMAL
9620,0.9879624270110484,0.005915827228695014,0.006121745760256779,NORMAL
9621,0.9879624270110484,0.005915827228695014,0.006121745760256779,NORMAL
9622,0.9879624270110484,0.005915827228695014,0.006121745760256779,NORMAL
9623,0.9879624270110484,0.005915827228695014,0.006121745760256779,NORMAL
9624,0.9879624270110484,0.005915827228695014,0.006121745760256779,NORMAL
9625,0.9879624270110484,0.005915827228695014,0.006121745760256779,NORMAL
9626,0.9879624270110484,0.005915827228695014,0.006121745760256779,NORMAL
9627,0.9879624270110484,0.005915827228695014,0.006121745760256779,NORMAL
9628,0.9879624270110484,0.005915827228695014,0.006121745760256779,NORMAL
9629,0.9879624270110484,0.005915827228695014,0.006121745760256779,NORMAL
9630,0.9879624270110484,0.005915827228695014,0.006121745760256779,NORMAL
9631,0.9879624270110484,0.005915827228695014,0.006121745760256779,NORMAL
9632,0.9879624270110484,0.005915827228695014,0.006121745760256779,NORMAL
9633,0.9879624270110484,0.005915827228695014,0.006121745760256779,NORMAL
9634,0.9879624270110484,0.005915827228695014,0.006121745760256779,NORMAL
9635,0.9879624270110484,0.005915827228695014,0.006121745760256779,NORMAL
9636,0.9879624270110484,0.005915827228695014,0.006121745760256779,NORMAL
9637,0.9879624270110484,0.005915827228695014,0.006121745760256779,NORMAL
9638,0.9879624270110484,0.005915827228695014,0.006121745760256779,NORMAL
9639,0.9879624270110484,0.005915827228695014,0.006121745760256779,NORMAL
9640,0.9879624270110484,0.005915827228695014,0.006121745760256779,NORMAL
9641,0.9879624270110484,0.005915827228695014,0.006121745760256779,NORMAL
9642,0.9879624270110484,0.005915827228695014,0.006121745760256779,NORMAL
9643,0.9879624270110484,0.005915827228695014,0.006121745760256779,NORMAL
9644,0.9879624270110484,0.005915827228695014,0.006121745760256779,NORMAL
9645,0.9879624270110484,0.005915827228695014,0.006121745760256779,NORMAL
9646,0.9879624270110484,0.005915827228695014,0.006121745760256779,NORMAL
9647,0.9879624270110484,0.005915827228695014,0.006121745760256779,NORMAL
9648,0.9861457749806429,0.0072039971467352795,0.00665022787262171,NORMAL
9649,0.9861457749806429,0.0072039971467352795,0.00665022787262171,NORMAL
9650,0.9861457749806429,0.0072039971467352795,0.00665022787262171,NORMAL
9651,0.9861457749806429,0.0072039971467352795,0.00665022787262171,NORMAL
9652,0.9861457749806429,0.0072039971467352795,0.00665022787262171,NORMAL
9653,0.9861457749806429,0.0072039971467352795,0.00665022787262171,NORMAL
9654,0.9861457749806429,0.0072039971467352795,0.00665022787262171,NORMAL
9655,0.9861457749806429,0.0072039971467352795,0.00665022787262171,NORMAL
9656,0.9861457749806429,0.0072039971467352795,0.00665022787262171,NORMAL
9657,0.9861457749806429,0.0072039971467352795,0.00665022787262171,NORMAL
9658,0.9861457749806429,0.0072039971467352795,0.00665022787262171,NORMAL
9659,0.9861457749806429,0.0072039971467352795,0.00665022787262171,NORMAL
9660,0.9861457749806429,0.0072039971467352795,0.00665022787262171,NORMAL
9661,0.9861457749806429,0.0072039971467352795,0.00665022787262171,NORMAL
9662,0.9861457749806429,0.0072039971467352795,0.00665022787262171,NORMAL
9663,0.9861457749806429,0.0072039971467352795,0.00665022787262171,NORMAL
9664,0.9861457749806429,0.0072039971467352795,0.00665022787262171,NORMAL
9665,0.9861457749806429,0.0072039971467352795,0.00665022787262171,NORMAL
9666,0.9879624270110484,0.005915827228695014,0.006121745760256779,NORMAL
9667,0.9879624270110484,0.005915827228695014,0.006121745760256779,NORMAL
9668,0.9879624270110484,0.005915827228695014,0.006121745760256779,NORMAL
9669,0.9879624270110484,0.005915827228695014,0.006121745760256779,NORMAL
9670,0.9879624270110484,0.005915827228695014,0.006121745760256779,NORMAL
9671,0.9879624270110484,0.005915827228695014,0.006121745760256779,NORMAL
9672,0.9879624270110484,0.005915827228695014,0.006121745760256779,NORMAL
9673,0.9879624270110484,0.005915827228695014,0.006121745760256779,NORMAL
9674,0.9879624270110484,0.005915827228695014,0.006121745760256779,NORMAL
9675,0.9879624270110484,0.005915827228695014,0.006121745760256779,NORMAL
9676,0.9879624270110484,0.005915827228695014,0.006121745760256779,NORMAL
9677,0.9879624270110484,0.005915827228695014,0.006121745760256779,NORMAL
9678,0.9879624270110484,0.005915827228695014,0.006121745760256779,NORMAL
9679,0.9879624270110484,0.005915827228695014,0.006121745760256779,NORMAL
9680,0.9879624270110484,0.005915827228695014,0.006121745760256779,NORMAL
9681,0.9879624270110484,0.005915827228695014,0.006121745760256779,NORMAL
9682,0.9879624270110484,0.005915827228695014,0.006121745760256779,NORMAL
9683,0.9879624270110484,0.005915827228695014,0.006121745760256779,NORMAL
9684,0.9861457749806429,0.0072039971467352795,0.00665022787262171,NORMAL
9685,0.9861457749806429,0.0072039971467352795,0.00665022787262171,NORMAL
9686,0.9861457749806429,0.0072039971467352795,0.00665022787262171,NORMAL
9687,0.9861457749806429,0.0072039971467352795,0.00665022787262171,NORMAL
9688,0.9861457749806429,0.0072039971467352795,0.00665022787262171,NORMAL
9689,0.9861457749806429,0.0072039971467352795,0.00665022787262171,NORMAL
9690,0.9861457749806429,0.0072039971467352795,0.00665022787262171,NORMAL
9691,0.9861457749806429,0.0072039971467352795,0.00665022787262171,NORMAL
9692,0.9861457749806429,0.0072039971467352795,0.00665022787262171,NORMAL
9693,0.9861457749806429,0.0072039971467352795,0.00665022787262171,NORMAL
9694,0.9861457749806429,0.0072039971467352795,0.00665022787262171,NORMAL
9695,0.9861457749806429,0.0072039971467352795,0.00665022787262171,NORMAL
9696,0.9861457749806429,0.0072039971467352795,0.00665022787262171,NORMAL
9697,0.9861457749806429,0.0072039971467352795,0.00665022787262171,NORMAL
9698,0.9861457749806429,0.0072039971467352795,0.00665022787262171,NORMAL
9699,0.9861457749806429,0.0072039971467352795,0.00665022787262171,NORMAL
9700,0.9861457749806429,0.0072039971467352795,0.00665022787262171,NORMAL
9701,0.9861457749806429,0.0072039971467352795,0.00665022787262171,NORMAL
9702,0.9859791409469767,0.008500740869144683,0.005520118183878616,NORMAL
9703,0.9859791409469767,0.008500740869144683,0.005520118183878616,NORMAL
9704,0.9859791409469767,0.008500740869144683,0.005520118183878616,NORMAL
9705,0.9859791409469767,0.008500740869144683,0.005520118183878616,NORMAL
9706,0.9859791409469767,0.008500740869144683,0.005520118183878616,NORMAL
9707,0.9859791409469767,0.008500740869144683,0.005520118183878616,NORMAL
9708,0.9859791409469767,0.008500740869144683,0.005520118183878616,NORMAL
9709,0.9859791409469767,0.008500740869144683,0.005520118183878616,NORMAL
9710,0.9859791409469767,0.008500740869144683,0.005520118183878616,NORMAL
9711,0.9859791409469767,0.008500740869144683,0.005520118183878616,NORMAL
9712,0.9859791409469767,0.008500740869144683,0.005520118183878616,NORMAL
9713,0.9859791409469767,0.008500740869144683,0.005520118183878616,NORMAL
9714,0.9859791409469767,0.008500740869144683,0.005520118183878616,NORMAL
9715,0.9859791409469767,0.008500740869144683,0.005520118183878616,NORMAL
9716,0.9859791409469767,0.008500740869144683,0.005520118183878616,NORMAL
9717,0.9859791409469767,0.008500740869144683,0.005520118183878616,NORMAL
9718,0.9859791409469767,0.008500740869144683,0.005520118183878616,NORMAL
9719,0.9859791409469767,0.008500740869144683,0.005520118183878616,NORMAL
9720,0.9879624270110484,0.005915827228695014,0.006121745760256779,NORMAL
9721,0.9879624270110484,0.005915827228695014,0.006121745760256779,NORMAL
9722,0.9879624270110484,0.005915827228695014,0.006121745760256779,NORMAL
9723,0.9879624270110484,0.005915827228695014,0.006121745760256779,NORMAL
9724,0.9879624270110484,0.005915827228695014,0.006121745760256779,NORMAL
9725,0.9879624270110484,0.005915827228695014,0.006121745760256779,NORMAL
9726,0.9879624270110484,0.005915827228695014,0.006121745760256779,NORMAL
9727,0.9879624270110484,0.005915827228695014,0.006121745760256779,NORMAL
9728,0.9879624270110484,0.005915827228695014,0.006121745760256779,NORMAL
9729,0.9879624270110484,0.005915827228695014,0.006121745760256779,NORMAL
9730,0.9879624270110484,0.005915827228695014,0.006121745760256779,NORMAL
9731,0.9879624270110484,0.005915827228695014,0.006121745760256779,NORMAL
9732,0.9879624270110484,0.005915827228695014,0.006121745760256779,NORMAL
9733,0.9879624270110484,0.005915827228695014,0.006121745760256779,NORMAL
9734,0.9879624270110484,0.005915827228695014,0.006121745760256779,NORMAL
9735,0.9879624270110484,0.005915827228695014,0.006121745760256779,NORMAL
9736,0.9879624270110484,0.005915827228695014,0.006121745760256779,NORMAL
9737,0.9879624270110484,0.005915827228695014,0.006121745760256779,NORMAL
9738,0.9859791409469767,0.008500740869144683,0.005520118183878616,NORMAL
9739,0.9859791409469767,0.008500740869144683,0.005520118183878616,NORMAL
9740,0.9859791409469767,0.008500740869144683,0.005520118183878616,NORMAL
9741,0.9859791409469767,0.008500740869144683,0.005520118183878616,NORMAL
9742,0.9859791409469767,0.008500740869144683,0.005520118183878616,NORMAL
9743,0.9859791409469767,0.008500740869144683,0.005520118183878616,NORMAL
9744,0.9859791409469767,0.008500740869144683,0.005520118183878616,NORMAL
9745,0.9859791409469767,0.008500740869144683,0.005520118183878616,NORMAL
9746,0.9859791409469767,0.008500740869144683,0.005520118183878616,NORMAL
9747,0.9859791409469767,0.008500740869144683,0.005520118183878616,NORMAL
9748,0.9859791409469767,0.008500740869144683,0.005520118183878616,NORMAL
9749,0.9859791409469767,0.008500740869144683,0.005520118183878616,NORMAL
9750,0.9859791409469767,0.008500740869144683,0.005520118183878616,NORMAL
9751,0.9859791409469767,0.008500740869144683,0.005520118183878616,NORMAL
9752,0.9859791409469767,0.008500740869144683,0.005520118183878616,NORMAL
9753,0.9859791409469767,0.008500740869144683,0.005520118183878616,NORMAL
9754,0.9859791409469767,0.008500740869144683,0.005520118183878616,NORMAL
9755,0.9859791409469767,0.008500740869144683,0.005520118183878616,NORMAL
9756,0.9861457749806429,0.0072039971467352795,0.00665022787262171,NORMAL
9757,0.9861457749806429,0.0072039971467352795,0.00665022787262171,NORMAL
9758,0.9861457749806429,0.0072039971467352795,0.00665022787262171,NORMAL
9759,0.9861457749806429,0.0072039971467352795,0.00665022787262171,NORMAL
9760,0.9861457749806429,0.0072039971467352795,0.00665022787262171,NORMAL
9761,0.9861457749806429,0.0072039971467352795,0.00665022787262171,NORMAL
9762,0.9861457749806429,0.0072039971467352795,0.00665022787262171,NORMAL
9763,0.9861457749806429,0.0072039971467352795,0.00665022787262171,NORMAL
9764,0.9861457749806429,0.0072039971467352795,0.00665022787262171,NORMAL
9765,0.9861457749806429,0.0072039971467352795,0.00665022787262171,NORMAL
9766,0.9861457749806429,0.0072039971467352795,0.00665022787262171,NORMAL
9767,0.9861457749806429,0.0072039971467352795,0.00665022787262171,NORMAL
9768,0.9861457749806429,0.0072039971467352795,0.00665022787262171,NORMAL
9769,0.9861457749806429,0.0072039971467352795,0.00665022787262171,NORMAL
9770,0.9861457749806429,0.0072039971467352795,0.00665022787262171,NORMAL
9771,0.9861457749806429,0.0072039971467352795,0.00665022787262171,NORMAL
9772,0.9861457749806429,0.0072039971467352795,0.00665022787262171,NORMAL
9773,0.9861457749806429,0.0072039971467352795,0.00665022787262171,NORMAL
9774,0.9861457749806429,0.0072039971467352795,0.00665022787262171,NORMAL
9775,0.9861457749806429,0.0072039971467352795,0.00665022787262171,NORMAL
9776,0.9861457749806429,0.0072039971467352795,0.00665022787262171,NORMAL
9777,0.9861457749806429,0.0072039971467352795,0.00665022787262171,NORMAL
9778,0.9861457749806429,0.0072039971467352795,0.00665022787262171,NORMAL
9779,0.9861457749806429,0.0072039971467352795,0.00665022787262171,NORMAL
9780,0.9861457749806429,0.0072039971467352795,0.00665022787262171,NORMAL
9781,0.9861457749806429,0.0072039971467352795,0.00665022787262171,NORMAL
9782,0.9861457749806429,0.0072039971467352795,0.00665022787262171,NORMAL
9783,0.9861457749806429,0.0072039971467352795,0.00665022787262171,NORMAL
9784,0.9861457749806429,0.0072039971467352795,0.00665022787262171,NORMAL
9785,0.9861457749806429,0.0072039971467352795,0.00665022787262171,NORMAL
9786,0.9861457749806429,0.0072039971467352795,0.00665022787262171,NORMAL
9787,0.9861457749806429,0.0072039971467352795,0.00665022787262171,NORMAL
9788,0.9861457749806429,0.0072039971467352795,0.00665022787262171,NORMAL
9789,0.9861457749806429,0.0072039971467352795,0.00665022787262171,NORMAL
9790,0.9861457749806429,0.0072039971467352795,0.00665022787262171,NORMAL
9791,0.9861457749806429,0.0072039971467352795,0.00665022787262171,NORMAL
9792,0.9879624270110484,0.005915827228695014,0.006121745760256779,NORMAL
9793,0.9879624270110484,0.005915827228695014,0.006121745760256779,NORMAL
9794,0.9879624270110484,0.005915827228695014,0.006121745760256779,NORMAL
9795,0.9879624270110484,0.005915827228695014,0.006121745760256779,NORMAL
9796,0.9879624270110484,0.005915827228695014,0.006121745760256779,NORMAL
9797,0.9879624270110484,0.005915827228695014,0.006121745760256779,NORMAL
9798,0.9879624270110484,0.005915827228695014,0.006121745760256779,NORMAL
9799,0.9879624270110484,0.005915827228695014,0.006121745760256779,NORMAL
9800,0.9879624270110484,0.005915827228695014,0.006121745760256779,NORMAL
9801,0.9879624270110484,0.005915827228695014,0.006121745760256779,NORMAL
9802,0.9879624270110484,0.005915827228695014,0.006121745760256779,NORMAL
9803,0.9879624270110484,0.005915827228695014,0.006121745760256779,NORMAL
9804,0.9879624270110484,0.005915827228695014,0.006121745760256779,NORMAL
9805,0.9879624270110484,0.005915827228695014,0.006121745760256779,NORMAL
9806,0.9879624270110484,0.005915827228695014,0.006121745760256779,NORMAL
9807,0.9879624270110484,0.005915827228695014,0.006121745760256779,NORMAL
9808,0.9879624270110484,0.005915827228695014,0.006121745760256779,NORMAL
9809,0.9879624270110484,0.005915827228695014,0.006121745760256779,NORMAL
9810,0.9861457749806429,0.0072039971467352795,0.00665022787262171,NORMAL
9811,0.9861457749806429,0.0072039971467352795,0.00665022787262171,NORMAL
9812,0.9861457749806429,0.0072039971467352795,0.00665022787262171,NORMAL
9813,0.9861457749806429,0.0072039971467352795,0.00665022787262171,NORMAL
9814,0.9861457749806429,0.0072039971467352795,0.00665022787262171,NORMAL
9815,0.9861457749806429,0.0072039971467352795,0.00665022787262171,NORMAL
9816,0.9861457749806429,0.0072039971467352795,0.00665022787262171,NORMAL
9817,0.9861457749806429,0.0072039971467352795,0.00665022787262171,NORMAL
9818,0.9861457749806429,0.0072039971467352795,0.00665022787262171,NORMAL
9819,0.9861457749806429,0.0072039971467352795,0.00665022787262171,NORMAL
9820,0.9861457749806429,0.0072039971467352795,0.00665022787262171,NORMAL
9821,0.9861457749806429,0.0072039971467352795,0.00665022787262171,NORMAL
9822,0.9861457749806429,0.0072039971467352795,0.00665022787262171,NORMAL
9823,0.9861457749806429,0.0072039971467352795,0.00665022787262171,NORMAL
9824,0.9861457749806429,0.0072039971467352795,0.00665022787262171,NORMAL
9825,0.9861457749806429,0.0072039971467352795,0.00665022787262171,NORMAL
9826,0.9861457749806429,0.0072039971467352795,0.00665022787262171,NORMAL
9827,0.9861457749806429,0.0072039971467352795,0.00665022787262171,NORMAL
9828,0.9879624270110484,0.005915827228695014,0.006121745760256779,NORMAL
9829,0.9879624270110484,0.005915827228695014,0.006121745760256779,NORMAL
9830,0.9879624270110484,0.005915827228695014,0.006121745760256779,NORMAL
9831,0.9879624270110484,0.005915827228695014,0.006121745760256779,NORMAL
9832,0.9879624270110484,0.005915827228695014,0.006121745760256779,NORMAL
9833,0.9879624270110484,0.005915827228695014,0.006121745760256779,NORMAL
9834,0.9879624270110484,0.005915827228695014,0.006121745760256779,NORMAL
9835,0.9879624270110484,0.005915827228695014,0.006121745760256779,NORMAL
9836,0.9879624270110484,0.005915827228695014,0.006121745760256779,NORMAL
9837,0.9879624270110484,0.005915827228695014,0.006121745760256779,NORMAL
9838,0.9879624270110484,0.005915827228695014,0.006121745760256779,NORMAL
9839,0.9879624270110484,0.005915827228695014,0.006121745760256779,NORMAL
9840,0.9879624270110484,0.005915827228695014,0.006121745760256779,NORMAL
9841,0.9879624270110484,0.005915827228695014,0.006121745760256779,NORMAL
9842,0.9879624270110484,0.005915827228695014,0.006121745760256779,NORMAL
9843,0.9879624270110484,0.005915827228695014,0.006121745760256779,NORMAL
9844,0.9879624270110484,0.005915827228695014,0.006121745760256779,NORMAL
9845,0.9879624270110484,0.005915827228695014,0.006121745760256779,NORMAL
9846,0.9861457749806429,0.0072039971467352795,0.00665022787262171,NORMAL
9847,0.9861457749806429,0.0072039971467352795,0.00665022787262171,NORMAL
9848,0.9861457749806429,0.0072039971467352795,0.00665022787262171,NORMAL
9849,0.9861457749806429,0.0072039971467352795,0.00665022787262171,NORMAL
9850,0.9861457749806429,0.0072039971467352795,0.00665022787262171,NORMAL
9851,0.9861457749806429,0.0072039971467352795,0.00665022787262171,NORMAL
9852,0.9861457749806429,0.0072039971467352795,0.00665022787262171,NORMAL
9853,0.9861457749806429,0.0072039971467352795,0.00665022787262171,NORMAL
9854,0.9861457749806429,0.0072039971467352795,0.00665022787262171,NORMAL
9855,0.9861457749806429,0.0072039971467352795,0.00665022787262171,NORMAL
9856,0.9861457749806429,0.0072039971467352795,0.00665022787262171,NORMAL
9857,0.9861457749806429,0.0072039971467352795,0.00665022787262171,NORMAL
9858,0.9861457749806429,0.0072039971467352795,0.00665022787262171,NORMAL
9859,0.9861457749806429,0.0072039971467352795,0.00665022787262171,NORMAL
9860,0.9861457749806429,0.0072039971467352795,0.00665022787262171,NORMAL
9861,0.9861457749806429,0.0072039971467352795,0.00665022787262171,NORMAL
9862,0.9861457749806429,0.0072039971467352795,0.00665022787262171,NORMAL
9863,0.9861457749806429,0.0072039971467352795,0.00665022787262171,NORMAL
9864,0.9879624270110484,0.005915827228695014,0.006121745760256779,NORMAL
9865,0.9879624270110484,0.005915827228695014,0.006121745760256779,NORMAL
9866,0.9879624270110484,0.005915827228695014,0.006121745760256779,NORMAL
9867,0.9879624270110484,0.005915827228695014,0.006121745760256779,NORMAL
9868,0.9879624270110484,0.005915827228695014,0.006121745760256779,NORMAL
9869,0.9879624270110484,0.005915827228695014,0.006121745760256779,NORMAL
9870,0.9879624270110484,0.005915827228695014,0.006121745760256779,NORMAL
9871,0.9879624270110484,0.005915827228695014,0.006121745760256779,NORMAL
9872,0.9879624270110484,0.005915827228695014,0.006121745760256779,NORMAL
9873,0.9879624270110484,0.005915827228695014,0.006121745760256779,NORMAL
9874,0.9879624270110484,0.005915827228695014,0.006121745760256779,NORMAL
9875,0.9879624270110484,0.005915827228695014,0.006121745760256779,NORMAL
9876,0.9879624270110484,0.005915827228695014,0.006121745760256779,NORMAL
9877,0.9879624270110484,0.005915827228695014,0.006121745760256779,NORMAL
9878,0.9879624270110484,0.005915827228695014,0.006121745760256779,NORMAL
9879,0.9879624270110484,0.005915827228695014,0.006121745760256779,NORMAL
9880,0.9879624270110484,0.005915827228695014,0.006121745760256779,NORMAL
9881,0.9879624270110484,0.005915827228695014,0.006121745760256779,NORMAL
9882,0.9859791409469767,0.008500740869144683,0.005520118183878616,NORMAL
9883,0.9859791409469767,0.008500740869144683,0.005520118183878616,NORMAL
9884,0.9859791409469767,0.008500740869144683,0.005520118183878616,NORMAL
9885,0.9859791409469767,0.008500740869144683,0.005520118183878616,NORMAL
9886,0.9859791409469767,0.008500740869144683,0.005520118183878616,NORMAL
9887,0.9859791409469767,0.008500740869144683,0.005520118183878616,NORMAL
9888,0.9859791409469767,0.008500740869144683,0.005520118183878616,NORMAL
9889,0.9859791409469767,0.008500740869144683,0.005520118183878616,NORMAL
9890,0.9859791409469767,0.008500740869144683,0.005520118183878616,NORMAL
9891,0.9859791409469767,0.008500740869144683,0.005520118183878616,NORMAL
9892,0.9859791409469767,0.008500740869144683,0.005520118183878616,NORMAL
9893,0.9859791409469767,0.008500740869144683,0.005520118183878616,NORMAL
9894,0.9859791409469767,0.008500740869144683,0.005520118183878616,NORMAL
9895,0.9859791409469767,0.008500740869144683,0.005520118183878616,NORMAL
9896,0.9859791409469767,0.008500740869144683,0.005520118183878616,NORMAL
9897,0.9859791409469767,0.008500740869144683,0.005520118183878616,NORMAL
9898,0.9859791409469767,0.008500740869144683,0.005520118183878616,NORMAL
9899,0.9859791409469767,0.008500740869144683,0.005520118183878616,NORMAL
9900,0.9879624270110484,0.005915827228695014,0.006121745760256779,NORMAL
9901,0.9879624270110484,0.005915827228695014,0.006121745760256779,NORMAL
9902,0.9879624270110484,0.005915827228695014,0.006121745760256779,NORMAL
9903,0.9879624270110484,0.005915827228695014,0.006121745760256779,NORMAL
9904,0.9879624270110484,0.005915827228695014,0.006121745760256779,NORMAL
9905,0.9879624270110484,0.005915827228695014,0.006121745760256779,NORMAL
9906,0.9879624270110484,0.005915827228695014,0.006121745760256779,NORMAL
9907,0.9879624270110484,0.005915827228695014,0.006121745760256779,NORMAL
9908,0.9879624270110484,0.005915827228695014,0.006121745760256779,NORMAL
9909,0.9879624270110484,0.005915827228695014,0.006121745760256779,NORMAL
9910,0.9879624270110484,0.005915827228695014,0.006121745760256779,NORMAL
9911,0.9879624270110484,0.005915827228695014,0.006121745760256779,NORMAL
9912,0.9879624270110484,0.005915827228695014,0.006121745760256779,NORMAL
9913,0.9879624270110484,0.005915827228695014,0.006121745760256779,NORMAL
9914,0.9879624270110484,0.005915827228695014,0.006121745760256779,NORMAL
9915,0.9879624270110484,0.005915827228695014,0.006121745760256779,NORMAL
9916,0.9879624270110484,0.005915827228695014,0.006121745760256779,NORMAL
9917,0.9879624270110484,0.005915827228695014,0.006121745760256779,NORMAL
9918,0.9859791409469767,0.008500740869144683,0.005520118183878616,NORMAL
9919,0.9859791409469767,0.008500740869144683,0.005520118183878616,NORMAL
9920,0.9859791409469767,0.008500740869144683,0.005520118183878616,NORMAL
9921,0.9859791409469767,0.008500740869144683,0.005520118183878616,NORMAL
9922,0.9859791409469767,0.008500740869144683,0.005520118183878616,NORMAL
9923,0.9859791409469767,0.008500740869144683,0.005520118183878616,NORMAL
9924,0.9859791409469767,0.008500740869144683,0.005520118183878616,NORMAL
9925,0.9859791409469767,0.008500740869144683,0.005520118183878616,NORMAL
9926,0.9859791409469767,0.008500740869144683,0.005520118183878616,NORMAL
9927,0.9859791409469767,0.008500740869144683,0.005520118183878616,NORMAL
9928,0.9859791409469767,0.008500740869144683,0.005520118183878616,NORMAL
9929,0.9859791409469767,0.008500740869144683,0.005520118183878616,NORMAL
9930,0.9859791409469767,0.008500740869144683,0.005520118183878616,NORMAL
9931,0.9859791409469767,0.008500740869144683,0.005520118183878616,NORMAL
9932,0.9859791409469767,0.008500740869144683,0.005520118183878616,NORMAL
9933,0.9859791409469767,0.008500740869144683,0.005520118183878616,NORMAL
9934,0.9859791409469767,0.008500740869144683,0.005520118183878616,NORMAL
9935,0.9859791409469767,0.008500740869144683,0.005520118183878616,NORMAL
9936,0.9879624270110484,0.005915827228695014,0.006121745760256779,NORMAL
9937,0.9879624270110484,0.005915827228695014,0.006121745760256779,NORMAL
9938,0.9879624270110484,0.005915827228695014,0.006121745760256779,NORMAL
9939,0.9879624270110484,0.005915827228695014,0.006121745760256779,NORMAL
9940,0.9879624270110484,0.005915827228695014,0.006121745760256779,NORMAL
9941,0.9879624270110484,0.005915827228695014,0.006121745760256779,NORMAL
9942,0.9879624270110484,0.005915827228695014,0.006121745760256779,NORMAL
9943,0.9879624270110484,0.005915827228695014,0.006121745760256779,NORMAL
9944,0.9879624270110484,0.005915827228695014,0.006121745760256779,NORMAL
9945,0.9879624270110484,0.005915827228695014,0.006121745760256779,NORMAL
9946,0.9879624270110484,0.005915827228695014,0.006121745760256779,NORMAL
9947,0.9879624270110484,0.005915827228695014,0.006121745760256779,NORMAL
9948,0.9879624270110484,0.005915827228695014,0.006121745760256779,NORMAL
9949,0.9879624270110484,0.005915827228695014,0.006121745760256779,NORMAL
9950,0.9879624270110484,0.005915827228695014,0.006121745760256779,NORMAL
9951,0.9879624270110484,0.005915827228695014,0.006121745760256779,NORMAL
9952,0.9879624270110484,0.005915827228695014,0.006121745760256779,NORMAL
9953,0.9879624270110484,0.005915827228695014,0.006121745760256779,NORMAL
9954,0.9879624270110484,0.005915827228695014,0.006121745760256779,NORMAL
9955,0.9879624270110484,0.005915827228695014,0.006121745760256779,NORMAL
9956,0.9879624270110484,0.005915827228695014,0.006121745760256779,NORMAL
9957,0.9879624270110484,0.005915827228695014,0.006121745760256779,NORMAL
9958,0.9879624270110484,0.005915827228695014,0.006121745760256779,NORMAL
9959,0.9879624270110484,0.005915827228695014,0.006121745760256779,NORMAL
9960,0.9879624270110484,0.005915827228695014,0.006121745760256779,NORMAL
9961,0.9879624270110484,0.005915827228695014,0.006121745760256779,NORMAL
9962,0.9879624270110484,0.005915827228695014,0.006121745760256779,NORMAL
9963,0.9879624270110484,0.005915827228695014,0.006121745760256779,NORMAL
9964,0.9879624270110484,0.005915827228695014,0.006121745760256779,NORMAL
9965,0.9879624270110484,0.005915827228695014,0.006121745760256779,NORMAL
9966,0.9879624270110484,0.005915827228695014,0.006121745760256779,NORMAL
9967,0.9879624270110484,0.005915827228695014,0.006121745760256779,NORMAL
9968,0.9879624270110484,0.005915827228695014,0.006121745760256779,NORMAL
9969,0.9879624270110484,0.005915827228695014,0.006121745760256779,NORMAL
9970,0.9879624270110484,0.005915827228695014,0.006121745760256779,NORMAL
9971,0.9879624270110484,0.005915827228695014,0.006121745760256779,NORMAL
9972,0.9879624270110484,0.005915827228695014,0.006121745760256779,NORMAL
9973,0.9879624270110484,0.005915827228695014,0.006121745760256779,NORMAL
9974,0.9879624270110484,0.005915827228695014,0.006121745760256779,NORMAL
9975,0.9879624270110484,0.005915827228695014,0.006121745760256779,NORMAL
9976,0.9879624270110484,0.005915827228695014,0.006121745760256779,NORMAL
9977,0.9879624270110484,0.005915827228695014,0.006121745760256779,NORMAL
9978,0.9879624270110484,0.005915827228695014,0.006121745760256779,NORMAL
9979,0.9879624270110484,0.005915827228695014,0.006121745760256779,NORMAL
9980,0.9879624270110484,0.005915827228695014,0.006121745760256779,NORMAL
9981,0.9879624270110484,0.005915827228695014,0.006121745760256779,NORMAL
9982,0.9879624270110484,0.005915827228695014,0.006121745760256779,NORMAL
9983,0.9878236379379542,0.0060546036559945325,0.0061217584060514535,NORMAL
9984,0.9879624270110484,0.005915827228695014,0.006121745760256779,NORMAL
9985,0.9879624270110484,0.005915827228695014,0.006121745760256779,NORMAL
9986,0.9879624270110484,0.005915827228695014,0.006121745760256779,NORMAL
9987,0.9879624270110484,0.005915827228695014,0.006121745760256779,NORMAL
9988,0.9879624270110484,0.005915827228695014,0.006121745760256779,NORMAL
9989,0.9879624270110484,0.005915827228695014,0.006121745760256779,NORMAL
9990,0.9859791409469767,0.008500740869144683,0.005520118183878616,NORMAL
9991,0.9859791409469767,0.008500740869144683,0.005520118183878616,NORMAL
9992,0.9859791409469767,0.008500740869144683,0.005520118183878616,NORMAL
9993,0.9859791409469767,0.008500740869144683,0.005520118183878616,NORMAL
9994,0.9859791409469767,0.008500740869144683,0.005520118183878616,NORMAL
9995,0.9859791409469767,0.008500740869144683,0.005520118183878616,NORMAL
9996,0.9859791409469767,0.008500740869144683,0.005520118183878616,NORMAL
9997,0.9859791409469767,0.008500740869144683,0.005520118183878616,NORMAL
9998,0.9859791409469767,0.008500740869144683,0.005520118183878616,NORMAL
9999,0.9859791409469767,0.008500740869144683,0.005520118183878616,NORMAL
10000,0.9859791409469767,0.008500740869144683,0.005520118183878616,NORMAL
10001,0.9859791409469767,0.008500740869144683,0.005520118183878616,NORMAL
10002,0.9859791409469767,0.008500740869144683,0.005520118183878616,NORMAL
10003,0.9859791409469767,0.008500740869144683,0.005520118183878616,NORMAL
10004,0.9859791409469767,0.008500740869144683,0.005520118183878616,NORMAL
10005,0.9859791409469767,0.008500740869144683,0.005520118183878616,NORMAL
10006,0.9859791409469767,0.008500740869144683,0.005520118183878616,NORMAL
10007,0.9859791409469767,0.008500740869144683,0.005520118183878616,NORMAL
10008,0.9859791409469767,0.008500740869144683,0.005520118183878616,NORMAL
10009,0.9859791409469767,0.008500740869144683,0.005520118183878616,NORMAL
10010,0.9859791409469767,0.008500740869144683,0.005520118183878616,NORMAL
10011,0.9859791409469767,0.008500740869144683,0.005520118183878616,NORMAL
10012,0.9859791409469767,0.008500740869144683,0.005520118183878616,NORMAL
10013,0.9859791409469767,0.008500740869144683,0.005520118183878616,NORMAL
10014,0.9859791409469767,0.008500740869144683,0.005520118183878616,NORMAL
10015,0.9859791409469767,0.008500740869144683,0.005520118183878616,NORMAL
10016,0.9859791409469767,0.008500740869144683,0.005520118183878616,NORMAL
10017,0.9859791409469767,0.008500740869144683,0.005520118183878616,NORMAL
10018,0.9859791409469767,0.008500740869144683,0.005520118183878616,NORMAL
10019,0.9859791409469767,0.008500740869144683,0.005520118183878616,NORMAL
10020,0.9859791409469767,0.008500740869144683,0.005520118183878616,NORMAL
10021,0.9859791409469767,0.008500740869144683,0.005520118183878616,NORMAL
10022,0.9859791409469767,0.008500740869144683,0.005520118183878616,NORMAL
10023,0.9859791409469767,0.008500740869144683,0.005520118183878616,NORMAL
10024,0.9859791409469767,0.008500740869144683,0.005520118183878616,NORMAL
10025,0.9859791409469767,0.008500740869144683,0.005520118183878616,NORMAL
10026,0.9859791409469767,0.008500740869144683,0.005520118183878616,NORMAL
10027,0.9859791409469767,0.008500740869144683,0.005520118183878616,NORMAL
10028,0.9859791409469767,0.008500740869144683,0.005520118183878616,NORMAL
10029,0.9859791409469767,0.008500740869144683,0.005520118183878616,NORMAL
10030,0.9859791409469767,0.008500740869144683,0.005520118183878616,NORMAL
10031,0.9859791409469767,0.008500740869144683,0.005520118183878616,NORMAL
10032,0.9859791409469767,0.008500740869144683,0.005520118183878616,NORMAL
10033,0.9859791409469767,0.008500740869144683,0.005520118183878616,NORMAL
10034,0.9859791409469767,0.008500740869144683,0.005520118183878616,NORMAL
10035,0.9859791409469767,0.008500740869144683,0.005520118183878616,NORMAL
10036,0.9859791409469767,0.008500740869144683,0.005520118183878616,NORMAL
10037,0.9859791409469767,0.008500740869144683,0.005520118183878616,NORMAL
10038,0.9859791409469767,0.008500740869144683,0.005520118183878616,NORMAL
10039,0.9859791409469767,0.008500740869144683,0.005520118183878616,NORMAL
10040,0.9859791409469767,0.008500740869144683,0.005520118183878616,NORMAL
10041,0.9859791409469767,0.008500740869144683,0.005520118183878616,NORMAL
10042,0.9859791409469767,0.008500740869144683,0.005520118183878616,NORMAL
10043,0.9859791409469767,0.008500740869144683,0.005520118183878616,NORMAL
10044,0.9879624270110484,0.005915827228695014,0.006121745760256779,NORMAL
10045,0.9879624270110484,0.005915827228695014,0.006121745760256779,NORMAL
10046,0.9879624270110484,0.005915827228695014,0.006121745760256779,NORMAL
10047,0.9879624270110484,0.005915827228695014,0.006121745760256779,NORMAL
10048,0.9879624270110484,0.005915827228695014,0.006121745760256779,NORMAL
10049,0.9879624270110484,0.005915827228695014,0.006121745760256779,NORMAL
10050,0.9879624270110484,0.005915827228695014,0.006121745760256779,NORMAL
10051,0.9879624270110484,0.005915827228695014,0.006121745760256779,NORMAL
10052,0.9879624270110484,0.005915827228695014,0.006121745760256779,NORMAL
10053,0.9879624270110484,0.005915827228695014,0.006121745760256779,NORMAL
10054,0.9879624270110484,0.005915827228695014,0.006121745760256779,NORMAL
10055,0.9879624270110484,0.005915827228695014,0.006121745760256779,NORMAL
10056,0.9879624270110484,0.005915827228695014,0.006121745760256779,NORMAL
10057,0.9879624270110484,0.005915827228695014,0.006121745760256779,NORMAL
10058,0.9879624270110484,0.005915827228695014,0.006121745760256779,NORMAL
10059,0.9879624270110484,0.005915827228695014,0.006121745760256779,NORMAL
10060,0.9879624270110484,0.005915827228695014,0.006121745760256779,NORMAL
10061,0.9879624270110484,0.005915827228695014,0.006121745760256779,NORMAL
10062,0.9859791409469767,0.008500740869144683,0.005520118183878616,NORMAL
10063,0.9859791409469767,0.008500740869144683,0.005520118183878616,NORMAL
10064,0.9859791409469767,0.008500740869144683,0.005520118183878616,NORMAL
10065,0.9859791409469767,0.008500740869144683,0.005520118183878616,NORMAL
10066,0.9859791409469767,0.008500740869144683,0.005520118183878616,NORMAL
10067,0.9859791409469767,0.008500740869144683,0.005520118183878616,NORMAL
10068,0.9859791409469767,0.008500740869144683,0.005520118183878616,NORMAL
10069,0.9859791409469767,0.008500740869144683,0.005520118183878616,NORMAL
10070,0.9859791409469767,0.008500740869144683,0.005520118183878616,NORMAL
10071,0.9859791409469767,0.008500740869144683,0.005520118183878616,NORMAL
10072,0.9859791409469767,0.008500740869144683,0.005520118183878616,NORMAL
10073,0.9859791409469767,0.008500740869144683,0.005520118183878616,NORMAL
10074,0.9859791409469767,0.008500740869144683,0.005520118183878616,NORMAL
10075,0.9859791409469767,0.008500740869144683,0.005520118183878616,NORMAL
10076,0.9859791409469767,0.008500740869144683,0.005520118183878616,NORMAL
10077,0.9859791409469767,0.008500740869144683,0.005520118183878616,NORMAL
10078,0.9859791409469767,0.008500740869144683,0.005520118183878616,NORMAL
10079,0.9859791409469767,0.008500740869144683,0.005520118183878616,NORMAL
10080,0.9861457749806429,0.0072039971467352795,0.00665022787262171,NORMAL
10081,0.9861457749806429,0.0072039971467352795,0.00665022787262171,NORMAL
10082,0.9861457749806429,0.0072039971467352795,0.00665022787262171,NORMAL
10083,0.9861457749806429,0.0072039971467352795,0.00665022787262171,NORMAL
10084,0.9861457749806429,0.0072039971467352795,0.00665022787262171,NORMAL
10085,0.9861457749806429,0.0072039971467352795,0.00665022787262171,NORMAL
10086,0.9861457749806429,0.0072039971467352795,0.00665022787262171,NORMAL
10087,0.9861457749806429,0.0072039971467352795,0.00665022787262171,NORMAL
10088,0.9861457749806429,0.0072039971467352795,0.00665022787262171,NORMAL
10089,0.9861457749806429,0.0072039971467352795,0.00665022787262171,NORMAL
10090,0.9861457749806429,0.0072039971467352795,0.00665022787262171,NORMAL
10091,0.9861457749806429,0.0072039971467352795,0.00665022787262171,NORMAL
10092,0.9861457749806429,0.0072039971467352795,0.00665022787262171,NORMAL
10093,0.9861457749806429,0.0072039971467352795,0.00665022787262171,NORMAL
10094,0.9861457749806429,0.0072039971467352795,0.00665022787262171,NORMAL
10095,0.9861457749806429,0.0072039971467352795,0.00665022787262171,NORMAL
10096,0.9861457749806429,0.0072039971467352795,0.00665022787262171,NORMAL
10097,0.9861457749806429,0.0072039971467352795,0.00665022787262171,NORMAL
10098,0.9861457749806429,0.0072039971467352795,0.00665022787262171,NORMAL
10099,0.9861457749806429,0.0072039971467352795,0.00665022787262171,NORMAL
10100,0.9861457749806429,0.0072039971467352795,0.00665022787262171,NORMAL
10101,0.9861457749806429,0.0072039971467352795,0.00665022787262171,NORMAL
10102,0.9861457749806429,0.0072039971467352795,0.00665022787262171,NORMAL
10103,0.9861457749806429,0.0072039971467352795,0.00665022787262171,NORMAL
10104,0.9861457749806429,0.0072039971467352795,0.00665022787262171,NORMAL
10105,0.9861457749806429,0.0072039971467352795,0.00665022787262171,NORMAL
10106,0.9861457749806429,0.0072039971467352795,0.00665022787262171,NORMAL
10107,0.9861457749806429,0.0072039971467352795,0.00665022787262171,NORMAL
10108,0.9861457749806429,0.0072039971467352795,0.00665022787262171,NORMAL
10109,0.9861457749806429,0.0072039971467352795,0.00665022787262171,NORMAL
10110,0.9861457749806429,0.0072039971467352795,0.00665022787262171,NORMAL
10111,0.9861457749806429,0.0072039971467352795,0.00665022787262171,NORMAL
10112,0.9861457749806429,0.0072039971467352795,0.00665022787262171,NORMAL
10113,0.9861457749806429,0.0072039971467352795,0.00665022787262171,NORMAL
10114,0.9861457749806429,0.0072039971467352795,0.00665022787262171,NORMAL
10115,0.9861457749806429,0.0072039971467352795,0.00665022787262171,NORMAL
10116,0.9879624270110484,0.005915827228695014,0.006121745760256779,NORMAL
10117,0.9879624270110484,0.005915827228695014,0.006121745760256779,NORMAL
10118,0.9879624270110484,0.005915827228695014,0.006121745760256779,NORMAL
10119,0.9879624270110484,0.005915827228695014,0.006121745760256779,NORMAL
10120,0.9879624270110484,0.005915827228695014,0.006121745760256779,NORMAL
10121,0.9879624270110484,0.005915827228695014,0.006121745760256779,NORMAL
10122,0.9879624270110484,0.005915827228695014,0.006121745760256779,NORMAL
10123,0.9879624270110484,0.005915827228695014,0.006121745760256779,NORMAL
10124,0.9879624270110484,0.005915827228695014,0.006121745760256779,NORMAL
10125,0.9879624270110484,0.005915827228695014,0.006121745760256779,NORMAL
10126,0.9879624270110484,0.005915827228695014,0.006121745760256779,NORMAL
10127,0.9879624270110484,0.005915827228695014,0.006121745760256779,NORMAL
10128,0.9879624270110484,0.005915827228695014,0.006121745760256779,NORMAL
10129,0.9879624270110484,0.005915827228695014,0.006121745760256779,NORMAL
10130,0.9879624270110484,0.005915827228695014,0.006121745760256779,NORMAL
10131,0.9879624270110484,0.005915827228695014,0.006121745760256779,NORMAL
10132,0.9879624270110484,0.005915827228695014,0.006121745760256779,NORMAL
10133,0.9879624270110484,0.005915827228695014,0.006121745760256779,NORMAL
10134,0.9879624270110484,0.005915827228695014,0.006121745760256779,NORMAL
10135,0.9879624270110484,0.005915827228695014,0.006121745760256779,NORMAL
10136,0.9879624270110484,0.005915827228695014,0.006121745760256779,NORMAL
10137,0.9879624270110484,0.005915827228695014,0.006121745760256779,NORMAL
10138,0.9879624270110484,0.005915827228695014,0.006121745760256779,NORMAL
10139,0.9879624270110484,0.005915827228695014,0.006121745760256779,NORMAL
10140,0.9879624270110484,0.005915827228695014,0.006121745760256779,NORMAL
10141,0.9879624270110484,0.005915827228695014,0.006121745760256779,NORMAL
10142,0.9879624270110484,0.005915827228695014,0.006121745760256779,NORMAL
10143,0.9879624270110484,0.005915827228695014,0.006121745760256779,NORMAL
10144,0.9879624270110484,0.005915827228695014,0.006121745760256779,NORMAL
10145,0.9879624270110484,0.005915827228695014,0.006121745760256779,NORMAL
10146,0.9879624270110484,0.005915827228695014,0.006121745760256779,NORMAL
10147,0.9879624270110484,0.005915827228695014,0.006121745760256779,NORMAL
10148,0.9879624270110484,0.005915827228695014,0.006121745760256779,NORMAL
10149,0.9879624270110484,0.005915827228695014,0.006121745760256779,NORMAL
10150,0.9879624270110484,0.005915827228695014,0.006121745760256779,NORMAL
10151,0.9879624270110484,0.005915827228695014,0.006121745760256779,NORMAL
10152,0.9861457749806429,0.0072039971467352795,0.00665022787262171,NORMAL
10153,0.9861457749806429,0.0072039971467352795,0.00665022787262171,NORMAL
10154,0.9861457749806429,0.0072039971467352795,0.00665022787262171,NORMAL
10155,0.9861457749806429,0.0072039971467352795,0.00665022787262171,NORMAL
10156,0.9861457749806429,0.0072039971467352795,0.00665022787262171,NORMAL
10157,0.9861457749806429,0.0072039971467352795,0.00665022787262171,NORMAL
10158,0.9861457749806429,0.0072039971467352795,0.00665022787262171,NORMAL
10159,0.9861457749806429,0.0072039971467352795,0.00665022787262171,NORMAL
10160,0.9861457749806429,0.0072039971467352795,0.00665022787262171,NORMAL
10161,0.9861457749806429,0.0072039971467352795,0.00665022787262171,NORMAL
10162,0.9861457749806429,0.0072039971467352795,0.00665022787262171,NORMAL
10163,0.9861457749806429,0.0072039971467352795,0.00665022787262171,NORMAL
10164,0.9861457749806429,0.0072039971467352795,0.00665022787262171,NORMAL
10165,0.9861457749806429,0.0072039971467352795,0.00665022787262171,NORMAL
10166,0.9861457749806429,0.0072039971467352795,0.00665022787262171,NORMAL
10167,0.9861457749806429,0.0072039971467352795,0.00665022787262171,NORMAL
10168,0.9861457749806429,0.0072039971467352795,0.00665022787262171,NORMAL
10169,0.9861457749806429,0.0072039971467352795,0.00665022787262171,NORMAL
10170,0.9861457749806429,0.0072039971467352795,0.00665022787262171,NORMAL
10171,0.9861457749806429,0.0072039971467352795,0.00665022787262171,NORMAL
10172,0.9861457749806429,0.0072039971467352795,0.00665022787262171,NORMAL
10173,0.9861457749806429,0.0072039971467352795,0.00665022787262171,NORMAL
10174,0.9861457749806429,0.0072039971467352795,0.00665022787262171,NORMAL
10175,0.9861457749806429,0.0072039971467352795,0.00665022787262171,NORMAL
10176,0.9861457749806429,0.0072039971467352795,0.00665022787262171,NORMAL
10177,0.9861457749806429,0.0072039971467352795,0.00665022787262171,NORMAL
10178,0.9861457749806429,0.0072039971467352795,0.00665022787262171,NORMAL
10179,0.9861457749806429,0.0072039971467352795,0.00665022787262171,NORMAL
10180,0.9861457749806429,0.0072039971467352795,0.00665022787262171,NORMAL
10181,0.9861457749806429,0.0072039971467352795,0.00665022787262171,NORMAL
10182,0.9861457749806429,0.0072039971467352795,0.00665022787262171,NORMAL
10183,0.9861457749806429,0.0072039971467352795,0.00665022787262171,NORMAL
10184,0.9861457749806429,0.0072039971467352795,0.00665022787262171,NORMAL
10185,0.9861457749806429,0.0072039971467352795,0.00665022787262171,NORMAL
10186,0.9861457749806429,0.0072039971467352795,0.00665022787262171,NORMAL
10187,0.9861457749806429,0.0072039971467352795,0.00665022787262171,NORMAL
10188,0.9859791409469767,0.008500740869144683,0.005520118183878616,NORMAL
10189,0.9859791409469767,0.008500740869144683,0.005520118183878616,NORMAL
10190,0.9859791409469767,0.008500740869144683,0.005520118183878616,NORMAL
10191,0.9859791409469767,0.008500740869144683,0.005520118183878616,NORMAL
10192,0.9859791409469767,0.008500740869144683,0.005520118183878616,NORMAL
10193,0.9859791409469767,0.008500740869144683,0.005520118183878616,NORMAL
10194,0.9859791409469767,0.008500740869144683,0.005520118183878616,NORMAL
10195,0.9859791409469767,0.008500740869144683,0.005520118183878616,NORMAL
10196,0.9859791409469767,0.008500740869144683,0.005520118183878616,NORMAL
10197,0.9859791409469767,0.008500740869144683,0.005520118183878616,NORMAL
10198,0.9859791409469767,0.008500740869144683,0.005520118183878616,NORMAL
10199,0.9859791409469767,0.008500740869144683,0.005520118183878616,NORMAL
10200,0.9859791409469767,0.008500740869144683,0.005520118183878616,NORMAL
10201,0.9859791409469767,0.008500740869144683,0.005520118183878616,NORMAL
10202,0.9859791409469767,0.008500740869144683,0.005520118183878616,NORMAL
10203,0.9859791409469767,0.008500740869144683,0.005520118183878616,NORMAL
10204,0.9859791409469767,0.008500740869144683,0.005520118183878616,NORMAL
10205,0.9859791409469767,0.008500740869144683,0.005520118183878616,NORMAL
10206,0.9861457749806429,0.0072039971467352795,0.00665022787262171,NORMAL
10207,0.9861457749806429,0.0072039971467352795,0.00665022787262171,NORMAL
10208,0.9861457749806429,0.0072039971467352795,0.00665022787262171,NORMAL
10209,0.9861457749806429,0.0072039971467352795,0.00665022787262171,NORMAL
10210,0.9861457749806429,0.0072039971467352795,0.00665022787262171,NORMAL
10211,0.9861457749806429,0.0072039971467352795,0.00665022787262171,NORMAL
10212,0.9861457749806429,0.0072039971467352795,0.00665022787262171,NORMAL
10213,0.9861457749806429,0.0072039971467352795,0.00665022787262171,NORMAL
10214,0.9861457749806429,0.0072039971467352795,0.00665022787262171,NORMAL
10215,0.9861457749806429,0.0072039971467352795,0.00665022787262171,NORMAL
10216,0.9861457749806429,0.0072039971467352795,0.00665022787262171,NORMAL
10217,0.9861457749806429,0.0072039971467352795,0.00665022787262171,NORMAL
10218,0.9861457749806429,0.0072039971467352795,0.00665022787262171,NORMAL
10219,0.9861457749806429,0.0072039971467352795,0.00665022787262171,NORMAL
10220,0.9861457749806429,0.0072039971467352795,0.00665022787262171,NORMAL
10221,0.9861457749806429,0.0072039971467352795,0.00665022787262171,NORMAL
10222,0.9861457749806429,0.0072039971467352795,0.00665022787262171,NORMAL
10223,0.9861457749806429,0.0072039971467352795,0.00665022787262171,NORMAL
10224,0.9861457749806429,0.0072039971467352795,0.00665022787262171,NORMAL
10225,0.9861457749806429,0.0072039971467352795,0.00665022787262171,NORMAL
10226,0.9861457749806429,0.0072039971467352795,0.00665022787262171,NORMAL
10227,0.9861457749806429,0.0072039971467352795,0.00665022787262171,NORMAL
10228,0.9861457749806429,0.0072039971467352795,0.00665022787262171,NORMAL
10229,0.9861457749806429,0.0072039971467352795,0.00665022787262171,NORMAL
10230,0.9861457749806429,0.0072039971467352795,0.00665022787262171,NORMAL
10231,0.9861457749806429,0.0072039971467352795,0.00665022787262171,NORMAL
10232,0.9861457749806429,0.0072039971467352795,0.00665022787262171,NORMAL
10233,0.9861457749806429,0.0072039971467352795,0.00665022787262171,NORMAL
10234,0.9861457749806429,0.0072039971467352795,0.00665022787262171,NORMAL
10235,0.9861457749806429,0.0072039971467352795,0.00665022787262171,NORMAL
10236,0.9861457749806429,0.0072039971467352795,0.00665022787262171,NORMAL
10237,0.9861457749806429,0.0072039971467352795,0.00665022787262171,NORMAL
10238,0.9861457749806429,0.0072039971467352795,0.00665022787262171,NORMAL
10239,0.9861457749806429,0.0072039971467352795,0.00665022787262171,NORMAL
10240,0.9861457749806429,0.0072039971467352795,0.00665022787262171,NORMAL
10241,0.9861457749806429,0.0072039971467352795,0.00665022787262171,NORMAL
10242,0.9861457749806429,0.0072039971467352795,0.00665022787262171,NORMAL
10243,0.9861457749806429,0.0072039971467352795,0.00665022787262171,NORMAL
10244,0.9861457749806429,0.0072039971467352795,0.00665022787262171,NORMAL
10245,0.9861457749806429,0.0072039971467352795,0.00665022787262171,NORMAL
10246,0.9861457749806429,0.0072039971467352795,0.00665022787262171,NORMAL
10247,0.9861457749806429,0.0072039971467352795,0.00665022787262171,NORMAL
10248,0.9861457749806429,0.0072039971467352795,0.00665022787262171,NORMAL
10249,0.9861457749806429,0.0072039971467352795,0.00665022787262171,NORMAL
10250,0.9861457749806429,0.0072039971467352795,0.00665022787262171,NORMAL
10251,0.9861457749806429,0.0072039971467352795,0.00665022787262171,NORMAL
10252,0.9861457749806429,0.0072039971467352795,0.00665022787262171,NORMAL
10253,0.9861457749806429,0.0072039971467352795,0.00665022787262171,NORMAL
10254,0.9861457749806429,0.0072039971467352795,0.00665022787262171,NORMAL
10255,0.9861457749806429,0.0072039971467352795,0.00665022787262171,NORMAL
10256,0.9861457749806429,0.0072039971467352795,0.00665022787262171,NORMAL
10257,0.9861457749806429,0.0072039971467352795,0.00665022787262171,NORMAL
10258,0.9861457749806429,0.0072039971467352795,0.00665022787262171,NORMAL
10259,0.9861457749806429,0.0072039971467352795,0.00665022787262171,NORMAL
10260,0.9859791409469767,0.008500740869144683,0.005520118183878616,NORMAL
10261,0.9859791409469767,0.008500740869144683,0.005520118183878616,NORMAL
10262,0.9859791409469767,0.008500740869144683,0.005520118183878616,NORMAL
10263,0.9859791409469767,0.008500740869144683,0.005520118183878616,NORMAL
10264,0.9859791409469767,0.008500740869144683,0.005520118183878616,NORMAL
10265,0.9859791409469767,0.008500740869144683,0.005520118183878616,NORMAL
10266,0.9859791409469767,0.008500740869144683,0.005520118183878616,NORMAL
10267,0.9859791409469767,0.008500740869144683,0.005520118183878616,NORMAL
10268,0.9859791409469767,0.008500740869144683,0.005520118183878616,NORMAL
10269,0.9859791409469767,0.008500740869144683,0.005520118183878616,NORMAL
10270,0.9859791409469767,0.008500740869144683,0.005520118183878616,NORMAL
10271,0.9859791409469767,0.008500740869144683,0.005520118183878616,NORMAL
10272,0.9859791409469767,0.008500740869144683,0.005520118183878616,NORMAL
10273,0.9859791409469767,0.008500740869144683,0.005520118183878616,NORMAL
10274,0.9859791409469767,0.008500740869144683,0.005520118183878616,NORMAL
10275,0.9859791409469767,0.008500740869144683,0.005520118183878616,NORMAL
10276,0.9859791409469767,0.008500740869144683,0.005520118183878616,NORMAL
10277,0.9859791409469767,0.008500740869144683,0.005520118183878616,NORMAL
10278,0.9861457749806429,0.0072039971467352795,0.00665022787262171,NORMAL
10279,0.9861457749806429,0.0072039971467352795,0.00665022787262171,NORMAL
10280,0.9861457749806429,0.0072039971467352795,0.00665022787262171,NORMAL
10281,0.9861457749806429,0.0072039971467352795,0.00665022787262171,NORMAL
10282,0.9861457749806429,0.0072039971467352795,0.00665022787262171,NORMAL
10283,0.9861457749806429,0.0072039971467352795,0.00665022787262171,NORMAL
10284,0.9861457749806429,0.0072039971467352795,0.00665022787262171,NORMAL
10285,0.9861457749806429,0.0072039971467352795,0.00665022787262171,NORMAL
10286,0.9861457749806429,0.0072039971467352795,0.00665022787262171,NORMAL
10287,0.9861457749806429,0.0072039971467352795,0.00665022787262171,NORMAL
10288,0.9861457749806429,0.0072039971467352795,0.00665022787262171,NORMAL
10289,0.9861457749806429,0.0072039971467352795,0.00665022787262171,NORMAL
10290,0.9861457749806429,0.0072039971467352795,0.00665022787262171,NORMAL
10291,0.9861457749806429,0.0072039971467352795,0.00665022787262171,NORMAL
10292,0.9861457749806429,0.0072039971467352795,0.00665022787262171,NORMAL
10293,0.9861457749806429,0.0072039971467352795,0.00665022787262171,NORMAL
10294,0.9861457749806429,0.0072039971467352795,0.00665022787262171,NORMAL
10295,0.9861457749806429,0.0072039971467352795,0.00665022787262171,NORMAL
10296,0.9859791409469767,0.008500740869144683,0.005520118183878616,NORMAL
10297,0.9859791409469767,0.008500740869144683,0.005520118183878616,NORMAL
10298,0.9859791409469767,0.008500740869144683,0.005520118183878616,NORMAL
10299,0.9859791409469767,0.008500740869144683,0.005520118183878616,NORMAL
10300,0.9859791409469767,0.008500740869144683,0.005520118183878616,NORMAL
10301,0.9859791409469767,0.008500740869144683,0.005520118183878616,NORMAL
10302,0.9859791409469767,0.008500740869144683,0.005520118183878616,NORMAL
10303,0.9859791409469767,0.008500740869144683,0.005520118183878616,NORMAL
10304,0.9859791409469767,0.008500740869144683,0.005520118183878616,NORMAL
10305,0.9859791409469767,0.008500740869144683,0.005520118183878616,NORMAL
10306,0.9859791409469767,0.008500740869144683,0.005520118183878616,NORMAL
10307,0.9859791409469767,0.008500740869144683,0.005520118183878616,NORMAL
10308,0.9859791409469767,0.008500740869144683,0.005520118183878616,NORMAL
10309,0.9859791409469767,0.008500740869144683,0.005520118183878616,NORMAL
10310,0.9859791409469767,0.008500740869144683,0.005520118183878616,NORMAL
10311,0.9859791409469767,0.008500740869144683,0.005520118183878616,NORMAL
10312,0.9859791409469767,0.008500740869144683,0.005520118183878616,NORMAL
10313,0.9859791409469767,0.008500740869144683,0.005520118183878616,NORMAL
10314,0.9859791409469767,0.008500740869144683,0.005520118183878616,NORMAL
10315,0.9859791409469767,0.008500740869144683,0.005520118183878616,NORMAL
10316,0.9859791409469767,0.008500740869144683,0.005520118183878616,NORMAL
10317,0.9859791409469767,0.008500740869144683,0.005520118183878616,NORMAL
10318,0.9859791409469767,0.008500740869144683,0.005520118183878616,NORMAL
10319,0.9859791409469767,0.008500740869144683,0.005520118183878616,NORMAL
10320,0.9859791409469767,0.008500740869144683,0.005520118183878616,NORMAL
10321,0.9859791409469767,0.008500740869144683,0.005520118183878616,NORMAL
10322,0.9859791409469767,0.008500740869144683,0.005520118183878616,NORMAL
10323,0.9859791409469767,0.008500740869144683,0.005520118183878616,NORMAL
10324,0.9859791409469767,0.008500740869144683,0.005520118183878616,NORMAL
10325,0.9859791409469767,0.008500740869144683,0.005520118183878616,NORMAL
10326,0.9859791409469767,0.008500740869144683,0.005520118183878616,NORMAL
10327,0.9859791409469767,0.008500740869144683,0.005520118183878616,NORMAL
10328,0.9859791409469767,0.008500740869144683,0.005520118183878616,NORMAL
10329,0.9859791409469767,0.008500740869144683,0.005520118183878616,NORMAL
10330,0.9859791409469767,0.008500740869144683,0.005520118183878616,NORMAL
10331,0.9859791409469767,0.008500740869144683,0.005520118183878616,NORMAL
10332,0.9879624270110484,0.005915827228695014,0.006121745760256779,NORMAL
10333,0.9879624270110484,0.005915827228695014,0.006121745760256779,NORMAL
10334,0.9879624270110484,0.005915827228695014,0.006121745760256779,NORMAL
10335,0.9879624270110484,0.005915827228695014,0.006121745760256779,NORMAL
10336,0.9879624270110484,0.005915827228695014,0.006121745760256779,NORMAL
10337,0.9879624270110484,0.005915827228695014,0.006121745760256779,NORMAL
10338,0.9879624270110484,0.005915827228695014,0.006121745760256779,NORMAL
10339,0.9879624270110484,0.005915827228695014,0.006121745760256779,NORMAL
10340,0.9879624270110484,0.005915827228695014,0.006121745760256779,NORMAL
10341,0.9879624270110484,0.005915827228695014,0.006121745760256779,NORMAL
10342,0.9879624270110484,0.005915827228695014,0.006121745760256779,NORMAL
10343,0.9879624270110484,0.005915827228695014,0.006121745760256779,NORMAL
10344,0.9879624270110484,0.005915827228695014,0.006121745760256779,NORMAL
10345,0.9879624270110484,0.005915827228695014,0.006121745760256779,NORMAL
10346,0.9879624270110484,0.005915827228695014,0.006121745760256779,NORMAL
10347,0.9879624270110484,0.005915827228695014,0.006121745760256779,NORMAL
10348,0.9879624270110484,0.005915827228695014,0.006121745760256779,NORMAL
10349,0.9879624270110484,0.005915827228695014,0.006121745760256779,NORMAL
10350,0.9859791409469767,0.008500740869144683,0.005520118183878616,NORMAL
10351,0.9859791409469767,0.008500740869144683,0.005520118183878616,NORMAL
10352,0.9859791409469767,0.008500740869144683,0.005520118183878616,NORMAL
10353,0.9859791409469767,0.008500740869144683,0.005520118183878616,NORMAL
10354,0.9859791409469767,0.008500740869144683,0.005520118183878616,NORMAL
10355,0.9859791409469767,0.008500740869144683,0.005520118183878616,NORMAL
10356,0.9859791409469767,0.008500740869144683,0.005520118183878616,NORMAL
10357,0.9859791409469767,0.008500740869144683,0.005520118183878616,NORMAL
10358,0.9859791409469767,0.008500740869144683,0.005520118183878616,NORMAL
10359,0.9859791409469767,0.008500740869144683,0.005520118183878616,NORMAL
10360,0.9859791409469767,0.008500740869144683,0.005520118183878616,NORMAL
10361,0.9859791409469767,0.008500740869144683,0.005520118183878616,NORMAL
10362,0.9859791409469767,0.008500740869144683,0.005520118183878616,NORMAL
10363,0.9859791409469767,0.008500740869144683,0.005520118183878616,NORMAL
10364,0.9859791409469767,0.008500740869144683,0.005520118183878616,NORMAL
10365,0.9859791409469767,0.008500740869144683,0.005520118183878616,NORMAL
10366,0.9859791409469767,0.008500740869144683,0.005520118183878616,NORMAL
10367,0.9859791409469767,0.008500740869144683,0.005520118183878616,NORMAL
10368,0.9879624270110484,0.005915827228695014,0.006121745760256779,NORMAL
10369,0.9879624270110484,0.005915827228695014,0.006121745760256779,NORMAL
10370,0.9879624270110484,0.005915827228695014,0.006121745760256779,NORMAL
10371,0.9879624270110484,0.005915827228695014,0.006121745760256779,NORMAL
10372,0.9879624270110484,0.005915827228695014,0.006121745760256779,NORMAL
10373,0.9879624270110484,0.005915827228695014,0.006121745760256779,NORMAL
10374,0.9879624270110484,0.005915827228695014,0.006121745760256779,NORMAL
10375,0.9879624270110484,0.005915827228695014,0.006121745760256779,NORMAL
10376,0.9879624270110484,0.005915827228695014,0.006121745760256779,NORMAL
10377,0.9879624270110484,0.005915827228695014,0.006121745760256779,NORMAL
10378,0.9879624270110484,0.005915827228695014,0.006121745760256779,NORMAL
10379,0.9879624270110484,0.005915827228695014,0.006121745760256779,NORMAL
10380,0.9879624270110484,0.005915827228695014,0.006121745760256779,NORMAL
10381,0.9879624270110484,0.005915827228695014,0.006121745760256779,NORMAL
10382,0.9879624270110484,0.005915827228695014,0.006121745760256779,NORMAL
10383,0.9879624270110484,0.005915827228695014,0.006121745760256779,NORMAL
10384,0.9879624270110484,0.005915827228695014,0.006121745760256779,NORMAL
10385,0.9879624270110484,0.005915827228695014,0.006121745760256779,NORMAL
10386,0.9859791409469767,0.008500740869144683,0.005520118183878616,NORMAL
10387,0.9859791409469767,0.008500740869144683,0.005520118183878616,NORMAL
10388,0.9859791409469767,0.008500740869144683,0.005520118183878616,NORMAL
10389,0.9859791409469767,0.008500740869144683,0.005520118183878616,NORMAL
10390,0.9859791409469767,0.008500740869144683,0.005520118183878616,NORMAL
10391,0.9859791409469767,0.008500740869144683,0.005520118183878616,NORMAL
10392,0.9858527934392932,0.008627073176249686,0.005520133384457136,NORMAL
10393,0.9859791409469767,0.008500740869144683,0.005520118183878616,NORMAL
10394,0.9859791409469767,0.008500740869144683,0.005520118183878616,NORMAL
10395,0.9859791409469767,0.008500740869144683,0.005520118183878616,NORMAL
10396,0.9859791409469767,0.008500740869144683,0.005520118183878616,NORMAL
10397,0.9859791409469767,0.008500740869144683,0.005520118183878616,NORMAL
10398,0.9859791409469767,0.008500740869144683,0.005520118183878616,NORMAL
10399,0.9859791409469767,0.008500740869144683,0.005520118183878616,NORMAL
10400,0.9859791409469767,0.008500740869144683,0.005520118183878616,NORMAL
10401,0.9859791409469767,0.008500740869144683,0.005520118183878616,NORMAL
10402,0.9859791409469767,0.008500740869144683,0.005520118183878616,NORMAL
10403,0.9859791409469767,0.008500740869144683,0.005520118183878616,NORMAL
10404,0.9879624270110484,0.005915827228695014,0.006121745760256779,NORMAL
10405,0.9879624270110484,0.005915827228695014,0.006121745760256779,NORMAL
10406,0.9879624270110484,0.005915827228695014,0.006121745760256779,NORMAL
10407,0.9879624270110484,0.005915827228695014,0.006121745760256779,NORMAL
10408,0.9879624270110484,0.005915827228695014,0.006121745760256779,NORMAL
10409,0.9879624270110484,0.005915827228695014,0.006121745760256779,NORMAL
10410,0.9879624270110484,0.005915827228695014,0.006121745760256779,NORMAL
10411,0.9879624270110484,0.005915827228695014,0.006121745760256779,NORMAL
10412,0.9879624270110484,0.005915827228695014,0.006121745760256779,NORMAL
10413,0.9879624270110484,0.005915827228695014,0.006121745760256779,NORMAL
10414,0.9879624270110484,0.005915827228695014,0.006121745760256779,NORMAL
10415,0.9879624270110484,0.005915827228695014,0.006121745760256779,NORMAL
10416,0.9879624270110484,0.005915827228695014,0.006121745760256779,NORMAL
10417,0.9879624270110484,0.005915827228695014,0.006121745760256779,NORMAL
10418,0.9879624270110484,0.005915827228695014,0.006121745760256779,NORMAL
10419,0.9879624270110484,0.005915827228695014,0.006121745760256779,NORMAL
10420,0.9879624270110484,0.005915827228695014,0.006121745760256779,NORMAL
10421,0.9879624270110484,0.005915827228695014,0.006121745760256779,NORMAL
10422,0.9879624270110484,0.005915827228695014,0.006121745760256779,NORMAL
10423,0.9879624270110484,0.005915827228695014,0.006121745760256779,NORMAL
10424,0.9879624270110484,0.005915827228695014,0.006121745760256779,NORMAL
10425,0.9879624270110484,0.005915827228695014,0.006121745760256779,NORMAL
10426,0.9879624270110484,0.005915827228695014,0.006121745760256779,NORMAL
10427,0.9879624270110484,0.005915827228695014,0.006121745760256779,NORMAL
10428,0.9879624270110484,0.005915827228695014,0.006121745760256779,NORMAL
10429,0.9879624270110484,0.005915827228695014,0.006121745760256779,NORMAL
10430,0.9879624270110484,0.005915827228695014,0.006121745760256779,NORMAL
10431,0.9879624270110484,0.005915827228695014,0.006121745760256779,NORMAL
10432,0.9879624270110484,0.005915827228695014,0.006121745760256779,NORMAL
10433,0.9879624270110484,0.005915827228695014,0.006121745760256779,NORMAL
10434,0.9879624270110484,0.005915827228695014,0.006121745760256779,NORMAL
10435,0.9879624270110484,0.005915827228695014,0.006121745760256779,NORMAL
10436,0.9879624270110484,0.005915827228695014,0.006121745760256779,NORMAL
10437,0.9879624270110484,0.005915827228695014,0.006121745760256779,NORMAL
10438,0.9879624270110484,0.005915827228695014,0.006121745760256779,NORMAL
10439,0.9879624270110484,0.005915827228695014,0.006121745760256779,NORMAL
10440,0.9879624270110484,0.005915827228695014,0.006121745760256779,NORMAL
10441,0.9879624270110484,0.005915827228695014,0.006121745760256779,NORMAL
10442,0.9879624270110484,0.005915827228695014,0.006121745760256779,NORMAL
10443,0.9879624270110484,0.005915827228695014,0.006121745760256779,NORMAL
10444,0.9879624270110484,0.005915827228695014,0.006121745760256779,NORMAL
10445,0.9879624270110484,0.005915827228695014,0.006121745760256779,NORMAL
10446,0.9879624270110484,0.005915827228695014,0.006121745760256779,NORMAL
10447,0.9879624270110484,0.005915827228695014,0.006121745760256779,NORMAL
10448,0.9879624270110484,0.005915827228695014,0.006121745760256779,NORMAL
10449,0.9879624270110484,0.005915827228695014,0.006121745760256779,NORMAL
10450,0.9879624270110484,0.005915827228695014,0.006121745760256779,NORMAL
10451,0.9879624270110484,0.005915827228695014,0.006121745760256779,NORMAL
10452,0.9879624270110484,0.005915827228695014,0.006121745760256779,NORMAL
10453,0.9879624270110484,0.005915827228695014,0.006121745760256779,NORMAL
10454,0.9879624270110484,0.005915827228695014,0.006121745760256779,NORMAL
10455,0.9879624270110484,0.005915827228695014,0.006121745760256779,NORMAL
10456,0.9879624270110484,0.005915827228695014,0.006121745760256779,NORMAL
10457,0.9879624270110484,0.005915827228695014,0.006121745760256779,NORMAL
10458,0.9861457749806429,0.0072039971467352795,0.00665022787262171,NORMAL
10459,0.9861457749806429,0.0072039971467352795,0.00665022787262171,NORMAL
10460,0.9861457749806429,0.0072039971467352795,0.00665022787262171,NORMAL
10461,0.9861457749806429,0.0072039971467352795,0.00665022787262171,NORMAL
10462,0.9861457749806429,0.0072039971467352795,0.00665022787262171,NORMAL
10463,0.9861457749806429,0.0072039971467352795,0.00665022787262171,NORMAL
10464,0.9861457749806429,0.0072039971467352795,0.00665022787262171,NORMAL
10465,0.9861457749806429,0.0072039971467352795,0.00665022787262171,NORMAL
10466,0.9861457749806429,0.0072039971467352795,0.00665022787262171,NORMAL
10467,0.9861457749806429,0.0072039971467352795,0.00665022787262171,NORMAL
10468,0.9861457749806429,0.0072039971467352795,0.00665022787262171,NORMAL
10469,0.9861457749806429,0.0072039971467352795,0.00665022787262171,NORMAL
10470,0.9861457749806429,0.0072039971467352795,0.00665022787262171,NORMAL
10471,0.9861457749806429,0.0072039971467352795,0.00665022787262171,NORMAL
10472,0.9861457749806429,0.0072039971467352795,0.00665022787262171,NORMAL
10473,0.9861457749806429,0.0072039971467352795,0.00665022787262171,NORMAL
10474,0.9861457749806429,0.0072039971467352795,0.00665022787262171,NORMAL
10475,0.9861457749806429,0.0072039971467352795,0.00665022787262171,NORMAL
10476,0.9859791409469767,0.008500740869144683,0.005520118183878616,NORMAL
10477,0.9859791409469767,0.008500740869144683,0.005520118183878616,NORMAL
10478,0.9859791409469767,0.008500740869144683,0.005520118183878616,NORMAL
10479,0.9859791409469767,0.008500740869144683,0.005520118183878616,NORMAL
10480,0.9859791409469767,0.008500740869144683,0.005520118183878616,NORMAL
10481,0.9859791409469767,0.008500740869144683,0.005520118183878616,NORMAL
10482,0.9859791409469767,0.008500740869144683,0.005520118183878616,NORMAL
10483,0.9859791409469767,0.008500740869144683,0.005520118183878616,NORMAL
10484,0.9859791409469767,0.008500740869144683,0.005520118183878616,NORMAL
10485,0.9859791409469767,0.008500740869144683,0.005520118183878616,NORMAL
10486,0.9859791409469767,0.008500740869144683,0.005520118183878616,NORMAL
10487,0.9859791409469767,0.008500740869144683,0.005520118183878616,NORMAL
10488,0.9859791409469767,0.008500740869144683,0.005520118183878616,NORMAL
10489,0.9859791409469767,0.008500740869144683,0.005520118183878616,NORMAL
10490,0.9859791409469767,0.008500740869144683,0.005520118183878616,NORMAL
10491,0.9859791409469767,0.008500740869144683,0.005520118183878616,NORMAL
10492,0.9859791409469767,0.008500740869144683,0.005520118183878616,NORMAL
10493,0.9859791409469767,0.008500740869144683,0.005520118183878616,NORMAL
10494,0.9859791409469767,0.008500740869144683,0.005520118183878616,NORMAL
10495,0.9859791409469767,0.008500740869144683,0.005520118183878616,NORMAL
10496,0.9859791409469767,0.008500740869144683,0.005520118183878616,NORMAL
10497,0.9859791409469767,0.008500740869144683,0.005520118183878616,NORMAL
10498,0.9859791409469767,0.008500740869144683,0.005520118183878616,NORMAL
10499,0.9859791409469767,0.008500740869144683,0.005520118183878616,NORMAL
10500,0.9859791409469767,0.008500740869144683,0.005520118183878616,NORMAL
10501,0.9859791409469767,0.008500740869144683,0.005520118183878616,NORMAL
10502,0.9859791409469767,0.008500740869144683,0.005520118183878616,NORMAL
10503,0.9859791409469767,0.008500740869144683,0.005520118183878616,NORMAL
10504,0.9859791409469767,0.008500740869144683,0.005520118183878616,NORMAL
10505,0.9859791409469767,0.008500740869144683,0.005520118183878616,NORMAL
10506,0.9859791409469767,0.008500740869144683,0.005520118183878616,NORMAL
10507,0.9859791409469767,0.008500740869144683,0.005520118183878616,NORMAL
10508,0.9859791409469767,0.008500740869144683,0.005520118183878616,NORMAL
10509,0.9859791409469767,0.008500740869144683,0.005520118183878616,NORMAL
10510,0.9859791409469767,0.008500740869144683,0.005520118183878616,NORMAL
10511,0.9859791409469767,0.008500740869144683,0.005520118183878616,NORMAL
10512,0.9879624270110484,0.005915827228695014,0.006121745760256779,NORMAL
10513,0.9879624270110484,0.005915827228695014,0.006121745760256779,NORMAL
10514,0.9879624270110484,0.005915827228695014,0.006121745760256779,NORMAL
10515,0.9879624270110484,0.005915827228695014,0.006121745760256779,NORMAL
10516,0.9879624270110484,0.005915827228695014,0.006121745760256779,NORMAL
10517,0.9879624270110484,0.005915827228695014,0.006121745760256779,NORMAL
10518,0.9879624270110484,0.005915827228695014,0.006121745760256779,NORMAL
10519,0.9879624270110484,0.005915827228695014,0.006121745760256779,NORMAL
10520,0.9879624270110484,0.005915827228695014,0.006121745760256779,NORMAL
10521,0.9879624270110484,0.005915827228695014,0.006121745760256779,NORMAL
10522,0.9879624270110484,0.005915827228695014,0.006121745760256779,NORMAL
10523,0.9879624270110484,0.005915827228695014,0.006121745760256779,NORMAL
10524,0.9879624270110484,0.005915827228695014,0.006121745760256779,NORMAL
10525,0.9879624270110484,0.005915827228695014,0.006121745760256779,NORMAL
10526,0.9879624270110484,0.005915827228695014,0.006121745760256779,NORMAL
10527,0.9879624270110484,0.005915827228695014,0.006121745760256779,NORMAL
10528,0.9879624270110484,0.005915827228695014,0.006121745760256779,NORMAL
10529,0.9879624270110484,0.005915827228695014,0.006121745760256779,NORMAL
10530,0.9861457749806429,0.0072039971467352795,0.00665022787262171,NORMAL
10531,0.9861457749806429,0.0072039971467352795,0.00665022787262171,NORMAL
10532,0.9861457749806429,0.0072039971467352795,0.00665022787262171,NORMAL
10533,0.9861457749806429,0.0072039971467352795,0.00665022787262171,NORMAL
10534,0.9861457749806429,0.0072039971467352795,0.00665022787262171,NORMAL
10535,0.9861457749806429,0.0072039971467352795,0.00665022787262171,NORMAL
10536,0.9861457749806429,0.0072039971467352795,0.00665022787262171,NORMAL
10537,0.9861457749806429,0.0072039971467352795,0.00665022787262171,NORMAL
10538,0.9861457749806429,0.0072039971467352795,0.00665022787262171,NORMAL
10539,0.9861457749806429,0.0072039971467352795,0.00665022787262171,NORMAL
10540,0.9861457749806429,0.0072039971467352795,0.00665022787262171,NORMAL
10541,0.9861457749806429,0.0072039971467352795,0.00665022787262171,NORMAL
10542,0.9861457749806429,0.0072039971467352795,0.00665022787262171,NORMAL
10543,0.9861457749806429,0.0072039971467352795,0.00665022787262171,NORMAL
10544,0.9861457749806429,0.0072039971467352795,0.00665022787262171,NORMAL
10545,0.9861457749806429,0.0072039971467352795,0.00665022787262171,NORMAL
10546,0.9861457749806429,0.0072039971467352795,0.00665022787262171,NORMAL
10547,0.9861457749806429,0.0072039971467352795,0.00665022787262171,NORMAL
10548,0.9861457749806429,0.0072039971467352795,0.00665022787262171,NORMAL
10549,0.9861457749806429,0.0072039971467352795,0.00665022787262171,NORMAL
10550,0.9861457749806429,0.0072039971467352795,0.00665022787262171,NORMAL
10551,0.9861457749806429,0.0072039971467352795,0.00665022787262171,NORMAL
10552,0.9861457749806429,0.0072039971467352795,0.00665022787262171,NORMAL
10553,0.9861457749806429,0.0072039971467352795,0.00665022787262171,NORMAL
10554,0.9861457749806429,0.0072039971467352795,0.00665022787262171,NORMAL
10555,0.9861457749806429,0.0072039971467352795,0.00665022787262171,NORMAL
10556,0.9861457749806429,0.0072039971467352795,0.00665022787262171,NORMAL
10557,0.9861457749806429,0.0072039971467352795,0.00665022787262171,NORMAL
10558,0.9861457749806429,0.0072039971467352795,0.00665022787262171,NORMAL
10559,0.9861457749806429,0.0072039971467352795,0.00665022787262171,NORMAL
10560,0.9861457749806429,0.0072039971467352795,0.00665022787262171,NORMAL
10561,0.9861457749806429,0.0072039971467352795,0.00665022787262171,NORMAL
10562,0.9861457749806429,0.0072039971467352795,0.00665022787262171,NORMAL
10563,0.9861457749806429,0.0072039971467352795,0.00665022787262171,NORMAL
10564,0.9861457749806429,0.0072039971467352795,0.00665022787262171,NORMAL
10565,0.9861457749806429,0.0072039971467352795,0.00665022787262171,NORMAL
10566,0.9861457749806429,0.0072039971467352795,0.00665022787262171,NORMAL
10567,0.9861457749806429,0.0072039971467352795,0.00665022787262171,NORMAL
10568,0.9861457749806429,0.0072039971467352795,0.00665022787262171,NORMAL
10569,0.9861457749806429,0.0072039971467352795,0.00665022787262171,NORMAL
10570,0.9861457749806429,0.0072039971467352795,0.00665022787262171,NORMAL
10571,0.9861457749806429,0.0072039971467352795,0.00665022787262171,NORMAL
10572,0.9861457749806429,0.0072039971467352795,0.00665022787262171,NORMAL
10573,0.9861457749806429,0.0072039971467352795,0.00665022787262171,NORMAL
10574,0.9861457749806429,0.0072039971467352795,0.00665022787262171,NORMAL
10575,0.9861457749806429,0.0072039971467352795,0.00665022787262171,NORMAL
10576,0.9861457749806429,0.0072039971467352795,0.00665022787262171,NORMAL
10577,0.9861457749806429,0.0072039971467352795,0.00665022787262171,NORMAL
10578,0.9861457749806429,0.0072039971467352795,0.00665022787262171,NORMAL
10579,0.9861457749806429,0.0072039971467352795,0.00665022787262171,NORMAL
10580,0.9861457749806429,0.0072039971467352795,0.00665022787262171,NORMAL
10581,0.9861457749806429,0.0072039971467352795,0.00665022787262171,NORMAL
10582,0.9861457749806429,0.0072039971467352795,0.00665022787262171,NORMAL
10583,0.9861457749806429,0.0072039971467352795,0.00665022787262171,NORMAL
10584,0.9859791409469767,0.008500740869144683,0.005520118183878616,NORMAL
10585,0.9859791409469767,0.008500740869144683,0.005520118183878616,NORMAL
10586,0.9859791409469767,0.008500740869144683,0.005520118183878616,NORMAL
10587,0.9859791409469767,0.008500740869144683,0.005520118183878616,NORMAL
10588,0.9859791409469767,0.008500740869144683,0.005520118183878616,NORMAL
10589,0.9859791409469767,0.008500740869144683,0.005520118183878616,NORMAL
10590,0.9859791409469767,0.008500740869144683,0.005520118183878616,NORMAL
10591,0.9859791409469767,0.008500740869144683,0.005520118183878616,NORMAL
10592,0.9859791409469767,0.008500740869144683,0.005520118183878616,NORMAL
10593,0.9859791409469767,0.008500740869144683,0.005520118183878616,NORMAL
10594,0.9859791409469767,0.008500740869144683,0.005520118183878616,NORMAL
10595,0.9859791409469767,0.008500740869144683,0.005520118183878616,NORMAL
10596,0.9859791409469767,0.008500740869144683,0.005520118183878616,NORMAL
10597,0.9859791409469767,0.008500740869144683,0.005520118183878616,NORMAL
10598,0.9859791409469767,0.008500740869144683,0.005520118183878616,NORMAL
10599,0.9859791409469767,0.008500740869144683,0.005520118183878616,NORMAL
10600,0.9859791409469767,0.008500740869144683,0.005520118183878616,NORMAL
10601,0.9859791409469767,0.008500740869144683,0.005520118183878616,NORMAL
10602,0.9861457749806429,0.0072039971467352795,0.00665022787262171,NORMAL
10603,0.9861457749806429,0.0072039971467352795,0.00665022787262171,NORMAL
10604,0.9861457749806429,0.0072039971467352795,0.00665022787262171,NORMAL
10605,0.9861457749806429,0.0072039971467352795,0.00665022787262171,NORMAL
10606,0.9861457749806429,0.0072039971467352795,0.00665022787262171,NORMAL
10607,0.9861457749806429,0.0072039971467352795,0.00665022787262171,NORMAL
10608,0.9861457749806429,0.0072039971467352795,0.00665022787262171,NORMAL
10609,0.9861457749806429,0.0072039971467352795,0.00665022787262171,NORMAL
10610,0.9861457749806429,0.0072039971467352795,0.00665022787262171,NORMAL
10611,0.9861457749806429,0.0072039971467352795,0.00665022787262171,NORMAL
10612,0.9861457749806429,0.0072039971467352795,0.00665022787262171,NORMAL
10613,0.9861457749806429,0.0072039971467352795,0.00665022787262171,NORMAL
10614,0.9861457749806429,0.0072039971467352795,0.00665022787262171,NORMAL
10615,0.9861457749806429,0.0072039971467352795,0.00665022787262171,NORMAL
10616,0.9861457749806429,0.0072039971467352795,0.00665022787262171,NORMAL
10617,0.9861457749806429,0.0072039971467352795,0.00665022787262171,NORMAL
10618,0.9861457749806429,0.0072039971467352795,0.00665022787262171,NORMAL
10619,0.9861457749806429,0.0072039971467352795,0.00665022787262171,NORMAL
10620,0.9879624270110484,0.005915827228695014,0.006121745760256779,NORMAL
10621,0.9879624270110484,0.005915827228695014,0.006121745760256779,NORMAL
10622,0.9879624270110484,0.005915827228695014,0.006121745760256779,NORMAL
10623,0.9879624270110484,0.005915827228695014,0.006121745760256779,NORMAL
10624,0.9879624270110484,0.005915827228695014,0.006121745760256779,NORMAL
10625,0.9879624270110484,0.005915827228695014,0.006121745760256779,NORMAL
10626,0.9879624270110484,0.005915827228695014,0.006121745760256779,NORMAL
10627,0.9879624270110484,0.005915827228695014,0.006121745760256779,NORMAL
10628,0.9879624270110484,0.005915827228695014,0.006121745760256779,NORMAL
10629,0.9879624270110484,0.005915827228695014,0.006121745760256779,NORMAL
10630,0.9879624270110484,0.005915827228695014,0.006121745760256779,NORMAL
10631,0.9879624270110484,0.005915827228695014,0.006121745760256779,NORMAL
10632,0.9879624270110484,0.005915827228695014,0.006121745760256779,NORMAL
10633,0.9879624270110484,0.005915827228695014,0.006121745760256779,NORMAL
10634,0.9879624270110484,0.005915827228695014,0.006121745760256779,NORMAL
10635,0.9879624270110484,0.005915827228695014,0.006121745760256779,NORMAL
10636,0.9879624270110484,0.005915827228695014,0.006121745760256779,NORMAL
10637,0.9879624270110484,0.005915827228695014,0.006121745760256779,NORMAL
10638,0.9879624270110484,0.005915827228695014,0.006121745760256779,NORMAL
10639,0.9879624270110484,0.005915827228695014,0.006121745760256779,NORMAL
10640,0.9879624270110484,0.005915827228695014,0.006121745760256779,NORMAL
10641,0.9879624270110484,0.005915827228695014,0.006121745760256779,NORMAL
10642,0.9879624270110484,0.005915827228695014,0.006121745760256779,NORMAL
10643,0.9879624270110484,0.005915827228695014,0.006121745760256779,NORMAL
10644,0.9879624270110484,0.005915827228695014,0.006121745760256779,NORMAL
10645,0.9879624270110484,0.005915827228695014,0.006121745760256779,NORMAL
10646,0.9879624270110484,0.005915827228695014,0.006121745760256779,NORMAL
10647,0.9879624270110484,0.005915827228695014,0.006121745760256779,NORMAL
10648,0.9879624270110484,0.005915827228695014,0.006121745760256779,NORMAL
10649,0.9879624270110484,0.005915827228695014,0.006121745760256779,NORMAL
10650,0.9879624270110484,0.005915827228695014,0.006121745760256779,NORMAL
10651,0.9879624270110484,0.005915827228695014,0.006121745760256779,NORMAL
10652,0.9879624270110484,0.005915827228695014,0.006121745760256779,NORMAL
10653,0.9879624270110484,0.005915827228695014,0.006121745760256779,NORMAL
10654,0.9879624270110484,0.005915827228695014,0.006121745760256779,NORMAL
10655,0.9879624270110484,0.005915827228695014,0.006121745760256779,NORMAL
10656,0.9859791409469767,0.008500740869144683,0.005520118183878616,NORMAL
10657,0.9859791409469767,0.008500740869144683,0.005520118183878616,NORMAL
10658,0.9859791409469767,0.008500740869144683,0.005520118183878616,NORMAL
10659,0.9859791409469767,0.008500740869144683,0.005520118183878616,NORMAL
10660,0.9859791409469767,0.008500740869144683,0.005520118183878616,NORMAL
10661,0.9859791409469767,0.008500740869144683,0.005520118183878616,NORMAL
10662,0.9859791409469767,0.008500740869144683,0.005520118183878616,NORMAL
10663,0.9859791409469767,0.008500740869144683,0.005520118183878616,NORMAL
10664,0.9859791409469767,0.008500740869144683,0.005520118183878616,NORMAL
10665,0.9859791409469767,0.008500740869144683,0.005520118183878616,NORMAL
10666,0.9859791409469767,0.008500740869144683,0.005520118183878616,NORMAL
10667,0.9859791409469767,0.008500740869144683,0.005520118183878616,NORMAL
10668,0.9859791409469767,0.008500740869144683,0.005520118183878616,NORMAL
10669,0.9859791409469767,0.008500740869144683,0.005520118183878616,NORMAL
10670,0.9859791409469767,0.008500740869144683,0.005520118183878616,NORMAL
10671,0.9859791409469767,0.008500740869144683,0.005520118183878616,NORMAL
10672,0.9859791409469767,0.008500740869144683,0.005520118183878616,NORMAL
10673,0.9859791409469767,0.008500740869144683,0.005520118183878616,NORMAL
10674,0.9861457749806429,0.0072039971467352795,0.00665022787262171,NORMAL
10675,0.9861457749806429,0.0072039971467352795,0.00665022787262171,NORMAL
10676,0.9861457749806429,0.0072039971467352795,0.00665022787262171,NORMAL
10677,0.9861457749806429,0.0072039971467352795,0.00665022787262171,NORMAL
10678,0.9861457749806429,0.0072039971467352795,0.00665022787262171,NORMAL
10679,0.9861457749806429,0.0072039971467352795,0.00665022787262171,NORMAL
10680,0.9861457749806429,0.0072039971467352795,0.00665022787262171,NORMAL
10681,0.9861457749806429,0.0072039971467352795,0.00665022787262171,NORMAL
10682,0.9861457749806429,0.0072039971467352795,0.00665022787262171,NORMAL
10683,0.9861457749806429,0.0072039971467352795,0.00665022787262171,NORMAL
10684,0.9861457749806429,0.0072039971467352795,0.00665022787262171,NORMAL
10685,0.9861457749806429,0.0072039971467352795,0.00665022787262171,NORMAL
10686,0.9861457749806429,0.0072039971467352795,0.00665022787262171,NORMAL
10687,0.9861457749806429,0.0072039971467352795,0.00665022787262171,NORMAL
10688,0.9861457749806429,0.0072039971467352795,0.00665022787262171,NORMAL
10689,0.9861457749806429,0.0072039971467352795,0.00665022787262171,NORMAL
10690,0.9861457749806429,0.0072039971467352795,0.00665022787262171,NORMAL
10691,0.9861457749806429,0.0072039971467352795,0.00665022787262171,NORMAL
10692,0.9879624270110484,0.005915827228695014,0.006121745760256779,NORMAL
10693,0.9879624270110484,0.005915827228695014,0.006121745760256779,NORMAL
10694,0.9879624270110484,0.005915827228695014,0.006121745760256779,NORMAL
10695,0.9879624270110484,0.005915827228695014,0.006121745760256779,NORMAL
10696,0.9879624270110484,0.005915827228695014,0.006121745760256779,NORMAL
10697,0.9879624270110484,0.005915827228695014,0.006121745760256779,NORMAL
10698,0.9879624270110484,0.005915827228695014,0.006121745760256779,NORMAL
10699,0.9879624270110484,0.005915827228695014,0.006121745760256779,NORMAL
10700,0.9879624270110484,0.005915827228695014,0.006121745760256779,NORMAL
10701,0.9879624270110484,0.005915827228695014,0.006121745760256779,NORMAL
10702,0.9879624270110484,0.005915827228695014,0.006121745760256779,NORMAL
10703,0.9879624270110484,0.005915827228695014,0.006121745760256779,NORMAL
10704,0.9879624270110484,0.005915827228695014,0.006121745760256779,NORMAL
10705,0.9879624270110484,0.005915827228695014,0.006121745760256779,NORMAL
10706,0.9879624270110484,0.005915827228695014,0.006121745760256779,NORMAL
10707,0.9879624270110484,0.005915827228695014,0.006121745760256779,NORMAL
10708,0.9879624270110484,0.005915827228695014,0.006121745760256779,NORMAL
10709,0.9879624270110484,0.005915827228695014,0.006121745760256779,NORMAL
10710,0.9879624270110484,0.005915827228695014,0.006121745760256779,NORMAL
10711,0.9879624270110484,0.005915827228695014,0.006121745760256779,NORMAL
10712,0.9879624270110484,0.005915827228695014,0.006121745760256779,NORMAL
10713,0.9879624270110484,0.005915827228695014,0.006121745760256779,NORMAL
10714,0.9879624270110484,0.005915827228695014,0.006121745760256779,NORMAL
10715,0.9879624270110484,0.005915827228695014,0.006121745760256779,NORMAL
10716,0.9879624270110484,0.005915827228695014,0.006121745760256779,NORMAL
10717,0.9879624270110484,0.005915827228695014,0.006121745760256779,NORMAL
10718,0.9879624270110484,0.005915827228695014,0.006121745760256779,NORMAL
10719,0.9879624270110484,0.005915827228695014,0.006121745760256779,NORMAL
10720,0.9879624270110484,0.005915827228695014,0.006121745760256779,NORMAL
10721,0.9879624270110484,0.005915827228695014,0.006121745760256779,NORMAL
10722,0.9879624270110484,0.005915827228695014,0.006121745760256779,NORMAL
10723,0.9879624270110484,0.005915827228695014,0.006121745760256779,NORMAL
10724,0.9879624270110484,0.005915827228695014,0.006121745760256779,NORMAL
10725,0.9879624270110484,0.005915827228695014,0.006121745760256779,NORMAL
10726,0.9879624270110484,0.005915827228695014,0.006121745760256779,NORMAL
10727,0.9879624270110484,0.005915827228695014,0.006121745760256779,NORMAL
10728,0.9879624270110484,0.005915827228695014,0.006121745760256779,NORMAL
10729,0.9879624270110484,0.005915827228695014,0.006121745760256779,NORMAL
10730,0.9879624270110484,0.005915827228695014,0.006121745760256779,NORMAL
10731,0.9879624270110484,0.005915827228695014,0.006121745760256779,NORMAL
10732,0.9879624270110484,0.005915827228695014,0.006121745760256779,NORMAL
10733,0.9879624270110484,0.005915827228695014,0.006121745760256779,NORMAL
10734,0.9879624270110484,0.005915827228695014,0.006121745760256779,NORMAL
10735,0.9879624270110484,0.005915827228695014,0.006121745760256779,NORMAL
10736,0.9879624270110484,0.005915827228695014,0.006121745760256779,NORMAL
10737,0.9879624270110484,0.005915827228695014,0.006121745760256779,NORMAL
10738,0.9879624270110484,0.005915827228695014,0.006121745760256779,NORMAL
10739,0.9879624270110484,0.005915827228695014,0.006121745760256779,NORMAL
10740,0.9879624270110484,0.005915827228695014,0.006121745760256779,NORMAL
10741,0.9879624270110484,0.005915827228695014,0.006121745760256779,NORMAL
10742,0.9879624270110484,0.005915827228695014,0.006121745760256779,NORMAL
10743,0.9879624270110484,0.005915827228695014,0.006121745760256779,NORMAL
10744,0.9879624270110484,0.005915827228695014,0.006121745760256779,NORMAL
10745,0.9879624270110484,0.005915827228695014,0.006121745760256779,NORMAL
10746,0.9879624270110484,0.005915827228695014,0.006121745760256779,NORMAL
10747,0.9879624270110484,0.005915827228695014,0.006121745760256779,NORMAL
10748,0.9879624270110484,0.005915827228695014,0.006121745760256779,NORMAL
10749,0.9879624270110484,0.005915827228695014,0.006121745760256779,NORMAL
10750,0.9879624270110484,0.005915827228695014,0.006121745760256779,NORMAL
10751,0.9879624270110484,0.005915827228695014,0.006121745760256779,NORMAL
10752,0.9879624270110484,0.005915827228695014,0.006121745760256779,NORMAL
10753,0.9879624270110484,0.005915827228695014,0.006121745760256779,NORMAL
10754,0.9879624270110484,0.005915827228695014,0.006121745760256779,NORMAL
10755,0.9879624270110484,0.005915827228695014,0.006121745760256779,NORMAL
10756,0.9879624270110484,0.005915827228695014,0.006121745760256779,NORMAL
10757,0.9879624270110484,0.005915827228695014,0.006121745760256779,NORMAL
10758,0.9879624270110484,0.005915827228695014,0.006121745760256779,NORMAL
10759,0.9879624270110484,0.005915827228695014,0.006121745760256779,NORMAL
10760,0.9879624270110484,0.005915827228695014,0.006121745760256779,NORMAL
10761,0.9879624270110484,0.005915827228695014,0.006121745760256779,NORMAL
10762,0.9879624270110484,0.005915827228695014,0.006121745760256779,NORMAL
10763,0.9879624270110484,0.005915827228695014,0.006121745760256779,NORMAL
10764,0.9859791409469767,0.008500740869144683,0.005520118183878616,NORMAL
10765,0.9859791409469767,0.008500740869144683,0.005520118183878616,NORMAL
10766,0.9859791409469767,0.008500740869144683,0.005520118183878616,NORMAL
10767,0.9859791409469767,0.008500740869144683,0.005520118183878616,NORMAL
10768,0.9859791409469767,0.008500740869144683,0.005520118183878616,NORMAL
10769,0.9859791409469767,0.008500740869144683,0.005520118183878616,NORMAL
10770,0.9859791409469767,0.008500740869144683,0.005520118183878616,NORMAL
10771,0.9859791409469767,0.008500740869144683,0.005520118183878616,NORMAL
10772,0.9859791409469767,0.008500740869144683,0.005520118183878616,NORMAL
10773,0.9859791409469767,0.008500740869144683,0.005520118183878616,NORMAL
10774,0.9859791409469767,0.008500740869144683,0.005520118183878616,NORMAL
10775,0.9859791409469767,0.008500740869144683,0.005520118183878616,NORMAL
10776,0.9859791409469767,0.008500740869144683,0.005520118183878616,NORMAL
10777,0.9859791409469767,0.008500740869144683,0.005520118183878616,NORMAL
10778,0.9859791409469767,0.008500740869144683,0.005520118183878616,NORMAL
10779,0.9859791409469767,0.008500740869144683,0.005520118183878616,NORMAL
10780,0.9859791409469767,0.008500740869144683,0.005520118183878616,NORMAL
10781,0.9859791409469767,0.008500740869144683,0.005520118183878616,NORMAL
10782,0.9859791409469767,0.008500740869144683,0.005520118183878616,NORMAL
10783,0.9859791409469767,0.008500740869144683,0.005520118183878616,NORMAL
10784,0.9859791409469767,0.008500740869144683,0.005520118183878616,NORMAL
10785,0.9859791409469767,0.008500740869144683,0.005520118183878616,NORMAL
10786,0.9859791409469767,0.008500740869144683,0.005520118183878616,NORMAL
10787,0.9859791409469767,0.008500740869144683,0.005520118183878616,NORMAL
10788,0.9859791409469767,0.008500740869144683,0.005520118183878616,NORMAL
10789,0.9859791409469767,0.008500740869144683,0.005520118183878616,NORMAL
10790,0.9859791409469767,0.008500740869144683,0.005520118183878616,NORMAL
10791,0.9859791409469767,0.008500740869144683,0.005520118183878616,NORMAL
10792,0.9859791409469767,0.008500740869144683,0.005520118183878616,NORMAL
10793,0.9859791409469767,0.008500740869144683,0.005520118183878616,NORMAL
10794,0.9859791409469767,0.008500740869144683,0.005520118183878616,NORMAL
10795,0.9859791409469767,0.008500740869144683,0.005520118183878616,NORMAL
10796,0.9859791409469767,0.008500740869144683,0.005520118183878616,NORMAL
10797,0.9859791409469767,0.008500740869144683,0.005520118183878616,NORMAL
10798,0.9859791409469767,0.008500740869144683,0.005520118183878616,NORMAL
10799,0.9859791409469767,0.008500740869144683,0.005520118183878616,NORMAL
10800,0.9859791409469767,0.008500740869144683,0.005520118183878616,NORMAL
10801,0.9859791409469767,0.008500740869144683,0.005520118183878616,NORMAL
10802,0.9859791409469767,0.008500740869144683,0.005520118183878616,NORMAL
10803,0.9859791409469767,0.008500740869144683,0.005520118183878616,NORMAL
10804,0.9859791409469767,0.008500740869144683,0.005520118183878616,NORMAL
10805,0.9859791409469767,0.008500740869144683,0.005520118183878616,NORMAL
10806,0.9859791409469767,0.008500740869144683,0.005520118183878616,NORMAL
10807,0.9859791409469767,0.008500740869144683,0.005520118183878616,NORMAL
10808,0.9859791409469767,0.008500740869144683,0.005520118183878616,NORMAL
10809,0.9859791409469767,0.008500740869144683,0.005520118183878616,NORMAL
10810,0.9859791409469767,0.008500740869144683,0.005520118183878616,NORMAL
10811,0.9859791409469767,0.008500740869144683,0.005520118183878616,NORMAL
10812,0.9859791409469767,0.008500740869144683,0.005520118183878616,NORMAL
10813,0.9859791409469767,0.008500740869144683,0.005520118183878616,NORMAL
10814,0.9859791409469767,0.008500740869144683,0.005520118183878616,NORMAL
10815,0.9859791409469767,0.008500740869144683,0.005520118183878616,NORMAL
10816,0.9859791409469767,0.008500740869144683,0.005520118183878616,NORMAL
10817,0.9859791409469767,0.008500740869144683,0.005520118183878616,NORMAL
10818,0.9879624270110484,0.005915827228695014,0.006121745760256779,NORMAL
10819,0.9879624270110484,0.005915827228695014,0.006121745760256779,NORMAL
10820,0.9879624270110484,0.005915827228695014,0.006121745760256779,NORMAL
10821,0.9879624270110484,0.005915827228695014,0.006121745760256779,NORMAL
10822,0.9879624270110484,0.005915827228695014,0.006121745760256779,NORMAL
10823,0.9879624270110484,0.005915827228695014,0.006121745760256779,NORMAL
10824,0.9878703102290672,0.0060079358022963195,0.006121753968636629,NORMAL
10825,0.9879624270110484,0.005915827228695014,0.006121745760256779,NORMAL
10826,0.9879624270110484,0.005915827228695014,0.006121745760256779,NORMAL
10827,0.9879624270110484,0.005915827228695014,0.006121745760256779,NORMAL
10828,0.9879624270110484,0.005915827228695014,0.006121745760256779,NORMAL
10829,0.9879624270110484,0.005915827228695014,0.006121745760256779,NORMAL
10830,0.9879624270110484,0.005915827228695014,0.006121745760256779,NORMAL
10831,0.9879624270110484,0.005915827228695014,0.006121745760256779,NORMAL
10832,0.9879624270110484,0.005915827228695014,0.006121745760256779,NORMAL
10833,0.9877609186080011,0.006117316730879935,0.0061217646611191326,NORMAL
10834,0.9879624270110484,0.005915827228695014,0.006121745760256779,NORMAL
10835,0.9879624270110484,0.005915827228695014,0.006121745760256779,NORMAL
10836,0.9861457749806429,0.0072039971467352795,0.00665022787262171,NORMAL
10837,0.9861457749806429,0.0072039971467352795,0.00665022787262171,NORMAL
10838,0.9861457749806429,0.0072039971467352795,0.00665022787262171,NORMAL
10839,0.9861457749806429,0.0072039971467352795,0.00665022787262171,NORMAL
10840,0.9861457749806429,0.0072039971467352795,0.00665022787262171,NORMAL
10841,0.9861457749806429,0.0072039971467352795,0.00665022787262171,NORMAL
10842,0.9861457749806429,0.0072039971467352795,0.00665022787262171,NORMAL
10843,0.9848048510844493,0.008541055767525499,0.0066540931480252846,NORMAL
10844,0.9861457749806429,0.0072039971467352795,0.00665022787262171,NORMAL
10845,0.9861457749806429,0.0072039971467352795,0.00665022787262171,NORMAL
10846,0.9861457749806429,0.0072039971467352795,0.00665022787262171,NORMAL
10847,0.9861457749806429,0.0072039971467352795,0.00665022787262171,NORMAL
10848,0.9861457749806429,0.0072039971467352795,0.00665022787262171,NORMAL
10849,0.9861457749806429,0.0072039971467352795,0.00665022787262171,NORMAL
10850,0.9861457749806429,0.0072039971467352795,0.00665022787262171,NORMAL
10851,0.9860392653738024,0.007310212418197847,0.0066505222079997995,NORMAL
10852,0.9861457749806429,0.0072039971467352795,0.00665022787262171,NORMAL
10853,0.9861457749806429,0.0072039971467352795,0.00665022787262171,NORMAL
10854,0.9859791409469767,0.008500740869144683,0.005520118183878616,NORMAL
10855,0.9859791409469767,0.008500740869144683,0.005520118183878616,NORMAL
10856,0.9859791409469767,0.008500740869144683,0.005520118183878616,NORMAL
10857,0.9859791409469767,0.008500740869144683,0.005520118183878616,NORMAL
10858,0.9859791409469767,0.008500740869144683,0.005520118183878616,NORMAL
10859,0.9859791409469767,0.008500740869144683,0.005520118183878616,NORMAL
10860,0.9859791409469767,0.008500740869144683,0.005520118183878616,NORMAL
10861,0.9858633932592533,0.008616474684602363,0.005520132056144249,NORMAL
10862,0.9859791409469767,0.008500740869144683,0.005520118183878616,NORMAL
10863,0.9859791409469767,0.008500740869144683,0.005520118183878616,NORMAL
10864,0.9859791409469767,0.008500740869144683,0.005520118183878616,NORMAL
10865,0.9859791409469767,0.008500740869144683,0.005520118183878616,NORMAL
10866,0.9859791409469767,0.008500740869144683,0.005520118183878616,NORMAL
10867,0.9859791409469767,0.008500740869144683,0.005520118183878616,NORMAL
10868,0.9859791409469767,0.008500740869144683,0.005520118183878616,NORMAL
10869,0.9859791409469767,0.008500740869144683,0.005520118183878616,NORMAL
10870,0.9502480524827125,0.04419874080669622,0.00555320671059138,NORMAL
10871,0.9859791409469767,0.008500740869144683,0.005520118183878616,NORMAL
10872,0.9879624270110484,0.005915827228695014,0.006121745760256779,NORMAL
10873,0.9879624270110484,0.005915827228695014,0.006121745760256779,NORMAL
10874,0.9879624270110484,0.005915827228695014,0.006121745760256779,NORMAL
10875,0.9879624270110484,0.005915827228695014,0.006121745760256779,NORMAL
10876,0.9879624270110484,0.005915827228695014,0.006121745760256779,NORMAL
10877,0.9879624270110484,0.005915827228695014,0.006121745760256779,NORMAL
10878,0.9879624270110484,0.005915827228695014,0.006121745760256779,NORMAL
10879,0.9879624270110484,0.005915827228695014,0.006121745760256779,NORMAL
10880,0.9879624270110484,0.005915827228695014,0.006121745760256779,NORMAL
10881,0.9879624270110484,0.005915827228695014,0.006121745760256779,NORMAL
10882,0.9879624270110484,0.005915827228695014,0.006121745760256779,NORMAL
10883,0.9879624270110484,0.005915827228695014,0.006121745760256779,NORMAL
10884,0.9879624270110484,0.005915827228695014,0.006121745760256779,NORMAL
10885,0.9879624270110484,0.005915827228695014,0.006121745760256779,NORMAL
10886,0.9879624270110484,0.005915827228695014,0.006121745760256779,NORMAL
10887,0.9870620575116889,0.0068160863634615385,0.006121856124849652,NORMAL
10888,0.9879624270110484,0.005915827228695014,0.006121745760256779,NORMAL
10889,0.9879624270110484,0.005915827228695014,0.006121745760256779,NORMAL
10890,0.9859791409469767,0.008500740869144683,0.005520118183878616,NORMAL
10891,0.9859791409469767,0.008500740869144683,0.005520118183878616,NORMAL
10892,0.9859791409469767,0.008500740869144683,0.005520118183878616,NORMAL
10893,0.9859791409469767,0.008500740869144683,0.005520118183878616,NORMAL
10894,0.9859791409469767,0.008500740869144683,0.005520118183878616,NORMAL
10895,0.9859791409469767,0.008500740869144683,0.005520118183878616,NORMAL
10896,0.982767755411075,0.011634799087567569,0.005597445501357357,NORMAL
10897,0.9859791409469767,0.008500740869144683,0.005520118183878616,NORMAL
10898,0.9859791409469767,0.008500740869144683,0.005520118183878616,NORMAL
10899,0.9859791409469767,0.008500740869144683,0.005520118183878616,NORMAL
10900,0.9859791409469767,0.008500740869144683,0.005520118183878616,NORMAL
10901,0.9859791409469767,0.008500740869144683,0.005520118183878616,NORMAL
10902,0.9859791409469767,0.008500740869144683,0.005520118183878616,NORMAL
10903,0.9859791409469767,0.008500740869144683,0.005520118183878616,NORMAL
10904,0.9859791409469767,0.008500740869144683,0.005520118183878616,NORMAL
10905,0.9855155701516325,0.0089642492103789,0.005520180637988605,NORMAL
10906,0.9859791409469767,0.008500740869144683,0.005520118183878616,NORMAL
10907,0.9859791409469767,0.008500740869144683,0.005520118183878616,NORMAL
10908,0.9861457749806429,0.0072039971467352795,0.00665022787262171,NORMAL
10909,0.9861457749806429,0.0072039971467352795,0.00665022787262171,NORMAL
10910,0.9861457749806429,0.0072039971467352795,0.00665022787262171,NORMAL
10911,0.9861457749806429,0.0072039971467352795,0.00665022787262171,NORMAL
10912,0.9861457749806429,0.0072039971467352795,0.00665022787262171,NORMAL
10913,0.9861457749806429,0.0072039971467352795,0.00665022787262171,NORMAL
10914,0.9861457749806429,0.0072039971467352795,0.00665022787262171,NORMAL
10915,0.9861457749806429,0.0072039971467352795,0.00665022787262171,NORMAL
10916,0.9861457749806429,0.0072039971467352795,0.00665022787262171,NORMAL
10917,0.9861457749806429,0.0072039971467352795,0.00665022787262171,NORMAL
10918,0.9861457749806429,0.0072039971467352795,0.00665022787262171,NORMAL
10919,0.9861457749806429,0.0072039971467352795,0.00665022787262171,NORMAL
10920,0.9861457749806429,0.0072039971467352795,0.00665022787262171,NORMAL
10921,0.9861457749806429,0.0072039971467352795,0.00665022787262171,NORMAL
10922,0.9861457749806429,0.0072039971467352795,0.00665022787262171,NORMAL
10923,0.9861457749806429,0.0072039971467352795,0.00665022787262171,NORMAL
10924,0.9848048510844493,0.008541055767525499,0.0066540931480252846,NORMAL
10925,0.9861457749806429,0.0072039971467352795,0.00665022787262171,NORMAL
10926,0.9861457749806429,0.0072039971467352795,0.00665022787262171,NORMAL
10927,0.9861457749806429,0.0072039971467352795,0.00665022787262171,NORMAL
10928,0.9861457749806429,0.0072039971467352795,0.00665022787262171,NORMAL
10929,0.9861457749806429,0.0072039971467352795,0.00665022787262171,NORMAL
10930,0.9861457749806429,0.0072039971467352795,0.00665022787262171,NORMAL
10931,0.9861457749806429,0.0072039971467352795,0.00665022787262171,NORMAL
10932,0.9861457749806429,0.0072039971467352795,0.00665022787262171,NORMAL
10933,0.9854308424851818,0.007916910962624485,0.006652246552193759,NORMAL
10934,0.9861457749806429,0.0072039971467352795,0.00665022787262171,NORMAL
10935,0.9861457749806429,0.0072039971467352795,0.00665022787262171,NORMAL
10936,0.9861457749806429,0.0072039971467352795,0.00665022787262171,NORMAL
10937,0.9861457749806429,0.0072039971467352795,0.00665022787262171,NORMAL
10938,0.9861457749806429,0.0072039971467352795,0.00665022787262171,NORMAL
10939,0.9861457749806429,0.0072039971467352795,0.00665022787262171,NORMAL
10940,0.9861457749806429,0.0072039971467352795,0.00665022787262171,NORMAL
10941,0.9861457749806429,0.0072039971467352795,0.00665022787262171,NORMAL
10942,0.9846354555478628,0.008709939629804172,0.006654604822332931,NORMAL
10943,0.9861457749806429,0.0072039971467352795,0.00665022787262171,NORMAL
10944,0.9879624270110484,0.005915827228695014,0.006121745760256779,NORMAL
10945,0.9879624270110484,0.005915827228695014,0.006121745760256779,NORMAL
10946,0.9879624270110484,0.005915827228695014,0.006121745760256779,NORMAL
10947,0.9879624270110484,0.005915827228695014,0.006121745760256779,NORMAL
10948,0.9879624270110484,0.005915827228695014,0.006121745760256779,NORMAL
10949,0.9879624270110484,0.005915827228695014,0.006121745760256779,NORMAL
10950,0.9879624270110484,0.005915827228695014,0.006121745760256779,NORMAL
10951,0.9879624270110484,0.005915827228695014,0.006121745760256779,NORMAL
10952,0.9879624270110484,0.005915827228695014,0.006121745760256779,NORMAL
10953,0.9879624270110484,0.005915827228695014,0.006121745760256779,NORMAL
10954,0.9879624270110484,0.005915827228695014,0.006121745760256779,NORMAL
10955,0.9879624270110484,0.005915827228695014,0.006121745760256779,NORMAL
10956,0.9879624270110484,0.005915827228695014,0.006121745760256779,NORMAL
10957,0.9879624270110484,0.005915827228695014,0.006121745760256779,NORMAL
10958,0.9879624270110484,0.005915827228695014,0.006121745760256779,NORMAL
10959,0.9879624270110484,0.005915827228695014,0.006121745760256779,NORMAL
10960,0.9879624270110484,0.005915827228695014,0.006121745760256779,NORMAL
10961,0.9879624270110484,0.005915827228695014,0.006121745760256779,NORMAL
10962,0.9879624270110484,0.005915827228695014,0.006121745760256779,NORMAL
10963,0.9879624270110484,0.005915827228695014,0.006121745760256779,NORMAL
10964,0.9879624270110484,0.005915827228695014,0.006121745760256779,NORMAL
10965,0.9879624270110484,0.005915827228695014,0.006121745760256779,NORMAL
10966,0.9879624270110484,0.005915827228695014,0.006121745760256779,NORMAL
10967,0.9879624270110484,0.005915827228695014,0.006121745760256779,NORMAL
10968,0.9879624270110484,0.005915827228695014,0.006121745760256779,NORMAL
10969,0.9879624270110484,0.005915827228695014,0.006121745760256779,NORMAL
10970,0.9879624270110484,0.005915827228695014,0.006121745760256779,NORMAL
10971,0.9879624270110484,0.005915827228695014,0.006121745760256779,NORMAL
10972,0.9879624270110484,0.005915827228695014,0.006121745760256779,NORMAL
10973,0.9879624270110484,0.005915827228695014,0.006121745760256779,NORMAL
10974,0.9879624270110484,0.005915827228695014,0.006121745760256779,NORMAL
10975,0.9879624270110484,0.005915827228695014,0.006121745760256779,NORMAL
10976,0.9879624270110484,0.005915827228695014,0.006121745760256779,NORMAL
10977,0.9879624270110484,0.005915827228695014,0.006121745760256779,NORMAL
10978,0.9879624270110484,0.005915827228695014,0.006121745760256779,NORMAL
10979,0.9879624270110484,0.005915827228695014,0.006121745760256779,NORMAL
10980,0.9859791409469767,0.008500740869144683,0.005520118183878616,NORMAL
10981,0.9859791409469767,0.008500740869144683,0.005520118183878616,NORMAL
10982,0.9859791409469767,0.008500740869144683,0.005520118183878616,NORMAL
10983,0.9859791409469767,0.008500740869144683,0.005520118183878616,NORMAL
10984,0.9859791409469767,0.008500740869144683,0.005520118183878616,NORMAL
10985,0.9859791409469767,0.008500740869144683,0.005520118183878616,NORMAL
10986,0.9859791409469767,0.008500740869144683,0.005520118183878616,NORMAL
10987,0.9859791409469767,0.008500740869144683,0.005520118183878616,NORMAL
10988,0.9859791409469767,0.008500740869144683,0.005520118183878616,NORMAL
10989,0.9859791409469767,0.008500740869144683,0.005520118183878616,NORMAL
10990,0.9859791409469767,0.008500740869144683,0.005520118183878616,NORMAL
10991,0.9859791409469767,0.008500740869144683,0.005520118183878616,NORMAL
10992,0.9859791409469767,0.008500740869144683,0.005520118183878616,NORMAL
10993,0.9859791409469767,0.008500740869144683,0.005520118183878616,NORMAL
10994,0.9859791409469767,0.008500740869144683,0.005520118183878616,NORMAL
10995,0.985788921997917,0.008690936409178531,0.00552014159290426,NORMAL
10996,0.9859791409469767,0.008500740869144683,0.005520118183878616,NORMAL
10997,0.9859791409469767,0.008500740869144683,0.005520118183878616,NORMAL
10998,0.9861457749806429,0.0072039971467352795,0.00665022787262171,NORMAL
10999,0.9861457749806429,0.0072039971467352795,0.00665022787262171,NORMAL
11000,0.9861457749806429,0.0072039971467352795,0.00665022787262171,NORMAL
11001,0.9861457749806429,0.0072039971467352795,0.00665022787262171,NORMAL
11002,0.9861457749806429,0.0072039971467352795,0.00665022787262171,NORMAL
11003,0.9861457749806429,0.0072039971467352795,0.00665022787262171,NORMAL
11004,0.9861457749806429,0.0072039971467352795,0.00665022787262171,NORMAL
11005,0.985273809987158,0.00807348693780406,0.006652703075038099,NORMAL
11006,0.9861457749806429,0.0072039971467352795,0.00665022787262171,NORMAL
11007,0.9861457749806429,0.0072039971467352795,0.00665022787262171,NORMAL
11008,0.9861457749806429,0.0072039971467352795,0.00665022787262171,NORMAL
11009,0.9861457749806429,0.0072039971467352795,0.00665022787262171,NORMAL
11010,0.9861457749806429,0.0072039971467352795,0.00665022787262171,NORMAL
11011,0.9861457749806429,0.0072039971467352795,0.00665022787262171,NORMAL
11012,0.9861457749806429,0.0072039971467352795,0.00665022787262171,NORMAL
11013,0.9861457749806429,0.0072039971467352795,0.00665022787262171,NORMAL
11014,0.9854308424851818,0.007916910962624485,0.006652246552193759,NORMAL
11015,0.9861457749806429,0.0072039971467352795,0.00665022787262171,NORMAL
11016,0.9859791409469767,0.008500740869144683,0.005520118183878616,NORMAL
11017,0.9859791409469767,0.008500740869144683,0.005520118183878616,NORMAL
11018,0.9859791409469767,0.008500740869144683,0.005520118183878616,NORMAL
11019,0.9859791409469767,0.008500740869144683,0.005520118183878616,NORMAL
11020,0.9859791409469767,0.008500740869144683,0.005520118183878616,NORMAL
11021,0.9859791409469767,0.008500740869144683,0.005520118183878616,NORMAL
11022,0.9859791409469767,0.008500740869144683,0.005520118183878616,NORMAL
11023,0.9859791409469767,0.008500740869144683,0.005520118183878616,NORMAL
11024,0.9859791409469767,0.008500740869144683,0.005520118183878616,NORMAL
11025,0.9859791409469767,0.008500740869144683,0.005520118183878616,NORMAL
11026,0.9859791409469767,0.008500740869144683,0.005520118183878616,NORMAL
11027,0.9859791409469767,0.008500740869144683,0.005520118183878616,NORMAL
11028,0.9859791409469767,0.008500740869144683,0.005520118183878616,NORMAL
11029,0.9859791409469767,0.008500740869144683,0.005520118183878616,NORMAL
11030,0.9859791409469767,0.008500740869144683,0.005520118183878616,NORMAL
11031,0.9858527934392932,0.008627073176249686,0.005520133384457136,NORMAL
11032,0.9859791409469767,0.008500740869144683,0.005520118183878616,NORMAL
11033,0.9859791409469767,0.008500740869144683,0.005520118183878616,NORMAL
11034,0.9861457749806429,0.0072039971467352795,0.00665022787262171,NORMAL
11035,0.9861457749806429,0.0072039971467352795,0.00665022787262171,NORMAL
11036,0.9861457749806429,0.0072039971467352795,0.00665022787262171,NORMAL
11037,0.9861457749806429,0.0072039971467352795,0.00665022787262171,NORMAL
11038,0.9861457749806429,0.0072039971467352795,0.00665022787262171,NORMAL
11039,0.9861457749806429,0.0072039971467352795,0.00665022787262171,NORMAL
11040,0.9861457749806429,0.0072039971467352795,0.00665022787262171,NORMAL
11041,0.9861457749806429,0.0072039971467352795,0.00665022787262171,NORMAL
11042,0.9861457749806429,0.0072039971467352795,0.00665022787262171,NORMAL
11043,0.9861457749806429,0.0072039971467352795,0.00665022787262171,NORMAL
11044,0.9861457749806429,0.0072039971467352795,0.00665022787262171,NORMAL
11045,0.9861457749806429,0.0072039971467352795,0.00665022787262171,NORMAL
11046,0.9861457749806429,0.0072039971467352795,0.00665022787262171,NORMAL
11047,0.9861457749806429,0.0072039971467352795,0.00665022787262171,NORMAL
11048,0.9861457749806429,0.0072039971467352795,0.00665022787262171,NORMAL
11049,0.9861457749806429,0.0072039971467352795,0.00665022787262171,NORMAL
11050,0.9820583895275219,0.011266040994728218,0.006675569477749843,NORMAL
11051,0.9861457749806429,0.0072039971467352795,0.00665022787262171,NORMAL
11052,0.9879624270110484,0.005915827228695014,0.006121745760256779,NORMAL
11053,0.9879624270110484,0.005915827228695014,0.006121745760256779,NORMAL
11054,0.9879624270110484,0.005915827228695014,0.006121745760256779,NORMAL
11055,0.9879624270110484,0.005915827228695014,0.006121745760256779,NORMAL
11056,0.9879624270110484,0.005915827228695014,0.006121745760256779,NORMAL
11057,0.9879624270110484,0.005915827228695014,0.006121745760256779,NORMAL
11058,0.9868300628240563,0.007048042265650229,0.006121894910293545,NORMAL
11059,0.9879624270110484,0.005915827228695014,0.006121745760256779,NORMAL
11060,0.9879624270110484,0.005915827228695014,0.006121745760256779,NORMAL
11061,0.9879624270110484,0.005915827228695014,0.006121745760256779,NORMAL
11062,0.9879624270110484,0.005915827228695014,0.006121745760256779,NORMAL
11063,0.9879624270110484,0.005915827228695014,0.006121745760256779,NORMAL
11064,0.9879624270110484,0.005915827228695014,0.006121745760256779,NORMAL
11065,0.9879624270110484,0.005915827228695014,0.006121745760256779,NORMAL
11066,0.9879624270110484,0.005915827228695014,0.006121745760256779,NORMAL
11067,0.9878236379379542,0.0060546036559945325,0.0061217584060514535,NORMAL
11068,0.9879624270110484,0.005915827228695014,0.006121745760256779,NORMAL
11069,0.9879624270110484,0.005915827228695014,0.006121745760256779,NORMAL
11070,0.9879624270110484,0.005915827228695014,0.006121745760256779,NORMAL
11071,0.9879624270110484,0.005915827228695014,0.006121745760256779,NORMAL
11072,0.9879624270110484,0.005915827228695014,0.006121745760256779,NORMAL
11073,0.9879624270110484,0.005915827228695014,0.006121745760256779,NORMAL
11074,0.9879624270110484,0.005915827228695014,0.006121745760256779,NORMAL
11075,0.9879624270110484,0.005915827228695014,0.006121745760256779,NORMAL
11076,0.9879624270110484,0.005915827228695014,0.006121745760256779,NORMAL
11077,0.9879624270110484,0.005915827228695014,0.006121745760256779,NORMAL
11078,0.9879624270110484,0.005915827228695014,0.006121745760256779,NORMAL
11079,0.9879624270110484,0.005915827228695014,0.006121745760256779,NORMAL
11080,0.9879624270110484,0.005915827228695014,0.006121745760256779,NORMAL
11081,0.9879624270110484,0.005915827228695014,0.006121745760256779,NORMAL
11082,0.9879624270110484,0.005915827228695014,0.006121745760256779,NORMAL
11083,0.9879624270110484,0.005915827228695014,0.006121745760256779,NORMAL
11084,0.9879624270110484,0.005915827228695014,0.006121745760256779,NORMAL
11085,0.9878703102290672,0.0060079358022963195,0.006121753968636629,NORMAL
11086,0.9879624270110484,0.005915827228695014,0.006121745760256779,NORMAL
11087,0.9879624270110484,0.005915827228695014,0.006121745760256779,NORMAL
11088,0.9859791409469767,0.008500740869144683,0.005520118183878616,NORMAL
11089,0.9859791409469767,0.008500740869144683,0.005520118183878616,NORMAL
11090,0.9859791409469767,0.008500740869144683,0.005520118183878616,NORMAL
11091,0.9859791409469767,0.008500740869144683,0.005520118183878616,NORMAL
11092,0.9859791409469767,0.008500740869144683,0.005520118183878616,NORMAL
11093,0.9859791409469767,0.008500740869144683,0.005520118183878616,NORMAL
11094,0.9859791409469767,0.008500740869144683,0.005520118183878616,NORMAL
11095,0.9859791409469767,0.008500740869144683,0.005520118183878616,NORMAL
11096,0.9859791409469767,0.008500740869144683,0.005520118183878616,NORMAL
11097,0.9859791409469767,0.008500740869144683,0.005520118183878616,NORMAL
11098,0.9859791409469767,0.008500740869144683,0.005520118183878616,NORMAL
11099,0.9859791409469767,0.008500740869144683,0.005520118183878616,NORMAL
11100,0.9859791409469767,0.008500740869144683,0.005520118183878616,NORMAL
11101,0.9859791409469767,0.008500740869144683,0.005520118183878616,NORMAL
11102,0.9859791409469767,0.008500740869144683,0.005520118183878616,NORMAL
11103,0.9851007883580903,0.009378959932324073,0.0055202517095856015,NORMAL
11104,0.9859791409469767,0.008500740869144683,0.005520118183878616,NORMAL
11105,0.9859791409469767,0.008500740869144683,0.005520118183878616,NORMAL
11106,0.9855961120320984,0.008883719488274834,0.00552016847962658,NORMAL
11107,0.9859791409469767,0.008500740869144683,0.005520118183878616,NORMAL
11108,0.9859791409469767,0.008500740869144683,0.005520118183878616,NORMAL
11109,0.9859791409469767,0.008500740869144683,0.005520118183878616,NORMAL
11110,0.9859791409469767,0.008500740869144683,0.005520118183878616,NORMAL
11111,0.9859791409469767,0.008500740869144683,0.005520118183878616,NORMAL
11112,0.9830590993022044,0.011343580743242801,0.005597319954552638,NORMAL
11113,0.9855528775860831,0.008926947475131916,0.005520174938784843,NORMAL
11114,0.9859791409469767,0.008500740869144683,0.005520118183878616,NORMAL
11115,0.9848440741042909,0.009635623272214365,0.005520302623494667,NORMAL
11116,0.9859791409469767,0.008500740869144683,0.005520118183878616,NORMAL
11117,0.9859791409469767,0.008500740869144683,0.005520118183878616,NORMAL
11118,0.9859791409469767,0.008500740869144683,0.005520118183878616,NORMAL
11119,0.9859791409469767,0.008500740869144683,0.005520118183878616,NORMAL
11120,0.9859791409469767,0.008500740869144683,0.005520118183878616,NORMAL
11121,0.9859791409469767,0.008500740869144683,0.005520118183878616,NORMAL
11122,0.9859791409469767,0.008500740869144683,0.005520118183878616,NORMAL
11123,0.9859791409469767,0.008500740869144683,0.005520118183878616,NORMAL
11124,0.9859791409469767,0.008500740869144683,0.005520118183878616,NORMAL
11125,0.9859791409469767,0.008500740869144683,0.005520118183878616,NORMAL
11126,0.9859791409469767,0.008500740869144683,0.005520118183878616,NORMAL
11127,0.9859791409469767,0.008500740869144683,0.005520118183878616,NORMAL
11128,0.9859791409469767,0.008500740869144683,0.005520118183878616,NORMAL
11129,0.9859791409469767,0.008500740869144683,0.005520118183878616,NORMAL
11130,0.9857603841484883,0.008719470478124538,0.005520145373387018,NORMAL
11131,0.9859791409469767,0.008500740869144683,0.005520118183878616,NORMAL
11132,0.9859791409469767,0.008500740869144683,0.005520118183878616,NORMAL
11133,0.9859791409469767,0.008500740869144683,0.005520118183878616,NORMAL
11134,0.9859791409469767,0.008500740869144683,0.005520118183878616,NORMAL
11135,0.9859791409469767,0.008500740869144683,0.005520118183878616,NORMAL
11136,0.9859791409469767,0.008500740869144683,0.005520118183878616,NORMAL
11137,0.9859791409469767,0.008500740869144683,0.005520118183878616,NORMAL
11138,0.9859791409469767,0.008500740869144683,0.005520118183878616,NORMAL
11139,0.982992193663072,0.011486990933584044,0.005520815403343961,NORMAL
11140,0.9859791409469767,0.008500740869144683,0.005520118183878616,NORMAL
11141,0.9859791409469767,0.008500740869144683,0.005520118183878616,NORMAL
11142,0.9859791409469767,0.008500740869144683,0.005520118183878616,NORMAL
11143,0.9859791409469767,0.008500740869144683,0.005520118183878616,NORMAL
11144,0.9859791409469767,0.008500740869144683,0.005520118183878616,NORMAL
11145,0.9859791409469767,0.008500740869144683,0.005520118183878616,NORMAL
11146,0.9859791409469767,0.008500740869144683,0.005520118183878616,NORMAL
11147,0.9859791409469767,0.008500740869144683,0.005520118183878616,NORMAL
11148,0.9859791409469767,0.008500740869144683,0.005520118183878616,NORMAL
11149,0.9859791409469767,0.008500740869144683,0.005520118183878616,NORMAL
11150,0.9859791409469767,0.008500740869144683,0.005520118183878616,NORMAL
11151,0.9859791409469767,0.008500740869144683,0.005520118183878616,NORMAL
11152,0.9859791409469767,0.008500740869144683,0.005520118183878616,NORMAL
11153,0.9859791409469767,0.008500740869144683,0.005520118183878616,NORMAL
11154,0.9859791409469767,0.008500740869144683,0.005520118183878616,NORMAL
11155,0.9859791409469767,0.008500740869144683,0.005520118183878616,NORMAL
11156,0.9859791409469767,0.008500740869144683,0.005520118183878616,NORMAL
11157,0.9859791409469767,0.008500740869144683,0.005520118183878616,NORMAL
11158,0.9859791409469767,0.008500740869144683,0.005520118183878616,NORMAL
11159,0.9859791409469767,0.008500740869144683,0.005520118183878616,NORMAL
11160,0.9859791409469767,0.008500740869144683,0.005520118183878616,NORMAL
11161,0.9859791409469767,0.008500740869144683,0.005520118183878616,NORMAL
11162,0.9859791409469767,0.008500740869144683,0.005520118183878616,NORMAL
11163,0.9859791409469767,0.008500740869144683,0.005520118183878616,NORMAL
11164,0.9859791409469767,0.008500740869144683,0.005520118183878616,NORMAL
11165,0.9859791409469767,0.008500740869144683,0.005520118183878616,NORMAL
11166,0.9859791409469767,0.008500740869144683,0.005520118183878616,NORMAL
11167,0.9859791409469767,0.008500740869144683,0.005520118183878616,NORMAL
11168,0.9859791409469767,0.008500740869144683,0.005520118183878616,NORMAL
11169,0.9859791409469767,0.008500740869144683,0.005520118183878616,NORMAL
11170,0.9859791409469767,0.008500740869144683,0.005520118183878616,NORMAL
11171,0.9859791409469767,0.008500740869144683,0.005520118183878616,NORMAL
11172,0.9859791409469767,0.008500740869144683,0.005520118183878616,NORMAL
11173,0.9859791409469767,0.008500740869144683,0.005520118183878616,NORMAL
11174,0.9859791409469767,0.008500740869144683,0.005520118183878616,NORMAL
11175,0.9859791409469767,0.008500740869144683,0.005520118183878616,NORMAL
11176,0.9859791409469767,0.008500740869144683,0.005520118183878616,NORMAL
11177,0.9859791409469767,0.008500740869144683,0.005520118183878616,NORMAL
11178,0.9859791409469767,0.008500740869144683,0.005520118183878616,NORMAL
11179,0.9859791409469767,0.008500740869144683,0.005520118183878616,NORMAL
11180,0.9859791409469767,0.008500740869144683,0.005520118183878616,NORMAL
11181,0.9859791409469767,0.008500740869144683,0.005520118183878616,NORMAL
11182,0.9859791409469767,0.008500740869144683,0.005520118183878616,NORMAL
11183,0.9859791409469767,0.008500740869144683,0.005520118183878616,NORMAL
11184,0.9857603841484883,0.008719470478124538,0.005520145373387018,NORMAL
11185,0.9859791409469767,0.008500740869144683,0.005520118183878616,NORMAL
11186,0.9859791409469767,0.008500740869144683,0.005520118183878616,NORMAL
11187,0.9859791409469767,0.008500740869144683,0.005520118183878616,NORMAL
11188,0.9859791409469767,0.008500740869144683,0.005520118183878616,NORMAL
11189,0.9859791409469767,0.008500740869144683,0.005520118183878616,NORMAL
11190,0.9859791409469767,0.008500740869144683,0.005520118183878616,NORMAL
11191,0.9859791409469767,0.008500740869144683,0.005520118183878616,NORMAL
11192,0.9859791409469767,0.008500740869144683,0.005520118183878616,NORMAL
11193,0.9852017363821804,0.009278030492893677,0.005520233124925741,NORMAL
11194,0.9671466873326556,0.027320922933557798,0.0055323897337864955,NORMAL
11195,0.9859791409469767,0.008500740869144683,0.005520118183878616,NORMAL
11196,0.9859791409469767,0.008500740869144683,0.005520118183878616,NORMAL
11197,0.9859791409469767,0.008500740869144683,0.005520118183878616,NORMAL
11198,0.9859791409469767,0.008500740869144683,0.005520118183878616,NORMAL
11199,0.9859791409469767,0.008500740869144683,0.005520118183878616,NORMAL
11200,0.9859791409469767,0.008500740869144683,0.005520118183878616,NORMAL
11201,0.9859791409469767,0.008500740869144683,0.005520118183878616,NORMAL
11202,0.9855287058039276,0.008951115577963324,0.005520178618109016,NORMAL
11203,0.9859791409469767,0.008500740869144683,0.005520118183878616,NORMAL
11204,0.9859791409469767,0.008500740869144683,0.005520118183878616,NORMAL
11205,0.9859791409469767,0.008500740869144683,0.005520118183878616,NORMAL
11206,0.9859791409469767,0.008500740869144683,0.005520118183878616,NORMAL
11207,0.9859791409469767,0.008500740869144683,0.005520118183878616,NORMAL
11208,0.9859791409469767,0.008500740869144683,0.005520118183878616,NORMAL
11209,0.9859791409469767,0.008500740869144683,0.005520118183878616,NORMAL
11210,0.9859791409469767,0.008500740869144683,0.005520118183878616,NORMAL
11211,0.9858527934392932,0.008627073176249686,0.005520133384457136,NORMAL
11212,0.9859791409469767,0.008500740869144683,0.005520118183878616,NORMAL
11213,0.9859791409469767,0.008500740869144683,0.005520118183878616,NORMAL
11214,0.9861457749806429,0.0072039971467352795,0.00665022787262171,NORMAL
11215,0.9861457749806429,0.0072039971467352795,0.00665022787262171,NORMAL
11216,0.9861457749806429,0.0072039971467352795,0.00665022787262171,NORMAL
11217,0.9861457749806429,0.0072039971467352795,0.00665022787262171,NORMAL
11218,0.9861457749806429,0.0072039971467352795,0.00665022787262171,NORMAL
11219,0.9861457749806429,0.0072039971467352795,0.00665022787262171,NORMAL
11220,0.9861457749806429,0.0072039971467352795,0.00665022787262171,NORMAL
11221,0.9858938960707059,0.007455176311712173,0.00665092761758185,NORMAL
11222,0.9861457749806429,0.0072039971467352795,0.00665022787262171,NORMAL
11223,0.9861457749806429,0.0072039971467352795,0.00665022787262171,NORMAL
11224,0.9861457749806429,0.0072039971467352795,0.00665022787262171,NORMAL
11225,0.9861457749806429,0.0072039971467352795,0.00665022787262171,NORMAL
11226,0.9861457749806429,0.0072039971467352795,0.00665022787262171,NORMAL
11227,0.9861457749806429,0.0072039971467352795,0.00665022787262171,NORMAL
11228,0.9861457749806429,0.0072039971467352795,0.00665022787262171,NORMAL
11229,0.9861457749806429,0.0072039971467352795,0.00665022787262171,NORMAL
11230,0.984763088479668,0.008582692687039218,0.006654218833292868,NORMAL
11231,0.9861457749806429,0.0072039971467352795,0.00665022787262171,NORMAL
11232,0.9859791409469767,0.008500740869144683,0.005520118183878616,NORMAL
11233,0.9859791409469767,0.008500740869144683,0.005520118183878616,NORMAL
11234,0.9859791409469767,0.008500740869144683,0.005520118183878616,NORMAL
11235,0.9859791409469767,0.008500740869144683,0.005520118183878616,NORMAL
11236,0.9859791409469767,0.008500740869144683,0.005520118183878616,NORMAL
11237,0.9859791409469767,0.008500740869144683,0.005520118183878616,NORMAL
11238,0.9859791409469767,0.008500740869144683,0.005520118183878616,NORMAL
11239,0.9859791409469767,0.008500740869144683,0.005520118183878616,NORMAL
11240,0.9859791409469767,0.008500740869144683,0.005520118183878616,NORMAL
11241,0.9859791409469767,0.008500740869144683,0.005520118183878616,NORMAL
11242,0.9859791409469767,0.008500740869144683,0.005520118183878616,NORMAL
11243,0.9859791409469767,0.008500740869144683,0.005520118183878616,NORMAL
11244,0.9859791409469767,0.008500740869144683,0.005520118183878616,NORMAL
11245,0.9859791409469767,0.008500740869144683,0.005520118183878616,NORMAL
11246,0.9859791409469767,0.008500740869144683,0.005520118183878616,NORMAL
11247,0.9859791409469767,0.008500740869144683,0.005520118183878616,NORMAL
11248,0.9859791409469767,0.008500740869144683,0.005520118183878616,NORMAL
11249,0.9859791409469767,0.008500740869144683,0.005520118183878616,NORMAL
11250,0.9859791409469767,0.008500740869144683,0.005520118183878616,NORMAL
11251,0.9859791409469767,0.008500740869144683,0.005520118183878616,NORMAL
11252,0.9859791409469767,0.008500740869144683,0.005520118183878616,NORMAL
11253,0.9859791409469767,0.008500740869144683,0.005520118183878616,NORMAL
11254,0.9859791409469767,0.008500740869144683,0.005520118183878616,NORMAL
11255,0.9859791409469767,0.008500740869144683,0.005520118183878616,NORMAL
11256,0.9857603841484883,0.008719470478124538,0.005520145373387018,NORMAL
11257,0.9859791409469767,0.008500740869144683,0.005520118183878616,NORMAL
11258,0.9859791409469767,0.008500740869144683,0.005520118183878616,NORMAL
11259,0.9859791409469767,0.008500740869144683,0.005520118183878616,NORMAL
11260,0.9859791409469767,0.008500740869144683,0.005520118183878616,NORMAL
11261,0.9859791409469767,0.008500740869144683,0.005520118183878616,NORMAL
11262,0.9859791409469767,0.008500740869144683,0.005520118183878616,NORMAL
11263,0.9859791409469767,0.008500740869144683,0.005520118183878616,NORMAL
11264,0.9859791409469767,0.008500740869144683,0.005520118183878616,NORMAL
11265,0.9830590993022044,0.011343580743242801,0.005597319954552638,NORMAL
11266,0.9859791409469767,0.008500740869144683,0.005520118183878616,NORMAL
11267,0.9859791409469767,0.008500740869144683,0.005520118183878616,NORMAL
11268,0.9879624270110484,0.005915827228695014,0.006121745760256779,NORMAL
11269,0.9879624270110484,0.005915827228695014,0.006121745760256779,NORMAL
11270,0.9879624270110484,0.005915827228695014,0.006121745760256779,NORMAL
11271,0.9879624270110484,0.005915827228695014,0.006121745760256779,NORMAL
11272,0.9879624270110484,0.005915827228695014,0.006121745760256779,NORMAL
11273,0.9879624270110484,0.005915827228695014,0.006121745760256779,NORMAL
11274,0.9879624270110484,0.005915827228695014,0.006121745760256779,NORMAL
11275,0.9879624270110484,0.005915827228695014,0.006121745760256779,NORMAL
11276,0.9879624270110484,0.005915827228695014,0.006121745760256779,NORMAL
11277,0.9879624270110484,0.005915827228695014,0.006121745760256779,NORMAL
11278,0.9879624270110484,0.005915827228695014,0.006121745760256779,NORMAL
11279,0.9879624270110484,0.005915827228695014,0.006121745760256779,NORMAL
11280,0.9879624270110484,0.005915827228695014,0.006121745760256779,NORMAL
11281,0.9879624270110484,0.005915827228695014,0.006121745760256779,NORMAL
11282,0.9879624270110484,0.005915827228695014,0.006121745760256779,NORMAL
11283,0.9879624270110484,0.005915827228695014,0.006121745760256779,NORMAL
11284,0.9879624270110484,0.005915827228695014,0.006121745760256779,NORMAL
11285,0.9879624270110484,0.005915827228695014,0.006121745760256779,NORMAL
11286,0.9859791409469767,0.008500740869144683,0.005520118183878616,NORMAL
11287,0.9859791409469767,0.008500740869144683,0.005520118183878616,NORMAL
11288,0.9859791409469767,0.008500740869144683,0.005520118183878616,NORMAL
11289,0.9859791409469767,0.008500740869144683,0.005520118183878616,NORMAL
11290,0.9859791409469767,0.008500740869144683,0.005520118183878616,NORMAL
11291,0.9859791409469767,0.008500740869144683,0.005520118183878616,NORMAL
11292,0.9859791409469767,0.008500740869144683,0.005520118183878616,NORMAL
11293,0.9859791409469767,0.008500740869144683,0.005520118183878616,NORMAL
11294,0.9859791409469767,0.008500740869144683,0.005520118183878616,NORMAL
11295,0.9859791409469767,0.008500740869144683,0.005520118183878616,NORMAL
11296,0.9859791409469767,0.008500740869144683,0.005520118183878616,NORMAL
11297,0.9859791409469767,0.008500740869144683,0.005520118183878616,NORMAL
11298,0.9859791409469767,0.008500740869144683,0.005520118183878616,NORMAL
11299,0.9859791409469767,0.008500740869144683,0.005520118183878616,NORMAL
11300,0.9859791409469767,0.008500740869144683,0.005520118183878616,NORMAL
11301,0.9853733554578079,0.009106441120241445,0.005520203421950548,NORMAL
11302,0.9859791409469767,0.008500740869144683,0.005520118183878616,NORMAL
11303,0.9859791409469767,0.008500740869144683,0.005520118183878616,NORMAL
11304,0.9861457749806429,0.0072039971467352795,0.00665022787262171,NORMAL
11305,0.9861457749806429,0.0072039971467352795,0.00665022787262171,NORMAL
11306,0.9861457749806429,0.0072039971467352795,0.00665022787262171,NORMAL
11307,0.9861457749806429,0.0072039971467352795,0.00665022787262171,NORMAL
11308,0.9861457749806429,0.0072039971467352795,0.00665022787262171,NORMAL
11309,0.9861457749806429,0.0072039971467352795,0.00665022787262171,NORMAL
11310,0.9861457749806429,0.0072039971467352795,0.00665022787262171,NORMAL
11311,0.9861457749806429,0.0072039971467352795,0.00665022787262171,NORMAL
11312,0.9861457749806429,0.0072039971467352795,0.00665022787262171,NORMAL
11313,0.9861457749806429,0.0072039971467352795,0.00665022787262171,NORMAL
11314,0.9861457749806429,0.0072039971467352795,0.00665022787262171,NORMAL
11315,0.9861457749806429,0.0072039971467352795,0.00665022787262171,NORMAL
11316,0.9861457749806429,0.0072039971467352795,0.00665022787262171,NORMAL
11317,0.9861457749806429,0.0072039971467352795,0.00665022787262171,NORMAL
11318,0.9861457749806429,0.0072039971467352795,0.00665022787262171,NORMAL
11319,0.9861457749806429,0.0072039971467352795,0.00665022787262171,NORMAL
11320,0.9861457749806429,0.0072039971467352795,0.00665022787262171,NORMAL
11321,0.9861457749806429,0.0072039971467352795,0.00665022787262171,NORMAL
11322,0.9879624270110484,0.005915827228695014,0.006121745760256779,NORMAL
11323,0.9879624270110484,0.005915827228695014,0.006121745760256779,NORMAL
11324,0.9879624270110484,0.005915827228695014,0.006121745760256779,NORMAL
11325,0.9879624270110484,0.005915827228695014,0.006121745760256779,NORMAL
11326,0.9879624270110484,0.005915827228695014,0.006121745760256779,NORMAL
11327,0.9879624270110484,0.005915827228695014,0.006121745760256779,NORMAL
11328,0.9879624270110484,0.005915827228695014,0.006121745760256779,NORMAL
11329,0.9879624270110484,0.005915827228695014,0.006121745760256779,NORMAL
11330,0.9879624270110484,0.005915827228695014,0.006121745760256779,NORMAL
11331,0.9879624270110484,0.005915827228695014,0.006121745760256779,NORMAL
11332,0.9879624270110484,0.005915827228695014,0.006121745760256779,NORMAL
11333,0.9879624270110484,0.005915827228695014,0.006121745760256779,NORMAL
11334,0.9879624270110484,0.005915827228695014,0.006121745760256779,NORMAL
11335,0.9879624270110484,0.005915827228695014,0.006121745760256779,NORMAL
11336,0.9879624270110484,0.005915827228695014,0.006121745760256779,NORMAL
11337,0.9879624270110484,0.005915827228695014,0.006121745760256779,NORMAL
11338,0.9879624270110484,0.005915827228695014,0.006121745760256779,NORMAL
11339,0.9879624270110484,0.005915827228695014,0.006121745760256779,NORMAL
11340,0.9879624270110484,0.005915827228695014,0.006121745760256779,NORMAL
11341,0.9879624270110484,0.005915827228695014,0.006121745760256779,NORMAL
11342,0.9879624270110484,0.005915827228695014,0.006121745760256779,NORMAL
11343,0.9879624270110484,0.005915827228695014,0.006121745760256779,NORMAL
11344,0.9879624270110484,0.005915827228695014,0.006121745760256779,NORMAL
11345,0.9879624270110484,0.005915827228695014,0.006121745760256779,NORMAL
11346,0.9878702572153196,0.0060079888111091535,0.006121753973571201,NORMAL
11347,0.9879624270110484,0.005915827228695014,0.006121745760256779,NORMAL
11348,0.9879624270110484,0.005915827228695014,0.006121745760256779,NORMAL
11349,0.9879624270110484,0.005915827228695014,0.006121745760256779,NORMAL
11350,0.9879624270110484,0.005915827228695014,0.006121745760256779,NORMAL
11351,0.9879624270110484,0.005915827228695014,0.006121745760256779,NORMAL
11352,0.9879624270110484,0.005915827228695014,0.006121745760256779,NORMAL
11353,0.9879624270110484,0.005915827228695014,0.006121745760256779,NORMAL
11354,0.9879624270110484,0.005915827228695014,0.006121745760256779,NORMAL
11355,0.9879624270110484,0.005915827228695014,0.006121745760256779,NORMAL
11356,0.9879624270110484,0.005915827228695014,0.006121745760256779,NORMAL
11357,0.9879624270110484,0.005915827228695014,0.006121745760256779,NORMAL
11358,0.9859791409469767,0.008500740869144683,0.005520118183878616,NORMAL
11359,0.9859791409469767,0.008500740869144683,0.005520118183878616,NORMAL
11360,0.9859791409469767,0.008500740869144683,0.005520118183878616,NORMAL
11361,0.9859791409469767,0.008500740869144683,0.005520118183878616,NORMAL
11362,0.9859791409469767,0.008500740869144683,0.005520118183878616,NORMAL
11363,0.9859791409469767,0.008500740869144683,0.005520118183878616,NORMAL
11364,0.9859791409469767,0.008500740869144683,0.005520118183878616,NORMAL
11365,0.9859791409469767,0.008500740869144683,0.005520118183878616,NORMAL
11366,0.9859791409469767,0.008500740869144683,0.005520118183878616,NORMAL
11367,0.9859791409469767,0.008500740869144683,0.005520118183878616,NORMAL
11368,0.9859791409469767,0.008500740869144683,0.005520118183878616,NORMAL
11369,0.9859791409469767,0.008500740869144683,0.005520118183878616,NORMAL
11370,0.9859791409469767,0.008500740869144683,0.005520118183878616,NORMAL
11371,0.9859791409469767,0.008500740869144683,0.005520118183878616,NORMAL
11372,0.9859791409469767,0.008500740869144683,0.005520118183878616,NORMAL
11373,0.9852472288404338,0.009232546141452231,0.0055202250181137546,NORMAL
11374,0.9859791409469767,0.008500740869144683,0.005520118183878616,NORMAL
11375,0.9859791409469767,0.008500740869144683,0.005520118183878616,NORMAL
11376,0.9879624270110484,0.005915827228695014,0.006121745760256779,NORMAL
11377,0.9879624270110484,0.005915827228695014,0.006121745760256779,NORMAL
11378,0.9879624270110484,0.005915827228695014,0.006121745760256779,NORMAL
11379,0.9879624270110484,0.005915827228695014,0.006121745760256779,NORMAL
11380,0.9879624270110484,0.005915827228695014,0.006121745760256779,NORMAL
11381,0.9879624270110484,0.005915827228695014,0.006121745760256779,NORMAL
11382,0.9879624270110484,0.005915827228695014,0.006121745760256779,NORMAL
11383,0.9879624270110484,0.005915827228695014,0.006121745760256779,NORMAL
11384,0.9879624270110484,0.005915827228695014,0.006121745760256779,NORMAL
11385,0.9879624270110484,0.005915827228695014,0.006121745760256779,NORMAL
11386,0.9879624270110484,0.005915827228695014,0.006121745760256779,NORMAL
11387,0.9879624270110484,0.005915827228695014,0.006121745760256779,NORMAL
11388,0.9879624270110484,0.005915827228695014,0.006121745760256779,NORMAL
11389,0.9879624270110484,0.005915827228695014,0.006121745760256779,NORMAL
11390,0.9879624270110484,0.005915827228695014,0.006121745760256779,NORMAL
11391,0.9879624270110484,0.005915827228695014,0.006121745760256779,NORMAL
11392,0.9879624270110484,0.005915827228695014,0.006121745760256779,NORMAL
11393,0.9879624270110484,0.005915827228695014,0.006121745760256779,NORMAL
11394,0.9859791409469767,0.008500740869144683,0.005520118183878616,NORMAL
11395,0.9859791409469767,0.008500740869144683,0.005520118183878616,NORMAL
11396,0.9859791409469767,0.008500740869144683,0.005520118183878616,NORMAL
11397,0.9859791409469767,0.008500740869144683,0.005520118183878616,NORMAL
11398,0.9859791409469767,0.008500740869144683,0.005520118183878616,NORMAL
11399,0.9859791409469767,0.008500740869144683,0.005520118183878616,NORMAL
11400,0.9859791409469767,0.008500740869144683,0.005520118183878616,NORMAL
11401,0.9859791409469767,0.008500740869144683,0.005520118183878616,NORMAL
11402,0.9859791409469767,0.008500740869144683,0.005520118183878616,NORMAL
11403,0.9859791409469767,0.008500740869144683,0.005520118183878616,NORMAL
11404,0.9859791409469767,0.008500740869144683,0.005520118183878616,NORMAL
11405,0.9859791409469767,0.008500740869144683,0.005520118183878616,NORMAL
11406,0.9859791409469767,0.008500740869144683,0.005520118183878616,NORMAL
11407,0.9859791409469767,0.008500740869144683,0.005520118183878616,NORMAL
11408,0.9859791409469767,0.008500740869144683,0.005520118183878616,NORMAL
11409,0.9859791409469767,0.008500740869144683,0.005520118183878616,NORMAL
11410,0.9859791409469767,0.008500740869144683,0.005520118183878616,NORMAL
11411,0.9859791409469767,0.008500740869144683,0.005520118183878616,NORMAL
11412,0.9861457749806429,0.0072039971467352795,0.00665022787262171,NORMAL
11413,0.9861457749806429,0.0072039971467352795,0.00665022787262171,NORMAL
11414,0.9861457749806429,0.0072039971467352795,0.00665022787262171,NORMAL
11415,0.9861457749806429,0.0072039971467352795,0.00665022787262171,NORMAL
11416,0.9861457749806429,0.0072039971467352795,0.00665022787262171,NORMAL
11417,0.9861457749806429,0.0072039971467352795,0.00665022787262171,NORMAL
11418,0.9861457749806429,0.0072039971467352795,0.00665022787262171,NORMAL
11419,0.9861457749806429,0.0072039971467352795,0.00665022787262171,NORMAL
11420,0.9861457749806429,0.0072039971467352795,0.00665022787262171,NORMAL
11421,0.9861457749806429,0.0072039971467352795,0.00665022787262171,NORMAL
11422,0.9861457749806429,0.0072039971467352795,0.00665022787262171,NORMAL
11423,0.9861457749806429,0.0072039971467352795,0.00665022787262171,NORMAL
11424,0.9861457749806429,0.0072039971467352795,0.00665022787262171,NORMAL
11425,0.9861457749806429,0.0072039971467352795,0.00665022787262171,NORMAL
11426,0.9861457749806429,0.0072039971467352795,0.00665022787262171,NORMAL
11427,0.9846781154766111,0.00866740902676004,0.006654475496628925,NORMAL
11428,0.9847600725326633,0.008585699545732225,0.0066542279216045075,NORMAL
11429,0.9861457749806429,0.0072039971467352795,0.00665022787262171,NORMAL
11430,0.9861457749806429,0.0072039971467352795,0.00665022787262171,NORMAL
11431,0.9861457749806429,0.0072039971467352795,0.00665022787262171,NORMAL
11432,0.9861457749806429,0.0072039971467352795,0.00665022787262171,NORMAL
11433,0.9861457749806429,0.0072039971467352795,0.00665022787262171,NORMAL
11434,0.9861457749806429,0.0072039971467352795,0.00665022787262171,NORMAL
11435,0.9861457749806429,0.0072039971467352795,0.00665022787262171,NORMAL
11436,0.9861457749806429,0.0072039971467352795,0.00665022787262171,NORMAL
11437,0.9861457749806429,0.0072039971467352795,0.00665022787262171,NORMAL
11438,0.9861457749806429,0.0072039971467352795,0.00665022787262171,NORMAL
11439,0.9861457749806429,0.0072039971467352795,0.00665022787262171,NORMAL
11440,0.9861457749806429,0.0072039971467352795,0.00665022787262171,NORMAL
11441,0.9861457749806429,0.0072039971467352795,0.00665022787262171,NORMAL
11442,0.9861457749806429,0.0072039971467352795,0.00665022787262171,NORMAL
11443,0.9861457749806429,0.0072039971467352795,0.00665022787262171,NORMAL
11444,0.9861457749806429,0.0072039971467352795,0.00665022787262171,NORMAL
11445,0.9861457749806429,0.0072039971467352795,0.00665022787262171,NORMAL
11446,0.9849297415029935,0.008416539384004398,0.006653719113002095,NORMAL
11447,0.9861457749806429,0.0072039971467352795,0.00665022787262171,NORMAL
11448,0.9879624270110484,0.005915827228695014,0.006121745760256779,NORMAL
11449,0.9879624270110484,0.005915827228695014,0.006121745760256779,NORMAL
11450,0.9879624270110484,0.005915827228695014,0.006121745760256779,NORMAL
11451,0.9879624270110484,0.005915827228695014,0.006121745760256779,NORMAL
11452,0.9879624270110484,0.005915827228695014,0.006121745760256779,NORMAL
11453,0.9879624270110484,0.005915827228695014,0.006121745760256779,NORMAL
11454,0.9877609186080011,0.006117316730879935,0.0061217646611191326,NORMAL
11455,0.9879624270110484,0.005915827228695014,0.006121745760256779,NORMAL
11456,0.9879624270110484,0.005915827228695014,0.006121745760256779,NORMAL
11457,0.9879624270110484,0.005915827228695014,0.006121745760256779,NORMAL
11458,0.9879624270110484,0.005915827228695014,0.006121745760256779,NORMAL
11459,0.9879624270110484,0.005915827228695014,0.006121745760256779,NORMAL
11460,0.9879624270110484,0.005915827228695014,0.006121745760256779,NORMAL
11461,0.9879624270110484,0.005915827228695014,0.006121745760256779,NORMAL
11462,0.9879624270110484,0.005915827228695014,0.006121745760256779,NORMAL
11463,0.9879624270110484,0.005915827228695014,0.006121745760256779,NORMAL
11464,0.9879624270110484,0.005915827228695014,0.006121745760256779,NORMAL
11465,0.9879624270110484,0.005915827228695014,0.006121745760256779,NORMAL
11466,0.9859791409469767,0.008500740869144683,0.005520118183878616,NORMAL
11467,0.9859791409469767,0.008500740869144683,0.005520118183878616,NORMAL
11468,0.9859791409469767,0.008500740869144683,0.005520118183878616,NORMAL
11469,0.9859791409469767,0.008500740869144683,0.005520118183878616,NORMAL
11470,0.9859791409469767,0.008500740869144683,0.005520118183878616,NORMAL
11471,0.9859791409469767,0.008500740869144683,0.005520118183878616,NORMAL
11472,0.9824417428445229,0.01196066437757106,0.005597592777905945,NORMAL
11473,0.9857353371992289,0.008744514052101564,0.005520148748669372,NORMAL
11474,0.9859791409469767,0.008500740869144683,0.005520118183878616,NORMAL
11475,0.9859791409469767,0.008500740869144683,0.005520118183878616,NORMAL
11476,0.9859791409469767,0.008500740869144683,0.005520118183878616,NORMAL
11477,0.9859791409469767,0.008500740869144683,0.005520118183878616,NORMAL
11478,0.9859791409469767,0.008500740869144683,0.005520118183878616,NORMAL
11479,0.9859791409469767,0.008500740869144683,0.005520118183878616,NORMAL
11480,0.9859791409469767,0.008500740869144683,0.005520118183878616,NORMAL
11481,0.9857603841484883,0.008719470478124538,0.005520145373387018,NORMAL
11482,0.9859791409469767,0.008500740869144683,0.005520118183878616,NORMAL
11483,0.9859791409469767,0.008500740869144683,0.005520118183878616,NORMAL
11484,0.9879624270110484,0.005915827228695014,0.006121745760256779,NORMAL
11485,0.9879624270110484,0.005915827228695014,0.006121745760256779,NORMAL
11486,0.9879624270110484,0.005915827228695014,0.006121745760256779,NORMAL
11487,0.9879624270110484,0.005915827228695014,0.006121745760256779,NORMAL
11488,0.9879624270110484,0.005915827228695014,0.006121745760256779,NORMAL
11489,0.9879624270110484,0.005915827228695014,0.006121745760256779,NORMAL
11490,0.9879624270110484,0.005915827228695014,0.006121745760256779,NORMAL
11491,0.9879624270110484,0.005915827228695014,0.006121745760256779,NORMAL
11492,0.9879624270110484,0.005915827228695014,0.006121745760256779,NORMAL
11493,0.9879624270110484,0.005915827228695014,0.006121745760256779,NORMAL
11494,0.9879624270110484,0.005915827228695014,0.006121745760256779,NORMAL
11495,0.9879624270110484,0.005915827228695014,0.006121745760256779,NORMAL
11496,0.9879624270110484,0.005915827228695014,0.006121745760256779,NORMAL
11497,0.9879624270110484,0.005915827228695014,0.006121745760256779,NORMAL
11498,0.9879624270110484,0.005915827228695014,0.006121745760256779,NORMAL
11499,0.9879624270110484,0.005915827228695014,0.006121745760256779,NORMAL
11500,0.9879624270110484,0.005915827228695014,0.006121745760256779,NORMAL
11501,0.9879624270110484,0.005915827228695014,0.006121745760256779,NORMAL
11502,0.9879624270110484,0.005915827228695014,0.006121745760256779,NORMAL
11503,0.9879624270110484,0.005915827228695014,0.006121745760256779,NORMAL
11504,0.9879624270110484,0.005915827228695014,0.006121745760256779,NORMAL
11505,0.9879624270110484,0.005915827228695014,0.006121745760256779,NORMAL
11506,0.9879624270110484,0.005915827228695014,0.006121745760256779,NORMAL
11507,0.9879624270110484,0.005915827228695014,0.006121745760256779,NORMAL
11508,0.9879624270110484,0.005915827228695014,0.006121745760256779,NORMAL
11509,0.9879624270110484,0.005915827228695014,0.006121745760256779,NORMAL
11510,0.9879624270110484,0.005915827228695014,0.006121745760256779,NORMAL
11511,0.9879624270110484,0.005915827228695014,0.006121745760256779,NORMAL
11512,0.9879624270110484,0.005915827228695014,0.006121745760256779,NORMAL
11513,0.9879624270110484,0.005915827228695014,0.006121745760256779,NORMAL
11514,0.9879624270110484,0.005915827228695014,0.006121745760256779,NORMAL
11515,0.9879624270110484,0.005915827228695014,0.006121745760256779,NORMAL
11516,0.9879624270110484,0.005915827228695014,0.006121745760256779,NORMAL
11517,0.9879624270110484,0.005915827228695014,0.006121745760256779,NORMAL
11518,0.9879624270110484,0.005915827228695014,0.006121745760256779,NORMAL
11519,0.9879624270110484,0.005915827228695014,0.006121745760256779,NORMAL
