index,p0,p1,p2,prediction
0,0.9970694,0.0013907445,0.0015398286,NORMAL
1,0.99704766,0.0014125118,0.001539795,NORMAL
2,0.99695337,0.0014552368,0.0015913718,NORMAL
3,0.9970101,0.0014195826,0.0015702692,NORMAL
4,0.99706304,0.0013880472,0.0015489783,NORMAL
5,0.996958,0.0014478975,0.0015941269,NORMAL
6,0.9970115,0.0014173809,0.0015710958,NORMAL
7,0.9970634,0.0013873867,0.0015492262,NORMAL
8,0.99702847,0.0014114797,0.001560113,NORMAL
9,0.99708563,0.001374532,0.0015398536,NORMAL
10,0.9970635,0.0013967452,0.0015398194,NORMAL
11,0.9970542,0.0013883808,0.0015573315,NORMAL
12,0.9970641,0.0013907731,0.0015450784,NORMAL
13,0.9970196,0.001405212,0.0015751987,NORMAL
14,0.99692553,0.0014724615,0.0016019617,NORMAL
15,0.9969008,0.0014684529,0.0016307919,NORMAL
16,0.9969916,0.0014413747,0.0015670756,NORMAL
17,0.99705005,0.0014019572,0.0015480088,NORMAL
18,0.99594384,0.0018420491,0.0022140455,NORMAL
19,0.9967557,0.0014733592,0.0017708997,NORMAL
20,0.99699926,0.0013627522,0.001637956,NORMAL
21,0.99707234,0.0013295701,0.0015980729,NORMAL
22,0.9970015,0.0013617151,0.001636709,NORMAL
23,0.997016,0.0013551434,0.0016288104,NORMAL
24,0.99704266,0.0013430602,0.0016142866,NORMAL
25,0.99708533,0.0013236625,0.0015909721,NORMAL
26,0.99707025,0.0013305069,0.0015991983,NORMAL
27,0.99594384,0.0018420491,0.0022140455,NORMAL
28,0.996721,0.001489132,0.0017898572,NORMAL
29,0.9969319,0.0013933685,0.0016747549,NORMAL
30,0.99705213,0.001338755,0.0016091126,NORMAL
31,0.99701023,0.0013577826,0.0016319822,NORMAL
32,0.9970756,0.0013280793,0.0015962807,NORMAL
33,0.9970952,0.0013191683,0.0015855703,NORMAL
34,0.9971011,0.0013164949,0.0015823572,NORMAL
35,0.99710286,0.0013156929,0.0015813933,NORMAL
36,0.99719524,0.0012534646,0.0015512847,NORMAL
37,0.9972303,0.0012334952,0.0015361967,NORMAL
38,0.9972248,0.0012435544,0.0015316459,NORMAL
39,0.9972392,0.0012305222,0.001530305,NORMAL
40,0.99696743,0.001380995,0.0016515165,NORMAL
41,0.99711657,0.0012966064,0.0015868437,NORMAL
42,0.9972067,0.0012464378,0.0015468644,NORMAL
43,0.9972256,0.001239594,0.0015348581,NORMAL
44,0.9972394,0.001229334,0.0015312687,NORMAL
45,0.9972343,0.0012360355,0.0015297136,NORMAL
46,0.9969255,0.001401286,0.0016733025,NORMAL
47,0.9970205,0.0013351484,0.0016443692,NORMAL
48,0.99716973,0.0012662071,0.0015641097,NORMAL
49,0.9971718,0.0012723631,0.0015557768,NORMAL
50,0.9972155,0.0012469338,0.0015375325,NORMAL
51,0.9968466,0.0014778621,0.0016755208,NORMAL
52,0.997118,0.0013085834,0.0015734558,NORMAL
53,0.9971806,0.0012618332,0.0015575879,NORMAL
54,0.9972453,0.0012249369,0.0015297305,NORMAL
55,0.9972338,0.0012363972,0.001529713,NORMAL
56,0.9972224,0.0012478554,0.0015296956,NORMAL
57,0.99723846,0.0012318124,0.00152972,NORMAL
58,0.9968164,0.0015409475,0.0016426798,NORMAL
59,0.9971167,0.0013197401,0.0015636153,NORMAL
60,0.9970676,0.0013776433,0.0015548219,NORMAL
61,0.9971154,0.0013326895,0.0015519368,NORMAL
62,0.9967463,0.0015877179,0.0016660262,NORMAL
63,0.9961055,0.0020116137,0.001882893,NORMAL
64,0.9969034,0.0014609399,0.0016356793,NORMAL
65,0.9971428,0.0012957378,0.001561515,NORMAL
66,0.9968244,0.0015233469,0.0016522806,NORMAL
67,0.99709666,0.0013369255,0.0015664613,NORMAL
68,0.99672717,0.0016192166,0.001653623,NORMAL
69,0.9968139,0.0014976034,0.0016885119,NORMAL
70,0.9970939,0.0013287575,0.0015773312,NORMAL
71,0.9971999,0.0012560831,0.0015440107,NORMAL
72,0.99691474,0.0014011589,0.0016841186,NORMAL
73,0.99698997,0.0013669765,0.0016430333,NORMAL
74,0.99702656,0.0013503536,0.0016230535,NORMAL
75,0.9970805,0.0013258505,0.0015936021,NORMAL
76,0.99706876,0.0013311632,0.0015999873,NORMAL
77,0.9970932,0.0013200934,0.0015866823,NORMAL
78,0.9970726,0.0013294362,0.0015979114,NORMAL
79,0.99705136,0.0013390915,0.0016095168,NORMAL
80,0.99708796,0.0013224719,0.0015895411,NORMAL
81,0.99710363,0.0013153492,0.0015809801,NORMAL
82,0.99710363,0.0013153492,0.0015809801,NORMAL
83,0.99710363,0.0013153492,0.0015809801,NORMAL
84,0.99710363,0.0013153492,0.0015809801,NORMAL
85,0.99710363,0.0013153492,0.0015809801,NORMAL
86,0.99710363,0.0013153492,0.0015809801,NORMAL
87,0.99706894,0.0013311219,0.0015999376,NORMAL
88,0.9970932,0.0013200811,0.0015866674,NORMAL
89,0.9971005,0.0013167688,0.0015826863,NORMAL
90,0.996851,0.0014454833,0.0017034644,NORMAL
91,0.99711883,0.0012993076,0.0015818381,NORMAL
92,0.9972074,0.0012472481,0.0015453628,NORMAL
93,0.99715734,0.0012935711,0.0015490991,NORMAL
94,0.99721897,0.0012455272,0.001535541,NORMAL
95,0.99695015,0.0013967815,0.0016530681,NORMAL
96,0.99714077,0.0012925403,0.0015667074,NORMAL
97,0.99671793,0.0014810055,0.0018010552,NORMAL
98,0.99655604,0.0017036798,0.0017402595,NORMAL
99,0.9972343,0.0012360355,0.0015297136,NORMAL
100,0.9971843,0.0012860679,0.001529637,NORMAL
101,0.9971137,0.0013266267,0.0015596729,NORMAL
102,0.9971981,0.0012632129,0.0015387014,NORMAL
103,0.99692416,0.001405065,0.0016708431,NORMAL
104,0.997149,0.0012789753,0.0015720642,NORMAL
105,0.9960667,0.0019332146,0.0020000816,NORMAL
106,0.9966066,0.0016009689,0.0017924339,NORMAL
107,0.997046,0.0013455155,0.0016085297,NORMAL
108,0.9970258,0.0014114358,0.0015627379,NORMAL
109,0.9969733,0.0014650933,0.0015615873,NORMAL
110,0.9967511,0.0015574477,0.0016913582,NORMAL
111,0.99686986,0.0015050573,0.0016250755,NORMAL
112,0.99698865,0.0014283925,0.0015828967,NORMAL
113,0.9970207,0.0014115293,0.0015677267,NORMAL
114,0.9970167,0.001419034,0.0015642226,NORMAL
115,0.9970362,0.001399207,0.001564646,NORMAL
116,0.9970261,0.0014266955,0.0015472223,NORMAL
117,0.99706465,0.0013955713,0.0015398213,NORMAL
118,0.99702513,0.0014190869,0.0015558434,NORMAL
119,0.997048,0.0014074509,0.0015446205,NORMAL
120,0.99703246,0.0014102403,0.0015573027,NORMAL
121,0.9970449,0.0013924293,0.0015625765,NORMAL
122,0.99703157,0.0014057339,0.0015626894,NORMAL
123,0.9970336,0.0014198045,0.001546649,NORMAL
124,0.99703693,0.0014212299,0.0015418411,NORMAL
125,0.9970423,0.0013998658,0.0015579315,NORMAL
126,0.9970331,0.0014271273,0.0015397726,NORMAL
127,0.9969495,0.0014591428,0.001591366,NORMAL
128,0.9969852,0.0014596132,0.0015552152,NORMAL
129,0.9970412,0.0014143303,0.00154444,NORMAL
130,0.996963,0.0014588367,0.0015781464,NORMAL
131,0.99702716,0.0014215802,0.0015513079,NORMAL
132,0.9970538,0.0014029205,0.0015432679,NORMAL
133,0.99706185,0.0013973225,0.0015408559,NORMAL
134,0.99705195,0.0014079097,0.0015401132,NORMAL
135,0.99685645,0.001528882,0.0016146593,NORMAL
136,0.99684083,0.0015246622,0.0016345365,NORMAL
137,0.9968331,0.0015443326,0.0016225482,NORMAL
138,0.99699557,0.0014397462,0.00156464,NORMAL
139,0.99699897,0.0014537943,0.0015471975,NORMAL
140,0.9970305,0.0014275308,0.0015420117,NORMAL
141,0.9970548,0.0014047057,0.001540479,NORMAL
142,0.9970621,0.0013978581,0.0015400192,NORMAL
143,0.9970786,0.0013815298,0.0015399032,NORMAL
144,0.997027,0.0014081796,0.0015648,NORMAL
145,0.9969975,0.0014419041,0.0015606666,NORMAL
146,0.9970592,0.0013947437,0.0015460975,NORMAL
147,0.9970107,0.0014138052,0.0015754927,NORMAL
148,0.9970366,0.0014128544,0.0015505044,NORMAL
149,0.9970206,0.0014214512,0.0015579863,NORMAL
150,0.99698764,0.0014358379,0.0015764931,NORMAL
151,0.9970181,0.0014310767,0.0015507868,NORMAL
152,0.99703145,0.0014254436,0.0015430811,NORMAL
153,0.9969735,0.0014420038,0.0015844246,NORMAL
154,0.9968828,0.0015124832,0.0016046825,NORMAL
155,0.99697495,0.0014658683,0.0015592254,NORMAL
156,0.99705243,0.0014019329,0.0015456651,NORMAL
157,0.99701357,0.0014299407,0.001556516,NORMAL
158,0.99700755,0.0014316438,0.0015608484,NORMAL
159,0.99692893,0.0014734481,0.0015976678,NORMAL
160,0.99695814,0.001471927,0.0015699258,NORMAL
161,0.996995,0.0014562265,0.0015487943,NORMAL
162,0.99704343,0.0013917637,0.0015648259,NORMAL
163,0.99699455,0.0014447899,0.0015606622,NORMAL
164,0.99698454,0.001453358,0.0015620652,NORMAL
165,0.99690557,0.0014756189,0.0016188018,NORMAL
166,0.99688226,0.001485892,0.0016318803,NORMAL
167,0.99699295,0.0014396462,0.0015674126,NORMAL
168,0.9969456,0.0014512831,0.00160316,NORMAL
169,0.9969383,0.0014513185,0.0016104066,NORMAL
170,0.9964352,0.0016951966,0.0018696056,NORMAL
171,0.9969735,0.0014420038,0.0015844246,NORMAL
172,0.99674225,0.0015595467,0.0016981936,NORMAL
173,0.9967387,0.0015684902,0.0016927557,NORMAL
174,0.9969493,0.0014474224,0.0016032008,NORMAL
175,0.99701595,0.0014077235,0.0015763395,NORMAL
176,0.99699414,0.0014417672,0.0015641284,NORMAL
177,0.9969503,0.001474058,0.001575608,NORMAL
178,0.996927,0.0014709126,0.0016021203,NORMAL
179,0.9969933,0.0014482072,0.0015584646,NORMAL
180,0.9970258,0.0014114358,0.0015627379,NORMAL
181,0.997023,0.0014303641,0.0015466498,NORMAL
182,0.9970174,0.0014246844,0.0015578996,NORMAL
183,0.9969126,0.001490597,0.0015967521,NORMAL
184,0.99675596,0.0015641742,0.0016799222,NORMAL
185,0.99680525,0.001523528,0.0016712687,NORMAL
186,0.9968035,0.001545028,0.0016514834,NORMAL
187,0.9968823,0.0014883402,0.0016292755,NORMAL
188,0.9969012,0.0014981788,0.0016006153,NORMAL
189,0.99671614,0.0015957511,0.0016881647,NORMAL
190,0.9968575,0.0015066415,0.0016358886,NORMAL
191,0.9969877,0.001426227,0.0015861447,NORMAL
192,0.99705625,0.0013900405,0.0015537409,NORMAL
193,0.9970062,0.0014364623,0.0015573489,NORMAL
194,0.99685764,0.0015062989,0.0016359971,NORMAL
195,0.99683577,0.0015061655,0.0016580911,NORMAL
196,0.9967513,0.0015617384,0.0016870007,NORMAL
197,0.9967929,0.0015283837,0.0016786869,NORMAL
198,0.99710363,0.0013153492,0.0015809801,NORMAL
199,0.99710363,0.0013153492,0.0015809801,NORMAL
200,0.99710363,0.0013153492,0.0015809801,NORMAL
201,0.99710363,0.0013153492,0.0015809801,NORMAL
202,0.99710363,0.0013153492,0.0015809801,NORMAL
203,0.99710363,0.0013153492,0.0015809801,NORMAL
204,0.99710363,0.0013153492,0.0015809801,NORMAL
205,0.99707574,0.0013280129,0.0015962007,NORMAL
206,0.9970665,0.0013321906,0.001601222,NORMAL
207,0.99710363,0.0013153492,0.0015809801,NORMAL
208,0.99710363,0.0013153492,0.0015809801,NORMAL
209,0.9970749,0.0013283915,0.0015966558,NORMAL
210,0.997095,0.001319262,0.0015856829,NORMAL
211,0.9970732,0.0013291867,0.0015976116,NORMAL
212,0.9970945,0.0013195005,0.0015859696,NORMAL
213,0.9971009,0.0013165947,0.001582477,NORMAL
214,0.99710286,0.0013157228,0.0015814292,NORMAL
215,0.9971034,0.0013154612,0.0015811148,NORMAL
216,0.99710363,0.0013153492,0.0015809801,NORMAL
217,0.99710363,0.0013153492,0.0015809801,NORMAL
218,0.99661076,0.0015392089,0.0018500475,NORMAL
219,0.99692106,0.0013982798,0.0016806577,NORMAL
220,0.99704885,0.0013402284,0.0016108834,NORMAL
221,0.99708724,0.001322813,0.0015899511,NORMAL
222,0.9970987,0.0013175884,0.0015836714,NORMAL
223,0.99710214,0.001316021,0.0015817875,NORMAL
224,0.9971032,0.0013155508,0.0015812223,NORMAL
225,0.99710363,0.0013153492,0.0015809801,NORMAL
226,0.99704665,0.0013412336,0.0016120918,NORMAL
227,0.9970865,0.0013231145,0.0015903136,NORMAL
228,0.9970985,0.0013176788,0.0015837802,NORMAL
229,0.99710214,0.0013160481,0.0015818202,NORMAL
230,0.9971032,0.0013155589,0.0015812322,NORMAL
231,0.9971035,0.0013154121,0.0015810558,NORMAL
232,0.9971036,0.0013153681,0.0015810028,NORMAL
233,0.99710363,0.0013153548,0.0015809869,NORMAL
234,0.99696654,0.0014746502,0.0015588666,NORMAL
235,0.99693185,0.0014710902,0.001597098,NORMAL
236,0.9969342,0.0014572607,0.0016085879,NORMAL
237,0.9969806,0.0014251582,0.0015942516,NORMAL
238,0.9970183,0.0014256318,0.0015561177,NORMAL
239,0.9969474,0.0014563847,0.0015962733,NORMAL
240,0.99678683,0.001529108,0.0016840786,NORMAL
241,0.9967288,0.0015843166,0.0016869244,NORMAL
242,0.99687326,0.0014912286,0.0016355359,NORMAL
243,0.9968901,0.001466735,0.0016431478,NORMAL
244,0.9967638,0.0015568708,0.0016793257,NORMAL
245,0.99672335,0.0015677232,0.0017089797,NORMAL
246,0.99678224,0.0015378355,0.0016799637,NORMAL
247,0.996842,0.0015037796,0.0016541667,NORMAL
248,0.9968804,0.001497925,0.0016216687,NORMAL
249,0.99690604,0.0014780727,0.0016159385,NORMAL
250,0.99690163,0.001484198,0.0016142,NORMAL
251,0.9967786,0.0015566415,0.0016648328,NORMAL
252,0.9970483,0.0014118687,0.001539796,NORMAL
253,0.9970602,0.001400007,0.0015398143,NORMAL
254,0.99696875,0.0014545397,0.0015767586,NORMAL
255,0.9970028,0.0014464157,0.0015508514,NORMAL
256,0.99702716,0.0014298053,0.001543101,NORMAL
257,0.9970538,0.001405388,0.0015408058,NORMAL
258,0.99696946,0.0014772105,0.0015534118,NORMAL
259,0.99699104,0.00146513,0.0015438289,NORMAL
260,0.997043,0.0014159854,0.0015410242,NORMAL
261,0.99706525,0.0013949234,0.0015398222,NORMAL
262,0.99706525,0.0013949234,0.0015398222,NORMAL
263,0.9969563,0.0014754548,0.0015682918,NORMAL
264,0.9970325,0.0014190829,0.001548363,NORMAL
265,0.9970554,0.0014021712,0.0015423844,NORMAL
266,0.9970623,0.0013970977,0.0015405908,NORMAL
267,0.9969489,0.0014814751,0.0015695934,NORMAL
268,0.9970304,0.0014208889,0.0015487536,NORMAL
269,0.9969598,0.0014608043,0.0015794404,NORMAL
270,0.997015,0.0014222503,0.0015627209,NORMAL
271,0.9970423,0.0014110607,0.0015466795,NORMAL
272,0.9970727,0.0013854906,0.0015419014,NORMAL
273,0.9970522,0.0013898817,0.0015579485,NORMAL
274,0.99699414,0.0014457052,0.0015601708,NORMAL
275,0.99701846,0.0014146303,0.0015669499,NORMAL
276,0.99696016,0.0014403227,0.0015995435,NORMAL
277,0.99699765,0.0014296917,0.001572698,NORMAL
278,0.9970449,0.0014053539,0.0015496849,NORMAL
279,0.99706525,0.0013949234,0.0015398222,NORMAL
280,0.99703217,0.0014130834,0.0015547863,NORMAL
281,0.99705756,0.0013981839,0.0015443148,NORMAL
282,0.99681854,0.0015364808,0.0016450097,NORMAL
283,0.9969513,0.0014613598,0.0015874,NORMAL
284,0.99700963,0.0014235032,0.0015669153,NORMAL
285,0.9969844,0.0014543118,0.001561289,NORMAL
286,0.9970194,0.0014193051,0.0015612444,NORMAL
287,0.9970248,0.0014114685,0.0015637334,NORMAL
288,0.99710363,0.0013153492,0.0015809801,NORMAL
289,0.99710363,0.0013153492,0.0015809801,NORMAL
290,0.99704665,0.0013412336,0.0016120918,NORMAL
291,0.9969715,0.0013753637,0.0016531143,NORMAL
292,0.9962132,0.0017197577,0.0020670572,NORMAL
293,0.99683654,0.0014366717,0.0017268033,NORMAL
294,0.99694514,0.0013873682,0.0016675424,NORMAL
295,0.99696136,0.0013799741,0.0016586549,NORMAL
296,0.99706095,0.0013347367,0.0016042825,NORMAL
297,0.9970541,0.0013378817,0.0016080622,NORMAL
298,0.9970888,0.001322109,0.0015891048,NORMAL
299,0.99709916,0.0013173772,0.0015834175,NORMAL
300,0.99703836,0.001344995,0.0016166127,NORMAL
301,0.99704933,0.0013400157,0.0016106273,NORMAL
302,0.99708736,0.0013227492,0.0015898743,NORMAL
303,0.99704176,0.0013434537,0.00161476,NORMAL
304,0.9970851,0.0013237805,0.0015911141,NORMAL
305,0.99706936,0.001330921,0.001599696,NORMAL
306,0.99710363,0.0013153492,0.0015809801,NORMAL
307,0.99704665,0.0013412336,0.0016120918,NORMAL
308,0.99702954,0.001348999,0.0016214253,NORMAL
309,0.9970244,0.0013513286,0.0016242253,NORMAL
310,0.99707985,0.001326143,0.0015939537,NORMAL
311,0.99706864,0.001331251,0.0016000927,NORMAL
312,0.99703616,0.0013460042,0.0016178256,NORMAL
313,0.9970834,0.0013245457,0.0015920338,NORMAL
314,0.9970689,0.0013311505,0.0015999719,NORMAL
315,0.99710363,0.0013153492,0.0015809801,NORMAL
316,0.99706894,0.0013311219,0.0015999376,NORMAL
317,0.9970932,0.0013200811,0.0015866674,NORMAL
318,0.9971005,0.0013167688,0.0015826863,NORMAL
319,0.9970457,0.0013416596,0.0016126037,NORMAL
320,0.9970075,0.0013590513,0.0016335078,NORMAL
321,0.9970748,0.0013284598,0.0015967384,NORMAL
322,0.997095,0.0013192825,0.0015857075,NORMAL
323,0.99710107,0.0013165292,0.0015823983,NORMAL
324,0.99677974,0.0014854431,0.0017348173,NORMAL
325,0.9970979,0.0013108577,0.0015912447,NORMAL
326,0.99684024,0.001449232,0.0017106244,NORMAL
327,0.9970888,0.0013121949,0.0015990867,NORMAL
328,0.9966394,0.0016810689,0.0016796208,NORMAL
329,0.99673665,0.0015721226,0.0016912599,NORMAL
330,0.99664426,0.00166464,0.0016911052,NORMAL
331,0.9966958,0.0015591868,0.0017450434,NORMAL
332,0.9970727,0.0013329808,0.0015943126,NORMAL
333,0.9971908,0.0012795716,0.0015296469,NORMAL
334,0.9966656,0.0016756797,0.0016587814,NORMAL
335,0.99706364,0.0013679287,0.0015684341,NORMAL
336,0.99709123,0.0013527942,0.0015559848,NORMAL
337,0.9966743,0.0016177185,0.0017079643,NORMAL
338,0.997058,0.0013588214,0.0015831762,NORMAL
339,0.9961318,0.0019065004,0.001961757,NORMAL
340,0.9969113,0.001429406,0.0016593384,NORMAL
341,0.9967344,0.0015592006,0.0017064719,NORMAL
342,0.9970477,0.001412447,0.0015397951,NORMAL
343,0.99705994,0.0014001805,0.001539814,NORMAL
344,0.99706364,0.0013965005,0.0015398198,NORMAL
345,0.996976,0.0014682536,0.0015557667,NORMAL
346,0.9969906,0.0014498369,0.0015595465,NORMAL
347,0.9969475,0.0014480688,0.0016044049,NORMAL
348,0.9969455,0.0014819888,0.001572504,NORMAL
349,0.99701023,0.0014401306,0.0015495972,NORMAL
350,0.9970168,0.0014276656,0.0015555582,NORMAL
351,0.9970049,0.0014323739,0.0015627051,NORMAL
352,0.9969758,0.0014642847,0.0015600146,NORMAL
353,0.99700487,0.0014493391,0.0015458282,NORMAL
354,0.9970195,0.0014228069,0.001557665,NORMAL
355,0.99701244,0.0014425276,0.0015451146,NORMAL
356,0.9968823,0.0015248256,0.00159287,NORMAL
357,0.99702466,0.0014196201,0.0015557585,NORMAL
358,0.9969816,0.0014604586,0.0015579305,NORMAL
359,0.9970279,0.0014268504,0.0015452357,NORMAL
360,0.9972065,0.0012422092,0.0015513021,NORMAL
361,0.9971272,0.001321999,0.0015508344,NORMAL
362,0.99719405,0.0012698735,0.0015360375,NORMAL
363,0.9968918,0.0014550545,0.0016531302,NORMAL
364,0.99686325,0.0014483547,0.0016883641,NORMAL
365,0.9971307,0.0012919622,0.0015773205,NORMAL
366,0.99666,0.0016668981,0.0016731048,NORMAL
367,0.99706155,0.001365732,0.0015727303,NORMAL
368,0.997182,0.0012753822,0.0015426179,NORMAL
369,0.9965035,0.0017823249,0.0017142331,NORMAL
370,0.9970087,0.0014062768,0.0015850597,NORMAL
371,0.99705476,0.001369005,0.0015762898,NORMAL
372,0.99705106,0.0013752934,0.0015736312,NORMAL
373,0.99716294,0.0012942201,0.0015428638,NORMAL
374,0.9972111,0.0012552872,0.0015336559,NORMAL
375,0.99695903,0.0013884245,0.0016525218,NORMAL
376,0.9971595,0.0012739832,0.0015665679,NORMAL
377,0.99721956,0.0012396508,0.0015407817,NORMAL
378,0.9969351,0.0014513338,0.0016135122,NORMAL
379,0.99673325,0.001549333,0.0017173971,NORMAL
380,0.99676615,0.0015642672,0.0016695012,NORMAL
381,0.99683714,0.0015076329,0.0016552333,NORMAL
382,0.9969667,0.0014353944,0.0015979173,NORMAL
383,0.9970132,0.0014296074,0.001557216,NORMAL
384,0.99706393,0.0013910546,0.0015450623,NORMAL
385,0.99707913,0.0013794887,0.0015414162,NORMAL
386,0.9970662,0.0013759949,0.0015578218,NORMAL
387,0.99708563,0.001374532,0.0015398536,NORMAL
388,0.99707425,0.0013858808,0.0015398362,NORMAL
389,0.99705,0.0013926396,0.0015573249,NORMAL
390,0.99707496,0.0013799643,0.001545095,NORMAL
391,0.9970341,0.0014071005,0.0015588771,NORMAL
392,0.9969067,0.0014525598,0.0016407981,NORMAL
393,0.99701446,0.0013979162,0.0015876363,NORMAL
394,0.996871,0.0015093005,0.0016196878,NORMAL
395,0.9969074,0.001472745,0.0016198356,NORMAL
396,0.99710363,0.0013153492,0.0015809801,NORMAL
397,0.99710363,0.0013153492,0.0015809801,NORMAL
398,0.9970652,0.0013328408,0.001602004,NORMAL
399,0.9970921,0.0013205967,0.0015872873,NORMAL
400,0.9971002,0.0013169234,0.0015828722,NORMAL
401,0.9971026,0.0013158214,0.0015815478,NORMAL
402,0.99710333,0.0013154909,0.0015811505,NORMAL
403,0.9971036,0.0013153917,0.0015810312,NORMAL
404,0.99710363,0.0013153619,0.0015809955,NORMAL
405,0.99710363,0.0013153492,0.0015809801,NORMAL
406,0.99710363,0.0013153492,0.0015809801,NORMAL
407,0.9970652,0.0013328408,0.001602004,NORMAL
408,0.9970921,0.0013205967,0.0015872873,NORMAL
409,0.9971002,0.0013169234,0.0015828722,NORMAL
410,0.9971026,0.0013158214,0.0015815478,NORMAL
411,0.99710333,0.0013154909,0.0015811505,NORMAL
412,0.9971036,0.0013153917,0.0015810312,NORMAL
413,0.99710363,0.0013153619,0.0015809955,NORMAL
414,0.9970222,0.001352327,0.0016254254,NORMAL
415,0.9970505,0.0013394848,0.0016099894,NORMAL
416,0.997059,0.0013356322,0.0016053586,NORMAL
417,0.9970623,0.0013340977,0.0016035143,NORMAL
418,0.99709123,0.0013209737,0.0015877404,NORMAL
419,0.9970999,0.0013170366,0.0015830082,NORMAL
420,0.9970455,0.0013417399,0.0016127002,NORMAL
421,0.99708617,0.0013232664,0.0015904962,NORMAL
422,0.9970984,0.0013177244,0.0015838349,NORMAL
423,0.9959455,0.0018413038,0.0022131498,NORMAL
424,0.9967562,0.0014731355,0.0017706311,NORMAL
425,0.9969715,0.0013753488,0.0016530959,NORMAL
426,0.99703526,0.0013463914,0.0016182906,NORMAL
427,0.9970831,0.0013246619,0.0015921732,NORMAL
428,0.9970297,0.0013489239,0.0016213345,NORMAL
429,0.99705356,0.0013380853,0.001608307,NORMAL
430,0.9970886,0.00132217,0.0015891782,NORMAL
431,0.99660623,0.0015412552,0.0018525069,NORMAL
432,0.99698275,0.0014775473,0.0015396948,NORMAL
433,0.9970405,0.0014197106,0.001539784,NORMAL
434,0.9970243,0.0014359669,0.001539759,NORMAL
435,0.9970455,0.0014147193,0.0015397917,NORMAL
436,0.9969748,0.001471984,0.0015531201,NORMAL
437,0.9970381,0.0014180415,0.0015438115,NORMAL
438,0.99699044,0.0014525931,0.0015569987,NORMAL
439,0.9970305,0.0014244908,0.0015449561,NORMAL
440,0.996873,0.0015156176,0.0016113268,NORMAL
441,0.9970546,0.001405613,0.0015398057,NORMAL
442,0.9970198,0.0014243455,0.0015558352,NORMAL
443,0.9969802,0.0014618763,0.0015579535,NORMAL
444,0.99699354,0.0014613043,0.0015451902,NORMAL
445,0.9970015,0.0014410529,0.0015574506,NORMAL
446,0.9969898,0.001451766,0.0015584618,NORMAL
447,0.99697846,0.0014627906,0.001558753,NORMAL
448,0.9970392,0.0014152837,0.0015455014,NORMAL
449,0.996876,0.0015169574,0.0016070432,NORMAL
450,0.99705124,0.0013391593,0.0016095979,NORMAL
451,0.99705327,0.0013382649,0.0016085228,NORMAL
452,0.99706066,0.0013348876,0.0016044636,NORMAL
453,0.99709076,0.0013212108,0.0015880251,NORMAL
454,0.99709976,0.0013171077,0.0015830937,NORMAL
455,0.9970523,0.0013386345,0.0016089673,NORMAL
456,0.9970003,0.0013623019,0.0016374146,NORMAL
457,0.99707264,0.001329435,0.0015979104,NORMAL
458,0.99700886,0.0013583973,0.0016327217,NORMAL
459,0.9970541,0.0013378817,0.0016080622,NORMAL
460,0.99696714,0.001377367,0.0016555213,NORMAL
461,0.9970627,0.0013339545,0.0016033425,NORMAL
462,0.99709135,0.0013209308,0.0015876888,NORMAL
463,0.9970653,0.0013327964,0.0016019501,NORMAL
464,0.9970921,0.0013205834,0.0015872711,NORMAL
465,0.9971002,0.0013169195,0.0015828675,NORMAL
466,0.99704564,0.0013417047,0.0016126579,NORMAL
467,0.9970862,0.001323256,0.0015904835,NORMAL
468,0.9972343,0.0012360355,0.0015297136,NORMAL
469,0.9972342,0.0012360355,0.0015297136,NORMAL
470,0.99718106,0.0012892805,0.001529632,NORMAL
471,0.9967773,0.0015801043,0.0016426162,NORMAL
472,0.99709713,0.0013392561,0.0015635844,NORMAL
473,0.99720085,0.0012592326,0.0015398867,NORMAL
474,0.9971409,0.0013117242,0.0015474337,NORMAL
475,0.99721396,0.0012509731,0.0015350414,NORMAL
476,0.99688447,0.0014217873,0.0016937802,NORMAL
477,0.99649066,0.0015605018,0.001948794,NORMAL
478,0.9969868,0.0013577703,0.0016554004,NORMAL
479,0.9971441,0.0012885174,0.0015673952,NORMAL
480,0.99685675,0.0014138282,0.001729501,NORMAL
481,0.997121,0.0012893733,0.0015896498,NORMAL
482,0.9968915,0.0014172874,0.0016912834,NORMAL
483,0.997048,0.0013591406,0.0015928526,NORMAL
484,0.9968029,0.0015105183,0.0016865738,NORMAL
485,0.99711263,0.0013106114,0.0015767835,NORMAL
486,0.9970541,0.0013378817,0.0016080622,NORMAL
487,0.9970318,0.0013479934,0.0016202164,NORMAL
488,0.9970534,0.0013381848,0.0016084267,NORMAL
489,0.99708855,0.0013221999,0.0015892141,NORMAL
490,0.9970991,0.0013174044,0.0015834504,NORMAL
491,0.99710226,0.0013159658,0.0015817212,NORMAL
492,0.9971032,0.0013155342,0.0015812025,NORMAL
493,0.9970748,0.001328447,0.0015967225,NORMAL
494,0.997095,0.0013192785,0.0015857029,NORMAL
495,0.99594194,0.0018429206,0.002215093,NORMAL
496,0.9967551,0.0014736207,0.001771214,NORMAL
497,0.99651325,0.0015834655,0.0019032416,NORMAL
498,0.99692655,0.0013957841,0.0016776586,NORMAL
499,0.9970505,0.0013394797,0.0016099836,NORMAL
500,0.9970877,0.0013225884,0.0015896811,NORMAL
501,0.99709886,0.001317521,0.0015835904,NORMAL
502,0.9971022,0.0013160007,0.0015817632,NORMAL
503,0.9970547,0.0013376025,0.0016077274,NORMAL
504,0.99710363,0.0013153492,0.0015809801,NORMAL
505,0.99710363,0.0013153492,0.0015809801,NORMAL
506,0.99710363,0.0013153492,0.0015809801,NORMAL
507,0.99710363,0.0013153492,0.0015809801,NORMAL
508,0.99710363,0.0013153492,0.0015809801,NORMAL
509,0.99710363,0.0013153492,0.0015809801,NORMAL
510,0.99710363,0.0013153492,0.0015809801,NORMAL
511,0.99710363,0.0013153492,0.0015809801,NORMAL
512,0.99710363,0.0013153492,0.0015809801,NORMAL
513,0.99710363,0.0013153492,0.0015809801,NORMAL
514,0.99710363,0.0013153492,0.0015809801,NORMAL
515,0.9970551,0.001337407,0.0016074924,NORMAL
516,0.9970891,0.0013219665,0.0015889339,NORMAL
517,0.9970993,0.0013173344,0.0015833662,NORMAL
518,0.9971023,0.0013159448,0.001581696,NORMAL
519,0.9971032,0.001315528,0.0015811949,NORMAL
520,0.9971035,0.0013154028,0.0015810446,NORMAL
521,0.9970757,0.001328029,0.0015962201,NORMAL
522,0.99704933,0.0013186435,0.0016319499,NORMAL
523,0.9967342,0.0014872956,0.0017785098,NORMAL
524,0.99706995,0.0013256652,0.0016043306,NORMAL
525,0.99687636,0.0014330953,0.0016905159,NORMAL
526,0.9970996,0.0013073538,0.001593054,NORMAL
527,0.99713516,0.0012964599,0.0015684105,NORMAL
528,0.9969036,0.001430924,0.0016655237,NORMAL
529,0.99713504,0.001294502,0.0015704567,NORMAL
530,0.9971848,0.0012732325,0.0015419064,NORMAL
531,0.996838,0.0014585779,0.0017034421,NORMAL
532,0.9970866,0.0013156664,0.0015977583,NORMAL
533,0.9968718,0.0014345101,0.0016936996,NORMAL
534,0.9971255,0.0012955779,0.0015789095,NORMAL
535,0.9969242,0.0014096779,0.0016660823,NORMAL
536,0.9970494,0.0013653189,0.0015852794,NORMAL
537,0.99717075,0.0012828695,0.001546371,NORMAL
538,0.99722296,0.0012423167,0.0015347226,NORMAL
539,0.9972309,0.0012379198,0.0015312163,NORMAL
540,0.9970477,0.001412447,0.0015397951,NORMAL
541,0.99705255,0.0014076632,0.0015398025,NORMAL
542,0.9970464,0.0014137604,0.0015397931,NORMAL
543,0.9970174,0.0014267898,0.0015558315,NORMAL
544,0.9969969,0.0014586146,0.0015445414,NORMAL
545,0.99704474,0.0014140308,0.0015412379,NORMAL
546,0.9970591,0.0014006556,0.0015402469,NORMAL
547,0.997006,0.0014541193,0.001539861,NORMAL
548,0.99703515,0.0014249487,0.0015398149,NORMAL
549,0.9969939,0.0014433499,0.0015626878,NORMAL
550,0.99704385,0.0014094514,0.0015466819,NORMAL
551,0.9969874,0.0014574081,0.0015552075,NORMAL
552,0.9970419,0.0014136689,0.0015444378,NORMAL
553,0.99698687,0.0014586733,0.0015545343,NORMAL
554,0.99703026,0.0014255657,0.001544218,NORMAL
555,0.99698335,0.0014622423,0.0015544684,NORMAL
556,0.9970406,0.001415119,0.0015442161,NORMAL
557,0.99704295,0.0014159281,0.0015411173,NORMAL
558,0.9971023,0.001346989,0.0015506482,NORMAL
559,0.9972024,0.0012615526,0.0015360058,NORMAL
560,0.99684227,0.0015130913,0.0016446278,NORMAL
561,0.9971162,0.00131959,0.0015641872,NORMAL
562,0.99720657,0.0012533328,0.0015400675,NORMAL
563,0.99722415,0.001243021,0.001532817,NORMAL
564,0.99720895,0.0012604218,0.0015306105,NORMAL
565,0.9972344,0.0012355824,0.0015299944,NORMAL
566,0.9972421,0.0012281305,0.0015298097,NORMAL
567,0.9972453,0.0012249369,0.0015297305,NORMAL
568,0.99685514,0.0015021067,0.0016427452,NORMAL
569,0.99712825,0.0013080878,0.001563635,NORMAL
570,0.9968014,0.0015457332,0.0016528849,NORMAL
571,0.9968361,0.0014755583,0.0016882905,NORMAL
572,0.9971225,0.0013001233,0.0015772984,NORMAL
573,0.9972085,0.0012474929,0.0015440008,NORMAL
574,0.9972071,0.0012437943,0.0015491118,NORMAL
575,0.99723387,0.0012305941,0.0015355449,NORMAL
576,0.99695575,0.0014853413,0.0015588497,NORMAL
577,0.9969902,0.0014482641,0.0015615484,NORMAL
578,0.9970427,0.0014109256,0.0015463401,NORMAL
579,0.9968493,0.0015165291,0.0016341264,NORMAL
580,0.99694514,0.0014718033,0.0015830428,NORMAL
581,0.9970292,0.0014179874,0.0015527883,NORMAL
582,0.99705446,0.0014018426,0.001543712,NORMAL
583,0.9969351,0.0014653007,0.0015996031,NORMAL
584,0.99696845,0.0014399803,0.0015915363,NORMAL
585,0.99708563,0.001374532,0.0015398536,NORMAL
586,0.997015,0.0014318097,0.0015531827,NORMAL
587,0.996971,0.0014539198,0.0015750283,NORMAL
588,0.9970194,0.001412598,0.0015678831,NORMAL
589,0.9970276,0.0014241536,0.0015482035,NORMAL
590,0.99699247,0.001449255,0.0015583243,NORMAL
591,0.996964,0.0014772766,0.0015586878,NORMAL
592,0.9968971,0.0014851287,0.0016177848,NORMAL
593,0.99698436,0.0014524721,0.0015631639,NORMAL
594,0.9970477,0.001412447,0.0015397951,NORMAL
595,0.9970068,0.0014534347,0.001539732,NORMAL
596,0.99704766,0.0014124768,0.0015397951,NORMAL
597,0.99705994,0.0014001895,0.001539814,NORMAL
598,0.99699223,0.0014546295,0.0015531472,NORMAL
599,0.9970114,0.0014320152,0.0015566231,NORMAL
600,0.9969592,0.0014554755,0.0015853518,NORMAL
601,0.9969498,0.0014834172,0.0015667893,NORMAL
602,0.99702317,0.0014289543,0.0015479007,NORMAL
603,0.99706525,0.0013949234,0.0015398222,NORMAL
604,0.99706525,0.0013949234,0.0015398222,NORMAL
605,0.9969816,0.0014652517,0.0015531306,NORMAL
606,0.9970163,0.0014399008,0.001543778,NORMAL
607,0.9970505,0.0014084167,0.0015410089,NORMAL
608,0.99706084,0.0013989714,0.0015401782,NORMAL
609,0.9970491,0.0014109924,0.001539906,NORMAL
610,0.99703145,0.0014112368,0.0015573284,NORMAL
611,0.9969795,0.001458052,0.0015624819,NORMAL
612,0.99710363,0.0013153492,0.0015809801,NORMAL
613,0.99710363,0.0013153492,0.0015809801,NORMAL
614,0.99704665,0.0013412336,0.0016120918,NORMAL
615,0.9970865,0.0013231145,0.0015903136,NORMAL
616,0.9970638,0.0013334515,0.0016027376,NORMAL
617,0.99709165,0.0013207799,0.0015875073,NORMAL
618,0.9970713,0.0013300207,0.0015986139,NORMAL
619,0.9970939,0.0013197507,0.0015862703,NORMAL
620,0.9971007,0.0013166696,0.0015825671,NORMAL
621,0.99710363,0.0013153492,0.0015809801,NORMAL
622,0.99710363,0.0013153492,0.0015809801,NORMAL
623,0.99710363,0.0013153492,0.0015809801,NORMAL
624,0.99707574,0.0013280129,0.0015962007,NORMAL
625,0.9970952,0.0013191483,0.0015855463,NORMAL
626,0.99706644,0.0013322616,0.0016013074,NORMAL
627,0.9970925,0.001320423,0.0015870783,NORMAL
628,0.9971003,0.0013168714,0.0015828096,NORMAL
629,0.9971026,0.0013158058,0.0015815289,NORMAL
630,0.99706525,0.0013949234,0.0015398222,NORMAL
631,0.9969886,0.0014556469,0.0015557864,NORMAL
632,0.99700665,0.0014488174,0.0015445565,NORMAL
633,0.99701416,0.0014446989,0.0015411908,NORMAL
634,0.9970077,0.0014360714,0.0015562507,NORMAL
635,0.997048,0.0014072678,0.0015447508,NORMAL
636,0.99696505,0.001456718,0.0015782395,NORMAL
637,0.99699295,0.0014396771,0.0015673654,NORMAL
638,0.99704355,0.0014083495,0.0015480851,NORMAL
639,0.99706525,0.0013949234,0.0015398222,NORMAL
640,0.99706525,0.0013949234,0.0015398222,NORMAL
641,0.99699384,0.0014530497,0.0015531497,NORMAL
642,0.9970319,0.0014242231,0.0015438021,NORMAL
643,0.99697584,0.001469767,0.0015543312,NORMAL
644,0.997031,0.0014248593,0.0015441633,NORMAL
645,0.997005,0.0014378028,0.0015571305,NORMAL
646,0.9970472,0.0014077872,0.0015450147,NORMAL
647,0.99692047,0.0014846455,0.0015948825,NORMAL
648,0.99708563,0.001374532,0.0015398536,NORMAL
649,0.9970614,0.001385971,0.0015526694,NORMAL
650,0.9970784,0.0013779637,0.0015436984,NORMAL
651,0.9969692,0.0014602069,0.0015705503,NORMAL
652,0.9969139,0.0014647766,0.0016213685,NORMAL
653,0.9969799,0.0014398486,0.0015803076,NORMAL
654,0.99696827,0.0014665272,0.0015652953,NORMAL
655,0.99705046,0.0014021306,0.001547486,NORMAL
656,0.99705756,0.0013827875,0.0015596427,NORMAL
657,0.997015,0.0014222503,0.0015627209,NORMAL
658,0.9970409,0.0014123768,0.0015466776,NORMAL
659,0.99703634,0.0014067246,0.001556861,NORMAL
660,0.9970139,0.0014411813,0.001544868,NORMAL
661,0.99700713,0.0014354817,0.0015573532,NORMAL
662,0.9970355,0.0014193574,0.0015450625,NORMAL
663,0.9970632,0.0013953521,0.0015414049,NORMAL
664,0.9968784,0.0014728528,0.0016486611,NORMAL
665,0.9969666,0.0014610197,0.001572408,NORMAL
666,0.996851,0.0014454833,0.0017034644,NORMAL
667,0.9971076,0.0013105812,0.0015818209,NORMAL
668,0.996928,0.0014050127,0.0016669712,NORMAL
669,0.9971501,0.0012789597,0.0015709028,NORMAL
670,0.9968087,0.0015362268,0.0016550665,NORMAL
671,0.9966655,0.0016542752,0.0016802464,NORMAL
672,0.9970714,0.0013537384,0.0015748853,NORMAL
673,0.9964212,0.0017882959,0.0017905397,NORMAL
674,0.9969981,0.0013939446,0.0016079732,NORMAL
675,0.9972453,0.0012249369,0.0015297305,NORMAL
676,0.9972453,0.0012249369,0.0015297305,NORMAL
677,0.9967002,0.0015778928,0.0017218171,NORMAL
678,0.99708176,0.0013308236,0.0015873564,NORMAL
679,0.99719626,0.0012567029,0.0015470183,NORMAL
680,0.99680173,0.0015305887,0.0016677051,NORMAL
681,0.99710405,0.0013248392,0.0015711104,NORMAL
682,0.99720293,0.0012549076,0.0015421445,NORMAL
683,0.9969566,0.0013883106,0.0016550684,NORMAL
684,0.99697363,0.0014675155,0.0015588776,NORMAL
685,0.99703735,0.0014171546,0.0015455382,NORMAL
686,0.99698544,0.001459719,0.0015548645,NORMAL
687,0.9969619,0.0014804157,0.0015576498,NORMAL
688,0.9970342,0.0014205711,0.0015451704,NORMAL
689,0.99699223,0.0014488869,0.0015588532,NORMAL
690,0.99701893,0.0014227218,0.0015583467,NORMAL
691,0.9969823,0.0014590716,0.0015587106,NORMAL
692,0.9970547,0.0013998939,0.0015455107,NORMAL
693,0.9969452,0.0014959134,0.0015588332,NORMAL
694,0.9969468,0.0014927753,0.0015604123,NORMAL
695,0.99702483,0.0014291555,0.0015459916,NORMAL
696,0.997056,0.0014022677,0.0015416775,NORMAL
697,0.9969535,0.001477658,0.0015688484,NORMAL
698,0.99690413,0.0014913843,0.0016045381,NORMAL
699,0.99687135,0.0014971669,0.001631527,NORMAL
700,0.9970071,0.0014255964,0.0015673336,NORMAL
701,0.9970355,0.0014163918,0.0015480566,NORMAL
702,0.9972453,0.0012249369,0.0015297305,NORMAL
703,0.9972453,0.0012249369,0.0015297305,NORMAL
704,0.9972453,0.0012249369,0.0015297305,NORMAL
705,0.99687994,0.0014523924,0.0016676681,NORMAL
706,0.9970888,0.0013250196,0.0015861812,NORMAL
707,0.99719834,0.0012549617,0.0015466657,NORMAL
708,0.9972231,0.0012421511,0.0015347985,NORMAL
709,0.9971192,0.0013348899,0.0015459165,NORMAL
710,0.9972075,0.0012579228,0.0015345863,NORMAL
711,0.9971143,0.0013350557,0.0015506669,NORMAL
712,0.99720603,0.0012579726,0.0015360113,NORMAL
713,0.9971967,0.0012566383,0.0015466998,NORMAL
714,0.9971645,0.0012856349,0.0015498606,NORMAL
715,0.99710155,0.0013328124,0.00156573,NORMAL
716,0.99720216,0.0012572996,0.0015405302,NORMAL
717,0.9972242,0.0012428525,0.0015329579,NORMAL
718,0.9971341,0.0013052148,0.0015606824,NORMAL
719,0.99693596,0.0014034028,0.0016606298,NORMAL
720,0.98969346,0.0046806727,0.0056259213,NORMAL
721,0.9898758,0.004597869,0.005526393,NORMAL
722,0.95301986,0.023376029,0.023604097,NORMAL
723,0.28808507,0.70338434,0.008530563,WARNING
724,0.08713559,0.90915453,0.0037098306,WARNING
725,0.02685072,0.97086346,0.002285827,WARNING
726,0.00876526,0.9893761,0.0018586258,WARNING
727,0.0033395663,0.99487615,0.001784336,WARNING
728,0.0017117347,0.9964049,0.0018833991,WARNING
729,0.990042,0.004522345,0.0054356195,NORMAL
730,0.9883778,0.005278138,0.0063440423,NORMAL
731,0.95110846,0.024311945,0.02457955,NORMAL
732,0.2875348,0.7036544,0.008810797,WARNING
733,0.086970486,0.9092134,0.003816117,WARNING
734,0.026801212,0.9709033,0.0022954969,WARNING
735,0.008750248,0.9892317,0.0020180487,WARNING
736,0.0033350177,0.9947885,0.0018764428,WARNING
737,0.0017619599,0.9963594,0.0018786076,WARNING
738,0.059525352,0.89524895,0.045225672,WARNING
739,0.019611392,0.2702202,0.7101684,CRITICAL
740,0.0064561544,0.081553765,0.91199017,CRITICAL
741,0.0025095828,0.024953837,0.9725367,CRITICAL
742,0.0013052992,0.007956561,0.99073815,CRITICAL
743,0.0009440142,0.0028573782,0.99619865,CRITICAL
744,0.0008356286,0.0013276234,0.99783677,CRITICAL
745,0.0008031129,0.00086869684,0.9983282,CRITICAL
746,0.00079335825,0.00073101884,0.9984757,CRITICAL
747,0.060483444,0.89399374,0.04552275,WARNING
748,0.019880893,0.2698268,0.71029234,CRITICAL
749,0.0065370044,0.08143575,0.91202736,CRITICAL
750,0.0025338377,0.024918431,0.9725478,CRITICAL
751,0.0013125758,0.00794594,0.9907415,CRITICAL
752,0.0009461971,0.002854192,0.9961996,CRITICAL
753,0.0008362835,0.0013266674,0.99783707,CRITICAL
754,0.0008033094,0.00086841005,0.9983283,CRITICAL
755,0.00079341716,0.0007309328,0.9984757,CRITICAL
756,0.9952272,0.0021675336,0.0026052594,NORMAL
757,0.99394214,0.002751154,0.0033067411,NORMAL
758,0.99053305,0.004299384,0.00516763,NORMAL
759,0.96033716,0.019722348,0.019940516,NORMAL
760,0.29210174,0.69987667,0.008021592,WARNING
761,0.09221149,0.9039274,0.0038610846,WARNING
762,0.02855093,0.9691404,0.002308695,WARNING
763,0.009444061,0.9887129,0.0018429925,WARNING
764,0.0037206914,0.99457604,0.0017032675,WARNING
765,0.990042,0.004522345,0.0054356195,NORMAL
766,0.990042,0.004522345,0.0054356195,NORMAL
767,0.98966885,0.004691795,0.005639289,NORMAL
768,0.95986223,0.01994805,0.020189743,NORMAL
769,0.2901581,0.70236033,0.0074815904,WARNING
770,0.092780136,0.9035232,0.003696675,WARNING
771,0.028721523,0.9690192,0.0022593723,WARNING
772,0.009503939,0.98866796,0.0018281813,WARNING
773,0.0037386643,0.99456257,0.0016988241,WARNING
774,0.99710363,0.0013153492,0.0015809801,NORMAL
775,0.99710363,0.0013153492,0.0015809801,NORMAL
776,0.99710363,0.0013153492,0.0015809801,NORMAL
777,0.99710363,0.0013153492,0.0015809801,NORMAL
778,0.99710363,0.0013153492,0.0015809801,NORMAL
779,0.99710363,0.0013153492,0.0015809801,NORMAL
780,0.99710363,0.0013153492,0.0015809801,NORMAL
781,0.99707574,0.0013280129,0.0015962007,NORMAL
782,0.9970952,0.0013191483,0.0015855463,NORMAL
783,0.99710363,0.0013153492,0.0015809801,NORMAL
784,0.99710363,0.0013153492,0.0015809801,NORMAL
785,0.99710363,0.0013153492,0.0015809801,NORMAL
786,0.99710363,0.0013153492,0.0015809801,NORMAL
787,0.99710363,0.0013153492,0.0015809801,NORMAL
788,0.9970652,0.0013328408,0.001602004,NORMAL
789,0.9970921,0.0013205967,0.0015872873,NORMAL
790,0.9970147,0.0013557458,0.0016295348,NORMAL
791,0.997077,0.0013274682,0.0015955465,NORMAL
792,0.00093901576,0.001020717,0.99804026,CRITICAL
793,0.00074903545,0.00078505964,0.9984659,CRITICAL
794,0.00069204136,0.0007143624,0.99859357,CRITICAL
795,0.00067494315,0.00069315324,0.9986319,CRITICAL
796,0.00066981366,0.0006867905,0.9986434,CRITICAL
797,0.0006682748,0.0006848817,0.99864686,CRITICAL
798,0.0006678132,0.00068430905,0.9986479,CRITICAL
799,0.0006676747,0.0006841372,0.9986482,CRITICAL
800,0.00066763314,0.00068408565,0.9986483,CRITICAL
801,0.00093901576,0.001020717,0.99804026,CRITICAL
802,0.00074903545,0.00078505964,0.9984659,CRITICAL
803,0.00069204136,0.0007143624,0.99859357,CRITICAL
804,0.00067494315,0.00069315324,0.9986319,CRITICAL
805,0.00066981366,0.0006867905,0.9986434,CRITICAL
806,0.0006682748,0.0006848817,0.99864686,CRITICAL
807,0.0006678132,0.00068430905,0.9986479,CRITICAL
808,0.0006676747,0.0006841372,0.9986482,CRITICAL
809,0.00066763314,0.00068408565,0.9986483,CRITICAL
810,0.0007206248,0.00069679157,0.9985826,CRITICAL
811,0.0007206248,0.00069679157,0.9985826,CRITICAL
812,0.0007206248,0.00069679157,0.9985826,CRITICAL
813,0.0007206248,0.00069679157,0.9985826,CRITICAL
814,0.0007027331,0.00067949155,0.99861777,CRITICAL
815,0.0007168099,0.0006931028,0.99859005,CRITICAL
816,0.0006812283,0.0006787377,0.99863994,CRITICAL
817,0.0013747995,0.0011668224,0.99745834,CRITICAL
818,0.0014724203,0.0012223534,0.9973053,CRITICAL
819,0.0007206248,0.00069679157,0.9985826,CRITICAL
820,0.00074078306,0.0007162831,0.9985429,CRITICAL
821,0.0007266723,0.00070263905,0.9985707,CRITICAL
822,0.0007224391,0.00069854583,0.998579,CRITICAL
823,0.0007032774,0.00068001787,0.9986167,CRITICAL
824,0.0006975289,0.0006744595,0.998628,CRITICAL
825,0.00067544397,0.0006731447,0.9986514,CRITICAL
826,0.0013389579,0.0011370772,0.99752396,CRITICAL
827,0.001454056,0.0012071652,0.9973388,CRITICAL
828,0.9972065,0.0012422092,0.0015513021,NORMAL
829,0.9972337,0.0012301186,0.0015362019,NORMAL
830,0.9972323,0.0012360567,0.0015316573,NORMAL
831,0.99724144,0.0012282729,0.0015303085,NORMAL
832,0.9972441,0.0012259377,0.0015299038,NORMAL
833,0.9972208,0.0012494134,0.0015297455,NORMAL
834,0.997238,0.0012322798,0.0015297349,NORMAL
835,0.997152,0.0013036383,0.0015443881,NORMAL
836,0.9972092,0.0012567542,0.0015341153,NORMAL
837,0.9972453,0.0012249369,0.0015297305,NORMAL
838,0.9972453,0.0012249369,0.0015297305,NORMAL
839,0.99723715,0.0012331437,0.001529718,NORMAL
840,0.997019,0.0013269603,0.0016540613,NORMAL
841,0.9970732,0.0013301382,0.0015966482,NORMAL
842,0.9971779,0.0012723153,0.0015497816,NORMAL
843,0.9971638,0.0013006291,0.0015356519,NORMAL
844,0.9972209,0.0012476445,0.0015315069,NORMAL
845,0.997238,0.0012317492,0.0015302633,NORMAL
846,0.996523,0.0016785426,0.0017984809,NORMAL
847,0.99665636,0.0016025843,0.001741058,NORMAL
848,0.9966252,0.0016224864,0.0017523705,NORMAL
849,0.9963653,0.0017445729,0.0018901231,NORMAL
850,0.99167883,0.0058441563,0.0024770256,NORMAL
851,0.8801691,0.114472546,0.0053583486,NORMAL
852,0.2651603,0.7317244,0.0031152517,NORMAL
853,0.08054857,0.9171293,0.0023220875,WARNING
854,0.024913102,0.9732958,0.0017910633,WARNING
855,0.99681336,0.0015284156,0.0016582276,NORMAL
856,0.9967769,0.0015389465,0.0016841854,NORMAL
857,0.99578416,0.0020199595,0.0021958794,NORMAL
858,0.9927445,0.005102653,0.0021528434,NORMAL
859,0.98918563,0.0083018225,0.0025125586,NORMAL
860,0.8542311,0.13938233,0.0063864896,NORMAL
861,0.2573236,0.7391292,0.003547141,NORMAL
862,0.07817416,0.9194781,0.0023477436,WARNING
863,0.024326941,0.9736898,0.0019832249,WARNING
864,0.0013917901,0.9967443,0.0018639623,WARNING
865,0.0011275902,0.9971504,0.0017220133,WARNING
866,0.0010483302,0.99727225,0.0016794287,WARNING
867,0.0010245645,0.99732095,0.0016544902,WARNING
868,0.0011785561,0.99717474,0.0016467436,WARNING
869,0.0012247537,0.9971309,0.0016444196,WARNING
870,0.0012386129,0.9971177,0.0016437224,WARNING
871,0.0012427707,0.99711376,0.0016435133,WARNING
872,0.001244018,0.9971126,0.0016434506,WARNING
873,0.0030812474,0.99488705,0.0020317605,WARNING
874,0.0016344273,0.99659324,0.0017723528,WARNING
875,0.0012003814,0.99710506,0.0016945305,WARNING
876,0.0010701799,0.9972708,0.0016590208,WARNING
877,0.0011922407,0.9971597,0.0016481028,WARNING
878,0.001228859,0.99712634,0.0016448274,WARNING
879,0.0012398445,0.9971163,0.0016438448,WARNING
880,0.0012431401,0.99711335,0.00164355,WARNING
881,0.0012441288,0.99711245,0.0016434616,WARNING
882,0.99645424,0.0017514895,0.0017942975,NORMAL
883,0.9968735,0.0014520271,0.0016744395,NORMAL
884,0.99690306,0.0014428857,0.0016540242,NORMAL
885,0.99651325,0.0017169121,0.0017698373,NORMAL
886,0.9968704,0.0014465281,0.0016831334,NORMAL
887,0.99691844,0.0014249168,0.0016566594,NORMAL
888,0.9970296,0.0013372732,0.0016331755,NORMAL
889,0.9969264,0.0014157256,0.0016578911,NORMAL
890,0.9970233,0.0013432227,0.0016335308,NORMAL
891,0.9970772,0.0012997115,0.001623111,NORMAL
892,0.9970772,0.0012997115,0.001623111,NORMAL
893,0.9970685,0.0013084185,0.0016230968,NORMAL
894,0.9970746,0.0013023237,0.0016231068,NORMAL
895,0.99666244,0.0015945431,0.0017429802,NORMAL
896,0.9969528,0.001388161,0.0016590718,NORMAL
897,0.9969432,0.0014074066,0.001649441,NORMAL
898,0.99702024,0.0013488024,0.0016309826,NORMAL
899,0.9969926,0.0013659544,0.0016414276,NORMAL
900,0.99710363,0.0013153492,0.0015809801,NORMAL
901,0.99710363,0.0013153492,0.0015809801,NORMAL
902,0.99710363,0.0013153492,0.0015809801,NORMAL
903,0.99710363,0.0013153492,0.0015809801,NORMAL
904,0.99710363,0.0013153492,0.0015809801,NORMAL
905,0.99710363,0.0013153492,0.0015809801,NORMAL
906,0.9970749,0.0013283915,0.0015966558,NORMAL
907,0.997095,0.001319262,0.0015856829,NORMAL
908,0.9970441,0.0013424074,0.0016135026,NORMAL
909,0.99710363,0.0013153492,0.0015809801,NORMAL
910,0.99706894,0.0013311219,0.0015999376,NORMAL
911,0.9970362,0.0013459654,0.001617779,NORMAL
912,0.9970834,0.0013245341,0.0015920198,NORMAL
913,0.9970976,0.0013181047,0.001584292,NORMAL
914,0.99710184,0.0013161758,0.0015819737,NORMAL
915,0.9971031,0.0013155972,0.0015812782,NORMAL
916,0.99710345,0.0013154236,0.0015810695,NORMAL
917,0.9971036,0.0013153716,0.0015810069,NORMAL
918,0.14239009,0.84868777,0.008922147,WARNING
919,0.06397369,0.9202459,0.015780455,WARNING
920,0.0208404,0.2767856,0.702374,CRITICAL
921,0.00680959,0.08351369,0.90967673,CRITICAL
922,0.0026272587,0.02553728,0.97183543,CRITICAL
923,0.0013725592,0.008144355,0.99048305,CRITICAL
924,0.0009961493,0.0029264777,0.9960773,CRITICAL
925,0.00087450363,0.0013611205,0.99776435,CRITICAL
926,0.0008370861,0.0008835315,0.99827933,CRITICAL
927,0.13717283,0.85423195,0.008595236,WARNING
928,0.06064393,0.9243113,0.015044739,WARNING
929,0.01904847,0.27800605,0.7029455,CRITICAL
930,0.0062848683,0.08388499,0.9098301,CRITICAL
931,0.0024557882,0.02564868,0.9718955,CRITICAL
932,0.0013211181,0.008177776,0.99050105,CRITICAL
933,0.0009807169,0.0029365038,0.9960827,CRITICAL
934,0.00087859656,0.0013641224,0.9977572,CRITICAL
935,0.0008297352,0.0008844379,0.9982858,CRITICAL
936,0.00081666885,0.0006768202,0.9985065,CRITICAL
937,0.0008015102,0.0006642573,0.99853426,CRITICAL
938,0.00080524205,0.0006673501,0.9985274,CRITICAL
939,0.00079780445,0.0006611862,0.99854094,CRITICAL
940,0.0007958508,0.00065956713,0.9985446,CRITICAL
941,0.0007949871,0.0006588513,0.9985461,CRITICAL
942,0.0007950056,0.00065886666,0.9985461,CRITICAL
943,0.0007947335,0.0006586411,0.9985466,CRITICAL
944,0.0007946519,0.00065857347,0.9985467,CRITICAL
945,0.00081666885,0.0006768202,0.9985065,CRITICAL
946,0.0008012325,0.0006640272,0.9985347,CRITICAL
947,0.0007966016,0.0006601893,0.99854314,CRITICAL
948,0.00079549,0.00065926806,0.9985453,CRITICAL
949,0.0008031545,0.00066562,0.9985312,CRITICAL
950,0.00079745584,0.0006608973,0.9985417,CRITICAL
951,0.0009199502,0.00076241535,0.9983176,CRITICAL
952,0.00083221693,0.0006897057,0.998478,CRITICAL
953,0.0009405025,0.0007794482,0.99828005,CRITICAL
954,0.9972453,0.0012249369,0.0015297305,NORMAL
955,0.9972453,0.0012249369,0.0015297305,NORMAL
956,0.9972453,0.0012249369,0.0015297305,NORMAL
957,0.99723715,0.0012331437,0.001529718,NORMAL
958,0.99717844,0.0012919218,0.001529628,NORMAL
959,0.9972094,0.0012608503,0.0015296756,NORMAL
960,0.99722636,0.0012439177,0.0015297015,NORMAL
961,0.997211,0.001243384,0.0015456484,NORMAL
962,0.99714386,0.0013069696,0.0015491622,NORMAL
963,0.9972453,0.0012249369,0.0015297305,NORMAL
964,0.9972453,0.0012249369,0.0015297305,NORMAL
965,0.9972453,0.0012249369,0.0015297305,NORMAL
966,0.99721813,0.0012370276,0.0015448307,NORMAL
967,0.9972372,0.0012285642,0.0015342606,NORMAL
968,0.9972142,0.001238778,0.0015470162,NORMAL
969,0.9970838,0.0013036225,0.0016126256,NORMAL
970,0.99719685,0.0012485426,0.001554599,NORMAL
971,0.99720216,0.0012447714,0.0015531176,NORMAL
972,0.99706525,0.0013949234,0.0015398222,NORMAL
973,0.997062,0.0013806253,0.0015573436,NORMAL
974,0.9969902,0.0014336118,0.0015761451,NORMAL
975,0.99703044,0.0014187965,0.0015507,NORMAL
976,0.9970691,0.0013878114,0.0015431076,NORMAL
977,0.9970448,0.001399355,0.00155579,NORMAL
978,0.99703014,0.0014077455,0.0015620935,NORMAL
979,0.9970616,0.0013918686,0.0015465142,NORMAL
980,0.9970187,0.0014395274,0.0015417596,NORMAL
981,0.99697363,0.0014675155,0.0015588776,NORMAL
982,0.9969384,0.0014601281,0.0016015018,NORMAL
983,0.9968889,0.0014804674,0.0016306281,NORMAL
984,0.9969409,0.0014787128,0.0015803914,NORMAL
985,0.99703014,0.0014178727,0.0015519963,NORMAL
986,0.997028,0.0014110388,0.001560959,NORMAL
987,0.996935,0.0014672666,0.001597701,NORMAL
988,0.9970262,0.0014166264,0.0015571858,NORMAL
989,0.9968673,0.0015153999,0.0016172543,NORMAL
990,0.9970003,0.0014599526,0.0015397219,NORMAL
991,0.99704576,0.0014144322,0.001539792,NORMAL
992,0.99698275,0.0014614996,0.0015557773,NORMAL
993,0.997033,0.001422379,0.0015445972,NORMAL
994,0.99696636,0.0014518073,0.0015817452,NORMAL
995,0.99688125,0.0015104532,0.0016082728,NORMAL
996,0.99685156,0.0015158175,0.0016326262,NORMAL
997,0.9968507,0.0015093461,0.0016399454,NORMAL
998,0.99678683,0.001556767,0.0016563756,NORMAL
999,0.9969632,0.001477961,0.0015588613,NORMAL
1000,0.99699247,0.0014460499,0.0015615519,NORMAL
1001,0.99700654,0.0014342818,0.0015591369,NORMAL
1002,0.99690986,0.0014722302,0.0016179195,NORMAL
1003,0.9968809,0.0014836148,0.0016355544,NORMAL
1004,0.9968722,0.0014870301,0.0016408449,NORMAL
1005,0.99682444,0.0015160241,0.0016595192,NORMAL
1006,0.99680203,0.0015329192,0.0016651079,NORMAL
1007,0.9967722,0.001563839,0.0016639242,NORMAL
1008,0.9965507,0.0017583589,0.0016909472,NORMAL
1009,0.9967518,0.0015485121,0.0016996936,NORMAL
1010,0.9970895,0.0013297785,0.0015807077,NORMAL
1011,0.99718255,0.0012724394,0.0015449992,NORMAL
1012,0.9969413,0.0014027364,0.0016559092,NORMAL
1013,0.9971348,0.0012976102,0.0015675547,NORMAL
1014,0.9971121,0.0013470013,0.0015409243,NORMAL
1015,0.9971732,0.0012937202,0.0015330395,NORMAL
1016,0.9967887,0.0015500362,0.001661317,NORMAL
1017,0.9972178,0.0012525561,0.0015296884,NORMAL
1018,0.9967344,0.00162306,0.0016425417,NORMAL
1019,0.99658823,0.0015738483,0.001837944,NORMAL
1020,0.99676305,0.001493159,0.0017437927,NORMAL
1021,0.9966295,0.0016636827,0.0017068265,NORMAL
1022,0.9966601,0.0016440069,0.0016958565,NORMAL
1023,0.9970616,0.0013588647,0.0015795558,NORMAL
1024,0.9966502,0.0015107434,0.0018390408,NORMAL
1025,0.9962562,0.0018741013,0.0018697132,NORMAL
1026,0.0016650616,0.000676583,0.9976584,CRITICAL
1027,0.0012527071,0.00066405645,0.99808323,CRITICAL
1028,0.0010718652,0.0008229898,0.99810517,CRITICAL
1029,0.000890621,0.00075686525,0.9983525,CRITICAL
1030,0.0008362477,0.0007370279,0.99842674,CRITICAL
1031,0.00079443154,0.00078873924,0.9984169,CRITICAL
1032,0.0022741111,0.0018051261,0.99592084,CRITICAL
1033,0.0027438323,0.0021299333,0.99512625,CRITICAL
1034,0.0029661935,0.0023176994,0.99471617,CRITICAL
1035,0.0014611185,0.00067672116,0.99786216,CRITICAL
1036,0.0011915242,0.00066409796,0.9981444,CRITICAL
1037,0.00092651864,0.0007091977,0.9983643,CRITICAL
1038,0.000847017,0.0007227276,0.99843025,CRITICAL
1039,0.0009501582,0.00084059115,0.9982093,CRITICAL
1040,0.00072323857,0.00071622536,0.99856055,CRITICAL
1041,0.0022527534,0.0017833719,0.99596393,CRITICAL
1042,0.0027879258,0.0021623163,0.9950498,CRITICAL
1043,0.0028512075,0.002226979,0.9949218,CRITICAL
1044,0.0008344145,0.0013603249,0.9978053,CRITICAL
1045,0.0007756003,0.00096436916,0.99826,CRITICAL
1046,0.0006620953,0.0007440651,0.9985938,CRITICAL
1047,0.0007239046,0.00077949115,0.99849665,CRITICAL
1048,0.00069976295,0.00071911945,0.99858105,CRITICAL
1049,0.0017935084,0.001573659,0.9966328,CRITICAL
1050,0.0021449537,0.0018927353,0.99596226,CRITICAL
1051,0.002331363,0.0020600476,0.99560857,CRITICAL
1052,0.0023468966,0.0020745336,0.9955786,CRITICAL
1053,0.0010447148,0.0017766673,0.9971787,CRITICAL
1054,0.00074282964,0.0009877546,0.99826944,CRITICAL
1055,0.00074812485,0.000852598,0.9983993,CRITICAL
1056,0.00065385265,0.00071053376,0.99863565,CRITICAL
1057,0.000625571,0.00066791446,0.9987065,CRITICAL
1058,0.00092492416,0.0008370155,0.9982381,CRITICAL
1059,0.0019825774,0.0017585586,0.99625885,CRITICAL
1060,0.0023013924,0.0020363647,0.9956623,CRITICAL
1061,0.0023351393,0.0020660837,0.9955987,CRITICAL
1062,0.9970343,0.0013468604,0.0016188549,NORMAL
1063,0.99702585,0.001350687,0.0016234543,NORMAL
1064,0.9970516,0.0013389928,0.001609398,NORMAL
1065,0.997088,0.0013224423,0.0015895055,NORMAL
1066,0.9970989,0.0013174771,0.0015835378,NORMAL
1067,0.9970453,0.001341872,0.0016128591,NORMAL
1068,0.99708617,0.001323306,0.0015905438,NORMAL
1069,0.9970984,0.0013177362,0.0015838492,NORMAL
1070,0.997102,0.0013160653,0.0015818409,NORMAL
1071,0.9970222,0.001352327,0.0016254254,NORMAL
1072,0.99707925,0.0013264426,0.0015943137,NORMAL
1073,0.9970963,0.0013186772,0.0015849802,NORMAL
1074,0.9971014,0.0013163476,0.0015821801,NORMAL
1075,0.997103,0.0013156488,0.0015813401,NORMAL
1076,0.99710345,0.0013154391,0.0015810882,NORMAL
1077,0.9969875,0.0013680935,0.0016443761,NORMAL
1078,0.9970391,0.0013446567,0.0016162056,NORMAL
1079,0.99705553,0.0013371838,0.0016072234,NORMAL
1080,0.997015,0.0014222503,0.0015627209,NORMAL
1081,0.9969315,0.0014646869,0.0016038227,NORMAL
1082,0.99697196,0.0014691068,0.0015589403,NORMAL
1083,0.9967418,0.0015674201,0.0016907711,NORMAL
1084,0.9967368,0.0015663484,0.0016968283,NORMAL
1085,0.9967904,0.0015344131,0.0016751853,NORMAL
1086,0.99659514,0.0016312322,0.0017736483,NORMAL
1087,0.9965516,0.0016610071,0.0017874021,NORMAL
1088,0.99677336,0.0015402478,0.0016863991,NORMAL
1089,0.9969939,0.0014433499,0.0015626878,NORMAL
1090,0.9970364,0.0014169342,0.0015466703,NORMAL
1091,0.9970709,0.0013872527,0.0015418986,NORMAL
1092,0.9969319,0.0014553618,0.0016127527,NORMAL
1093,0.99670285,0.0015779816,0.0017191384,NORMAL
1094,0.9966948,0.0015898244,0.0017153668,NORMAL
1095,0.99674726,0.00155601,0.001696691,NORMAL
1096,0.9966624,0.0016123744,0.0017252648,NORMAL
1097,0.9968066,0.001525658,0.001667758,NORMAL
1098,0.9903211,0.0043956065,0.0052832835,NORMAL
1099,0.9893892,0.00481884,0.0057919896,NORMAL
1100,0.9554559,0.022149831,0.022394253,NORMAL
1101,0.28879368,0.70308065,0.008125638,WARNING
1102,0.08734817,0.90906346,0.003588353,WARNING
1103,0.026914516,0.97085834,0.0022271676,WARNING
1104,0.008784409,0.9893846,0.0018309751,WARNING
1105,0.0035059128,0.98923343,0.0072606555,WARNING
1106,0.0029763784,0.30073282,0.69629085,CRITICAL
1107,0.98986304,0.004603619,0.0055333045,NORMAL
1108,0.9898301,0.0045656147,0.0056042774,NORMAL
1109,0.9601263,0.019802218,0.02007151,NORMAL
1110,0.2901948,0.70237637,0.0074288147,WARNING
1111,0.08776851,0.90885216,0.003379306,WARNING
1112,0.027040608,0.97078276,0.0021766166,WARNING
1113,0.008822236,0.98936194,0.0018158096,WARNING
1114,0.0033566435,0.9948566,0.0017867676,WARNING
1115,0.002911992,0.30237943,0.6947086,CRITICAL
1116,0.0009942172,0.0010324355,0.9979734,CRITICAL
1117,0.0007930785,0.0007940822,0.99841285,CRITICAL
1118,0.0007327369,0.0007225762,0.9985447,CRITICAL
1119,0.00071463437,0.00070112443,0.9985843,CRITICAL
1120,0.0007160728,0.0006946841,0.9985893,CRITICAL
1121,0.0015045509,0.0011702494,0.9973252,CRITICAL
1122,0.0017410943,0.001312919,0.996946,CRITICAL
1123,0.0018120573,0.0013557199,0.99683225,CRITICAL
1124,0.0018333462,0.0013685601,0.9967981,CRITICAL
1125,0.0009942172,0.0010324355,0.9979734,CRITICAL
1126,0.0007930785,0.0007940822,0.99841285,CRITICAL
1127,0.0007327369,0.0007225762,0.9985447,CRITICAL
1128,0.00071463437,0.00070112443,0.9985843,CRITICAL
1129,0.0007160728,0.0006946841,0.9985893,CRITICAL
1130,0.0015300328,0.0011702143,0.9972998,CRITICAL
1131,0.0017487389,0.0013129085,0.99693835,CRITICAL
1132,0.0018309195,0.0013824252,0.99678665,CRITICAL
1133,0.0018381248,0.0013759149,0.9967859,CRITICAL
1134,0.001287621,0.000963536,0.9977488,CRITICAL
1135,0.0024313827,0.0013155856,0.996253,CRITICAL
1136,0.0028602057,0.0014642144,0.99567556,CRITICAL
1137,0.0028611068,0.0014446818,0.9956943,CRITICAL
1138,0.0029145556,0.0014655143,0.9956199,CRITICAL
1139,0.0029808409,0.0015502506,0.9954689,CRITICAL
1140,0.0030435906,0.0015773682,0.9953791,CRITICAL
1141,0.003041427,0.0015963315,0.9953622,CRITICAL
1142,0.0032486885,0.0016382184,0.99511313,CRITICAL
1143,0.0010571283,0.00079105736,0.99815184,CRITICAL
1144,0.0023692409,0.0012867146,0.9963441,CRITICAL
1145,0.0027808952,0.0014251011,0.995794,CRITICAL
1146,0.0028864276,0.0014575998,0.995656,CRITICAL
1147,0.0029950794,0.001505995,0.99549896,CRITICAL
1148,0.00302898,0.0015760311,0.99539506,CRITICAL
1149,0.0028486464,0.0014871474,0.99566424,CRITICAL
1150,0.002828821,0.0014678165,0.99570346,CRITICAL
1151,0.0028935887,0.0015194523,0.995587,CRITICAL
1152,0.0010143616,0.99732447,0.0016611781,WARNING
1153,0.0013696508,0.9874151,0.011215318,WARNING
1154,0.0017963073,0.29780445,0.7003993,CRITICAL
1155,0.001016892,0.08982407,0.90915906,CRITICAL
1156,0.00078306743,0.02742996,0.971787,CRITICAL
1157,0.000747144,0.008746291,0.99050653,CRITICAL
1158,0.00070214306,0.0031066258,0.99619126,CRITICAL
1159,0.0006886427,0.0014147263,0.9978967,CRITICAL
1160,0.00068459264,0.00090715644,0.9984083,CRITICAL
1161,0.0010143616,0.99732447,0.0016611781,WARNING
1162,0.0013718616,0.9888432,0.009784954,WARNING
1163,0.0017946083,0.29823017,0.69997513,CRITICAL
1164,0.0010506063,0.089986354,0.90896297,CRITICAL
1165,0.00080215867,0.027487712,0.9717101,CRITICAL
1166,0.0007528714,0.008763615,0.99048346,CRITICAL
1167,0.00070386124,0.003111823,0.99618435,CRITICAL
1168,0.0006891582,0.0014162855,0.9978946,CRITICAL
1169,0.0006847473,0.00090762426,0.99840766,CRITICAL
1170,0.00069506525,0.0006720773,0.99863285,CRITICAL
1171,0.0006780273,0.00067208876,0.99864984,CRITICAL
1172,0.0012725863,0.0010815024,0.99764585,CRITICAL
1173,0.0014241356,0.001182256,0.9973936,CRITICAL
1174,0.001483046,0.001223547,0.9972935,CRITICAL
1175,0.0015140919,0.0012469399,0.997239,CRITICAL
1176,0.0014965873,0.0012318873,0.99727154,CRITICAL
1177,0.0014842504,0.0012215408,0.99729425,CRITICAL
1178,0.0015052556,0.0012387689,0.99725604,CRITICAL
1179,0.00069506525,0.0006720773,0.99863285,CRITICAL
1180,0.0006780273,0.00067208876,0.99864984,CRITICAL
1181,0.0012633887,0.0010739333,0.99766266,CRITICAL
1182,0.0014575496,0.0012097544,0.9973327,CRITICAL
1183,0.0014964836,0.0012346061,0.9972689,CRITICAL
1184,0.0015089256,0.0012426886,0.9972484,CRITICAL
1185,0.0015890024,0.0013079405,0.9971031,CRITICAL
1186,0.0015451104,0.0012716255,0.9971833,CRITICAL
1187,0.0016182332,0.0013317429,0.99705005,CRITICAL
1188,0.0020432014,0.0022326487,0.9957242,CRITICAL
1189,0.0010909602,0.0011525331,0.99775654,CRITICAL
1190,0.0008052879,0.0008284985,0.99836624,CRITICAL
1191,0.0007195862,0.0007312881,0.99854916,CRITICAL
1192,0.00069762877,0.00070212234,0.99860024,CRITICAL
1193,0.00068728847,0.00069337524,0.9986194,CRITICAL
1194,0.00068418635,0.0006907511,0.9986251,CRITICAL
1195,0.0006832557,0.00068996387,0.9986268,CRITICAL
1196,0.00067082647,0.00067745714,0.99865174,CRITICAL
1197,0.0020603386,0.0022926647,0.995647,CRITICAL
1198,0.0010998545,0.0011705353,0.99772966,CRITICAL
1199,0.0008079562,0.00083389913,0.9983582,CRITICAL
1200,0.0007203867,0.00073290826,0.9985467,CRITICAL
1201,0.0006941158,0.00070261105,0.99860334,CRITICAL
1202,0.0006899877,0.00069351925,0.9986166,CRITICAL
1203,0.00068499614,0.0006907943,0.99862427,CRITICAL
1204,0.0006834987,0.00068997685,0.9986266,CRITICAL
1205,0.0006708994,0.00067746104,0.9986516,CRITICAL
1206,0.00078917766,0.000672014,0.99853885,CRITICAL
1207,0.00078917766,0.000672014,0.99853885,CRITICAL
1208,0.00078917766,0.000672014,0.99853885,CRITICAL
1209,0.00078917766,0.000672014,0.99853885,CRITICAL
1210,0.00078917766,0.000672014,0.99853885,CRITICAL
1211,0.00078917766,0.000672014,0.99853885,CRITICAL
1212,0.00078917766,0.000672014,0.99853885,CRITICAL
1213,0.0017419492,0.0010733552,0.9971847,CRITICAL
1214,0.0020027745,0.0011792746,0.996818,CRITICAL
1215,0.00078917766,0.000672014,0.99853885,CRITICAL
1216,0.00078917766,0.000672014,0.99853885,CRITICAL
1217,0.00078917766,0.000672014,0.99853885,CRITICAL
1218,0.00078917766,0.000672014,0.99853885,CRITICAL
1219,0.00078917766,0.000672014,0.99853885,CRITICAL
1220,0.00078917766,0.000672014,0.99853885,CRITICAL
1221,0.00078917766,0.000672014,0.99853885,CRITICAL
1222,0.0016783417,0.0010365157,0.9972852,CRITICAL
1223,0.0019316801,0.0011380994,0.99693024,CRITICAL
1224,0.0031754763,0.99473226,0.0020922208,WARNING
1225,0.0016699834,0.996317,0.0020129196,WARNING
1226,0.0012110139,0.9969886,0.0018004233,WARNING
1227,0.0012342201,0.99685806,0.0019077556,WARNING
1228,0.001241182,0.9968189,0.0019399554,WARNING
1229,0.0012434712,0.9969679,0.0017885995,WARNING
1230,0.0013070598,0.9966896,0.0020033005,WARNING
1231,0.001263263,0.99695194,0.0017847496,WARNING
1232,0.0012498948,0.99684703,0.0019030536,WARNING
1233,0.0031756025,0.9947718,0.0020526082,WARNING
1234,0.0016702126,0.99651504,0.0018148012,WARNING
1235,0.0012111292,0.9970938,0.0016951021,WARNING
1236,0.0012344162,0.99701893,0.0017466595,WARNING
1237,0.0012415117,0.99708414,0.0016743944,WARNING
1238,0.0012436403,0.9971037,0.0016527148,WARNING
1239,0.0012382992,0.9971155,0.0016462208,WARNING
1240,0.0012426135,0.9970626,0.0016947171,WARNING
1241,0.001243748,0.9969187,0.0018375086,WARNING
1242,0.9962142,0.0018112086,0.0019745093,NORMAL
1243,0.9961622,0.0018260322,0.0020116994,NORMAL
1244,0.9931313,0.0047740703,0.0020945845,NORMAL
1245,0.991115,0.0067282943,0.0021567366,NORMAL
1246,0.95589656,0.036579076,0.007524381,NORMAL
1247,0.93287075,0.055838913,0.011290328,NORMAL
1248,0.53442,0.44852984,0.017050108,NORMAL
1249,0.1613275,0.8322344,0.006438103,NORMAL
1250,0.049263783,0.9476462,0.0030899975,WARNING
1251,0.99661547,0.0016513781,0.0017331045,NORMAL
1252,0.9966908,0.0015841906,0.0017250024,NORMAL
1253,0.99311733,0.004858646,0.0020240443,NORMAL
1254,0.99241483,0.005512976,0.0020721767,NORMAL
1255,0.9883096,0.009130201,0.0025600733,NORMAL
1256,0.8101896,0.18194887,0.007861496,NORMAL
1257,0.49114916,0.4932261,0.015624695,NORMAL
1258,0.14818612,0.84589636,0.005917526,NORMAL
1259,0.045372814,0.95149183,0.0031353799,WARNING
1260,0.002069235,0.0022045565,0.9957262,CRITICAL
1261,0.0011252079,0.0011491211,0.9977257,CRITICAL
1262,0.0008419998,0.0008324904,0.9983255,CRITICAL
1263,0.0007570373,0.0007375012,0.9985055,CRITICAL
1264,0.00072761864,0.0007090072,0.99856335,CRITICAL
1265,0.0007419097,0.0006957571,0.99856234,CRITICAL
1266,0.0014034027,0.0011804863,0.9974161,CRITICAL
1267,0.0015410761,0.0012758905,0.99718297,CRITICAL
1268,0.0015823782,0.0013045118,0.9971131,CRITICAL
1269,0.0020480691,0.0021820064,0.9957699,CRITICAL
1270,0.0011188581,0.0011423561,0.99773884,CRITICAL
1271,0.0008400948,0.0008304609,0.99832946,CRITICAL
1272,0.00075646583,0.00073689234,0.99850667,CRITICAL
1273,0.00072744716,0.00070882455,0.9985637,CRITICAL
1274,0.00078783307,0.00075505744,0.99845713,CRITICAL
1275,0.0013975556,0.0011821262,0.9974203,CRITICAL
1276,0.0015317106,0.0012701185,0.99719816,CRITICAL
1277,0.0015795685,0.0013027802,0.99711764,CRITICAL
1278,0.0008181949,0.0006967236,0.99848515,CRITICAL
1279,0.0007978828,0.0006794269,0.99852276,CRITICAL
1280,0.0007917892,0.0006742379,0.998534,CRITICAL
1281,0.00078996114,0.0006726812,0.9985374,CRITICAL
1282,0.0007894127,0.0006722142,0.9985384,CRITICAL
1283,0.0017418126,0.0010978722,0.9971603,CRITICAL
1284,0.0021268262,0.0012846983,0.99658847,CRITICAL
1285,0.0022423302,0.0013407461,0.9964169,CRITICAL
1286,0.0040073046,0.002095991,0.99389666,CRITICAL
1287,0.0008181949,0.0006967236,0.99848515,CRITICAL
1288,0.0007978828,0.0006794269,0.99852276,CRITICAL
1289,0.0007917892,0.0006742379,0.998534,CRITICAL
1290,0.00078996114,0.0006726812,0.9985374,CRITICAL
1291,0.0007894127,0.0006722142,0.9985384,CRITICAL
1292,0.0020211516,0.0012642158,0.9967146,CRITICAL
1293,0.0020703506,0.0012510673,0.9966786,CRITICAL
1294,0.002405433,0.0014378717,0.9961567,CRITICAL
1295,0.003833085,0.0020117818,0.9941551,CRITICAL
1296,0.9972453,0.0012249369,0.0015297305,NORMAL
1297,0.9972453,0.0012249369,0.0015297305,NORMAL
1298,0.9971687,0.0012868777,0.0015444094,NORMAL
1299,0.9972142,0.001251726,0.0015341217,NORMAL
1300,0.997236,0.0012329736,0.0015310479,NORMAL
1301,0.99724257,0.0012273479,0.0015301257,NORMAL
1302,0.9971534,0.0013021587,0.0015445054,NORMAL
1303,0.9971112,0.0013399839,0.0015487954,NORMAL
1304,0.997072,0.0013779652,0.0015500411,NORMAL
1305,0.9972337,0.0012366609,0.0015297127,NORMAL
1306,0.99724185,0.001228454,0.0015297252,NORMAL
1307,0.9971589,0.0012967315,0.0015443942,NORMAL
1308,0.9972194,0.0012464753,0.0015341296,NORMAL
1309,0.997226,0.0012428587,0.0015310327,NORMAL
1310,0.99716294,0.0012922542,0.0015448001,NORMAL
1311,0.99711406,0.0013370125,0.0015488839,NORMAL
1312,0.99719775,0.0012667663,0.0015354641,NORMAL
1313,0.99723107,0.0012374858,0.0015314505,NORMAL
1314,0.0017192109,0.0012821392,0.99699867,CRITICAL
1315,0.0017192109,0.0012821392,0.99699867,CRITICAL
1316,0.0017192109,0.0012821392,0.99699867,CRITICAL
1317,0.0017192109,0.0012821392,0.99699867,CRITICAL
1318,0.0017192109,0.0012821392,0.99699867,CRITICAL
1319,0.0017192109,0.0012821392,0.99699867,CRITICAL
1320,0.0017192109,0.0012821392,0.99699867,CRITICAL
1321,0.0017932253,0.0013381819,0.9968686,CRITICAL
1322,0.0017414151,0.001298952,0.9969596,CRITICAL
1323,0.0017192109,0.0012821392,0.99699867,CRITICAL
1324,0.0017192109,0.0012821392,0.99699867,CRITICAL
1325,0.0017192109,0.0012821392,0.99699867,CRITICAL
1326,0.0017192109,0.0012821392,0.99699867,CRITICAL
1327,0.0017192109,0.0012821392,0.99699867,CRITICAL
1328,0.0017192109,0.0012821392,0.99699867,CRITICAL
1329,0.0017192109,0.0012821392,0.99699867,CRITICAL
1330,0.0017192109,0.0012821392,0.99699867,CRITICAL
1331,0.0017192109,0.0012821392,0.99699867,CRITICAL
1332,0.0010571283,0.00079105736,0.99815184,CRITICAL
1333,0.0009273279,0.00069392676,0.99837875,CRITICAL
1334,0.0008883878,0.0006647876,0.9984468,CRITICAL
1335,0.00087670574,0.0006560458,0.9984672,CRITICAL
1336,0.0008732011,0.00065342325,0.99847335,CRITICAL
1337,0.0010019501,0.0007497671,0.9982483,CRITICAL
1338,0.00091077446,0.00068153965,0.9984077,CRITICAL
1339,0.0026352396,0.0013900583,0.9959747,CRITICAL
1340,0.003132095,0.0015923316,0.99527556,CRITICAL
1341,0.0008716992,0.0006522993,0.99847597,CRITICAL
1342,0.0008716992,0.0006522993,0.998476,CRITICAL
1343,0.0010014996,0.0007494299,0.99824905,CRITICAL
1344,0.0009106393,0.0006814385,0.9984079,CRITICAL
1345,0.00088338123,0.00066104106,0.9984555,CRITICAL
1346,0.00087520375,0.00065492187,0.9984698,CRITICAL
1347,0.0010151314,0.00075963023,0.9982252,CRITICAL
1348,0.00269596,0.0014282488,0.9958758,CRITICAL
1349,0.0032297487,0.0016436625,0.9951266,CRITICAL
1350,0.99413484,0.0026636615,0.0032015787,NORMAL
1351,0.99527276,0.0021468508,0.0025803999,NORMAL
1352,0.9961511,0.00174797,0.0021009669,NORMAL
1353,0.9963443,0.0016601982,0.0019954697,NORMAL
1354,0.9964043,0.0016329896,0.001962767,NORMAL
1355,0.9954209,0.0020796037,0.0024995734,NORMAL
1356,0.9949269,0.0023039016,0.0027691678,NORMAL
1357,0.9963249,0.001669046,0.002006105,NORMAL
1358,0.99672353,0.0014879745,0.001788466,NORMAL
1359,0.9965892,0.0015489962,0.0018618106,NORMAL
1360,0.99651265,0.0015837877,0.001903628,NORMAL
1361,0.9962951,0.0016825572,0.0020223435,NORMAL
1362,0.99650097,0.0015890645,0.0019099705,NORMAL
1363,0.9965627,0.0015610167,0.0018762586,NORMAL
1364,0.9962454,0.0017051401,0.002049488,NORMAL
1365,0.9961486,0.0017491219,0.0021023513,NORMAL
1366,0.9966706,0.0015119973,0.0018173399,NORMAL
1367,0.996879,0.0014173628,0.0017035941,NORMAL
1368,0.0008087945,0.0006788588,0.9985123,CRITICAL
1369,0.0008087945,0.0006788588,0.9985124,CRITICAL
1370,0.0008087945,0.0006788588,0.9985124,CRITICAL
1371,0.0008087945,0.0006788588,0.9985124,CRITICAL
1372,0.0008087945,0.0006788588,0.9985124,CRITICAL
1373,0.0008087945,0.0006788588,0.9985124,CRITICAL
1374,0.0008087945,0.0006788588,0.9985124,CRITICAL
1375,0.0008087945,0.0006788588,0.9985124,CRITICAL
1376,0.0008087945,0.0006788588,0.9985124,CRITICAL
1377,0.0008087945,0.0006788588,0.9985123,CRITICAL
1378,0.0008087945,0.0006788588,0.9985124,CRITICAL
1379,0.0008087945,0.0006788588,0.9985124,CRITICAL
1380,0.0008087945,0.0006788588,0.9985124,CRITICAL
1381,0.0008087945,0.0006788588,0.9985124,CRITICAL
1382,0.0008087945,0.0006788588,0.9985124,CRITICAL
1383,0.0008087945,0.0006788588,0.9985124,CRITICAL
1384,0.0008087945,0.0006788588,0.9985124,CRITICAL
1385,0.0008087945,0.0006788588,0.9985124,CRITICAL
1386,0.00069181406,0.00070885883,0.99859935,CRITICAL
1387,0.00067487493,0.0006915022,0.9986336,CRITICAL
1388,0.0006697932,0.00068629516,0.99864393,CRITICAL
1389,0.00068520784,0.00070208975,0.99861276,CRITICAL
1390,0.00069913303,0.0007163578,0.99858457,CRITICAL
1391,0.00067707064,0.00069375185,0.9986292,CRITICAL
1392,0.0006704519,0.0006869701,0.99864256,CRITICAL
1393,0.00068540545,0.0007022922,0.99861234,CRITICAL
1394,0.0006898915,0.00070688885,0.9986032,CRITICAL
1395,0.0006676153,0.0006840636,0.99864835,CRITICAL
1396,0.0006676153,0.0006840636,0.99864835,CRITICAL
1397,0.00068455446,0.00070142024,0.9986141,CRITICAL
1398,0.0006726971,0.00068927056,0.99863803,CRITICAL
1399,0.00066913984,0.0006856257,0.99864525,CRITICAL
1400,0.0006850118,0.0007018889,0.9986131,CRITICAL
1401,0.0006990742,0.00071629754,0.9985846,CRITICAL
1402,0.000677053,0.0006937338,0.9986292,CRITICAL
1403,0.0006704466,0.00068696466,0.99864256,CRITICAL
1404,0.0011262584,0.9970649,0.001808804,WARNING
1405,0.001739494,0.53241813,0.46584243,CRITICAL
1406,0.0009891789,0.16020429,0.83880657,CRITICAL
1407,0.0007640844,0.048540134,0.9506958,CRITICAL
1408,0.00069655606,0.015040885,0.9842626,CRITICAL
1409,0.0006762975,0.0049911104,0.9943326,CRITICAL
1410,0.00067022,0.0019761776,0.9973536,CRITICAL
1411,0.0006683967,0.0010716978,0.9982599,CRITICAL
1412,0.00066784973,0.0008003538,0.9985318,CRITICAL
1413,0.001138943,0.9970318,0.0018291768,WARNING
1414,0.001140551,0.99702764,0.0018317592,WARNING
1415,0.00080949604,0.29958713,0.6996034,CRITICAL
1416,0.00071017956,0.09035499,0.90893483,CRITICAL
1417,0.0006803846,0.027585343,0.9717343,CRITICAL
1418,0.0006714461,0.008754447,0.9905741,CRITICAL
1419,0.0006687646,0.003105179,0.9962261,CRITICAL
1420,0.0006682802,0.0014107262,0.997921,CRITICAL
1421,0.00066781475,0.0009020624,0.99843013,CRITICAL
1422,0.99710363,0.0013153492,0.0015809801,NORMAL
1423,0.99710363,0.0013153492,0.0015809801,NORMAL
1424,0.99704665,0.0013412336,0.0016120918,NORMAL
1425,0.9970865,0.0013231145,0.0015903136,NORMAL
1426,0.9970985,0.0013176788,0.0015837802,NORMAL
1427,0.99710214,0.0013160481,0.0015818202,NORMAL
1428,0.99700844,0.001358578,0.0016329383,NORMAL
1429,0.9970751,0.0013283179,0.0015965676,NORMAL
1430,0.9970604,0.0013350125,0.0016046138,NORMAL
1431,0.99710363,0.0013153492,0.0015809801,NORMAL
1432,0.99707574,0.0013280129,0.0015962007,NORMAL
1433,0.9970952,0.0013191483,0.0015855463,NORMAL
1434,0.99706644,0.0013322616,0.0016013074,NORMAL
1435,0.9970925,0.001320423,0.0015870783,NORMAL
1436,0.9970724,0.001329535,0.0015980302,NORMAL
1437,0.9970943,0.0013196049,0.0015860952,NORMAL
1438,0.99710083,0.001316626,0.0015825146,NORMAL
1439,0.9971028,0.0013157323,0.0015814404,NORMAL
1440,0.000689465,0.000659272,0.9986513,CRITICAL
1441,0.000689465,0.000659272,0.9986513,CRITICAL
1442,0.000689465,0.000659272,0.9986513,CRITICAL
1443,0.0006802551,0.00065927807,0.99866045,CRITICAL
1444,0.0006482875,0.00065929914,0.9986924,CRITICAL
1445,0.0006302914,0.0006593111,0.9987104,CRITICAL
1446,0.0006185026,0.0006525477,0.99872893,CRITICAL
1447,0.00062135595,0.0006572856,0.99872136,CRITICAL
1448,0.00062221196,0.000658707,0.9987191,CRITICAL
1449,0.000689465,0.000659272,0.9986513,CRITICAL
1450,0.000689465,0.000659272,0.9986513,CRITICAL
1451,0.00079215184,0.0007574617,0.9984504,CRITICAL
1452,0.0007110612,0.00068873493,0.9986001,CRITICAL
1453,0.0006491235,0.00066814176,0.99868274,CRITICAL
1454,0.0006305422,0.00066196383,0.99870753,CRITICAL
1455,0.00062496786,0.00066011044,0.998715,CRITICAL
1456,0.00062329555,0.00065955444,0.9987172,CRITICAL
1457,0.0006227938,0.0006593876,0.9987179,CRITICAL
1458,0.9950045,0.002268666,0.0027268152,NORMAL
1459,0.994915,0.0023093293,0.00277569,NORMAL
1460,0.9952338,0.0021645373,0.0026016585,NORMAL
1461,0.9957878,0.0019129426,0.0022992555,NORMAL
1462,0.99504936,0.0022482947,0.002702331,NORMAL
1463,0.9961692,0.0017397101,0.0020910394,NORMAL
1464,0.9966308,0.0015300955,0.0018390932,NORMAL
1465,0.99681526,0.0014462894,0.0017383625,NORMAL
1466,0.98998713,0.004967805,0.005045022,NORMAL
1467,0.9957866,0.0019134606,0.002299878,NORMAL
1468,0.9950321,0.0022561515,0.0027117739,NORMAL
1469,0.99441123,0.0025381462,0.0030507161,NORMAL
1470,0.99463636,0.0024358556,0.0029277692,NORMAL
1471,0.9947039,0.0024051685,0.002890885,NORMAL
1472,0.9957859,0.0019138104,0.0023002988,NORMAL
1473,0.9949708,0.0022839599,0.0027451986,NORMAL
1474,0.9962545,0.0017009815,0.0020444891,NORMAL
1475,0.98981893,0.0050442126,0.00513686,NORMAL
1476,0.9966041,0.0017048673,0.0016910378,NORMAL
1477,0.9970175,0.0013893293,0.00159321,NORMAL
1478,0.9970192,0.0013444584,0.0016364467,NORMAL
1479,0.9966498,0.0016593173,0.0016908828,NORMAL
1480,0.99697554,0.0014317497,0.0015927325,NORMAL
1481,0.99716437,0.0012869807,0.0015486311,NORMAL
1482,0.9970701,0.0013637572,0.0015661519,NORMAL
1483,0.99675024,0.0015961801,0.0016535829,NORMAL
1484,0.99706817,0.0013490627,0.0015828129,NORMAL
1485,0.9972025,0.0012678793,0.0015296648,NORMAL
1486,0.99719703,0.0012582329,0.001544798,NORMAL
1487,0.9971397,0.0013114242,0.001548907,NORMAL
1488,0.997146,0.0013186422,0.0015353797,NORMAL
1489,0.9969895,0.0013919576,0.0016186177,NORMAL
1490,0.997092,0.0013369839,0.0015710755,NORMAL
1491,0.9968091,0.0015357207,0.0016551487,NORMAL
1492,0.9970775,0.0013392535,0.0015832697,NORMAL
1493,0.997195,0.0012592319,0.0015457922,NORMAL
1494,0.0010141946,0.9971603,0.0018255174,WARNING
1495,0.0010335727,0.9968084,0.0021580502,WARNING
1496,0.002702044,0.30597872,0.6913193,CRITICAL
1497,0.0024792915,0.093779884,0.9037408,CRITICAL
1498,0.0012277681,0.028622745,0.9701494,CRITICAL
1499,0.0008664651,0.009069549,0.99006397,CRITICAL
1500,0.0007379394,0.0032036032,0.99605846,CRITICAL
1501,0.00069938164,0.0014438196,0.99785686,CRITICAL
1502,0.0006881586,0.0009162322,0.9983957,CRITICAL
1503,0.0010141946,0.9971603,0.0018255174,WARNING
1504,0.001033724,0.9969531,0.0020131397,WARNING
1505,0.0010389684,0.9963032,0.002657778,WARNING
1506,0.0019975964,0.30089775,0.69710463,CRITICAL
1507,0.0010832595,0.09075811,0.9081586,CRITICAL
1508,0.0008029777,0.027710171,0.97148687,CRITICAL
1509,0.00071889313,0.00879579,0.9904853,CRITICAL
1510,0.0006936678,0.0031214757,0.9961849,CRITICAL
1511,0.00068610016,0.0014191812,0.99789476,CRITICAL
1512,0.0013440762,0.9963748,0.0022810723,WARNING
1513,0.001383681,0.99633527,0.0022809817,WARNING
1514,0.0022912112,0.9954299,0.002278909,WARNING
1515,0.0020732523,0.9956474,0.0022794069,WARNING
1516,0.0018949087,0.9958253,0.0022798143,WARNING
1517,0.0019306174,0.9957897,0.0022797328,WARNING
1518,0.0018331597,0.9958869,0.0022799554,WARNING
1519,0.004247998,0.9934776,0.0022744397,WARNING
1520,0.0025618372,0.99515986,0.002278291,WARNING
1521,0.0012533509,0.9966708,0.0020759003,WARNING
1522,0.0013168587,0.99646354,0.0022195207,WARNING
1523,0.001335911,0.9964014,0.0022626068,WARNING
1524,0.0017206522,0.99600464,0.0022746671,WARNING
1525,0.0017041678,0.996161,0.0021348847,WARNING
1526,0.0018143672,0.99594927,0.0022363886,WARNING
1527,0.0037218402,0.9940156,0.0022625583,WARNING
1528,0.002383998,0.9953412,0.0022747722,WARNING
1529,0.002024801,0.9956968,0.00227834,WARNING
1530,0.0012168454,0.000910574,0.9978726,CRITICAL
1531,0.0011050435,0.00082691235,0.9980681,CRITICAL
1532,0.00094170246,0.00070468325,0.9983536,CRITICAL
1533,0.00089270016,0.0006680145,0.9984393,CRITICAL
1534,0.00087799947,0.0006570139,0.998465,CRITICAL
1535,0.00087358925,0.0006537137,0.9984727,CRITICAL
1536,0.0008722662,0.00065272365,0.998475,CRITICAL
1537,0.0010016697,0.0007495572,0.9982488,CRITICAL
1538,0.0009106903,0.0006814767,0.99840784,CRITICAL
1539,0.0008716992,0.0006522993,0.99847597,CRITICAL
1540,0.0008716992,0.0006522993,0.998476,CRITICAL
1541,0.0008716992,0.0006522993,0.998476,CRITICAL
1542,0.0008716992,0.0006522993,0.998476,CRITICAL
1543,0.0008716992,0.0006522993,0.998476,CRITICAL
1544,0.0012170625,0.0009107374,0.99787223,CRITICAL
1545,0.0009753081,0.00072983076,0.99829483,CRITICAL
1546,0.00090278185,0.00067555875,0.99842167,CRITICAL
1547,0.0014907364,0.001115529,0.99739367,CRITICAL
1548,0.99692947,0.0014779109,0.0015925919,NORMAL
1549,0.99702454,0.0014198197,0.001555653,NORMAL
1550,0.99702543,0.0014139509,0.0015606123,NORMAL
1551,0.996997,0.0014436354,0.0015594102,NORMAL
1552,0.9970325,0.0014218035,0.0015456796,NORMAL
1553,0.9969189,0.0015100281,0.0015710867,NORMAL
1554,0.9970213,0.0014294549,0.0015492016,NORMAL
1555,0.9970664,0.0013910088,0.001542658,NORMAL
1556,0.997038,0.0014053078,0.0015567138,NORMAL
1557,0.99708563,0.001374532,0.0015398536,NORMAL
1558,0.99694264,0.0014880495,0.0015693513,NORMAL
1559,0.99695706,0.0014809875,0.0015620084,NORMAL
1560,0.99701524,0.0014207182,0.0015639771,NORMAL
1561,0.99704295,0.0014099778,0.0015470574,NORMAL
1562,0.9970654,0.0013925382,0.0015420034,NORMAL
1563,0.99703014,0.0014133367,0.0015565057,NORMAL
1564,0.9969833,0.0014585736,0.0015581547,NORMAL
1565,0.9969783,0.0014604247,0.0015613084,NORMAL
1566,0.99717295,0.0012763325,0.0015507337,NORMAL
1567,0.997168,0.0012650858,0.0015669162,NORMAL
1568,0.99696624,0.0013507718,0.0016829907,NORMAL
1569,0.99603045,0.0018082175,0.0021613403,NORMAL
1570,0.99628294,0.0016657918,0.00205124,NORMAL
1571,0.9960836,0.0017454153,0.0021710042,NORMAL
1572,0.9951328,0.0021823226,0.0026849243,NORMAL
1573,0.9949604,0.0024887882,0.0025507447,NORMAL
1574,0.99614894,0.0017974623,0.0020535735,NORMAL
1575,0.9970932,0.0013561946,0.001550634,NORMAL
1576,0.9970932,0.0013561946,0.001550634,NORMAL
1577,0.99717104,0.001277067,0.0015519282,NORMAL
1578,0.9967767,0.0014390803,0.0017842875,NORMAL
1579,0.9959767,0.0017979786,0.0022253036,NORMAL
1580,0.99574965,0.001892705,0.0023576396,NORMAL
1581,0.99453354,0.0025254872,0.002941038,NORMAL
1582,0.9949503,0.0025822844,0.0024675005,NORMAL
1583,0.9960679,0.001903699,0.002028477,NORMAL
1584,0.9967168,0.0015484804,0.0017347253,NORMAL
1585,0.9968253,0.0015041557,0.0016705999,NORMAL
1586,0.99700755,0.0014134191,0.0015790774,NORMAL
1587,0.9970622,0.0013861982,0.0015516208,NORMAL
1588,0.9968754,0.0014903041,0.0016342802,NORMAL
1589,0.99699306,0.0014213258,0.0015856621,NORMAL
1590,0.99680865,0.0015104694,0.0016809092,NORMAL
1591,0.9970026,0.0014153132,0.0015821703,NORMAL
1592,0.99702764,0.0014198825,0.0015524975,NORMAL
1593,0.99702054,0.0014397014,0.0015397532,NORMAL
1594,0.99704665,0.0014136352,0.0015397934,NORMAL
1595,0.9970565,0.0013862388,0.001557335,NORMAL
1596,0.99696326,0.001435745,0.0016010391,NORMAL
1597,0.9969832,0.001428119,0.0015886934,NORMAL
1598,0.9969535,0.0014515896,0.0015949772,NORMAL
1599,0.99702847,0.0013976252,0.0015738901,NORMAL
1600,0.9968964,0.0014813369,0.0016223125,NORMAL
1601,0.9970289,0.0014065735,0.0015645912,NORMAL
1602,0.99645835,0.0016084345,0.0019332522,NORMAL
1603,0.9969101,0.0014032748,0.0016866617,NORMAL
1604,0.9970456,0.0013417269,0.0016126847,NORMAL
1605,0.9970862,0.0013232625,0.0015904915,NORMAL
1606,0.99709845,0.0013177232,0.0015838335,NORMAL
1607,0.9970451,0.0013419458,0.0016129478,NORMAL
1608,0.99708605,0.0013233282,0.0015905704,NORMAL
1609,0.9970983,0.001317743,0.0015838572,NORMAL
1610,0.9970741,0.001328731,0.0015970638,NORMAL
1611,0.9970343,0.0013468604,0.0016188549,NORMAL
1612,0.9970828,0.0013248026,0.0015923425,NORMAL
1613,0.99706864,0.0013312276,0.0016000646,NORMAL
1614,0.99709314,0.0013201127,0.0015867054,NORMAL
1615,0.9971005,0.0013167782,0.0015826977,NORMAL
1616,0.9971027,0.0013157779,0.0015814954,NORMAL
1617,0.99710333,0.0013154778,0.0015811347,NORMAL
1618,0.9971036,0.0013153878,0.0015810265,NORMAL
1619,0.99710363,0.0013153608,0.001580994,NORMAL
1620,0.997168,0.0012593074,0.001572654,NORMAL
1621,0.9969806,0.0013524613,0.0016669119,NORMAL
1622,0.9971659,0.0012631943,0.0015708848,NORMAL
1623,0.9972055,0.0012524641,0.0015420523,NORMAL
1624,0.9967078,0.0016460293,0.0016462118,NORMAL
1625,0.99705195,0.0013834287,0.0015646258,NORMAL
1626,0.9963187,0.0018940932,0.001787279,NORMAL
1627,0.99666536,0.001606046,0.0017285644,NORMAL
1628,0.99704766,0.0013630001,0.0015893443,NORMAL
1629,0.99652183,0.0017873059,0.0016908982,NORMAL
1630,0.9967243,0.0015760267,0.0016996467,NORMAL
1631,0.9969128,0.0014546681,0.0016325254,NORMAL
1632,0.99698377,0.0014257606,0.0015904629,NORMAL
1633,0.996719,0.0015949118,0.0016861275,NORMAL
1634,0.99693257,0.0014762406,0.0015912068,NORMAL
1635,0.996695,0.0016439176,0.0016610756,NORMAL
1636,0.9970366,0.0013943803,0.0015690671,NORMAL
1637,0.9968976,0.0014393186,0.0016631295,NORMAL
1638,0.0006823024,0.000652423,0.99866533,CRITICAL
1639,0.0007257678,0.0006749701,0.9985993,CRITICAL
1640,0.0012653298,0.00110081,0.9976339,CRITICAL
1641,0.0014271984,0.0012285621,0.99734426,CRITICAL
1642,0.0014757591,0.0012668876,0.99725735,CRITICAL
1643,0.001516054,0.0013004462,0.9971835,CRITICAL
1644,0.0015023467,0.0013344771,0.9971632,CRITICAL
1645,0.0015344616,0.0013957052,0.99706984,CRITICAL
1646,0.0015335645,0.0014044006,0.9970621,CRITICAL
1647,0.0006823024,0.000652423,0.99866533,CRITICAL
1648,0.0007257678,0.0006749701,0.9985993,CRITICAL
1649,0.0012947682,0.0011260534,0.9975792,CRITICAL
1650,0.0014617302,0.0012754685,0.99726284,CRITICAL
1651,0.0015118188,0.001320293,0.99716794,CRITICAL
1652,0.0015387832,0.0013441698,0.99711704,CRITICAL
1653,0.0015548937,0.0014073388,0.99703777,CRITICAL
1654,0.0015733071,0.0014387618,0.99698794,CRITICAL
1655,0.001545246,0.0013991608,0.9970556,CRITICAL
1656,0.0006952061,0.00068050757,0.9986243,CRITICAL
1657,0.0006952061,0.00068050757,0.9986243,CRITICAL
1658,0.0006952061,0.00068050757,0.9986243,CRITICAL
1659,0.0006952061,0.00068050757,0.9986243,CRITICAL
1660,0.0006952061,0.00068050757,0.9986243,CRITICAL
1661,0.0006952061,0.00068050757,0.9986243,CRITICAL
1662,0.0006952061,0.00068050757,0.9986243,CRITICAL
1663,0.0006952061,0.00068050757,0.9986243,CRITICAL
1664,0.0006952061,0.00068050757,0.9986243,CRITICAL
1665,0.0006952061,0.00068050757,0.9986243,CRITICAL
1666,0.0006952061,0.00068050757,0.9986243,CRITICAL
1667,0.0006952061,0.00068050757,0.9986243,CRITICAL
1668,0.0006952061,0.00068050757,0.9986243,CRITICAL
1669,0.0006952061,0.00068050757,0.9986243,CRITICAL
1670,0.0006952061,0.00068050757,0.9986243,CRITICAL
1671,0.0006952061,0.00068050757,0.9986243,CRITICAL
1672,0.0006952061,0.00068050757,0.9986243,CRITICAL
1673,0.0006952061,0.00068050757,0.9986243,CRITICAL
1674,0.0013673198,0.0010194652,0.9976132,CRITICAL
1675,0.0010759047,0.00078498374,0.99813914,CRITICAL
1676,0.0009630982,0.00071465666,0.99832225,CRITICAL
1677,0.0009292562,0.00069355854,0.9983772,CRITICAL
1678,0.00088896626,0.0006646771,0.99844635,CRITICAL
1679,0.0008768793,0.0006560127,0.9984671,CRITICAL
1680,0.0008732532,0.00065341336,0.9984733,CRITICAL
1681,0.0010083383,0.00075453246,0.99823713,CRITICAL
1682,0.0009126909,0.0006829693,0.9984043,CRITICAL
1683,0.0014749191,0.0010847591,0.99744034,CRITICAL
1684,0.0013299048,0.0009641552,0.99770594,CRITICAL
1685,0.0010494909,0.0007684011,0.99818206,CRITICAL
1686,0.0010980594,0.00081660395,0.9980853,CRITICAL
1687,0.0009396072,0.00070159073,0.9983588,CRITICAL
1688,0.0008920716,0.00066708674,0.99844086,CRITICAL
1689,0.0010139837,0.0007586345,0.99822736,CRITICAL
1690,0.0009143845,0.00068419985,0.9984014,CRITICAL
1691,0.00088450476,0.0006618695,0.9984536,CRITICAL
1692,0.0038633598,0.9936479,0.0024887293,WARNING
1693,0.004085732,0.9904673,0.005447026,WARNING
1694,0.0018830306,0.29785472,0.7002623,CRITICAL
1695,0.0010437574,0.08983526,0.90912104,CRITICAL
1696,0.00080794055,0.027434928,0.9717572,CRITICAL
1697,0.0007371955,0.0087148305,0.990548,CRITICAL
1698,0.000715972,0.0030988008,0.9961853,CRITICAL
1699,0.00070960494,0.0014139918,0.99787647,CRITICAL
1700,0.0007094409,0.0009299263,0.9983607,CRITICAL
1701,0.0035815134,0.99411136,0.002307166,WARNING
1702,0.0052849352,0.9872608,0.0074543077,WARNING
1703,0.0022427917,0.29689276,0.7008645,CRITICAL
1704,0.0011583336,0.089546666,0.9092951,CRITICAL
1705,0.0008423134,0.027348353,0.9718094,CRITICAL
1706,0.0007475073,0.008688858,0.9905637,CRITICAL
1707,0.00071906555,0.0030910089,0.99618995,CRITICAL
1708,0.000710533,0.0014116543,0.99787784,CRITICAL
1709,0.0007100594,0.0009295714,0.99836034,CRITICAL
1710,0.0011884759,0.9954556,0.0033559303,WARNING
1711,0.0008273291,0.2991807,0.699992,CRITICAL
1712,0.00069832767,0.0902309,0.9090708,CRITICAL
1713,0.00065962726,0.02754596,0.9717945,CRITICAL
1714,0.0006480178,0.008740479,0.99061155,CRITICAL
1715,0.00068728684,0.0031012222,0.9962115,CRITICAL
1716,0.0007805376,0.0015542018,0.9976653,CRITICAL
1717,0.000862492,0.0011487252,0.99798876,CRITICAL
1718,0.00077244104,0.00090256834,0.998325,CRITICAL
1719,0.0013071725,0.9962931,0.0023996495,WARNING
1720,0.00088058045,0.29947218,0.69964725,CRITICAL
1721,0.0008147806,0.090424754,0.9087605,CRITICAL
1722,0.00069456315,0.027604118,0.9717014,CRITICAL
1723,0.00065849855,0.0087579265,0.99058366,CRITICAL
1724,0.00064995984,0.0031064842,0.9962436,CRITICAL
1725,0.0007331541,0.0014898765,0.997777,CRITICAL
1726,0.00075838063,0.0010051726,0.9982364,CRITICAL
1727,0.0007387907,0.00085978315,0.9984014,CRITICAL
1728,0.9970578,0.0014024641,0.0015398107,NORMAL
1729,0.99673057,0.0015736247,0.0016958844,NORMAL
1730,0.9969717,0.0014416323,0.0015866514,NORMAL
1731,0.9970515,0.0013946621,0.001553893,NORMAL
1732,0.9966568,0.0016255094,0.0017177158,NORMAL
1733,0.9967313,0.0015929518,0.0016757192,NORMAL
1734,0.9967301,0.0015619572,0.0017079264,NORMAL
1735,0.9967118,0.0015941713,0.0016940787,NORMAL
1736,0.99672425,0.001562323,0.0017134342,NORMAL
1737,0.99679166,0.0015408751,0.0016675019,NORMAL
1738,0.9968067,0.0015242834,0.0016690653,NORMAL
1739,0.99688387,0.0014859802,0.0016301576,NORMAL
1740,0.99684364,0.0015000699,0.0016563393,NORMAL
1741,0.99696827,0.0014569544,0.0015747303,NORMAL
1742,0.99700856,0.0014250914,0.0015663356,NORMAL
1743,0.9967663,0.0015406962,0.0016930132,NORMAL
1744,0.99676394,0.0015636993,0.0016722999,NORMAL
1745,0.9968523,0.0014958243,0.0016518934,NORMAL
1746,0.99706835,0.0013917984,0.001539827,NORMAL
1747,0.9969628,0.0014458135,0.0015913869,NORMAL
1748,0.99697435,0.0014528823,0.0015727237,NORMAL
1749,0.9970449,0.0014054095,0.0015497032,NORMAL
1750,0.99694264,0.0014496333,0.0016077958,NORMAL
1751,0.9969374,0.0014508236,0.0016117974,NORMAL
1752,0.9970298,0.0014087682,0.0015614192,NORMAL
1753,0.99698627,0.0014541039,0.0015596335,NORMAL
1754,0.9970559,0.0013984035,0.0015457876,NORMAL
1755,0.99708563,0.001374532,0.0015398536,NORMAL
1756,0.99705255,0.0014076481,0.0015398025,NORMAL
1757,0.99707574,0.0013844669,0.0015398383,NORMAL
1758,0.9970515,0.0014086439,0.001539801,NORMAL
1759,0.9970423,0.0014178817,0.0015397867,NORMAL
1760,0.99704564,0.001414536,0.0015397919,NORMAL
1761,0.9968244,0.0015084324,0.0016671482,NORMAL
1762,0.9967444,0.0015502173,0.0017053315,NORMAL
1763,0.99689484,0.0014751742,0.0016299895,NORMAL
1764,0.99706525,0.0013949234,0.0015398222,NORMAL
1765,0.99706525,0.0013949234,0.0015398222,NORMAL
1766,0.9970578,0.0014024063,0.0015398107,NORMAL
1767,0.99702954,0.0014307755,0.001539767,NORMAL
1768,0.99700314,0.0014420964,0.0015547413,NORMAL
1769,0.9970392,0.001416558,0.0015442864,NORMAL
1770,0.99702394,0.0014350212,0.0015411098,NORMAL
1771,0.9970454,0.0014144354,0.001540197,NORMAL
1772,0.9970171,0.0014269922,0.0015559527,NORMAL
1773,0.9970477,0.001412447,0.0015397951,NORMAL
1774,0.99705255,0.0014076632,0.0015398025,NORMAL
1775,0.9970499,0.0014102627,0.0015397985,NORMAL
1776,0.9970152,0.0014450456,0.0015397449,NORMAL
1777,0.9970428,0.0014174428,0.0015397875,NORMAL
1778,0.99705106,0.0014091621,0.0015398002,NORMAL
1779,0.9969773,0.0014695232,0.0015531239,NORMAL
1780,0.99699664,0.0014435186,0.0015598307,NORMAL
1781,0.99699926,0.001454926,0.0015457546,NORMAL
1782,0.9958444,0.0022471263,0.0019084122,NORMAL
1783,0.9967642,0.0015926077,0.0016432416,NORMAL
1784,0.996825,0.0014896207,0.0016853975,NORMAL
1785,0.99686503,0.0014651229,0.0016698414,NORMAL
1786,0.99651057,0.0017412794,0.00174815,NORMAL
1787,0.9965817,0.0016938283,0.0017245202,NORMAL
1788,0.9970076,0.0014043017,0.0015881083,NORMAL
1789,0.997174,0.0012787464,0.0015472438,NORMAL
1790,0.9971707,0.0012793064,0.0015500439,NORMAL
1791,0.9956981,0.0022827482,0.00201915,NORMAL
1792,0.996751,0.0015724819,0.0016765101,NORMAL
1793,0.9970856,0.0013406607,0.0015737469,NORMAL
1794,0.9968072,0.0015368238,0.0016559501,NORMAL
1795,0.99696064,0.0014571787,0.0015822094,NORMAL
1796,0.99715173,0.0013028162,0.0015454617,NORMAL
1797,0.9969412,0.0014026832,0.0016560636,NORMAL
1798,0.9967272,0.0015922087,0.0016805828,NORMAL
1799,0.9967953,0.0015081632,0.0016965681,NORMAL
1800,0.00069506525,0.0006720773,0.99863285,CRITICAL
1801,0.00069506525,0.0006720773,0.99863285,CRITICAL
1802,0.00069506525,0.0006720773,0.99863285,CRITICAL
1803,0.00069506525,0.0006720773,0.99863285,CRITICAL
1804,0.00069506525,0.0006720773,0.99863285,CRITICAL
1805,0.00069506525,0.0006720773,0.99863285,CRITICAL
1806,0.00069506525,0.0006720773,0.99863285,CRITICAL
1807,0.00069506525,0.0006720773,0.99863285,CRITICAL
1808,0.00069506525,0.0006720773,0.99863285,CRITICAL
1809,0.00069506525,0.0006720773,0.99863285,CRITICAL
1810,0.00069506525,0.0006720773,0.99863285,CRITICAL
1811,0.00069506525,0.0006720773,0.99863285,CRITICAL
1812,0.00069506525,0.0006720773,0.99863285,CRITICAL
1813,0.00069506525,0.0006720773,0.99863285,CRITICAL
1814,0.00069506525,0.0006720773,0.99863285,CRITICAL
1815,0.00069506525,0.0006720773,0.99863285,CRITICAL
1816,0.00069506525,0.0006720773,0.99863285,CRITICAL
1817,0.00069506525,0.0006720773,0.99863285,CRITICAL
1818,0.9876462,0.0055781156,0.006775588,NORMAL
1819,0.2984941,0.6980511,0.0034548205,WARNING
1820,0.090258285,0.9075424,0.0021992708,WARNING
1821,0.027823115,0.9703665,0.0018103842,WARNING
1822,0.009218122,0.9890884,0.0016935118,WARNING
1823,0.0036366235,0.99470496,0.0016584501,WARNING
1824,0.001962174,0.9963899,0.0016479315,WARNING
1825,0.001459839,0.99689543,0.001644776,WARNING
1826,0.004923538,0.99343854,0.0016378819,WARNING
1827,0.9881194,0.005364471,0.0065160766,NORMAL
1828,0.29863605,0.69798696,0.003376967,WARNING
1829,0.09030087,0.90752316,0.0021759148,WARNING
1830,0.027863868,0.9703328,0.0018033315,WARNING
1831,0.009230347,0.9890783,0.001691396,WARNING
1832,0.003640291,0.9947019,0.0016578154,WARNING
1833,0.001963274,0.99638903,0.0016477412,WARNING
1834,0.0014601594,0.9968952,0.0016447189,WARNING
1835,0.0013092346,0.997047,0.0016438123,WARNING
1836,0.99706525,0.0013949234,0.0015398222,NORMAL
1837,0.99705297,0.00140719,0.0015398032,NORMAL
1838,0.99706155,0.0013986034,0.0015398165,NORMAL
1839,0.9970641,0.0013960274,0.0015398205,NORMAL
1840,0.9970649,0.0013952546,0.0015398216,NORMAL
1841,0.9970577,0.0014025056,0.0015398104,NORMAL
1842,0.99698573,0.0014338957,0.0015803282,NORMAL
1843,0.99692225,0.0014646706,0.0016130278,NORMAL
1844,0.99702233,0.0014158476,0.0015617838,NORMAL
1845,0.9969892,0.0014711382,0.0015397047,NORMAL
1846,0.99698925,0.0014710422,0.0015397049,NORMAL
1847,0.997031,0.0014292763,0.0015397691,NORMAL
1848,0.99702346,0.0014367725,0.0015397576,NORMAL
1849,0.99705267,0.0014074781,0.0015398028,NORMAL
1850,0.9970615,0.0013986898,0.0015398164,NORMAL
1851,0.99703974,0.0014076626,0.0015526357,NORMAL
1852,0.99704576,0.0014106069,0.001543648,NORMAL
1853,0.9970594,0.0013996285,0.0015409699,NORMAL
1854,0.0022251925,0.0021780462,0.9955968,CRITICAL
1855,0.0012102798,0.0011361078,0.99765366,CRITICAL
1856,0.00090580597,0.0008235263,0.99827075,CRITICAL
1857,0.0008144638,0.0007297518,0.9984559,CRITICAL
1858,0.00078706123,0.0007016194,0.9985114,CRITICAL
1859,0.00077884045,0.0006931797,0.998528,CRITICAL
1860,0.0007763742,0.0006906478,0.998533,CRITICAL
1861,0.0007756343,0.00068988826,0.99853456,CRITICAL
1862,0.00077541237,0.0006896604,0.998535,CRITICAL
1863,0.0022023106,0.0022117728,0.9955859,CRITICAL
1864,0.0012034152,0.0011462257,0.9976504,CRITICAL
1865,0.00090374664,0.0008265616,0.99826974,CRITICAL
1866,0.00081384607,0.0007306624,0.9984555,CRITICAL
1867,0.0007868759,0.0007018926,0.9985113,CRITICAL
1868,0.00077878486,0.0006932617,0.998528,CRITICAL
1869,0.00077635754,0.00069067243,0.998533,CRITICAL
1870,0.0007756293,0.00068989565,0.99853456,CRITICAL
1871,0.00077541085,0.0006896626,0.998535,CRITICAL
1872,0.99708444,0.001343563,0.0015720236,NORMAL
1873,0.99715424,0.0012885982,0.0015571329,NORMAL
1874,0.9967142,0.0014735097,0.0018123214,NORMAL
1875,0.9969321,0.001401564,0.0016663637,NORMAL
1876,0.9968662,0.0014414737,0.0016923186,NORMAL
1877,0.9967217,0.0015564221,0.0017219216,NORMAL
1878,0.99706876,0.0013438629,0.0015873581,NORMAL
1879,0.99710083,0.0013522783,0.0015468785,NORMAL
1880,0.99719423,0.0012709083,0.0015348631,NORMAL
1881,0.9966732,0.0016355745,0.0016911551,NORMAL
1882,0.9969451,0.0014468585,0.0016081041,NORMAL
1883,0.9963446,0.0018549359,0.0018004322,NORMAL
1884,0.9969674,0.0014217056,0.0016109291,NORMAL
1885,0.9968879,0.0014414024,0.0016707423,NORMAL
1886,0.99680424,0.0015022159,0.0016935489,NORMAL
1887,0.9971048,0.0013163274,0.0015788635,NORMAL
1888,0.9971505,0.0013051211,0.0015443895,NORMAL
1889,0.99720913,0.0012567611,0.0015341165,NORMAL
1890,0.9968749,0.0014192419,0.0017058536,NORMAL
1891,0.99689126,0.0014118007,0.0016969098,NORMAL
1892,0.9968497,0.0014306607,0.0017195779,NORMAL
1893,0.9968444,0.0014330714,0.0017224754,NORMAL
1894,0.99675965,0.0014716139,0.0017688014,NORMAL
1895,0.9968567,0.0014275123,0.001715794,NORMAL
1896,0.9968465,0.0014321269,0.0017213402,NORMAL
1897,0.99684346,0.0014335113,0.001723004,NORMAL
1898,0.99688184,0.0014160816,0.0017020549,NORMAL
1899,0.99499834,0.002271488,0.002730207,NORMAL
1900,0.9952651,0.0021503107,0.0025845582,NORMAL
1901,0.99640834,0.0016311214,0.001960521,NORMAL
1902,0.9966763,0.0015094143,0.0018142352,NORMAL
1903,0.9967946,0.00145574,0.0017497216,NORMAL
1904,0.9968672,0.0014227501,0.0017100701,NORMAL
1905,0.99688894,0.0014128531,0.0016981746,NORMAL
1906,0.99680233,0.001452201,0.0017454682,NORMAL
1907,0.9968302,0.0014395335,0.0017302425,NORMAL
1908,0.9970202,0.0014400566,0.0015397526,NORMAL
1909,0.9970368,0.0014234094,0.0015397782,NORMAL
1910,0.99700814,0.001437149,0.0015547487,NORMAL
1911,0.99681485,0.0015436244,0.0016415309,NORMAL
1912,0.9969827,0.0014470165,0.0015703232,NORMAL
1913,0.9970405,0.0014105514,0.0015489724,NORMAL
1914,0.9969784,0.0014656654,0.0015558823,NORMAL
1915,0.9970392,0.001416146,0.0015446402,NORMAL
1916,0.99701524,0.0014275055,0.0015572857,NORMAL
1917,0.99706525,0.0013949234,0.0015398222,NORMAL
1918,0.99698585,0.0014609771,0.0015531372,NORMAL
1919,0.99699926,0.0014409549,0.0015598347,NORMAL
1920,0.99695045,0.001466824,0.0015827648,NORMAL
1921,0.99695164,0.0014644241,0.001583903,NORMAL
1922,0.9969858,0.0014611976,0.0015529763,NORMAL
1923,0.9970079,0.001448413,0.0015437168,NORMAL
1924,0.9968976,0.0014932052,0.0016093295,NORMAL
1925,0.99688935,0.0015072227,0.0016034041,NORMAL
1926,0.0006828569,0.0006896265,0.99862754,CRITICAL
1927,0.0006828569,0.0006896265,0.99862754,CRITICAL
1928,0.0006828569,0.0006896265,0.99862754,CRITICAL
1929,0.0006828569,0.0006896265,0.99862754,CRITICAL
1930,0.0006828569,0.0006896265,0.99862754,CRITICAL
1931,0.0006828569,0.0006896265,0.99862754,CRITICAL
1932,0.0006863465,0.000689972,0.99862367,CRITICAL
1933,0.000754106,0.00070779887,0.99853814,CRITICAL
1934,0.00077443384,0.00071314693,0.99851245,CRITICAL
1935,0.0006828569,0.0006896265,0.99862754,CRITICAL
1936,0.0006828569,0.0006896265,0.99862754,CRITICAL
1937,0.0006828569,0.0006896265,0.99862754,CRITICAL
1938,0.0006828569,0.0006896265,0.99862754,CRITICAL
1939,0.0006828569,0.0006896265,0.99862754,CRITICAL
1940,0.0006828569,0.0006896265,0.99862754,CRITICAL
1941,0.00070615794,0.00068995834,0.9986039,CRITICAL
1942,0.0007544536,0.00069002935,0.99855554,CRITICAL
1943,0.00074814825,0.00069006503,0.99856186,CRITICAL
1944,0.0008716992,0.0006522993,0.99847597,CRITICAL
1945,0.0008716992,0.0006522993,0.998476,CRITICAL
1946,0.0008716992,0.0006522993,0.998476,CRITICAL
1947,0.001007872,0.00075419823,0.99823797,CRITICAL
1948,0.000912551,0.000682869,0.9984046,CRITICAL
1949,0.0008839547,0.0006614702,0.9984546,CRITICAL
1950,0.0008250215,0.0006624084,0.9985125,CRITICAL
1951,0.0022708718,0.0011503082,0.9965788,CRITICAL
1952,0.0027046269,0.0012966781,0.99599874,CRITICAL
1953,0.0008716992,0.0006522993,0.99847597,CRITICAL
1954,0.0008716992,0.0006522993,0.998476,CRITICAL
1955,0.0008716992,0.0006522993,0.998476,CRITICAL
1956,0.0008716992,0.0006522993,0.998476,CRITICAL
1957,0.0008716992,0.0006522993,0.998476,CRITICAL
1958,0.0008716992,0.0006522993,0.998476,CRITICAL
1959,0.0008213448,0.0006596571,0.99851894,CRITICAL
1960,0.0022213378,0.0011267051,0.9966519,CRITICAL
1961,0.0026897152,0.0013074547,0.9960028,CRITICAL
1962,0.001330296,0.996725,0.001944742,WARNING
1963,0.08383321,0.51135516,0.40481165,CRITICAL
1964,0.027178101,0.1899937,0.7828282,CRITICAL
1965,0.008620762,0.057476956,0.93390226,CRITICAL
1966,0.0030704986,0.017739289,0.97919023,CRITICAL
1967,0.0013884803,0.0058006314,0.9928109,CRITICAL
1968,0.00088387483,0.002219034,0.9968971,CRITICAL
1969,0.00073281326,0.0011448828,0.99812233,CRITICAL
1970,0.0006903268,0.0008226354,0.998487,CRITICAL
1971,0.0013707617,0.9966253,0.0020038984,WARNING
1972,0.0012015214,0.9969281,0.0018704036,WARNING
1973,0.0017438503,0.5384447,0.45981145,CRITICAL
1974,0.0009904858,0.16201226,0.8369973,CRITICAL
1975,0.0007644765,0.049082525,0.950153,CRITICAL
1976,0.00071361277,0.01522096,0.9840655,CRITICAL
1977,0.00068173464,0.0050454605,0.9942728,CRITICAL
1978,0.00067500316,0.0019928087,0.99733216,CRITICAL
1979,0.0006729837,0.0010770132,0.99825,CRITICAL
1980,0.0036869852,0.39578655,0.60052645,CRITICAL
1981,0.0037054657,0.39777032,0.5985242,CRITICAL
1982,0.0023372506,0.81624615,0.18141662,CRITICAL
1983,0.0032396396,0.5173701,0.4793902,CRITICAL
1984,0.0021975026,0.85212606,0.14567642,CRITICAL
1985,0.0018848616,0.95255286,0.045562286,CRITICAL
1986,0.0031039228,0.5582621,0.43863392,CRITICAL
1987,0.0021567878,0.86439365,0.13344954,CRITICAL
1988,0.0031844438,0.53170097,0.46511456,CRITICAL
1989,0.0017508727,0.9955929,0.0026562274,WARNING
1990,0.001729853,0.99557555,0.0026946003,WARNING
1991,0.0030563634,0.57105553,0.4258881,CRITICAL
1992,0.0034943926,0.44800162,0.548504,CRITICAL
1993,0.0022739288,0.8313155,0.16641055,CRITICAL
1994,0.003175401,0.5170344,0.4797902,CRITICAL
1995,0.0021781726,0.85199213,0.14582975,CRITICAL
1996,0.0033327097,0.51622856,0.48043874,CRITICAL
1997,0.0022254237,0.85178363,0.14599098,CRITICAL
1998,0.0014460069,0.9968637,0.001690285,WARNING
1999,0.0014460069,0.9968637,0.001690285,WARNING
2000,0.0014460069,0.9968637,0.001690285,WARNING
2001,0.0014460069,0.9968637,0.001690285,WARNING
2002,0.0014460069,0.9968637,0.001690285,WARNING
2003,0.0014460069,0.9968637,0.001690285,WARNING
2004,0.0014460069,0.9968637,0.001690285,WARNING
2005,0.0014460069,0.9968637,0.001690285,WARNING
2006,0.0014460069,0.9968637,0.001690285,WARNING
2007,0.0014460069,0.9968637,0.001690285,WARNING
2008,0.0014460069,0.9968637,0.001690285,WARNING
2009,0.0014460069,0.9968637,0.001690285,WARNING
2010,0.0014460069,0.9968637,0.001690285,WARNING
2011,0.0014460069,0.9968637,0.001690285,WARNING
2012,0.0014460069,0.9968637,0.001690285,WARNING
2013,0.0014460069,0.9968637,0.001690285,WARNING
2014,0.0014460069,0.9968637,0.001690285,WARNING
2015,0.0014460069,0.9968637,0.001690285,WARNING
2016,0.00075095065,0.00069727266,0.9985518,CRITICAL
2017,0.00070362934,0.0006922681,0.9986042,CRITICAL
2018,0.00068943296,0.0006907667,0.9986199,CRITICAL
2019,0.000685174,0.0006903163,0.9986246,CRITICAL
2020,0.00068355206,0.0006898334,0.9986267,CRITICAL
2021,0.00068340974,0.00069003634,0.99862665,CRITICAL
2022,0.0006833671,0.00069009716,0.9986266,CRITICAL
2023,0.00067119545,0.000677836,0.9986509,CRITICAL
2024,0.00066754397,0.0006741577,0.99865824,CRITICAL
2025,0.00075095065,0.00069727266,0.9985518,CRITICAL
2026,0.00070328504,0.00069192034,0.99860483,CRITICAL
2027,0.00068898534,0.0006903147,0.99862075,CRITICAL
2028,0.00068503973,0.0006901807,0.99862486,CRITICAL
2029,0.0006838561,0.00069014047,0.9986261,CRITICAL
2030,0.00068350096,0.0006901284,0.9986265,CRITICAL
2031,0.00068339444,0.0006901248,0.9986266,CRITICAL
2032,0.00067120366,0.00067784433,0.9986509,CRITICAL
2033,0.0006675464,0.0006741602,0.99865824,CRITICAL
2034,0.994437,0.0027147632,0.002848289,NORMAL
2035,0.9861629,0.010313561,0.0035235928,NORMAL
2036,0.44170088,0.5410191,0.017280104,NORMAL
2037,0.13324402,0.8603815,0.0063745305,NORMAL
2038,0.040709317,0.95624435,0.0030464001,WARNING
2039,0.013127521,0.9845576,0.002314914,WARNING
2040,0.0048440583,0.99308,0.0020759734,WARNING
2041,0.0029152324,0.9942453,0.0028394447,WARNING
2042,0.0017715243,0.99615777,0.0020707613,WARNING
2043,0.99278295,0.0034477466,0.003769275,NORMAL
2044,0.9841641,0.011770846,0.004065072,NORMAL
2045,0.4683571,0.5129429,0.018700093,NORMAL
2046,0.14125754,0.85189515,0.006847347,NORMAL
2047,0.043107558,0.9536534,0.003239092,WARNING
2048,0.013619028,0.98429495,0.0020859826,WARNING
2049,0.0049485937,0.9931324,0.0019190519,WARNING
2050,0.002313206,0.99601686,0.0016700274,WARNING
2051,0.0014832679,0.99697334,0.0015433907,WARNING
2052,0.9969939,0.0014433499,0.0015626878,NORMAL
2053,0.9969939,0.00144335,0.0015626878,NORMAL
2054,0.99704385,0.0014094514,0.0015466819,NORMAL
2055,0.997004,0.0014380926,0.0015578783,NORMAL
2056,0.99699366,0.0014611285,0.0015451569,NORMAL
2057,0.9970437,0.0014147849,0.0015414226,NORMAL
2058,0.9970088,0.0014347804,0.0015563082,NORMAL
2059,0.99704087,0.0014143633,0.0015447565,NORMAL
2060,0.99700266,0.0014432126,0.0015540695,NORMAL
2061,0.9969518,0.0014892857,0.0015588435,NORMAL
2062,0.9969598,0.0014813583,0.001558856,NORMAL
2063,0.9969941,0.0014444136,0.0015615546,NORMAL
2064,0.99695945,0.0014808923,0.001559649,NORMAL
2065,0.9969735,0.0014469039,0.0015795465,NORMAL
2066,0.99696064,0.0014742359,0.001565058,NORMAL
2067,0.99693394,0.0014890886,0.0015769582,NORMAL
2068,0.9969502,0.0014814074,0.0015683707,NORMAL
2069,0.99701923,0.0014323859,0.001548369,NORMAL
2070,0.0014173527,0.99662626,0.0019564019,WARNING
2071,0.00096889504,0.2994656,0.69956553,CRITICAL
2072,0.00083435775,0.09031737,0.9088483,CRITICAL
2073,0.0008137018,0.027590211,0.971596,CRITICAL
2074,0.0008183236,0.008781569,0.9904001,CRITICAL
2075,0.00079449406,0.0031121536,0.9960933,CRITICAL
2076,0.00078734517,0.001411329,0.99780124,CRITICAL
2077,0.0007852005,0.0009010816,0.99831367,CRITICAL
2078,0.00078455714,0.0007480074,0.9984673,CRITICAL
2079,0.0023228854,0.33491436,0.66276276,CRITICAL
2080,0.0012602601,0.100969315,0.89777035,CRITICAL
2081,0.0009217673,0.030768482,0.96830976,CRITICAL
2082,0.00085074326,0.00973505,0.9894142,CRITICAL
2083,0.000829436,0.0034250198,0.99574554,CRITICAL
2084,0.0007978278,0.0015051889,0.9976969,CRITICAL
2085,0.0007883453,0.00092923956,0.9982823,CRITICAL
2086,0.00078550057,0.00075645477,0.9984579,CRITICAL
2087,0.0007846471,0.00070461934,0.9985106,CRITICAL
2088,0.9970546,0.001405613,0.0015398057,NORMAL
2089,0.9970285,0.0014317376,0.0015397655,NORMAL
2090,0.99701816,0.0014271162,0.0015547647,NORMAL
2091,0.99702394,0.0014318008,0.0015442629,NORMAL
2092,0.99697345,0.0014720403,0.0015544693,NORMAL
2093,0.9970262,0.0014295757,0.0015441985,NORMAL
2094,0.9970175,0.0014264677,0.0015560945,NORMAL
2095,0.9970174,0.001437994,0.0015446522,NORMAL
2096,0.9970394,0.0014193618,0.0015412534,NORMAL
2097,0.9970546,0.001405613,0.0015398057,NORMAL
2098,0.9969784,0.0014684584,0.0015531256,NORMAL
2099,0.9970392,0.0014169839,0.0015438132,NORMAL
2100,0.99697745,0.0014445109,0.0015779823,NORMAL
2101,0.99698895,0.0014436982,0.0015672762,NORMAL
2102,0.9970063,0.0014307044,0.0015630178,NORMAL
2103,0.99702847,0.0014247453,0.0015467515,NORMAL
2104,0.9969828,0.0014619962,0.0015552284,NORMAL
2105,0.9970405,0.0014150452,0.001544444,NORMAL
2106,0.9967415,0.0015552095,0.0017032771,NORMAL
2107,0.9970846,0.0013335841,0.0015817799,NORMAL
2108,0.99714303,0.0012815904,0.0015753917,NORMAL
2109,0.9967394,0.0016042814,0.0016562993,NORMAL
2110,0.9966855,0.0016338234,0.0016806854,NORMAL
2111,0.9968014,0.0015019854,0.0016966306,NORMAL
2112,0.99711215,0.0013080514,0.0015798005,NORMAL
2113,0.9971972,0.001258078,0.001544739,NORMAL
2114,0.996744,0.001608897,0.0016470836,NORMAL
2115,0.9965664,0.0017425776,0.001690974,NORMAL
2116,0.99667627,0.0016076847,0.0017160411,NORMAL
2117,0.9966257,0.0016757125,0.0016985389,NORMAL
2118,0.99705946,0.0013601696,0.0015803729,NORMAL
2119,0.9963917,0.0018161805,0.0017921369,NORMAL
2120,0.9965289,0.0017496778,0.0017213481,NORMAL
2121,0.9970304,0.0013823592,0.0015872158,NORMAL
2122,0.9971727,0.0012803704,0.0015469636,NORMAL
2123,0.99671525,0.0016206943,0.0016640524,NORMAL
2124,0.9923172,0.0055920114,0.002090761,NORMAL
2125,0.9684694,0.028610926,0.0029196367,NORMAL
2126,0.9789879,0.010213394,0.010798754,NORMAL
2127,0.97968984,0.004884447,0.015425728,NORMAL
2128,0.98033047,0.0032406098,0.016428981,NORMAL
2129,0.98161435,0.002612118,0.01577352,NORMAL
2130,0.9813526,0.0025181966,0.01612918,NORMAL
2131,0.982831,0.002268981,0.014899991,NORMAL
2132,0.34873727,0.0017733881,0.6494894,CRITICAL
2133,0.99098563,0.0069263964,0.0020879554,NORMAL
2134,0.96140885,0.035608407,0.0029827487,NORMAL
2135,0.9765774,0.012229521,0.011193134,NORMAL
2136,0.9813292,0.005143627,0.01352718,NORMAL
2137,0.9813737,0.003237817,0.0153885055,NORMAL
2138,0.98157305,0.0026150024,0.015811969,NORMAL
2139,0.9828592,0.0023029782,0.014837772,NORMAL
2140,0.98189306,0.0023675659,0.015739406,NORMAL
2141,0.9818306,0.0022926917,0.015876722,NORMAL
2142,0.031929437,0.9600043,0.0080662,WARNING
2143,0.08519054,0.87044877,0.04436069,CRITICAL
2144,0.026789982,0.2616122,0.7115978,CRITICAL
2145,0.00946325,0.07902294,0.9115138,CRITICAL
2146,0.011657635,0.025343988,0.9629984,CRITICAL
2147,0.061109476,0.018288916,0.92060167,CRITICAL
2148,0.0249373,0.006711648,0.96835107,CRITICAL
2149,0.0138778165,0.0031999196,0.9829223,CRITICAL
2150,0.01032831,0.0021034332,0.98756826,CRITICAL
2151,0.015554926,0.9807021,0.0037429447,WARNING
2152,0.074655674,0.88179255,0.04355176,CRITICAL
2153,0.023706544,0.26504517,0.7112483,CRITICAL
2154,0.008685252,0.08006903,0.91124576,CRITICAL
2155,0.0055965884,0.02466592,0.9697375,CRITICAL
2156,0.0078439405,0.008543233,0.98361284,CRITICAL
2157,0.009641633,0.003914808,0.9864435,CRITICAL
2158,0.013860725,0.0032087944,0.9829304,CRITICAL
2159,0.010762675,0.0021876113,0.9870497,CRITICAL
2160,0.0006952061,0.00068050757,0.9986243,CRITICAL
2161,0.0006952061,0.00068050757,0.9986243,CRITICAL
2162,0.0006952061,0.00068050757,0.9986243,CRITICAL
2163,0.0006952061,0.00068050757,0.9986243,CRITICAL
2164,0.0006952061,0.00068050757,0.9986243,CRITICAL
2165,0.0006952061,0.00068050757,0.9986243,CRITICAL
2166,0.0006952061,0.00068050757,0.9986243,CRITICAL
2167,0.0006952061,0.00068050757,0.9986243,CRITICAL
2168,0.0006952061,0.00068050757,0.9986243,CRITICAL
2169,0.0006952061,0.00068050757,0.9986243,CRITICAL
2170,0.0006952061,0.00068050757,0.9986243,CRITICAL
2171,0.0006952061,0.00068050757,0.9986243,CRITICAL
2172,0.0006952061,0.00068050757,0.9986243,CRITICAL
2173,0.0006952061,0.00068050757,0.9986243,CRITICAL
2174,0.0006952061,0.00068050757,0.9986243,CRITICAL
2175,0.0006952061,0.00068050757,0.9986243,CRITICAL
2176,0.0006952061,0.00068050757,0.9986243,CRITICAL
2177,0.0006952061,0.00068050757,0.9986243,CRITICAL
2178,0.99706835,0.0013917984,0.001539827,NORMAL
2179,0.9970629,0.0013796878,0.001557345,NORMAL
2180,0.9970457,0.0014091949,0.00154505,NORMAL
2181,0.99707365,0.0013849309,0.0015414124,NORMAL
2182,0.9967364,0.0015811062,0.0016824926,NORMAL
2183,0.9968102,0.0015162497,0.0016735962,NORMAL
2184,0.9969147,0.0014742991,0.0016110209,NORMAL
2185,0.9970156,0.0014232707,0.0015611749,NORMAL
2186,0.9970141,0.0014222449,0.0015636976,NORMAL
2187,0.99705803,0.0014022264,0.001539811,NORMAL
2188,0.9970598,0.0013828161,0.0015573403,NORMAL
2189,0.9970274,0.0014101085,0.0015625472,NORMAL
2190,0.9969193,0.0014618563,0.0016189476,NORMAL
2191,0.9970062,0.0014127914,0.0015810623,NORMAL
2192,0.9970021,0.0014457079,0.0015521242,NORMAL
2193,0.9970463,0.0014101588,0.0015435128,NORMAL
2194,0.9970739,0.0013852201,0.0015409513,NORMAL
2195,0.99701154,0.0014350162,0.001553512,NORMAL
2196,0.99646324,0.0018226535,0.0017141639,NORMAL
2197,0.9970107,0.0014042519,0.0015850605,NORMAL
2198,0.9970895,0.0013494708,0.0015609948,NORMAL
2199,0.9971986,0.0012622972,0.0015391097,NORMAL
2200,0.9972198,0.0012476053,0.0015325268,NORMAL
2201,0.9969647,0.0014112976,0.0016239488,NORMAL
2202,0.99714965,0.0012923054,0.0015579785,NORMAL
2203,0.9972166,0.0012451474,0.0015382048,NORMAL
2204,0.99722254,0.0012451236,0.0015322512,NORMAL
2205,0.9971746,0.0012957703,0.0015296221,NORMAL
2206,0.9966965,0.0016447109,0.0016588354,NORMAL
2207,0.9969567,0.0014602599,0.0015830672,NORMAL
2208,0.9966481,0.0016770592,0.0016748981,NORMAL
2209,0.9969466,0.0014502397,0.0016032413,NORMAL
2210,0.99712026,0.001312941,0.0015668711,NORMAL
2211,0.9972078,0.0012513382,0.0015408726,NORMAL
2212,0.9972341,0.0012328574,0.0015330731,NORMAL
2213,0.9967537,0.0015864079,0.0016599384,NORMAL
2214,0.9970626,0.001333981,0.0016033739,NORMAL
2215,0.9970913,0.0013209388,0.0015876982,NORMAL
2216,0.99701947,0.0013535616,0.0016269087,NORMAL
2217,0.9970505,0.0013394766,0.0016099793,NORMAL
2218,0.9970877,0.0013225875,0.0015896799,NORMAL
2219,0.99709886,0.0013175207,0.00158359,NORMAL
2220,0.9971022,0.0013160007,0.0015817632,NORMAL
2221,0.9971032,0.0013155447,0.0015812151,NORMAL
2222,0.9970756,0.0013280716,0.0015962712,NORMAL
2223,0.9970626,0.001333981,0.0016033739,NORMAL
2224,0.9970479,0.0013406387,0.001611376,NORMAL
2225,0.9970869,0.001322936,0.0015900988,NORMAL
2226,0.9963706,0.0016482525,0.0019811122,NORMAL
2227,0.99684906,0.001430993,0.0017199772,NORMAL
2228,0.9970273,0.0013500424,0.0016226793,NORMAL
2229,0.99704605,0.0013415299,0.0016124473,NORMAL
2230,0.9970864,0.0013232034,0.0015904203,NORMAL
2231,0.9970201,0.0013533277,0.0016266275,NORMAL
2232,0.0010143616,0.99732447,0.0016611781,WARNING
2233,0.001014374,0.9973366,0.0016490151,WARNING
2234,0.0011016552,0.9972531,0.0016452225,WARNING
2235,0.0012016834,0.99715436,0.0016439634,WARNING
2236,0.0012316918,0.9971248,0.0016435855,WARNING
2237,0.0012406943,0.99711585,0.0016434722,WARNING
2238,0.001243395,0.9971132,0.0016434382,WARNING
2239,0.0012442053,0.9971124,0.0016434281,WARNING
2240,0.0012444484,0.99711215,0.001643425,WARNING
2241,0.0010143616,0.99732447,0.0016611781,WARNING
2242,0.001014374,0.9973366,0.0016490151,WARNING
2243,0.0011234692,0.99723136,0.0016451867,WARNING
2244,0.0012082276,0.99714786,0.0016439526,WARNING
2245,0.001233655,0.99712276,0.0016435822,WARNING
2246,0.0012412833,0.99711525,0.0016434712,WARNING
2247,0.0012435718,0.997113,0.0016434379,WARNING
2248,0.0012442584,0.99711233,0.0016434279,WARNING
2249,0.007326627,0.99103993,0.0016334166,WARNING
2250,0.99675554,0.0015539966,0.0016904563,NORMAL
2251,0.99696714,0.0014479238,0.0015850044,NORMAL
2252,0.99683356,0.0015047595,0.0016617135,NORMAL
2253,0.99699795,0.0014256868,0.0015763929,NORMAL
2254,0.9968182,0.0015270221,0.0016548076,NORMAL
2255,0.9969859,0.0014398315,0.0015743098,NORMAL
2256,0.9970436,0.0014062084,0.0015501718,NORMAL
2257,0.99703115,0.0014098675,0.001558968,NORMAL
2258,0.99695635,0.0014465053,0.0015971367,NORMAL
2259,0.9970216,0.0014386105,0.0015397548,NORMAL
2260,0.99698794,0.0014409857,0.0015710237,NORMAL
2261,0.996951,0.0014482293,0.0016007656,NORMAL
2262,0.9970217,0.0014202193,0.0015580909,NORMAL
2263,0.9970665,0.0013882383,0.0015453248,NORMAL
2264,0.99702257,0.0014360528,0.0015414065,NORMAL
2265,0.99665827,0.0015978945,0.0017437958,NORMAL
2266,0.99674094,0.0015497507,0.001709351,NORMAL
2267,0.9969635,0.0014459061,0.0015906739,NORMAL
2268,0.30152816,0.67807364,0.020398144,NORMAL
2269,0.09136596,0.9011545,0.007479584,WARNING
2270,0.028220206,0.9683213,0.0034584927,WARNING
2271,0.009468496,0.9879916,0.0025399541,WARNING
2272,0.0035839404,0.99453986,0.001876151,WARNING
2273,0.0018173254,0.9964894,0.0016932245,WARNING
2274,0.0013627401,0.9970349,0.0016022965,WARNING
2275,0.0015554416,0.9964384,0.0020061014,WARNING
2276,0.0019172727,0.99643946,0.0016432268,WARNING
2277,0.0017793347,0.9958597,0.0023610399,WARNING
2278,0.001570853,0.9963231,0.0021060484,WARNING
2279,0.0013752901,0.9966711,0.0019536172,WARNING
2280,0.0011081774,0.9972632,0.0016286073,WARNING
2281,0.001190541,0.99704194,0.0017675144,WARNING
2282,0.0011451372,0.9972707,0.0015842088,WARNING
2283,0.001142638,0.99719733,0.0016600336,WARNING
2284,0.0012166374,0.9971231,0.0016601534,WARNING
2285,0.0012588568,0.9970434,0.0016977071,WARNING
2286,0.0010143616,0.99732447,0.0016611781,WARNING
2287,0.0010143616,0.99732447,0.0016611782,WARNING
2288,0.0022528474,0.303321,0.6944262,CRITICAL
2289,0.0011598349,0.09148508,0.90735507,CRITICAL
2290,0.0010384882,0.027939687,0.97102183,CRITICAL
2291,0.0014764334,0.009340544,0.98918307,CRITICAL
2292,0.0016275025,0.0037770025,0.9945955,CRITICAL
2293,0.001661107,0.0020982977,0.9962406,CRITICAL
2294,0.0016711883,0.0015946861,0.99673414,CRITICAL
2295,0.0010143616,0.99732447,0.0016611781,WARNING
2296,0.0010143297,0.9972931,0.001692553,WARNING
2297,0.002110632,0.30273286,0.6951565,CRITICAL
2298,0.0011171701,0.09130864,0.9075742,CRITICAL
2299,0.0009392209,0.027886814,0.971174,CRITICAL
2300,0.0015051164,0.009372796,0.98912215,CRITICAL
2301,0.0017087033,0.00384642,0.99444485,CRITICAL
2302,0.0016967253,0.0021283876,0.9961749,CRITICAL
2303,0.0016739045,0.0015971547,0.996729,CRITICAL
2304,0.9970049,0.0014323739,0.0015627051,NORMAL
2305,0.997005,0.0014323739,0.0015627051,NORMAL
2306,0.9969758,0.0014642847,0.0015600146,NORMAL
2307,0.99703836,0.0014157319,0.0015458799,NORMAL
2308,0.9970572,0.001401166,0.0015416394,NORMAL
2309,0.9969088,0.0014993123,0.0015918486,NORMAL
2310,0.9968492,0.0015043664,0.0016463817,NORMAL
2311,0.99695826,0.0014539716,0.0015878081,NORMAL
2312,0.9969708,0.0014345259,0.0015947514,NORMAL
2313,0.9969632,0.001477961,0.0015588613,NORMAL
2314,0.9970224,0.0014321012,0.0015455149,NORMAL
2315,0.9970449,0.0014135595,0.0015415185,NORMAL
2316,0.99697995,0.0014484447,0.0015715291,NORMAL
2317,0.9969833,0.0014539836,0.0015626854,NORMAL
2318,0.99702835,0.0014249079,0.0015466622,NORMAL
2319,0.99675906,0.0015697089,0.0016712362,NORMAL
2320,0.99675125,0.0015639951,0.0016848312,NORMAL
2321,0.9969467,0.0014572543,0.0015961401,NORMAL
2322,0.99689376,0.0014610473,0.0016452128,NORMAL
2323,0.9959401,0.0021295405,0.0019303558,NORMAL
2324,0.99537903,0.002236386,0.0023845998,NORMAL
2325,0.9949409,0.0023967721,0.0026623076,NORMAL
2326,0.9947139,0.00260435,0.0026816693,NORMAL
2327,0.99513406,0.0023343922,0.0025315017,NORMAL
2328,0.99618363,0.0017737148,0.0020426295,NORMAL
2329,0.99649847,0.0016055116,0.0018959679,NORMAL
2330,0.9959891,0.0020043273,0.0020065592,NORMAL
2331,0.99597967,0.002018017,0.002002326,NORMAL
2332,0.99647087,0.0016997966,0.0018293002,NORMAL
2333,0.99670255,0.0015358052,0.0017616018,NORMAL
2334,0.9956652,0.002177318,0.0021575182,NORMAL
2335,0.9961504,0.0018086118,0.0020410134,NORMAL
2336,0.9962151,0.0017405299,0.0020443741,NORMAL
2337,0.9964652,0.0016207336,0.0019141232,NORMAL
2338,0.9960681,0.0019392625,0.0019925884,NORMAL
2339,0.9964314,0.0016699415,0.0018986068,NORMAL
2340,0.0008087945,0.0006788588,0.9985123,CRITICAL
2341,0.0008087945,0.0006788588,0.9985124,CRITICAL
2342,0.0008087945,0.0006788588,0.9985124,CRITICAL
2343,0.0008087945,0.0006788588,0.9985124,CRITICAL
2344,0.0008087945,0.0006788588,0.9985124,CRITICAL
2345,0.0008087945,0.0006788588,0.9985124,CRITICAL
2346,0.0008087945,0.0006788588,0.9985124,CRITICAL
2347,0.0008087945,0.0006788588,0.9985124,CRITICAL
2348,0.00078351836,0.000678876,0.99853766,CRITICAL
2349,0.0008087945,0.0006788588,0.9985123,CRITICAL
2350,0.0008087945,0.0006788588,0.9985124,CRITICAL
2351,0.0008087945,0.0006788588,0.9985124,CRITICAL
2352,0.0008087945,0.0006788588,0.9985124,CRITICAL
2353,0.0008087945,0.0006788588,0.9985124,CRITICAL
2354,0.0008087945,0.0006788588,0.9985124,CRITICAL
2355,0.0008087945,0.0006788588,0.9985124,CRITICAL
2356,0.0008087945,0.0006788588,0.9985124,CRITICAL
2357,0.00078351836,0.000678876,0.99853766,CRITICAL
2358,0.99706525,0.0013949234,0.0015398222,NORMAL
2359,0.99699384,0.0014530497,0.0015531497,NORMAL
2360,0.99700165,0.0014385766,0.0015598384,NORMAL
2361,0.9970462,0.0014080193,0.001545827,NORMAL
2362,0.9970096,0.0014327507,0.0015576296,NORMAL
2363,0.9970336,0.0014212177,0.0015451413,NORMAL
2364,0.9970442,0.0014143289,0.0015414001,NORMAL
2365,0.99702543,0.0014343524,0.0015402439,NORMAL
2366,0.99705327,0.001406752,0.0015399486,NORMAL
2367,0.99699926,0.001461059,0.0015397202,NORMAL
2368,0.99700326,0.0014409793,0.0015558096,NORMAL
2369,0.9970392,0.0014162229,0.0015446069,NORMAL
2370,0.99698603,0.0014594395,0.0015545851,NORMAL
2371,0.99704146,0.0014142783,0.001544251,NORMAL
2372,0.99693453,0.001494769,0.0015706787,NORMAL
2373,0.997026,0.0014248771,0.0015490791,NORMAL
2374,0.9970535,0.0014039095,0.0015425992,NORMAL
2375,0.99700177,0.001423809,0.0015744315,NORMAL
2376,0.0021842055,0.0010023448,0.9968135,CRITICAL
2377,0.0014872771,0.000924355,0.9975884,CRITICAL
2378,0.0010152445,0.0007872748,0.9981975,CRITICAL
2379,0.0008256504,0.00071542565,0.99845886,CRITICAL
2380,0.0006858862,0.0006786757,0.9986354,CRITICAL
2381,0.0023178656,0.0018309074,0.9958512,CRITICAL
2382,0.002633531,0.0020425706,0.9953239,CRITICAL
2383,0.002716052,0.0020966865,0.9951873,CRITICAL
2384,0.002870386,0.0022618542,0.9948678,CRITICAL
2385,0.0019392814,0.00093115383,0.9971296,CRITICAL
2386,0.0014676945,0.00075314374,0.9977792,CRITICAL
2387,0.0010093697,0.0007359114,0.9982548,CRITICAL
2388,0.0008718723,0.00073074177,0.9983974,CRITICAL
2389,0.00069975277,0.00068327057,0.998617,CRITICAL
2390,0.002309322,0.001822498,0.9958682,CRITICAL
2391,0.0027284927,0.0021446624,0.99512684,CRITICAL
2392,0.0029992482,0.002323558,0.9946772,CRITICAL
2393,0.0029868688,0.002331959,0.9946811,CRITICAL
2394,0.9970222,0.001352327,0.0016254254,NORMAL
2395,0.99662757,0.0015316022,0.0018409041,NORMAL
2396,0.9969608,0.0013802252,0.0016589573,NORMAL
2397,0.9970608,0.001334812,0.0016043733,NORMAL
2398,0.99703383,0.0013470724,0.0016191098,NORMAL
2399,0.9970827,0.0013248662,0.001592419,NORMAL
2400,0.9970404,0.0013440887,0.0016155235,NORMAL
2401,0.997048,0.0013406381,0.0016113757,NORMAL
2402,0.9970582,0.0013359782,0.0016057745,NORMAL
2403,0.9968957,0.001409784,0.0016944848,NORMAL
2404,0.9970046,0.0013603467,0.0016350641,NORMAL
2405,0.9970089,0.0013584079,0.0016327342,NORMAL
2406,0.9970752,0.0013282668,0.0015965063,NORMAL
2407,0.9970615,0.0013191802,0.0016193104,NORMAL
2408,0.9970563,0.0013322713,0.0016114366,NORMAL
2409,0.99708945,0.0013204259,0.0015901171,NORMAL
2410,0.9970994,0.0013168722,0.0015837213,NORMAL
2411,0.9970745,0.0013284697,0.0015970231,NORMAL
2412,0.0021048253,0.99602437,0.0018708372,WARNING
2413,0.0019548591,0.99630123,0.001743924,WARNING
2414,0.051538136,0.9419061,0.006555788,WARNING
2415,0.016804297,0.98002887,0.003166785,WARNING
2416,0.0063647004,0.9915026,0.0021327082,WARNING
2417,0.0032328216,0.9949447,0.0018224854,WARNING
2418,0.037310645,0.9572365,0.005452857,WARNING
2419,0.012516605,0.9846649,0.00281853,WARNING
2420,0.005078393,0.9928934,0.0020282317,WARNING
2421,0.0018889166,0.9964216,0.0016895353,WARNING
2422,0.0018900863,0.9964204,0.0016895335,WARNING
2423,0.0018904372,0.99642,0.0016895329,WARNING
2424,0.0018905426,0.9964199,0.0016895328,WARNING
2425,0.0018905741,0.9964199,0.0016895327,WARNING
2426,0.0035407634,0.99451756,0.001941707,WARNING
2427,0.0023856405,0.9958492,0.0017651849,WARNING
2428,0.0020391035,0.9962487,0.0017122283,WARNING
2429,0.0019351424,0.9963685,0.0016963413,WARNING
2430,0.99214023,0.0037562738,0.0041034785,NORMAL
2431,0.2988414,0.69762707,0.003531641,NORMAL
2432,0.090558745,0.90687156,0.0025697192,WARNING
2433,0.027992206,0.97013015,0.0018775905,WARNING
2434,0.009241202,0.98908156,0.0016772824,WARNING
2435,0.0039326027,0.9940319,0.0020354362,WARNING
2436,0.002023321,0.99625206,0.0017246362,WARNING
2437,0.0015039949,0.996794,0.0017019961,WARNING
2438,0.0015760388,0.9964278,0.0019960983,WARNING
2439,0.9920677,0.003751095,0.0041812104,NORMAL
2440,0.29870868,0.69794923,0.003342134,NORMAL
2441,0.090572245,0.90682614,0.0026017101,WARNING
2442,0.028188154,0.9696889,0.0021229086,WARNING
2443,0.009299986,0.9889492,0.0017508778,WARNING
2444,0.0036145775,0.9947535,0.0016319382,WARNING
2445,0.0021008528,0.99606717,0.0018319769,WARNING
2446,0.0014195619,0.9969884,0.0015919756,WARNING
2447,0.001442348,0.9967376,0.0018199881,WARNING
2448,0.0008181949,0.0006967236,0.99848515,CRITICAL
2449,0.00081819494,0.0006967236,0.9984852,CRITICAL
2450,0.00081819494,0.0006967236,0.9984852,CRITICAL
2451,0.00081819494,0.0006967236,0.9984852,CRITICAL
2452,0.00079788285,0.0006794269,0.99852276,CRITICAL
2453,0.0007917892,0.0006742379,0.998534,CRITICAL
2454,0.00078996114,0.0006726812,0.9985374,CRITICAL
2455,0.0007894127,0.0006722142,0.9985384,CRITICAL
2456,0.00078924815,0.0006720741,0.99853873,CRITICAL
2457,0.0008181949,0.0006967236,0.99848515,CRITICAL
2458,0.00081819494,0.0006967236,0.9984852,CRITICAL
2459,0.00081819494,0.0006967236,0.9984852,CRITICAL
2460,0.00081819494,0.0006967236,0.9984852,CRITICAL
2461,0.00079788285,0.0006794269,0.99852276,CRITICAL
2462,0.0007917892,0.0006742379,0.998534,CRITICAL
2463,0.00078996114,0.0006726812,0.9985374,CRITICAL
2464,0.0007894127,0.0006722142,0.9985384,CRITICAL
2465,0.00078924815,0.0006720741,0.99853873,CRITICAL
2466,0.99494225,0.0022490786,0.0028087047,NORMAL
2467,0.99473226,0.0025575624,0.0027101769,NORMAL
2468,0.9948826,0.0024982826,0.0026191277,NORMAL
2469,0.9958521,0.0019112683,0.0022366028,NORMAL
2470,0.9951888,0.0023638844,0.0024473586,NORMAL
2471,0.9948667,0.002540779,0.002592563,NORMAL
2472,0.9959984,0.0018680374,0.0021335236,NORMAL
2473,0.9960016,0.0019535339,0.0020448493,NORMAL
2474,0.9964831,0.0016325447,0.0018843038,NORMAL
2475,0.9971577,0.0012639314,0.0015784284,NORMAL
2476,0.9971217,0.0012846928,0.0015936216,NORMAL
2477,0.9961237,0.0017251464,0.0021511842,NORMAL
2478,0.99515855,0.0023471834,0.0024943002,NORMAL
2479,0.9953608,0.002135734,0.002503457,NORMAL
2480,0.9962069,0.001771342,0.0020217332,NORMAL
2481,0.9964106,0.0016946051,0.0018947463,NORMAL
2482,0.99661577,0.0015449477,0.0018392908,NORMAL
2483,0.9966773,0.0015000504,0.0018226542,NORMAL
2484,0.9972224,0.0012478655,0.0015296955,NORMAL
2485,0.9967896,0.0015677668,0.0016426351,NORMAL
2486,0.9971005,0.0013359926,0.0015635893,NORMAL
2487,0.9968117,0.0015354233,0.0016529028,NORMAL
2488,0.9970895,0.001343877,0.0015666429,NORMAL
2489,0.99718124,0.00127804,0.0015407776,NORMAL
2490,0.9971012,0.0013329731,0.0015658401,NORMAL
2491,0.99719393,0.0012655546,0.0015405508,NORMAL
2492,0.9971999,0.001267182,0.0015329306,NORMAL
2493,0.99716634,0.0012823744,0.0015512396,NORMAL
2494,0.9971305,0.0013186667,0.0015508395,NORMAL
2495,0.99720275,0.0012612627,0.0015360507,NORMAL
2496,0.9969565,0.0013902171,0.0016532403,NORMAL
2497,0.9969348,0.0013740823,0.001691118,NORMAL
2498,0.99709946,0.0013224476,0.0015780659,NORMAL
2499,0.9969164,0.0014177389,0.0016658292,NORMAL
2500,0.9971389,0.0012905465,0.0015705484,NORMAL
2501,0.9963378,0.0018510533,0.0018111302,NORMAL
2502,0.0014008662,0.9968111,0.0017880122,WARNING
2503,0.0013553903,0.9968952,0.0017493751,WARNING
2504,0.0014983652,0.99658334,0.0019182777,WARNING
2505,0.0011523308,0.30011207,0.69873554,CRITICAL
2506,0.001017917,0.09059072,0.9083913,CRITICAL
2507,0.00085967116,0.027636595,0.97150373,CRITICAL
2508,0.00081219745,0.008750356,0.9904375,CRITICAL
2509,0.000915877,0.0031822121,0.99590194,CRITICAL
2510,0.001234875,0.0015608391,0.9972043,CRITICAL
2511,0.0013108334,0.9970161,0.001673097,WARNING
2512,0.0014642066,0.9966669,0.0018688575,WARNING
2513,0.0013464886,0.99693483,0.0017186063,WARNING
2514,0.0011167651,0.3002539,0.69862926,CRITICAL
2515,0.00088932563,0.09053555,0.9085751,CRITICAL
2516,0.0009390154,0.027717773,0.97134316,CRITICAL
2517,0.00084154884,0.008779307,0.9903791,CRITICAL
2518,0.00080676074,0.0030931688,0.99610007,CRITICAL
2519,0.0011164392,0.0015036149,0.99737996,CRITICAL
2520,0.9969488,0.0013857263,0.0016655696,NORMAL
2521,0.99678934,0.0014581247,0.0017525887,NORMAL
2522,0.9969009,0.0014074459,0.0016916754,NORMAL
2523,0.99704283,0.0013429782,0.0016141888,NORMAL
2524,0.9970854,0.0013236379,0.0015909427,NORMAL
2525,0.9970982,0.0013178359,0.0015839689,NORMAL
2526,0.9970636,0.0013335868,0.0016029007,NORMAL
2527,0.99706197,0.0013343047,0.001603763,NORMAL
2528,0.9970912,0.0013210359,0.001587815,NORMAL
2529,0.9969939,0.0013651724,0.0016408651,NORMAL
2530,0.9970707,0.0013302962,0.0015989456,NORMAL
2531,0.9970938,0.0013198333,0.0015863697,NORMAL
2532,0.9971007,0.0013166944,0.001582597,NORMAL
2533,0.99700284,0.0013611119,0.0016359838,NORMAL
2534,0.99703497,0.0013465695,0.0016185052,NORMAL
2535,0.99708307,0.0013247153,0.0015922376,NORMAL
2536,0.9970975,0.001318159,0.0015843573,NORMAL
2537,0.9971018,0.0013161922,0.0015819933,NORMAL
2538,0.0006793566,0.0006496062,0.99867105,CRITICAL
2539,0.0006793566,0.0006496062,0.99867105,CRITICAL
2540,0.0006793566,0.0006496062,0.99867105,CRITICAL
2541,0.0006793566,0.0006496062,0.99867105,CRITICAL
2542,0.00078054005,0.00074635865,0.9984731,CRITICAL
2543,0.0007097117,0.00067863194,0.9986117,CRITICAL
2544,0.000720392,0.00068884436,0.9985907,CRITICAL
2545,0.00069166726,0.0006613777,0.998647,CRITICAL
2546,0.0006830498,0.0006531377,0.99866384,CRITICAL
2547,0.0006793566,0.0006496062,0.99867105,CRITICAL
2548,0.0007112855,0.00068013667,0.9986085,CRITICAL
2549,0.0006889353,0.0006587654,0.99865234,CRITICAL
2550,0.0006822302,0.000652354,0.99866545,CRITICAL
2551,0.0006802187,0.00065043056,0.9986694,CRITICAL
2552,0.00067961524,0.00064985355,0.9986706,CRITICAL
2553,0.0006794342,0.00064968044,0.99867094,CRITICAL
2554,0.0006793799,0.0006496285,0.99867105,CRITICAL
2555,0.0006793636,0.0006496129,0.99867105,CRITICAL
2556,0.0007206248,0.00069679157,0.9985826,CRITICAL
2557,0.0007462135,0.00070117717,0.9985526,CRITICAL
2558,0.00073509145,0.0006850383,0.9985798,CRITICAL
2559,0.0007317549,0.00068019656,0.99858797,CRITICAL
2560,0.0007307539,0.00067874405,0.9985904,CRITICAL
2561,0.0007304536,0.0006783083,0.9985912,CRITICAL
2562,0.0007303635,0.0006781776,0.99859136,CRITICAL
2563,0.00073033647,0.0006781384,0.9985914,CRITICAL
2564,0.0007303284,0.00067812664,0.9985914,CRITICAL
2565,0.00075718004,0.00070305675,0.9985398,CRITICAL
2566,0.00075718004,0.00070305675,0.9985398,CRITICAL
2567,0.0007383814,0.00068560214,0.9985759,CRITICAL
2568,0.00073274184,0.0006803658,0.9985868,CRITICAL
2569,0.00073105,0.00067879487,0.99859005,CRITICAL
2570,0.0007305424,0.00067832356,0.99859107,CRITICAL
2571,0.00073039014,0.0006781822,0.9985913,CRITICAL
2572,0.00073034444,0.00067813974,0.9985914,CRITICAL
2573,0.00073033076,0.00067812705,0.9985914,CRITICAL
2574,0.9971003,0.0012894216,0.0016102622,NORMAL
2575,0.9970584,0.0013472039,0.001594478,NORMAL
2576,0.99710405,0.0013061028,0.0015898357,NORMAL
2577,0.99698853,0.0013827891,0.0016286701,NORMAL
2578,0.99705064,0.0013246348,0.0016247787,NORMAL
2579,0.9964634,0.0017761509,0.0017604887,NORMAL
2580,0.9968763,0.0014594255,0.001664297,NORMAL
2581,0.99701697,0.0013476257,0.0016354668,NORMAL
2582,0.99705917,0.0013140858,0.0016268177,NORMAL
2583,0.99689627,0.0014943477,0.0016094222,NORMAL
2584,0.9969567,0.0014337174,0.0016095198,NORMAL
2585,0.99708545,0.0013201616,0.0015943672,NORMAL
2586,0.99707973,0.0013058466,0.0016144878,NORMAL
2587,0.997078,0.001301552,0.0016205241,NORMAL
2588,0.99706244,0.0013152481,0.0016223105,NORMAL
2589,0.99695784,0.00140381,0.0016383824,NORMAL
2590,0.9969801,0.0013762622,0.0016436579,NORMAL
2591,0.99700403,0.001350699,0.0016452689,NORMAL
2592,0.0060834666,0.9824034,0.011513133,WARNING
2593,0.002602339,0.99243,0.004967736,WARNING
2594,0.0017766693,0.9953369,0.0028865281,WARNING
2595,0.001601115,0.9960356,0.002363305,WARNING
2596,0.0015484487,0.99624515,0.002206338,WARNING
2597,0.0015328255,0.9964235,0.0020436542,WARNING
2598,0.0015279618,0.99636155,0.0021104428,WARNING
2599,0.0015265028,0.99634296,0.0021304796,WARNING
2600,0.0014539184,0.99651074,0.002035351,WARNING
2601,0.0015866895,0.9954105,0.003002855,WARNING
2602,0.0012007832,0.9964869,0.0023123643,WARNING
2603,0.0014283492,0.99638057,0.0021910558,WARNING
2604,0.00142452,0.9965555,0.0020199828,WARNING
2605,0.0014954702,0.9964012,0.0021033413,WARNING
2606,0.0015167552,0.9963548,0.002128349,WARNING
2607,0.0017069269,0.99615765,0.0021354577,WARNING
2608,0.0015801922,0.9962818,0.002137984,WARNING
2609,0.0014700252,0.9964924,0.0020376025,WARNING
2610,0.0010142657,0.99723023,0.0017554616,WARNING
2611,0.0017108206,0.30077308,0.69751614,CRITICAL
2612,0.0009912461,0.09071466,0.90829414,CRITICAL
2613,0.00077537366,0.027697138,0.9715276,CRITICAL
2614,0.00071061193,0.008791881,0.9904976,CRITICAL
2615,0.00069118344,0.0031203027,0.9961886,CRITICAL
2616,0.00068535487,0.0014188294,0.99789584,CRITICAL
2617,0.0006836063,0.00090838736,0.9984081,CRITICAL
2618,0.00068308174,0.00075525476,0.99856174,CRITICAL
2619,0.0010249827,0.99720097,0.0017740116,WARNING
2620,0.0017309972,0.30078363,0.6974854,CRITICAL
2621,0.000997299,0.09071783,0.9082849,CRITICAL
2622,0.0007771895,0.027698088,0.9715248,CRITICAL
2623,0.0007111567,0.008792166,0.99049675,CRITICAL
2624,0.0006913468,0.0031203884,0.9961883,CRITICAL
2625,0.0006854039,0.001418855,0.9978958,CRITICAL
2626,0.000683621,0.00090839504,0.998408,CRITICAL
2627,0.0006830861,0.0007552571,0.99856174,CRITICAL
2628,0.0006793566,0.0006496062,0.99867105,CRITICAL
2629,0.0006793566,0.0006496062,0.99867105,CRITICAL
2630,0.0008192512,0.00078337395,0.9983974,CRITICAL
2631,0.0007532538,0.00072026695,0.99852645,CRITICAL
2632,0.0013745573,0.0012195001,0.9974059,CRITICAL
2633,0.0015609787,0.0013507872,0.9970882,CRITICAL
2634,0.0016451048,0.0014143545,0.9969405,CRITICAL
2635,0.048599984,0.025005164,0.9263948,CRITICAL
2636,0.018528093,0.009436305,0.9720356,CRITICAL
2637,0.0006793566,0.0006496062,0.99867105,CRITICAL
2638,0.0006793566,0.0006496062,0.99867105,CRITICAL
2639,0.0008192512,0.00078337395,0.9983974,CRITICAL
2640,0.0008612196,0.0008235043,0.99831533,CRITICAL
2641,0.0014069774,0.0012319884,0.99736106,CRITICAL
2642,0.0016473003,0.0014399583,0.9969128,CRITICAL
2643,0.0018240707,0.0015254789,0.99665046,CRITICAL
2644,0.0017343147,0.0014947087,0.9967709,CRITICAL
2645,0.0016727941,0.0014873849,0.9968399,CRITICAL
2646,0.9970222,0.001352327,0.0016254254,NORMAL
2647,0.9968327,0.0014384266,0.0017289119,NORMAL
2648,0.9968827,0.0014157168,0.0017016159,NORMAL
2649,0.99697876,0.001372076,0.0016491619,NORMAL
2650,0.9969264,0.0013958509,0.0016777386,NORMAL
2651,0.99697,0.0013760352,0.0016539209,NORMAL
2652,0.9969976,0.0013634993,0.0016388539,NORMAL
2653,0.9970068,0.0013593537,0.0016338711,NORMAL
2654,0.9970176,0.001354435,0.0016279591,NORMAL
2655,0.9969913,0.0013663971,0.001642337,NORMAL
2656,0.99706995,0.0013306636,0.0015993873,NORMAL
2657,0.9969233,0.0013972601,0.0016794322,NORMAL
2658,0.9969615,0.0013799567,0.0016586343,NORMAL
2659,0.997061,0.0013347315,0.0016042764,NORMAL
2660,0.9970621,0.0013342062,0.0016036447,NORMAL
2661,0.9970252,0.0013509507,0.001623771,NORMAL
2662,0.99699306,0.0013655534,0.0016413223,NORMAL
2663,0.9968846,0.0013902095,0.001725185,NORMAL
2664,0.9970522,0.0013753152,0.0015724961,NORMAL
2665,0.9967424,0.0016020674,0.0016554819,NORMAL
2666,0.99692214,0.0014327092,0.0016451322,NORMAL
2667,0.997043,0.0013515647,0.0016054322,NORMAL
2668,0.9969185,0.001407332,0.0016741985,NORMAL
2669,0.9969287,0.001425225,0.0016461448,NORMAL
2670,0.997015,0.0013792804,0.0016056885,NORMAL
2671,0.9971191,0.0013136596,0.0015672101,NORMAL
2672,0.997117,0.0013009142,0.0015820795,NORMAL
2673,0.9972228,0.001247534,0.001529696,NORMAL
2674,0.9972084,0.0012619176,0.0015296739,NORMAL
2675,0.99712586,0.0013297567,0.0015443431,NORMAL
2676,0.99677944,0.0015735007,0.0016470613,NORMAL
2677,0.99707544,0.0013597077,0.0015648835,NORMAL
2678,0.9971557,0.0013040656,0.0015402172,NORMAL
2679,0.9970851,0.0013256574,0.0015892606,NORMAL
2680,0.9965763,0.0016996012,0.0017241299,NORMAL
2681,0.9967039,0.0015699317,0.0017261591,NORMAL
2682,0.00092236465,0.00093150866,0.9981462,CRITICAL
2683,0.0017986444,0.0014426518,0.9967587,CRITICAL
2684,0.002023392,0.0015668477,0.99640983,CRITICAL
2685,0.0020908162,0.0016041064,0.99630517,CRITICAL
2686,0.0021110435,0.001615284,0.99627376,CRITICAL
2687,0.002069104,0.0015819574,0.996349,CRITICAL
2688,0.002056522,0.0015719596,0.99637157,CRITICAL
2689,0.0019620822,0.0014997427,0.9965383,CRITICAL
2690,0.001862437,0.0014430527,0.99669456,CRITICAL
2691,0.00092236465,0.00093150866,0.9981462,CRITICAL
2692,0.0016134324,0.0013010962,0.99708545,CRITICAL
2693,0.0018207527,0.0014119723,0.9967673,CRITICAL
2694,0.0020300245,0.0015576438,0.9964124,CRITICAL
2695,0.0019585574,0.0014987402,0.9965427,CRITICAL
2696,0.0022906275,0.0017512535,0.9959581,CRITICAL
2697,0.002170987,0.0016594281,0.9961697,CRITICAL
2698,0.0021350947,0.0016318805,0.9962331,CRITICAL
2699,0.0019772514,0.0015112078,0.9965116,CRITICAL
2700,0.95545596,0.040808827,0.0037351765,NORMAL
2701,0.95434844,0.042317457,0.0033341204,NORMAL
2702,0.97571397,0.014098654,0.010187348,NORMAL
2703,0.976977,0.005622535,0.017400505,CRITICAL
2704,0.97735584,0.0030796994,0.019564454,CRITICAL
2705,0.98160845,0.0023630026,0.016028583,NORMAL
2706,0.98285854,0.0022052068,0.014936256,NORMAL
2707,0.9825749,0.0021855633,0.015239528,NORMAL
2708,0.98243284,0.002174424,0.015392715,NORMAL
2709,0.9744042,0.023625016,0.001970782,NORMAL
2710,0.591731,0.38021478,0.028054167,CRITICAL
2711,0.86269957,0.11606194,0.021238476,CRITICAL
2712,0.94752026,0.036365528,0.016114222,NORMAL
2713,0.97366554,0.012313074,0.01402138,NORMAL
2714,0.9797772,0.0052801343,0.014942618,NORMAL
2715,0.9683223,0.004291559,0.02738619,CRITICAL
2716,0.97887266,0.0027837737,0.018343538,CRITICAL
2717,0.98113286,0.0025104508,0.016356703,NORMAL
2718,0.99456775,0.0024670486,0.0029652617,NORMAL
2719,0.99130106,0.0039505437,0.004748342,NORMAL
2720,0.95770276,0.0206055,0.02169177,NORMAL
2721,0.52520555,0.37079248,0.104002,CRITICAL
2722,0.15829375,0.8092712,0.032435074,WARNING
2723,0.0482202,0.9408083,0.010971432,WARNING
2724,0.015191046,0.9803072,0.00450167,WARNING
2725,0.0053346306,0.99181694,0.0028484706,WARNING
2726,0.002310234,0.9954673,0.002222485,WARNING
2727,0.98927045,0.004872748,0.0058567827,NORMAL
2728,0.9894645,0.0047846357,0.0057508782,NORMAL
2729,0.9587584,0.020497732,0.02074385,NORMAL
2730,0.29162735,0.6999754,0.008397266,WARNING
2731,0.08830016,0.9078798,0.003819984,WARNING
2732,0.027222155,0.9704225,0.0023553176,WARNING
2733,0.00889155,0.98911285,0.001995502,WARNING
2734,0.0033773098,0.994656,0.0019665943,WARNING
2735,0.0017744824,0.9961685,0.0020570615,WARNING
2736,0.0014545086,0.9945529,0.0039926465,WARNING
2737,0.0008838073,0.29883975,0.7002765,CRITICAL
2738,0.0007125969,0.090125784,0.9091616,CRITICAL
2739,0.0006491494,0.027498797,0.97185206,CRITICAL
2740,0.00063011516,0.0087107,0.99065924,CRITICAL
2741,0.0007192945,0.0031747597,0.996106,CRITICAL
2742,0.00064927887,0.0014114981,0.9979392,CRITICAL
2743,0.00062827417,0.0008825195,0.9984892,CRITICAL
2744,0.0006219728,0.00072382594,0.9986542,CRITICAL
2745,0.0071341232,0.4973406,0.4955253,CRITICAL
2746,0.0025876916,0.14967604,0.84773624,CRITICAL
2747,0.0013236437,0.045482446,0.9531939,CRITICAL
2748,0.00083246344,0.014105795,0.98506176,CRITICAL
2749,0.00068510935,0.0046928,0.9946221,CRITICAL
2750,0.0006390233,0.0018669101,0.99749404,CRITICAL
2751,0.00062519754,0.0010191432,0.9983556,CRITICAL
2752,0.0007178192,0.0008672926,0.9984149,CRITICAL
2753,0.0006488363,0.00071925786,0.9986319,CRITICAL
2754,0.00069506525,0.0006720773,0.99863285,CRITICAL
2755,0.00069506525,0.0006720773,0.99863285,CRITICAL
2756,0.00069506525,0.0006720773,0.99863285,CRITICAL
2757,0.00069506525,0.0006720773,0.99863285,CRITICAL
2758,0.00069506525,0.0006720773,0.99863285,CRITICAL
2759,0.0006747049,0.0006724301,0.9986528,CRITICAL
2760,0.0012447712,0.0010595343,0.9976957,CRITICAL
2761,0.0014157911,0.0011756655,0.99740857,CRITICAL
2762,0.0014670971,0.0012105049,0.99732244,CRITICAL
2763,0.00069506525,0.0006720773,0.99863285,CRITICAL
2764,0.00069506525,0.0006720773,0.99863285,CRITICAL
2765,0.00069506525,0.0006720773,0.99863285,CRITICAL
2766,0.00069506525,0.0006720773,0.99863285,CRITICAL
2767,0.00069506525,0.0006720773,0.99863285,CRITICAL
2768,0.0006747049,0.0006724301,0.9986528,CRITICAL
2769,0.0012447712,0.0010595343,0.9976957,CRITICAL
2770,0.0014334118,0.0011901669,0.99737644,CRITICAL
2771,0.0014723833,0.0012148554,0.9973128,CRITICAL
2772,0.9756343,0.019566866,0.004798891,NORMAL
2773,0.87888265,0.10197026,0.019147161,NORMAL
2774,0.63498425,0.3167805,0.04823528,NORMAL
2775,0.66138476,0.29408398,0.044531304,NORMAL
2776,0.79867786,0.17330256,0.028019585,NORMAL
2777,0.7066971,0.25420913,0.039093792,NORMAL
2778,0.69369066,0.2637164,0.042592965,NORMAL
2779,0.84138405,0.13480939,0.023806531,NORMAL
2780,0.64808714,0.30887675,0.043036155,NORMAL
2781,0.85793686,0.13452713,0.0075360327,NORMAL
2782,0.7384486,0.22912677,0.032424554,NORMAL
2783,0.4388809,0.5371704,0.02394868,NORMAL
2784,0.62889576,0.33649606,0.034608193,NORMAL
2785,0.42558074,0.55035216,0.024067126,NORMAL
2786,0.6035656,0.35920838,0.037226055,NORMAL
2787,0.8167443,0.16133116,0.02192455,NORMAL
2788,0.87815255,0.10424407,0.017603435,NORMAL
2789,0.89511013,0.08860832,0.016281588,NORMAL
2790,0.00066639244,0.00064961467,0.998684,CRITICAL
2791,0.00062933296,0.00064963877,0.998721,CRITICAL
2792,0.00061821507,0.000649646,0.9987321,CRITICAL
2793,0.0006148797,0.00064964814,0.9987354,CRITICAL
2794,0.0006138791,0.0006496488,0.99873644,CRITICAL
2795,0.00071725406,0.00075944175,0.99852335,CRITICAL
2796,0.00065511744,0.000693734,0.9986512,CRITICAL
2797,0.00063647644,0.00067402166,0.99868953,CRITICAL
2798,0.00063088414,0.00066810794,0.99870104,CRITICAL
2799,0.0006286996,0.0006496392,0.99872166,CRITICAL
2800,0.0006180251,0.0006496461,0.9987323,CRITICAL
2801,0.000660445,0.0006979626,0.9986416,CRITICAL
2802,0.0006275487,0.0006641431,0.9987083,CRITICAL
2803,0.00062406977,0.0006607642,0.99871516,CRITICAL
2804,0.00062716217,0.0006641307,0.9987087,CRITICAL
2805,0.0006280899,0.0006651407,0.9987068,CRITICAL
2806,0.0006361528,0.0006736876,0.9986902,CRITICAL
2807,0.00063078705,0.00066800776,0.9987012,CRITICAL
2808,0.0008716992,0.0006522993,0.99847597,CRITICAL
2809,0.001082624,0.000810136,0.9981072,CRITICAL
2810,0.0009349766,0.0006996504,0.99836534,CRITICAL
2811,0.0010204827,0.00076363527,0.9982159,CRITICAL
2812,0.0009163342,0.0006857001,0.99839795,CRITICAL
2813,0.0008850897,0.0006623196,0.99845254,CRITICAL
2814,0.0015102633,0.0011301414,0.99735963,CRITICAL
2815,0.0010632684,0.000795652,0.99814105,CRITICAL
2816,0.0011471645,0.0008584318,0.9979944,CRITICAL
2817,0.0010571283,0.00079105736,0.99815184,CRITICAL
2818,0.0009273279,0.00069392676,0.99837875,CRITICAL
2819,0.0008883878,0.0006647876,0.9984468,CRITICAL
2820,0.00087670574,0.0006560458,0.9984672,CRITICAL
2821,0.0010030016,0.0007505539,0.99824643,CRITICAL
2822,0.0010408903,0.0007789063,0.9981802,CRITICAL
2823,0.0010522569,0.00078741205,0.99816036,CRITICAL
2824,0.0009258665,0.00069283316,0.9983813,CRITICAL
2825,0.0010241222,0.0007663584,0.99820954,CRITICAL
2826,0.0037134835,0.99421495,0.0020716249,WARNING
2827,0.0018240982,0.9963916,0.0017843122,WARNING
2828,0.0012572154,0.99697864,0.0017641168,WARNING
2829,0.0019410143,0.3017091,0.69634986,CRITICAL
2830,0.0010603041,0.09099547,0.90794426,CRITICAL
2831,0.00079609104,0.02778138,0.97142255,CRITICAL
2832,0.00071682717,0.008817153,0.99046606,CRITICAL
2833,0.000693048,0.0031278846,0.9961791,CRITICAL
2834,0.00068591424,0.001421104,0.99789304,CRITICAL
2835,0.004459242,0.99309593,0.0024448547,WARNING
2836,0.0020478256,0.99605584,0.0018962811,WARNING
2837,0.0013243337,0.9968779,0.0017977075,WARNING
2838,0.0019799767,0.30171037,0.6963096,CRITICAL
2839,0.0010719928,0.09099585,0.90793216,CRITICAL
2840,0.0007995977,0.027781494,0.971419,CRITICAL
2841,0.00071787916,0.0088171875,0.990465,CRITICAL
2842,0.0006933636,0.0031278948,0.99617875,CRITICAL
2843,0.00068600895,0.001421107,0.9978929,CRITICAL
2844,0.9955751,0.0021791807,0.0022457133,NORMAL
2845,0.9953393,0.0021512709,0.0025094443,NORMAL
2846,0.9946471,0.0024696232,0.0028833277,NORMAL
2847,0.42245856,0.56995386,0.007587617,WARNING
2848,0.12781607,0.86855257,0.0036313315,WARNING
2849,0.039336227,0.9582192,0.0024446147,WARNING
2850,0.013970224,0.9839434,0.002086316,WARNING
2851,0.0063190884,0.99170196,0.0019789066,WARNING
2852,0.0040237475,0.9940295,0.0019466837,WARNING
2853,0.9953507,0.0020777725,0.0025714461,NORMAL
2854,0.9946382,0.0026013297,0.002760496,NORMAL
2855,0.9945185,0.002622909,0.0028585624,NORMAL
2856,0.39146367,0.6024132,0.0061231935,WARNING
2857,0.118528925,0.87826484,0.0032062482,WARNING
2858,0.036540505,0.9611425,0.0023171084,WARNING
2859,0.012445309,0.98550534,0.0020493944,WARNING
2860,0.005902949,0.99212927,0.0019677498,WARNING
2861,0.0038989056,0.9941578,0.0019433367,WARNING
2862,0.0006823024,0.000652423,0.99866533,CRITICAL
2863,0.00068024034,0.0006504513,0.9986694,CRITICAL
2864,0.00067962176,0.0006498598,0.9986706,CRITICAL
2865,0.00067943614,0.0006496823,0.99867094,CRITICAL
2866,0.0006793805,0.00064962904,0.99867105,CRITICAL
2867,0.00078054727,0.0007463655,0.9984731,CRITICAL
2868,0.00074164267,0.0007091644,0.99854916,CRITICAL
2869,0.00075503875,0.0007219736,0.998523,CRITICAL
2870,0.0013836513,0.0012274885,0.99738884,CRITICAL
2871,0.0006823024,0.000652423,0.99866533,CRITICAL
2872,0.0007814238,0.0007472037,0.9984714,CRITICAL
2873,0.00070997677,0.0006788855,0.99861115,CRITICAL
2874,0.00068854267,0.00065839,0.99865305,CRITICAL
2875,0.0006821124,0.00065224135,0.9986657,CRITICAL
2876,0.0008223461,0.0007863339,0.99839133,CRITICAL
2877,0.000862148,0.00082439225,0.99831355,CRITICAL
2878,0.0009100411,0.0008701879,0.99821985,CRITICAL
2879,0.0014024236,0.0012477287,0.9973499,CRITICAL
2880,0.00078917766,0.000672014,0.99853885,CRITICAL
2881,0.00078917766,0.000672014,0.99853885,CRITICAL
2882,0.00078487414,0.0006720169,0.99854314,CRITICAL
2883,0.0007835831,0.00067201775,0.99854445,CRITICAL
2884,0.0007831958,0.000672018,0.9985448,CRITICAL
2885,0.00078738306,0.00067201525,0.99854064,CRITICAL
2886,0.0007886393,0.0006720144,0.9985394,CRITICAL
2887,0.0007847126,0.000672017,0.99854326,CRITICAL
2888,0.0007835346,0.00067201775,0.99854445,CRITICAL
2889,0.00078917766,0.000672014,0.99853885,CRITICAL
2890,0.00078917766,0.000672014,0.99853885,CRITICAL
2891,0.00078487414,0.0006720169,0.99854314,CRITICAL
2892,0.0007835831,0.00067201775,0.99854445,CRITICAL
2893,0.0007831958,0.000672018,0.9985448,CRITICAL
2894,0.00078738306,0.00067201525,0.99854064,CRITICAL
2895,0.0007886393,0.0006720144,0.9985394,CRITICAL
2896,0.0007847126,0.000672017,0.99854326,CRITICAL
2897,0.0007835346,0.00067201775,0.99854445,CRITICAL
2898,0.026384579,0.93963736,0.03397807,WARNING
2899,0.008566524,0.2823785,0.70905495,CRITICAL
2900,0.00352551,0.085428596,0.9110459,CRITICAL
2901,0.001741658,0.026195453,0.97206295,CRITICAL
2902,0.0011192386,0.0083531905,0.99052763,CRITICAL
2903,0.0009325127,0.0030005106,0.99606705,CRITICAL
2904,0.0008389551,0.0013635952,0.9977975,CRITICAL
2905,0.0011147251,0.0011473619,0.9977379,CRITICAL
2906,0.0010435141,0.00095080247,0.9980056,CRITICAL
2907,0.026563946,0.9412264,0.032209616,WARNING
2908,0.008620334,0.2828552,0.7085244,CRITICAL
2909,0.00332609,0.08541031,0.9112636,CRITICAL
2910,0.0016759913,0.026185127,0.9721389,CRITICAL
2911,0.0010995385,0.008350092,0.9905504,CRITICAL
2912,0.00092660263,0.0029995812,0.99607384,CRITICAL
2913,0.0008371821,0.0013633164,0.9977995,CRITICAL
2914,0.0010569699,0.001098326,0.9978447,CRITICAL
2915,0.0010261876,0.00093609176,0.9980377,CRITICAL
2916,0.0008087945,0.0006788588,0.9985123,CRITICAL
2917,0.0008087945,0.0006788588,0.9985124,CRITICAL
2918,0.00078351836,0.000678876,0.99853766,CRITICAL
2919,0.00077593554,0.0006788812,0.9985452,CRITICAL
2920,0.0007989368,0.00067886553,0.9985222,CRITICAL
2921,0.0008058372,0.0006788608,0.9985153,CRITICAL
2922,0.0008079073,0.0006788594,0.9985132,CRITICAL
2923,0.0008085284,0.00067885895,0.9985126,CRITICAL
2924,0.0008087147,0.00067885884,0.99851245,CRITICAL
2925,0.0008087945,0.0006788588,0.9985123,CRITICAL
2926,0.0008087945,0.0006788588,0.9985124,CRITICAL
2927,0.00078351836,0.000678876,0.99853766,CRITICAL
2928,0.00077593554,0.0006788812,0.9985452,CRITICAL
2929,0.0007989368,0.00067886553,0.9985222,CRITICAL
2930,0.0008058372,0.0006788608,0.9985153,CRITICAL
2931,0.0008079073,0.0006788594,0.9985132,CRITICAL
2932,0.0008085284,0.00067885895,0.9985126,CRITICAL
2933,0.0008087147,0.00067885884,0.99851245,CRITICAL
2934,0.41432884,0.5783062,0.007364963,NORMAL
2935,0.1465725,0.8489127,0.0045148325,WARNING
2936,0.0662456,0.93009466,0.0036597932,WARNING
2937,0.028585317,0.96884036,0.00257438,WARNING
2938,0.009460817,0.98860455,0.001934606,WARNING
2939,0.0037019807,0.994543,0.0017550477,WARNING
2940,0.0018253272,0.9964975,0.0016771683,WARNING
2941,0.001291729,0.99705446,0.001653756,WARNING
2942,0.0011630431,0.99719024,0.0016466808,WARNING
2943,0.016464693,0.98026973,0.0032656356,WARNING
2944,0.02295525,0.9737452,0.003299518,WARNING
2945,0.02515913,0.9717792,0.0030616592,WARNING
2946,0.016730672,0.9808754,0.002393933,WARNING
2947,0.0059376433,0.9921819,0.0018804166,WARNING
2948,0.0026363074,0.9956491,0.0017145481,WARNING
2949,0.0015688029,0.99676627,0.0016649144,WARNING
2950,0.0011863059,0.9971636,0.0016501268,WARNING
2951,0.0011324284,0.997222,0.0016455904,WARNING
2952,0.9972453,0.0012249369,0.0015297305,NORMAL
2953,0.99723715,0.0012331437,0.001529718,NORMAL
2954,0.9972347,0.0012356057,0.0015297143,NORMAL
2955,0.9967593,0.0015267716,0.0017139235,NORMAL
2956,0.9970386,0.0013765013,0.001584895,NORMAL
2957,0.99710923,0.0013078223,0.0015829591,NORMAL
2958,0.99692845,0.0014041851,0.0016673128,NORMAL
2959,0.9971503,0.0012787114,0.0015710052,NORMAL
2960,0.9972168,0.0012410693,0.0015421129,NORMAL
2961,0.99680674,0.0014658587,0.0017274753,NORMAL
2962,0.9967236,0.0015743831,0.0017020686,NORMAL
2963,0.9970888,0.0013297708,0.0015814318,NORMAL
2964,0.9967973,0.0015444122,0.0016582372,NORMAL
2965,0.9970844,0.0013325819,0.0015830223,NORMAL
2966,0.99718887,0.0012654371,0.0015457056,NORMAL
2967,0.99695235,0.0013914695,0.0016561367,NORMAL
2968,0.99715745,0.0012748967,0.0015676523,NORMAL
2969,0.99712783,0.0013164234,0.0015557634,NORMAL
2970,0.0014579261,0.9962006,0.0023414723,WARNING
2971,0.0009047086,0.29933903,0.69975626,CRITICAL
2972,0.0007387433,0.090280555,0.9089807,CRITICAL
2973,0.0006889537,0.027563013,0.97174805,CRITICAL
2974,0.0006743369,0.008748077,0.9905776,CRITICAL
2975,0.0006696318,0.0031032679,0.99622715,CRITICAL
2976,0.0006682203,0.0014098249,0.99792194,CRITICAL
2977,0.0006677968,0.00090179197,0.99843043,CRITICAL
2978,0.00066766975,0.0007493821,0.99858296,CRITICAL
2979,0.0041824384,0.9891004,0.0067171226,WARNING
2980,0.0017220622,0.29720896,0.70106894,CRITICAL
2981,0.0009839494,0.089641534,0.90937454,CRITICAL
2982,0.0007625156,0.027371306,0.9718662,CRITICAL
2983,0.00069923745,0.008690562,0.9906102,CRITICAL
2984,0.00067710195,0.0030860133,0.9962369,CRITICAL
2985,0.00067046133,0.0014046485,0.9979249,CRITICAL
2986,0.0006684691,0.0009002391,0.9984313,CRITICAL
2987,0.00066787144,0.00074891624,0.9985832,CRITICAL
2988,0.9967229,0.0015424544,0.0017347183,NORMAL
2989,0.99708855,0.0013201921,0.0015912268,NORMAL
2990,0.9971983,0.0012535135,0.0015481793,NORMAL
2991,0.99695516,0.0013878924,0.0016568789,NORMAL
2992,0.9971311,0.0012859142,0.0015829753,NORMAL
2993,0.9971305,0.0013088317,0.001560721,NORMAL
2994,0.9969363,0.0014080534,0.001655679,NORMAL
2995,0.9971526,0.0012798719,0.0015675151,NORMAL
2996,0.99721754,0.0012414174,0.0015410659,NORMAL
2997,0.99678206,0.0015145595,0.0017033466,NORMAL
2998,0.9970869,0.0013313041,0.0015817856,NORMAL
2999,0.9971706,0.0012689377,0.0015604473,NORMAL
3000,0.99694693,0.0013925197,0.0016605592,NORMAL
3001,0.99714804,0.0012829807,0.0015689672,NORMAL
3002,0.99720013,0.0012584,0.001541477,NORMAL
3003,0.9972318,0.0012349759,0.0015332544,NORMAL
3004,0.99724126,0.0012279486,0.0015307877,NORMAL
3005,0.9972441,0.0012258404,0.0015300476,NORMAL
3006,0.99366707,0.0028760373,0.0034568429,NORMAL
3007,0.99389565,0.0027722593,0.0033321073,NORMAL
3008,0.9934865,0.002958066,0.003555437,NORMAL
3009,0.95857275,0.02064669,0.020780548,NORMAL
3010,0.4328981,0.55414,0.0129618645,NORMAL
3011,0.14059341,0.85342324,0.0059833038,WARNING
3012,0.320011,0.6728852,0.0071038487,NORMAL
3013,0.7642047,0.21778315,0.0180122,NORMAL
3014,0.9104422,0.074755386,0.0148024745,NORMAL
3015,0.9958008,0.0019070497,0.0022921725,NORMAL
3016,0.9946226,0.0024420773,0.0029352466,NORMAL
3017,0.9935293,0.0029386005,0.0035320404,NORMAL
3018,0.9541183,0.0228771,0.023004647,NORMAL
3019,0.9391896,0.030413108,0.030397318,NORMAL
3020,0.29811913,0.6904363,0.011444649,NORMAL
3021,0.3499344,0.6411054,0.008960235,NORMAL
3022,0.7817372,0.20396654,0.014296281,NORMAL
3023,0.91634494,0.070288494,0.01336653,NORMAL
3024,0.9960282,0.0018321376,0.0021397145,NORMAL
3025,0.99684364,0.0014277343,0.0017286399,NORMAL
3026,0.9965763,0.0016550178,0.0017686104,NORMAL
3027,0.99700916,0.0013894686,0.00160134,NORMAL
3028,0.99699354,0.0013775553,0.0016288756,NORMAL
3029,0.9970678,0.0013581056,0.0015741135,NORMAL
3030,0.9967213,0.0016227553,0.0016559234,NORMAL
3031,0.9967726,0.0015218795,0.0017055927,NORMAL
3032,0.99660414,0.0016841319,0.0017116753,NORMAL
3033,0.99651223,0.001761332,0.0017264184,NORMAL
3034,0.99700177,0.0014095859,0.0015887006,NORMAL
3035,0.9965482,0.0016302844,0.0018215596,NORMAL
3036,0.99647343,0.0017802407,0.0017463563,NORMAL
3037,0.99687165,0.0015190144,0.0016092954,NORMAL
3038,0.996703,0.0015628876,0.0017341075,NORMAL
3039,0.9967378,0.0015319085,0.0017303224,NORMAL
3040,0.9966178,0.0016793768,0.0017027785,NORMAL
3041,0.9970189,0.0013995131,0.0015815864,NORMAL
3042,0.00082236977,0.0006902531,0.99848735,CRITICAL
3043,0.0008223697,0.0006902531,0.99848735,CRITICAL
3044,0.0008128671,0.0006822771,0.9985049,CRITICAL
3045,0.0008100163,0.0006798843,0.9985101,CRITICAL
3046,0.0008170199,0.00067916117,0.99850386,CRITICAL
3047,0.00078598596,0.0006789667,0.99853504,CRITICAL
3048,0.00078833586,0.00067890045,0.9985328,CRITICAL
3049,0.0008090666,0.00069610367,0.99849486,CRITICAL
3050,0.0008139664,0.00071072933,0.9984753,CRITICAL
3051,0.00082236977,0.0006902531,0.99848735,CRITICAL
3052,0.0008223697,0.0006902531,0.99848735,CRITICAL
3053,0.0008128671,0.0006822771,0.9985049,CRITICAL
3054,0.0008100163,0.0006798843,0.9985101,CRITICAL
3055,0.00080916105,0.0006791664,0.9985117,CRITICAL
3056,0.0007836283,0.00067896827,0.9985374,CRITICAL
3057,0.00081864896,0.0007055799,0.9984758,CRITICAL
3058,0.00082915515,0.00071356335,0.9984573,CRITICAL
3059,0.000819993,0.00071596727,0.998464,CRITICAL
3060,0.0007249693,0.0006932211,0.99858177,CRITICAL
3061,0.0006846542,0.00069324917,0.9986221,CRITICAL
3062,0.001091021,0.0011279486,0.99778104,CRITICAL
3063,0.0008347848,0.00082363933,0.99834156,CRITICAL
3064,0.00089715875,0.00091889856,0.99818397,CRITICAL
3065,0.0012200607,0.0011849394,0.9975951,CRITICAL
3066,0.00092116115,0.00095072703,0.99812806,CRITICAL
3067,0.0011619731,0.001205192,0.9976328,CRITICAL
3068,0.0009516356,0.0009567621,0.9980916,CRITICAL
3069,0.0007249693,0.0006932211,0.99858177,CRITICAL
3070,0.0006846542,0.00069324917,0.9986221,CRITICAL
3071,0.001091021,0.0011279486,0.99778104,CRITICAL
3072,0.0008347848,0.00082363933,0.99834156,CRITICAL
3073,0.0006882051,0.00070184073,0.99860996,CRITICAL
3074,0.0011573747,0.001119822,0.99772286,CRITICAL
3075,0.00090235536,0.00093119184,0.99816644,CRITICAL
3076,0.0011563314,0.0011993315,0.9976443,CRITICAL
3077,0.0009499431,0.000955004,0.99809504,CRITICAL
3078,0.99710363,0.0013153492,0.0015809801,NORMAL
3079,0.99710363,0.0013153492,0.0015809801,NORMAL
3080,0.99710363,0.0013153492,0.0015809801,NORMAL
3081,0.99710363,0.0013153492,0.0015809801,NORMAL
3082,0.99710363,0.0013153492,0.0015809801,NORMAL
3083,0.9970749,0.0013283915,0.0015966558,NORMAL
3084,0.997095,0.001319262,0.0015856829,NORMAL
3085,0.99710107,0.0013165231,0.001582391,NORMAL
3086,0.9970662,0.0013323685,0.001601436,NORMAL
3087,0.99705124,0.0013391593,0.0016095979,NORMAL
3088,0.99706006,0.0013351559,0.0016047861,NORMAL
3089,0.9970559,0.001337064,0.0016070793,NORMAL
3090,0.9969445,0.0013876585,0.0016678917,NORMAL
3091,0.9970559,0.0013370421,0.0016070537,NORMAL
3092,0.99705464,0.0013376297,0.0016077596,NORMAL
3093,0.997061,0.001334697,0.0016042346,NORMAL
3094,0.9970908,0.0013211536,0.0015879564,NORMAL
3095,0.99709976,0.0013170906,0.001583073,NORMAL
3096,0.00069506525,0.0006720773,0.99863285,CRITICAL
3097,0.00069506525,0.0006720773,0.99863285,CRITICAL
3098,0.00069506525,0.0006720773,0.99863285,CRITICAL
3099,0.00069506525,0.0006720773,0.99863285,CRITICAL
3100,0.00069506525,0.0006720773,0.99863285,CRITICAL
3101,0.00069506525,0.0006720773,0.99863285,CRITICAL
3102,0.00069506525,0.0006720773,0.99863285,CRITICAL
3103,0.00069506525,0.0006720773,0.99863285,CRITICAL
3104,0.00069506525,0.0006720773,0.99863285,CRITICAL
3105,0.00069506525,0.0006720773,0.99863285,CRITICAL
3106,0.00069506525,0.0006720773,0.99863285,CRITICAL
3107,0.00069506525,0.0006720773,0.99863285,CRITICAL
3108,0.00069506525,0.0006720773,0.99863285,CRITICAL
3109,0.00069506525,0.0006720773,0.99863285,CRITICAL
3110,0.00069506525,0.0006720773,0.99863285,CRITICAL
3111,0.00069506525,0.0006720773,0.99863285,CRITICAL
3112,0.00069506525,0.0006720773,0.99863285,CRITICAL
3113,0.00069506525,0.0006720773,0.99863285,CRITICAL
3114,0.99706835,0.0013917984,0.001539827,NORMAL
3115,0.99708045,0.0013797119,0.0015398456,NORMAL
3116,0.99701345,0.0014333638,0.0015531803,NORMAL
3117,0.9970445,0.0014117339,0.0015438215,NORMAL
3118,0.99699485,0.001450781,0.0015543608,NORMAL
3119,0.99704635,0.0014094932,0.0015441871,NORMAL
3120,0.9968428,0.0015106455,0.0016465755,NORMAL
3121,0.99698627,0.0014419066,0.0015718292,NORMAL
3122,0.9970485,0.0014021168,0.0015494348,NORMAL
3123,0.9970751,0.0013850641,0.0015398373,NORMAL
3124,0.99698675,0.0014470879,0.0015661507,NORMAL
3125,0.99698436,0.001434107,0.0015815013,NORMAL
3126,0.9969719,0.0014624873,0.001565657,NORMAL
3127,0.9969873,0.0014490911,0.0015635786,NORMAL
3128,0.99698555,0.0014541775,0.0015603001,NORMAL
3129,0.996962,0.0014771272,0.0015608574,NORMAL
3130,0.9970343,0.0014195845,0.0015461327,NORMAL
3131,0.996956,0.0014726932,0.0015712806,NORMAL
3132,0.9966624,0.0016464842,0.0016911366,NORMAL
3133,0.99704325,0.0013634918,0.0015932525,NORMAL
3134,0.9971847,0.0012665034,0.0015487871,NORMAL
3135,0.99683696,0.0015145766,0.0016484621,NORMAL
3136,0.9971228,0.0013118288,0.00156535,NORMAL
3137,0.99719906,0.0012605698,0.0015404017,NORMAL
3138,0.9972043,0.0012477174,0.001548032,NORMAL
3139,0.99678415,0.0015677223,0.0016481361,NORMAL
3140,0.99709284,0.001341896,0.0015652305,NORMAL
3141,0.9964175,0.0018683834,0.0017140852,NORMAL
3142,0.9968905,0.0015098513,0.0015996693,NORMAL
3143,0.9970324,0.0014022916,0.0015653446,NORMAL
3144,0.99679124,0.001555313,0.0016534294,NORMAL
3145,0.9970704,0.0013477628,0.0015819222,NORMAL
3146,0.99714017,0.0013145517,0.0015453072,NORMAL
3147,0.9972056,0.0012600281,0.001534391,NORMAL
3148,0.99682534,0.0015305474,0.0016441129,NORMAL
3149,0.9971036,0.001332438,0.0015640211,NORMAL
3150,0.9969848,0.0014563573,0.0015588951,NORMAL
3151,0.9970379,0.0013990555,0.0015630655,NORMAL
3152,0.99704176,0.0013939512,0.0015642977,NORMAL
3153,0.996994,0.0014454462,0.0015605037,NORMAL
3154,0.9969698,0.0014530581,0.0015770931,NORMAL
3155,0.9970509,0.0013980898,0.0015510254,NORMAL
3156,0.99697316,0.0014466529,0.0015801336,NORMAL
3157,0.9970398,0.0014082547,0.0015519189,NORMAL
3158,0.9970013,0.0014419266,0.0015568023,NORMAL
3159,0.99706525,0.0013949234,0.0015398222,NORMAL
3160,0.9965555,0.0016618094,0.0017826842,NORMAL
3161,0.99676657,0.0015442863,0.0016891761,NORMAL
3162,0.9969487,0.0014667208,0.0015845868,NORMAL
3163,0.9968108,0.0015494908,0.0016397587,NORMAL
3164,0.996761,0.0015826754,0.0016562963,NORMAL
3165,0.9969665,0.0014587317,0.0015747529,NORMAL
3166,0.99701315,0.0014366086,0.0015502666,NORMAL
3167,0.9970043,0.001452853,0.0015428854,NORMAL
3168,0.99477154,0.0026122998,0.0026161303,NORMAL
3169,0.9963453,0.0017113839,0.0019433668,NORMAL
3170,0.99681735,0.0014411092,0.0017415378,NORMAL
3171,0.9964972,0.001699628,0.0018031284,NORMAL
3172,0.9956923,0.0020384006,0.0022693218,NORMAL
3173,0.9094192,0.0790251,0.011555738,NORMAL
3174,0.2736643,0.721655,0.004680683,WARNING
3175,0.082963474,0.91443604,0.0026005125,WARNING
3176,0.025997411,0.97202647,0.0019760435,WARNING
3177,0.99591583,0.0018161266,0.0022680236,NORMAL
3178,0.9958501,0.001845341,0.002304508,NORMAL
3179,0.99620706,0.0018208975,0.0019720194,NORMAL
3180,0.99675655,0.0014932884,0.0017501013,NORMAL
3181,0.9966954,0.0014953677,0.0018091571,NORMAL
3182,0.3689546,0.6239039,0.007141448,WARNING
3183,0.11153556,0.88509256,0.0033718138,WARNING
3184,0.034324855,0.9634673,0.0022078517,WARNING
3185,0.01142873,0.98671305,0.001858206,WARNING
3186,0.00069506525,0.0006720773,0.99863285,CRITICAL
3187,0.00069506525,0.0006720773,0.99863285,CRITICAL
3188,0.00069506525,0.0006720773,0.99863285,CRITICAL
3189,0.00069506525,0.0006720773,0.99863285,CRITICAL
3190,0.0006912748,0.00067207986,0.9986366,CRITICAL
3191,0.00069013773,0.0006720806,0.99863774,CRITICAL
3192,0.0006897966,0.00067208085,0.99863803,CRITICAL
3193,0.0006934847,0.00067207834,0.9986344,CRITICAL
3194,0.0006945911,0.00067207764,0.99863327,CRITICAL
3195,0.00069506525,0.0006720773,0.99863285,CRITICAL
3196,0.00069506525,0.0006720773,0.99863285,CRITICAL
3197,0.00069506525,0.0006720773,0.99863285,CRITICAL
3198,0.00069506525,0.0006720773,0.99863285,CRITICAL
3199,0.0006912748,0.00067207986,0.9986366,CRITICAL
3200,0.00069013773,0.0006720806,0.99863774,CRITICAL
3201,0.0006897966,0.00067208085,0.99863803,CRITICAL
3202,0.0006934847,0.00067207834,0.9986344,CRITICAL
3203,0.0006945911,0.00067207764,0.99863327,CRITICAL
3204,0.99653745,0.0016934955,0.0017690125,NORMAL
3205,0.9940301,0.0042047827,0.0017650868,NORMAL
3206,0.9908334,0.007059737,0.0021067755,NORMAL
3207,0.96704423,0.027135175,0.0058205617,NORMAL
3208,0.95923954,0.033925492,0.0068349093,NORMAL
3209,0.28938994,0.7066317,0.003978335,NORMAL
3210,0.087855265,0.90964043,0.0025043683,WARNING
3211,0.41379002,0.57550776,0.010702283,NORMAL
3212,0.12556635,0.86943173,0.0050019007,NORMAL
3213,0.996099,0.0019153892,0.0019855648,NORMAL
3214,0.9938282,0.004299165,0.0018727151,NORMAL
3215,0.99011195,0.0075881234,0.0022999388,NORMAL
3216,0.96761537,0.026692756,0.005691867,NORMAL
3217,0.95962536,0.033624895,0.0067497604,NORMAL
3218,0.29512465,0.7007121,0.0041632345,NORMAL
3219,0.08970653,0.9075476,0.0027458586,WARNING
3220,0.028527841,0.9692373,0.0022348715,WARNING
3221,0.010060826,0.98738587,0.002553322,WARNING
3222,0.9968749,0.0014192419,0.0017058536,NORMAL
3223,0.9965117,0.0015842017,0.0019041265,NORMAL
3224,0.9963308,0.0016663565,0.0020028723,NORMAL
3225,0.99634576,0.0016595904,0.001994739,NORMAL
3226,0.9967892,0.0014581452,0.0017526126,NORMAL
3227,0.9969727,0.001374855,0.0016525025,NORMAL
3228,0.9970277,0.001349868,0.0016224694,NORMAL
3229,0.9970442,0.0013423719,0.0016134594,NORMAL
3230,0.9968318,0.0014388165,0.0017293806,NORMAL
3231,0.9968749,0.0014192419,0.0017058536,NORMAL
3232,0.99699837,0.0013631841,0.0016384746,NORMAL
3233,0.99613714,0.0017543088,0.0021085853,NORMAL
3234,0.99664664,0.0015229296,0.0018304798,NORMAL
3235,0.9968795,0.001417147,0.001703335,NORMAL
3236,0.9969605,0.0013803628,0.0016591223,NORMAL
3237,0.99702406,0.0013515204,0.0016244553,NORMAL
3238,0.9961449,0.0017508097,0.0021043795,NORMAL
3239,0.996562,0.0015613479,0.0018766567,NORMAL
3240,0.9970483,0.0014118687,0.001539796,NORMAL
3241,0.9970745,0.001385733,0.0015398363,NORMAL
3242,0.99705315,0.0013895556,0.0015573297,NORMAL
3243,0.9968531,0.0015166989,0.0016302094,NORMAL
3244,0.9968582,0.0014984106,0.0016434375,NORMAL
3245,0.996912,0.0014654568,0.0016224899,NORMAL
3246,0.9969479,0.0014742096,0.00157795,NORMAL
3247,0.99699134,0.0014399135,0.0015687264,NORMAL
3248,0.9970574,0.0013941465,0.0015485154,NORMAL
3249,0.9970005,0.0014114,0.0015881074,NORMAL
3250,0.9970406,0.0014051448,0.0015542997,NORMAL
3251,0.99707216,0.0013837159,0.0015441874,NORMAL
3252,0.99691653,0.0014908455,0.0015926182,NORMAL
3253,0.9969914,0.0014529853,0.0015556158,NORMAL
3254,0.99704266,0.0014127955,0.0015445596,NORMAL
3255,0.99705845,0.001400285,0.0015412434,NORMAL
3256,0.9970628,0.0013969854,0.0015402479,NORMAL
3257,0.99703693,0.0014071007,0.0015559909,NORMAL
3258,0.99710363,0.0013153492,0.0015809801,NORMAL
3259,0.99707574,0.0013280129,0.0015962007,NORMAL
3260,0.99703825,0.0013450327,0.001616658,NORMAL
3261,0.997084,0.0013242543,0.0015916835,NORMAL
3262,0.99709773,0.0013180207,0.0015841911,NORMAL
3263,0.9971019,0.0013161507,0.0015819434,NORMAL
3264,0.9971031,0.0013155896,0.0015812691,NORMAL
3265,0.99710345,0.0013154213,0.0015810668,NORMAL
3266,0.9970181,0.0013541932,0.0016276686,NORMAL
3267,0.99710363,0.0013153492,0.0015809801,NORMAL
3268,0.99710363,0.0013153492,0.0015809801,NORMAL
3269,0.99710363,0.0013153492,0.0015809801,NORMAL
3270,0.99710363,0.0013153492,0.0015809801,NORMAL
3271,0.99710363,0.0013153492,0.0015809801,NORMAL
3272,0.99702466,0.0013512132,0.0016240862,NORMAL
3273,0.99707997,0.0013261084,0.0015939119,NORMAL
3274,0.99709654,0.001318577,0.0015848597,NORMAL
3275,0.99710155,0.0013163176,0.0015821441,NORMAL
3276,0.0008087945,0.0006788588,0.9985123,CRITICAL
3277,0.0008087945,0.0006788588,0.9985124,CRITICAL
3278,0.0008087945,0.0006788588,0.9985124,CRITICAL
3279,0.0008087945,0.0006788588,0.9985124,CRITICAL
3280,0.0007951784,0.0006788681,0.998526,CRITICAL
3281,0.00080470974,0.0006788616,0.99851644,CRITICAL
3282,0.00080756913,0.00067885965,0.9985136,CRITICAL
3283,0.0007948108,0.0006788683,0.99852633,CRITICAL
3284,0.00080459943,0.00067886163,0.99851656,CRITICAL
3285,0.0008087945,0.0006788588,0.9985123,CRITICAL
3286,0.0008087945,0.0006788588,0.9985124,CRITICAL
3287,0.0008087945,0.0006788588,0.9985124,CRITICAL
3288,0.0008087945,0.0006788588,0.9985124,CRITICAL
3289,0.0007951784,0.0006788681,0.998526,CRITICAL
3290,0.00080470974,0.0006788616,0.99851644,CRITICAL
3291,0.00080756913,0.00067885965,0.9985136,CRITICAL
3292,0.0007948108,0.0006788683,0.99852633,CRITICAL
3293,0.00080459943,0.00067886163,0.99851656,CRITICAL
3294,0.99475706,0.002381042,0.0028618851,NORMAL
3295,0.9932387,0.003070639,0.003690745,NORMAL
3296,0.99082154,0.004168319,0.0050100987,NORMAL
3297,0.9901824,0.004458596,0.005358997,NORMAL
3298,0.9542682,0.022755427,0.02297639,NORMAL
3299,0.2884374,0.7032623,0.008300278,WARNING
3300,0.08724128,0.9091058,0.0036529084,WARNING
3301,0.026882438,0.9708588,0.0022586973,WARNING
3302,0.010029472,0.2954156,0.6945549,CRITICAL
3303,0.99409735,0.0026806297,0.0032219735,NORMAL
3304,0.9913044,0.0039490294,0.004746524,NORMAL
3305,0.99032724,0.0043928092,0.0052799243,NORMAL
3306,0.99063814,0.004251618,0.005110218,NORMAL
3307,0.9560631,0.021863295,0.02207362,NORMAL
3308,0.28897586,0.7029947,0.008029448,WARNING
3309,0.08740282,0.9090255,0.003571659,WARNING
3310,0.0269309,0.97083473,0.0022343225,WARNING
3311,0.010044012,0.2954084,0.69454765,CRITICAL
3312,0.9972224,0.0012478655,0.0015296955,NORMAL
3313,0.9966895,0.0015064746,0.001804003,NORMAL
3314,0.996763,0.0014869953,0.0017500166,NORMAL
3315,0.9967923,0.0014902941,0.0017173749,NORMAL
3316,0.99710166,0.001312313,0.0015860121,NORMAL
3317,0.997059,0.0013648141,0.0015761718,NORMAL
3318,0.9971734,0.00128295,0.0015436384,NORMAL
3319,0.99648297,0.0017357984,0.0017812245,NORMAL
3320,0.9966241,0.0016328078,0.0017430693,NORMAL
3321,0.9972343,0.0012360355,0.0015297136,NORMAL
3322,0.99714196,0.0013285289,0.001529572,NORMAL
3323,0.9971147,0.0013409742,0.0015443262,NORMAL
3324,0.9970771,0.0013522309,0.0015707014,NORMAL
3325,0.99718714,0.0012708941,0.00154201,NORMAL
3326,0.9968171,0.001511647,0.0016712734,NORMAL
3327,0.9966513,0.001571701,0.0017770838,NORMAL
3328,0.9967911,0.0014833487,0.0017255503,NORMAL
3329,0.9967086,0.0015899066,0.0017014737,NORMAL
3330,0.9972453,0.0012249369,0.0015297305,NORMAL
3331,0.9972453,0.0012249369,0.0015297305,NORMAL
3332,0.9972453,0.0012249369,0.0015297305,NORMAL
3333,0.9971542,0.0013014355,0.0015443868,NORMAL
3334,0.997218,0.0012478866,0.0015341274,NORMAL
3335,0.99723715,0.0012318218,0.0015310495,NORMAL
3336,0.9964709,0.001751721,0.001777389,NORMAL
3337,0.997013,0.0013829721,0.001604028,NORMAL
3338,0.99717563,0.0012723475,0.0015520197,NORMAL
3339,0.9972453,0.0012249369,0.0015297305,NORMAL
3340,0.9971926,0.001277704,0.0015296497,NORMAL
3341,0.9972295,0.0012407671,0.0015297062,NORMAL
3342,0.99714947,0.0013061846,0.0015443795,NORMAL
3343,0.99712545,0.0013258097,0.0015487815,NORMAL
3344,0.99720937,0.0012551987,0.0015354458,NORMAL
3345,0.997115,0.0013236816,0.0015614056,NORMAL
3346,0.99715054,0.0013103432,0.0015391477,NORMAL
3347,0.9972087,0.0012587656,0.0015325432,NORMAL
3348,0.00078917766,0.000672014,0.99853885,CRITICAL
3349,0.00078917766,0.000672014,0.99853885,CRITICAL
3350,0.00078917766,0.000672014,0.99853885,CRITICAL
3351,0.00078917766,0.000672014,0.99853885,CRITICAL
3352,0.00078917766,0.000672014,0.99853885,CRITICAL
3353,0.00078917766,0.000672014,0.99853885,CRITICAL
3354,0.00078487414,0.0006720169,0.99854314,CRITICAL
3355,0.0007835831,0.00067201775,0.99854445,CRITICAL
3356,0.0007831958,0.000672018,0.9985448,CRITICAL
3357,0.00078917766,0.000672014,0.99853885,CRITICAL
3358,0.00078917766,0.000672014,0.99853885,CRITICAL
3359,0.00078917766,0.000672014,0.99853885,CRITICAL
3360,0.00078917766,0.000672014,0.99853885,CRITICAL
3361,0.00078917766,0.000672014,0.99853885,CRITICAL
3362,0.00078917766,0.000672014,0.99853885,CRITICAL
3363,0.00078487414,0.0006720169,0.99854314,CRITICAL
3364,0.0007835831,0.00067201775,0.99854445,CRITICAL
3365,0.0007831958,0.000672018,0.9985448,CRITICAL
3366,0.9970222,0.001352327,0.0016254254,NORMAL
3367,0.99601793,0.0018084537,0.0021736647,NORMAL
3368,0.99613047,0.0017573074,0.0021121895,NORMAL
3369,0.995656,0.0019728069,0.0023712092,NORMAL
3370,0.9960342,0.0018010577,0.0021647753,NORMAL
3371,0.99662685,0.0015319367,0.001841306,NORMAL
3372,0.99560606,0.0019954927,0.0023984753,NORMAL
3373,0.99489033,0.0023205457,0.0027891726,NORMAL
3374,0.9938303,0.0028019198,0.0033677588,NORMAL
3375,0.99617875,0.0017353876,0.002085843,NORMAL
3376,0.9963745,0.0016465205,0.0019790295,NORMAL
3377,0.99683636,0.0014367584,0.0017269072,NORMAL
3378,0.99699557,0.0013644357,0.0016399788,NORMAL
3379,0.99657327,0.0015561971,0.0018704664,NORMAL
3380,0.99634767,0.0016586648,0.0019936266,NORMAL
3381,0.9951838,0.002187198,0.002628896,NORMAL
3382,0.9938468,0.0027944457,0.003358776,NORMAL
3383,0.9938839,0.0027775741,0.003338496,NORMAL
3384,0.9969632,0.001477961,0.0015588613,NORMAL
3385,0.99699247,0.0014460499,0.0015615519,NORMAL
3386,0.9970099,0.0014438686,0.0015462894,NORMAL
3387,0.9970486,0.001409607,0.0015417624,NORMAL
3388,0.99701804,0.0014255438,0.0015564223,NORMAL
3389,0.9970511,0.0014041095,0.0015448022,NORMAL
3390,0.9969032,0.0014978292,0.0015989676,NORMAL
3391,0.9969298,0.00146471,0.0016054501,NORMAL
3392,0.99664426,0.0016089297,0.0017468885,NORMAL
3393,0.99706525,0.0013949234,0.0015398222,NORMAL
3394,0.99705374,0.0014064407,0.0015398044,NORMAL
3395,0.9970618,0.0013983786,0.0015398168,NORMAL
3396,0.9970567,0.0014034428,0.001539809,NORMAL
3397,0.9969293,0.0014833513,0.0015873364,NORMAL
3398,0.9970244,0.0014214518,0.0015540764,NORMAL
3399,0.997053,0.0014028819,0.0015440985,NORMAL
3400,0.9969038,0.0014974609,0.0015987565,NORMAL
3401,0.9968916,0.0014915545,0.0016167832,NORMAL
3402,0.00069506525,0.0006720773,0.99863285,CRITICAL
3403,0.0006912748,0.00067207986,0.9986366,CRITICAL
3404,0.00069013773,0.0006720806,0.99863774,CRITICAL
3405,0.0006897966,0.00067208085,0.99863803,CRITICAL
3406,0.0006934847,0.00067207834,0.9986344,CRITICAL
3407,0.0006945911,0.00067207764,0.99863327,CRITICAL
3408,0.00069113256,0.00067208,0.9986367,CRITICAL
3409,0.000690095,0.00067208067,0.9986378,CRITICAL
3410,0.0006935742,0.00067207834,0.99863434,CRITICAL
3411,0.00069506525,0.0006720773,0.99863285,CRITICAL
3412,0.0006912748,0.00067207986,0.9986366,CRITICAL
3413,0.00069013773,0.0006720806,0.99863774,CRITICAL
3414,0.0006897966,0.00067208085,0.99863803,CRITICAL
3415,0.0006934847,0.00067207834,0.9986344,CRITICAL
3416,0.0006945911,0.00067207764,0.99863327,CRITICAL
3417,0.0022972329,0.0026458665,0.9950569,CRITICAL
3418,0.0011719251,0.0012642166,0.99756384,CRITICAL
3419,0.0008381232,0.0008497191,0.9983121,CRITICAL
3420,0.0006952061,0.00068050757,0.9986243,CRITICAL
3421,0.0006952061,0.00068050757,0.9986243,CRITICAL
3422,0.0006952061,0.00068050757,0.9986243,CRITICAL
3423,0.0006734776,0.00068052235,0.998646,CRITICAL
3424,0.00066695904,0.0006805268,0.9986525,CRITICAL
3425,0.00066500343,0.0006805281,0.9986545,CRITICAL
3426,0.00066441676,0.0006805285,0.9986551,CRITICAL
3427,0.0006642408,0.00068052864,0.99865526,CRITICAL
3428,0.00067564606,0.0006805209,0.9986439,CRITICAL
3429,0.0006952061,0.00068050757,0.9986243,CRITICAL
3430,0.0006952061,0.00068050757,0.9986243,CRITICAL
3431,0.0006952061,0.00068050757,0.9986243,CRITICAL
3432,0.0006734776,0.00068052235,0.998646,CRITICAL
3433,0.00066695904,0.0006805268,0.9986525,CRITICAL
3434,0.00066500343,0.0006805281,0.9986545,CRITICAL
3435,0.00066441676,0.0006805285,0.9986551,CRITICAL
3436,0.0006642408,0.00068052864,0.99865526,CRITICAL
3437,0.00067564606,0.0006805209,0.9986439,CRITICAL
3438,0.99615026,0.0017119063,0.0021378705,NORMAL
3439,0.99599063,0.0018025319,0.002206851,NORMAL
3440,0.99680966,0.0014416188,0.0017487457,NORMAL
3441,0.9970615,0.0013272297,0.0016113236,NORMAL
3442,0.9965891,0.0016930316,0.001717923,NORMAL
3443,0.99540126,0.002353462,0.0022452665,NORMAL
3444,0.99562013,0.0021194909,0.002260372,NORMAL
3445,0.99511576,0.0023178696,0.00256641,NORMAL
3446,0.934504,0.056791816,0.008704235,NORMAL
3447,0.99460876,0.0026851222,0.0027061172,NORMAL
3448,0.9963032,0.0017995082,0.0018972096,NORMAL
3449,0.9968537,0.0015064783,0.0016398071,NORMAL
3450,0.9970832,0.0013382054,0.0015786552,NORMAL
3451,0.9969113,0.001404811,0.0016839191,NORMAL
3452,0.9960681,0.002039566,0.0018923327,NORMAL
3453,0.99586916,0.0019375915,0.002193268,NORMAL
3454,0.995553,0.0020457818,0.0024012565,NORMAL
3455,0.94906116,0.043419793,0.007519087,NORMAL
3456,0.00078917766,0.000672014,0.99853885,CRITICAL
3457,0.00078917766,0.000672014,0.99853885,CRITICAL
3458,0.00078917766,0.000672014,0.99853885,CRITICAL
3459,0.00078917766,0.000672014,0.99853885,CRITICAL
3460,0.00078917766,0.000672014,0.99853885,CRITICAL
3461,0.00078917766,0.000672014,0.99853885,CRITICAL
3462,0.00078917766,0.000672014,0.99853885,CRITICAL
3463,0.00078917766,0.000672014,0.99853885,CRITICAL
3464,0.00078487414,0.0006720169,0.99854314,CRITICAL
3465,0.00078917766,0.000672014,0.99853885,CRITICAL
3466,0.00078917766,0.000672014,0.99853885,CRITICAL
3467,0.00078917766,0.000672014,0.99853885,CRITICAL
3468,0.00078917766,0.000672014,0.99853885,CRITICAL
3469,0.00078917766,0.000672014,0.99853885,CRITICAL
3470,0.00078917766,0.000672014,0.99853885,CRITICAL
3471,0.00078917766,0.000672014,0.99853885,CRITICAL
3472,0.00078917766,0.000672014,0.99853885,CRITICAL
3473,0.00078487414,0.0006720169,0.99854314,CRITICAL
3474,0.9972343,0.0012360355,0.0015297136,NORMAL
3475,0.99714816,0.001307415,0.0015443777,NORMAL
3476,0.9972084,0.0012574493,0.0015341128,NORMAL
3477,0.99720645,0.0012625643,0.0015310026,NORMAL
3478,0.99694633,0.0014018927,0.0016517066,NORMAL
3479,0.9971479,0.0012857927,0.0015663116,NORMAL
3480,0.99720836,0.0012509626,0.001540693,NORMAL
3481,0.9967634,0.0015739582,0.0016626345,NORMAL
3482,0.9971007,0.0013296433,0.0015696017,NORMAL
3483,0.9972343,0.0012360355,0.0015297136,NORMAL
3484,0.997242,0.0012282665,0.0015297254,NORMAL
3485,0.99724436,0.0012259358,0.001529729,NORMAL
3486,0.9967847,0.0015726043,0.0016426258,NORMAL
3487,0.99704623,0.0013902511,0.0015635057,NORMAL
3488,0.99717784,0.0012823001,0.0015398513,NORMAL
3489,0.9967681,0.0015861633,0.0016456683,NORMAL
3490,0.99710214,0.0013333048,0.0015645118,NORMAL
3491,0.9967755,0.0015713952,0.0016531172,NORMAL
3492,0.9315988,0.03128382,0.037117396,NORMAL
3493,0.94515216,0.025772942,0.029074896,NORMAL
3494,0.95720017,0.019781172,0.02301862,NORMAL
3495,0.9673835,0.01497931,0.017637182,NORMAL
3496,0.9729095,0.0129497945,0.014140731,NORMAL
3497,0.97777086,0.010702927,0.011526203,NORMAL
3498,0.9670223,0.015243458,0.017734189,NORMAL
3499,0.9664789,0.015852857,0.017668247,NORMAL
3500,0.96688044,0.015304018,0.017815579,NORMAL
3501,0.9235957,0.03494407,0.041460186,NORMAL
3502,0.9378737,0.0296399,0.032486368,NORMAL
3503,0.9553618,0.020783406,0.023854773,NORMAL
3504,0.9675281,0.014961604,0.017510282,NORMAL
3505,0.9644983,0.016270071,0.019231617,NORMAL
3506,0.9656946,0.016173776,0.018131627,NORMAL
3507,0.96360123,0.016792431,0.019606326,NORMAL
3508,0.94914645,0.02330181,0.027551731,NORMAL
3509,0.9716381,0.013247255,0.015114722,NORMAL
3510,0.99710363,0.0013153492,0.0015809801,NORMAL
3511,0.99707574,0.0013280129,0.0015962007,NORMAL
3512,0.9970952,0.0013191483,0.0015855463,NORMAL
3513,0.9971011,0.001316489,0.00158235,NORMAL
3514,0.99707496,0.0013283548,0.0015966117,NORMAL
3515,0.99709505,0.0013192509,0.0015856696,NORMAL
3516,0.99710107,0.0013165197,0.0015823869,NORMAL
3517,0.9970741,0.0013287426,0.0015970778,NORMAL
3518,0.9957763,0.0019181292,0.0023054888,NORMAL
3519,0.9970612,0.0013346123,0.0016041325,NORMAL
3520,0.996984,0.0013696885,0.0016462929,NORMAL
3521,0.99706775,0.001331651,0.001600574,NORMAL
3522,0.99706495,0.0013329034,0.0016020789,NORMAL
3523,0.997092,0.0013206154,0.0015873098,NORMAL
3524,0.99704313,0.0013428135,0.0016139906,NORMAL
3525,0.99708545,0.0013235885,0.0015908832,NORMAL
3526,0.9969245,0.0013966636,0.001678715,NORMAL
3527,0.9968312,0.001439077,0.0017296934,NORMAL
3528,0.9960354,0.0019537043,0.0020109492,NORMAL
3529,0.99376416,0.0043603266,0.0018755982,NORMAL
3530,0.99279195,0.0052556247,0.0019524236,NORMAL
3531,0.7935602,0.19870359,0.007736165,NORMAL
3532,0.82941425,0.15271409,0.017871683,NORMAL
3533,0.25012732,0.7430696,0.0068031023,NORMAL
3534,0.07629763,0.9201051,0.0035972875,WARNING
3535,0.024190351,0.97345465,0.0023550193,WARNING
3536,0.008420175,0.98941576,0.0021640332,WARNING
3537,0.99625933,0.0018083391,0.0019323075,NORMAL
3538,0.9938992,0.0042210077,0.0018797063,NORMAL
3539,0.99240637,0.0057394765,0.0018542081,NORMAL
3540,0.8039119,0.18896429,0.0071237776,NORMAL
3541,0.83917177,0.14368545,0.017142741,NORMAL
3542,0.2530104,0.74026924,0.006720381,NORMAL
3543,0.077120505,0.9193047,0.0035747774,WARNING
3544,0.024651462,0.9728551,0.0024934162,WARNING
3545,0.008829318,0.9885965,0.0025741407,WARNING
3546,0.99710363,0.0013153492,0.0015809801,NORMAL
3547,0.99692094,0.0013983258,0.0016807137,NORMAL
3548,0.99699867,0.001363,0.0016382532,NORMAL
3549,0.99707216,0.0013296445,0.0015981621,NORMAL
3550,0.99709415,0.0013196378,0.0015861348,NORMAL
3551,0.99710083,0.0013166358,0.0015825265,NORMAL
3552,0.9970749,0.0013283988,0.0015966647,NORMAL
3553,0.997095,0.0013192641,0.0015856855,NORMAL
3554,0.9970441,0.0013424081,0.0016135034,NORMAL
3555,0.9970343,0.0013468604,0.0016188549,NORMAL
3556,0.9970828,0.0013248026,0.0015923425,NORMAL
3557,0.99687576,0.0014188329,0.0017053615,NORMAL
3558,0.99638784,0.0016404212,0.0019716986,NORMAL
3559,0.99686015,0.0014259131,0.0017138714,NORMAL
3560,0.9970306,0.0013485184,0.0016208475,NORMAL
3561,0.99708176,0.0013253,0.0015929403,NORMAL
3562,0.9970971,0.0013183345,0.0015845682,NORMAL
3563,0.99710166,0.0013162448,0.0015820565,NORMAL
3564,0.0007206248,0.00069679157,0.9985826,CRITICAL
3565,0.0007027331,0.00067949155,0.99861777,CRITICAL
3566,0.0006973656,0.0006743016,0.9986283,CRITICAL
3567,0.00069575536,0.0006727446,0.9986315,CRITICAL
3568,0.0006952723,0.00067227747,0.99863243,CRITICAL
3569,0.00069512735,0.00067213736,0.9986327,CRITICAL
3570,0.0006950839,0.00067209534,0.9986328,CRITICAL
3571,0.00069507083,0.0006720827,0.9986328,CRITICAL
3572,0.0007145112,0.0006908801,0.9985945,CRITICAL
3573,0.00074942235,0.00072463666,0.9985259,CRITICAL
3574,0.00071137235,0.0006878451,0.9986007,CRITICAL
3575,0.00069995737,0.00067680766,0.9986232,CRITICAL
3576,0.0006965329,0.0006734964,0.9986299,CRITICAL
3577,0.0006955055,0.000672503,0.99863195,CRITICAL
3578,0.0006951973,0.000672205,0.99863255,CRITICAL
3579,0.0006951049,0.0006721156,0.9986328,CRITICAL
3580,0.0006950771,0.0006720888,0.9986328,CRITICAL
3581,0.00071451307,0.000690882,0.9985945,CRITICAL
3582,0.0011322224,0.00084725086,0.9980205,CRITICAL
3583,0.0009498561,0.0007107848,0.99833935,CRITICAL
3584,0.0008951463,0.000669845,0.998435,CRITICAL
3585,0.0010610996,0.0007940291,0.99814487,CRITICAL
3586,0.00096947956,0.00072546885,0.998305,CRITICAL
3587,0.0012659094,0.0009472891,0.99778676,CRITICAL
3588,0.0011197627,0.00083792687,0.99804235,CRITICAL
3589,0.00089765043,0.00070801924,0.9983943,CRITICAL
3590,0.0008310168,0.0006690469,0.9984999,CRITICAL
3591,0.0008716992,0.0006522993,0.99847597,CRITICAL
3592,0.0008716992,0.0006522993,0.998476,CRITICAL
3593,0.0008716992,0.0006522993,0.998476,CRITICAL
3594,0.00091265945,0.00068294996,0.9984044,CRITICAL
3595,0.0009249475,0.00069214514,0.99838287,CRITICAL
3596,0.0010174741,0.0007613837,0.99822116,CRITICAL
3597,0.00091543165,0.00068502466,0.99839956,CRITICAL
3598,0.00095585134,0.0007592941,0.9982848,CRITICAL
3599,0.0009679772,0.0007815749,0.9982504,CRITICAL
3600,0.99710363,0.0013153492,0.0015809801,NORMAL
3601,0.99710363,0.0013153492,0.0015809801,NORMAL
3602,0.9970749,0.0013283915,0.0015966558,NORMAL
3603,0.997095,0.001319262,0.0015856829,NORMAL
3604,0.99710107,0.0013165231,0.001582391,NORMAL
3605,0.99710286,0.0013157014,0.0015814034,NORMAL
3606,0.9970687,0.0013312276,0.0016000646,NORMAL
3607,0.9970932,0.0013201127,0.0015867054,NORMAL
3608,0.9970639,0.0013334453,0.0016027302,NORMAL
3609,0.99710363,0.0013153492,0.0015809801,NORMAL
3610,0.99710363,0.0013153492,0.0015809801,NORMAL
3611,0.99710363,0.0013153492,0.0015809801,NORMAL
3612,0.99710363,0.0013153492,0.0015809801,NORMAL
3613,0.99710363,0.0013153492,0.0015809801,NORMAL
3614,0.99710363,0.0013153492,0.0015809801,NORMAL
3615,0.99710363,0.0013153492,0.0015809801,NORMAL
3616,0.99710363,0.0013153492,0.0015809801,NORMAL
3617,0.99710363,0.0013153492,0.0015809801,NORMAL
3618,0.0011164158,0.9970906,0.0017929967,WARNING
3619,0.0010763997,0.99720204,0.0017215568,WARNING
3620,0.0013351247,0.99696517,0.0016996665,WARNING
3621,0.0014127422,0.9968941,0.0016930995,WARNING
3622,0.0014360275,0.9968728,0.0016911293,WARNING
3623,0.0015733488,0.99673635,0.0016903178,WARNING
3624,0.0014842094,0.99682546,0.0016902948,WARNING
3625,0.0014574677,0.9968522,0.001690288,WARNING
3626,0.0014494451,0.99686027,0.0016902859,WARNING
3627,0.0011164158,0.9970906,0.0017929967,WARNING
3628,0.0010763997,0.99720204,0.0017215568,WARNING
3629,0.0013351247,0.99696517,0.0016996665,WARNING
3630,0.0014127422,0.9968941,0.0016930995,WARNING
3631,0.0014360275,0.9968728,0.0016911293,WARNING
3632,0.0014430131,0.9968664,0.0016905383,WARNING
3633,0.0014451088,0.9968645,0.001690361,WARNING
3634,0.0014457374,0.99686396,0.0016903077,WARNING
3635,0.001445926,0.9968638,0.0016902918,WARNING
3636,0.00082236977,0.0006902531,0.99848735,CRITICAL
3637,0.0008223697,0.0006902531,0.99848735,CRITICAL
3638,0.0008223697,0.0006902531,0.99848735,CRITICAL
3639,0.0008128671,0.0006822771,0.9985049,CRITICAL
3640,0.00078474014,0.00067990145,0.9985354,CRITICAL
3641,0.00077630207,0.00067918876,0.9985446,CRITICAL
3642,0.0007737706,0.00067897496,0.9985473,CRITICAL
3643,0.00077301124,0.0006789109,0.99854815,CRITICAL
3644,0.0007727834,0.0006788916,0.9985484,CRITICAL
3645,0.00082236977,0.0006902531,0.99848735,CRITICAL
3646,0.0008223697,0.0006902531,0.99848735,CRITICAL
3647,0.0008223697,0.0006902531,0.99848735,CRITICAL
3648,0.0008128671,0.0006822771,0.9985049,CRITICAL
3649,0.00079806923,0.00067989243,0.9985221,CRITICAL
3650,0.0007803008,0.0006791861,0.9985405,CRITICAL
3651,0.0007749703,0.0006789742,0.99854606,CRITICAL
3652,0.0007733711,0.00067891064,0.99854773,CRITICAL
3653,0.00077289133,0.00067889155,0.99854827,CRITICAL
3654,0.0008181949,0.0006967236,0.99848515,CRITICAL
3655,0.00081819494,0.0006967236,0.9984852,CRITICAL
3656,0.00081819494,0.0006967236,0.9984852,CRITICAL
3657,0.00079244166,0.000691708,0.99851584,CRITICAL
3658,0.00076666084,0.000677938,0.9985554,CRITICAL
3659,0.0007589266,0.000673807,0.9985673,CRITICAL
3660,0.00075660634,0.00067256775,0.99857086,CRITICAL
3661,0.0007559103,0.0006721959,0.99857193,CRITICAL
3662,0.00075570145,0.0006720844,0.99857223,CRITICAL
3663,0.0008181949,0.0006967236,0.99848515,CRITICAL
3664,0.00081819494,0.0006967236,0.9984852,CRITICAL
3665,0.00081819494,0.0006967236,0.9984852,CRITICAL
3666,0.00079244166,0.000691708,0.99851584,CRITICAL
3667,0.00076666084,0.000677938,0.9985554,CRITICAL
3668,0.0007589266,0.000673807,0.9985673,CRITICAL
3669,0.00075660634,0.00067256775,0.99857086,CRITICAL
3670,0.0007559103,0.0006721959,0.99857193,CRITICAL
3671,0.00075570145,0.0006720844,0.99857223,CRITICAL
3672,0.0006823024,0.000652423,0.99866533,CRITICAL
3673,0.00079123117,0.0007565811,0.9984522,CRITICAL
3674,0.000712919,0.0006816987,0.9986054,CRITICAL
3675,0.00068942533,0.00065923395,0.9986514,CRITICAL
3676,0.0007835607,0.000749247,0.9984672,CRITICAL
3677,0.0008118013,0.0007762509,0.99841195,CRITICAL
3678,0.00071909005,0.00068759965,0.99859333,CRITICAL
3679,0.0009757307,0.00093300093,0.99809134,CRITICAL
3680,0.00076826883,0.0007346247,0.9984971,CRITICAL
3681,0.0008274759,0.00079123914,0.99838126,CRITICAL
3682,0.0007237924,0.00069209613,0.99858415,CRITICAL
3683,0.00079387083,0.00075910566,0.99844706,CRITICAL
3684,0.0007137109,0.00068245607,0.9986039,CRITICAL
3685,0.00079084636,0.0007562136,0.99845296,CRITICAL
3686,0.00071280356,0.0006815884,0.9986056,CRITICAL
3687,0.0008315534,0.000795138,0.9983733,CRITICAL
3688,0.00072501565,0.00069326576,0.99858177,CRITICAL
3689,0.00069305435,0.0006627041,0.9986443,CRITICAL
3690,0.9964915,0.0017942569,0.0017142126,NORMAL
3691,0.9969994,0.0014155098,0.0015850449,NORMAL
3692,0.9967227,0.00161806,0.00165924,NORMAL
3693,0.99707705,0.0013543342,0.0015685658,NORMAL
3694,0.9971949,0.0012637561,0.001541381,NORMAL
3695,0.9972302,0.0012365826,0.0015332256,NORMAL
3696,0.9967455,0.0016108603,0.0016436153,NORMAL
3697,0.9966465,0.0016766653,0.0016768111,NORMAL
3698,0.9969746,0.0014369539,0.001588511,NORMAL
3699,0.99668795,0.0016208936,0.00169118,NORMAL
3700,0.99706995,0.0013519307,0.0015781529,NORMAL
3701,0.997115,0.0013408605,0.0015441381,NORMAL
3702,0.9967793,0.0015736619,0.0016470052,NORMAL
3703,0.9970144,0.001406053,0.0015795692,NORMAL
3704,0.9967186,0.0016238968,0.0016575826,NORMAL
3705,0.9970873,0.0013446249,0.0015680861,NORMAL
3706,0.996711,0.001634861,0.0016540877,NORMAL
3707,0.99708503,0.0013479141,0.0015670375,NORMAL
3708,0.00082236977,0.0006902531,0.99848735,CRITICAL
3709,0.0008223697,0.0006902531,0.99848735,CRITICAL
3710,0.0008128671,0.0006822771,0.9985049,CRITICAL
3711,0.0008100163,0.0006798843,0.9985101,CRITICAL
3712,0.00081773987,0.0006791606,0.9985031,CRITICAL
3713,0.000820057,0.0006789435,0.998501,CRITICAL
3714,0.0008121733,0.0006788842,0.99850893,CRITICAL
3715,0.000818387,0.0006788606,0.99850273,CRITICAL
3716,0.00082285324,0.00070141937,0.9984757,CRITICAL
3717,0.00082236977,0.0006902531,0.99848735,CRITICAL
3718,0.0008310925,0.00069024705,0.99847865,CRITICAL
3719,0.00082406274,0.00068226946,0.9984937,CRITICAL
3720,0.0008219538,0.0006798762,0.9984982,CRITICAL
3721,0.00081274234,0.000679164,0.9985081,CRITICAL
3722,0.0008185577,0.0006789445,0.9985025,CRITICAL
3723,0.0008117235,0.0006788845,0.9985094,CRITICAL
3724,0.00081825204,0.0006788607,0.99850285,CRITICAL
3725,0.00082814076,0.0006964217,0.99847543,CRITICAL
3726,0.99710363,0.0013153492,0.0015809801,NORMAL
3727,0.99710363,0.0013153492,0.0015809801,NORMAL
3728,0.99710363,0.0013153492,0.0015809801,NORMAL
3729,0.99710363,0.0013153492,0.0015809801,NORMAL
3730,0.99710363,0.0013153492,0.0015809801,NORMAL
3731,0.99710363,0.0013153492,0.0015809801,NORMAL
3732,0.99710363,0.0013153492,0.0015809801,NORMAL
3733,0.99710363,0.0013153492,0.0015809801,NORMAL
3734,0.9970268,0.0013502255,0.0016228997,NORMAL
3735,0.99710363,0.0013153492,0.0015809801,NORMAL
3736,0.99710363,0.0013153492,0.0015809801,NORMAL
3737,0.99710363,0.0013153492,0.0015809801,NORMAL
3738,0.99710363,0.0013153492,0.0015809801,NORMAL
3739,0.99710363,0.0013153492,0.0015809801,NORMAL
3740,0.99710363,0.0013153492,0.0015809801,NORMAL
3741,0.9961948,0.0017280886,0.002077071,NORMAL
3742,0.9960587,0.0017898718,0.0021513305,NORMAL
3743,0.9967902,0.0014577061,0.0017520853,NORMAL
3744,0.0006676153,0.0006840636,0.99864835,CRITICAL
3745,0.0006791329,0.00068405573,0.99863684,CRITICAL
3746,0.00069855317,0.0006895683,0.9986119,CRITICAL
3747,0.0007043793,0.000691222,0.9986044,CRITICAL
3748,0.0007061271,0.0006917182,0.9986022,CRITICAL
3749,0.0007066515,0.000691867,0.99860156,CRITICAL
3750,0.0006986397,0.0006839154,0.99861753,CRITICAL
3751,0.0006962362,0.0006815299,0.9986223,CRITICAL
3752,0.00069551513,0.00068081426,0.9986237,CRITICAL
3753,0.0006676153,0.0006840636,0.99864835,CRITICAL
3754,0.0006676153,0.0006840636,0.99864835,CRITICAL
3755,0.0006950979,0.0006895707,0.9986154,CRITICAL
3756,0.0007033427,0.0006912228,0.9986055,CRITICAL
3757,0.00070581614,0.0006917184,0.9986025,CRITICAL
3758,0.0007065582,0.0006918671,0.9986016,CRITICAL
3759,0.0006986117,0.00068391545,0.99861753,CRITICAL
3760,0.00069622777,0.0006815299,0.9986223,CRITICAL
3761,0.00069551263,0.00068081426,0.9986237,CRITICAL
3762,0.00069506525,0.0006720773,0.99863285,CRITICAL
3763,0.00069506525,0.0006720773,0.99863285,CRITICAL
3764,0.00069506525,0.0006720773,0.99863285,CRITICAL
3765,0.00069506525,0.0006720773,0.99863285,CRITICAL
3766,0.00069506525,0.0006720773,0.99863285,CRITICAL
3767,0.00069506525,0.0006720773,0.99863285,CRITICAL
3768,0.00069506525,0.0006720773,0.99863285,CRITICAL
3769,0.00069506525,0.0006720773,0.99863285,CRITICAL
3770,0.00069506525,0.0006720773,0.99863285,CRITICAL
3771,0.00069506525,0.0006720773,0.99863285,CRITICAL
3772,0.00069506525,0.0006720773,0.99863285,CRITICAL
3773,0.00069506525,0.0006720773,0.99863285,CRITICAL
3774,0.00069506525,0.0006720773,0.99863285,CRITICAL
3775,0.00069506525,0.0006720773,0.99863285,CRITICAL
3776,0.00069506525,0.0006720773,0.99863285,CRITICAL
3777,0.00069506525,0.0006720773,0.99863285,CRITICAL
3778,0.00069506525,0.0006720773,0.99863285,CRITICAL
3779,0.00069506525,0.0006720773,0.99863285,CRITICAL
3780,0.00079583924,0.0006823963,0.99852175,CRITICAL
3781,0.000782441,0.0006824054,0.99853516,CRITICAL
3782,0.0007784215,0.0006824082,0.99853915,CRITICAL
3783,0.0007889363,0.000682401,0.9985286,CRITICAL
3784,0.00078037014,0.0006824069,0.9985372,CRITICAL
3785,0.0007778003,0.00068240863,0.9985398,CRITICAL
3786,0.0007967345,0.0006997221,0.99850345,CRITICAL
3787,0.0008132334,0.00071442145,0.99847233,CRITICAL
3788,0.00078765926,0.000692013,0.9985203,CRITICAL
3789,0.00081299513,0.0006823846,0.99850464,CRITICAL
3790,0.0007875878,0.00068240194,0.99853003,CRITICAL
3791,0.0007799656,0.0006824072,0.99853766,CRITICAL
3792,0.0007776789,0.0006824087,0.9985399,CRITICAL
3793,0.00077699294,0.00068240915,0.9985406,CRITICAL
3794,0.0007767871,0.0006824093,0.99854076,CRITICAL
3795,0.00077672536,0.0006824094,0.9985409,CRITICAL
3796,0.00077670685,0.0006824094,0.9985409,CRITICAL
3797,0.0007948264,0.00068790955,0.9985172,CRITICAL
3798,0.9972343,0.0012360355,0.0015297136,NORMAL
3799,0.99716544,0.0012902073,0.0015444043,NORMAL
3800,0.99717885,0.0012723563,0.0015488476,NORMAL
3801,0.99672604,0.0016092749,0.0016646518,NORMAL
3802,0.9965725,0.0016545588,0.0017729938,NORMAL
3803,0.99661654,0.001667883,0.0017156617,NORMAL
3804,0.9965297,0.0017556783,0.0017146484,NORMAL
3805,0.99674547,0.0015477081,0.0017068039,NORMAL
3806,0.9966254,0.0016625843,0.0017120703,NORMAL
3807,0.99717605,0.0012687213,0.0015552617,NORMAL
3808,0.9971117,0.001351133,0.0015372168,NORMAL
3809,0.99720526,0.0012627958,0.0015319764,NORMAL
3810,0.99722517,0.0012445013,0.0015303917,NORMAL
3811,0.9967666,0.0015729315,0.0016604577,NORMAL
3812,0.9971017,0.0013293353,0.0015689486,NORMAL
3813,0.9969003,0.0014366185,0.0016630653,NORMAL
3814,0.9965169,0.001784403,0.0016987011,NORMAL
3815,0.99694186,0.001463047,0.0015950878,NORMAL
3816,0.99573696,0.0018956655,0.0023673526,NORMAL
3817,0.9956528,0.0019402937,0.0024068276,NORMAL
3818,0.9955799,0.0019676844,0.002452414,NORMAL
3819,0.9948185,0.00231534,0.0028661955,NORMAL
3820,0.3346595,0.65907264,0.006267839,WARNING
3821,0.101342276,0.89541006,0.003247642,WARNING
3822,0.031147696,0.9666815,0.0021708042,WARNING
3823,0.010081323,0.98808384,0.0018349066,WARNING
3824,0.0037658717,0.9945,0.0017341299,WARNING
3825,0.99573696,0.0018956655,0.0023673526,NORMAL
3826,0.9953948,0.0021914025,0.0024137925,NORMAL
3827,0.9955025,0.002043017,0.0024545034,NORMAL
3828,0.99481416,0.0023189317,0.00286688,NORMAL
3829,0.30090547,0.696564,0.002530565,WARNING
3830,0.09109923,0.9069318,0.0019690099,WARNING
3831,0.028162729,0.96990883,0.0019284578,WARNING
3832,0.009185832,0.989052,0.0017622027,WARNING
3833,0.0034972248,0.99479043,0.0017123186,WARNING
3834,0.0010571283,0.00079105736,0.99815184,CRITICAL
3835,0.0009273279,0.00069392676,0.99837875,CRITICAL
3836,0.00083803345,0.0006721454,0.9984898,CRITICAL
3837,0.0026634946,0.0013360427,0.9960004,CRITICAL
3838,0.002944776,0.0014249143,0.9956304,CRITICAL
3839,0.003062908,0.0014524776,0.99548465,CRITICAL
3840,0.0030881541,0.0015176397,0.99539423,CRITICAL
3841,0.0030979873,0.0015491348,0.99535286,CRITICAL
3842,0.0032156506,0.0015951237,0.9951892,CRITICAL
3843,0.0010571283,0.00079105736,0.99815184,CRITICAL
3844,0.0009273279,0.00069392676,0.99837875,CRITICAL
3845,0.00083775446,0.00067191414,0.99849033,CRITICAL
3846,0.002759255,0.0014375562,0.99580324,CRITICAL
3847,0.0035899694,0.0017674476,0.99464256,CRITICAL
3848,0.0031363228,0.001498735,0.99536496,CRITICAL
3849,0.0031125648,0.0015026137,0.9953849,CRITICAL
3850,0.0033155666,0.0016505368,0.99503386,CRITICAL
3851,0.0034756965,0.0017569021,0.9947674,CRITICAL
3852,0.99570686,0.0019497009,0.0023434372,NORMAL
3853,0.9947835,0.0023690201,0.002847437,NORMAL
3854,0.994089,0.0026844358,0.0032265487,NORMAL
3855,0.9942903,0.0025930523,0.0031167106,NORMAL
3856,0.9940816,0.0026878228,0.0032306204,NORMAL
3857,0.99531186,0.002129115,0.0025590826,NORMAL
3858,0.9962696,0.0016941803,0.002036314,NORMAL
3859,0.9965884,0.0015493855,0.0018622789,NORMAL
3860,0.99665254,0.0015202614,0.001827273,NORMAL
3861,0.99463505,0.0024364213,0.0029284495,NORMAL
3862,0.99414074,0.0026609171,0.0031982805,NORMAL
3863,0.994799,0.0023620198,0.0028390225,NORMAL
3864,0.9949393,0.0022982869,0.0027624182,NORMAL
3865,0.99558616,0.0020045293,0.002409338,NORMAL
3866,0.9957802,0.001916402,0.0023034138,NORMAL
3867,0.99637717,0.0016453099,0.0019775748,NORMAL
3868,0.9965563,0.0015639821,0.0018798229,NORMAL
3869,0.99661,0.0015395838,0.0018504974,NORMAL
3870,0.0020893808,0.3042913,0.6936193,CRITICAL
3871,0.0021095723,0.27042744,0.727463,CRITICAL
3872,0.0029644081,0.3314116,0.665624,CRITICAL
3873,0.003220859,0.34970683,0.6470723,CRITICAL
3874,0.0032977941,0.3551954,0.6415068,CRITICAL
3875,0.0033732336,0.36246243,0.63416433,CRITICAL
3876,0.0023262831,0.10969989,0.8879739,CRITICAL
3877,0.0030294214,0.28319332,0.7137773,CRITICAL
3878,0.0021976754,0.08591919,0.9118831,CRITICAL
3879,0.0012188373,0.99682367,0.0019574894,WARNING
3880,0.0026971877,0.5493305,0.44797236,CRITICAL
3881,0.0031396723,0.41497287,0.5818875,CRITICAL
3882,0.0032724177,0.3746656,0.622062,CRITICAL
3883,0.003313262,0.36268306,0.6340037,CRITICAL
3884,0.0033255152,0.35908827,0.63758624,CRITICAL
3885,0.0033291911,0.35800985,0.63866097,CRITICAL
3886,0.0023598308,0.10841801,0.88922215,CRITICAL
3887,0.0019976783,0.03348725,0.9645151,CRITICAL
3888,0.0021103504,0.0017367043,0.99615294,CRITICAL
3889,0.002263156,0.0018624543,0.9958744,CRITICAL
3890,0.0021367157,0.0017584015,0.9961049,CRITICAL
3891,0.0020192633,0.001661744,0.99631906,CRITICAL
3892,0.0034859774,0.0025202713,0.99399376,CRITICAL
3893,0.0039259917,0.0027778295,0.99329615,CRITICAL
3894,0.0026463498,0.002041888,0.99531174,CRITICAL
3895,0.0022191028,0.0017854266,0.99599546,CRITICAL
3896,0.0020439795,0.0016698514,0.99628615,CRITICAL
3897,0.001994301,0.0016412012,0.99636453,CRITICAL
3898,0.003478489,0.0025141085,0.9940074,CRITICAL
3899,0.0027456884,0.0021550031,0.9950993,CRITICAL
3900,0.0022151775,0.0017916057,0.99599326,CRITICAL
3901,0.0020428018,0.0016717052,0.99628556,CRITICAL
3902,0.0019817285,0.0016280324,0.9963902,CRITICAL
3903,0.0019859895,0.0016335145,0.99638057,CRITICAL
3904,0.0019872678,0.0016351591,0.99637765,CRITICAL
3905,0.0019876512,0.0016356525,0.99637675,CRITICAL
3906,0.0007206248,0.00069679157,0.9985826,CRITICAL
3907,0.0007027331,0.00067949155,0.99861777,CRITICAL
3908,0.0006973656,0.0006743016,0.9986283,CRITICAL
3909,0.00069575536,0.0006727446,0.9986315,CRITICAL
3910,0.0006952723,0.00067227747,0.99863243,CRITICAL
3911,0.00069512735,0.00067213736,0.9986327,CRITICAL
3912,0.0006950839,0.00067209534,0.9986328,CRITICAL
3913,0.0006743749,0.0006720966,0.99865353,CRITICAL
3914,0.00066816225,0.00067209697,0.99865973,CRITICAL
3915,0.0007206248,0.00069679157,0.9985826,CRITICAL
3916,0.0007027331,0.00067949155,0.99861777,CRITICAL
3917,0.0006973656,0.0006743016,0.9986283,CRITICAL
3918,0.00069575536,0.0006727446,0.9986315,CRITICAL
3919,0.0006952723,0.00067227747,0.99863243,CRITICAL
3920,0.00069512735,0.00067213736,0.9986327,CRITICAL
3921,0.0006950839,0.00067209534,0.9986328,CRITICAL
3922,0.0006743749,0.0006720966,0.99865353,CRITICAL
3923,0.00066816225,0.00067209697,0.99865973,CRITICAL
3924,0.00078917766,0.000672014,0.99853885,CRITICAL
3925,0.00078917766,0.000672014,0.99853885,CRITICAL
3926,0.00078917766,0.000672014,0.99853885,CRITICAL
3927,0.00078917766,0.000672014,0.99853885,CRITICAL
3928,0.00078917766,0.000672014,0.99853885,CRITICAL
3929,0.00078917766,0.000672014,0.99853885,CRITICAL
3930,0.00078917766,0.000672014,0.99853885,CRITICAL
3931,0.00078917766,0.000672014,0.99853885,CRITICAL
3932,0.00078917766,0.000672014,0.99853885,CRITICAL
3933,0.00078917766,0.000672014,0.99853885,CRITICAL
3934,0.00078917766,0.000672014,0.99853885,CRITICAL
3935,0.00078917766,0.000672014,0.99853885,CRITICAL
3936,0.00078917766,0.000672014,0.99853885,CRITICAL
3937,0.00078917766,0.000672014,0.99853885,CRITICAL
3938,0.00078917766,0.000672014,0.99853885,CRITICAL
3939,0.00078917766,0.000672014,0.99853885,CRITICAL
3940,0.00078917766,0.000672014,0.99853885,CRITICAL
3941,0.00078917766,0.000672014,0.99853885,CRITICAL
3942,0.56294745,0.42233995,0.014712644,NORMAL
3943,0.7734785,0.21572718,0.010794304,NORMAL
3944,0.8959895,0.06930407,0.034706455,NORMAL
3945,0.9472859,0.023215879,0.029498259,NORMAL
3946,0.9609714,0.009525469,0.029503155,NORMAL
3947,0.9648391,0.0054445975,0.029716363,NORMAL
3948,0.9511943,0.0058534364,0.0429523,NORMAL
3949,0.9615871,0.004430558,0.033982437,NORMAL
3950,0.96339095,0.004053938,0.032555133,NORMAL
3951,0.5231279,0.46178615,0.015085938,NORMAL
3952,0.80249405,0.18850453,0.009001399,NORMAL
3953,0.91761094,0.059432514,0.022956526,NORMAL
3954,0.95149744,0.020602385,0.027900212,NORMAL
3955,0.96163976,0.008889746,0.0294705,NORMAL
3956,0.96715665,0.0051196953,0.027723651,NORMAL
3957,0.96674174,0.004347963,0.028910333,NORMAL
3958,0.9685116,0.0037290473,0.027759422,NORMAL
3959,0.9733064,0.003077594,0.023615977,NORMAL
3960,0.0008087945,0.0006788588,0.9985123,CRITICAL
3961,0.0008087945,0.0006788588,0.9985124,CRITICAL
3962,0.0008087945,0.0006788588,0.9985124,CRITICAL
3963,0.0008087945,0.0006788588,0.9985124,CRITICAL
3964,0.0008087945,0.0006788588,0.9985124,CRITICAL
3965,0.0008087945,0.0006788588,0.9985124,CRITICAL
3966,0.0008087945,0.0006788588,0.9985124,CRITICAL
3967,0.0008087945,0.0006788588,0.9985124,CRITICAL
3968,0.0008087945,0.0006788588,0.9985124,CRITICAL
3969,0.0008087945,0.0006788588,0.9985123,CRITICAL
3970,0.0008087945,0.0006788588,0.9985124,CRITICAL
3971,0.0008087945,0.0006788588,0.9985124,CRITICAL
3972,0.0008087945,0.0006788588,0.9985124,CRITICAL
3973,0.0008087945,0.0006788588,0.9985124,CRITICAL
3974,0.0008087945,0.0006788588,0.9985124,CRITICAL
3975,0.0008087945,0.0006788588,0.9985124,CRITICAL
3976,0.0008087945,0.0006788588,0.9985124,CRITICAL
3977,0.00082931307,0.00069608114,0.9984746,CRITICAL
3978,0.0007206248,0.00069679157,0.9985826,CRITICAL
3979,0.0007206248,0.00069679157,0.9985826,CRITICAL
3980,0.0007027331,0.00067949155,0.99861777,CRITICAL
3981,0.0006973656,0.0006743016,0.9986283,CRITICAL
3982,0.00069575536,0.0006727446,0.9986315,CRITICAL
3983,0.0006952723,0.00067227747,0.99863243,CRITICAL
3984,0.00069512735,0.00067213736,0.9986327,CRITICAL
3985,0.0006950839,0.00067209534,0.9986328,CRITICAL
3986,0.00069507083,0.0006720827,0.9986328,CRITICAL
3987,0.0007206248,0.00069679157,0.9985826,CRITICAL
3988,0.0007206248,0.00069679157,0.9985826,CRITICAL
3989,0.0007027331,0.00067949155,0.99861777,CRITICAL
3990,0.0006973656,0.0006743016,0.9986283,CRITICAL
3991,0.00069575536,0.0006727446,0.9986315,CRITICAL
3992,0.0006952723,0.00067227747,0.99863243,CRITICAL
3993,0.00069512735,0.00067213736,0.9986327,CRITICAL
3994,0.0006950839,0.00067209534,0.9986328,CRITICAL
3995,0.00069507083,0.0006720827,0.9986328,CRITICAL
3996,0.0041824384,0.9891004,0.0067171226,WARNING
3997,0.0019119468,0.29754657,0.7005415,CRITICAL
3998,0.0010409148,0.08974282,0.9092163,CRITICAL
3999,0.0007796051,0.027401691,0.9718187,CRITICAL
4000,0.00070121227,0.008699352,0.99059945,CRITICAL
4001,0.0006776944,0.0030886503,0.9962337,CRITICAL
4002,0.00067063904,0.0014054396,0.997924,CRITICAL
4003,0.00066852244,0.00090047636,0.998431,CRITICAL
4004,0.0006707175,0.0007489855,0.99858034,CRITICAL
4005,0.006014974,0.9843248,0.009660225,WARNING
4006,0.0024617075,0.29611388,0.7014245,CRITICAL
4007,0.001205843,0.08931301,0.90948117,CRITICAL
4008,0.0008290836,0.027272748,0.9718982,CRITICAL
4009,0.0007160558,0.0086606685,0.9906233,CRITICAL
4010,0.00068214745,0.003077045,0.99624085,CRITICAL
4011,0.00067197497,0.001401958,0.9979261,CRITICAL
4012,0.0006689232,0.00089943194,0.9984317,CRITICAL
4013,0.0006708377,0.0007486722,0.9985806,CRITICAL
4014,0.9136688,0.043215178,0.043115985,NORMAL
4015,0.27625686,0.7091653,0.014577851,WARNING
4016,0.083587036,0.9107999,0.0056130695,WARNING
4017,0.025837542,0.97114027,0.0030222125,WARNING
4018,0.008461191,0.9893464,0.0021924144,WARNING
4019,0.0035986272,0.99372435,0.002676995,WARNING
4020,0.0020388465,0.9951794,0.0027817462,WARNING
4021,0.0015709123,0.99561596,0.0028131716,WARNING
4022,0.0013655366,0.9957632,0.0028713522,WARNING
4023,0.9223577,0.038865745,0.03877654,NORMAL
4024,0.27886423,0.70809543,0.013040324,WARNING
4025,0.08436916,0.9103893,0.005241497,WARNING
4026,0.026072038,0.9708885,0.0030395323,WARNING
4027,0.008531531,0.9892618,0.0022066382,WARNING
4028,0.0037330166,0.99385065,0.0024163432,WARNING
4029,0.002014168,0.99523354,0.0027523036,WARNING
4030,0.0014985134,0.9956484,0.0028530918,WARNING
4031,0.0014085437,0.9955615,0.0030300715,WARNING
4032,0.994703,0.0024055748,0.0028913736,NORMAL
4033,0.99463797,0.0024351454,0.0029269152,NORMAL
4034,0.99401176,0.0027195378,0.0032687406,NORMAL
4035,0.99443054,0.0025293343,0.0030401251,NORMAL
4036,0.99456877,0.0024665669,0.0029646824,NORMAL
4037,0.9927392,0.0032974486,0.0039633587,NORMAL
4038,0.96241754,0.018711677,0.018870775,NORMAL
4039,0.29109147,0.7017392,0.00716938,WARNING
4040,0.08845717,0.9081165,0.0034263162,WARNING
4041,0.9964413,0.001616168,0.0019425474,NORMAL
4042,0.996415,0.0016280722,0.0019568556,NORMAL
4043,0.99625164,0.0017022879,0.0020460598,NORMAL
4044,0.99469924,0.0024073278,0.0028934793,NORMAL
4045,0.99241483,0.00344479,0.004140453,NORMAL
4046,0.9918977,0.0036796236,0.0044227103,NORMAL
4047,0.9677702,0.016020529,0.016209219,NORMAL
4048,0.29490352,0.69795287,0.0071436455,WARNING
4049,0.089489676,0.9071504,0.003359918,WARNING
4050,0.0006793566,0.0006496062,0.99867105,CRITICAL
4051,0.00078054005,0.00074635865,0.9984731,CRITICAL
4052,0.0007097117,0.00067863194,0.9986117,CRITICAL
4053,0.0007896466,0.0007550664,0.9984553,CRITICAL
4054,0.0007124436,0.0006812443,0.9986063,CRITICAL
4055,0.0006892827,0.0006590977,0.9986516,CRITICAL
4056,0.0006823345,0.0006524537,0.9986652,CRITICAL
4057,0.00068025,0.0006504605,0.9986693,CRITICAL
4058,0.0006796246,0.0006498625,0.9986706,CRITICAL
4059,0.0006793566,0.0006496062,0.99867105,CRITICAL
4060,0.0008192512,0.00078337395,0.9983974,CRITICAL
4061,0.000721325,0.00068973657,0.998589,CRITICAL
4062,0.0006919471,0.0006616453,0.99864644,CRITICAL
4063,0.0006831338,0.00065321795,0.99866366,CRITICAL
4064,0.00068048976,0.00065068976,0.99866885,CRITICAL
4065,0.00067969656,0.0006499313,0.9986704,CRITICAL
4066,0.0006794586,0.0006497038,0.9986709,CRITICAL
4067,0.00067938725,0.0006496355,0.99867105,CRITICAL
4068,0.047316745,0.887371,0.06531232,CRITICAL
4069,0.014764121,0.26668897,0.7185469,CRITICAL
4070,0.0050048954,0.080489874,0.9145052,CRITICAL
4071,0.0020451578,0.02462465,0.97333014,CRITICAL
4072,0.0036320037,0.008585266,0.9877827,CRITICAL
4073,0.003990257,0.003749487,0.99226034,CRITICAL
4074,0.004097733,0.0022987535,0.9936036,CRITICAL
4075,0.0042638443,0.0019177105,0.99381846,CRITICAL
4076,0.0040097563,0.0016803998,0.9943099,CRITICAL
4077,0.1324215,0.28236955,0.5852089,CRITICAL
4078,0.04029555,0.08518854,0.8745159,CRITICAL
4079,0.012664324,0.02603974,0.9612959,CRITICAL
4080,0.0043429863,0.008289609,0.9873674,CRITICAL
4081,0.0043374207,0.003714967,0.9919476,CRITICAL
4082,0.004031829,0.0022195769,0.9937486,CRITICAL
4083,0.0041102045,0.0018397804,0.99405,CRITICAL
4084,0.004133717,0.0017258414,0.9941405,CRITICAL
4085,0.004200231,0.0017157232,0.99408406,CRITICAL
4086,0.0006793566,0.0006496062,0.99867105,CRITICAL
4087,0.17258671,0.11107023,0.71634305,CRITICAL
4088,0.052251562,0.033775795,0.9139727,CRITICAL
4089,0.01615102,0.010587464,0.9732616,CRITICAL
4090,0.005352785,0.003661494,0.9909857,CRITICAL
4091,0.0026799852,0.002036844,0.99528325,CRITICAL
4092,0.18702996,0.14337374,0.6695964,CRITICAL
4093,0.05722445,0.043968633,0.89880687,CRITICAL
4094,0.018459052,0.014298241,0.9672427,CRITICAL
4095,0.0008239044,0.000787824,0.9983883,CRITICAL
4096,0.000722721,0.00069107156,0.99858624,CRITICAL
4097,0.17193228,0.113363676,0.7147041,CRITICAL
4098,0.4004393,0.14781578,0.45174497,CRITICAL
4099,0.4765746,0.15098333,0.3724421,CRITICAL
4100,0.14410608,0.046267144,0.8096268,CRITICAL
4101,0.23174718,0.17585255,0.5924003,CRITICAL
4102,0.07070753,0.05377052,0.8755219,CRITICAL
4103,0.21287102,0.1769146,0.61021435,CRITICAL
4104,0.9972453,0.0012249369,0.0015297305,NORMAL
4105,0.9972453,0.0012249369,0.0015297305,NORMAL
4106,0.9971687,0.0012868777,0.0015444094,NORMAL
4107,0.9972029,0.0012629995,0.0015341045,NORMAL
4108,0.9972185,0.0012504791,0.0015310211,NORMAL
4109,0.99663717,0.0017037094,0.0016591304,NORMAL
4110,0.9969852,0.0014463941,0.0015684314,NORMAL
4111,0.9971673,0.0012913741,0.0015413407,NORMAL
4112,0.99722195,0.001244868,0.0015332135,NORMAL
4113,0.9972065,0.0012422092,0.0015513021,NORMAL
4114,0.9972337,0.0012301186,0.0015362019,NORMAL
4115,0.99664176,0.0016976013,0.0016606847,NORMAL
4116,0.9969877,0.001428677,0.0015836956,NORMAL
4117,0.99716806,0.0012860589,0.00154592,NORMAL
4118,0.99714553,0.0013052142,0.0015492663,NORMAL
4119,0.99719596,0.0012685005,0.0015355615,NORMAL
4120,0.9972305,0.0012380059,0.0015314798,NORMAL
4121,0.99714774,0.0013069698,0.0015452527,NORMAL
4122,0.0006952061,0.00068050757,0.9986243,CRITICAL
4123,0.0006952061,0.00068050757,0.9986243,CRITICAL
4124,0.0006952061,0.00068050757,0.9986243,CRITICAL
4125,0.0006952061,0.00068050757,0.9986243,CRITICAL
4126,0.0006952061,0.00068050757,0.9986243,CRITICAL
4127,0.0006952061,0.00068050757,0.9986243,CRITICAL
4128,0.008522055,0.0075154514,0.98396254,CRITICAL
4129,0.017031359,0.013049498,0.96991915,CRITICAL
4130,0.019759633,0.014840577,0.9653998,CRITICAL
4131,0.0006952061,0.00068050757,0.9986243,CRITICAL
4132,0.0006952061,0.00068050757,0.9986243,CRITICAL
4133,0.0006952061,0.00068050757,0.9986243,CRITICAL
4134,0.0006952061,0.00068050757,0.9986243,CRITICAL
4135,0.0006952061,0.00068050757,0.9986243,CRITICAL
4136,0.0006952061,0.00068050757,0.9986243,CRITICAL
4137,0.009000389,0.0073221847,0.9836774,CRITICAL
4138,0.017174859,0.012991518,0.9698336,CRITICAL
4139,0.0196272,0.014692318,0.9656805,CRITICAL
4140,0.0006952061,0.00068050757,0.9986243,CRITICAL
4141,0.0008211233,0.0007588009,0.9984201,CRITICAL
4142,0.0016166088,0.001249551,0.99713385,CRITICAL
4143,0.0017635748,0.0013284038,0.996908,CRITICAL
4144,0.0018076646,0.0013520597,0.99684024,CRITICAL
4145,0.0018800637,0.0014032853,0.9967166,CRITICAL
4146,0.0019342909,0.0014428963,0.9966228,CRITICAL
4147,0.0020387573,0.0015205551,0.9964407,CRITICAL
4148,0.0020700973,0.0015438527,0.99638605,CRITICAL
4149,0.0006952061,0.00068050757,0.9986243,CRITICAL
4150,0.0008717105,0.00080460566,0.99832374,CRITICAL
4151,0.0016587409,0.0012833956,0.9970579,CRITICAL
4152,0.0018353866,0.0013826861,0.99678195,CRITICAL
4153,0.0018554884,0.0013879435,0.99675655,CRITICAL
4154,0.0018944109,0.0014140505,0.9966915,CRITICAL
4155,0.0019385951,0.0014461258,0.9966153,CRITICAL
4156,0.0019518503,0.0014557485,0.9965924,CRITICAL
4157,0.0020440253,0.0015244107,0.9964316,CRITICAL
4158,0.0008087945,0.0006788588,0.9985123,CRITICAL
4159,0.0008087945,0.0006788588,0.9985124,CRITICAL
4160,0.0008087945,0.0006788588,0.9985124,CRITICAL
4161,0.0008087945,0.0006788588,0.9985124,CRITICAL
4162,0.0008087945,0.0006788588,0.9985124,CRITICAL
4163,0.0022885057,0.0012512015,0.9964603,CRITICAL
4164,0.0024824145,0.0012948947,0.9962227,CRITICAL
4165,0.002513624,0.0012941973,0.99619216,CRITICAL
4166,0.0025646845,0.0013153383,0.99612,CRITICAL
4167,0.0008087945,0.0006788588,0.9985123,CRITICAL
4168,0.0008087945,0.0006788588,0.9985124,CRITICAL
4169,0.0008087945,0.0006788588,0.9985124,CRITICAL
4170,0.0008087945,0.0006788588,0.9985124,CRITICAL
4171,0.0008087945,0.0006788588,0.9985124,CRITICAL
4172,0.0020385012,0.0011231919,0.99683833,CRITICAL
4173,0.002358968,0.0012316869,0.99640936,CRITICAL
4174,0.0024551079,0.0012642355,0.99628067,CRITICAL
4175,0.0025471295,0.0013063498,0.99614656,CRITICAL
4176,0.000684069,0.00068405236,0.9986319,CRITICAL
4177,0.00067255145,0.0006840602,0.9986434,CRITICAL
4178,0.00068061374,0.00068405474,0.99863535,CRITICAL
4179,0.00067151483,0.000684061,0.9986445,CRITICAL
4180,0.0006687852,0.00068406283,0.9986472,CRITICAL
4181,0.00066796626,0.00068406336,0.998648,CRITICAL
4182,0.00066772057,0.00068406353,0.9986482,CRITICAL
4183,0.0006676469,0.0006840636,0.9986483,CRITICAL
4184,0.00066520984,0.0006815891,0.9986532,CRITICAL
4185,0.000684069,0.00068405236,0.9986319,CRITICAL
4186,0.000684069,0.00068405236,0.9986319,CRITICAL
4187,0.00067255145,0.0006840602,0.9986434,CRITICAL
4188,0.00066909613,0.0006840626,0.99864686,CRITICAL
4189,0.00066805957,0.0006840633,0.9986479,CRITICAL
4190,0.0006677486,0.00068406353,0.9986482,CRITICAL
4191,0.0006676553,0.0006840636,0.9986483,CRITICAL
4192,0.0006676273,0.0006840636,0.9986483,CRITICAL
4193,0.00066520396,0.0006815891,0.9986532,CRITICAL
4194,0.99710363,0.0013153492,0.0015809801,NORMAL
4195,0.99710363,0.0013153492,0.0015809801,NORMAL
4196,0.99710363,0.0013153492,0.0015809801,NORMAL
4197,0.99710363,0.0013153492,0.0015809801,NORMAL
4198,0.99710363,0.0013153492,0.0015809801,NORMAL
4199,0.99704665,0.0013412336,0.0016120918,NORMAL
4200,0.9970578,0.0013361569,0.0016059893,NORMAL
4201,0.99708986,0.0013215916,0.0015884829,NORMAL
4202,0.9970995,0.0013172219,0.0015832309,NORMAL
4203,0.99710363,0.0013153492,0.0015809801,NORMAL
4204,0.99707574,0.0013280129,0.0015962007,NORMAL
4205,0.9970952,0.0013191483,0.0015855463,NORMAL
4206,0.99707323,0.0013291526,0.0015975706,NORMAL
4207,0.9970945,0.0013194903,0.0015859572,NORMAL
4208,0.996608,0.0015404513,0.0018515406,NORMAL
4209,0.9961827,0.0017335806,0.0020836713,NORMAL
4210,0.99682736,0.0014408187,0.0017317875,NORMAL
4211,0.9970207,0.00135299,0.0016262224,NORMAL
4212,0.9972337,0.0012366609,0.0015297127,NORMAL
4213,0.9966943,0.0016468557,0.0016588286,NORMAL
4214,0.9969885,0.0014431761,0.0015683196,NORMAL
4215,0.99694717,0.0014557049,0.0015971289,NORMAL
4216,0.9968188,0.001493635,0.0016875941,NORMAL
4217,0.99701285,0.0013694848,0.0016177397,NORMAL
4218,0.9970476,0.0013556618,0.001596746,NORMAL
4219,0.99665344,0.0016388397,0.0017077234,NORMAL
4220,0.99686265,0.0014728949,0.001664417,NORMAL
4221,0.9965881,0.0016970157,0.0017149216,NORMAL
4222,0.99700665,0.0013929739,0.0016003656,NORMAL
4223,0.99711835,0.0013109867,0.0015706214,NORMAL
4224,0.99702007,0.0013817069,0.0015982316,NORMAL
4225,0.99694574,0.0014322483,0.001622016,NORMAL
4226,0.9970286,0.0013577169,0.0016137473,NORMAL
4227,0.9965261,0.0017442927,0.0017295858,NORMAL
4228,0.9968951,0.0014498681,0.0016550261,NORMAL
4229,0.99699366,0.0013575848,0.0016487045,NORMAL
4230,0.99706525,0.0013949234,0.0015398222,NORMAL
4231,0.99698585,0.0014609771,0.0015531372,NORMAL
4232,0.99704146,0.0014147395,0.0015438166,NORMAL
4233,0.9970581,0.0014008683,0.0015410205,NORMAL
4234,0.9969837,0.0014627605,0.0015534967,NORMAL
4235,0.99704075,0.0014152746,0.0015439246,NORMAL
4236,0.9970579,0.0014010288,0.001541053,NORMAL
4237,0.99706304,0.001396755,0.0015401914,NORMAL
4238,0.9969932,0.0014535991,0.0015532604,NORMAL
4239,0.99706525,0.0013949234,0.0015398222,NORMAL
4240,0.9970414,0.0014188024,0.0015397855,NORMAL
4241,0.99703425,0.001425966,0.0015397745,NORMAL
4242,0.99704105,0.0014191823,0.0015397848,NORMAL
4243,0.997058,0.0014022011,0.001539811,NORMAL
4244,0.99706304,0.0013971068,0.0015398188,NORMAL
4245,0.9970646,0.0013955785,0.0015398212,NORMAL
4246,0.99699366,0.0014532462,0.0015531493,NORMAL
4247,0.9970437,0.0014124203,0.0015438204,NORMAL
4248,0.0008716992,0.0006522993,0.99847597,CRITICAL
4249,0.0008716992,0.0006522993,0.998476,CRITICAL
4250,0.0008716992,0.0006522993,0.998476,CRITICAL
4251,0.0008716992,0.0006522993,0.998476,CRITICAL
4252,0.0008716992,0.0006522993,0.998476,CRITICAL
4253,0.0008716992,0.0006522993,0.998476,CRITICAL
4254,0.0008716992,0.0006522993,0.998476,CRITICAL
4255,0.0008716992,0.0006522993,0.998476,CRITICAL
4256,0.0008716992,0.0006522993,0.998476,CRITICAL
4257,0.0008716992,0.0006522993,0.99847597,CRITICAL
4258,0.0008716992,0.0006522993,0.998476,CRITICAL
4259,0.0008716992,0.0006522993,0.998476,CRITICAL
4260,0.0008716992,0.0006522993,0.998476,CRITICAL
4261,0.0008716992,0.0006522993,0.998476,CRITICAL
4262,0.0008716992,0.0006522993,0.998476,CRITICAL
4263,0.0008716992,0.0006522993,0.998476,CRITICAL
4264,0.0008716992,0.0006522993,0.998476,CRITICAL
4265,0.0008716992,0.0006522993,0.998476,CRITICAL
4266,0.0008181949,0.0006967236,0.99848515,CRITICAL
4267,0.00081819494,0.0006967236,0.9984852,CRITICAL
4268,0.00079788285,0.0006794269,0.99852276,CRITICAL
4269,0.0007917892,0.0006742379,0.998534,CRITICAL
4270,0.00081257883,0.00069147843,0.99849594,CRITICAL
4271,0.0016834546,0.0010647612,0.9972518,CRITICAL
4272,0.0023896894,0.0014417227,0.9961686,CRITICAL
4273,0.002397261,0.0014331529,0.99616957,CRITICAL
4274,0.0022419514,0.0013367446,0.9964213,CRITICAL
4275,0.0008181949,0.0006967236,0.99848515,CRITICAL
4276,0.00081819494,0.0006967236,0.9984852,CRITICAL
4277,0.00079788285,0.0006794269,0.99852276,CRITICAL
4278,0.0007917892,0.0006742379,0.998534,CRITICAL
4279,0.0009016941,0.000672606,0.9984257,CRITICAL
4280,0.0018373033,0.0011347944,0.997028,CRITICAL
4281,0.0020234261,0.0012171413,0.9967594,CRITICAL
4282,0.002097898,0.0012529433,0.99664915,CRITICAL
4283,0.0021074233,0.0012560514,0.9966365,CRITICAL
4284,0.9967777,0.0015473526,0.0016749885,NORMAL
4285,0.9967394,0.0015681561,0.0016924194,NORMAL
4286,0.9967867,0.001539574,0.0016737256,NORMAL
4287,0.99295175,0.005026184,0.0020221525,NORMAL
4288,0.991795,0.006074667,0.0021303513,NORMAL
4289,0.991768,0.006090938,0.0021411006,NORMAL
4290,0.9917599,0.006095819,0.0021443253,NORMAL
4291,0.991801,0.006053586,0.002145387,NORMAL
4292,0.99148107,0.006322217,0.00219665,NORMAL
4293,0.9966248,0.0016795923,0.0016956124,NORMAL
4294,0.9967521,0.0015732509,0.001674683,NORMAL
4295,0.9967184,0.0015940398,0.0016875176,NORMAL
4296,0.99274975,0.005168227,0.002081995,NORMAL
4297,0.99205446,0.005819006,0.0021265936,NORMAL
4298,0.9917959,0.0060643456,0.002139865,NORMAL
4299,0.99176824,0.0060878415,0.0021439546,NORMAL
4300,0.99175996,0.00609489,0.0021451814,NORMAL
4301,0.99148655,0.0063497988,0.002163683,NORMAL
4302,0.0006793566,0.0006496062,0.99867105,CRITICAL
4303,0.00078054005,0.00074635865,0.9984731,CRITICAL
4304,0.0007097117,0.00067863194,0.9986117,CRITICAL
4305,0.0007896466,0.0007550664,0.9984553,CRITICAL
4306,0.0007124436,0.0006812443,0.9986063,CRITICAL
4307,0.0006892827,0.0006590977,0.9986516,CRITICAL
4308,0.0006823345,0.0006524537,0.9986652,CRITICAL
4309,0.00068025,0.0006504605,0.9986693,CRITICAL
4310,0.00082178734,0.00078579964,0.99839246,CRITICAL
4311,0.0006793566,0.0006496062,0.99867105,CRITICAL
4312,0.0006793566,0.0006496062,0.99867105,CRITICAL
4313,0.0006793566,0.0006496062,0.99867105,CRITICAL
4314,0.0006793566,0.0006496062,0.99867105,CRITICAL
4315,0.00078054005,0.00074635865,0.9984731,CRITICAL
4316,0.0007097117,0.00067863194,0.9986117,CRITICAL
4317,0.00068846316,0.000658314,0.9986533,CRITICAL
4318,0.0006820886,0.0006522186,0.99866575,CRITICAL
4319,0.0008200708,0.00078415766,0.9983958,CRITICAL
4320,0.9969848,0.0014563573,0.0015588951,NORMAL
4321,0.9970318,0.0014226576,0.0015455297,NORMAL
4322,0.9969169,0.001489989,0.0015930411,NORMAL
4323,0.99698764,0.0014416031,0.001570752,NORMAL
4324,0.9965842,0.001607213,0.0018086473,NORMAL
4325,0.99683404,0.0015143929,0.001651516,NORMAL
4326,0.9968921,0.001483013,0.0016248927,NORMAL
4327,0.99702764,0.0014070764,0.0015653654,NORMAL
4328,0.99704945,0.0014031038,0.0015474783,NORMAL
4329,0.9968677,0.0015188453,0.0016134031,NORMAL
4330,0.99691486,0.0014715872,0.0016134795,NORMAL
4331,0.99703443,0.0014036486,0.0015619413,NORMAL
4332,0.9970703,0.001383267,0.0015464799,NORMAL
4333,0.996706,0.001581452,0.0017125437,NORMAL
4334,0.9968644,0.0014852838,0.0016503076,NORMAL
4335,0.9969359,0.0014778404,0.0015862989,NORMAL
4336,0.99689615,0.0014777585,0.0016260804,NORMAL
4337,0.9970113,0.0014054758,0.001583221,NORMAL
4338,0.9970487,0.0013788517,0.0015724904,NORMAL
4339,0.9970511,0.0013763763,0.0015724944,NORMAL
4340,0.9970408,0.0013867355,0.001572478,NORMAL
4341,0.997184,0.0012734765,0.0015425547,NORMAL
4342,0.99671936,0.0016178483,0.0016627498,NORMAL
4343,0.99708754,0.0013428103,0.0015696363,NORMAL
4344,0.9967072,0.0016382644,0.0016545462,NORMAL
4345,0.9970839,0.0013489352,0.0015671751,NORMAL
4346,0.9967741,0.0015552964,0.0016706617,NORMAL
4347,0.9969717,0.0014777579,0.0015504452,NORMAL
4348,0.9970721,0.0013772817,0.0015506012,NORMAL
4349,0.99673307,0.0016180081,0.0016488874,NORMAL
4350,0.9968156,0.0014972407,0.0016870913,NORMAL
4351,0.9966675,0.0016425793,0.0016898538,NORMAL
4352,0.997072,0.0013502296,0.0015777675,NORMAL
4353,0.9971852,0.0012707314,0.0015441291,NORMAL
4354,0.9972273,0.0012386753,0.0015340501,NORMAL
4355,0.9972031,0.0012508491,0.0015461114,NORMAL
4356,0.99710363,0.0013153492,0.0015809801,NORMAL
4357,0.99710363,0.0013153492,0.0015809801,NORMAL
4358,0.99710363,0.0013153492,0.0015809801,NORMAL
4359,0.99710363,0.0013153492,0.0015809801,NORMAL
4360,0.99710363,0.0013153492,0.0015809801,NORMAL
4361,0.99710363,0.0013153492,0.0015809801,NORMAL
4362,0.9970268,0.0013502255,0.0016228997,NORMAL
4363,0.99708056,0.0013258121,0.001593556,NORMAL
4364,0.9970967,0.001318488,0.0015847529,NORMAL
4365,0.99710363,0.0013153492,0.0015809801,NORMAL
4366,0.99710363,0.0013153492,0.0015809801,NORMAL
4367,0.99710363,0.0013153492,0.0015809801,NORMAL
4368,0.99710363,0.0013153492,0.0015809801,NORMAL
4369,0.99710363,0.0013153492,0.0015809801,NORMAL
4370,0.99710363,0.0013153492,0.0015809801,NORMAL
4371,0.99710363,0.0013153492,0.0015809801,NORMAL
4372,0.99710363,0.0013153492,0.0015809801,NORMAL
4373,0.99710363,0.0013153492,0.0015809801,NORMAL
4374,0.9972337,0.0012366609,0.0015297127,NORMAL
4375,0.99676657,0.0015908026,0.0016425956,NORMAL
4376,0.99709356,0.0013429034,0.0015635776,NORMAL
4377,0.99675095,0.0015962782,0.0016527998,NORMAL
4378,0.9970028,0.0013782242,0.0016189588,NORMAL
4379,0.9971454,0.0012830137,0.0015715992,NORMAL
4380,0.9969393,0.0013967424,0.0016639048,NORMAL
4381,0.9966783,0.001638827,0.0016828532,NORMAL
4382,0.9970671,0.0013573107,0.0015756548,NORMAL
4383,0.9972453,0.0012249369,0.0015297305,NORMAL
4384,0.99681646,0.0015210588,0.0016625188,NORMAL
4385,0.9970757,0.0013547583,0.0015695042,NORMAL
4386,0.9971863,0.0012720901,0.0015416502,NORMAL
4387,0.9967787,0.0015750341,0.0016462215,NORMAL
4388,0.99710536,0.0013299661,0.0015646778,NORMAL
4389,0.9969273,0.0014108282,0.0016618284,NORMAL
4390,0.99714994,0.0012807043,0.0015693598,NORMAL
4391,0.9967786,0.0015668215,0.0016545528,NORMAL
4392,0.9969182,0.0014892354,0.0015925738,NORMAL
4393,0.99702114,0.001423217,0.0015556477,NORMAL
4394,0.99703974,0.0014156781,0.0015445509,NORMAL
4395,0.99698615,0.0014592761,0.0015545683,NORMAL
4396,0.9969579,0.0014845574,0.0015575544,NORMAL
4397,0.997033,0.0014218136,0.0015451418,NORMAL
4398,0.99697196,0.0014733187,0.0015547264,NORMAL
4399,0.9970038,0.0014520492,0.0015442418,NORMAL
4400,0.99703455,0.0014243277,0.0015411291,NORMAL
4401,0.9967128,0.0016195634,0.0016675997,NORMAL
4402,0.9968881,0.0015204416,0.0015914829,NORMAL
4403,0.99694073,0.0014907051,0.0015686478,NORMAL
4404,0.9970279,0.0014236579,0.0015484699,NORMAL
4405,0.99698263,0.00146167,0.001555744,NORMAL
4406,0.99699444,0.0014432948,0.0015623079,NORMAL
4407,0.99692845,0.0014881147,0.0015834739,NORMAL
4408,0.99694014,0.0014935737,0.0015662253,NORMAL
4409,0.99697775,0.001458417,0.001563749,NORMAL
4410,0.9969518,0.0014892857,0.0015588435,NORMAL
4411,0.9970312,0.0014232321,0.0015455285,NORMAL
4412,0.9970579,0.0014004908,0.0015415386,NORMAL
4413,0.9970556,0.0014040763,0.0015403256,NORMAL
4414,0.9970623,0.0013976693,0.0015399732,NORMAL
4415,0.99701816,0.0014420422,0.0015397961,NORMAL
4416,0.9970098,0.0014504055,0.0015397505,NORMAL
4417,0.9970486,0.001411568,0.0015398007,NORMAL
4418,0.99701893,0.0014412632,0.0015397519,NORMAL
4419,0.99695945,0.0014563203,0.0015842029,NORMAL
4420,0.9970144,0.0014324301,0.0015531069,NORMAL
4421,0.9970284,0.0014127407,0.0015587898,NORMAL
4422,0.99699605,0.001458529,0.0015454227,NORMAL
4423,0.99704444,0.0014140051,0.0015415023,NORMAL
4424,0.99696344,0.001481316,0.0015551925,NORMAL
4425,0.99701536,0.0014402755,0.0015444034,NORMAL
4426,0.99704283,0.0014160118,0.001541185,NORMAL
4427,0.99703115,0.0014286496,0.0015401887,NORMAL
4428,0.9970606,0.0013744975,0.0015648528,NORMAL
4429,0.99706066,0.0013744975,0.0015648528,NORMAL
4430,0.9969413,0.0014390637,0.0016196592,NORMAL
4431,0.9969062,0.0014807357,0.0016130566,NORMAL
4432,0.9969485,0.0014764759,0.0015751235,NORMAL
4433,0.9969611,0.001475198,0.0015637437,NORMAL
4434,0.99703664,0.0014164194,0.0015470027,NORMAL
4435,0.9969639,0.001457146,0.0015789188,NORMAL
4436,0.99700177,0.0014317501,0.0015665153,NORMAL
4437,0.9970687,0.0013915494,0.0015398274,NORMAL
4438,0.9969785,0.0014446909,0.0015767742,NORMAL
4439,0.9970535,0.0013955797,0.0015509297,NORMAL
4440,0.9969509,0.0014508674,0.0015981944,NORMAL
4441,0.9968519,0.0015251859,0.0016228552,NORMAL
4442,0.9966008,0.0016199958,0.0017791927,NORMAL
4443,0.99682796,0.001505388,0.0016666941,NORMAL
4444,0.9970083,0.0014137888,0.0015779057,NORMAL
4445,0.99685025,0.0015119637,0.0016377906,NORMAL
4446,0.99710363,0.0013153492,0.0015809801,NORMAL
4447,0.99710363,0.0013153492,0.0015809801,NORMAL
4448,0.99710363,0.0013153492,0.0015809801,NORMAL
4449,0.99707395,0.0013288334,0.0015971868,NORMAL
4450,0.99709475,0.0013193944,0.0015858421,NORMAL
4451,0.99710095,0.0013165628,0.0015824387,NORMAL
4452,0.99710286,0.0013157133,0.0015814177,NORMAL
4453,0.9971034,0.0013154584,0.0015811115,NORMAL
4454,0.9971036,0.001315382,0.0015810195,NORMAL
4455,0.9970487,0.0013403371,0.0016110142,NORMAL
4456,0.99704874,0.0013403371,0.0016110142,NORMAL
4457,0.9970872,0.0013228456,0.0015899903,NORMAL
4458,0.9970987,0.0013175982,0.0015836832,NORMAL
4459,0.99710214,0.0013160239,0.0015817911,NORMAL
4460,0.99673855,0.0014811484,0.001780262,NORMAL
4461,0.99694395,0.0013878468,0.0016681177,NORMAL
4462,0.9969473,0.0013863624,0.0016663341,NORMAL
4463,0.996724,0.001487741,0.0017881852,NORMAL
4464,0.99676216,0.0015721301,0.0016656304,NORMAL
4465,0.99694765,0.0014573161,0.0015950493,NORMAL
4466,0.9969676,0.0014355293,0.0015969237,NORMAL
4467,0.99696195,0.001450083,0.0015880191,NORMAL
4468,0.99704856,0.0013971974,0.0015543032,NORMAL
4469,0.99706715,0.001388704,0.0015441771,NORMAL
4470,0.99701416,0.0014287763,0.0015571319,NORMAL
4471,0.99705213,0.0014028918,0.0015450185,NORMAL
4472,0.99697024,0.0014368012,0.0015929642,NORMAL
4473,0.9968155,0.0015350574,0.0016494052,NORMAL
4474,0.9969925,0.0014347761,0.0015727005,NORMAL
4475,0.99695235,0.0014463664,0.0016012687,NORMAL
4476,0.99694026,0.0014498435,0.0016098391,NORMAL
4477,0.99698246,0.0014229331,0.0015946269,NORMAL
4478,0.99699277,0.0014349616,0.0015722732,NORMAL
4479,0.9968456,0.0015183155,0.0016361008,NORMAL
4480,0.996943,0.0014749449,0.0015820569,NORMAL
4481,0.99703145,0.0014160046,0.0015524972,NORMAL
4482,0.996851,0.0014454833,0.0017034644,NORMAL
4483,0.99712706,0.0012911009,0.0015818507,NORMAL
4484,0.997175,0.001264908,0.0015600933,NORMAL
4485,0.9971715,0.0012896953,0.0015387585,NORMAL
4486,0.9972117,0.0012558247,0.0015324214,NORMAL
4487,0.99723524,0.0012342032,0.0015305377,NORMAL
4488,0.9969666,0.0013615926,0.0016718645,NORMAL
4489,0.99713516,0.0012777359,0.0015871106,NORMAL
4490,0.99675196,0.0015881443,0.0016598402,NORMAL
4491,0.9972453,0.0012249369,0.0015297305,NORMAL
4492,0.99723715,0.0012331437,0.001529718,NORMAL
4493,0.9972347,0.0012356057,0.0015297143,NORMAL
4494,0.9967669,0.001590486,0.0016425961,NORMAL
4495,0.9971018,0.0013346017,0.0015635901,NORMAL
4496,0.9972023,0.0012578364,0.0015398883,NORMAL
4497,0.99695635,0.0013891893,0.0016543915,NORMAL
4498,0.99715865,0.0012742126,0.0015671288,NORMAL
4499,0.9971278,0.0013313831,0.0015408096,NORMAL
4500,0.9960873,0.0020298262,0.0018828586,NORMAL
4501,0.9967083,0.0015554749,0.0017362764,NORMAL
4502,0.99666834,0.001602103,0.0017296032,NORMAL
4503,0.9970645,0.0013458558,0.0015896806,NORMAL
4504,0.9971833,0.0012689815,0.0015477038,NORMAL
4505,0.9962557,0.0019002089,0.0018441431,NORMAL
4506,0.9969485,0.0014275184,0.0016240543,NORMAL
4507,0.9968711,0.00144926,0.0016796257,NORMAL
4508,0.99667346,0.0016389929,0.0016875959,NORMAL
4509,0.9970932,0.0013490637,0.0015577598,NORMAL
4510,0.99641526,0.001799408,0.0017853784,NORMAL
4511,0.99698853,0.0014050473,0.0016064132,NORMAL
4512,0.9971683,0.00127897,0.0015527352,NORMAL
4513,0.99720275,0.0012606272,0.0015366022,NORMAL
4514,0.9972248,0.001243413,0.0015317802,NORMAL
4515,0.99691325,0.001412834,0.0016739062,NORMAL
4516,0.9967188,0.001595254,0.0016859355,NORMAL
4517,0.99703467,0.0013887992,0.0015765112,NORMAL
4518,0.9972065,0.0012422092,0.0015513021,NORMAL
4519,0.9972065,0.0012422092,0.0015513021,NORMAL
4520,0.9970273,0.0013847785,0.0015879734,NORMAL
4521,0.9970734,0.0013647698,0.0015618359,NORMAL
4522,0.99688673,0.001435532,0.0016777834,NORMAL
4523,0.9970329,0.0013630188,0.00160413,NORMAL
4524,0.9970616,0.0013714067,0.0015670061,NORMAL
4525,0.99719024,0.0012688779,0.0015409131,NORMAL
4526,0.9969528,0.0013925016,0.001654699,NORMAL
4527,0.99644583,0.0018400875,0.0017141339,NORMAL
4528,0.996994,0.0014209424,0.001585034,NORMAL
4529,0.99717,0.0012837385,0.0015463214,NORMAL
4530,0.9967976,0.0015075036,0.0016948755,NORMAL
4531,0.997111,0.001309707,0.001579274,NORMAL
4532,0.99681485,0.0015275376,0.0016576082,NORMAL
4533,0.99710464,0.0013271774,0.0015680763,NORMAL
4534,0.99715084,0.0012900468,0.0015591001,NORMAL
4535,0.9971762,0.0012705904,0.0015532589,NORMAL
4536,0.99710363,0.0013153492,0.0015809801,NORMAL
4537,0.99704665,0.0013412336,0.0016120918,NORMAL
4538,0.9970865,0.0013231145,0.0015903136,NORMAL
4539,0.9970985,0.0013176788,0.0015837802,NORMAL
4540,0.99710214,0.0013160481,0.0015818202,NORMAL
4541,0.9971032,0.0013155589,0.0015812322,NORMAL
4542,0.9971035,0.0013154121,0.0015810558,NORMAL
4543,0.9971036,0.0013153681,0.0015810028,NORMAL
4544,0.99710363,0.0013153548,0.0015809869,NORMAL
4545,0.99710363,0.0013153492,0.0015809801,NORMAL
4546,0.99710363,0.0013153492,0.0015809801,NORMAL
4547,0.9970749,0.0013283915,0.0015966558,NORMAL
4548,0.99706626,0.0013323042,0.0016013585,NORMAL
4549,0.9970924,0.0013204357,0.0015870937,NORMAL
4550,0.99710023,0.0013168752,0.0015828141,NORMAL
4551,0.9970541,0.0013378649,0.0016080426,NORMAL
4552,0.99631655,0.0016728047,0.0020106218,NORMAL
4553,0.99686754,0.0014225859,0.0017098726,NORMAL
4554,0.996718,0.0015602752,0.0017217094,NORMAL
4555,0.9968032,0.0015301319,0.0016666583,NORMAL
4556,0.9968089,0.0015225667,0.001668565,NORMAL
4557,0.9969193,0.0014890251,0.001591776,NORMAL
4558,0.9970182,0.0014088558,0.0015729298,NORMAL
4559,0.9970511,0.0013991031,0.0015497544,NORMAL
4560,0.99705356,0.00140366,0.0015427903,NORMAL
4561,0.99662524,0.0015958659,0.0017789013,NORMAL
4562,0.99678695,0.0015249881,0.0016880403,NORMAL
4563,0.99693274,0.001502192,0.0015650162,NORMAL
4564,0.9970251,0.0014275576,0.0015473798,NORMAL
4565,0.99703646,0.0014215225,0.0015420637,NORMAL
4566,0.9970709,0.0013886292,0.0015405166,NORMAL
4567,0.99706984,0.0013901099,0.001540035,NORMAL
4568,0.9969406,0.0014679309,0.0015914126,NORMAL
4569,0.99703074,0.0014139004,0.0015553038,NORMAL
4570,0.99700683,0.0014311722,0.0015619178,NORMAL
4571,0.99677044,0.0015555202,0.0016740346,NORMAL
4572,0.9969518,0.0014892857,0.0015588435,NORMAL
4573,0.9970312,0.0014232321,0.0015455285,NORMAL
4574,0.99705505,0.001403416,0.0015415341,NORMAL
4575,0.99700737,0.001436282,0.001556334,NORMAL
4576,0.9970356,0.0014195975,0.0015447567,NORMAL
4577,0.9970325,0.0014262046,0.0015412659,NORMAL
4578,0.99700755,0.0014372221,0.0015551962,NORMAL
4579,0.9970479,0.001407613,0.0015444343,NORMAL
4580,0.9970331,0.0014257189,0.0015411642,NORMAL
4581,0.9969518,0.0014892857,0.0015588435,NORMAL
4582,0.99702376,0.0014307149,0.001545517,NORMAL
4583,0.9970074,0.0014510849,0.0015414605,NORMAL
4584,0.9970213,0.0014384113,0.0015402726,NORMAL
4585,0.9970521,0.0014079697,0.0015399572,NORMAL
4586,0.99705386,0.0014063201,0.0015398512,NORMAL
4587,0.99697816,0.0014686706,0.0015531392,NORMAL
4588,0.9970273,0.0014289093,0.001543799,NORMAL
4589,0.99705386,0.0014051192,0.0015410152,NORMAL
4590,0.99710363,0.0013153492,0.0015809801,NORMAL
4591,0.99710363,0.0013153492,0.0015809801,NORMAL
4592,0.99710363,0.0013153492,0.0015809801,NORMAL
4593,0.99710363,0.0013153492,0.0015809801,NORMAL
4594,0.99710363,0.0013153492,0.0015809801,NORMAL
4595,0.99710363,0.0013153492,0.0015809801,NORMAL
4596,0.99710363,0.0013153492,0.0015809801,NORMAL
4597,0.99704665,0.0013412336,0.0016120918,NORMAL
4598,0.9970865,0.0013231145,0.0015903136,NORMAL
4599,0.99710363,0.0013153492,0.0015809801,NORMAL
4600,0.99704665,0.0013412336,0.0016120918,NORMAL
4601,0.9970865,0.0013231145,0.0015903136,NORMAL
4602,0.9970985,0.0013176788,0.0015837802,NORMAL
4603,0.99704516,0.0013419326,0.0016129317,NORMAL
4604,0.9970861,0.0013233242,0.0015905655,NORMAL
4605,0.9970414,0.0013436261,0.0016149674,NORMAL
4606,0.997085,0.0013238323,0.0015911763,NORMAL
4607,0.99704105,0.0013437786,0.0016151506,NORMAL
4608,0.9970606,0.0013744975,0.0015648528,NORMAL
4609,0.9970436,0.0014091004,0.0015473,NORMAL
4610,0.9965587,0.0016688657,0.0017724525,NORMAL
4611,0.9969276,0.0014628321,0.0016096332,NORMAL
4612,0.9968631,0.0014877982,0.0016490526,NORMAL
4613,0.99698937,0.001420574,0.0015900938,NORMAL
4614,0.997012,0.0014331057,0.0015548567,NORMAL
4615,0.9970441,0.0014116565,0.0015443244,NORMAL
4616,0.99705374,0.0014052218,0.0015411648,NORMAL
4617,0.99682885,0.0015377227,0.0016334556,NORMAL
4618,0.99700123,0.0014308617,0.0015679228,NORMAL
4619,0.9970244,0.0014122701,0.0015632345,NORMAL
4620,0.99694645,0.0014551643,0.0015984038,NORMAL
4621,0.9970439,0.0013987217,0.0015574186,NORMAL
4622,0.99695504,0.0014483116,0.0015966635,NORMAL
4623,0.9969017,0.0014690753,0.0016291896,NORMAL
4624,0.99698985,0.0014260449,0.0015841175,NORMAL
4625,0.9969872,0.0014597798,0.0015530252,NORMAL
4626,0.9968733,0.001529106,0.0015975622,NORMAL
4627,0.9968918,0.001499508,0.0016086871,NORMAL
4628,0.9970201,0.0014193973,0.0015604922,NORMAL
4629,0.99694586,0.0014796308,0.0015744977,NORMAL
4630,0.99701947,0.0014175005,0.0015630627,NORMAL
4631,0.9969753,0.0014646268,0.0015601142,NORMAL
4632,0.99704087,0.001413248,0.0015459139,NORMAL
4633,0.99701977,0.0014386228,0.0015415908,NORMAL
4634,0.9970585,0.0014011317,0.0015403633,NORMAL
4635,0.99705255,0.0014076385,0.0015398026,NORMAL
4636,0.9970582,0.0013844399,0.0015573377,NORMAL
4637,0.9970368,0.0014182469,0.0015450361,NORMAL
4638,0.9970365,0.0014222253,0.001541355,NORMAL
4639,0.9970517,0.0014079905,0.0015402745,NORMAL
4640,0.99701333,0.0014293053,0.0015574093,NORMAL
4641,0.99694586,0.0014574868,0.0015966607,NORMAL
4642,0.9970018,0.0014252511,0.0015729147,NORMAL
4643,0.9969462,0.0014743932,0.0015793152,NORMAL
4644,0.9966455,0.0016633442,0.0016911081,NORMAL
4645,0.99697363,0.0014335422,0.0015927993,NORMAL
4646,0.99716383,0.0012875185,0.0015486511,NORMAL
4647,0.99720144,0.0012631918,0.001535377,NORMAL
4648,0.997224,0.0012446202,0.0015314119,NORMAL
4649,0.99723893,0.001230842,0.0015302349,NORMAL
4650,0.99712396,0.0013314971,0.0015445475,NORMAL
4651,0.99707377,0.0013621699,0.0015641116,NORMAL
4652,0.9971584,0.00128652,0.0015551321,NORMAL
4653,0.9966624,0.0016464842,0.0016911366,NORMAL
4654,0.9967944,0.0015057836,0.001699766,NORMAL
4655,0.99701893,0.0013856895,0.0015953975,NORMAL
4656,0.9971659,0.0012846229,0.0015494131,NORMAL
4657,0.99722147,0.0012428428,0.0015356352,NORMAL
4658,0.9972184,0.0012500857,0.0015314717,NORMAL
4659,0.9970887,0.0013664481,0.0015448199,NORMAL
4660,0.9971575,0.0012935108,0.0015489748,NORMAL
4661,0.99718416,0.0012656309,0.0015502305,NORMAL
4662,0.99633837,0.0019476434,0.0017139491,NORMAL
4663,0.9969733,0.0014417488,0.001584996,NORMAL
4664,0.9967368,0.0016039284,0.0016592626,NORMAL
4665,0.99694407,0.0014724457,0.0015835012,NORMAL
4666,0.99680674,0.0014867337,0.0017065549,NORMAL
4667,0.9970866,0.0013155666,0.001597878,NORMAL
4668,0.99719775,0.0012521258,0.0015501748,NORMAL
4669,0.996731,0.0015954934,0.0016735679,NORMAL
4670,0.99709105,0.0013361039,0.0015728817,NORMAL
4671,0.996666,0.0016131381,0.0017208694,NORMAL
4672,0.99668837,0.0015867176,0.0017249789,NORMAL
4673,0.9966179,0.0016808389,0.0017012007,NORMAL
4674,0.9970305,0.0013735099,0.0015959113,NORMAL
4675,0.99717134,0.0012790741,0.0015495701,NORMAL
4676,0.9970524,0.0013820357,0.0015656163,NORMAL
4677,0.99718744,0.0012720665,0.0015404962,NORMAL
4678,0.99721646,0.0012505361,0.0015329428,NORMAL
4679,0.99723667,0.0012326166,0.0015306941,NORMAL
4680,0.9970541,0.0013378817,0.0016080622,NORMAL
4681,0.9970541,0.0013378817,0.0016080622,NORMAL
4682,0.9970888,0.001322109,0.0015891048,NORMAL
4683,0.99707127,0.0013300409,0.0015986381,NORMAL
4684,0.9970592,0.0013355294,0.0016052349,NORMAL
4685,0.99709034,0.0013214033,0.0015882566,NORMAL
4686,0.99709964,0.0013171654,0.001583163,NORMAL
4687,0.99710244,0.0013158941,0.001581635,NORMAL
4688,0.9971033,0.0013155127,0.0015811766,NORMAL
4689,0.9970222,0.001352327,0.0016254254,NORMAL
4690,0.9970505,0.0013394848,0.0016099894,NORMAL
4691,0.9970877,0.0013225899,0.0015896829,NORMAL
4692,0.99709886,0.0013175214,0.001583591,NORMAL
4693,0.9970743,0.0013286646,0.001596984,NORMAL
4694,0.99709487,0.0013193438,0.0015857813,NORMAL
4695,0.9970723,0.0013295899,0.0015980962,NORMAL
4696,0.9970509,0.0013393214,0.0016097927,NORMAL
4697,0.99708784,0.0013225409,0.0015896239,NORMAL
4698,0.9972023,0.0012680821,0.0015296645,NORMAL
4699,0.9969379,0.0014109252,0.0016512927,NORMAL
4700,0.99703354,0.0013703995,0.0015961597,NORMAL
4701,0.9970964,0.0013393151,0.0015643245,NORMAL
4702,0.99720067,0.0012592503,0.0015401087,NORMAL
4703,0.996403,0.0018170415,0.0017799989,NORMAL
4704,0.9969926,0.0014025683,0.001604811,NORMAL
4705,0.9971695,0.0012782264,0.0015522547,NORMAL
4706,0.99658775,0.0017468182,0.0016654409,NORMAL
4707,0.9965339,0.0017751791,0.0016909187,NORMAL
4708,0.996524,0.0016718536,0.0018041723,NORMAL
4709,0.99698734,0.0013854252,0.0016271409,NORMAL
4710,0.9964745,0.0017788855,0.0017465772,NORMAL
4711,0.99698687,0.0014032121,0.0016098847,NORMAL
4712,0.9971328,0.0012983888,0.0015688647,NORMAL
4713,0.99690455,0.0014156178,0.0016798922,NORMAL
4714,0.9966942,0.0016180924,0.0016876941,NORMAL
4715,0.9966531,0.001656943,0.0016900719,NORMAL
4716,0.9968695,0.0015141853,0.0016162597,NORMAL
4717,0.99702084,0.001416428,0.0015627755,NORMAL
4718,0.99699557,0.0014443785,0.0015600593,NORMAL
4719,0.99703205,0.0014220264,0.0015458743,NORMAL
4720,0.997043,0.0014153208,0.0015416188,NORMAL
4721,0.99704117,0.0014056686,0.0015531873,NORMAL
4722,0.9969275,0.0014562823,0.0016161466,NORMAL
4723,0.99696755,0.0014563348,0.0015760706,NORMAL
4724,0.99702847,0.0014208297,0.0015506851,NORMAL
4725,0.99682,0.0015058717,0.0016741445,NORMAL
4726,0.99697936,0.0014404744,0.0015800999,NORMAL
4727,0.9970391,0.0014090422,0.001551905,NORMAL
4728,0.99701357,0.0014252554,0.0015611597,NORMAL
4729,0.9970309,0.0014228651,0.0015461943,NORMAL
4730,0.99704975,0.0014085844,0.0015417258,NORMAL
4731,0.9969806,0.001441991,0.0015773561,NORMAL
4732,0.99703985,0.0014090437,0.0015510824,NORMAL
4733,0.9970271,0.0014297405,0.0015431531,NORMAL
4734,0.9969893,0.001471001,0.0015397049,NORMAL
4735,0.996892,0.0014959011,0.001612069,NORMAL
4736,0.9968628,0.0015033712,0.0016337782,NORMAL
4737,0.9970045,0.0014274578,0.0015680089,NORMAL
4738,0.9970057,0.0014460302,0.0015482143,NORMAL
4739,0.99704736,0.0014102554,0.0015423398,NORMAL
4740,0.9970145,0.0014449471,0.0015405074,NORMAL
4741,0.99702036,0.0014221724,0.0015575078,NORMAL
4742,0.9969724,0.0014691518,0.0015584428,NORMAL
4743,0.9969446,0.001496526,0.0015588322,NORMAL
4744,0.9969777,0.0014618216,0.0015604608,NORMAL
4745,0.996909,0.0014726408,0.0016183296,NORMAL
4746,0.99698484,0.001451846,0.0015633227,NORMAL
4747,0.9970411,0.0014120002,0.0015468723,NORMAL
4748,0.9970342,0.0014239254,0.0015419006,NORMAL
4749,0.99703836,0.0014035995,0.0015579448,NORMAL
4750,0.9970572,0.0013975262,0.0015452589,NORMAL
4751,0.9970628,0.0013957042,0.0015414532,NORMAL
4752,0.99710363,0.0013153492,0.0015809801,NORMAL
4753,0.99710363,0.0013153492,0.0015809801,NORMAL
4754,0.99710363,0.0013153492,0.0015809801,NORMAL
4755,0.99710363,0.0013153492,0.0015809801,NORMAL
4756,0.99710363,0.0013153492,0.0015809801,NORMAL
4757,0.99710363,0.0013153492,0.0015809801,NORMAL
4758,0.99710363,0.0013153492,0.0015809801,NORMAL
4759,0.99710363,0.0013153492,0.0015809801,NORMAL
4760,0.99710363,0.0013153492,0.0015809801,NORMAL
4761,0.99710363,0.0013153492,0.0015809801,NORMAL
4762,0.99710363,0.0013153492,0.0015809801,NORMAL
4763,0.99707574,0.0013280129,0.0015962007,NORMAL
4764,0.9970952,0.0013191483,0.0015855463,NORMAL
4765,0.9971011,0.001316489,0.00158235,NORMAL
4766,0.9970741,0.0013287334,0.0015970668,NORMAL
4767,0.99709475,0.0013193644,0.0015858061,NORMAL
4768,0.99710095,0.0013165538,0.0015824279,NORMAL
4769,0.99710286,0.0013157106,0.0015814145,NORMAL
4770,0.9969862,0.001452635,0.0015611497,NORMAL
4771,0.99698645,0.0014673972,0.0015461353,NORMAL
4772,0.9970559,0.0014023916,0.0015417382,NORMAL
4773,0.99704796,0.0013942143,0.0015579007,NORMAL
4774,0.9967433,0.0015360306,0.0017207256,NORMAL
4775,0.9969374,0.0014686002,0.0015940449,NORMAL
4776,0.9970412,0.0014027525,0.001556111,NORMAL
4777,0.99696696,0.0014367594,0.0015962919,NORMAL
4778,0.99679244,0.0015190507,0.0016884909,NORMAL
4779,0.9964684,0.0017231376,0.001808415,NORMAL
4780,0.9967,0.0015711884,0.0017287643,NORMAL
4781,0.99687517,0.001469665,0.0016551943,NORMAL
4782,0.9969937,0.0014143963,0.0015919376,NORMAL
4783,0.997046,0.0013985778,0.0015554602,NORMAL
4784,0.9969376,0.0014436017,0.0016188754,NORMAL
4785,0.99700534,0.001416092,0.0015785203,NORMAL
4786,0.9970616,0.0013870001,0.0015514536,NORMAL
4787,0.99682915,0.0015001716,0.0016706467,NORMAL
4788,0.9969182,0.0014892354,0.0015925738,NORMAL
4789,0.99702114,0.001423217,0.0015556477,NORMAL
4790,0.9969232,0.001495345,0.0015814546,NORMAL
4791,0.9969001,0.001475318,0.0016246398,NORMAL
4792,0.9970157,0.0014190418,0.0015652674,NORMAL
4793,0.9969847,0.00146792,0.0015473544,NORMAL
4794,0.9969461,0.0014749136,0.0015790206,NORMAL
4795,0.99701196,0.001418896,0.0015690807,NORMAL
4796,0.99703693,0.0014143817,0.0015485808,NORMAL
4797,0.9969518,0.0014892857,0.0015588435,NORMAL
4798,0.99694675,0.0014943539,0.0015588356,NORMAL
4799,0.99698436,0.0014701766,0.0015454561,NORMAL
4800,0.9969696,0.0014756257,0.0015548398,NORMAL
4801,0.9970366,0.0014191341,0.0015443275,NORMAL
4802,0.9970635,0.0013952851,0.0015411844,NORMAL
4803,0.9969723,0.0014741796,0.0015535254,NORMAL
4804,0.9970299,0.001426183,0.0015439217,NORMAL
4805,0.99694985,0.001482747,0.001567339,NORMAL
4806,0.9965501,0.0016870081,0.0017628509,NORMAL
4807,0.99674916,0.001562318,0.0016885083,NORMAL
4808,0.9969274,0.0014882768,0.0015843615,NORMAL
4809,0.9969328,0.0014624166,0.001604767,NORMAL
4810,0.99699163,0.0014340851,0.0015742686,NORMAL
4811,0.99694324,0.0014770434,0.0015797213,NORMAL
4812,0.9967879,0.0015560015,0.0016560892,NORMAL
4813,0.9969668,0.001441035,0.0015922049,NORMAL
4814,0.9967854,0.0015514515,0.0016631486,NORMAL
4815,0.99696654,0.0014746502,0.0015588666,NORMAL
4816,0.9969114,0.0014675036,0.0016211122,NORMAL
4817,0.99682117,0.0015280781,0.0016507525,NORMAL
4818,0.9969233,0.001490256,0.001586433,NORMAL
4819,0.9969064,0.0014882669,0.0016053477,NORMAL
4820,0.9968538,0.0015352758,0.0016109452,NORMAL
4821,0.99693274,0.0014928379,0.0015744901,NORMAL
4822,0.9970324,0.0014173962,0.0015502331,NORMAL
4823,0.99700034,0.0014568255,0.0015428604,NORMAL
4824,0.99676275,0.0014860263,0.0017512434,NORMAL
4825,0.9971006,0.0013032637,0.0015961843,NORMAL
4826,0.9969718,0.0014490848,0.0015791579,NORMAL
4827,0.9967941,0.0014945202,0.0017114592,NORMAL
4828,0.9971022,0.0013135809,0.0015842373,NORMAL
4829,0.9968332,0.001453869,0.0017129831,NORMAL
4830,0.9970608,0.0013546306,0.0015846129,NORMAL
4831,0.99718225,0.001271614,0.0015461834,NORMAL
4832,0.9971655,0.001299954,0.0015345729,NORMAL
4833,0.996851,0.0014454833,0.0017034644,NORMAL
4834,0.99697196,0.0013684904,0.0016595554,NORMAL
4835,0.99712014,0.0012961345,0.0015837532,NORMAL
4836,0.99687237,0.0014433321,0.0016843096,NORMAL
4837,0.9971257,0.0012982244,0.0015760924,NORMAL
4838,0.9972017,0.0012546922,0.0015436274,NORMAL
4839,0.99685705,0.0014711462,0.0016718202,NORMAL
4840,0.9967208,0.0015938828,0.0016853417,NORMAL
4841,0.9966772,0.0016085437,0.0017142729,NORMAL
4842,0.9966355,0.001673434,0.0016910911,NORMAL
4843,0.99705285,0.0013690514,0.0015781241,NORMAL
4844,0.9971876,0.0012681712,0.0015442485,NORMAL
4845,0.9972056,0.0012603728,0.0015340516,NORMAL
4846,0.99721396,0.0012550481,0.0015309971,NORMAL
4847,0.99710786,0.001347416,0.0015447096,NORMAL
4848,0.99674404,0.0015921359,0.001663858,NORMAL
4849,0.9969818,0.0014186106,0.0015995733,NORMAL
4850,0.9971663,0.001283039,0.0015506833,NORMAL
4851,0.9970732,0.001376197,0.001550603,NORMAL
4852,0.99688745,0.0014386198,0.0016740125,NORMAL
4853,0.99666274,0.0016513902,0.0016858855,NORMAL
4854,0.99707055,0.0013528729,0.001576577,NORMAL
4855,0.9970864,0.0013551981,0.0015584169,NORMAL
4856,0.99714494,0.0013167823,0.0015382556,NORMAL
4857,0.99720705,0.0012606973,0.0015322756,NORMAL
4858,0.99723387,0.001235665,0.001530494,NORMAL
4859,0.997205,0.0012499461,0.0015450446,NORMAL
4860,0.99706835,0.0013917984,0.001539827,NORMAL
4861,0.9965445,0.0016513827,0.0018041376,NORMAL
4862,0.99689215,0.0014887187,0.0016190908,NORMAL
4863,0.9969393,0.0014660398,0.0015946692,NORMAL
4864,0.99673367,0.0015545889,0.0017117427,NORMAL
4865,0.9967679,0.0015542037,0.0016779418,NORMAL
4866,0.99684715,0.0015201103,0.0016327798,NORMAL
4867,0.996896,0.0014847282,0.0016192719,NORMAL
4868,0.9970214,0.0014149633,0.0015636677,NORMAL
4869,0.996763,0.0015735578,0.0016634228,NORMAL
4870,0.9968333,0.0014987545,0.0016679006,NORMAL
4871,0.9969777,0.0014265017,0.0015957442,NORMAL
4872,0.99662393,0.001604989,0.0017710323,NORMAL
4873,0.9968705,0.0014798313,0.0016497186,NORMAL
4874,0.99692976,0.0014841141,0.0015861096,NORMAL
4875,0.99699074,0.0014405943,0.0015686713,NORMAL
4876,0.9970213,0.0014151898,0.001563459,NORMAL
4877,0.9969129,0.0014886542,0.0015984185,NORMAL
4878,0.9970541,0.0013378817,0.0016080622,NORMAL
4879,0.9970888,0.001322109,0.0015891048,NORMAL
4880,0.9970608,0.0013348687,0.0016044414,NORMAL
4881,0.9970908,0.001321205,0.0015880185,NORMAL
4882,0.99709976,0.001317106,0.0015830917,NORMAL
4883,0.99695766,0.001381671,0.0016606954,NORMAL
4884,0.9970598,0.0013352458,0.0016048946,NORMAL
4885,0.99709046,0.0013213182,0.0015881545,NORMAL
4886,0.9970997,0.00131714,0.0015831324,NORMAL
4887,0.99705124,0.0013391593,0.0016095979,NORMAL
4888,0.99708796,0.0013224923,0.0015895655,NORMAL
4889,0.9970702,0.0013305345,0.0015992314,NORMAL
4890,0.9970451,0.0013419626,0.0016129678,NORMAL
4891,0.99708605,0.0013233332,0.0015905765,NORMAL
4892,0.9970983,0.0013177444,0.0015838591,NORMAL
4893,0.997102,0.0013160678,0.0015818438,NORMAL
4894,0.99710315,0.0013155648,0.0015812393,NORMAL
4895,0.99710345,0.001315414,0.0015810579,NORMAL
4896,0.9969676,0.0014735335,0.0015588682,NORMAL
4897,0.9969566,0.0014640429,0.0015792815,NORMAL
4898,0.99700505,0.001427218,0.001567701,NORMAL
4899,0.99699086,0.0014476156,0.0015615369,NORMAL
4900,0.9969518,0.0014502183,0.0015979196,NORMAL
4901,0.9970124,0.001430354,0.0015572223,NORMAL
4902,0.99689776,0.001505652,0.0015965272,NORMAL
4903,0.99658537,0.0016279477,0.0017866497,NORMAL
4904,0.996866,0.0015072878,0.0016266375,NORMAL
4905,0.9968021,0.0015335531,0.0016643815,NORMAL
4906,0.9970006,0.0014222383,0.001577212,NORMAL
4907,0.9969598,0.0014581188,0.0015820866,NORMAL
4908,0.9969913,0.0014562448,0.0015524362,NORMAL
4909,0.9969511,0.001468312,0.0015805502,NORMAL
4910,0.9969747,0.0014599437,0.0015653917,NORMAL
4911,0.9969345,0.0014664936,0.0015990558,NORMAL
4912,0.99681747,0.0015238327,0.0016587796,NORMAL
4913,0.9968119,0.0015470755,0.0016410307,NORMAL
4914,0.99680686,0.0015516493,0.001641508,NORMAL
4915,0.99698997,0.0014397537,0.0015703313,NORMAL
4916,0.9969674,0.0014499087,0.0015827267,NORMAL
4917,0.9969083,0.001470844,0.0016208624,NORMAL
4918,0.996983,0.0014368284,0.0015801634,NORMAL
4919,0.9970549,0.001393221,0.0015519465,NORMAL
4920,0.99697757,0.001463083,0.0015594111,NORMAL
4921,0.997046,0.0014083064,0.0015457097,NORMAL
4922,0.99707377,0.0013846643,0.0015416105,NORMAL
4923,0.9970174,0.0014429339,0.0015397483,NORMAL
4924,0.99701464,0.0014281438,0.0015572696,NORMAL
4925,0.99706435,0.0013906156,0.0015450784,NORMAL
4926,0.9969299,0.001460391,0.0016097632,NORMAL
4927,0.99699414,0.0014450507,0.0015607574,NORMAL
4928,0.997004,0.0014339308,0.0015621242,NORMAL
4929,0.99702525,0.0014131909,0.001561495,NORMAL
4930,0.9970603,0.0013933388,0.0015463348,NORMAL
4931,0.9968928,0.0014971095,0.0016100814,NORMAL
4932,0.99691594,0.0014807915,0.001603226,NORMAL
4933,0.9970205,0.0014206838,0.0015588433,NORMAL
4934,0.9970157,0.0014238001,0.001560488,NORMAL
4935,0.996979,0.0014617126,0.0015593494,NORMAL
4936,0.9969972,0.0014411755,0.0015616984,NORMAL
4937,0.9970448,0.0014087991,0.001546385,NORMAL
4938,0.9970591,0.0013990861,0.001541791,NORMAL
4939,0.9970634,0.0013961722,0.0015404128,NORMAL
4940,0.9970225,0.0014215133,0.0015560174,NORMAL
4941,0.9970202,0.0014399852,0.0015397526,NORMAL
4942,0.9970368,0.001423388,0.0015397782,NORMAL
4943,0.99702775,0.0014149555,0.00155729,NORMAL
4944,0.9970205,0.0014345404,0.0015450108,NORMAL
4945,0.99705184,0.0014068085,0.0015413788,NORMAL
4946,0.996984,0.0014351866,0.0015807986,NORMAL
4947,0.9969337,0.0014772952,0.0015890345,NORMAL
4948,0.99697584,0.0014535335,0.0015705918,NORMAL
4949,0.99699306,0.0014579305,0.0015489829,NORMAL
4950,0.9964945,0.001790739,0.0017147604,NORMAL
4951,0.9969929,0.0014067681,0.0016003397,NORMAL
4952,0.9971502,0.0012989666,0.0015508835,NORMAL
4953,0.9968157,0.001535171,0.0016490726,NORMAL
4954,0.9970755,0.001358992,0.0015654704,NORMAL
4955,0.9971672,0.0012772441,0.0015555527,NORMAL
4956,0.996773,0.0015765803,0.0016503923,NORMAL
4957,0.99706817,0.0013508432,0.0015810163,NORMAL
4958,0.99719214,0.0012627088,0.0015451162,NORMAL
4959,0.9965664,0.0017425776,0.001690974,NORMAL
4960,0.9967177,0.0015657714,0.0017164957,NORMAL
4961,0.996665,0.001619966,0.0017150602,NORMAL
4962,0.9970325,0.0013671587,0.0016004115,NORMAL
4963,0.99709034,0.001344102,0.0015655911,NORMAL
4964,0.9967236,0.001623035,0.0016533592,NORMAL
4965,0.9970888,0.0013443663,0.0015668191,NORMAL
4966,0.99719834,0.0012607657,0.001540857,NORMAL
4967,0.99723125,0.0012356855,0.0015330685,NORMAL
4968,0.9972453,0.0012249369,0.0015297305,NORMAL
4969,0.99723715,0.0012331437,0.001529718,NORMAL
4970,0.99724287,0.001227399,0.0015297267,NORMAL
4971,0.9972248,0.0012454524,0.0015296992,NORMAL
4972,0.9972392,0.0012310916,0.0015297211,NORMAL
4973,0.9971434,0.0013122198,0.0015443701,NORMAL
4974,0.99721473,0.0012511218,0.0015341223,NORMAL
4975,0.99723613,0.0012327924,0.001531048,NORMAL
4976,0.99724257,0.0012272936,0.0015301257,NORMAL
4977,0.9972453,0.0012249369,0.0015297305,NORMAL
4978,0.9969693,0.0013793195,0.0016513442,NORMAL
4979,0.9971625,0.0012712517,0.0015662146,NORMAL
4980,0.9972123,0.0012470381,0.0015406632,NORMAL
4981,0.9972354,0.0012315672,0.0015330103,NORMAL
4982,0.9972342,0.0012351328,0.001530702,NORMAL
4983,0.9972154,0.001239798,0.0015447617,NORMAL
4984,0.9972364,0.0012293953,0.0015342399,NORMAL
4985,0.9971572,0.0012970138,0.0015457486,NORMAL
4986,0.9970222,0.001352327,0.0016254254,NORMAL
4987,0.9970505,0.0013394848,0.0016099894,NORMAL
4988,0.997053,0.0013383626,0.0016086403,NORMAL
4989,0.99708843,0.0013222533,0.0015892782,NORMAL
4990,0.99706435,0.0013331932,0.001602427,NORMAL
4991,0.9970552,0.0013373694,0.0016074467,NORMAL
4992,0.9970612,0.001334619,0.0016041407,NORMAL
4993,0.99709094,0.0013211302,0.0015879283,NORMAL
4994,0.9970998,0.0013170835,0.0015830646,NORMAL
4995,0.9970343,0.0013468604,0.0016188549,NORMAL
4996,0.99704814,0.0013405753,0.0016113,NORMAL
4997,0.997087,0.001322917,0.0015900761,NORMAL
4998,0.9970987,0.0013176196,0.0015837089,NORMAL
4999,0.9966153,0.0015371273,0.0018475457,NORMAL
5000,0.9969571,0.0013818827,0.0016609498,NORMAL
5001,0.99696493,0.0013783284,0.0016566771,NORMAL
5002,0.99699605,0.0013641873,0.0016396807,NORMAL
5003,0.9970367,0.0013457733,0.0016175477,NORMAL
5004,0.9972453,0.0012249369,0.0015297305,NORMAL
5005,0.9972338,0.0012363972,0.001529713,NORMAL
5006,0.99724185,0.001228375,0.0015297253,NORMAL
5007,0.9972302,0.0012400919,0.0015297073,NORMAL
5008,0.99714965,0.001305982,0.0015443799,NORMAL
5009,0.997125,0.001340914,0.001533985,NORMAL
5010,0.99720925,0.0012597301,0.0015310068,NORMAL
5011,0.99723446,0.0012353748,0.0015301134,NORMAL
5012,0.9972421,0.0012280683,0.0015298453,NORMAL
5013,0.99668795,0.0016208936,0.00169118,NORMAL
5014,0.9969693,0.0014378927,0.0015927943,NORMAL
5015,0.9971625,0.0012888237,0.0015486496,NORMAL
5016,0.99710107,0.0013488916,0.0015500719,NORMAL
5017,0.9971939,0.00127033,0.0015358204,NORMAL
5018,0.99675024,0.0015885676,0.0016611576,NORMAL
5019,0.9970968,0.0013340261,0.0015691586,NORMAL
5020,0.9972007,0.0012576637,0.0015415589,NORMAL
5021,0.99715537,0.0012966957,0.0015479579,NORMAL
5022,0.99710363,0.0013153492,0.0015809801,NORMAL
5023,0.99710363,0.0013153492,0.0015809801,NORMAL
5024,0.99710363,0.0013153492,0.0015809801,NORMAL
5025,0.99707574,0.0013280129,0.0015962007,NORMAL
5026,0.9970952,0.0013191483,0.0015855463,NORMAL
5027,0.99704415,0.0013423734,0.0016134616,NORMAL
5028,0.9970858,0.0013234565,0.0015907246,NORMAL
5029,0.99706364,0.0013335542,0.0016028609,NORMAL
5030,0.99709165,0.0013208108,0.0015875443,NORMAL
5031,0.99710363,0.0013153492,0.0015809801,NORMAL
5032,0.99704665,0.0013412336,0.0016120918,NORMAL
5033,0.9970865,0.0013231145,0.0015903136,NORMAL
5034,0.9970415,0.0013435632,0.0016148918,NORMAL
5035,0.997085,0.0013238135,0.0015911537,NORMAL
5036,0.997098,0.0013178885,0.0015840322,NORMAL
5037,0.99710196,0.0013161111,0.0015818957,NORMAL
5038,0.9970461,0.0013414621,0.0016123664,NORMAL
5039,0.9970864,0.0013231831,0.001590396,NORMAL
5040,0.9966355,0.001673434,0.0016910911,NORMAL
5041,0.9970624,0.001359486,0.0015781387,NORMAL
5042,0.99644077,0.0017677683,0.0017915578,NORMAL
5043,0.99643254,0.0018301497,0.0017373408,NORMAL
5044,0.9965764,0.0016714269,0.0017521814,NORMAL
5045,0.99692523,0.0014636726,0.0016111315,NORMAL
5046,0.9967112,0.001621712,0.0016670842,NORMAL
5047,0.9970851,0.0013439695,0.0015709365,NORMAL
5048,0.9971624,0.0012807685,0.0015568191,NORMAL
5049,0.99711514,0.0013342205,0.0015506682,NORMAL
5050,0.9972063,0.001257722,0.0015360117,NORMAL
5051,0.9972336,0.0012347725,0.0015316148,NORMAL
5052,0.99724185,0.0012278876,0.0015302957,NORMAL
5053,0.99712926,0.0013262476,0.0015445192,NORMAL
5054,0.99712557,0.0013256003,0.0015488332,NORMAL
5055,0.99693334,0.0014095184,0.001657075,NORMAL
5056,0.99712455,0.0012924019,0.001583034,NORMAL
5057,0.9972091,0.0012451764,0.0015457215,NORMAL
5058,0.99718744,0.0012573291,0.0015552795,NORMAL
5059,0.99712837,0.0013196144,0.0015520385,NORMAL
5060,0.9971752,0.0012733096,0.0015515109,NORMAL
5061,0.9971808,0.0012678162,0.0015513395,NORMAL
5062,0.99710655,0.0013425894,0.0015508789,NORMAL
5063,0.99690914,0.0014332774,0.0016576569,NORMAL
5064,0.99714446,0.001287439,0.0015681083,NORMAL
5065,0.9970864,0.0013424178,0.0015711901,NORMAL
5066,0.9971976,0.0012601812,0.0015421683,NORMAL
5067,0.9972453,0.0012249369,0.0015297305,NORMAL
5068,0.99645996,0.0017409488,0.0017990584,NORMAL
5069,0.9970015,0.0013879472,0.0016105163,NORMAL
5070,0.9969154,0.0014372384,0.0016473726,NORMAL
5071,0.99714637,0.0012886274,0.0015650231,NORMAL
5072,0.99720746,0.0012522509,0.0015403058,NORMAL
5073,0.99721813,0.001248949,0.001532879,NORMAL
5074,0.9971951,0.0012742064,0.0015306106,NORMAL
5075,0.9971776,0.0012924848,0.0015299137,NORMAL
5076,0.9969939,0.0014433499,0.0015626878,NORMAL
5077,0.9970078,0.0014306,0.0015616413,NORMAL
5078,0.9970331,0.0014205724,0.0015463448,NORMAL
5079,0.9970134,0.0014288333,0.001557797,NORMAL
5080,0.9970162,0.0014387037,0.0015451629,NORMAL
5081,0.99697113,0.0014741111,0.0015547394,NORMAL
5082,0.997037,0.0014186797,0.0015442973,NORMAL
5083,0.9970145,0.0014282656,0.0015571828,NORMAL
5084,0.99705005,0.0014049261,0.0015450304,NORMAL
5085,0.99706525,0.0013949234,0.0015398222,NORMAL
5086,0.99706525,0.0013949234,0.0015398222,NORMAL
5087,0.99706525,0.0013949234,0.0015398222,NORMAL
5088,0.99703175,0.0014285308,0.0015397705,NORMAL
5089,0.9969785,0.0014657292,0.0015557709,NORMAL
5090,0.9970392,0.0014161651,0.0015446068,NORMAL
5091,0.99696076,0.0014847723,0.0015545455,NORMAL
5092,0.9969545,0.0014879317,0.0015575541,NORMAL
5093,0.99703205,0.001422826,0.0015451417,NORMAL
5094,0.9970222,0.001352327,0.0016254254,NORMAL
5095,0.99707925,0.0013264426,0.0015943137,NORMAL
5096,0.9970963,0.0013186772,0.0015849802,NORMAL
5097,0.9971014,0.0013163476,0.0015821801,NORMAL
5098,0.997103,0.0013156488,0.0015813401,NORMAL
5099,0.99710345,0.0013154391,0.0015810882,NORMAL
5100,0.9971036,0.0013153763,0.0015810125,NORMAL
5101,0.99710363,0.0013153574,0.0015809898,NORMAL
5102,0.99710363,0.0013153517,0.001580983,NORMAL
5103,0.99710363,0.0013153492,0.0015809801,NORMAL
5104,0.99710363,0.0013153492,0.0015809801,NORMAL
5105,0.99710363,0.0013153492,0.0015809801,NORMAL
5106,0.99710363,0.0013153492,0.0015809801,NORMAL
5107,0.9970749,0.0013283915,0.0015966558,NORMAL
5108,0.997095,0.001319262,0.0015856829,NORMAL
5109,0.99710107,0.0013165231,0.001582391,NORMAL
5110,0.99710286,0.0013157014,0.0015814034,NORMAL
5111,0.9971034,0.0013154548,0.0015811071,NORMAL
5112,0.9972453,0.0012249369,0.0015297305,NORMAL
5113,0.9971676,0.0013027624,0.0015296114,NORMAL
5114,0.9972079,0.0012624081,0.0015296732,NORMAL
5115,0.9972067,0.0012636681,0.0015296714,NORMAL
5116,0.9972256,0.001244763,0.0015297002,NORMAL
5117,0.9972394,0.0012308848,0.0015297214,NORMAL
5118,0.9972136,0.0012567809,0.0015296818,NORMAL
5119,0.99706006,0.0013957472,0.0015442406,NORMAL
5120,0.99718976,0.00127618,0.0015340835,NORMAL
5121,0.9972453,0.0012249369,0.0015297305,NORMAL
5122,0.9972453,0.0012249369,0.0015297305,NORMAL
5123,0.99685514,0.0015021067,0.0016427452,NORMAL
5124,0.99712825,0.0013080878,0.001563635,NORMAL
5125,0.9972102,0.0012498822,0.0015399018,NORMAL
5126,0.99722326,0.0012438807,0.0015327644,NORMAL
5127,0.99712634,0.0013283344,0.001545264,NORMAL
5128,0.99720967,0.0012559562,0.0015343905,NORMAL
5129,0.99723464,0.0012342427,0.0015311284,NORMAL
5130,0.99694735,0.0013863496,0.0016663187,NORMAL
5131,0.9969928,0.0013656867,0.001641483,NORMAL
5132,0.99707043,0.0013304504,0.001599131,NORMAL
5133,0.997059,0.0013356523,0.0016053829,NORMAL
5134,0.99705553,0.0013372129,0.0016072583,NORMAL
5135,0.9970605,0.0013349506,0.0016045392,NORMAL
5136,0.9970187,0.0013539542,0.0016273808,NORMAL
5137,0.9969834,0.0013699499,0.0016466065,NORMAL
5138,0.9962361,0.0017093493,0.0020545465,NORMAL
5139,0.99710363,0.0013153492,0.0015809801,NORMAL
5140,0.9969871,0.0013682813,0.0016446017,NORMAL
5141,0.99703205,0.001347896,0.0016200992,NORMAL
5142,0.9970388,0.0013448132,0.0016163936,NORMAL
5143,0.99708414,0.0013241884,0.0015916042,NORMAL
5144,0.9970631,0.0013337737,0.0016031248,NORMAL
5145,0.9970131,0.0013564987,0.0016304388,NORMAL
5146,0.9970478,0.0013407364,0.0016114934,NORMAL
5147,0.9970869,0.0013229654,0.0015901341,NORMAL
5148,0.9972289,0.0012413088,0.0015297055,NORMAL
5149,0.9971355,0.0013047517,0.0015597066,NORMAL
5150,0.9969704,0.0014032732,0.0016262559,NORMAL
5151,0.9970342,0.0013771681,0.0015886343,NORMAL
5152,0.9971678,0.0012847298,0.0015473801,NORMAL
5153,0.99721056,0.001254335,0.0015350078,NORMAL
5154,0.99723494,0.0012337563,0.0015313136,NORMAL
5155,0.99720126,0.0012685675,0.0015301426,NORMAL
5156,0.9967246,0.0016163257,0.0016590264,NORMAL
5157,0.9968077,0.0014889212,0.0017033903,NORMAL
5158,0.99711406,0.0013041322,0.0015818283,NORMAL
5159,0.9971142,0.0013257787,0.0015600154,NORMAL
5160,0.99718654,0.0012746698,0.0015387862,NORMAL
5161,0.99721193,0.0012556748,0.0015324231,NORMAL
5162,0.9972353,0.0012341583,0.0015305382,NORMAL
5163,0.99724233,0.0012277033,0.0015299728,NORMAL
5164,0.9972444,0.0012257668,0.0015298032,NORMAL
5165,0.9971099,0.0013304508,0.0015596882,NORMAL
5166,0.9970541,0.0013378817,0.0016080622,NORMAL
5167,0.9970888,0.001322109,0.0015891048,NORMAL
5168,0.99709916,0.0013173772,0.0015834175,NORMAL
5169,0.99710226,0.0013159576,0.0015817113,NORMAL
5170,0.99707353,0.0013290159,0.0015974061,NORMAL
5171,0.9970659,0.0013324915,0.0016015836,NORMAL
5172,0.9970923,0.0013204919,0.0015871611,NORMAL
5173,0.99710023,0.001316892,0.0015828344,NORMAL
5174,0.9970169,0.0013547312,0.001628315,NORMAL
5175,0.9970626,0.001333981,0.0016033739,NORMAL
5176,0.9970913,0.0013209388,0.0015876982,NORMAL
5177,0.99709994,0.0013170261,0.0015829955,NORMAL
5178,0.9970356,0.0013462473,0.0016181176,NORMAL
5179,0.9970403,0.0013441348,0.0016155787,NORMAL
5180,0.99704796,0.001340652,0.0016113922,NORMAL
5181,0.99702996,0.0013488245,0.0016212154,NORMAL
5182,0.99696875,0.0013766363,0.0016546434,NORMAL
5183,0.99702847,0.0013495081,0.0016220366,NORMAL
5184,0.9972453,0.0012249369,0.0015297305,NORMAL
5185,0.997184,0.0012864156,0.0015296366,NORMAL
5186,0.9972187,0.0012515873,0.0015296899,NORMAL
5187,0.9971236,0.0013167583,0.001559688,NORMAL
5188,0.99716794,0.0012786038,0.0015534351,NORMAL
5189,0.9972221,0.0012410369,0.0015368419,NORMAL
5190,0.99678946,0.0015657182,0.001644779,NORMAL
5191,0.9967032,0.0016195,0.001677234,NORMAL
5192,0.9969826,0.0014287423,0.001588624,NORMAL
5193,0.99620444,0.00191256,0.0018830799,NORMAL
5194,0.9968878,0.00146143,0.0016508073,NORMAL
5195,0.9971299,0.0013040917,0.001566041,NORMAL
5196,0.99714565,0.0013137873,0.001540524,NORMAL
5197,0.9968989,0.0014246115,0.0016765456,NORMAL
5198,0.99714136,0.0012848394,0.001573775,NORMAL
5199,0.99638516,0.0018247182,0.0017900987,NORMAL
5200,0.9969873,0.0014048712,0.0016078409,NORMAL
5201,0.9967599,0.0015740003,0.001666148,NORMAL
5202,0.9966414,0.0015967062,0.0017619098,NORMAL
5203,0.9969524,0.0014411843,0.0016064704,NORMAL
5204,0.99701464,0.0014256105,0.0015597908,NORMAL
5205,0.9970233,0.0014134089,0.0015632974,NORMAL
5206,0.9969336,0.0014679777,0.0015984025,NORMAL
5207,0.99700415,0.0014234049,0.0015723784,NORMAL
5208,0.9969846,0.001425356,0.0015901225,NORMAL
5209,0.9970258,0.0014018414,0.0015724148,NORMAL
5210,0.9970677,0.0013827248,0.0015496219,NORMAL
5211,0.99708563,0.001374532,0.0015398536,NORMAL
5212,0.9970561,0.0013865941,0.0015573342,NORMAL
5213,0.9970768,0.0013781507,0.0015450978,NORMAL
5214,0.9969973,0.0014480178,0.0015547323,NORMAL
5215,0.9970233,0.0014148992,0.0015617879,NORMAL
5216,0.9970548,0.0013987287,0.0015464153,NORMAL
5217,0.99701595,0.0014143167,0.0015697747,NORMAL
5218,0.99699414,0.0014437451,0.001562159,NORMAL
5219,0.9970407,0.0013952719,0.0015640446,NORMAL
5220,0.9972023,0.0012680821,0.0015296645,NORMAL
5221,0.997154,0.0012863353,0.0015597187,NORMAL
5222,0.99711835,0.0013283162,0.0015533703,NORMAL
5223,0.9968796,0.0014391238,0.0016813395,NORMAL
5224,0.9971082,0.001316619,0.0015751712,NORMAL
5225,0.9971805,0.001276172,0.0015433265,NORMAL
5226,0.99721813,0.0012480764,0.0015337975,NORMAL
5227,0.99722946,0.0012396477,0.0015309388,NORMAL
5228,0.9969243,0.0014072901,0.0016684983,NORMAL
5229,0.99717003,0.0013003184,0.001529615,NORMAL
5230,0.99721456,0.0012557581,0.0015296834,NORMAL
5231,0.9971595,0.0012961241,0.0015443952,NORMAL
5232,0.9971924,0.0012583837,0.0015492301,NORMAL
5233,0.99670225,0.0015101563,0.0017875566,NORMAL
5234,0.9970729,0.001320068,0.0016070637,NORMAL
5235,0.9971936,0.0012534762,0.0015529305,NORMAL
5236,0.9968473,0.0014781287,0.0016745983,NORMAL
5237,0.99672484,0.0015889197,0.0016861871,NORMAL
5238,0.99710363,0.0013153492,0.0015809801,NORMAL
5239,0.99701816,0.0013541715,0.0016276427,NORMAL
5240,0.997078,0.0013269959,0.0015949789,NORMAL
5241,0.99709594,0.0013188432,0.0015851797,NORMAL
5242,0.9971013,0.0013163975,0.00158224,NORMAL
5243,0.997103,0.0013156637,0.001581358,NORMAL
5244,0.99710345,0.0013154435,0.0015810935,NORMAL
5245,0.9970757,0.0013280412,0.0015962347,NORMAL
5246,0.99706054,0.0013349295,0.001604514,NORMAL
5247,0.9970541,0.0013378817,0.0016080622,NORMAL
5248,0.9970541,0.0013378817,0.0016080622,NORMAL
5249,0.9970888,0.001322109,0.0015891048,NORMAL
5250,0.99709916,0.0013173772,0.0015834175,NORMAL
5251,0.99710226,0.0013159576,0.0015817113,NORMAL
5252,0.99707353,0.0013290159,0.0015974061,NORMAL
5253,0.9970659,0.0013324915,0.0016015836,NORMAL
5254,0.9970923,0.0013204919,0.0015871611,NORMAL
5255,0.99707234,0.0013295556,0.001598055,NORMAL
5256,0.9970222,0.001352327,0.0016254254,NORMAL
5257,0.99705136,0.0013391062,0.0016095343,NORMAL
5258,0.99708796,0.0013224763,0.0015895463,NORMAL
5259,0.99706423,0.0013332601,0.0016025074,NORMAL
5260,0.9970631,0.0013337648,0.001603114,NORMAL
5261,0.99701464,0.0013557501,0.0016295398,NORMAL
5262,0.9970769,0.0013274695,0.001595548,NORMAL
5263,0.9970956,0.0013189854,0.0015853505,NORMAL
5264,0.9970733,0.0013291037,0.0015975118,NORMAL
5265,0.9970094,0.0013581269,0.0016323966,NORMAL
5266,0.99704665,0.0013412249,0.0016120807,NORMAL
5267,0.99702954,0.0013489963,0.0016214219,NORMAL
5268,0.99705267,0.0013384856,0.0016087883,NORMAL
5269,0.9970244,0.0013513275,0.0016242239,NORMAL
5270,0.9970511,0.001339185,0.0016096289,NORMAL
5271,0.99706,0.0013351636,0.0016047953,NORMAL
5272,0.99706185,0.0013343359,0.0016038003,NORMAL
5273,0.9970564,0.0013368179,0.0016067836,NORMAL
5274,0.9971789,0.0012688678,0.0015522152,NORMAL
5275,0.9967985,0.0015520642,0.0016494283,NORMAL
5276,0.9971113,0.0013230752,0.0015656399,NORMAL
5277,0.99714357,0.0013160846,0.0015404088,NORMAL
5278,0.9968246,0.001529451,0.0016459487,NORMAL
5279,0.9971076,0.0013277514,0.0015645785,NORMAL
5280,0.997174,0.001285841,0.001540139,NORMAL
5281,0.9970161,0.0014365594,0.001547328,NORMAL
5282,0.99714637,0.0013186253,0.0015349635,NORMAL
5283,0.9972453,0.0012249369,0.0015297305,NORMAL
5284,0.9969527,0.0013959827,0.001651316,NORMAL
5285,0.9971576,0.0012762507,0.0015662061,NORMAL
5286,0.9967921,0.001554279,0.0016536256,NORMAL
5287,0.9967083,0.0016117648,0.0016798953,NORMAL
5288,0.9970842,0.0013409853,0.0015747799,NORMAL
5289,0.99719703,0.0012597514,0.0015432453,NORMAL
5290,0.99680394,0.0015493293,0.0016467373,NORMAL
5291,0.99679637,0.0014952741,0.0017084096,NORMAL
5292,0.9963343,0.0016647264,0.002000912,NORMAL
5293,0.99638,0.0016440221,0.0019760272,NORMAL
5294,0.99688655,0.0014139512,0.0016994942,NORMAL
5295,0.9970385,0.0013449298,0.0016165343,NORMAL
5296,0.9970841,0.0013242234,0.0015916463,NORMAL
5297,0.99706113,0.0013346785,0.0016042124,NORMAL
5298,0.9970909,0.001321148,0.0015879498,NORMAL
5299,0.99664813,0.0015222486,0.0018296615,NORMAL
5300,0.99696696,0.0013774191,0.0016555846,NORMAL
5301,0.9963995,0.0016351488,0.001965362,NORMAL
5302,0.9968924,0.0014112891,0.0016962948,NORMAL
5303,0.9970018,0.0013616227,0.0016365985,NORMAL
5304,0.99703836,0.001345004,0.001616623,NORMAL
5305,0.997084,0.0013242457,0.001591673,NORMAL
5306,0.9969529,0.001383813,0.0016632698,NORMAL
5307,0.9969729,0.0013747107,0.0016523296,NORMAL
5308,0.9970644,0.0013331576,0.001602385,NORMAL
5309,0.9970919,0.0013206918,0.0015874016,NORMAL
5310,0.9972453,0.0012249369,0.0015297305,NORMAL
5311,0.99723715,0.0012331437,0.001529718,NORMAL
5312,0.99678254,0.0015747667,0.0016426225,NORMAL
5313,0.9971065,0.0013298858,0.001563598,NORMAL
5314,0.9969276,0.0014108041,0.0016615045,NORMAL
5315,0.99715,0.0012806971,0.0015692627,NORMAL
5316,0.9972167,0.001241665,0.0015415901,NORMAL
5317,0.9972367,0.0012299553,0.0015332883,NORMAL
5318,0.99716616,0.0012883833,0.0015454767,NORMAL
5319,0.996851,0.0014454833,0.0017034644,NORMAL
5320,0.99671566,0.0015895005,0.0016948294,NORMAL
5321,0.99707866,0.001342075,0.0015792483,NORMAL
5322,0.9969102,0.001423627,0.0016661839,NORMAL
5323,0.9970921,0.001337311,0.0015705856,NORMAL
5324,0.9969233,0.0014130316,0.0016636008,NORMAL
5325,0.9970721,0.001343306,0.0015845705,NORMAL
5326,0.99640894,0.0017976807,0.0017934216,NORMAL
5327,0.9969944,0.0013967601,0.0016088379,NORMAL
5328,0.9968945,0.0014920561,0.0016134465,NORMAL
5329,0.99683356,0.0015151353,0.0016513036,NORMAL
5330,0.9969742,0.0014375522,0.0015882488,NORMAL
5331,0.99701035,0.0014192708,0.0015703911,NORMAL
5332,0.99700093,0.0014326894,0.0015664443,NORMAL
5333,0.9970427,0.0013919551,0.0015653302,NORMAL
5334,0.9968606,0.0015054136,0.0016340179,NORMAL
5335,0.9969775,0.001454539,0.0015680401,NORMAL
5336,0.9970411,0.0014106206,0.001548291,NORMAL
5337,0.99682885,0.0015377227,0.0016334556,NORMAL
5338,0.9967881,0.0015574786,0.0016544415,NORMAL
5339,0.9967959,0.0015214907,0.0016825721,NORMAL
5340,0.9968858,0.0014799923,0.001634218,NORMAL
5341,0.9969623,0.0014340783,0.0016036597,NORMAL
5342,0.99691534,0.0014972711,0.0015874271,NORMAL
5343,0.9969325,0.0014764073,0.0015910541,NORMAL
5344,0.99703234,0.0014124671,0.0015552023,NORMAL
5345,0.9970578,0.0013978247,0.0015444399,NORMAL
5346,0.9972453,0.0012249369,0.0015297305,NORMAL
5347,0.9972453,0.0012249369,0.0015297305,NORMAL
5348,0.99647635,0.0017847584,0.0017388585,NORMAL
5349,0.99701464,0.0013928834,0.0015924689,NORMAL
5350,0.9971761,0.0012753209,0.001548552,NORMAL
5351,0.99722457,0.001240052,0.0015353769,NORMAL
5352,0.9971864,0.0012822385,0.0015313436,NORMAL
5353,0.9972119,0.0012579453,0.0015301902,NORMAL
5354,0.99675566,0.0015848521,0.0016594685,NORMAL
5355,0.99711514,0.0013342205,0.0015506682,NORMAL
5356,0.99711514,0.0013342205,0.0015506682,NORMAL
5357,0.9967695,0.0015540483,0.0016764929,NORMAL
5358,0.99697375,0.001380977,0.0016453264,NORMAL
5359,0.9971223,0.0012981623,0.0015794871,NORMAL
5360,0.99718124,0.0012589952,0.0015597576,NORMAL
5361,0.9971349,0.001311653,0.001553395,NORMAL
5362,0.9971211,0.0013274503,0.0015514861,NORMAL
5363,0.9970548,0.0013943666,0.0015508701,NORMAL
5364,0.9972453,0.0012249369,0.0015297305,NORMAL
5365,0.9972453,0.0012249369,0.0015297305,NORMAL
5366,0.9969693,0.0013793195,0.0016513442,NORMAL
5367,0.9971401,0.0012937173,0.0015661804,NORMAL
5368,0.99644184,0.0017702896,0.0017879282,NORMAL
5369,0.9970043,0.0013885428,0.0016071898,NORMAL
5370,0.9971615,0.0012854789,0.0015529508,NORMAL
5371,0.9967288,0.0016217433,0.0016495395,NORMAL
5372,0.99672496,0.0015714343,0.0017036108,NORMAL
5373,0.9972065,0.0012422092,0.0015513021,NORMAL
5374,0.9971864,0.001262265,0.001551271,NORMAL
5375,0.99712116,0.0013280157,0.0015508251,NORMAL
5376,0.99711657,0.0013475241,0.0015359186,NORMAL
5377,0.9972067,0.0012617131,0.0015315869,NORMAL
5378,0.99723375,0.0012359698,0.0015302873,NORMAL
5379,0.996702,0.0016389567,0.001659014,NORMAL
5380,0.9970552,0.0013612334,0.0015836158,NORMAL
5381,0.9970687,0.0013554919,0.0015758566,NORMAL
5382,0.996863,0.0014246763,0.0017123856,NORMAL
5383,0.99703145,0.0013481474,0.0016204017,NORMAL
5384,0.9970032,0.0013609978,0.0016358473,NORMAL
5385,0.99707353,0.0013290438,0.0015974403,NORMAL
5386,0.99703765,0.001345342,0.0016170298,NORMAL
5387,0.9970551,0.0013373893,0.0016074707,NORMAL
5388,0.99705243,0.0013386284,0.0016089599,NORMAL
5389,0.9970883,0.001322333,0.001589374,NORMAL
5390,0.9970606,0.0013349359,0.0016045222,NORMAL
5391,0.99705124,0.0013391593,0.0016095979,NORMAL
5392,0.99708796,0.0013224923,0.0015895655,NORMAL
5393,0.9970989,0.0013174921,0.0015835557,NORMAL
5394,0.99707353,0.0013290343,0.0015974285,NORMAL
5395,0.99709463,0.0013194548,0.0015859146,NORMAL
5396,0.99706626,0.0013323536,0.0016014179,NORMAL
5397,0.9970924,0.0013204506,0.0015871115,NORMAL
5398,0.99710023,0.0013168796,0.0015828195,NORMAL
5399,0.9971026,0.0013158084,0.001581532,NORMAL
5400,0.9969939,0.0013651724,0.0016408651,NORMAL
5401,0.9970707,0.0013302962,0.0015989456,NORMAL
5402,0.9969927,0.001365781,0.0016415964,NORMAL
5403,0.9969619,0.0013797592,0.001658397,NORMAL
5404,0.99706113,0.0013346722,0.0016042052,NORMAL
5405,0.9970562,0.0013369188,0.0016069051,NORMAL
5406,0.9969479,0.0013861294,0.001666054,NORMAL
5407,0.9970569,0.0013365833,0.0016065023,NORMAL
5408,0.9970617,0.0013343832,0.0016038574,NORMAL
5409,0.9969939,0.0013651724,0.0016408651,NORMAL
5410,0.9970707,0.0013302962,0.0015989456,NORMAL
5411,0.9970938,0.0013198333,0.0015863697,NORMAL
5412,0.9971007,0.0013166944,0.001582597,NORMAL
5413,0.9969562,0.0013822691,0.0016614137,NORMAL
5414,0.99701643,0.0013549414,0.0016285675,NORMAL
5415,0.99704874,0.0013402691,0.0016109319,NORMAL
5416,0.9970872,0.0013228252,0.0015899657,NORMAL
5417,0.99701166,0.0013571157,0.0016311808,NORMAL
5418,0.996851,0.0014454833,0.0017034644,NORMAL
5419,0.99712706,0.0012911009,0.0015818507,NORMAL
5420,0.9971744,0.0012651994,0.0015604538,NORMAL
5421,0.9971983,0.0012627883,0.0015389081,NORMAL
5422,0.9970827,0.001370259,0.0015470508,NORMAL
5423,0.99719656,0.0012685335,0.0015349266,NORMAL
5424,0.99693197,0.001415208,0.0016528643,NORMAL
5425,0.9971513,0.0012820183,0.0015666706,NORMAL
5426,0.9971405,0.001304002,0.0015554915,NORMAL
5427,0.9972023,0.0012680821,0.0015296645,NORMAL
5428,0.99710417,0.0013361272,0.0015596575,NORMAL
5429,0.9971948,0.0012665008,0.0015386961,NORMAL
5430,0.9972,0.0012676077,0.001532374,NORMAL
5431,0.9969466,0.0014012868,0.0016521217,NORMAL
5432,0.99715567,0.0012778419,0.0015664478,NORMAL
5433,0.9969642,0.0014015893,0.0016341563,NORMAL
5434,0.9971452,0.0012937506,0.0015610341,NORMAL
5435,0.9972153,0.0012455811,0.0015391216,NORMAL
5436,0.9969733,0.001464114,0.0015626556,NORMAL
5437,0.997,0.0014298714,0.0015701321,NORMAL
5438,0.9970094,0.0014242252,0.0015663848,NORMAL
5439,0.9970453,0.0013894158,0.0015653124,NORMAL
5440,0.99692094,0.0014800164,0.0015989759,NORMAL
5441,0.9970242,0.0014182638,0.0015575716,NORMAL
5442,0.9970341,0.0014207676,0.0015451179,NORMAL
5443,0.9970588,0.0013997514,0.0015414155,NORMAL
5444,0.99697685,0.0014668785,0.0015562489,NORMAL
5445,0.9967296,0.0015486737,0.0017217294,NORMAL
5446,0.9969789,0.0014267745,0.0015944163,NORMAL
5447,0.9968088,0.001529493,0.0016616212,NORMAL
5448,0.9970026,0.0014210204,0.0015763838,NORMAL
5449,0.99693334,0.0014862723,0.0015803352,NORMAL
5450,0.9970326,0.0014154266,0.0015519867,NORMAL
5451,0.9968679,0.0015122057,0.0016198977,NORMAL
5452,0.9969908,0.0014278963,0.0015813474,NORMAL
5453,0.9967786,0.0015599155,0.0016614646,NORMAL
5454,0.9969297,0.0013943781,0.0016759678,NORMAL
5455,0.9969884,0.0013677105,0.0016439154,NORMAL
5456,0.99706906,0.0013310576,0.0015998607,NORMAL
5457,0.99709326,0.0013200617,0.0015866443,NORMAL
5458,0.9970621,0.0013342545,0.0016037032,NORMAL
5459,0.9970342,0.0013469053,0.0016189087,NORMAL
5460,0.9969517,0.0013843421,0.0016639058,NORMAL
5461,0.99705803,0.0013360471,0.0016058579,NORMAL
5462,0.99709,0.0013215586,0.0015884434,NORMAL
5463,0.9969683,0.0013768051,0.001654846,NORMAL
5464,0.99673235,0.0014260393,0.0018416207,NORMAL
5465,0.9969052,0.00138808,0.0017066773,NORMAL
5466,0.9969568,0.0013768008,0.0016663247,NORMAL
5467,0.9970026,0.0013596691,0.0016376951,NORMAL
5468,0.9970733,0.0013286452,0.0015979947,NORMAL
5469,0.9970945,0.001319338,0.0015860845,NORMAL
5470,0.996608,0.0015404056,0.0018515788,NORMAL
5471,0.9964584,0.0016083932,0.0019332313,NORMAL
5472,0.9970694,0.0013907445,0.0015398286,NORMAL
5473,0.9970687,0.0013914822,0.0015398274,NORMAL
5474,0.9970659,0.0013943445,0.0015398231,NORMAL
5475,0.99673665,0.0015813196,0.0016820201,NORMAL
5476,0.9968441,0.0015011104,0.0016548095,NORMAL
5477,0.9969249,0.0014697573,0.0016053848,NORMAL
5478,0.99697554,0.0014490088,0.0015755006,NORMAL
5479,0.9970002,0.001449351,0.0015504668,NORMAL
5480,0.9970181,0.0014228104,0.0015590566,NORMAL
5481,0.99671257,0.0015372647,0.0017501616,NORMAL
5482,0.9969031,0.0014806296,0.0016162752,NORMAL
5483,0.9970134,0.0014063371,0.0015802796,NORMAL
5484,0.99680114,0.0015195886,0.001679271,NORMAL
5485,0.9969529,0.0014504829,0.001596621,NORMAL
5486,0.99689376,0.0014731769,0.0016330126,NORMAL
5487,0.99695873,0.0014735598,0.0015676941,NORMAL
5488,0.99696916,0.0014693288,0.0015615226,NORMAL
5489,0.9970149,0.0014238101,0.0015613144,NORMAL
5490,0.99708563,0.001374532,0.0015398536,NORMAL
5491,0.99654377,0.0016370721,0.0018191992,NORMAL
5492,0.99677336,0.0015307332,0.001695942,NORMAL
5493,0.9969038,0.001493643,0.0016026264,NORMAL
5494,0.99696887,0.0014311724,0.0016000149,NORMAL
5495,0.9968785,0.001491401,0.0016301499,NORMAL
5496,0.996973,0.001442684,0.0015843902,NORMAL
5497,0.99705184,0.0013949776,0.0015532146,NORMAL
5498,0.9968498,0.0015237923,0.0016263688,NORMAL
5499,0.99708563,0.001374532,0.0015398536,NORMAL
5500,0.9969237,0.0014642319,0.0016121182,NORMAL
5501,0.9968873,0.0014788811,0.0016338177,NORMAL
5502,0.9967269,0.0015848761,0.0016882534,NORMAL
5503,0.9969605,0.0014376111,0.001601873,NORMAL
5504,0.99665827,0.0016096402,0.0017321613,NORMAL
5505,0.9969156,0.0014708971,0.0016135649,NORMAL
5506,0.9970225,0.001415528,0.0015619483,NORMAL
5507,0.99702483,0.0014126635,0.001562501,NORMAL
5508,0.99710363,0.0013153492,0.0015809801,NORMAL
5509,0.99710363,0.0013153492,0.0015809801,NORMAL
5510,0.99710363,0.0013153492,0.0015809801,NORMAL
5511,0.99710363,0.0013153492,0.0015809801,NORMAL
5512,0.99710363,0.0013153492,0.0015809801,NORMAL
5513,0.99710363,0.0013153492,0.0015809801,NORMAL
5514,0.99710363,0.0013153492,0.0015809801,NORMAL
5515,0.99710363,0.0013153492,0.0015809801,NORMAL
5516,0.99710363,0.0013153492,0.0015809801,NORMAL
5517,0.99710363,0.0013153492,0.0015809801,NORMAL
5518,0.99710363,0.0013153492,0.0015809801,NORMAL
5519,0.99710363,0.0013153492,0.0015809801,NORMAL
5520,0.99704504,0.0013419656,0.0016129712,NORMAL
5521,0.99708605,0.0013233342,0.0015905774,NORMAL
5522,0.9970983,0.0013177447,0.0015838593,NORMAL
5523,0.997102,0.0013160679,0.001581844,NORMAL
5524,0.99710315,0.0013155648,0.0015812393,NORMAL
5525,0.99710345,0.001315414,0.0015810579,NORMAL
5526,0.99717855,0.0012702178,0.0015512586,NORMAL
5527,0.9968,0.0015088059,0.001691113,NORMAL
5528,0.99710023,0.0013215579,0.0015781277,NORMAL
5529,0.99682415,0.0015101184,0.0016656896,NORMAL
5530,0.9971112,0.0013182603,0.0015705065,NORMAL
5531,0.9971707,0.0012726121,0.0015566908,NORMAL
5532,0.9972036,0.0012585729,0.0015377891,NORMAL
5533,0.9964297,0.0017908873,0.0017793521,NORMAL
5534,0.9969095,0.0014712205,0.0016192733,NORMAL
5535,0.996851,0.0014454833,0.0017034644,NORMAL
5536,0.9970776,0.0013255222,0.001596916,NORMAL
5537,0.99709076,0.0013297067,0.0015795046,NORMAL
5538,0.99669516,0.0014858423,0.001819033,NORMAL
5539,0.9962192,0.0018927816,0.0018879683,NORMAL
5540,0.9964336,0.0016547648,0.001911572,NORMAL
5541,0.9969321,0.0014236895,0.001644176,NORMAL
5542,0.9968753,0.0014389452,0.0016856778,NORMAL
5543,0.9970683,0.0013185203,0.0016132068,NORMAL
5544,0.99710363,0.0013153492,0.0015809801,NORMAL
5545,0.9970749,0.0013283915,0.0015966558,NORMAL
5546,0.997095,0.001319262,0.0015856829,NORMAL
5547,0.99710107,0.0013165231,0.001582391,NORMAL
5548,0.99710286,0.0013157014,0.0015814034,NORMAL
5549,0.9971034,0.0013154548,0.0015811071,NORMAL
5550,0.9970739,0.0013288651,0.0015972249,NORMAL
5551,0.99709475,0.001319404,0.0015858535,NORMAL
5552,0.99710095,0.0013165657,0.0015824421,NORMAL
5553,0.99710363,0.0013153492,0.0015809801,NORMAL
5554,0.99710363,0.0013153492,0.0015809801,NORMAL
5555,0.99710363,0.0013153492,0.0015809801,NORMAL
5556,0.99710363,0.0013153492,0.0015809801,NORMAL
5557,0.99710363,0.0013153492,0.0015809801,NORMAL
5558,0.99710363,0.0013153492,0.0015809801,NORMAL
5559,0.99710363,0.0013153492,0.0015809801,NORMAL
5560,0.99710363,0.0013153492,0.0015809801,NORMAL
5561,0.99710363,0.0013153492,0.0015809801,NORMAL
5562,0.99706525,0.0013949234,0.0015398222,NORMAL
5563,0.9970292,0.001416072,0.0015547817,NORMAL
5564,0.99705446,0.001401268,0.00154431,NORMAL
5565,0.9970305,0.00142837,0.0015411199,NORMAL
5566,0.99704736,0.0014124402,0.0015402,NORMAL
5567,0.9970476,0.001412445,0.0015399165,NORMAL
5568,0.9970284,0.0014317231,0.0015398018,NORMAL
5569,0.9970542,0.0014059633,0.001539816,NORMAL
5570,0.9970497,0.0014105019,0.0015398014,NORMAL
5571,0.99706525,0.0013949234,0.0015398222,NORMAL
5572,0.997058,0.0014022393,0.0015398109,NORMAL
5573,0.99695635,0.0014478044,0.00159577,NORMAL
5574,0.99699616,0.0014472316,0.0015565503,NORMAL
5575,0.996903,0.0015006559,0.0015963421,NORMAL
5576,0.99701655,0.0014266432,0.0015567781,NORMAL
5577,0.99697924,0.0014625656,0.0015582364,NORMAL
5578,0.99699324,0.001461511,0.0015452751,NORMAL
5579,0.9970436,0.0014148997,0.0015414581,NORMAL
5580,0.9972453,0.0012249369,0.0015297305,NORMAL
5581,0.99720377,0.0012513503,0.0015448084,NORMAL
5582,0.9971244,0.0013263813,0.0015492275,NORMAL
5583,0.9972091,0.0012553702,0.0015355796,NORMAL
5584,0.99723446,0.0012340669,0.0015314852,NORMAL
5585,0.99622905,0.0019055564,0.0018653851,NORMAL
5586,0.9966342,0.0015974275,0.0017684471,NORMAL
5587,0.99688625,0.0014979411,0.0016158703,NORMAL
5588,0.9968616,0.0014612207,0.0016771861,NORMAL
5589,0.9970932,0.0013561946,0.001550634,NORMAL
5590,0.99719965,0.0012643142,0.0015360016,NORMAL
5591,0.996848,0.0014405388,0.0017114489,NORMAL
5592,0.99624383,0.0018878025,0.0018684049,NORMAL
5593,0.99615645,0.0019463369,0.0018972022,NORMAL
5594,0.9969187,0.001441357,0.001639972,NORMAL
5595,0.9971473,0.0012898629,0.0015628029,NORMAL
5596,0.996444,0.0017691334,0.001786915,NORMAL
5597,0.99688536,0.0014778619,0.0016368463,NORMAL
5598,0.99710363,0.0013153492,0.0015809801,NORMAL
5599,0.99710363,0.0013153492,0.0015809801,NORMAL
5600,0.99710363,0.0013153492,0.0015809801,NORMAL
5601,0.99710363,0.0013153492,0.0015809801,NORMAL
5602,0.99710363,0.0013153492,0.0015809801,NORMAL
5603,0.99710363,0.0013153492,0.0015809801,NORMAL
5604,0.99710363,0.0013153492,0.0015809801,NORMAL
5605,0.99710363,0.0013153492,0.0015809801,NORMAL
5606,0.99710363,0.0013153492,0.0015809801,NORMAL
5607,0.99710363,0.0013153492,0.0015809801,NORMAL
5608,0.99710363,0.0013153492,0.0015809801,NORMAL
5609,0.99710363,0.0013153492,0.0015809801,NORMAL
5610,0.99710363,0.0013153492,0.0015809801,NORMAL
5611,0.99710363,0.0013153492,0.0015809801,NORMAL
5612,0.99710363,0.0013153492,0.0015809801,NORMAL
5613,0.99710363,0.0013153492,0.0015809801,NORMAL
5614,0.99710363,0.0013153492,0.0015809801,NORMAL
5615,0.99710363,0.0013153492,0.0015809801,NORMAL
5616,0.99710363,0.0013153492,0.0015809801,NORMAL
5617,0.99710363,0.0013153492,0.0015809801,NORMAL
5618,0.99710363,0.0013153492,0.0015809801,NORMAL
5619,0.99704665,0.0013412336,0.0016120918,NORMAL
5620,0.9970865,0.0013231145,0.0015903136,NORMAL
5621,0.9970985,0.0013176788,0.0015837802,NORMAL
5622,0.99710214,0.0013160481,0.0015818202,NORMAL
5623,0.9971032,0.0013155589,0.0015812322,NORMAL
5624,0.9971035,0.0013154121,0.0015810558,NORMAL
5625,0.9970626,0.001333981,0.0016033739,NORMAL
5626,0.99706256,0.001333981,0.0016033739,NORMAL
5627,0.9970913,0.0013209388,0.0015876982,NORMAL
5628,0.99709994,0.0013170261,0.0015829955,NORMAL
5629,0.99633026,0.0016665531,0.0020031077,NORMAL
5630,0.9968716,0.0014207105,0.0017076184,NORMAL
5631,0.99693745,0.001390824,0.0016716965,NORMAL
5632,0.99705374,0.0013379917,0.001608195,NORMAL
5633,0.9970608,0.0013348056,0.0016043652,NORMAL
5634,0.9969879,0.001432982,0.0015791202,NORMAL
5635,0.9971603,0.0012951194,0.0015445356,NORMAL
5636,0.9972198,0.0012459917,0.001534172,NORMAL
5637,0.9966671,0.0015275936,0.0018053042,NORMAL
5638,0.9970637,0.0013239407,0.0016123902,NORMAL
5639,0.99711365,0.0013121769,0.0015741946,NORMAL
5640,0.99719,0.0012669269,0.0015430456,NORMAL
5641,0.99721295,0.0012533518,0.0015337009,NORMAL
5642,0.9971069,0.0013476087,0.0015455196,NORMAL
5643,0.99613225,0.0018132008,0.0020545237,NORMAL
5644,0.9968112,0.0014869662,0.0017018106,NORMAL
5645,0.9967748,0.0015223682,0.0017028583,NORMAL
5646,0.996819,0.001477715,0.001703267,NORMAL
5647,0.9969609,0.0014121698,0.0016268875,NORMAL
5648,0.99713886,0.0013022602,0.0015588453,NORMAL
5649,0.9971974,0.0012641839,0.0015384405,NORMAL
5650,0.9969458,0.0014002597,0.0016539416,NORMAL
5651,0.9971477,0.0012853027,0.001566982,NORMAL
5652,0.9972065,0.0012422092,0.0015513021,NORMAL
5653,0.9972065,0.0012422092,0.0015513021,NORMAL
5654,0.9971277,0.0013211309,0.0015511794,NORMAL
5655,0.99718285,0.0012658858,0.0015512654,NORMAL
5656,0.9972266,0.0012372215,0.001536191,NORMAL
5657,0.9972397,0.0012286223,0.0015316686,NORMAL
5658,0.99724364,0.0012260425,0.0015303119,NORMAL
5659,0.99721766,0.0012373592,0.0015450051,NORMAL
5660,0.99684685,0.0015058334,0.0016473276,NORMAL
5661,0.9972453,0.0012249369,0.0015297305,NORMAL
5662,0.9972453,0.0012249369,0.0015297305,NORMAL
5663,0.9972453,0.0012249369,0.0015297305,NORMAL
5664,0.9972338,0.0012363972,0.001529713,NORMAL
5665,0.99724185,0.001228375,0.0015297253,NORMAL
5666,0.9972443,0.0012259684,0.0015297289,NORMAL
5667,0.9971385,0.0013171267,0.0015443624,NORMAL
5668,0.9968685,0.0014567443,0.001674761,NORMAL
5669,0.99711645,0.001310297,0.0015732155,NORMAL
5670,0.99708587,0.0013621238,0.0015520704,NORMAL
5671,0.9971814,0.0012821429,0.001536408,NORMAL
5672,0.9972184,0.0012498677,0.0015317219,NORMAL
5673,0.99676025,0.0015767153,0.0016630334,NORMAL
5674,0.9968238,0.001484853,0.0016913351,NORMAL
5675,0.9961773,0.0019546591,0.0018680501,NORMAL
5676,0.99692494,0.0014438536,0.0016312264,NORMAL
5677,0.9971492,0.0012906119,0.0015601793,NORMAL
5678,0.99628294,0.0018810867,0.0018360522,NORMAL
5679,0.996838,0.0014585779,0.0017034421,NORMAL
5680,0.9971154,0.0013027982,0.0015818322,NORMAL
5681,0.9971986,0.0012560643,0.0015453493,NORMAL
5682,0.9964905,0.0017277327,0.0017817378,NORMAL
5683,0.9970107,0.0013839824,0.0016053203,NORMAL
5684,0.997175,0.0012726506,0.0015524074,NORMAL
5685,0.9972242,0.001239251,0.0015365335,NORMAL
5686,0.99723125,0.0012370001,0.0015317596,NORMAL
5687,0.9972329,0.0012367626,0.0015303268,NORMAL
5688,0.99715096,0.0012669096,0.0015821478,NORMAL
5689,0.9970875,0.001330492,0.0015820471,NORMAL
5690,0.99711305,0.0013268737,0.0015600915,NORMAL
5691,0.9971942,0.0012669782,0.0015388213,NORMAL
5692,0.99648917,0.0017310069,0.0017797793,NORMAL
5693,0.99701846,0.0013767579,0.0016047452,NORMAL
5694,0.9967284,0.0016064345,0.00166515,NORMAL
5695,0.9970453,0.0013637921,0.0015909343,NORMAL
5696,0.9968177,0.0015127922,0.0016695488,NORMAL
5697,0.99706787,0.0013815772,0.0015505946,NORMAL
5698,0.9971728,0.0012912625,0.0015359602,NORMAL
5699,0.9966404,0.0016989673,0.0016606413,NORMAL
5700,0.99614847,0.0019080923,0.0019433836,NORMAL
5701,0.9967787,0.0014959452,0.0017253794,NORMAL
5702,0.99710536,0.0013062394,0.0015884251,NORMAL
5703,0.99681336,0.0015014238,0.0016852338,NORMAL
5704,0.9967992,0.0014809025,0.0017199586,NORMAL
5705,0.99711144,0.0013017266,0.0015867989,NORMAL
5706,0.9972224,0.0012478655,0.0015296955,NORMAL
5707,0.9969224,0.0013776445,0.001699942,NORMAL
5708,0.9971403,0.001278956,0.0015807815,NORMAL
5709,0.9971881,0.0012669154,0.0015450064,NORMAL
5710,0.9971504,0.0013153559,0.0015341941,NORMAL
5711,0.996768,0.001588014,0.0016439847,NORMAL
5712,0.996817,0.0014974087,0.0016856049,NORMAL
5713,0.99710906,0.0013144475,0.001576481,NORMAL
5714,0.99717724,0.0012638806,0.0015588559,NORMAL
5715,0.9972453,0.0012249369,0.0015297305,NORMAL
5716,0.99675226,0.0014843841,0.0017633265,NORMAL
5717,0.99669635,0.0015907963,0.0017128056,NORMAL
5718,0.9970806,0.0013346947,0.001584653,NORMAL
5719,0.99718773,0.001266071,0.0015461948,NORMAL
5720,0.99716675,0.0012987559,0.0015345758,NORMAL
5721,0.99722177,0.0012470826,0.0015311841,NORMAL
5722,0.99645376,0.0017688137,0.0017774056,NORMAL
5723,0.99700785,0.0013881,0.0016040329,NORMAL
5724,0.9966732,0.0016355745,0.0016911551,NORMAL
5725,0.99688405,0.0014371993,0.0016787654,NORMAL
5726,0.9968518,0.0014521643,0.001696039,NORMAL
5727,0.99704945,0.0013376896,0.0016128425,NORMAL
5728,0.9969014,0.0014223114,0.0016762622,NORMAL
5729,0.996523,0.0016105538,0.0018664242,NORMAL
5730,0.9960582,0.0020275302,0.0019142756,NORMAL
5731,0.9968815,0.0014734839,0.0016450823,NORMAL
5732,0.9971284,0.00130727,0.0015643243,NORMAL
5733,0.9972019,0.0012684197,0.001529664,NORMAL
5734,0.9967948,0.0015625384,0.001642645,NORMAL
5735,0.99707514,0.0013461867,0.0015786928,NORMAL
5736,0.9971943,0.0012613118,0.0015444192,NORMAL
5737,0.99686086,0.0014381884,0.0017010376,NORMAL
5738,0.99709177,0.0013271566,0.0015810642,NORMAL
5739,0.9966527,0.0016893486,0.0016578801,NORMAL
5740,0.99705935,0.0013724673,0.0015681629,NORMAL
5741,0.9969044,0.0014327447,0.0016628583,NORMAL
5742,0.99653196,0.0017536687,0.0017142822,NORMAL
5743,0.99582016,0.002158529,0.0020213022,NORMAL
5744,0.99674,0.001549599,0.0017104214,NORMAL
5745,0.9969655,0.0014205822,0.0016138847,NORMAL
5746,0.99620616,0.00194904,0.0018447884,NORMAL
5747,0.99673903,0.0015849483,0.0016760385,NORMAL
5748,0.9969912,0.0014147148,0.0015941113,NORMAL
5749,0.9963356,0.0018681891,0.0017961912,NORMAL
5750,0.9969487,0.0014416431,0.0016096325,NORMAL
5751,0.9972133,0.0012570306,0.0015296815,NORMAL
5752,0.9972083,0.0012620548,0.0015296738,NORMAL
5753,0.99681914,0.0014962347,0.0016846552,NORMAL
5754,0.99664664,0.0016475399,0.0017058232,NORMAL
5755,0.997058,0.0013594867,0.0015825465,NORMAL
5756,0.99679935,0.001511628,0.001689025,NORMAL
5757,0.9965724,0.0017210135,0.0017066365,NORMAL
5758,0.9970084,0.0013937292,0.0015978903,NORMAL
5759,0.99705005,0.0013852229,0.0015647833,NORMAL
5760,0.9971343,0.0013361161,0.0015295603,NORMAL
5761,0.99721205,0.0012582907,0.0015296794,NORMAL
5762,0.9971061,0.0013342717,0.0015596604,NORMAL
5763,0.9971764,0.001269828,0.0015538097,NORMAL
5764,0.9971801,0.0012830817,0.001536886,NORMAL
5765,0.99722576,0.0012423804,0.0015318771,NORMAL
5766,0.9967893,0.0015425973,0.0016681651,NORMAL
5767,0.9970319,0.0013821758,0.0015859398,NORMAL
5768,0.99709016,0.0013486071,0.0015612496,NORMAL
5769,0.99711514,0.0013342205,0.0015506682,NORMAL
5770,0.99673104,0.0016200704,0.0016488822,NORMAL
5771,0.996815,0.0014978595,0.0016870897,NORMAL
5772,0.9971081,0.0013150205,0.0015769257,NORMAL
5773,0.997113,0.0013284605,0.0015585454,NORMAL
5774,0.99657816,0.0017375186,0.0016843062,NORMAL
5775,0.99700975,0.0013991247,0.0015911905,NORMAL
5776,0.9971746,0.0012771933,0.0015481685,NORMAL
5777,0.9972241,0.0012406139,0.0015352619,NORMAL
5778,0.9970606,0.0013744975,0.0015648528,NORMAL
5779,0.99692845,0.0014519608,0.0016196381,NORMAL
5780,0.99689376,0.00147017,0.001636082,NORMAL
5781,0.9970086,0.0014227758,0.001568692,NORMAL
5782,0.9970055,0.0014299601,0.0015645004,NORMAL
5783,0.99702346,0.0014293133,0.001547189,NORMAL
5784,0.99705267,0.0014052404,0.0015420322,NORMAL
5785,0.99706435,0.0013950933,0.0015404897,NORMAL
5786,0.99707925,0.0013807004,0.0015400444,NORMAL
5787,0.99679923,0.0015060673,0.001694628,NORMAL
5788,0.9969587,0.001437546,0.0016037484,NORMAL
5789,0.99683535,0.0015190908,0.0016455434,NORMAL
5790,0.996951,0.0014437074,0.0016053382,NORMAL
5791,0.9969243,0.0014877224,0.0015879502,NORMAL
5792,0.9970373,0.0014084892,0.0015542826,NORMAL
5793,0.9969343,0.0014492612,0.0016164882,NORMAL
5794,0.9969437,0.0014775539,0.0015787773,NORMAL
5795,0.9970072,0.0014413504,0.0015514754,NORMAL
5796,0.99703133,0.0014288495,0.0015397698,NORMAL
5797,0.99698365,0.0014632274,0.001553134,NORMAL
5798,0.9970333,0.0014228974,0.0015438042,NORMAL
5799,0.99696064,0.0014614068,0.0015779556,NORMAL
5800,0.99695444,0.0014809221,0.0015645772,NORMAL
5801,0.997032,0.001420723,0.0015472487,NORMAL
5802,0.9970553,0.0014026633,0.0015420502,NORMAL
5803,0.99706227,0.0013972453,0.0015404905,NORMAL
5804,0.9969565,0.0014665179,0.001576941,NORMAL
5805,0.99700624,0.0014539899,0.001539731,NORMAL
5806,0.9970401,0.0014201261,0.0015397833,NORMAL
5807,0.9970242,0.0014360915,0.0015397589,NORMAL
5808,0.9970529,0.0014072738,0.0015398031,NORMAL
5809,0.9926246,0.0036406831,0.0037346992,NORMAL
5810,0.995733,0.0020686514,0.0021982854,NORMAL
5811,0.99665403,0.001608559,0.0017373434,NORMAL
5812,0.99684685,0.0015171053,0.0016360173,NORMAL
5813,0.99699974,0.001431578,0.0015686807,NORMAL
5814,0.9965664,0.0017425776,0.001690974,NORMAL
5815,0.99704164,0.0013802291,0.0015781035,NORMAL
5816,0.99635524,0.0018533352,0.0017913973,NORMAL
5817,0.9969783,0.0014134564,0.0016082305,NORMAL
5818,0.9967049,0.0016288606,0.0016661762,NORMAL
5819,0.9970832,0.0013461141,0.0015706641,NORMAL
5820,0.99672145,0.0016236386,0.001654881,NORMAL
5821,0.9970684,0.0013643244,0.0015672455,NORMAL
5822,0.99719226,0.0012667532,0.001540985,NORMAL
5823,0.9972453,0.0012249369,0.0015297305,NORMAL
5824,0.9971687,0.0012868777,0.0015444094,NORMAL
5825,0.99676204,0.001590887,0.0016470299,NORMAL
5826,0.99661344,0.0017087397,0.0016777709,NORMAL
5827,0.99705577,0.0013700777,0.0015741426,NORMAL
5828,0.99718845,0.0012684792,0.0015430541,NORMAL
5829,0.9968381,0.0015151693,0.0016467422,NORMAL
5830,0.9967221,0.0016000319,0.0016778302,NORMAL
5831,0.9970884,0.0013374654,0.0015741604,NORMAL
5832,0.99710363,0.0013153492,0.0015809801,NORMAL
5833,0.99710363,0.0013153492,0.0015809801,NORMAL
5834,0.99710363,0.0013153492,0.0015809801,NORMAL
5835,0.99710363,0.0013153492,0.0015809801,NORMAL
5836,0.99710363,0.0013153492,0.0015809801,NORMAL
5837,0.99710363,0.0013153492,0.0015809801,NORMAL
5838,0.99710363,0.0013153492,0.0015809801,NORMAL
5839,0.99710363,0.0013153492,0.0015809801,NORMAL
5840,0.99710363,0.0013153492,0.0015809801,NORMAL
5841,0.99710363,0.0013153492,0.0015809801,NORMAL
5842,0.99710363,0.0013153492,0.0015809801,NORMAL
5843,0.99710363,0.0013153492,0.0015809801,NORMAL
5844,0.99710363,0.0013153492,0.0015809801,NORMAL
5845,0.99710363,0.0013153492,0.0015809801,NORMAL
5846,0.99710363,0.0013153492,0.0015809801,NORMAL
5847,0.99710363,0.0013153492,0.0015809801,NORMAL
5848,0.99710363,0.0013153492,0.0015809801,NORMAL
5849,0.99710363,0.0013153492,0.0015809801,NORMAL
5850,0.9972025,0.0012678793,0.0015296648,NORMAL
5851,0.9966324,0.0017089294,0.0016587237,NORMAL
5852,0.9970615,0.0013701348,0.0015684285,NORMAL
5853,0.99672985,0.001615864,0.0016542356,NORMAL
5854,0.9970907,0.0013422151,0.001567082,NORMAL
5855,0.99719894,0.0012601204,0.001540936,NORMAL
5856,0.9971701,0.0012969706,0.0015329982,NORMAL
5857,0.9972228,0.0012465471,0.0015307107,NORMAL
5858,0.9968005,0.0015565744,0.001642958,NORMAL
5859,0.9971343,0.0013361161,0.0015295603,NORMAL
5860,0.99678516,0.0015722386,0.0016426318,NORMAL
5861,0.99710727,0.0013291275,0.0015636008,NORMAL
5862,0.99720395,0.0012561941,0.0015398916,NORMAL
5863,0.99722475,0.0012425209,0.0015327663,NORMAL
5864,0.99677706,0.0015793528,0.001643534,NORMAL
5865,0.9970933,0.001342722,0.001563854,NORMAL
5866,0.9967728,0.0015742204,0.0016529199,NORMAL
5867,0.9970954,0.0013379287,0.0015666748,NORMAL
5868,0.99710363,0.0013153492,0.0015809801,NORMAL
5869,0.99710363,0.0013153492,0.0015809801,NORMAL
5870,0.99710363,0.0013153492,0.0015809801,NORMAL
5871,0.99701816,0.0013541715,0.0016276427,NORMAL
5872,0.997078,0.0013269959,0.0015949789,NORMAL
5873,0.99709594,0.0013188432,0.0015851797,NORMAL
5874,0.9971013,0.0013163975,0.00158224,NORMAL
5875,0.997103,0.0013156637,0.001581358,NORMAL
5876,0.99710345,0.0013154435,0.0015810935,NORMAL
5877,0.99710363,0.0013153492,0.0015809801,NORMAL
5878,0.99710363,0.0013153492,0.0015809801,NORMAL
5879,0.99710363,0.0013153492,0.0015809801,NORMAL
5880,0.9969952,0.0013646132,0.0016401928,NORMAL
5881,0.99707115,0.0013301284,0.001598744,NORMAL
5882,0.9970454,0.0013418408,0.0016128216,NORMAL
5883,0.9963139,0.0016739975,0.0020120556,NORMAL
5884,0.99681664,0.0014457016,0.0017376558,NORMAL
5885,0.9970175,0.0013544549,0.0016279828,NORMAL
5886,0.99708563,0.001374532,0.0015398536,NORMAL
5887,0.99705255,0.0014076481,0.0015398025,NORMAL
5888,0.99706143,0.0013987408,0.0015398163,NORMAL
5889,0.9970641,0.0013960686,0.0015398203,NORMAL
5890,0.9970649,0.001395267,0.0015398216,NORMAL
5891,0.9970651,0.0013950265,0.001539822,NORMAL
5892,0.9970317,0.0014285616,0.0015397704,NORMAL
5893,0.9970552,0.0014050149,0.0015398066,NORMAL
5894,0.9970622,0.0013979508,0.0015398175,NORMAL
5895,0.99691904,0.0014833303,0.0015976354,NORMAL
5896,0.9970214,0.0014214455,0.0015571661,NORMAL
5897,0.9970521,0.0014028801,0.0015450254,NORMAL
5898,0.9970231,0.0014355124,0.0015413242,NORMAL
5899,0.9970595,0.0014001986,0.0015402833,NORMAL
5900,0.9970635,0.001396506,0.0015399605,NORMAL
5901,0.9970647,0.0013953982,0.0015398636,NORMAL
5902,0.9969093,0.0014610054,0.0016296895,NORMAL
5903,0.99701846,0.001414748,0.0015667824,NORMAL
5904,0.9972343,0.0012360355,0.0015297136,NORMAL
5905,0.99670196,0.0014738946,0.001824088,NORMAL
5906,0.9966818,0.0015870705,0.0017310351,NORMAL
5907,0.9970681,0.0013417838,0.0015901094,NORMAL
5908,0.9966719,0.0016507297,0.0016773742,NORMAL
5909,0.9964901,0.0018068075,0.0017030656,NORMAL
5910,0.99691916,0.0014844579,0.0015963743,NORMAL
5911,0.99714744,0.0013027932,0.0015497236,NORMAL
5912,0.9967716,0.0015548987,0.001673529,NORMAL
5913,0.9966042,0.0017047431,0.001691038,NORMAL
5914,0.9965656,0.001678841,0.001755585,NORMAL
5915,0.9967155,0.0015434625,0.0017410476,NORMAL
5916,0.99707866,0.0013282635,0.0015931139,NORMAL
5917,0.99675786,0.0015804915,0.0016616799,NORMAL
5918,0.99690944,0.0014206745,0.0016699228,NORMAL
5919,0.99700737,0.0013492528,0.0016433417,NORMAL
5920,0.996632,0.0015442775,0.0018238022,NORMAL
5921,0.9967335,0.0015102265,0.0017563374,NORMAL
5922,0.99706835,0.0013917984,0.001539827,NORMAL
5923,0.9969531,0.0014775057,0.0015693682,NORMAL
5924,0.99698627,0.0014651221,0.0015486159,NORMAL
5925,0.9969939,0.0014476182,0.00155847,NORMAL
5926,0.99696386,0.0014537012,0.0015823795,NORMAL
5927,0.9968914,0.001483687,0.001624883,NORMAL
5928,0.9969331,0.0014645217,0.0016023034,NORMAL
5929,0.9970399,0.001401529,0.0015585886,NORMAL
5930,0.9970598,0.0013947176,0.0015454554,NORMAL
5931,0.9970751,0.0013850641,0.0015398373,NORMAL
5932,0.99691117,0.0014947719,0.001594151,NORMAL
5933,0.99696267,0.0014678817,0.0015694719,NORMAL
5934,0.99689937,0.0014835708,0.0016170812,NORMAL
5935,0.9969355,0.0014644869,0.0015999628,NORMAL
5936,0.9969028,0.0014843172,0.0016128836,NORMAL
5937,0.9969814,0.0014408703,0.0015777698,NORMAL
5938,0.996971,0.0014645163,0.0015645375,NORMAL
5939,0.9967226,0.0015879464,0.0016894598,NORMAL
5940,0.99705124,0.0013391593,0.0016095979,NORMAL
5941,0.99694145,0.0013890085,0.001669514,NORMAL
5942,0.997055,0.001337447,0.0016075403,NORMAL
5943,0.9965254,0.0015779926,0.0018966636,NORMAL
5944,0.99690145,0.0014071845,0.0016913608,NORMAL
5945,0.9970045,0.0013603913,0.0016351183,NORMAL
5946,0.99704516,0.0013419042,0.0016128973,NORMAL
5947,0.9970514,0.0013390884,0.0016095127,NORMAL
5948,0.99708796,0.001322471,0.0015895399,NORMAL
5949,0.99710363,0.0013153492,0.0015809801,NORMAL
5950,0.99706894,0.0013311219,0.0015999376,NORMAL
5951,0.9970932,0.0013200811,0.0015866674,NORMAL
5952,0.9970435,0.0013426532,0.001613798,NORMAL
5953,0.9970856,0.0013235405,0.0015908255,NORMAL
5954,0.9970982,0.0013178065,0.0015839337,NORMAL
5955,0.997102,0.0013160864,0.0015818662,NORMAL
5956,0.9970744,0.0013286127,0.0015969216,NORMAL
5957,0.9970602,0.001335101,0.00160472,NORMAL
5958,0.99720734,0.0012417975,0.0015507872,NORMAL
5959,0.9972339,0.001229995,0.0015360476,NORMAL
5960,0.9972419,0.0012264544,0.0015316256,NORMAL
5961,0.99723613,0.0012335989,0.0015302865,NORMAL
5962,0.99724257,0.0012275355,0.0015298973,NORMAL
5963,0.9972364,0.0012339232,0.0015297681,NORMAL
5964,0.9972426,0.0012276329,0.0015297418,NORMAL
5965,0.9972445,0.0012257458,0.0015297339,NORMAL
5966,0.9972451,0.0012251795,0.0015297314,NORMAL
5967,0.9971746,0.0012957703,0.0015296221,NORMAL
5968,0.9972241,0.0012461869,0.0015296979,NORMAL
5969,0.9971899,0.0012804366,0.0015296455,NORMAL
5970,0.9972287,0.0012415869,0.001529705,NORMAL
5971,0.99693406,0.0013982367,0.0016677431,NORMAL
5972,0.9971442,0.0012846958,0.0015711226,NORMAL
5973,0.997174,0.0012838494,0.0015420853,NORMAL
5974,0.997224,0.0012426106,0.0015334369,NORMAL
5975,0.9969629,0.0013846215,0.0016524561,NORMAL
5976,0.9972453,0.0012249369,0.0015297305,NORMAL
5977,0.9967701,0.0015872854,0.001642601,NORMAL
5978,0.9970262,0.0013955822,0.0015782705,NORMAL
5979,0.9971796,0.0012761306,0.0015442924,NORMAL
5980,0.99722564,0.001240295,0.001534099,NORMAL
5981,0.99684924,0.001506714,0.0016440557,NORMAL
5982,0.99712646,0.00130947,0.001564028,NORMAL
5983,0.99720967,0.0012502968,0.0015400196,NORMAL
5984,0.99723464,0.0012325449,0.0015328173,NORMAL
5985,0.9971359,0.0013134237,0.0015507004,NORMAL
5986,0.9971715,0.0012924677,0.0015359587,NORMAL
5987,0.9972232,0.0012451962,0.001531599,NORMAL
5988,0.9967898,0.001566966,0.0016432062,NORMAL
5989,0.9971087,0.0013275456,0.0015637733,NORMAL
5990,0.9967091,0.0016381493,0.0016527796,NORMAL
5991,0.9966576,0.0016628485,0.0016795977,NORMAL
5992,0.997039,0.00138637,0.0015746448,NORMAL
5993,0.99718344,0.0012733669,0.0015432048,NORMAL
5994,0.99710363,0.0013153492,0.0015809801,NORMAL
5995,0.99710363,0.0013153492,0.0015809801,NORMAL
5996,0.99710363,0.0013153492,0.0015809801,NORMAL
5997,0.99710363,0.0013153492,0.0015809801,NORMAL
5998,0.99710363,0.0013153492,0.0015809801,NORMAL
5999,0.99710363,0.0013153492,0.0015809801,NORMAL
6000,0.99710363,0.0013153492,0.0015809801,NORMAL
6001,0.99665195,0.0015205089,0.0018275706,NORMAL
6002,0.99696815,0.0013768971,0.0016549573,NORMAL
6003,0.99710363,0.0013153492,0.0015809801,NORMAL
6004,0.99710363,0.0013153492,0.0015809801,NORMAL
6005,0.99710363,0.0013153492,0.0015809801,NORMAL
6006,0.99710363,0.0013153492,0.0015809801,NORMAL
6007,0.99710363,0.0013153492,0.0015809801,NORMAL
6008,0.99710363,0.0013153492,0.0015809801,NORMAL
6009,0.99710363,0.0013153492,0.0015809801,NORMAL
6010,0.99710363,0.0013153492,0.0015809801,NORMAL
6011,0.99710363,0.0013153492,0.0015809801,NORMAL
6012,0.9965339,0.0017751791,0.0016909187,NORMAL
6013,0.9970242,0.0013977785,0.0015780751,NORMAL
6014,0.9971712,0.0012845583,0.0015442221,NORMAL
6015,0.99678564,0.00156738,0.0016470124,NORMAL
6016,0.99703336,0.001365086,0.0016015944,NORMAL
6017,0.9971818,0.0012669816,0.0015512896,NORMAL
6018,0.99675107,0.0015998988,0.0016490687,NORMAL
6019,0.99708927,0.0013451944,0.0015655202,NORMAL
6020,0.9971047,0.0013401627,0.0015551196,NORMAL
6021,0.9972453,0.0012249369,0.0015297305,NORMAL
6022,0.9969693,0.0013793195,0.0016513442,NORMAL
6023,0.9971465,0.0012873017,0.0015661902,NORMAL
6024,0.99720794,0.0012514153,0.0015406567,NORMAL
6025,0.99722636,0.0012406495,0.0015329965,NORMAL
6026,0.9962678,0.0019044278,0.0018278222,NORMAL
6027,0.9961101,0.0020236243,0.0018662884,NORMAL
6028,0.9968642,0.0014872176,0.001648582,NORMAL
6029,0.9966935,0.0016281778,0.0016783205,NORMAL
6030,0.9969304,0.0014816336,0.0015879957,NORMAL
6031,0.9969454,0.0014869901,0.0015675892,NORMAL
6032,0.99698305,0.0014688384,0.0015480809,NORMAL
6033,0.9969345,0.0014716561,0.0015938585,NORMAL
6034,0.9969065,0.0014815313,0.0016119634,NORMAL
6035,0.9970176,0.0014209058,0.0015614645,NORMAL
6036,0.99703604,0.0014176641,0.0015462919,NORMAL
6037,0.997023,0.001435353,0.0015417114,NORMAL
6038,0.99701124,0.0014309061,0.0015578506,NORMAL
6039,0.99706525,0.0013949234,0.0015398222,NORMAL
6040,0.9970578,0.0014024063,0.0015398107,NORMAL
6041,0.99705076,0.0014094347,0.0015397997,NORMAL
6042,0.99695194,0.0014798082,0.001568285,NORMAL
6043,0.9970194,0.0014322506,0.0015483428,NORMAL
6044,0.9970388,0.0014188468,0.0015423588,NORMAL
6045,0.997031,0.001428569,0.0015405423,NORMAL
6046,0.99703586,0.0014241047,0.0015400087,NORMAL
6047,0.9970564,0.0014036777,0.0015398781,NORMAL
6048,0.99710363,0.0013153492,0.0015809801,NORMAL
6049,0.99710363,0.0013153492,0.0015809801,NORMAL
6050,0.99710363,0.0013153492,0.0015809801,NORMAL
6051,0.99699795,0.0013633675,0.001638695,NORMAL
6052,0.99703526,0.0013464218,0.0016183271,NORMAL
6053,0.9970831,0.001324671,0.0015921842,NORMAL
6054,0.9970975,0.0013181458,0.0015843413,NORMAL
6055,0.9971018,0.0013161881,0.0015819885,NORMAL
6056,0.9971031,0.0013156009,0.0015812826,NORMAL
6057,0.99704164,0.001343492,0.0016148054,NORMAL
6058,0.99708503,0.001323792,0.0015911277,NORMAL
6059,0.9970981,0.0013178821,0.0015840244,NORMAL
6060,0.99694186,0.0013888339,0.0016693049,NORMAL
6061,0.9970551,0.0013373946,0.0016074775,NORMAL
6062,0.9970891,0.0013219628,0.0015889293,NORMAL
6063,0.9970993,0.0013173333,0.0015833649,NORMAL
6064,0.99706566,0.0013326115,0.0016017281,NORMAL
6065,0.99709225,0.0013205279,0.0015872045,NORMAL
6066,0.99710363,0.0013153492,0.0015809801,NORMAL
6067,0.99704665,0.0013412336,0.0016120918,NORMAL
6068,0.9970865,0.0013231145,0.0015903136,NORMAL
6069,0.9970985,0.0013176788,0.0015837802,NORMAL
6070,0.99710214,0.0013160481,0.0015818202,NORMAL
6071,0.9971032,0.0013155589,0.0015812322,NORMAL
6072,0.9971035,0.0013154121,0.0015810558,NORMAL
6073,0.9971036,0.0013153681,0.0015810028,NORMAL
6074,0.9970749,0.0013283972,0.0015966627,NORMAL
6075,0.99710363,0.0013153492,0.0015809801,NORMAL
6076,0.99710363,0.0013153492,0.0015809801,NORMAL
6077,0.99710363,0.0013153492,0.0015809801,NORMAL
6078,0.99710363,0.0013153492,0.0015809801,NORMAL
6079,0.99710363,0.0013153492,0.0015809801,NORMAL
6080,0.9970749,0.0013283915,0.0015966558,NORMAL
6081,0.997038,0.0013451463,0.0016167945,NORMAL
6082,0.99708396,0.0013242883,0.0015917245,NORMAL
6083,0.99709773,0.001318031,0.0015842034,NORMAL
6084,0.9969351,0.0014513338,0.0016135122,NORMAL
6085,0.99699724,0.0014233392,0.0015794102,NORMAL
6086,0.9969603,0.0014721185,0.0015676501,NORMAL
6087,0.9969915,0.0014442973,0.0015641886,NORMAL
6088,0.9970283,0.0014071249,0.0015646354,NORMAL
6089,0.9968079,0.0014943776,0.0016977643,NORMAL
6090,0.99686337,0.0014884071,0.0016482496,NORMAL
6091,0.9970116,0.001416067,0.001572361,NORMAL
6092,0.9969862,0.001464331,0.0015494865,NORMAL
6093,0.9970049,0.0014323739,0.0015627051,NORMAL
6094,0.9970541,0.001399257,0.0015466977,NORMAL
6095,0.996833,0.0015096248,0.0016574115,NORMAL
6096,0.9969604,0.0014484627,0.0015911281,NORMAL
6097,0.9970481,0.0013967112,0.0015552359,NORMAL
6098,0.9970299,0.0014081602,0.0015619255,NORMAL
6099,0.99703306,0.0014054596,0.0015614354,NORMAL
6100,0.9970585,0.0013951589,0.0015463107,NORMAL
6101,0.99706,0.001380696,0.0015592901,NORMAL
6102,0.9972453,0.0012249369,0.0015297305,NORMAL
6103,0.9972453,0.0012249369,0.0015297305,NORMAL
6104,0.9972453,0.0012249369,0.0015297305,NORMAL
6105,0.99721956,0.0012507096,0.0015296912,NORMAL
6106,0.9968107,0.0015466167,0.0016426711,NORMAL
6107,0.9971149,0.0013214408,0.0015636126,NORMAL
6108,0.99719805,0.0012620948,0.0015398826,NORMAL
6109,0.99711084,0.0013263435,0.0015627355,NORMAL
6110,0.9966661,0.0016652242,0.0016687501,NORMAL
6111,0.9972453,0.0012249369,0.0015297305,NORMAL
6112,0.9972312,0.0012390604,0.001529709,NORMAL
6113,0.99717003,0.001284495,0.001545425,NORMAL
6114,0.9971956,0.001254895,0.001549539,NORMAL
6115,0.9966818,0.0016530966,0.0016651545,NORMAL
6116,0.99660105,0.0017157333,0.0016832282,NORMAL
6117,0.99704385,0.0013803826,0.0015757673,NORMAL
6118,0.9967468,0.001596725,0.001656475,NORMAL
6119,0.99709576,0.0013364733,0.0015677538,NORMAL
6120,0.996851,0.0014454833,0.0017034644,NORMAL
6121,0.9962908,0.0018616074,0.0018476283,NORMAL
6122,0.9964727,0.0017893334,0.0017379515,NORMAL
6123,0.9965097,0.0016237304,0.001866567,NORMAL
6124,0.9966413,0.0015610748,0.0017976568,NORMAL
6125,0.9969359,0.0014240249,0.0016400553,NORMAL
6126,0.9970067,0.0014005378,0.0015927472,NORMAL
6127,0.99539745,0.0023791953,0.0022233825,NORMAL
6128,0.9966415,0.0016056357,0.0017528915,NORMAL
6129,0.9965593,0.0017141624,0.0017265,NORMAL
6130,0.99690676,0.0014898545,0.001603353,NORMAL
6131,0.997052,0.0013814953,0.0015664727,NORMAL
6132,0.9971523,0.0012918737,0.0015558412,NORMAL
6133,0.9971954,0.0012670386,0.00153753,NORMAL
6134,0.9968493,0.0014517255,0.0016989498,NORMAL
6135,0.99698794,0.001396052,0.0016160083,NORMAL
6136,0.9970179,0.0013815628,0.0016005634,NORMAL
6137,0.99669087,0.00164532,0.0016638321,NORMAL
6138,0.99710363,0.0013153492,0.0015809801,NORMAL
6139,0.99710363,0.0013153492,0.0015809801,NORMAL
6140,0.99710363,0.0013153492,0.0015809801,NORMAL
6141,0.99710363,0.0013153492,0.0015809801,NORMAL
6142,0.9970749,0.0013283915,0.0015966558,NORMAL
6143,0.99706626,0.0013323042,0.0016013585,NORMAL
6144,0.9970924,0.0013204357,0.0015870937,NORMAL
6145,0.99710023,0.0013168752,0.0015828141,NORMAL
6146,0.9971026,0.001315807,0.0015815303,NORMAL
6147,0.9970487,0.0013403371,0.0016110142,NORMAL
6148,0.9965943,0.0015467054,0.0018590577,NORMAL
6149,0.99695086,0.0013847561,0.0016644034,NORMAL
6150,0.9970578,0.0013361713,0.0016060071,NORMAL
6151,0.99708986,0.0013215959,0.0015884882,NORMAL
6152,0.9970995,0.0013172232,0.0015832325,NORMAL
6153,0.9971024,0.0013159114,0.0015816558,NORMAL
6154,0.9971033,0.0013155178,0.0015811828,NORMAL
6155,0.9970739,0.0013288839,0.0015972476,NORMAL
6156,0.9970626,0.001333981,0.0016033739,NORMAL
6157,0.9970913,0.0013209388,0.0015876982,NORMAL
6158,0.9970712,0.0013300683,0.0015986712,NORMAL
6159,0.9970592,0.0013355376,0.0016052448,NORMAL
6160,0.99709034,0.0013214058,0.0015882596,NORMAL
6161,0.99709964,0.0013171661,0.001583164,NORMAL
6162,0.99704546,0.0013417788,0.001612747,NORMAL
6163,0.99708617,0.0013232781,0.0015905101,NORMAL
6164,0.9970984,0.0013177278,0.0015838391,NORMAL
6165,0.9970541,0.0013378817,0.0016080622,NORMAL
6166,0.99705213,0.001338776,0.0016091373,NORMAL
6167,0.9970882,0.0013223772,0.0015894272,NORMAL
6168,0.99709904,0.0013174576,0.0015835143,NORMAL
6169,0.9970656,0.0013326488,0.0016017728,NORMAL
6170,0.99709225,0.001320539,0.0015872179,NORMAL
6171,0.99710023,0.0013169062,0.0015828514,NORMAL
6172,0.9971026,0.0013158163,0.0015815415,NORMAL
6173,0.99710333,0.0013154894,0.0015811485,NORMAL
6174,0.9969848,0.0014563573,0.0015588951,NORMAL
6175,0.996992,0.0014269878,0.0015810628,NORMAL
6176,0.99701566,0.0014161015,0.0015682353,NORMAL
6177,0.996994,0.0014442806,0.0015616972,NORMAL
6178,0.9970126,0.0014410752,0.0015463363,NORMAL
6179,0.9969853,0.0014595834,0.0015551152,NORMAL
6180,0.9969797,0.001459884,0.0015603979,NORMAL
6181,0.99697053,0.0014702203,0.001559326,NORMAL
6182,0.9970511,0.0014032385,0.0015456954,NORMAL
6183,0.99708563,0.001374532,0.0015398536,NORMAL
6184,0.99697244,0.0014567628,0.0015708586,NORMAL
6185,0.99660677,0.0016287066,0.0017645587,NORMAL
6186,0.9968662,0.0015106209,0.001623231,NORMAL
6187,0.99701244,0.0014227312,0.0015648555,NORMAL
6188,0.997052,0.0014006793,0.0015473362,NORMAL
6189,0.99698126,0.0014396195,0.0015790393,NORMAL
6190,0.9969401,0.0014787037,0.0015811526,NORMAL
6191,0.99701244,0.0014178457,0.0015697238,NORMAL
6192,0.9972453,0.0012249369,0.0015297305,NORMAL
6193,0.99669045,0.0015482183,0.001761275,NORMAL
6194,0.99706304,0.0013377393,0.0015991698,NORMAL
6195,0.99711406,0.0013207183,0.0015652411,NORMAL
6196,0.9969299,0.0014080538,0.0016619974,NORMAL
6197,0.9964911,0.0017476757,0.0017612897,NORMAL
6198,0.9963624,0.0018750172,0.0017626326,NORMAL
6199,0.9961926,0.0019918848,0.00181562,NORMAL
6200,0.9969137,0.0014708391,0.0016154733,NORMAL
6201,0.9964851,0.0018001928,0.0017147444,NORMAL
6202,0.9969901,0.0014096042,0.0016003349,NORMAL
6203,0.9970622,0.0013722174,0.0015655443,NORMAL
6204,0.9967712,0.0015752304,0.0016534403,NORMAL
6205,0.9971031,0.001330025,0.0015668434,NORMAL
6206,0.99720263,0.0012564634,0.0015408644,NORMAL
6207,0.99680567,0.0015483429,0.001646023,NORMAL
6208,0.9965538,0.0017525641,0.0016937006,NORMAL
6209,0.9966546,0.0016285453,0.0017168282,NORMAL
6210,0.9972337,0.0012366609,0.0015297127,NORMAL
6211,0.99682677,0.0014886165,0.001684667,NORMAL
6212,0.99711204,0.0013118098,0.0015761997,NORMAL
6213,0.9971796,0.001276793,0.0015436319,NORMAL
6214,0.9972179,0.0012482627,0.0015338891,NORMAL
6215,0.99692076,0.0014098746,0.0016693834,NORMAL
6216,0.99591863,0.0020325868,0.0020487595,NORMAL
6217,0.99682015,0.0014793226,0.0017005394,NORMAL
6218,0.9967524,0.001528708,0.0017189108,NORMAL
6219,0.99668235,0.001614462,0.0017031762,NORMAL
6220,0.9970764,0.0013417944,0.0015817642,NORMAL
6221,0.99717885,0.001275812,0.0015453165,NORMAL
6222,0.9969493,0.001394582,0.0016560201,NORMAL
6223,0.99669695,0.0016225895,0.0016805143,NORMAL
6224,0.99707305,0.0013520017,0.0015749538,NORMAL
6225,0.99712574,0.0012976895,0.0015765326,NORMAL
6226,0.9962201,0.0019710425,0.0018088317,NORMAL
6227,0.99687684,0.0015097826,0.0016133675,NORMAL
6228,0.9970606,0.0013744975,0.0015648528,NORMAL
6229,0.99695075,0.0014723154,0.0015768759,NORMAL
6230,0.9969398,0.0014576282,0.0016025214,NORMAL
6231,0.99681807,0.0015350287,0.0016468377,NORMAL
6232,0.9969879,0.0014226569,0.0015894482,NORMAL
6233,0.996951,0.0014427307,0.001606293,NORMAL
6234,0.9970332,0.0014070781,0.0015597668,NORMAL
6235,0.9969491,0.0014536068,0.0015973635,NORMAL
6236,0.99702114,0.0014217837,0.0015570703,NORMAL
6237,0.9970606,0.0013744975,0.0015648528,NORMAL
6238,0.997049,0.0013861851,0.0015648346,NORMAL
6239,0.99696845,0.0014472941,0.0015842697,NORMAL
6240,0.9970174,0.0014294768,0.0015531273,NORMAL
6241,0.9967709,0.0015297929,0.0016993047,NORMAL
6242,0.9967518,0.0015781191,0.0016701727,NORMAL
6243,0.9969855,0.0014356081,0.0015789494,NORMAL
6244,0.9968623,0.0015206081,0.0016170817,NORMAL
6245,0.9969828,0.001439194,0.0015779822,NORMAL
6246,0.99710363,0.0013153492,0.0015809801,NORMAL
6247,0.99710363,0.0013153492,0.0015809801,NORMAL
6248,0.99706894,0.0013311219,0.0015999376,NORMAL
6249,0.9970932,0.0013200811,0.0015866674,NORMAL
6250,0.9970658,0.0013325415,0.0016016437,NORMAL
6251,0.99709225,0.0013205069,0.0015871793,NORMAL
6252,0.99704325,0.0013427809,0.0016139515,NORMAL
6253,0.9970855,0.0013235788,0.0015908715,NORMAL
6254,0.9970635,0.0013335908,0.001602905,NORMAL
6255,0.99710363,0.0013153492,0.0015809801,NORMAL
6256,0.9970749,0.0013283915,0.0015966558,NORMAL
6257,0.9970671,0.0013319256,0.0016009035,NORMAL
6258,0.99709266,0.0013203222,0.0015869571,NORMAL
6259,0.99702156,0.0013526501,0.0016258138,NORMAL
6260,0.997079,0.0013265396,0.0015944302,NORMAL
6261,0.9965617,0.0015614796,0.0018768159,NORMAL
6262,0.996405,0.0016326413,0.001962348,NORMAL
6263,0.9963975,0.0016360639,0.001966462,NORMAL
6264,0.99694747,0.0014914303,0.0015610891,NORMAL
6265,0.9970299,0.0014238755,0.0015462022,NORMAL
6266,0.9969321,0.0014538771,0.0016140641,NORMAL
6267,0.9970014,0.0014365374,0.0015620579,NORMAL
6268,0.9970461,0.0014074076,0.0015464929,NORMAL
6269,0.9969516,0.0014770604,0.0015713761,NORMAL
6270,0.99704546,0.0014052906,0.0015493103,NORMAL
6271,0.99705935,0.0013980336,0.0015426686,NORMAL
6272,0.99690753,0.001496533,0.0015959069,NORMAL
6273,0.9968471,0.001536647,0.0016162234,NORMAL
6274,0.9969998,0.0014374405,0.0015627425,NORMAL
6275,0.9969908,0.0014464892,0.0015626965,NORMAL
6276,0.9970429,0.0014103932,0.0015466844,NORMAL
6277,0.99700224,0.0014425681,0.0015552319,NORMAL
6278,0.9969614,0.001453678,0.0015849423,NORMAL
6279,0.99680626,0.0015539315,0.0016398514,NORMAL
6280,0.9969109,0.0015033494,0.0015857951,NORMAL
6281,0.99703324,0.0014131772,0.001553636,NORMAL
6282,0.9965664,0.0017425776,0.001690974,NORMAL
6283,0.9970275,0.0013943526,0.001578082,NORMAL
6284,0.99718,0.0012757616,0.001544236,NORMAL
6285,0.9971731,0.0012929514,0.0015340013,NORMAL
6286,0.9972236,0.0012453413,0.0015310117,NORMAL
6287,0.99684864,0.0015082279,0.0016431295,NORMAL
6288,0.99712634,0.0013099242,0.0015637502,NORMAL
6289,0.99720967,0.001250433,0.0015399364,NORMAL
6290,0.99723464,0.0012325858,0.0015327922,NORMAL
6291,0.9972453,0.0012249369,0.0015297305,NORMAL
6292,0.9972453,0.0012249369,0.0015297305,NORMAL
6293,0.9972453,0.0012249369,0.0015297305,NORMAL
6294,0.99685514,0.0015021067,0.0016427452,NORMAL
6295,0.9966459,0.0016608564,0.0016932304,NORMAL
6296,0.99706554,0.0013557128,0.0015787804,NORMAL
6297,0.9967425,0.0016001209,0.0016573606,NORMAL
6298,0.9970945,0.0013374921,0.0015680195,NORMAL
6299,0.9971919,0.0012669102,0.0015412048,NORMAL
6300,0.9969215,0.0014858994,0.0015925792,NORMAL
6301,0.99683845,0.0015337394,0.0016278764,NORMAL
6302,0.99690557,0.0014722401,0.0016222141,NORMAL
6303,0.99702424,0.0014112169,0.0015645503,NORMAL
6304,0.99696183,0.0014392987,0.0015988237,NORMAL
6305,0.9969305,0.0014604848,0.0016090851,NORMAL
6306,0.9969959,0.0014285222,0.0015755718,NORMAL
6307,0.99702466,0.0014248452,0.0015505165,NORMAL
6308,0.9969889,0.0014547143,0.0015563694,NORMAL
6309,0.9968264,0.0015061083,0.00166756,NORMAL
6310,0.9968233,0.0015263059,0.0016503928,NORMAL
6311,0.9969747,0.0014347672,0.0015904919,NORMAL
6312,0.99682635,0.0015315786,0.0016420654,NORMAL
6313,0.996871,0.001486188,0.001642823,NORMAL
6314,0.9969026,0.0014706883,0.0016266775,NORMAL
6315,0.99702334,0.0014107514,0.0015658893,NORMAL
6316,0.99676836,0.0015109924,0.0017206821,NORMAL
6317,0.9969784,0.0014275566,0.0015940836,NORMAL
6318,0.9966041,0.0017048673,0.0016910378,NORMAL
6319,0.99705297,0.0013689161,0.0015781226,NORMAL
6320,0.9971876,0.0012681307,0.0015442481,NORMAL
6321,0.99664855,0.0016883076,0.0016631341,NORMAL
6322,0.9970548,0.0013754084,0.0015697341,NORMAL
6323,0.996742,0.0016033121,0.0016546514,NORMAL
6324,0.99709433,0.0013384495,0.0015672068,NORMAL
6325,0.9971235,0.0013209315,0.0015556522,NORMAL
6326,0.9967135,0.0016361651,0.0016503434,NORMAL
6327,0.99655294,0.0017560854,0.0016909511,NORMAL
6328,0.99676466,0.0015638417,0.001671476,NORMAL
6329,0.99661034,0.0017045739,0.0016850982,NORMAL
6330,0.99657965,0.0017311764,0.0016892112,NORMAL
6331,0.99704564,0.0013768089,0.0015775748,NORMAL
6332,0.9971854,0.0012704985,0.0015440837,NORMAL
6333,0.99664783,0.001689018,0.0016630848,NORMAL
6334,0.9970661,0.0013641613,0.0015697367,NORMAL
6335,0.9967163,0.0016290527,0.0016546028,NORMAL
6336,0.99697554,0.0014597784,0.0015647192,NORMAL
6337,0.9970453,0.0014074785,0.0015473019,NORMAL
6338,0.9970399,0.0014181242,0.0015420362,NORMAL
6339,0.9969183,0.0014877466,0.0015939889,NORMAL
6340,0.99697125,0.001456669,0.0015720781,NORMAL
6341,0.99703705,0.0014134471,0.0015494989,NORMAL
6342,0.99694884,0.001471567,0.0015796432,NORMAL
6343,0.99702287,0.0014253992,0.001551757,NORMAL
6344,0.99698114,0.0014621924,0.0015567301,NORMAL
6345,0.99706525,0.0013949234,0.0015398222,NORMAL
6346,0.99705374,0.0014064407,0.0015398044,NORMAL
6347,0.99705434,0.0014058613,0.0015398053,NORMAL
6348,0.99701977,0.00142442,0.0015558351,NORMAL
6349,0.99704415,0.0014112552,0.0015446146,NORMAL
6350,0.99697936,0.0014634592,0.0015572195,NORMAL
6351,0.99703944,0.0014154841,0.0015450413,NORMAL
6352,0.9969655,0.0014618894,0.0015725654,NORMAL
6353,0.99701595,0.0014344474,0.0015496152,NORMAL
6354,0.99695194,0.0014528754,0.0015951594,NORMAL
6355,0.9968252,0.0015276549,0.0016472106,NORMAL
6356,0.99690217,0.0014742301,0.0016236217,NORMAL
6357,0.9967068,0.0015692321,0.0017240192,NORMAL
6358,0.9967526,0.0015731985,0.0016741934,NORMAL
6359,0.9969499,0.0014549711,0.0015951158,NORMAL
6360,0.99701536,0.0014107259,0.0015739128,NORMAL
6361,0.9925502,0.003802911,0.003646914,NORMAL
6362,0.99568915,0.0021238849,0.002186932,NORMAL
6363,0.99679536,0.0015349209,0.0016697056,NORMAL
6364,0.9968188,0.0015368821,0.0016443307,NORMAL
6365,0.996976,0.0014352992,0.0015886773,NORMAL
6366,0.99703526,0.001392738,0.0015720001,NORMAL
6367,0.99698716,0.0014500765,0.0015628065,NORMAL
6368,0.9968901,0.0014543338,0.0016555663,NORMAL
6369,0.9968773,0.0014759117,0.0016468521,NORMAL
6370,0.9967739,0.0015268452,0.0016992663,NORMAL
6371,0.9967476,0.0015593161,0.0016930766,NORMAL
6372,0.99710363,0.0013153492,0.0015809801,NORMAL
6373,0.99704665,0.0013412336,0.0016120918,NORMAL
6374,0.9970865,0.0013231145,0.0015903136,NORMAL
6375,0.9970985,0.0013176788,0.0015837802,NORMAL
6376,0.99710214,0.0013160481,0.0015818202,NORMAL
6377,0.9970753,0.0013282226,0.0015964528,NORMAL
6378,0.9970951,0.0013192112,0.001585622,NORMAL
6379,0.99710107,0.0013165078,0.0015823727,NORMAL
6380,0.99707496,0.0013283605,0.0015966184,NORMAL
6381,0.99710363,0.0013153492,0.0015809801,NORMAL
6382,0.99706894,0.0013311219,0.0015999376,NORMAL
6383,0.9970932,0.0013200811,0.0015866674,NORMAL
6384,0.99632823,0.0016674695,0.0020042092,NORMAL
6385,0.99678373,0.0014606176,0.0017555843,NORMAL
6386,0.99691296,0.0014019489,0.0016850675,NORMAL
6387,0.9970465,0.0013413291,0.0016122063,NORMAL
6388,0.9970578,0.0013361855,0.0016060236,NORMAL
6389,0.99708986,0.0013216,0.0015884931,NORMAL
6390,0.9970606,0.0013744975,0.0015648528,NORMAL
6391,0.99697113,0.0014445694,0.0015842738,NORMAL
6392,0.9970338,0.0013955191,0.001570679,NORMAL
6393,0.9970405,0.0013928902,0.0015665818,NORMAL
6394,0.996868,0.0015017808,0.0016302046,NORMAL
6395,0.99702036,0.0014127067,0.0015669588,NORMAL
6396,0.996783,0.001547812,0.0016691631,NORMAL
6397,0.9968451,0.0015039551,0.0016509312,NORMAL
6398,0.9969184,0.0014951886,0.0015864675,NORMAL
6399,0.9968754,0.0014796063,0.001644944,NORMAL
6400,0.99679756,0.001544538,0.0016578806,NORMAL
6401,0.99675,0.001547433,0.0017025748,NORMAL
6402,0.9969527,0.0014411053,0.0016061465,NORMAL
6403,0.99704576,0.001394504,0.0015597414,NORMAL
6404,0.99695563,0.0014470464,0.0015973604,NORMAL
6405,0.99703926,0.0014036588,0.0015570943,NORMAL
6406,0.9969933,0.0014483584,0.0015583427,NORMAL
6407,0.9969274,0.0014756975,0.0015969207,NORMAL
6408,0.9971343,0.0013361161,0.0015295603,NORMAL
6409,0.99673676,0.0016206391,0.0016425499,NORMAL
6410,0.99704194,0.0013786927,0.0015793089,NORMAL
6411,0.9971843,0.0012710637,0.001544604,NORMAL
6412,0.99670774,0.0016289465,0.0016633443,NORMAL
6413,0.9965564,0.0017446638,0.0016989522,NORMAL
6414,0.99703866,0.001380855,0.001580497,NORMAL
6415,0.99679315,0.001548882,0.0016579751,NORMAL
6416,0.99710965,0.0013221204,0.0015682038,NORMAL
6417,0.9972337,0.0012366609,0.0015297127,NORMAL
6418,0.99724185,0.001228454,0.0015297252,NORMAL
6419,0.99723613,0.0012341988,0.0015297164,NORMAL
6420,0.99724257,0.0012277155,0.0015297262,NORMAL
6421,0.99723494,0.0012353358,0.0015297146,NORMAL
6422,0.9971895,0.0012808236,0.001529645,NORMAL
6423,0.9972286,0.0012417029,0.0015297048,NORMAL
6424,0.9969643,0.0013843492,0.0016513364,NORMAL
6425,0.99716103,0.0012727606,0.0015662123,NORMAL
6426,0.99710363,0.0013153492,0.0015809801,NORMAL
6427,0.9970749,0.0013283915,0.0015966558,NORMAL
6428,0.997095,0.001319262,0.0015856829,NORMAL
6429,0.99710107,0.0013165231,0.001582391,NORMAL
6430,0.99710286,0.0013157014,0.0015814034,NORMAL
6431,0.9970464,0.0013413393,0.0016122188,NORMAL
6432,0.99708647,0.0013231463,0.0015903517,NORMAL
6433,0.99709845,0.0013176884,0.0015837916,NORMAL
6434,0.9971021,0.001316051,0.0015818236,NORMAL
6435,0.99710363,0.0013153492,0.0015809801,NORMAL
6436,0.99710363,0.0013153492,0.0015809801,NORMAL
6437,0.99710363,0.0013153492,0.0015809801,NORMAL
6438,0.99710363,0.0013153492,0.0015809801,NORMAL
6439,0.99704665,0.0013412336,0.0016120918,NORMAL
6440,0.9970865,0.0013231145,0.0015903136,NORMAL
6441,0.9970985,0.0013176788,0.0015837802,NORMAL
6442,0.99710214,0.0013160481,0.0015818202,NORMAL
6443,0.9965625,0.001561147,0.0018764162,NORMAL
6444,0.99706525,0.0013949234,0.0015398222,NORMAL
6445,0.99705034,0.0014098694,0.0015397992,NORMAL
6446,0.99698937,0.0014575334,0.0015531427,NORMAL
6447,0.9970425,0.0014137065,0.0015438183,NORMAL
6448,0.9970584,0.0014005583,0.001541021,NORMAL
6449,0.99699175,0.0014547401,0.0015535093,NORMAL
6450,0.9969067,0.0014911164,0.0016022252,NORMAL
6451,0.99681777,0.0015513953,0.0016309015,NORMAL
6452,0.99697876,0.0014541314,0.001567127,NORMAL
6453,0.9970546,0.001405613,0.0015398057,NORMAL
6454,0.9970546,0.001405613,0.0015398057,NORMAL
6455,0.9970546,0.001405613,0.0015398057,NORMAL
6456,0.997062,0.0013981303,0.0015398172,NORMAL
6457,0.99704444,0.0014157277,0.0015397901,NORMAL
6458,0.9969796,0.0014672184,0.0015531275,NORMAL
6459,0.99703956,0.001416612,0.0015438137,NORMAL
6460,0.99705756,0.00140143,0.0015410197,NORMAL
6461,0.996939,0.001462466,0.0015984988,NORMAL
6462,0.9971343,0.0013361161,0.0015295603,NORMAL
6463,0.99721205,0.0012582907,0.0015296794,NORMAL
6464,0.9972082,0.0012470337,0.0015448154,NORMAL
6465,0.9972342,0.001231566,0.0015342559,NORMAL
6466,0.99716544,0.0012888664,0.0015457671,NORMAL
6467,0.9971302,0.0013206142,0.0015491978,NORMAL
6468,0.9971538,0.0012959155,0.0015502633,NORMAL
6469,0.9972179,0.0012462304,0.0015358903,NORMAL
6470,0.99714595,0.0013078235,0.0015462347,NORMAL
6471,0.9970932,0.0013561946,0.001550634,NORMAL
6472,0.99675083,0.0016002655,0.0016489167,NORMAL
6473,0.997097,0.0013375354,0.0015654864,NORMAL
6474,0.9971913,0.0012682818,0.0015404427,NORMAL
6475,0.99675393,0.0016002888,0.0016458146,NORMAL
6476,0.9970979,0.0013375424,0.0015645557,NORMAL
6477,0.9972011,0.0012587185,0.001540178,NORMAL
6478,0.9971554,0.0012970122,0.0015475436,NORMAL
6479,0.9972184,0.0012465596,0.0015350743,NORMAL
6480,0.99710363,0.0013153492,0.0015809801,NORMAL
6481,0.99710363,0.0013153492,0.0015809801,NORMAL
6482,0.99710363,0.0013153492,0.0015809801,NORMAL
6483,0.99710363,0.0013153492,0.0015809801,NORMAL
6484,0.99625283,0.0017017534,0.0020454167,NORMAL
6485,0.99635553,0.0016551302,0.0019893786,NORMAL
6486,0.99635786,0.0016540746,0.0019881092,NORMAL
6487,0.9968512,0.0014300091,0.0017187945,NORMAL
6488,0.9970279,0.0013497472,0.0016223245,NORMAL
6489,0.9970222,0.001352327,0.0016254254,NORMAL
6490,0.99707925,0.0013264426,0.0015943137,NORMAL
6491,0.99659157,0.0015479105,0.0018605064,NORMAL
6492,0.99695003,0.0013851176,0.001664838,NORMAL
6493,0.9970006,0.0013621642,0.0016372491,NORMAL
6494,0.9970727,0.0013293937,0.0015978608,NORMAL
6495,0.9970944,0.0013195626,0.0015860443,NORMAL
6496,0.99706614,0.0013323859,0.0016014568,NORMAL
6497,0.99709237,0.0013204602,0.0015871231,NORMAL
6498,0.9969111,0.0015069115,0.0015820403,NORMAL
6499,0.9969855,0.0014621271,0.0015524359,NORMAL
6500,0.9969568,0.0014862063,0.0015569134,NORMAL
6501,0.9970212,0.0014338256,0.0015449317,NORMAL
6502,0.9970663,0.00139232,0.001541377,NORMAL
6503,0.9967561,0.0015386725,0.0017052724,NORMAL
6504,0.9960479,0.0018973685,0.0020546971,NORMAL
6505,0.9963329,0.001725792,0.0019414059,NORMAL
6506,0.9965689,0.0016256807,0.0018054533,NORMAL
6507,0.9970477,0.001412447,0.0015397951,NORMAL
6508,0.9969847,0.0014417167,0.0015735659,NORMAL
6509,0.99674463,0.0015404267,0.0017149523,NORMAL
6510,0.99657565,0.0016449562,0.001779391,NORMAL
6511,0.9969183,0.0014699332,0.0016116928,NORMAL
6512,0.9969301,0.0014569135,0.0016129664,NORMAL
6513,0.9969778,0.0014605427,0.0015616929,NORMAL
6514,0.99698585,0.0014678634,0.0015463013,NORMAL
6515,0.99704146,0.0014168054,0.0015417659,NORMAL
6516,0.9970546,0.001405613,0.0015398057,NORMAL
6517,0.9970097,0.0014214342,0.0015688632,NORMAL
6518,0.99665165,0.0015962549,0.0017521658,NORMAL
6519,0.9960436,0.0018831854,0.0020732037,NORMAL
6520,0.9967279,0.001572334,0.001699789,NORMAL
6521,0.99695176,0.0014604131,0.0015877932,NORMAL
6522,0.99658716,0.0016526936,0.0017600249,NORMAL
6523,0.9966177,0.0016312912,0.0017509907,NORMAL
6524,0.9964866,0.0016631223,0.0018502614,NORMAL
6525,0.9969632,0.001477961,0.0015588613,NORMAL
6526,0.99666226,0.0016320113,0.001705769,NORMAL
6527,0.99665475,0.0016106119,0.0017347394,NORMAL
6528,0.9968707,0.0015177561,0.0016116248,NORMAL
6529,0.9969708,0.0014529218,0.0015763225,NORMAL
6530,0.99700177,0.0014314518,0.0015668013,NORMAL
6531,0.9970387,0.0014133647,0.0015479045,NORMAL
6532,0.9970424,0.0014154018,0.0015422239,NORMAL
6533,0.9970162,0.0014272822,0.0015565607,NORMAL
6534,0.99710363,0.0013153492,0.0015809801,NORMAL
6535,0.9970749,0.0013283915,0.0015966558,NORMAL
6536,0.997095,0.001319262,0.0015856829,NORMAL
6537,0.997035,0.0013464674,0.0016183825,NORMAL
6538,0.9970464,0.0013413518,0.0016122333,NORMAL
6539,0.99708647,0.00132315,0.0015903561,NORMAL
6540,0.99709845,0.0013176894,0.001583793,NORMAL
6541,0.9971021,0.0013160512,0.0015818239,NORMAL
6542,0.99704456,0.0013421762,0.0016132243,NORMAL
6543,0.99710363,0.0013153492,0.0015809801,NORMAL
6544,0.99710363,0.0013153492,0.0015809801,NORMAL
6545,0.99710363,0.0013153492,0.0015809801,NORMAL
6546,0.99710363,0.0013153492,0.0015809801,NORMAL
6547,0.99710363,0.0013153492,0.0015809801,NORMAL
6548,0.99704665,0.0013412336,0.0016120918,NORMAL
6549,0.9970865,0.0013231145,0.0015903136,NORMAL
6550,0.9970638,0.0013334515,0.0016027376,NORMAL
6551,0.99706376,0.0013334436,0.0016027279,NORMAL
6552,0.9970023,0.001439601,0.0015580858,NORMAL
6553,0.9969086,0.0014738259,0.0016176043,NORMAL
6554,0.99663377,0.0016159837,0.001750203,NORMAL
6555,0.99665916,0.0015927382,0.0017480925,NORMAL
6556,0.9965857,0.0016517023,0.0017625644,NORMAL
6557,0.9968971,0.0014962333,0.0016066075,NORMAL
6558,0.9970033,0.0014368336,0.0015598399,NORMAL
6559,0.9969626,0.0014781894,0.0015591352,NORMAL
6560,0.99702704,0.001427386,0.0015456046,NORMAL
6561,0.99700373,0.0014565447,0.0015397272,NORMAL
6562,0.9970243,0.0014359525,0.001539759,NORMAL
6563,0.99640864,0.0017218001,0.0018695953,NORMAL
6564,0.99646914,0.0017051174,0.0018257736,NORMAL
6565,0.9967681,0.0015546991,0.0016771466,NORMAL
6566,0.99697614,0.0014428562,0.0015810195,NORMAL
6567,0.9969629,0.0014675377,0.0015695891,NORMAL
6568,0.99699545,0.0014558531,0.0015486919,NORMAL
6569,0.9970443,0.0014132024,0.0015424831,NORMAL
6570,0.99658704,0.0016863972,0.001726548,NORMAL
6571,0.99692285,0.0014521074,0.0016250433,NORMAL
6572,0.99713254,0.001309138,0.0015582999,NORMAL
6573,0.997139,0.0012916065,0.0015693633,NORMAL
6574,0.99681294,0.0015323841,0.0016546175,NORMAL
6575,0.9969711,0.0014471707,0.0015817698,NORMAL
6576,0.9968432,0.0014661206,0.0016906793,NORMAL
6577,0.9970336,0.0013737906,0.0015926715,NORMAL
6578,0.996717,0.0015795841,0.0017034672,NORMAL
6579,0.99643254,0.0018185987,0.0017488776,NORMAL
6580,0.9966552,0.0016040446,0.0017407655,NORMAL
6581,0.99615055,0.0019727768,0.0018766803,NORMAL
6582,0.9966843,0.0015575199,0.0017581352,NORMAL
6583,0.99703074,0.0013497012,0.0016195525,NORMAL
6584,0.9966579,0.0016489757,0.0016930894,NORMAL
6585,0.9970609,0.0013603553,0.0015787256,NORMAL
6586,0.99719,0.0012655624,0.001544429,NORMAL
6587,0.9971438,0.0013073948,0.0015488061,NORMAL
6588,0.99668795,0.0016208936,0.00169118,NORMAL
6589,0.99706995,0.0013519307,0.0015781529,NORMAL
6590,0.99680257,0.0015402047,0.0016572719,NORMAL
6591,0.9971125,0.0013195173,0.0015679928,NORMAL
6592,0.99668247,0.0016399204,0.0016776215,NORMAL
6593,0.9969599,0.001429669,0.0016103789,NORMAL
6594,0.9966367,0.0016729659,0.0016903373,NORMAL
6595,0.9970244,0.0013764112,0.0015992257,NORMAL
6596,0.9963716,0.0018013192,0.0018270477,NORMAL
6597,0.9964981,0.001777236,0.0017246052,NORMAL
6598,0.9969828,0.0014076922,0.001609506,NORMAL
6599,0.9971666,0.0012797635,0.001553663,NORMAL
6600,0.9972023,0.0012608652,0.0015368805,NORMAL
6601,0.99723244,0.0012357155,0.0015318755,NORMAL
6602,0.9972415,0.0012281705,0.0015303739,NORMAL
6603,0.9972442,0.001225907,0.0015299235,NORMAL
6604,0.99724495,0.001225228,0.0015297884,NORMAL
6605,0.99719846,0.00125046,0.0015510478,NORMAL
6606,0.99706465,0.0013955713,0.0015398213,NORMAL
6607,0.9970453,0.0014150145,0.0015397912,NORMAL
6608,0.99699056,0.0014563369,0.0015531447,NORMAL
6609,0.9966049,0.0016245875,0.0017705141,NORMAL
6610,0.99666667,0.0015791255,0.001754214,NORMAL
6611,0.99646336,0.001703758,0.001832861,NORMAL
6612,0.996899,0.0014732998,0.0016277558,NORMAL
6613,0.99656665,0.0015985357,0.0018348255,NORMAL
6614,0.99657357,0.0016146594,0.0018117935,NORMAL
6615,0.99663514,0.0015934105,0.0017714652,NORMAL
6616,0.9967926,0.001525275,0.0016821241,NORMAL
6617,0.9969646,0.001452871,0.0015824836,NORMAL
6618,0.99696594,0.0014681164,0.0015659516,NORMAL
6619,0.99704975,0.0014026073,0.001547683,NORMAL
6620,0.9970749,0.0013829547,0.0015422024,NORMAL
6621,0.99695337,0.0014379071,0.0016087261,NORMAL
6622,0.99690074,0.001491311,0.0016080155,NORMAL
6623,0.9970228,0.0014169381,0.0015602908,NORMAL
6624,0.99667007,0.001582776,0.0017471879,NORMAL
6625,0.9969467,0.0014512792,0.0016020319,NORMAL
6626,0.99702966,0.0014118301,0.0015584851,NORMAL
6627,0.9969832,0.0014581217,0.0015587485,NORMAL
6628,0.9970406,0.001413883,0.0015455,NORMAL
6629,0.99698645,0.0014587375,0.0015548529,NORMAL
6630,0.9970416,0.0014140677,0.0015443314,NORMAL
6631,0.99701595,0.001426882,0.001557193,NORMAL
6632,0.9970051,0.001449935,0.0015449633,NORMAL
6633,0.9969632,0.001477961,0.0015588613,NORMAL
6634,0.9966502,0.0016172242,0.00173258,NORMAL
6635,0.9966641,0.0015931104,0.0017428056,NORMAL
6636,0.99689174,0.0015076337,0.0016006351,NORMAL
6637,0.9970057,0.0014362193,0.0015580545,NORMAL
6638,0.9970401,0.0014146281,0.0015452806,NORMAL
6639,0.9970459,0.0014126966,0.0015414414,NORMAL
6640,0.99676037,0.0015542621,0.0016854247,NORMAL
6641,0.9965893,0.0016401145,0.001770549,NORMAL
6642,0.99710363,0.0013153492,0.0015809801,NORMAL
6643,0.99710363,0.0013153492,0.0015809801,NORMAL
6644,0.99710363,0.0013153492,0.0015809801,NORMAL
6645,0.99703974,0.0013443866,0.0016158815,NORMAL
6646,0.9970845,0.0013240604,0.0015914505,NORMAL
6647,0.9970494,0.0013400204,0.0016106336,NORMAL
6648,0.99708736,0.0013227506,0.0015898761,NORMAL
6649,0.99709874,0.0013175696,0.001583649,NORMAL
6650,0.99707425,0.001328679,0.0015970015,NORMAL
6651,0.99710363,0.0013153492,0.0015809801,NORMAL
6652,0.99710363,0.0013153492,0.0015809801,NORMAL
6653,0.99710363,0.0013153492,0.0015809801,NORMAL
6654,0.99710363,0.0013153492,0.0015809801,NORMAL
6655,0.99710363,0.0013153492,0.0015809801,NORMAL
6656,0.9970749,0.0013283915,0.0015966558,NORMAL
6657,0.99706626,0.0013323042,0.0016013585,NORMAL
6658,0.9970924,0.0013204357,0.0015870937,NORMAL
6659,0.99710023,0.0013168752,0.0015828141,NORMAL
6660,0.99710363,0.0013153492,0.0015809801,NORMAL
6661,0.99704665,0.0013412336,0.0016120918,NORMAL
6662,0.9970865,0.0013231145,0.0015903136,NORMAL
6663,0.9970415,0.0013435632,0.0016148918,NORMAL
6664,0.997085,0.0013238135,0.0015911537,NORMAL
6665,0.99707013,0.0013305522,0.0015992528,NORMAL
6666,0.99709356,0.0013199102,0.0015864619,NORMAL
6667,0.9971006,0.0013167175,0.0015826246,NORMAL
6668,0.9967366,0.0014820795,0.0017813805,NORMAL
6669,0.99710363,0.0013153492,0.0015809801,NORMAL
6670,0.99710363,0.0013153492,0.0015809801,NORMAL
6671,0.99710363,0.0013153492,0.0015809801,NORMAL
6672,0.99710363,0.0013153492,0.0015809801,NORMAL
6673,0.9970749,0.0013283915,0.0015966558,NORMAL
6674,0.9970584,0.0013359289,0.0016057154,NORMAL
6675,0.9970554,0.0013372959,0.0016073581,NORMAL
6676,0.99708915,0.0013219332,0.0015888936,NORMAL
6677,0.9970423,0.0013432088,0.0016144658,NORMAL
6678,0.9966041,0.0017048673,0.0016910378,NORMAL
6679,0.99663013,0.001662076,0.0017078205,NORMAL
6680,0.99696964,0.0014325771,0.0015978138,NORMAL
6681,0.997043,0.001376895,0.001580116,NORMAL
6682,0.99708456,0.0013559607,0.0015594886,NORMAL
6683,0.9971813,0.001280062,0.0015386338,NORMAL
6684,0.9972261,0.0012414744,0.0015324014,NORMAL
6685,0.9972396,0.0012298982,0.0015305318,NORMAL
6686,0.99715245,0.0013029239,0.0015446271,NORMAL
6687,0.99702376,0.0013354934,0.0016407373,NORMAL
6688,0.9971487,0.0012883055,0.0015629863,NORMAL
6689,0.99717313,0.0012720791,0.0015547824,NORMAL
6690,0.997155,0.0012927327,0.0015522817,NORMAL
6691,0.99707127,0.0013560477,0.0015727286,NORMAL
6692,0.9970327,0.0013727839,0.0015944953,NORMAL
6693,0.99638927,0.0017925379,0.0018181634,NORMAL
6694,0.99626577,0.0018940226,0.0018401933,NORMAL
6695,0.99678665,0.0015542936,0.0016590738,NORMAL
6696,0.9970343,0.0013468604,0.0016188549,NORMAL
6697,0.9970828,0.0013248026,0.0015923425,NORMAL
6698,0.9970974,0.0013181852,0.0015843888,NORMAL
6699,0.9971018,0.0013162,0.0015820027,NORMAL
6700,0.9970461,0.0013414889,0.0016123985,NORMAL
6701,0.9970434,0.0013427073,0.001613863,NORMAL
6702,0.9970856,0.0013235566,0.001590845,NORMAL
6703,0.9970982,0.0013178114,0.0015839395,NORMAL
6704,0.997102,0.0013160879,0.0015818679,NORMAL
6705,0.99710363,0.0013153492,0.0015809801,NORMAL
6706,0.99710363,0.0013153492,0.0015809801,NORMAL
6707,0.99710363,0.0013153492,0.0015809801,NORMAL
6708,0.99710363,0.0013153492,0.0015809801,NORMAL
6709,0.99707574,0.0013280129,0.0015962007,NORMAL
6710,0.99703825,0.0013450327,0.001616658,NORMAL
6711,0.997084,0.0013242543,0.0015916835,NORMAL
6712,0.99706984,0.0013306844,0.0015994117,NORMAL
6713,0.99706477,0.0013329921,0.0016021853,NORMAL
6714,0.9969969,0.0014384403,0.0015647528,NORMAL
6715,0.99705905,0.0013937044,0.0015473233,NORMAL
6716,0.99651825,0.0016678355,0.0018139228,NORMAL
6717,0.9965104,0.0016805297,0.0018090871,NORMAL
6718,0.9965189,0.0016568863,0.0018242643,NORMAL
6719,0.99683267,0.0015288985,0.0016384865,NORMAL
6720,0.9969044,0.0014746031,0.0016210045,NORMAL
6721,0.9969954,0.0014253925,0.001579159,NORMAL
6722,0.9970138,0.0014345511,0.0015515762,NORMAL
6723,0.99683964,0.0015143913,0.0016459685,NORMAL
6724,0.99695456,0.0014738988,0.0015715996,NORMAL
6725,0.99703425,0.0014164285,0.0015493587,NORMAL
6726,0.99707025,0.0013871009,0.0015427051,NORMAL
6727,0.9970026,0.0014433911,0.0015540259,NORMAL
6728,0.9970126,0.0014283775,0.0015590463,NORMAL
6729,0.9969871,0.0014268478,0.0015861228,NORMAL
6730,0.9969727,0.0014603095,0.0015670434,NORMAL
6731,0.9969464,0.0014540264,0.0015995716,NORMAL
6732,0.9970577,0.0013607714,0.001581527,NORMAL
6733,0.996666,0.0016522966,0.0016816817,NORMAL
6734,0.9970715,0.0013531449,0.0015753158,NORMAL
6735,0.997102,0.0013398979,0.0015580624,NORMAL
6736,0.99720234,0.0012594252,0.00153823,NORMAL
6737,0.9972243,0.0012434901,0.0015322679,NORMAL
6738,0.99664617,0.0016942628,0.0016595172,NORMAL
6739,0.99706554,0.0013657347,0.0015686664,NORMAL
6740,0.99717355,0.0012850398,0.001541384,NORMAL
6741,0.9970747,0.001374635,0.0015506814,NORMAL
6742,0.9969181,0.0014242289,0.0016576295,NORMAL
6743,0.99714714,0.0012847246,0.0015681002,NORMAL
6744,0.9972077,0.00125108,0.001541229,NORMAL
6745,0.99716043,0.0013065398,0.0015330672,NORMAL
6746,0.99721986,0.0012494178,0.0015307314,NORMAL
6747,0.9972377,0.0012322812,0.0015300307,NORMAL
6748,0.9971629,0.001307439,0.0015296977,NORMAL
6749,0.99722064,0.0012496875,0.0015297206,NORMAL
6750,0.9970612,0.0013068037,0.0016319692,NORMAL
6751,0.9971901,0.0012494969,0.0015604021,NORMAL
6752,0.9969045,0.0014350407,0.0016604633,NORMAL
6753,0.9971431,0.0012879681,0.0015689502,NORMAL
6754,0.9970547,0.0013892263,0.0015560458,NORMAL
6755,0.9969121,0.0014286062,0.0016592388,NORMAL
6756,0.9971372,0.0012942444,0.0015685705,NORMAL
6757,0.9972129,0.0012457292,0.0015413824,NORMAL
6758,0.99722743,0.0012393814,0.0015332135,NORMAL
6759,0.9972453,0.0012249369,0.0015297305,NORMAL
6760,0.9969693,0.0013793195,0.0016513442,NORMAL
6761,0.9968865,0.0014256341,0.0016878283,NORMAL
6762,0.99713767,0.0012851461,0.0015771599,NORMAL
6763,0.99669003,0.0016296091,0.0016803716,NORMAL
6764,0.9970404,0.0013634041,0.0015962359,NORMAL
6765,0.9966608,0.0016530865,0.0016860944,NORMAL
6766,0.9970317,0.0013704473,0.0015979528,NORMAL
6767,0.9971731,0.0012767968,0.0015501847,NORMAL
6768,0.9970541,0.0013378817,0.0016080622,NORMAL
6769,0.9970888,0.001322109,0.0015891048,NORMAL
6770,0.99709916,0.0013173772,0.0015834175,NORMAL
6771,0.99710226,0.0013159576,0.0015817113,NORMAL
6772,0.99704623,0.0013414162,0.0016123111,NORMAL
6773,0.9970864,0.0013231693,0.0015903794,NORMAL
6774,0.99707055,0.0013303589,0.0015990206,NORMAL
6775,0.9967929,0.0014564598,0.0017505868,NORMAL
6776,0.99690473,0.0014057007,0.001689577,NORMAL
6777,0.99695265,0.0013839469,0.0016634299,NORMAL
6778,0.99705833,0.0013359284,0.0016057151,NORMAL
6779,0.9970534,0.00133819,0.0016084332,NORMAL
6780,0.99708855,0.0013222015,0.0015892161,NORMAL
6781,0.9970991,0.0013174049,0.0015834509,NORMAL
6782,0.9970676,0.0013317387,0.0016006788,NORMAL
6783,0.99709284,0.001320266,0.0015868897,NORMAL
6784,0.99704343,0.0013427087,0.0016138647,NORMAL
6785,0.9970076,0.0013589688,0.0016334078,NORMAL
6786,0.99691355,0.0015059693,0.0015804993,NORMAL
6787,0.99665236,0.0016084714,0.0017391025,NORMAL
6788,0.99654746,0.0016492683,0.0018032433,NORMAL
6789,0.99644506,0.001695565,0.0018593541,NORMAL
6790,0.9964464,0.00168646,0.0018672083,NORMAL
6791,0.99682325,0.0015253881,0.0016513891,NORMAL
6792,0.99699956,0.0014271613,0.0015733028,NORMAL
6793,0.99678504,0.0015198977,0.0016950506,NORMAL
6794,0.9967207,0.0015477187,0.001731575,NORMAL
6795,0.9966648,0.0015595977,0.0017755876,NORMAL
6796,0.99596155,0.0019080084,0.0021304593,NORMAL
6797,0.9963867,0.0017051671,0.001908146,NORMAL
6798,0.99631894,0.0017115332,0.001969514,NORMAL
6799,0.99644697,0.0016806645,0.0018723657,NORMAL
6800,0.9967447,0.0015474057,0.0017079494,NORMAL
6801,0.9966625,0.0016021914,0.0017353639,NORMAL
6802,0.99665046,0.0015860876,0.0017634961,NORMAL
6803,0.9966003,0.0016325513,0.0017672159,NORMAL
6804,0.9962333,0.0019946098,0.0017721007,NORMAL
6805,0.99687254,0.0015037071,0.0016237064,NORMAL
6806,0.99709195,0.0013349813,0.0015730012,NORMAL
6807,0.99674857,0.0015311056,0.0017202395,NORMAL
6808,0.99693406,0.0014491522,0.0016167765,NORMAL
6809,0.99699175,0.001415831,0.0015924067,NORMAL
6810,0.99710625,0.0013239274,0.0015698079,NORMAL
6811,0.9972036,0.0012546341,0.0015417536,NORMAL
6812,0.9972328,0.0012338461,0.0015333374,NORMAL
6813,0.9971583,0.0013120997,0.0015295971,NORMAL
6814,0.9963354,0.0018615073,0.0018030452,NORMAL
6815,0.9968978,0.0014537927,0.0016484231,NORMAL
6816,0.9969439,0.0013968319,0.0016592133,NORMAL
6817,0.9966131,0.0016722681,0.0017146559,NORMAL
6818,0.9970475,0.0013673431,0.0015851957,NORMAL
6819,0.9971392,0.0012930946,0.0015676699,NORMAL
6820,0.99701834,0.0014260793,0.001555607,NORMAL
6821,0.9962802,0.0019089899,0.0018108225,NORMAL
6822,0.9966863,0.0015921236,0.0017216546,NORMAL
6823,0.9965359,0.0016425904,0.0018215647,NORMAL
6824,0.9967154,0.001570889,0.0017137215,NORMAL
6825,0.9968141,0.0015216827,0.001664281,NORMAL
6826,0.9968487,0.001483192,0.001668158,NORMAL
6827,0.9970072,0.0014145025,0.0015783336,NORMAL
6828,0.99700785,0.0014247663,0.0015673972,NORMAL
6829,0.9969927,0.0014442744,0.001563024,NORMAL
6830,0.9970083,0.0014288576,0.0015628118,NORMAL
6831,0.9969351,0.0014513338,0.0016135122,NORMAL
6832,0.9968879,0.0014985919,0.0016134358,NORMAL
6833,0.9970088,0.0014117258,0.0015794276,NORMAL
6834,0.99691284,0.0014673256,0.0016198596,NORMAL
6835,0.9968333,0.0014944449,0.0016721976,NORMAL
6836,0.99686027,0.001487945,0.0016518414,NORMAL
6837,0.9969607,0.0014659648,0.0015733615,NORMAL
6838,0.99699163,0.0014424511,0.001565902,NORMAL
6839,0.9970454,0.0014069942,0.0015476495,NORMAL
6840,0.9970638,0.0013334402,0.0016027238,NORMAL
6841,0.99709165,0.0013207765,0.0015875032,NORMAL
6842,0.99710006,0.0013169774,0.0015829371,NORMAL
6843,0.9970659,0.0013325048,0.0016015997,NORMAL
6844,0.9970923,0.0013204959,0.001587166,NORMAL
6845,0.9969643,0.0013786313,0.0016570418,NORMAL
6846,0.99706185,0.0013343338,0.0016037987,NORMAL
6847,0.9970911,0.0013210446,0.0015878257,NORMAL
6848,0.9970999,0.0013170579,0.0015830338,NORMAL
6849,0.99710363,0.0013153492,0.0015809801,NORMAL
6850,0.99710363,0.0013153492,0.0015809801,NORMAL
6851,0.99710363,0.0013153492,0.0015809801,NORMAL
6852,0.99710363,0.0013153492,0.0015809801,NORMAL
6853,0.99710363,0.0013153492,0.0015809801,NORMAL
6854,0.99710363,0.0013153492,0.0015809801,NORMAL
6855,0.99710363,0.0013153492,0.0015809801,NORMAL
6856,0.99710363,0.0013153492,0.0015809801,NORMAL
6857,0.99710363,0.0013153492,0.0015809801,NORMAL
6858,0.99710363,0.0013153492,0.0015809801,NORMAL
6859,0.99710363,0.0013153492,0.0015809801,NORMAL
6860,0.99710363,0.0013153492,0.0015809801,NORMAL
6861,0.99707395,0.0013288334,0.0015971868,NORMAL
6862,0.99709475,0.0013193944,0.0015858421,NORMAL
6863,0.9970722,0.0013296051,0.0015981144,NORMAL
6864,0.9970942,0.001319626,0.0015861203,NORMAL
6865,0.99710083,0.0013166323,0.0015825222,NORMAL
6866,0.9971028,0.0013157341,0.0015814428,NORMAL
6867,0.9970626,0.001333981,0.0016033739,NORMAL
6868,0.9970479,0.0013406387,0.001611376,NORMAL
6869,0.9970869,0.001322936,0.0015900988,NORMAL
6870,0.9970986,0.0013176253,0.0015837158,NORMAL
6871,0.99710214,0.001316032,0.0015818009,NORMAL
6872,0.9971032,0.001315554,0.0015812264,NORMAL
6873,0.9971035,0.0013154107,0.001581054,NORMAL
6874,0.9971036,0.0013153676,0.0015810023,NORMAL
6875,0.9970551,0.0013374126,0.0016074991,NORMAL
6876,0.99713886,0.0012790578,0.0015821566,NORMAL
6877,0.9966438,0.0016573801,0.0016988602,NORMAL
6878,0.9970648,0.0013546699,0.0015804693,NORMAL
6879,0.99716705,0.0012880331,0.0015449151,NORMAL
6880,0.99719524,0.0012556681,0.0015490256,NORMAL
6881,0.9971776,0.0012869233,0.0015354382,NORMAL
6882,0.99722505,0.0012435329,0.0015314427,NORMAL
6883,0.9971627,0.0013071292,0.0015301268,NORMAL
6884,0.9972205,0.0012495946,0.0015298494,NORMAL
6885,0.99668795,0.0016208936,0.00169118,NORMAL
6886,0.99694926,0.0014010307,0.0016497325,NORMAL
6887,0.9966216,0.0016762748,0.0017021229,NORMAL
6888,0.99648565,0.0017965771,0.0017177749,NORMAL
6889,0.9969791,0.0014134946,0.001607457,NORMAL
6890,0.9971272,0.0012985698,0.0015743615,NORMAL
6891,0.9972099,0.0012470268,0.0015431198,NORMAL
6892,0.9972347,0.0012315639,0.0015337472,NORMAL
6893,0.997234,0.0012351318,0.001530923,NORMAL
6894,0.9970311,0.0014291061,0.0015397695,NORMAL
6895,0.996963,0.0014838937,0.0015531016,NORMAL
6896,0.99689627,0.0015084597,0.0015953125,NORMAL
6897,0.99663365,0.0016228582,0.0017435219,NORMAL
6898,0.9966507,0.0016032888,0.0017460732,NORMAL
6899,0.99690735,0.0014910403,0.0016016457,NORMAL
6900,0.99694645,0.0014818847,0.0015716967,NORMAL
6901,0.9970181,0.0014325291,0.0015493667,NORMAL
6902,0.9970025,0.001439885,0.0015576254,NORMAL
6903,0.9969137,0.0014728637,0.0016134775,NORMAL
6904,0.99673796,0.001554946,0.0017070659,NORMAL
6905,0.99642193,0.001716208,0.0018618456,NORMAL
6906,0.99683005,0.001517524,0.0016524473,NORMAL
6907,0.99687284,0.0015020412,0.001625143,NORMAL
6908,0.9970218,0.0014127848,0.0015654404,NORMAL
6909,0.99664146,0.0016089589,0.0017495882,NORMAL
6910,0.9965052,0.0016649187,0.0018299127,NORMAL
6911,0.9965128,0.0016733115,0.0018138954,NORMAL
6912,0.9966041,0.0017048673,0.0016910378,NORMAL
6913,0.9969178,0.001474181,0.0016080586,NORMAL
6914,0.99709713,0.0013345828,0.0015682937,NORMAL
6915,0.99720085,0.0012578306,0.0015412994,NORMAL
6916,0.99723196,0.001234805,0.0015332012,NORMAL
6917,0.9967064,0.001626407,0.0016671636,NORMAL
6918,0.996604,0.0016953907,0.0017005606,NORMAL
6919,0.99701464,0.0013831386,0.0016022925,NORMAL
6920,0.99651283,0.0017828858,0.0017043485,NORMAL
6921,0.9972453,0.0012249369,0.0015297305,NORMAL
6922,0.9972259,0.0012444173,0.0015297008,NORMAL
6923,0.9972395,0.001230781,0.0015297215,NORMAL
6924,0.9972436,0.0012266901,0.0015297278,NORMAL
6925,0.9972093,0.0012458761,0.001544817,NORMAL
6926,0.99711496,0.0013208847,0.0015642169,NORMAL
6927,0.9966832,0.0016403307,0.0016764887,NORMAL
6928,0.99655366,0.0017361644,0.0017101702,NORMAL
6929,0.9969995,0.0013953708,0.0016051754,NORMAL
6930,0.9970124,0.0013568312,0.0016308392,NORMAL
6931,0.9970763,0.0013277938,0.0015959379,NORMAL
6932,0.9970186,0.0013539589,0.001627387,NORMAL
6933,0.9970445,0.0013268879,0.0016285744,NORMAL
6934,0.99705124,0.0013345835,0.0016142158,NORMAL
6935,0.99708796,0.0013211195,0.0015909509,NORMAL
6936,0.9970989,0.0013170803,0.0015839713,NORMAL
6937,0.99707353,0.0013289108,0.0015975531,NORMAL
6938,0.996992,0.0013559228,0.0016520807,NORMAL
6939,0.99710363,0.0013153492,0.0015809801,NORMAL
6940,0.9970314,0.0013481834,0.0016204446,NORMAL
6941,0.997082,0.0013251995,0.0015928195,NORMAL
6942,0.99709713,0.0013183043,0.001584532,NORMAL
6943,0.997067,0.0013320085,0.0016010031,NORMAL
6944,0.9970926,0.001320347,0.001586987,NORMAL
6945,0.99710035,0.0013168486,0.0015827822,NORMAL
6946,0.9971026,0.0013157991,0.0015815208,NORMAL
6947,0.99706864,0.0013312569,0.0016000997,NORMAL
6948,0.9970304,0.0014115082,0.0015581297,NORMAL
6949,0.9970373,0.0013998745,0.0015628135,NORMAL
6950,0.9969851,0.0014369274,0.0015779294,NORMAL
6951,0.9969797,0.0014530872,0.0015672421,NORMAL
6952,0.99703956,0.0014123726,0.0015480481,NORMAL
6953,0.9969729,0.0014688284,0.0015582416,NORMAL
6954,0.99705184,0.0014028209,0.00154537,NORMAL
6955,0.9970213,0.0014212618,0.001557508,NORMAL
6956,0.9970521,0.0014028249,0.001545128,NORMAL
6957,0.99701905,0.0014162397,0.0015647876,NORMAL
6958,0.9966397,0.0016093872,0.0017509161,NORMAL
6959,0.99657094,0.0016656897,0.0017633955,NORMAL
6960,0.99666595,0.0015998587,0.0017342014,NORMAL
6961,0.9968077,0.0015219033,0.001670439,NORMAL
6962,0.99689674,0.0014905107,0.0016127338,NORMAL
6963,0.997029,0.0014093256,0.0015617176,NORMAL
6964,0.99698293,0.0014573704,0.0015597183,NORMAL
6965,0.9969983,0.0014398728,0.0015618091,NORMAL
6966,0.99681395,0.001482597,0.001703401,NORMAL
6967,0.99710816,0.0013100039,0.0015818198,NORMAL
6968,0.9961713,0.0019917034,0.0018369962,NORMAL
6969,0.99680173,0.0015134944,0.0016847174,NORMAL
6970,0.9970772,0.0013314735,0.0015913146,NORMAL
6971,0.9964784,0.0016544713,0.0018671071,NORMAL
6972,0.9969769,0.0013708628,0.0016522566,NORMAL
6973,0.9968629,0.0014490768,0.0016880577,NORMAL
6974,0.9960432,0.0019414277,0.0020153315,NORMAL
6975,0.9963044,0.0017215227,0.0019740677,NORMAL
6976,0.9964287,0.0017717876,0.0017994245,NORMAL
6977,0.9969115,0.0014411637,0.0016473144,NORMAL
6978,0.99709356,0.0013264122,0.0015800678,NORMAL
6979,0.9968958,0.0014377586,0.0016663977,NORMAL
6980,0.9971327,0.0012965524,0.0015707188,NORMAL
6981,0.9972038,0.0012541906,0.0015420152,NORMAL
6982,0.9968622,0.0014367528,0.0017011347,NORMAL
6983,0.99565476,0.0022139435,0.0021313122,NORMAL
6984,0.99710363,0.0013153492,0.0015809801,NORMAL
6985,0.99680287,0.0014519568,0.0017451746,NORMAL
6986,0.99695647,0.0013822159,0.0016613501,NORMAL
6987,0.99705946,0.0013354092,0.0016050912,NORMAL
6988,0.9970904,0.0013213672,0.0015882135,NORMAL
6989,0.99709964,0.0013171546,0.0015831501,NORMAL
6990,0.99710244,0.0013158908,0.0015816311,NORMAL
6991,0.9971033,0.0013155118,0.0015811755,NORMAL
6992,0.9971036,0.001315398,0.0015810387,NORMAL
6993,0.99710363,0.0013153492,0.0015809801,NORMAL
6994,0.99710363,0.0013153492,0.0015809801,NORMAL
6995,0.99710363,0.0013153492,0.0015809801,NORMAL
6996,0.99710363,0.0013153492,0.0015809801,NORMAL
6997,0.99710363,0.0013153492,0.0015809801,NORMAL
6998,0.99710363,0.0013153492,0.0015809801,NORMAL
6999,0.9970749,0.0013283915,0.0015966558,NORMAL
7000,0.997095,0.001319262,0.0015856829,NORMAL
7001,0.99710107,0.0013165231,0.001582391,NORMAL
7002,0.9964981,0.001777236,0.0017246052,NORMAL
7003,0.9969828,0.0014076922,0.001609506,NORMAL
7004,0.9971311,0.0013001767,0.0015687505,NORMAL
7005,0.99719954,0.0012589691,0.001541419,NORMAL
7006,0.9968047,0.0015490946,0.0016461895,NORMAL
7007,0.9971131,0.0013221842,0.0015646681,NORMAL
7008,0.9972057,0.0012541111,0.0015402117,NORMAL
7009,0.9971721,0.0012951678,0.0015327809,NORMAL
7010,0.9972234,0.0012460062,0.0015306456,NORMAL
7011,0.9971311,0.001318216,0.0015506686,NORMAL
7012,0.996688,0.0016395301,0.0016724243,NORMAL
7013,0.99653065,0.0017677165,0.0017016421,NORMAL
7014,0.9970309,0.0013877708,0.001581304,NORMAL
7015,0.99690497,0.0014281695,0.0016668162,NORMAL
7016,0.9967163,0.0015998547,0.0016838086,NORMAL
7017,0.99708664,0.0013374123,0.0015759539,NORMAL
7018,0.9971895,0.0012668862,0.001543585,NORMAL
7019,0.99670553,0.0016241311,0.0016702991,NORMAL
7020,0.9970638,0.0013334402,0.0016027238,NORMAL
7021,0.99709165,0.0013207765,0.0015875032,NORMAL
7022,0.99710006,0.0013169774,0.0015829371,NORMAL
7023,0.99710256,0.0013158377,0.0015815672,NORMAL
7024,0.99710333,0.0013154958,0.0015811563,NORMAL
7025,0.9970757,0.0013280569,0.0015962536,NORMAL
7026,0.9970952,0.0013191615,0.0015855621,NORMAL
7027,0.9971011,0.0013164929,0.0015823548,NORMAL
7028,0.99707496,0.001328356,0.0015966131,NORMAL
7029,0.99710363,0.0013153492,0.0015809801,NORMAL
7030,0.99710363,0.0013153492,0.0015809801,NORMAL
7031,0.99710363,0.0013153492,0.0015809801,NORMAL
7032,0.99710363,0.0013153492,0.0015809801,NORMAL
7033,0.99710363,0.0013153492,0.0015809801,NORMAL
7034,0.9970749,0.0013283915,0.0015966558,NORMAL
7035,0.997095,0.001319262,0.0015856829,NORMAL
7036,0.9970664,0.0013322957,0.0016013484,NORMAL
7037,0.9970925,0.0013204331,0.0015870905,NORMAL
7038,0.99682885,0.0015377227,0.0016334556,NORMAL
7039,0.9969667,0.0014493219,0.0015839532,NORMAL
7040,0.9970264,0.001420547,0.0015530471,NORMAL
7041,0.99703205,0.0014091757,0.0015587718,NORMAL
7042,0.997024,0.0014305437,0.0015454588,NORMAL
7043,0.9967449,0.001550215,0.0017048637,NORMAL
7044,0.996593,0.0016306061,0.0017763958,NORMAL
7045,0.9965562,0.0016458625,0.0017978714,NORMAL
7046,0.9964954,0.0016814806,0.0018230977,NORMAL
7047,0.9970753,0.0013848307,0.0015398377,NORMAL
7048,0.99703777,0.0014223827,0.0015397798,NORMAL
7049,0.99695325,0.0014554099,0.0015913718,NORMAL
7050,0.9963975,0.0017286353,0.0018738692,NORMAL
7051,0.99660444,0.0016103399,0.0017852206,NORMAL
7052,0.9965309,0.0016535268,0.0018155491,NORMAL
7053,0.9968773,0.0014840632,0.0016385813,NORMAL
7054,0.9969784,0.0014521524,0.0015694029,NORMAL
7055,0.9970388,0.0014125456,0.0015486958,NORMAL
7056,0.99710363,0.0013153492,0.0015809801,NORMAL
7057,0.99704665,0.0013412336,0.0016120918,NORMAL
7058,0.9970865,0.0013231145,0.0015903136,NORMAL
7059,0.9970985,0.0013176788,0.0015837802,NORMAL
7060,0.99710214,0.0013160481,0.0015818202,NORMAL
7061,0.9970647,0.0013330504,0.0016022561,NORMAL
7062,0.99709195,0.0013206596,0.001587363,NORMAL
7063,0.99704313,0.0013428268,0.0016140066,NORMAL
7064,0.99702847,0.0013494769,0.0016219998,NORMAL
7065,0.99710363,0.0013153492,0.0015809801,NORMAL
7066,0.99704665,0.0013412336,0.0016120918,NORMAL
7067,0.9970865,0.0013231145,0.0015903136,NORMAL
7068,0.9970415,0.0013435632,0.0016148918,NORMAL
7069,0.9970503,0.0013395861,0.0016101111,NORMAL
7070,0.99705887,0.0013356626,0.0016053951,NORMAL
7071,0.9970182,0.0013541677,0.0016276377,NORMAL
7072,0.9970501,0.0013396584,0.001610198,NORMAL
7073,0.9969865,0.0013685897,0.0016449721,NORMAL
7074,0.9972453,0.0012249369,0.0015297305,NORMAL
7075,0.997207,0.0012420025,0.0015510436,NORMAL
7076,0.9967108,0.001616666,0.0016725367,NORMAL
7077,0.9970768,0.0013506624,0.0015725598,NORMAL
7078,0.9968046,0.0015398243,0.001655594,NORMAL
7079,0.9970748,0.0013364687,0.0015888026,NORMAL
7080,0.9971942,0.0012583964,0.0015474521,NORMAL
7081,0.99723,0.0012349747,0.001535047,NORMAL
7082,0.9972407,0.0012279482,0.0015313254,NORMAL
7083,0.9972453,0.0012249369,0.0015297305,NORMAL
7084,0.9971986,0.0012503727,0.0015510304,NORMAL
7085,0.99675757,0.001569815,0.0016726181,NORMAL
7086,0.99709904,0.0013284003,0.0015725967,NORMAL
7087,0.99720144,0.0012559759,0.0015425903,NORMAL
7088,0.997224,0.0012424553,0.0015335759,NORMAL
7089,0.99723893,0.0012301925,0.0015308841,NORMAL
7090,0.9972319,0.0012379738,0.001530059,NORMAL
7091,0.99724126,0.001228848,0.001529829,NORMAL
7092,0.99710363,0.0013153492,0.0015809801,NORMAL
7093,0.99710363,0.0013153492,0.0015809801,NORMAL
7094,0.99710363,0.0013153492,0.0015809801,NORMAL
7095,0.99706894,0.0013311219,0.0015999376,NORMAL
7096,0.9970932,0.0013200811,0.0015866674,NORMAL
7097,0.9970435,0.0013426532,0.001613798,NORMAL
7098,0.9970856,0.0013235405,0.0015908255,NORMAL
7099,0.9970982,0.0013178065,0.0015839337,NORMAL
7100,0.997102,0.0013160864,0.0015818662,NORMAL
7101,0.99710363,0.0013153492,0.0015809801,NORMAL
7102,0.99710363,0.0013153492,0.0015809801,NORMAL
7103,0.99710363,0.0013153492,0.0015809801,NORMAL
7104,0.99710363,0.0013153492,0.0015809801,NORMAL
7105,0.99710363,0.0013153492,0.0015809801,NORMAL
7106,0.99710363,0.0013153492,0.0015809801,NORMAL
7107,0.99710363,0.0013153492,0.0015809801,NORMAL
7108,0.99706894,0.0013311219,0.0015999376,NORMAL
7109,0.9970932,0.0013200811,0.0015866674,NORMAL
7110,0.9971002,0.0013491027,0.001550645,NORMAL
7111,0.9967749,0.0015761346,0.0016489573,NORMAL
7112,0.99698853,0.0014312619,0.0015801168,NORMAL
7113,0.99710286,0.001315937,0.0015811911,NORMAL
7114,0.9963379,0.0018122296,0.0018498295,NORMAL
7115,0.99645007,0.0017877342,0.0017621724,NORMAL
7116,0.9969684,0.0014108417,0.0016207761,NORMAL
7117,0.99663925,0.0016673177,0.0016934564,NORMAL
7118,0.9970477,0.0013734691,0.0015788241,NORMAL
7119,0.9972453,0.0012249369,0.0015297305,NORMAL
7120,0.9972453,0.0012249369,0.0015297305,NORMAL
7121,0.99685514,0.0015021067,0.0016427452,NORMAL
7122,0.99702823,0.0013935242,0.0015782774,NORMAL
7123,0.9971608,0.0012949934,0.0015442648,NORMAL
7124,0.9967711,0.0015819052,0.0016470059,NORMAL
7125,0.9971031,0.0013320274,0.0015649131,NORMAL
7126,0.9971261,0.0013190048,0.0015549641,NORMAL
7127,0.9971178,0.0013302404,0.001551956,NORMAL
7128,0.99710363,0.0013153492,0.0015809801,NORMAL
7129,0.99710363,0.0013153492,0.0015809801,NORMAL
7130,0.99704665,0.0013412336,0.0016120918,NORMAL
7131,0.9970865,0.0013231145,0.0015903136,NORMAL
7132,0.9970985,0.0013176788,0.0015837802,NORMAL
7133,0.99706364,0.0013335396,0.0016028441,NORMAL
7134,0.99703467,0.0013466908,0.001618651,NORMAL
7135,0.99708295,0.0013247516,0.0015922814,NORMAL
7136,0.99709743,0.00131817,0.0015843705,NORMAL
7137,0.99710363,0.0013153492,0.0015809801,NORMAL
7138,0.99706024,0.0013350492,0.0016046579,NORMAL
7139,0.9970906,0.0013212592,0.0015880835,NORMAL
7140,0.99706125,0.0013346138,0.001604135,NORMAL
7141,0.99709094,0.0013211286,0.0015879266,NORMAL
7142,0.9970998,0.001317083,0.0015830641,NORMAL
7143,0.9970678,0.001331642,0.0016005627,NORMAL
7144,0.9970582,0.0013360097,0.0016058123,NORMAL
7145,0.99709,0.0013215474,0.0015884298,NORMAL
7146,0.99666625,0.0016425494,0.0016911433,NORMAL
7147,0.9970716,0.0013502208,0.0015781543,NORMAL
7148,0.9971405,0.0013152892,0.0015441768,NORMAL
7149,0.9972139,0.0012520426,0.0015340643,NORMAL
7150,0.9972359,0.0012330686,0.0015310306,NORMAL
7151,0.9972425,0.0012273764,0.0015301205,NORMAL
7152,0.9972445,0.0012256687,0.0015298475,NORMAL
7153,0.9968549,0.0015023261,0.0016427803,NORMAL
7154,0.99708986,0.0013252192,0.0015849585,NORMAL
7155,0.9971137,0.0013261974,0.0015600575,NORMAL
7156,0.9971675,0.0012723806,0.0015601417,NORMAL
7157,0.9971837,0.0012562356,0.001560167,NORMAL
7158,0.99679995,0.0015482745,0.0016518139,NORMAL
7159,0.9971117,0.0013219382,0.0015663555,NORMAL
7160,0.99720526,0.0012540373,0.0015407179,NORMAL
7161,0.9972333,0.001233667,0.0015330267,NORMAL
7162,0.99671865,0.0016141654,0.0016671317,NORMAL
7163,0.997049,0.001358771,0.0015922639,NORMAL
7164,0.9967931,0.0014721077,0.0017348406,NORMAL
7165,0.99698466,0.0013878206,0.0016275311,NORMAL
7166,0.9962181,0.0019247693,0.001857135,NORMAL
7167,0.99693716,0.0014348866,0.0016279519,NORMAL
7168,0.99659526,0.0016920604,0.0017126198,NORMAL
7169,0.99698424,0.0013944709,0.001621309,NORMAL
7170,0.99715924,0.0012835661,0.0015571923,NORMAL
7171,0.9971385,0.001287769,0.0015737311,NORMAL
7172,0.99680185,0.0015421861,0.0016559093,NORMAL
7173,0.9972343,0.0012360355,0.0015297136,NORMAL
7174,0.9969045,0.0014222173,0.0016732662,NORMAL
7175,0.99710214,0.0013251058,0.0015727284,NORMAL
7176,0.9971657,0.0012759403,0.0015583844,NORMAL
7177,0.99717474,0.0012656737,0.0015596265,NORMAL
7178,0.9965828,0.0017256563,0.001691587,NORMAL
7179,0.9965713,0.0017375012,0.0016911579,NORMAL
7180,0.9967233,0.0015532197,0.0017234958,NORMAL
7181,0.9964384,0.0018209509,0.001740732,NORMAL
7182,0.99693847,0.001499005,0.001562601,NORMAL
7183,0.99699163,0.0014618249,0.0015466008,NORMAL
7184,0.997038,0.0014202723,0.0015418477,NORMAL
7185,0.99698675,0.0014601006,0.0015531734,NORMAL
7186,0.9969995,0.0014406919,0.0015598456,NORMAL
7187,0.99700016,0.001454078,0.0015457592,NORMAL
7188,0.9970342,0.0014241871,0.0015415854,NORMAL
7189,0.996356,0.0017529057,0.0018910347,NORMAL
7190,0.996468,0.0016997075,0.0018322321,NORMAL
7191,0.9969446,0.001496526,0.0015588322,NORMAL
7192,0.9969201,0.0015059356,0.0015739948,NORMAL
7193,0.9970217,0.001428227,0.001550074,NORMAL
7194,0.9969946,0.0014464767,0.0015588917,NORMAL
7195,0.9967674,0.0015418861,0.001690699,NORMAL
7196,0.99660575,0.0016471425,0.0017471127,NORMAL
7197,0.9969159,0.0014821064,0.0016019915,NORMAL
7198,0.99699306,0.001448478,0.0015584307,NORMAL
7199,0.99698913,0.001449385,0.0015614037,NORMAL
7200,0.99699223,0.001365962,0.0016418139,NORMAL
7201,0.9620497,0.035743315,0.002206957,NORMAL
7202,0.9731885,0.012266106,0.014545413,NORMAL
7203,0.97929657,0.0051482203,0.015555248,NORMAL
7204,0.9801918,0.003070003,0.016738148,NORMAL
7205,0.9739733,0.002540313,0.023486428,NORMAL
7206,0.9792673,0.0022891252,0.018443542,NORMAL
7207,0.98104215,0.0022141836,0.016743733,NORMAL
7208,0.981388,0.0021912863,0.016420733,NORMAL
7209,0.99699223,0.001365962,0.0016418139,NORMAL
7210,0.9618169,0.035976738,0.0022063549,NORMAL
7211,0.97311866,0.012336133,0.014545232,NORMAL
7212,0.97904956,0.0051687458,0.015781712,NORMAL
7213,0.9792263,0.003074179,0.01769958,NORMAL
7214,0.9800844,0.0024475984,0.01746809,NORMAL
7215,0.9811007,0.0022613108,0.01663804,NORMAL
7216,0.9814055,0.0022054245,0.016389025,NORMAL
7217,0.981497,0.0021886586,0.01631432,NORMAL
7218,0.99699223,0.001365962,0.0016418139,NORMAL
7219,0.9615661,0.036204584,0.0022293373,NORMAL
7220,0.97203046,0.012402203,0.015567327,NORMAL
7221,0.97923076,0.005189651,0.015579563,NORMAL
7222,0.98074186,0.0030836985,0.016174464,NORMAL
7223,0.9811952,0.0024519125,0.016352933,NORMAL
7224,0.98151946,0.002262795,0.016217865,NORMAL
7225,0.98161674,0.0022060599,0.016177345,NORMAL
7226,0.98145765,0.0021886209,0.016353797,NORMAL
7227,0.99699223,0.001365962,0.0016418139,NORMAL
7228,0.96226263,0.0355298,0.0022075076,NORMAL
7229,0.97301984,0.012201527,0.014778554,NORMAL
7230,0.9792907,0.0051289424,0.015580286,NORMAL
7231,0.9809481,0.0030659041,0.01598607,NORMAL
7232,0.9813597,0.0024468023,0.016193435,NORMAL
7233,0.9813806,0.0022608438,0.016358625,NORMAL
7234,0.98148954,0.0022052843,0.0163052,NORMAL
7235,0.9815222,0.0021886164,0.016289175,NORMAL
7236,0.99198467,0.0058961944,0.002119176,NORMAL
7237,0.9388555,0.05833023,0.0028142454,NORMAL
7238,0.9706132,0.019081013,0.010305859,NORMAL
7239,0.97885835,0.007317327,0.013824324,NORMAL
7240,0.98221314,0.0036916784,0.014095249,NORMAL
7241,0.98248196,0.0027004252,0.014817625,NORMAL
7242,0.98346025,0.002285669,0.0142540485,NORMAL
7243,0.98095095,0.0025277336,0.01652125,NORMAL
7244,0.97853583,0.0025957713,0.018868377,NORMAL
7245,0.99131304,0.006598261,0.0020886452,NORMAL
7246,0.96827716,0.028836362,0.0028864592,NORMAL
7247,0.9785923,0.0102875605,0.011120142,NORMAL
7248,0.98156154,0.00462457,0.013813846,NORMAL
7249,0.9831841,0.0028629126,0.013952915,NORMAL
7250,0.98331857,0.0023613754,0.0143200755,NORMAL
7251,0.9837173,0.0022116965,0.014070971,NORMAL
7252,0.9835464,0.002138441,0.014315186,NORMAL
7253,0.9832021,0.0021158366,0.014682056,NORMAL
7254,0.991143,0.006768741,0.002088287,NORMAL
7255,0.93544686,0.061758842,0.0027942564,NORMAL
7256,0.96891844,0.020105166,0.010976451,NORMAL
7257,0.97897255,0.007552468,0.013475021,NORMAL
7258,0.98225594,0.0037610934,0.013982963,NORMAL
7259,0.9821926,0.0027108286,0.0150966,NORMAL
7260,0.98251367,0.002427093,0.015059227,NORMAL
7261,0.9827471,0.002295785,0.014957164,NORMAL
7262,0.98265094,0.0021623727,0.015186736,NORMAL
7263,0.992157,0.005746812,0.002096173,NORMAL
7264,0.9629991,0.03417667,0.0028242306,NORMAL
7265,0.97742605,0.011890645,0.010683286,NORMAL
7266,0.9788232,0.0054000905,0.01577672,NORMAL
7267,0.9819704,0.003114857,0.014914725,NORMAL
7268,0.9831767,0.0024097199,0.014413608,NORMAL
7269,0.98219955,0.002345705,0.0154547,NORMAL
7270,0.9820688,0.0022968831,0.015634326,NORMAL
7271,0.9826759,0.0021822257,0.015141872,NORMAL
7272,0.99237436,0.0055737277,0.0020518603,NORMAL
7273,0.96369845,0.033430763,0.0028707988,NORMAL
7274,0.97717655,0.011671599,0.0111518735,NORMAL
7275,0.9806199,0.0051773484,0.0142027885,NORMAL
7276,0.97900665,0.0034276573,0.017565709,NORMAL
7277,0.9766189,0.0031055852,0.020275485,NORMAL
7278,0.981452,0.002473908,0.016074095,NORMAL
7279,0.9827667,0.0022774937,0.014955828,NORMAL
7280,0.9830818,0.0021790683,0.014739107,NORMAL
7281,0.9909656,0.0069465353,0.0020879132,NORMAL
7282,0.93862414,0.05860721,0.0027686486,NORMAL
7283,0.9699916,0.019293629,0.01071474,NORMAL
7284,0.9786682,0.007340107,0.013991727,NORMAL
7285,0.98055995,0.0037251278,0.015715014,NORMAL
7286,0.9817353,0.0026293462,0.0156354,NORMAL
7287,0.9818628,0.0023279793,0.015809212,NORMAL
7288,0.41814804,0.0015624856,0.5802894,CRITICAL
7289,0.81317437,0.001979639,0.18484597,CRITICAL
7290,0.99692947,0.0014274472,0.0016430733,NORMAL
7291,0.96900403,0.028441226,0.002554736,NORMAL
7292,0.98125535,0.010001767,0.008742882,NORMAL
7293,0.9835651,0.004382879,0.012052085,NORMAL
7294,0.98396504,0.002716164,0.0133187715,NORMAL
7295,0.98424006,0.002214829,0.013545115,NORMAL
7296,0.9830936,0.0021375786,0.014768863,NORMAL
7297,0.9833957,0.002115787,0.014488548,NORMAL
7298,0.9523402,0.0033342605,0.04432558,CRITICAL
7299,0.98864067,0.00929316,0.0020662143,NORMAL
7300,0.9669943,0.030362016,0.0026437116,NORMAL
7301,0.9767704,0.011121862,0.012107794,NORMAL
7302,0.9822196,0.004718907,0.01306156,NORMAL
7303,0.98385435,0.0027980208,0.013347689,NORMAL
7304,0.9842069,0.002239386,0.01355379,NORMAL
7305,0.9836367,0.00214613,0.014217274,NORMAL
7306,0.9773836,0.0028601643,0.01975626,CRITICAL
7307,0.98140764,0.002355643,0.016236756,NORMAL
7308,0.99699223,0.001365962,0.0016418139,NORMAL
7309,0.9620497,0.035743315,0.002206957,NORMAL
7310,0.973247,0.012266237,0.014486785,NORMAL
7311,0.9793141,0.00514826,0.015537659,NORMAL
7312,0.980721,0.0030711787,0.016207846,NORMAL
7313,0.9812349,0.0024482587,0.01631682,NORMAL
7314,0.9813431,0.0022612805,0.01639564,NORMAL
7315,0.9815638,0.0022056056,0.016230676,NORMAL
7316,0.98144174,0.0021884847,0.016369797,NORMAL
7317,0.99699223,0.001365962,0.0016418139,NORMAL
7318,0.9620497,0.035743315,0.002206957,NORMAL
7319,0.97306377,0.012265825,0.014670398,NORMAL
7320,0.97925913,0.005148136,0.015592743,NORMAL
7321,0.9807504,0.0030712439,0.016178418,NORMAL
7322,0.98138595,0.0024485944,0.01616551,NORMAL
7323,0.9812069,0.0022826628,0.016510544,NORMAL
7324,0.9813347,0.0022116017,0.016453758,NORMAL
7325,0.9813731,0.0021902835,0.016436722,NORMAL
7326,0.9968838,0.0014152025,0.0017009985,NORMAL
7327,0.9620553,0.03571986,0.002224811,NORMAL
7328,0.97306544,0.012258789,0.014675754,NORMAL
7329,0.9791189,0.0051457244,0.01573534,NORMAL
7330,0.97989666,0.0030963938,0.01700693,NORMAL
7331,0.9805813,0.0024979482,0.01692075,NORMAL
7332,0.98057723,0.0022749212,0.017147798,NORMAL
7333,0.9561545,0.0023925775,0.041452844,NORMAL
7334,0.9724498,0.002241533,0.025308644,NORMAL
7335,0.9968838,0.0014152025,0.0017009985,NORMAL
7336,0.9622301,0.03554457,0.002225263,NORMAL
7337,0.9731279,0.012227506,0.014644608,NORMAL
7338,0.9792783,0.0051366407,0.015585005,NORMAL
7339,0.9805746,0.0030890768,0.016336393,NORMAL
7340,0.9803334,0.0024793993,0.017187247,NORMAL
7341,0.98107266,0.0022706226,0.016656768,NORMAL
7342,0.9814826,0.002208408,0.016309015,NORMAL
7343,0.98160565,0.0021897438,0.016204689,NORMAL
7344,0.9904157,0.007864867,0.0017194404,NORMAL
7345,0.9675268,0.029933529,0.0025396794,NORMAL
7346,0.9812802,0.010450454,0.008269386,NORMAL
7347,0.984067,0.004518477,0.011414475,NORMAL
7348,0.9849031,0.0027388833,0.012358001,NORMAL
7349,0.984639,0.0022218835,0.013139067,NORMAL
7350,0.9843863,0.0021422075,0.013471465,NORMAL
7351,0.9843105,0.0021183046,0.013571184,NORMAL
7352,0.9840257,0.0021342603,0.013840048,NORMAL
7353,0.9903903,0.007848025,0.0017616284,NORMAL
7354,0.96751916,0.029928476,0.0025523358,NORMAL
7355,0.9810643,0.010448484,0.008487175,NORMAL
7356,0.9843223,0.0045185275,0.011159141,NORMAL
7357,0.9849796,0.0027388986,0.012281401,NORMAL
7358,0.98490334,0.0022416902,0.012854962,NORMAL
7359,0.98393863,0.0021470208,0.013914377,NORMAL
7360,0.9839958,0.0021193621,0.013884801,NORMAL
7361,0.9838409,0.0021343809,0.014024737,NORMAL
7362,0.99699223,0.001365962,0.0016418139,NORMAL
7363,0.96226263,0.0355298,0.0022075076,NORMAL
7364,0.97284365,0.012244615,0.014911681,NORMAL
7365,0.9788791,0.005161349,0.015959548,NORMAL
7366,0.9808246,0.0030756262,0.01609985,NORMAL
7367,0.98126596,0.002449593,0.016284421,NORMAL
7368,0.9815407,0.0022620992,0.01619731,NORMAL
7369,0.98086506,0.0022041665,0.016930766,NORMAL
7370,0.97925127,0.002226577,0.018522134,NORMAL
7371,0.9969496,0.0013853086,0.0016650667,NORMAL
7372,0.9609074,0.036833305,0.0022592698,NORMAL
7373,0.97309804,0.012593671,0.014308296,NORMAL
7374,0.9792694,0.00524649,0.015484112,NORMAL
7375,0.9807129,0.0031283684,0.016158687,NORMAL
7376,0.98155385,0.0024661298,0.015980022,NORMAL
7377,0.9819443,0.0022677653,0.015787883,NORMAL
7378,0.98155594,0.0022071325,0.016236959,NORMAL
7379,0.9814394,0.0021889426,0.016371682,NORMAL
7380,0.9968759,0.0014188021,0.001705325,NORMAL
7381,0.96124524,0.036482424,0.0022723046,NORMAL
7382,0.9732389,0.0124884965,0.01427263,NORMAL
7383,0.9791373,0.005214565,0.015648123,NORMAL
7384,0.9797112,0.0031166137,0.017172249,NORMAL
7385,0.98070693,0.002461389,0.016831713,NORMAL
7386,0.9804898,0.0023066823,0.017203536,NORMAL
7387,0.98070544,0.0022455805,0.01704901,NORMAL
7388,0.9804268,0.0021987935,0.017374473,NORMAL
7389,0.99699223,0.001365962,0.0016418139,NORMAL
7390,0.96226263,0.0355298,0.0022075076,NORMAL
7391,0.9731642,0.012201853,0.014633945,NORMAL
7392,0.9791149,0.005128572,0.015756518,NORMAL
7393,0.9801953,0.003085912,0.016718801,NORMAL
7394,0.9787195,0.0025563869,0.018724151,NORMAL
7395,0.9804094,0.0022933208,0.017297283,NORMAL
7396,0.9809164,0.002214401,0.016869223,NORMAL
7397,0.9803361,0.0021890977,0.01747474,NORMAL
7398,0.99239,0.0057382183,0.0018717694,NORMAL
7399,0.93319535,0.064085975,0.002718673,NORMAL
7400,0.9643772,0.020790473,0.014832329,NORMAL
7401,0.97590756,0.007703938,0.016388416,NORMAL
7402,0.9552433,0.0039992617,0.04075749,NORMAL
7403,0.97297585,0.0027253153,0.02429882,NORMAL
7404,0.9786275,0.0023438688,0.019028643,NORMAL
7405,0.98037934,0.002251245,0.017369483,NORMAL
7406,0.9805167,0.0022009101,0.017282419,NORMAL
7407,0.99699223,0.001365962,0.0016418139,NORMAL
7408,0.9620497,0.035743315,0.002206957,NORMAL
7409,0.97306377,0.012265825,0.014670398,NORMAL
7410,0.97925913,0.005148136,0.015592743,NORMAL
7411,0.9808531,0.003071472,0.016075436,NORMAL
7412,0.9812286,0.0024482445,0.016323226,NORMAL
7413,0.98134124,0.0022612764,0.016397562,NORMAL
7414,0.98002017,0.0022920058,0.017687868,NORMAL
7415,0.98097867,0.0022144048,0.016806955,NORMAL
7416,0.97339433,0.024461906,0.002143761,NORMAL
7417,0.6146586,0.35882798,0.026513467,CRITICAL
7418,0.8701041,0.10965882,0.02023711,CRITICAL
7419,0.9505739,0.034300264,0.015125799,NORMAL
7420,0.97498965,0.01167369,0.0133365495,NORMAL
7421,0.97909874,0.005297461,0.015603742,NORMAL
7422,0.9818648,0.0032014493,0.0149336755,NORMAL
7423,0.98348916,0.0024646868,0.014046112,NORMAL
7424,0.98373884,0.002238087,0.014023101,NORMAL
7425,0.9898808,0.008264211,0.0018550486,NORMAL
7426,0.9550098,0.041564982,0.0034252799,NORMAL
7427,0.97442317,0.014296249,0.011280614,NORMAL
7428,0.9818897,0.005671974,0.012438302,NORMAL
7429,0.98398435,0.003103954,0.0129117025,NORMAL
7430,0.9845973,0.002371271,0.01303146,NORMAL
7431,0.9841806,0.0022074697,0.013611928,NORMAL
7432,0.98439217,0.0021381904,0.013469601,NORMAL
7433,0.9841972,0.002140546,0.013662294,NORMAL
7434,0.99699223,0.001365962,0.0016418139,NORMAL
7435,0.96226263,0.0355298,0.0022075076,NORMAL
7436,0.972451,0.0122689,0.015280076,NORMAL
7437,0.9792585,0.00514945,0.015592029,NORMAL
7438,0.9807043,0.0030715358,0.016224157,NORMAL
7439,0.9813721,0.0024486822,0.016179232,NORMAL
7440,0.9813843,0.0022614077,0.016354363,NORMAL
7441,0.9812011,0.00220481,0.01659414,NORMAL
7442,0.98070866,0.002243531,0.01704786,NORMAL
7443,0.99699223,0.001365962,0.0016418139,NORMAL
7444,0.9618151,0.035978574,0.0022063502,NORMAL
7445,0.9731766,0.012336815,0.0144866025,NORMAL
7446,0.979293,0.0051694326,0.015537605,NORMAL
7447,0.98094875,0.0030780511,0.015973266,NORMAL
7448,0.9800244,0.0025041003,0.017471535,NORMAL
7449,0.9809799,0.002278033,0.016742054,NORMAL
7450,0.9807386,0.0022664191,0.016995028,NORMAL
7451,0.9814026,0.002207192,0.016390227,NORMAL
7452,0.99014086,0.0075993873,0.0022597772,NORMAL
7453,0.9280385,0.0687895,0.0031721364,NORMAL
7454,0.96692985,0.022283446,0.010786751,NORMAL
7455,0.97846067,0.008206139,0.013333301,NORMAL
7456,0.9816349,0.003936057,0.014429049,NORMAL
7457,0.9825696,0.0027395994,0.014690825,NORMAL
7458,0.9833157,0.002344183,0.014340194,NORMAL
7459,0.9816921,0.0023777944,0.01593016,NORMAL
7460,0.9814724,0.0022561112,0.016271528,NORMAL
7461,0.9903955,0.007478992,0.002125585,NORMAL
7462,0.9247445,0.07202099,0.0032345993,NORMAL
7463,0.96574783,0.02330147,0.010950792,NORMAL
7464,0.9771311,0.008547721,0.014321103,NORMAL
7465,0.9808174,0.0041034864,0.015079128,NORMAL
7466,0.9828237,0.0027534235,0.014422838,NORMAL
7467,0.98356885,0.0023293109,0.0141018,NORMAL
7468,0.9825821,0.0022587716,0.015159107,NORMAL
7469,0.9811587,0.002294057,0.016547251,NORMAL
7470,0.99699223,0.001365962,0.0016418139,NORMAL
7471,0.9596057,0.038129427,0.002264879,NORMAL
7472,0.97086596,0.013021349,0.016112648,NORMAL
7473,0.9775386,0.005433171,0.017028145,NORMAL
7474,0.9776039,0.0034650178,0.018931022,NORMAL
7475,0.97968405,0.002565042,0.017750882,NORMAL
7476,0.9782982,0.002424056,0.01927782,NORMAL
7477,0.97323483,0.002827935,0.02393721,NORMAL
7478,0.97802734,0.00239292,0.019579714,NORMAL
7479,0.99699223,0.001365962,0.0016418139,NORMAL
7480,0.9555985,0.042167727,0.0022338813,NORMAL
7481,0.96911496,0.0143860625,0.016499061,NORMAL
7482,0.9778925,0.0057838187,0.016323637,NORMAL
7483,0.9800123,0.0032829,0.016704785,NORMAL
7484,0.97679186,0.002891501,0.020316618,NORMAL
7485,0.9787116,0.0024544022,0.018833987,NORMAL
7486,0.97904474,0.0023744476,0.018580806,NORMAL
7487,0.98068607,0.0022391372,0.017074836,NORMAL
7488,0.9903198,0.0079186605,0.001761503,NORMAL
7489,0.9671432,0.030274987,0.0025819032,NORMAL
7490,0.97990686,0.010535701,0.009557463,NORMAL
7491,0.9823354,0.0045683067,0.013096329,NORMAL
7492,0.9829232,0.0027764104,0.014300422,NORMAL
7493,0.98288536,0.002271549,0.014843069,NORMAL
7494,0.97649527,0.0028744065,0.020630343,CRITICAL
7495,0.9791145,0.0024269994,0.018458579,CRITICAL
7496,0.9816661,0.0022462956,0.016087605,NORMAL
7497,0.9891599,0.008981841,0.0018582962,NORMAL
7498,0.9667494,0.030641818,0.0026087286,NORMAL
7499,0.9805316,0.010597124,0.008871315,NORMAL
7500,0.9826487,0.004560083,0.012791229,NORMAL
7501,0.9832838,0.0027489709,0.013967203,NORMAL
7502,0.9829434,0.0022693332,0.0147872325,NORMAL
7503,0.9832009,0.002154993,0.014644053,NORMAL
7504,0.9821482,0.0021916558,0.015660174,NORMAL
7505,0.98217505,0.0021536502,0.015671335,NORMAL
7506,0.9893469,0.008820324,0.0018327328,NORMAL
7507,0.9672798,0.030146284,0.0025738892,NORMAL
7508,0.98107165,0.010429642,0.008498739,NORMAL
7509,0.98351,0.0045112413,0.011978843,NORMAL
7510,0.98384225,0.0027349202,0.013422819,NORMAL
7511,0.98397124,0.0022199845,0.013808756,NORMAL
7512,0.9835659,0.0021403097,0.014293765,NORMAL
7513,0.98353744,0.0021166066,0.014346018,NORMAL
7514,0.9836161,0.0021333643,0.014250571,NORMAL
7515,0.98771787,0.009985705,0.002296354,NORMAL
7516,0.9572519,0.03938119,0.0033669514,NORMAL
7517,0.97741175,0.013198808,0.009389431,NORMAL
7518,0.982412,0.0053419913,0.01224605,NORMAL
7519,0.98377156,0.0029846642,0.013243784,NORMAL
7520,0.8927028,0.010162953,0.09713425,CRITICAL
7521,0.86115456,0.012617072,0.12622833,CRITICAL
7522,0.9460537,0.005258007,0.048688237,CRITICAL
7523,0.97260666,0.0030762972,0.024317028,CRITICAL
7524,0.9908618,0.0070505133,0.0020876946,NORMAL
7525,0.94038707,0.056864575,0.002748359,NORMAL
7526,0.9713123,0.018641865,0.010045844,NORMAL
7527,0.9795395,0.007119597,0.013340903,NORMAL
7528,0.98264617,0.003611568,0.013742281,NORMAL
7529,0.9835782,0.002559159,0.013862695,NORMAL
7530,0.979185,0.0027197844,0.018095225,NORMAL
7531,0.9819013,0.0023429731,0.015755717,NORMAL
7532,0.9827832,0.002205065,0.015011754,NORMAL
7533,0.9920208,0.005889106,0.0020901365,NORMAL
7534,0.9624289,0.03467203,0.0028991094,NORMAL
7535,0.9776244,0.012054273,0.010321407,NORMAL
7536,0.9819163,0.005131926,0.012951737,NORMAL
7537,0.9833592,0.0030152665,0.013625531,NORMAL
7538,0.9833485,0.0024065073,0.014244985,NORMAL
7539,0.9832704,0.0022909842,0.014438569,NORMAL
7540,0.98346686,0.00218139,0.014351673,NORMAL
7541,0.9823419,0.0022465764,0.015411512,NORMAL
7542,0.99690765,0.0014043581,0.0016879641,NORMAL
7543,0.9615263,0.03622987,0.0022438508,NORMAL
7544,0.97312355,0.012412281,0.014464173,NORMAL
7545,0.979277,0.005192073,0.015530875,NORMAL
7546,0.98075575,0.0030844249,0.016159857,NORMAL
7547,0.9811994,0.0024521304,0.016348552,NORMAL
7548,0.9807627,0.0022611758,0.01697614,NORMAL
7549,0.9812014,0.0022051558,0.016593438,NORMAL
7550,0.981166,0.0022310186,0.016602967,NORMAL
7551,0.99699223,0.001365962,0.0016418139,NORMAL
7552,0.9617673,0.036002126,0.0022305716,NORMAL
7553,0.9731623,0.012343882,0.014493869,NORMAL
7554,0.9792887,0.005171553,0.015539784,NORMAL
7555,0.98075926,0.0030782688,0.01616253,NORMAL
7556,0.9812004,0.0024502836,0.016349353,NORMAL
7557,0.9797691,0.002279426,0.017951468,NORMAL
7558,0.9809034,0.0022106306,0.016886035,NORMAL
7559,0.9812436,0.002189992,0.016566405,NORMAL
7560,0.9912349,0.006676624,0.0020884806,NORMAL
7561,0.9623844,0.034794834,0.0028208075,NORMAL
7562,0.97764826,0.012020493,0.010331292,NORMAL
7563,0.98177254,0.0050811805,0.013146251,NORMAL
7564,0.982426,0.0030647328,0.014509244,NORMAL
7565,0.9784657,0.002796082,0.018738259,NORMAL
7566,0.98155046,0.0023558387,0.016093662,NORMAL
7567,0.9829432,0.002181784,0.014874963,NORMAL
7568,0.9810163,0.0022618067,0.016721897,NORMAL
7569,0.99131304,0.006598261,0.0020886452,NORMAL
7570,0.96168184,0.03495299,0.0033651874,NORMAL
7571,0.974177,0.012361646,0.013461431,NORMAL
7572,0.979962,0.005282005,0.014756054,NORMAL
7573,0.9827043,0.003060143,0.014235577,NORMAL
7574,0.9833561,0.002440346,0.014203619,NORMAL
7575,0.98369527,0.0022353148,0.0140694585,NORMAL
7576,0.98335004,0.002216634,0.014433356,NORMAL
7577,0.9823818,0.002226076,0.015392089,NORMAL
7578,0.9911088,0.0068419278,0.0020492438,NORMAL
7579,0.9681875,0.02890502,0.0029074568,NORMAL
7580,0.97917724,0.010200041,0.010622726,NORMAL
7581,0.9825375,0.004535701,0.012926828,NORMAL
7582,0.98194087,0.002918203,0.015140885,NORMAL
7583,0.9829726,0.0023905798,0.014636798,NORMAL
7584,0.9836135,0.002220458,0.014165988,NORMAL
7585,0.98322153,0.0022269362,0.01455155,NORMAL
7586,0.9831726,0.0021697143,0.014657661,NORMAL
7587,0.99102193,0.0068900487,0.002088032,NORMAL
7588,0.9631661,0.034010377,0.0028234632,NORMAL
7589,0.9779792,0.011785377,0.010235365,NORMAL
7590,0.9815546,0.005055839,0.013389508,NORMAL
7591,0.98277044,0.0030185988,0.014210997,NORMAL
7592,0.98348767,0.0023933267,0.0141190095,NORMAL
7593,0.98261225,0.0022437489,0.01514394,NORMAL
7594,0.9832959,0.0021482303,0.014555818,NORMAL
7595,0.9827446,0.0021706414,0.015084755,NORMAL
7596,0.99699223,0.001365962,0.0016418139,NORMAL
7597,0.9618151,0.035978574,0.0022063502,NORMAL
7598,0.9724731,0.012407467,0.015119521,NORMAL
7599,0.9787327,0.0051898826,0.016077463,NORMAL
7600,0.9805924,0.0030837678,0.016323833,NORMAL
7601,0.9811963,0.0024520354,0.016351614,NORMAL
7602,0.98100877,0.0022827475,0.016708465,NORMAL
7603,0.9807665,0.0022535152,0.01697996,NORMAL
7604,0.9812026,0.0022028575,0.016594583,NORMAL
7605,0.9969496,0.0013853086,0.0016650667,NORMAL
7606,0.9622499,0.035535604,0.0022144835,NORMAL
7607,0.9731238,0.012203512,0.014672656,NORMAL
7608,0.9785316,0.0051278495,0.016340515,NORMAL
7609,0.98017174,0.003107385,0.016720824,NORMAL
7610,0.9729957,0.0025492136,0.02445511,NORMAL
7611,0.94370925,0.0028650372,0.05342572,NORMAL
7612,0.9695766,0.002428202,0.02799514,NORMAL
7613,0.97803384,0.002255682,0.019710526,NORMAL
7614,0.9911219,0.0067898743,0.0020882427,NORMAL
7615,0.9674971,0.029489482,0.003013465,NORMAL
7616,0.9782971,0.010447388,0.011255573,NORMAL
7617,0.9822048,0.004609758,0.013185432,NORMAL
7618,0.98301744,0.0028576981,0.014124869,NORMAL
7619,0.9827424,0.0024143935,0.014843196,NORMAL
7620,0.9834192,0.0021996042,0.014381237,NORMAL
7621,0.9837414,0.0021354228,0.0141231315,NORMAL
7622,0.98034203,0.0023100288,0.01734794,NORMAL
7623,0.99086446,0.007040212,0.0020953247,NORMAL
7624,0.9632374,0.033936612,0.002826042,NORMAL
7625,0.97721,0.011755974,0.011034082,NORMAL
7626,0.9814549,0.005057749,0.013487361,NORMAL
7627,0.9826679,0.0030561797,0.014275851,NORMAL
7628,0.98306507,0.002435061,0.01449988,NORMAL
7629,0.9831561,0.0022771931,0.014566673,NORMAL
7630,0.9835698,0.0021708324,0.014259417,NORMAL
7631,0.98289776,0.002124887,0.014977412,NORMAL
7632,0.99029994,0.007890587,0.001809492,NORMAL
7633,0.96749204,0.029941244,0.002566695,NORMAL
7634,0.98131657,0.010368493,0.008314922,NORMAL
7635,0.9832905,0.0045118486,0.012197622,NORMAL
7636,0.9839858,0.002836415,0.013177854,NORMAL
7637,0.97962034,0.0028423716,0.017537337,CRITICAL
7638,0.98235375,0.0023272252,0.01531909,NORMAL
7639,0.96717286,0.00330855,0.029518545,CRITICAL
7640,0.97834444,0.002490159,0.019165441,CRITICAL
7641,0.98469895,0.013501765,0.0017992578,NORMAL
7642,0.9658854,0.031550717,0.0025638468,NORMAL
7643,0.98052037,0.010850705,0.008628983,NORMAL
7644,0.98325723,0.004637385,0.012105416,NORMAL
7645,0.9840783,0.0027733888,0.013148345,NORMAL
7646,0.9839127,0.0022781931,0.013809102,NORMAL
7647,0.9834811,0.0021784727,0.014340468,NORMAL
7648,0.9832573,0.0021483519,0.014594403,NORMAL
7649,0.9758513,0.0028917412,0.021256998,CRITICAL
7650,0.99699223,0.001365962,0.0016418139,NORMAL
7651,0.9620497,0.035743315,0.002206957,NORMAL
7652,0.97308165,0.012265865,0.014652462,NORMAL
7653,0.9793645,0.005148362,0.01548711,NORMAL
7654,0.9810713,0.0030719545,0.015856802,NORMAL
7655,0.98158336,0.0024490322,0.015967712,NORMAL
7656,0.98173696,0.0022621555,0.016000982,NORMAL
7657,0.9815964,0.0022056778,0.016197909,NORMAL
7658,0.98163974,0.0021889247,0.016171359,NORMAL
7659,0.99626106,0.0016980207,0.002040931,NORMAL
7660,0.9620433,0.035629418,0.0023272429,NORMAL
7661,0.9731866,0.012231937,0.014581498,NORMAL
7662,0.97939605,0.0051381835,0.01546582,NORMAL
7663,0.98079145,0.003068258,0.01614034,NORMAL
7664,0.9807354,0.00250291,0.016761726,NORMAL
7665,0.98129594,0.0022779042,0.016426131,NORMAL
7666,0.98146415,0.0022104024,0.016325453,NORMAL
7667,0.9815146,0.002190152,0.01629525,NORMAL
7668,0.99699223,0.001365962,0.0016418139,NORMAL
7669,0.96226263,0.0355298,0.0022075076,NORMAL
7670,0.9732045,0.012201943,0.014593553,NORMAL
7671,0.97930133,0.0051289713,0.015569689,NORMAL
7672,0.98014015,0.0030641102,0.01679576,NORMAL
7673,0.98111737,0.0024462643,0.016436342,NORMAL
7674,0.9808459,0.0022596554,0.016894473,NORMAL
7675,0.9807645,0.0022036727,0.017031912,NORMAL
7676,0.981202,0.0021879047,0.016610168,NORMAL
7677,0.99699223,0.001365962,0.0016418139,NORMAL
7678,0.9575157,0.040289074,0.0021952318,NORMAL
7679,0.97132194,0.013686687,0.01499139,NORMAL
7680,0.97837436,0.005638994,0.015986636,NORMAL
7681,0.98019946,0.0032752668,0.016525332,NORMAL
7682,0.9810325,0.002509383,0.016458195,NORMAL
7683,0.98095965,0.0022999519,0.01674044,NORMAL
7684,0.98000616,0.0022140006,0.017779883,NORMAL
7685,0.9810772,0.0021912314,0.016731579,NORMAL
7686,0.9903859,0.0073869913,0.0022271029,NORMAL
7687,0.9411057,0.056066707,0.002827573,NORMAL
7688,0.97036386,0.018448688,0.011187442,NORMAL
7689,0.97914636,0.007082242,0.013771403,NORMAL
7690,0.98245955,0.0036002141,0.013940182,NORMAL
7691,0.9828674,0.0026480323,0.0144845545,NORMAL
7692,0.9834185,0.0022973367,0.014284164,NORMAL
7693,0.9834045,0.0021640211,0.01443143,NORMAL
7694,0.98232645,0.00218599,0.015487496,NORMAL
7695,0.995877,0.0019779473,0.0021450592,NORMAL
7696,0.9449868,0.05220282,0.0028104503,NORMAL
7697,0.97120273,0.017308993,0.011488329,NORMAL
7698,0.97678506,0.0070257913,0.016189175,NORMAL
7699,0.98070204,0.0036011408,0.01569685,NORMAL
7700,0.982594,0.0025674992,0.014838498,NORMAL
7701,0.9801186,0.002457788,0.017423684,NORMAL
7702,0.98164666,0.002323366,0.016030002,NORMAL
7703,0.98075795,0.0024140822,0.016827876,NORMAL
7704,0.99719054,0.0012493163,0.0015601777,NORMAL
7705,0.96915865,0.02832206,0.002519293,NORMAL
7706,0.98116994,0.0099865105,0.008843496,NORMAL
7707,0.98308855,0.004424229,0.012487201,NORMAL
7708,0.98411506,0.0027096171,0.013175381,NORMAL
7709,0.98391986,0.0022595578,0.013820596,NORMAL
7710,0.9833889,0.0021726775,0.014438442,NORMAL
7711,0.98332393,0.002146818,0.01452927,NORMAL
7712,0.98315275,0.0021387306,0.014708566,NORMAL
7713,0.99712163,0.0012799137,0.0015983877,NORMAL
7714,0.96961224,0.027884161,0.0025035858,NORMAL
7715,0.97694004,0.01057936,0.01248059,NORMAL
7716,0.9690211,0.0055512004,0.025427727,CRITICAL
7717,0.979545,0.0030924361,0.017362628,CRITICAL
7718,0.98261106,0.0023664485,0.015022509,NORMAL
7719,0.98215365,0.0022107817,0.01563562,NORMAL
7720,0.98311377,0.002137748,0.014748575,NORMAL
7721,0.983921,0.0021378153,0.013941227,NORMAL
7722,0.99699223,0.001365962,0.0016418139,NORMAL
7723,0.9612632,0.036482766,0.0022540425,NORMAL
7724,0.9729046,0.012487833,0.014607513,NORMAL
7725,0.97877383,0.0052138036,0.016012294,NORMAL
7726,0.9806594,0.0030910657,0.016249496,NORMAL
7727,0.9811704,0.0024541225,0.016375443,NORMAL
7728,0.9809859,0.0022622887,0.016751848,NORMAL
7729,0.98069865,0.0022042233,0.017097129,NORMAL
7730,0.9813789,0.0021885072,0.016432572,NORMAL
7731,0.99690765,0.0014043581,0.0016879641,NORMAL
7732,0.96200573,0.035773408,0.002220754,NORMAL
7733,0.97312737,0.012275026,0.014597527,NORMAL
7734,0.9791374,0.0051505957,0.015711872,NORMAL
7735,0.98071384,0.0030719817,0.016214157,NORMAL
7736,0.98118675,0.0024483975,0.01636484,NORMAL
7737,0.981696,0.0022621385,0.01604187,NORMAL
7738,0.98174745,0.002206036,0.016046481,NORMAL
7739,0.98126495,0.002215799,0.01651931,NORMAL
7740,0.9906247,0.007187941,0.0021873647,NORMAL
7741,0.9628787,0.034268595,0.0028527079,NORMAL
7742,0.9772463,0.01193145,0.010822255,NORMAL
7743,0.9808441,0.0051916903,0.013964249,NORMAL
7744,0.9829417,0.0030607183,0.013997648,NORMAL
7745,0.978305,0.0029586088,0.018736508,NORMAL
7746,0.9813632,0.0024822373,0.016154595,NORMAL
7747,0.98199594,0.0023942566,0.01560984,NORMAL
7748,0.9819981,0.0022436583,0.015758233,NORMAL
7749,0.9899596,0.0076591987,0.0023811802,NORMAL
7750,0.94724506,0.049724422,0.0030304543,NORMAL
7751,0.96973443,0.017042883,0.013222716,NORMAL
7752,0.9776664,0.0068459683,0.015487733,NORMAL
7753,0.9792444,0.0038703969,0.016885225,NORMAL
7754,0.981735,0.0027352474,0.015529692,NORMAL
7755,0.98301893,0.0022956505,0.014685346,NORMAL
7756,0.9816636,0.0024378356,0.015898509,NORMAL
7757,0.98017246,0.0024737867,0.017353779,NORMAL
7758,0.9970668,0.0013516975,0.0015815414,NORMAL
7759,0.9695958,0.027905695,0.002498532,NORMAL
7760,0.9809065,0.00986075,0.009232668,NORMAL
7761,0.98331994,0.004340292,0.01233977,NORMAL
7762,0.9840971,0.002684261,0.0132186515,NORMAL
7763,0.98408055,0.0022307152,0.0136887245,NORMAL
7764,0.98304576,0.0021423446,0.014811946,NORMAL
7765,0.98263633,0.0021156212,0.015248069,NORMAL
7766,0.9823914,0.002134555,0.015474059,NORMAL
7767,0.9966961,0.0015240129,0.0017798631,NORMAL
7768,0.956332,0.04020826,0.0034597178,NORMAL
7769,0.9775711,0.013532128,0.008896798,NORMAL
7770,0.98176056,0.005440585,0.012798874,NORMAL
7771,0.9830174,0.0030131214,0.013969497,NORMAL
7772,0.98313165,0.0023280801,0.014540196,NORMAL
7773,0.9827611,0.0021715541,0.015067387,NORMAL
7774,0.9831462,0.0021256593,0.014728099,NORMAL
7775,0.9834115,0.0021122114,0.014476319,NORMAL
7776,0.9905302,0.007242431,0.0022274274,NORMAL
7777,0.9630322,0.03366974,0.0032980791,NORMAL
7778,0.9766606,0.011850842,0.011488566,NORMAL
7779,0.98112386,0.0050754007,0.013800728,NORMAL
7780,0.9825369,0.0030171815,0.014445917,NORMAL
7781,0.9821303,0.0024449292,0.015424795,NORMAL
7782,0.9821692,0.002245205,0.015585618,NORMAL
7783,0.9815999,0.0022898393,0.01611013,NORMAL
7784,0.98120284,0.0022414033,0.016555633,NORMAL
7785,0.99112403,0.006787707,0.002088247,NORMAL
7786,0.9602569,0.036791522,0.0029515997,NORMAL
7787,0.9768802,0.012641497,0.010478296,NORMAL
7788,0.98142004,0.00526722,0.013312729,NORMAL
7789,0.9794664,0.00327068,0.017262967,NORMAL
7790,0.9811418,0.0025369665,0.016321253,NORMAL
7791,0.9824765,0.0022783857,0.015245101,NORMAL
7792,0.9830853,0.0022327187,0.014681998,NORMAL
7793,0.98007715,0.0025146536,0.017408147,NORMAL
7794,0.9971095,0.0012921637,0.0015983682,NORMAL
7795,0.71116054,0.26861766,0.020221787,CRITICAL
7796,0.9040462,0.08210878,0.013845062,NORMAL
7797,0.960106,0.026041312,0.013852726,NORMAL
7798,0.9772203,0.009194742,0.0135850385,NORMAL
7799,0.98221666,0.0041584023,0.013624994,NORMAL
7800,0.9831326,0.0027220342,0.014145387,NORMAL
7801,0.983991,0.002292374,0.013716629,NORMAL
7802,0.9835719,0.0021620265,0.014266126,NORMAL
7803,0.99715096,0.0012669325,0.0015821757,NORMAL
7804,0.96962106,0.027880266,0.0024987222,NORMAL
7805,0.981802,0.009834249,0.008363821,NORMAL
7806,0.98364174,0.004332448,0.012025867,NORMAL
7807,0.984281,0.0026820828,0.013036981,NORMAL
7808,0.98447275,0.0021869733,0.013340316,NORMAL
7809,0.9838095,0.0021306055,0.014059983,NORMAL
7810,0.9836105,0.0021136953,0.014275884,NORMAL
7811,0.98345774,0.0021084228,0.014433904,NORMAL
7812,0.98974305,0.00783418,0.0024227395,NORMAL
7813,0.9586869,0.037992906,0.0033202106,NORMAL
7814,0.9765072,0.012979134,0.01051367,NORMAL
7815,0.98086,0.0054399595,0.013700098,NORMAL
7816,0.9824535,0.0031591358,0.014387324,NORMAL
7817,0.9823146,0.0025379278,0.015147406,NORMAL
7818,0.9816637,0.002429563,0.015906695,NORMAL
7819,0.9803513,0.0025400745,0.017108643,NORMAL
7820,0.98206055,0.0022359346,0.01570352,NORMAL
7821,0.9912349,0.006676624,0.0020884806,NORMAL
7822,0.96171725,0.035464127,0.0028186063,NORMAL
7823,0.9762119,0.012286806,0.011501247,NORMAL
7824,0.9810431,0.0051817046,0.013775174,NORMAL
7825,0.9817251,0.0031660125,0.015108942,NORMAL
7826,0.98302853,0.0024521025,0.014519313,NORMAL
7827,0.98218423,0.00235472,0.015461031,NORMAL
7828,0.9832517,0.002181702,0.014566588,NORMAL
7829,0.9828375,0.0021718293,0.01499065,NORMAL
7830,0.990706,0.007074148,0.002219783,NORMAL
7831,0.96128166,0.03577294,0.002945379,NORMAL
7832,0.974463,0.012479058,0.013057954,NORMAL
7833,0.9805755,0.0052903923,0.014134094,NORMAL
7834,0.9821652,0.0031243197,0.01471054,NORMAL
7835,0.9824922,0.0024755928,0.0150322635,NORMAL
7836,0.98292935,0.0022556642,0.014815052,NORMAL
7837,0.9829546,0.0021508697,0.014894556,NORMAL
7838,0.98167044,0.0022146294,0.01611494,NORMAL
7839,0.9909055,0.007006688,0.0020877868,NORMAL
7840,0.94561815,0.051314283,0.0030675305,NORMAL
7841,0.9706645,0.017309569,0.012025898,NORMAL
7842,0.9797958,0.006668157,0.013536048,NORMAL
7843,0.98197097,0.0035653627,0.014463695,NORMAL
7844,0.98318774,0.0025448948,0.014267387,NORMAL
7845,0.9831562,0.0023315968,0.01451217,NORMAL
7846,0.98326445,0.0022018808,0.014533663,NORMAL
7847,0.98230577,0.0022200544,0.015474173,NORMAL
7848,0.99007684,0.007665714,0.0022574242,NORMAL
7849,0.95935816,0.03744497,0.0031969328,NORMAL
7850,0.9752468,0.01303119,0.011722042,NORMAL
7851,0.9795462,0.005612887,0.01484094,NORMAL
7852,0.9821285,0.003202073,0.014669407,NORMAL
7853,0.983235,0.002435908,0.014329101,NORMAL
7854,0.98280334,0.0022044224,0.014992233,NORMAL
7855,0.9787569,0.002583517,0.018659644,NORMAL
7856,0.9817067,0.002249234,0.016044145,NORMAL
7857,0.9909113,0.007000961,0.002087799,NORMAL
7858,0.9423518,0.054864366,0.0027838754,NORMAL
7859,0.97029865,0.018137587,0.011563773,NORMAL
7860,0.9793172,0.007005721,0.0136770485,NORMAL
7861,0.9823643,0.0036046673,0.0140309995,NORMAL
7862,0.98144066,0.0026696278,0.015889684,NORMAL
7863,0.9812032,0.002390802,0.016406035,NORMAL
7864,0.98215055,0.0022875313,0.015561823,NORMAL
7865,0.98260033,0.0021601715,0.015239473,NORMAL
7866,0.99699223,0.001365962,0.0016418139,NORMAL
7867,0.96153283,0.036237165,0.0022299567,NORMAL
7868,0.97323084,0.012414706,0.014354449,NORMAL
7869,0.97895896,0.005233435,0.015807662,NORMAL
7870,0.9807063,0.0030969358,0.016196763,NORMAL
7871,0.9808732,0.0024551917,0.01667155,NORMAL
7872,0.981249,0.0022844542,0.016466588,NORMAL
7873,0.98101926,0.0022330906,0.01674767,NORMAL
7874,0.98113394,0.002196409,0.016669707,NORMAL
7875,0.99684215,0.0014341191,0.0017237352,NORMAL
7876,0.9622176,0.035550248,0.002232084,NORMAL
7877,0.97329736,0.012208318,0.014494323,NORMAL
7878,0.978924,0.0051778797,0.015898107,NORMAL
7879,0.979579,0.0031351214,0.01728588,NORMAL
7880,0.9808463,0.0024673394,0.016686358,NORMAL
7881,0.98141474,0.002267423,0.016317893,NORMAL
7882,0.9804516,0.0022479198,0.017300524,NORMAL
7883,0.9806005,0.0022000507,0.017199488,NORMAL
7884,0.9915309,0.006474617,0.0019944727,NORMAL
7885,0.96269,0.03451666,0.0027933205,NORMAL
7886,0.9772514,0.011906606,0.010841985,NORMAL
7887,0.9816865,0.005074281,0.013239226,NORMAL
7888,0.9826395,0.0030237595,0.014336687,NORMAL
7889,0.9831108,0.0024345499,0.014454644,NORMAL
7890,0.9831979,0.002248572,0.014553518,NORMAL
7891,0.98342407,0.0021495754,0.01442633,NORMAL
7892,0.98294115,0.002146393,0.014912505,NORMAL
7893,0.9907382,0.0071743955,0.002087434,NORMAL
7894,0.9556818,0.04107781,0.0032403911,NORMAL
7895,0.97566086,0.0139054395,0.010433701,NORMAL
7896,0.9795331,0.0058748215,0.014592115,NORMAL
7897,0.9795289,0.003633523,0.016837567,NORMAL
7898,0.9819374,0.0026574824,0.015405049,NORMAL
7899,0.9829372,0.0022720157,0.014790755,NORMAL
7900,0.9835041,0.002169279,0.014326641,NORMAL
7901,0.98236406,0.0022529806,0.015382949,NORMAL
7902,0.9909581,0.006894614,0.0021472655,NORMAL
7903,0.9376174,0.059457634,0.002924921,NORMAL
7904,0.96747506,0.019675516,0.012849399,NORMAL
7905,0.9785434,0.00742319,0.014033408,NORMAL
7906,0.9813793,0.0037464215,0.014874274,NORMAL
7907,0.9801977,0.0029349518,0.016867321,NORMAL
7908,0.9806123,0.0026388327,0.016748928,NORMAL
7909,0.9793227,0.0026450213,0.018032426,NORMAL
7910,0.98130393,0.0022664587,0.016429586,NORMAL
7911,0.98446375,0.011872708,0.003663457,NORMAL
7912,0.9606339,0.036071926,0.0032942267,NORMAL
7913,0.97516555,0.012558303,0.01227621,NORMAL
7914,0.9803493,0.0053443233,0.014306351,NORMAL
7915,0.9803408,0.003411273,0.01624798,NORMAL
7916,0.974832,0.003435307,0.0217327,NORMAL
7917,0.97969365,0.00263026,0.017676072,NORMAL
7918,0.98230314,0.0022916489,0.015405182,NORMAL
7919,0.98268217,0.002188659,0.015129153,NORMAL
7920,0.99717003,0.0013003184,0.001529615,NORMAL
7921,0.99672747,0.0016299811,0.0016425322,NORMAL
7922,0.9970785,0.0013579105,0.0015635535,NORMAL
7923,0.99718714,0.0012730358,0.0015398649,NORMAL
7924,0.997123,0.0013142698,0.0015627545,NORMAL
7925,0.9969326,0.0014061193,0.0016612514,NORMAL
7926,0.9970988,0.0013320587,0.001569106,NORMAL
7927,0.9972014,0.0012570735,0.001541543,NORMAL
7928,0.99723214,0.0012345779,0.0015332742,NORMAL
7929,0.9972453,0.0012249369,0.0015297305,NORMAL
7930,0.9972453,0.0012249369,0.0015297305,NORMAL
7931,0.9972312,0.0012390604,0.001529709,NORMAL
7932,0.9967926,0.0015647213,0.0016426399,NORMAL
7933,0.99710953,0.0013268723,0.0015636033,NORMAL
7934,0.99675846,0.0015887513,0.0016528121,NORMAL
7935,0.9970638,0.0013544945,0.0015817422,NORMAL
7936,0.99701655,0.001408232,0.0015752083,NORMAL
7937,0.99705714,0.0013695916,0.0015733343,NORMAL
7938,0.99706465,0.0013955713,0.0015398213,NORMAL
7939,0.9970606,0.0013996523,0.001539815,NORMAL
7940,0.9970782,0.0013820681,0.001539842,NORMAL
7941,0.99680436,0.0015532317,0.0016424793,NORMAL
7942,0.99685156,0.0015055811,0.001642926,NORMAL
7943,0.99695075,0.0014786478,0.0015706755,NORMAL
7944,0.99703777,0.0014131393,0.0015490887,NORMAL
7945,0.9970381,0.0014192302,0.0015425731,NORMAL
7946,0.9970139,0.0014454466,0.0015405809,NORMAL
7947,0.9970578,0.0014024641,0.0015398107,NORMAL
7948,0.99697196,0.0014366729,0.0015914018,NORMAL
7949,0.9970368,0.0014079018,0.0015552954,NORMAL
7950,0.997071,0.0013845429,0.0015444861,NORMAL
7951,0.99695826,0.001460138,0.0015816805,NORMAL
7952,0.9970474,0.0014002138,0.0015524017,NORMAL
7953,0.9969248,0.0014632705,0.0016119602,NORMAL
7954,0.9968528,0.0015134546,0.0016337129,NORMAL
7955,0.996879,0.0014807509,0.0016403173,NORMAL
7956,0.99682885,0.0015377227,0.0016334556,NORMAL
7957,0.99692565,0.0014931493,0.0015812439,NORMAL
7958,0.99703765,0.0014101173,0.0015522707,NORMAL
7959,0.9969334,0.0014935208,0.0015730845,NORMAL
7960,0.99687755,0.001504366,0.0016181435,NORMAL
7961,0.99699897,0.0014249212,0.0015761564,NORMAL
7962,0.99670756,0.0016018072,0.0016906278,NORMAL
7963,0.9969157,0.0014832038,0.0016010819,NORMAL
7964,0.99691427,0.0014759657,0.0016097588,NORMAL
7965,0.9970049,0.0014323739,0.0015627051,NORMAL
7966,0.996989,0.0014644191,0.0015465973,NORMAL
7967,0.99700016,0.0014419873,0.0015578727,NORMAL
7968,0.99695075,0.0014671338,0.0015821762,NORMAL
7969,0.9970331,0.001414399,0.0015525317,NORMAL
7970,0.99697894,0.0014614897,0.0015595992,NORMAL
7971,0.99692893,0.0014737509,0.0015973072,NORMAL
7972,0.9968589,0.0015185311,0.0016226111,NORMAL
7973,0.9970176,0.0014177317,0.0015646808,NORMAL
7974,0.99708563,0.001374532,0.0015398536,NORMAL
7975,0.9970709,0.0013892595,0.001539831,NORMAL
7976,0.9968529,0.001520741,0.0016263411,NORMAL
7977,0.9968211,0.0015237408,0.001655172,NORMAL
7978,0.99692786,0.001484383,0.001587766,NORMAL
7979,0.99703836,0.0014074873,0.0015542273,NORMAL
7980,0.9970572,0.0013986926,0.0015441438,NORMAL
7981,0.99700797,0.0014349201,0.0015571169,NORMAL
7982,0.996945,0.0014583921,0.0015965743,NORMAL
7983,0.9969602,0.0014770943,0.0015626351,NORMAL
7984,0.997048,0.0014053007,0.001546688,NORMAL
7985,0.99703616,0.0014219645,0.001541845,NORMAL
7986,0.99694204,0.0014615847,0.0015963675,NORMAL
7987,0.9969338,0.0014934505,0.001572722,NORMAL
7988,0.99702585,0.0014244815,0.0015496921,NORMAL
7989,0.9970534,0.0014037909,0.0015427831,NORMAL
7990,0.997076,0.0013833097,0.0015407325,NORMAL
7991,0.99697924,0.001467425,0.0015533948,NORMAL
7992,0.99710363,0.0013153492,0.0015809801,NORMAL
7993,0.99704665,0.0013412336,0.0016120918,NORMAL
7994,0.9970865,0.0013231145,0.0015903136,NORMAL
7995,0.9970985,0.0013176788,0.0015837802,NORMAL
7996,0.99707246,0.0013295322,0.0015980268,NORMAL
7997,0.9970943,0.0013196041,0.0015860941,NORMAL
7998,0.99710083,0.0013166256,0.0015825144,NORMAL
7999,0.9970173,0.0013545544,0.001628103,NORMAL
8000,0.9970777,0.0013271108,0.0015951169,NORMAL
8001,0.99710363,0.0013153492,0.0015809801,NORMAL
8002,0.99710363,0.0013153492,0.0015809801,NORMAL
8003,0.99710363,0.0013153492,0.0015809801,NORMAL
8004,0.99710363,0.0013153492,0.0015809801,NORMAL
8005,0.99710363,0.0013153492,0.0015809801,NORMAL
8006,0.99710363,0.0013153492,0.0015809801,NORMAL
8007,0.99710363,0.0013153492,0.0015809801,NORMAL
8008,0.99710363,0.0013153492,0.0015809801,NORMAL
8009,0.99710363,0.0013153492,0.0015809801,NORMAL
8010,0.99710363,0.0013153492,0.0015809801,NORMAL
8011,0.99710363,0.0013153492,0.0015809801,NORMAL
8012,0.99710363,0.0013153492,0.0015809801,NORMAL
8013,0.9970386,0.0013449086,0.0016165089,NORMAL
8014,0.99705446,0.0013377012,0.0016078454,NORMAL
8015,0.9970889,0.0013220548,0.0015890397,NORMAL
8016,0.9970992,0.0013173609,0.001583398,NORMAL
8017,0.99707264,0.0013294369,0.0015979122,NORMAL
8018,0.99709433,0.0013195756,0.0015860598,NORMAL
8019,0.99710363,0.0013153492,0.0015809801,NORMAL
8020,0.99710363,0.0013153492,0.0015809801,NORMAL
8021,0.99710363,0.0013153492,0.0015809801,NORMAL
8022,0.99710363,0.0013153492,0.0015809801,NORMAL
8023,0.99710363,0.0013153492,0.0015809801,NORMAL
8024,0.9970749,0.0013283915,0.0015966558,NORMAL
8025,0.997095,0.001319262,0.0015856829,NORMAL
8026,0.9970231,0.0013519347,0.0016249532,NORMAL
8027,0.9970795,0.0013263249,0.0015941721,NORMAL
8028,0.997018,0.0014208662,0.0015611994,NORMAL
8029,0.9969426,0.0014750415,0.0015824349,NORMAL
8030,0.9968581,0.0015169858,0.0016248553,NORMAL
8031,0.99687445,0.0014952302,0.0016303216,NORMAL
8032,0.99696815,0.0014343862,0.0015974964,NORMAL
8033,0.99699616,0.0014307314,0.001573146,NORMAL
8034,0.9969534,0.001445153,0.0016014024,NORMAL
8035,0.9969381,0.0014750737,0.0015867903,NORMAL
8036,0.9970414,0.0014046945,0.0015539346,NORMAL
8037,0.9967632,0.0015789986,0.0016577205,NORMAL
8038,0.99673635,0.0015921353,0.0016715126,NORMAL
8039,0.9969102,0.0014970908,0.0015926803,NORMAL
8040,0.99665403,0.0016148359,0.0017310734,NORMAL
8041,0.99695617,0.0014466232,0.0015972196,NORMAL
8042,0.99702734,0.0014157118,0.0015570334,NORMAL
8043,0.99699754,0.0014441637,0.0015583367,NORMAL
8044,0.99701446,0.0014401826,0.0015453295,NORMAL
8045,0.9968858,0.0015212962,0.001592939,NORMAL
8046,0.9972065,0.0012422092,0.0015513021,NORMAL
8047,0.997133,0.0013161455,0.0015508435,NORMAL
8048,0.99721164,0.0012522995,0.0015360643,NORMAL
8049,0.99712014,0.0013336269,0.0015462497,NORMAL
8050,0.99710125,0.0013494242,0.0015493187,NORMAL
8051,0.9971863,0.001278101,0.0015355828,NORMAL
8052,0.9972276,0.0012408862,0.0015314862,NORMAL
8053,0.99711,0.0013290393,0.0015608798,NORMAL
8054,0.9971906,0.0012702912,0.0015390537,NORMAL
8055,0.99711514,0.0013342205,0.0015506682,NORMAL
8056,0.9972063,0.001257722,0.0015360117,NORMAL
8057,0.9972336,0.0012347725,0.0015316148,NORMAL
8058,0.9971924,0.001277471,0.00153022,NORMAL
8059,0.9971171,0.0013384115,0.0015445007,NORMAL
8060,0.99720687,0.0012589793,0.0015341615,NORMAL
8061,0.99723375,0.0012351497,0.0015310597,NORMAL
8062,0.99719197,0.0012628734,0.0015451941,NORMAL
8063,0.9971906,0.0012600309,0.0015494516,NORMAL
8064,0.9970174,0.0014429339,0.0015397483,NORMAL
8065,0.9970436,0.0014166425,0.0015397887,NORMAL
8066,0.99705875,0.0014014391,0.0015398121,NORMAL
8067,0.9970179,0.0014423021,0.0015397491,NORMAL
8068,0.997051,0.001409137,0.0015398002,NORMAL
8069,0.9970535,0.0014066703,0.001539804,NORMAL
8070,0.9970617,0.0013984474,0.0015398167,NORMAL
8071,0.9970567,0.0014034634,0.001539809,NORMAL
8072,0.9970205,0.0014237007,0.0015558363,NORMAL
8073,0.99706525,0.0013949234,0.0015398222,NORMAL
8074,0.99702966,0.0014306004,0.0015397673,NORMAL
8075,0.9970546,0.0014056265,0.0015398057,NORMAL
8076,0.9970076,0.0014365294,0.0015558162,NORMAL
8077,0.9970357,0.0014196717,0.0015446014,NORMAL
8078,0.9969797,0.0014630714,0.0015572201,NORMAL
8079,0.99699736,0.001441583,0.0015610596,NORMAL
8080,0.99704486,0.0014089213,0.0015461934,NORMAL
8081,0.9970591,0.0013991228,0.0015417335,NORMAL
8082,0.996897,0.0015137492,0.0015892182,NORMAL
8083,0.9969785,0.0014493885,0.0015721106,NORMAL
8084,0.99702394,0.0014090511,0.0015670112,NORMAL
8085,0.99705577,0.0013962365,0.0015479834,NORMAL
8086,0.99694383,0.0014792989,0.0015768465,NORMAL
8087,0.9969063,0.0014705041,0.0016232573,NORMAL
8088,0.9970246,0.0014105327,0.0015648635,NORMAL
8089,0.9969493,0.001451855,0.001598897,NORMAL
8090,0.9970448,0.0013977289,0.0015575667,NORMAL
8091,0.9969957,0.0014431158,0.0015611646,NORMAL
8092,0.9970228,0.0014159463,0.0015612071,NORMAL
8093,0.99702203,0.0014317173,0.0015461906,NORMAL
8094,0.9970218,0.0014365425,0.0015416855,NORMAL
8095,0.9968728,0.0015145909,0.0016126155,NORMAL
8096,0.99688494,0.0014810917,0.0016339881,NORMAL
8097,0.9969721,0.0014423868,0.0015855371,NORMAL
8098,0.99702203,0.0014069506,0.0015710392,NORMAL
8099,0.9970592,0.00139163,0.0015491978,NORMAL
8100,0.9969632,0.001477961,0.0015588613,NORMAL
8101,0.9969156,0.0014873433,0.0015970716,NORMAL
8102,0.99697495,0.0014680735,0.0015569269,NORMAL
8103,0.99697566,0.0014634578,0.0015609398,NORMAL
8104,0.99700487,0.001449091,0.0015461058,NORMAL
8105,0.99696773,0.0014772273,0.0015550223,NORMAL
8106,0.9970382,0.0014174271,0.0015443856,NORMAL
8107,0.9970236,0.0014352818,0.0015411396,NORMAL
8108,0.9970105,0.0014332462,0.0015562354,NORMAL
8109,0.99685705,0.0014998979,0.0016430934,NORMAL
8110,0.99685144,0.0015234201,0.0016251372,NORMAL
8111,0.996939,0.001479643,0.0015814035,NORMAL
8112,0.99695015,0.0014570369,0.0015928061,NORMAL
8113,0.9969541,0.0014742811,0.0015716815,NORMAL
8114,0.9969474,0.0014898526,0.0015626871,NORMAL
8115,0.99697995,0.0014573007,0.0015626876,NORMAL
8116,0.9969206,0.0014811452,0.0015982195,NORMAL
8117,0.99702185,0.00142079,0.0015573413,NORMAL
8118,0.9972065,0.0012422092,0.0015513021,NORMAL
8119,0.9971571,0.0012920594,0.0015508808,NORMAL
8120,0.9967436,0.0016074221,0.0016489461,NORMAL
8121,0.9970948,0.0013396825,0.0015654952,NORMAL
8122,0.9971906,0.001268926,0.0015404453,NORMAL
8123,0.9972289,0.0012381336,0.0015329449,NORMAL
8124,0.9971988,0.0012553093,0.0015457727,NORMAL
8125,0.997095,0.0013554648,0.0015494735,NORMAL
8126,0.99705195,0.0013824498,0.0015656227,NORMAL
8127,0.9972453,0.0012249369,0.0015297305,NORMAL
8128,0.9971258,0.0013148822,0.0015593249,NORMAL
8129,0.9970565,0.0013749428,0.0015685167,NORMAL
8130,0.9971081,0.0013355403,0.0015563834,NORMAL
8131,0.99675524,0.0015940692,0.0016506416,NORMAL
8132,0.9970983,0.0013356766,0.0015660038,NORMAL
8133,0.99710965,0.0013498224,0.0015404721,NORMAL
8134,0.9967557,0.0015983538,0.0016458682,NORMAL
8135,0.9970073,0.0014134606,0.0015792281,NORMAL
8136,0.9970004,0.0014598148,0.0015397221,NORMAL
8137,0.99704576,0.0014143909,0.0015397922,NORMAL
8138,0.9970479,0.001412281,0.0015397953,NORMAL
8139,0.99698865,0.001458257,0.0015531415,NORMAL
8140,0.9970348,0.0014214063,0.0015438064,NORMAL
8141,0.99704456,0.0014143855,0.0015409996,NORMAL
8142,0.9970059,0.0014540163,0.0015400933,NORMAL
8143,0.9970474,0.0014126513,0.0015399035,NORMAL
8144,0.9969885,0.001458368,0.001553174,NORMAL
8145,0.9969632,0.001477961,0.0015588613,NORMAL
8146,0.99703467,0.0014198347,0.0015455339,NORMAL
8147,0.99702257,0.0014360041,0.001541484,NORMAL
8148,0.99700665,0.0014531238,0.00154025,NORMAL
8149,0.99703616,0.0014239007,0.0015399327,NORMAL
8150,0.997023,0.0014372239,0.0015398036,NORMAL
8151,0.99705255,0.0014076135,0.0015398166,NORMAL
8152,0.99706143,0.0013987304,0.0015398205,NORMAL
8153,0.9969927,0.0014541917,0.0015531491,NORMAL
8154,0.9970626,0.001333981,0.0016033739,NORMAL
8155,0.9970547,0.0013376059,0.0016077308,NORMAL
8156,0.99708897,0.0013220262,0.0015890053,NORMAL
8157,0.9970993,0.0013173523,0.0015833877,NORMAL
8158,0.9971023,0.0013159502,0.0015817024,NORMAL
8159,0.9970355,0.0013463104,0.0016181932,NORMAL
8160,0.9970832,0.0013246376,0.001592144,NORMAL
8161,0.9970975,0.0013181358,0.0015843293,NORMAL
8162,0.9971018,0.0013161852,0.0015819849,NORMAL
8163,0.99710363,0.0013153492,0.0015809801,NORMAL
8164,0.99710363,0.0013153492,0.0015809801,NORMAL
8165,0.99710363,0.0013153492,0.0015809801,NORMAL
8166,0.99707574,0.0013280129,0.0015962007,NORMAL
8167,0.99664354,0.001524308,0.0018321368,NORMAL
8168,0.99688876,0.0014129132,0.0016982467,NORMAL
8169,0.9970392,0.0013446184,0.0016161602,NORMAL
8170,0.9970556,0.0013371722,0.0016072098,NORMAL
8171,0.99708927,0.0013218961,0.001588849,NORMAL
8172,0.99700075,0.0013620985,0.0016371702,NORMAL
8173,0.9970728,0.001329374,0.0015978371,NORMAL
8174,0.99701756,0.0013544329,0.0016279567,NORMAL
8175,0.9970778,0.0013270744,0.0015950731,NORMAL
8176,0.99706715,0.0013319091,0.0016008837,NORMAL
8177,0.9970927,0.0013203172,0.0015869512,NORMAL
8178,0.9970716,0.0013298818,0.0015984471,NORMAL
8179,0.99709404,0.001319709,0.0015862202,NORMAL
8180,0.9970729,0.0013293208,0.0015977728,NORMAL
8181,0.9970107,0.0013575769,0.0016317356,NORMAL
8182,0.9970758,0.0013280176,0.0015962068,NORMAL
8183,0.9970953,0.0013191497,0.0015855482,NORMAL
8184,0.9971011,0.0013164894,0.0015823506,NORMAL
8185,0.99710286,0.0013156913,0.0015813913,NORMAL
8186,0.9971034,0.0013154518,0.0015811035,NORMAL
8187,0.9971036,0.00131538,0.0015810172,NORMAL
8188,0.99693537,0.0013917806,0.001672846,NORMAL
8189,0.99705315,0.0013382786,0.0016085398,NORMAL
8190,0.99701995,0.0013533727,0.0016266817,NORMAL
8191,0.99691844,0.0013994811,0.0016821021,NORMAL
8192,0.9970481,0.0013405888,0.0016113168,NORMAL
8193,0.9970485,0.0013404127,0.001611105,NORMAL
8194,0.9970486,0.0013403598,0.0016110415,NORMAL
8195,0.9970871,0.0013228524,0.0015899986,NORMAL
8196,0.9970987,0.0013176003,0.0015836856,NORMAL
8197,0.99710214,0.0013160246,0.0015817918,NORMAL
8198,0.9971032,0.0013155518,0.0015812237,NORMAL
8199,0.99710363,0.0013153492,0.0015809801,NORMAL
8200,0.99710363,0.0013153492,0.0015809801,NORMAL
8201,0.99710363,0.0013153492,0.0015809801,NORMAL
8202,0.99710363,0.0013153492,0.0015809801,NORMAL
8203,0.99710363,0.0013153492,0.0015809801,NORMAL
8204,0.99710363,0.0013153492,0.0015809801,NORMAL
8205,0.99710363,0.0013153492,0.0015809801,NORMAL
8206,0.99710363,0.0013153492,0.0015809801,NORMAL
8207,0.99710363,0.0013153492,0.0015809801,NORMAL
8208,0.9972065,0.0012422092,0.0015513021,NORMAL
8209,0.99677366,0.0015605738,0.0016658357,NORMAL
8210,0.9970497,0.0013496873,0.0016006085,NORMAL
8211,0.9971595,0.0012744527,0.0015660941,NORMAL
8212,0.99721956,0.0012397916,0.0015406396,NORMAL
8213,0.9967959,0.001541498,0.0016626685,NORMAL
8214,0.9970833,0.0013319958,0.0015847122,NORMAL
8215,0.99718523,0.0012685149,0.0015462075,NORMAL
8216,0.9972273,0.0012380104,0.0015346736,NORMAL
8217,0.9972228,0.001247534,0.001529696,NORMAL
8218,0.9965431,0.0017285949,0.0017283664,NORMAL
8219,0.9970189,0.0013918523,0.0015892971,NORMAL
8220,0.9971247,0.0013277786,0.0015475196,NORMAL
8221,0.99713254,0.0013177302,0.0015497461,NORMAL
8222,0.99694264,0.001411815,0.0016455844,NORMAL
8223,0.9970461,0.001374726,0.0015791162,NORMAL
8224,0.997159,0.001281676,0.001559286,NORMAL
8225,0.99719226,0.0012540492,0.0015536974,NORMAL
8226,0.9970477,0.001412447,0.0015397951,NORMAL
8227,0.99707425,0.0013859065,0.001539836,NORMAL
8228,0.9970491,0.0014110605,0.0015397973,NORMAL
8229,0.9970553,0.0014048766,0.0015398068,NORMAL
8230,0.9970169,0.0014433335,0.0015397475,NORMAL
8231,0.9970268,0.0014333742,0.0015397628,NORMAL
8232,0.99706805,0.0013921848,0.0015398264,NORMAL
8233,0.9970356,0.0014245888,0.0015397763,NORMAL
8234,0.99707067,0.0013895491,0.0015398304,NORMAL
8235,0.99708563,0.001374532,0.0015398536,NORMAL
8236,0.9970783,0.0013819045,0.0015398422,NORMAL
8237,0.99697804,0.001430505,0.0015914112,NORMAL
8238,0.99703866,0.0014060513,0.0015552982,NORMAL
8239,0.99699306,0.001431218,0.0015756867,NORMAL
8240,0.99692106,0.0014560799,0.0016229094,NORMAL
8241,0.99687856,0.0014844006,0.001637042,NORMAL
8242,0.99701214,0.0014188413,0.0015689926,NORMAL
8243,0.99705637,0.0013950339,0.0015485841,NORMAL
8244,0.996576,0.0017329359,0.0016909902,NORMAL
8245,0.9969225,0.001469438,0.0016080649,NORMAL
8246,0.99713266,0.0013141052,0.0015532067,NORMAL
8247,0.99717665,0.0012718092,0.0015515,NORMAL
8248,0.9972106,0.0012531221,0.0015362398,NORMAL
8249,0.99715304,0.0013153391,0.0015315578,NORMAL
8250,0.99720186,0.0012678755,0.0015302545,NORMAL
8251,0.99720573,0.0012496209,0.0015446275,NORMAL
8252,0.99723345,0.0012323421,0.0015341996,NORMAL
8253,0.9970391,0.0013884763,0.0015724753,NORMAL
8254,0.9967234,0.0016044539,0.0016721877,NORMAL
8255,0.9968158,0.0015183522,0.001665847,NORMAL
8256,0.9970075,0.0014072824,0.0015851941,NORMAL
8257,0.99666643,0.00165799,0.0016755416,NORMAL
8258,0.99698055,0.0014313514,0.0015881301,NORMAL
8259,0.9971659,0.0012868613,0.0015472503,NORMAL
8260,0.99722147,0.0012435142,0.0015349864,NORMAL
8261,0.99710083,0.0013532467,0.0015458917,NORMAL
8262,0.99710363,0.0013153492,0.0015809801,NORMAL
8263,0.99710363,0.0013153492,0.0015809801,NORMAL
8264,0.9963314,0.0016660499,0.0020025033,NORMAL
8265,0.99687195,0.0014205594,0.0017074371,NORMAL
8266,0.99703413,0.0013469122,0.0016189172,NORMAL
8267,0.9970828,0.0013248181,0.0015923613,NORMAL
8268,0.9970974,0.0013181899,0.0015843945,NORMAL
8269,0.9971018,0.0013162014,0.0015820045,NORMAL
8270,0.9971031,0.0013156049,0.0015812875,NORMAL
8271,0.99645835,0.0016084345,0.0019332522,NORMAL
8272,0.9969101,0.0014032748,0.0016866617,NORMAL
8273,0.9970456,0.0013417269,0.0016126847,NORMAL
8274,0.99705833,0.0013359261,0.0016057121,NORMAL
8275,0.99709004,0.0013215223,0.0015883998,NORMAL
8276,0.9970995,0.0013172012,0.001583206,NORMAL
8277,0.9970745,0.0013285684,0.0015968685,NORMAL
8278,0.99709487,0.001319315,0.0015857466,NORMAL
8279,0.997101,0.001316539,0.0015824101,NORMAL
8280,0.99710363,0.0013153492,0.0015809801,NORMAL
8281,0.99710363,0.0013153492,0.0015809801,NORMAL
8282,0.99710363,0.0013153492,0.0015809801,NORMAL
8283,0.99710363,0.0013153492,0.0015809801,NORMAL
8284,0.99710363,0.0013153492,0.0015809801,NORMAL
8285,0.99710363,0.0013153492,0.0015809801,NORMAL
8286,0.99710363,0.0013153492,0.0015809801,NORMAL
8287,0.99710363,0.0013153492,0.0015809801,NORMAL
8288,0.99710363,0.0013153492,0.0015809801,NORMAL
8289,0.99710363,0.0013153492,0.0015809801,NORMAL
8290,0.99710363,0.0013153492,0.0015809801,NORMAL
8291,0.99710363,0.0013153492,0.0015809801,NORMAL
8292,0.99710363,0.0013153492,0.0015809801,NORMAL
8293,0.99710363,0.0013153492,0.0015809801,NORMAL
8294,0.99710363,0.0013153492,0.0015809801,NORMAL
8295,0.99710363,0.0013153492,0.0015809801,NORMAL
8296,0.99710363,0.0013153492,0.0015809801,NORMAL
8297,0.99704665,0.0013412336,0.0016120918,NORMAL
8298,0.99710363,0.0013153492,0.0015809801,NORMAL
8299,0.99710363,0.0013153492,0.0015809801,NORMAL
8300,0.99710363,0.0013153492,0.0015809801,NORMAL
8301,0.99710363,0.0013153492,0.0015809801,NORMAL
8302,0.99704665,0.0013412336,0.0016120918,NORMAL
8303,0.9970865,0.0013231145,0.0015903136,NORMAL
8304,0.9970698,0.0013307211,0.0015994558,NORMAL
8305,0.99709344,0.0013199608,0.0015865229,NORMAL
8306,0.9971006,0.0013167327,0.001582643,NORMAL
8307,0.99710363,0.0013153492,0.0015809801,NORMAL
8308,0.99710363,0.0013153492,0.0015809801,NORMAL
8309,0.99710363,0.0013153492,0.0015809801,NORMAL
8310,0.99710363,0.0013153492,0.0015809801,NORMAL
8311,0.9970749,0.0013283915,0.0015966558,NORMAL
8312,0.997038,0.0013451463,0.0016167945,NORMAL
8313,0.99708396,0.0013242883,0.0015917245,NORMAL
8314,0.99709773,0.001318031,0.0015842034,NORMAL
8315,0.9971019,0.0013161538,0.0015819471,NORMAL
8316,0.9969632,0.001477961,0.0015588613,NORMAL
8317,0.99698925,0.0014652587,0.0015454638,NORMAL
8318,0.99703014,0.0014282905,0.0015414957,NORMAL
8319,0.9970183,0.0014413774,0.001540268,NORMAL
8320,0.9969797,0.0014669858,0.0015532833,NORMAL
8321,0.9970248,0.0014139315,0.0015613638,NORMAL
8322,0.9970557,0.0013980395,0.0015462887,NORMAL
8323,0.9970624,0.0013958582,0.0015417621,NORMAL
8324,0.99691033,0.0014977201,0.0015918853,NORMAL
8325,0.99708563,0.001374532,0.0015398536,NORMAL
8326,0.996979,0.0014679537,0.0015531263,NORMAL
8327,0.9970271,0.001429099,0.0015437944,NORMAL
8328,0.99704635,0.0014126588,0.0015410023,NORMAL
8329,0.9970665,0.0013933425,0.0015401868,NORMAL
8330,0.99703515,0.0014249361,0.0015398845,NORMAL
8331,0.997053,0.0013896291,0.0015573623,NORMAL
8332,0.9970759,0.0013790611,0.0015451062,NORMAL
8333,0.996997,0.001448291,0.0015547348,NORMAL
8334,0.9970055,0.001436376,0.0015580908,NORMAL
8335,0.99699247,0.0014462251,0.0015613011,NORMAL
8336,0.9969523,0.0014498011,0.0015978488,NORMAL
8337,0.99698913,0.001437602,0.0015732482,NORMAL
8338,0.99687815,0.0015037566,0.0016181663,NORMAL
8339,0.9970234,0.0014132995,0.0015633474,NORMAL
8340,0.99697137,0.0014658776,0.0015628365,NORMAL
8341,0.9970393,0.0014140222,0.0015467298,NORMAL
8342,0.99706006,0.0013980668,0.0015418986,NORMAL
8343,0.9967445,0.0015921142,0.0016633921,NORMAL
8344,0.9968779,0.0014935678,0.0016284762,NORMAL
8345,0.9968613,0.0015039477,0.0016347617,NORMAL
8346,0.9969369,0.001479925,0.0015832147,NORMAL
8347,0.99702895,0.0014182364,0.0015528433,NORMAL
8348,0.9970192,0.0014210462,0.0015597576,NORMAL
8349,0.99702984,0.0014093254,0.001560785,NORMAL
8350,0.9970689,0.00138497,0.0015461331,NORMAL
8351,0.99700856,0.0014158812,0.0015754953,NORMAL
8352,0.99706525,0.0013949234,0.0015398222,NORMAL
8353,0.99706525,0.0013949234,0.0015398222,NORMAL
8354,0.99706525,0.0013949234,0.0015398222,NORMAL
8355,0.9970071,0.0014531838,0.0015397324,NORMAL
8356,0.99702394,0.0014362804,0.0015397586,NORMAL
8357,0.99705285,0.0014073305,0.0015398031,NORMAL
8358,0.997028,0.0014322528,0.0015397647,NORMAL
8359,0.9969827,0.0014642484,0.0015531324,NORMAL
8360,0.9970405,0.0014157209,0.0015438152,NORMAL
8361,0.99706525,0.0013949234,0.0015398222,NORMAL
8362,0.9969139,0.0014919278,0.0015941558,NORMAL
8363,0.9970198,0.0014240247,0.0015561222,NORMAL
8364,0.9970367,0.0014185999,0.0015446891,NORMAL
8365,0.9970492,0.0014095091,0.0015412706,NORMAL
8366,0.9970604,0.0013992991,0.0015402567,NORMAL
8367,0.99706376,0.0013962361,0.0015399525,NORMAL
8368,0.9970194,0.0014407412,0.0015397912,NORMAL
8369,0.9970515,0.0014086687,0.0015398129,NORMAL
8370,0.99710363,0.0013153492,0.0015809801,NORMAL
8371,0.99710363,0.0013153492,0.0015809801,NORMAL
8372,0.9970367,0.0013457442,0.0016175129,NORMAL
8373,0.99708354,0.0013244677,0.00159194,NORMAL
8374,0.9970697,0.0013307484,0.0015994887,NORMAL
8375,0.99709344,0.001319969,0.0015865327,NORMAL
8376,0.99707186,0.0013297774,0.0015983216,NORMAL
8377,0.9970941,0.0013196777,0.0015861825,NORMAL
8378,0.9970661,0.0013324205,0.0016014982,NORMAL
8379,0.99710363,0.0013153492,0.0015809801,NORMAL
8380,0.99701816,0.0013541715,0.0016276427,NORMAL
8381,0.997078,0.0013269959,0.0015949789,NORMAL
8382,0.9970593,0.0013355103,0.0016052122,NORMAL
8383,0.99700266,0.0013612331,0.00163613,NORMAL
8384,0.99707335,0.0013291144,0.0015975251,NORMAL
8385,0.9970945,0.0013194787,0.0015859436,NORMAL
8386,0.99705076,0.0013393459,0.0016098223,NORMAL
8387,0.99672765,0.0014861011,0.0017862141,NORMAL
8388,0.9969893,0.001471001,0.0015397049,NORMAL
8389,0.9970186,0.0014416745,0.00153975,NORMAL
8390,0.9969981,0.001462203,0.0015397185,NORMAL
8391,0.9970302,0.0014300533,0.001539768,NORMAL
8392,0.9970398,0.0014204084,0.0015397829,NORMAL
8393,0.99704576,0.0014144307,0.001539792,NORMAL
8394,0.9970594,0.0014007756,0.0015398131,NORMAL
8395,0.9970486,0.0014116252,0.0015397964,NORMAL
8396,0.9969145,0.0014734161,0.0016121042,NORMAL
8397,0.9970546,0.001405613,0.0015398057,NORMAL
8398,0.99700385,0.0014563907,0.0015397274,NORMAL
8399,0.9970199,0.0014403523,0.0015397521,NORMAL
8400,0.9970325,0.0014276397,0.0015397717,NORMAL
8401,0.9970554,0.0014047383,0.0015398071,NORMAL
8402,0.9969735,0.0014707249,0.0015557628,NORMAL
8403,0.99699235,0.001463088,0.0015445342,NORMAL
8404,0.99702847,0.0014303188,0.0015412127,NORMAL
8405,0.9970304,0.001429421,0.0015402026,NORMAL
8406,0.99710363,0.0013153492,0.0015809801,NORMAL
8407,0.99710363,0.0013153492,0.0015809801,NORMAL
8408,0.99710363,0.0013153492,0.0015809801,NORMAL
8409,0.99710363,0.0013153492,0.0015809801,NORMAL
8410,0.99710363,0.0013153492,0.0015809801,NORMAL
8411,0.99710363,0.0013153492,0.0015809801,NORMAL
8412,0.99710363,0.0013153492,0.0015809801,NORMAL
8413,0.99710363,0.0013153492,0.0015809801,NORMAL
8414,0.99710363,0.0013153492,0.0015809801,NORMAL
8415,0.99710363,0.0013153492,0.0015809801,NORMAL
8416,0.99710363,0.0013153492,0.0015809801,NORMAL
8417,0.99710363,0.0013153492,0.0015809801,NORMAL
8418,0.99710363,0.0013153492,0.0015809801,NORMAL
8419,0.99710363,0.0013153492,0.0015809801,NORMAL
8420,0.99710363,0.0013153492,0.0015809801,NORMAL
8421,0.99710363,0.0013153492,0.0015809801,NORMAL
8422,0.99710363,0.0013153492,0.0015809801,NORMAL
8423,0.99710363,0.0013153492,0.0015809801,NORMAL
8424,0.996851,0.0014454833,0.0017034644,NORMAL
8425,0.99712706,0.0012911009,0.0015818507,NORMAL
8426,0.9972021,0.001252555,0.0015453547,NORMAL
8427,0.9967129,0.0016235478,0.0016635504,NORMAL
8428,0.99697053,0.0014450013,0.0015844955,NORMAL
8429,0.99715513,0.0012987253,0.0015461482,NORMAL
8430,0.99679303,0.0015173581,0.0016895799,NORMAL
8431,0.9970247,0.0013829335,0.0015923514,NORMAL
8432,0.9971714,0.0012801049,0.0015485049,NORMAL
8433,0.99637705,0.0018741412,0.0017487486,NORMAL
8434,0.9969771,0.0014274672,0.0015954241,NORMAL
8435,0.99671406,0.0016072157,0.0016786894,NORMAL
8436,0.99611783,0.0018809878,0.0020011575,NORMAL
8437,0.99686205,0.0014461582,0.0016917366,NORMAL
8438,0.9971226,0.0012990723,0.0015783205,NORMAL
8439,0.9972085,0.0012471776,0.0015443075,NORMAL
8440,0.99722654,0.0012393781,0.0015340918,NORMAL
8441,0.99684644,0.0014426709,0.0017108587,NORMAL
8442,0.9970638,0.0013334402,0.0016027238,NORMAL
8443,0.99705327,0.001338268,0.0016085271,NORMAL
8444,0.99708855,0.0013222249,0.0015892442,NORMAL
8445,0.9970991,0.0013174119,0.0015834593,NORMAL
8446,0.99710226,0.001315968,0.0015817239,NORMAL
8447,0.9971032,0.0013155348,0.0015812033,NORMAL
8448,0.9971035,0.0013154049,0.0015810471,NORMAL
8449,0.9971036,0.0013153659,0.0015810002,NORMAL
8450,0.9970652,0.0013328458,0.0016020101,NORMAL
8451,0.99710363,0.0013153492,0.0015809801,NORMAL
8452,0.99710363,0.0013153492,0.0015809801,NORMAL
8453,0.99707574,0.0013280129,0.0015962007,NORMAL
8454,0.9970952,0.0013191483,0.0015855463,NORMAL
8455,0.9971011,0.001316489,0.00158235,NORMAL
8456,0.99710286,0.0013156912,0.0015813911,NORMAL
8457,0.9971034,0.0013154518,0.0015811034,NORMAL
8458,0.9971036,0.00131538,0.0015810172,NORMAL
8459,0.99710363,0.0013153584,0.0015809912,NORMAL
8460,0.99703836,0.0014218407,0.0015397806,NORMAL
8461,0.9970715,0.0013887247,0.0015398317,NORMAL
8462,0.9969957,0.00145119,0.0015531525,NORMAL
8463,0.9970444,0.0014118034,0.0015438213,NORMAL
8464,0.9970467,0.001412254,0.0015410029,NORMAL
8465,0.9969883,0.0014582488,0.0015535038,NORMAL
8466,0.9970299,0.0014261876,0.0015439077,NORMAL
8467,0.9969983,0.0014473065,0.0015543989,NORMAL
8468,0.9970236,0.0014172036,0.0015591774,NORMAL
8469,0.99708563,0.001374532,0.0015398536,NORMAL
8470,0.99699473,0.0014520985,0.0015531509,NORMAL
8471,0.9968905,0.0014934237,0.0016160976,NORMAL
8472,0.99696493,0.0014549353,0.0015801563,NORMAL
8473,0.9968533,0.0015038748,0.0016428527,NORMAL
8474,0.99689186,0.0015111831,0.0015970103,NORMAL
8475,0.9969957,0.0014297769,0.0015744776,NORMAL
8476,0.9970321,0.001417646,0.0015501998,NORMAL
8477,0.9969629,0.0014808879,0.0015562301,NORMAL
8478,0.99710363,0.0013153492,0.0015809801,NORMAL
8479,0.99710363,0.0013153492,0.0015809801,NORMAL
8480,0.99710363,0.0013153492,0.0015809801,NORMAL
8481,0.99661076,0.0015392089,0.0018500475,NORMAL
8482,0.99695575,0.0013825072,0.0016617004,NORMAL
8483,0.9970593,0.0013354965,0.0016051962,NORMAL
8484,0.99709034,0.0013213934,0.0015882449,NORMAL
8485,0.99709964,0.0013171625,0.0015831596,NORMAL
8486,0.99710244,0.0013158933,0.0015816339,NORMAL
8487,0.99710363,0.0013153492,0.0015809801,NORMAL
8488,0.99710363,0.0013153492,0.0015809801,NORMAL
8489,0.99710363,0.0013153492,0.0015809801,NORMAL
8490,0.99710363,0.0013153492,0.0015809801,NORMAL
8491,0.99661076,0.0015392089,0.0018500475,NORMAL
8492,0.99695575,0.0013825072,0.0016617004,NORMAL
8493,0.99703056,0.0013485389,0.001620872,NORMAL
8494,0.99708176,0.0013253061,0.0015929476,NORMAL
8495,0.9970971,0.0013183362,0.0015845704,NORMAL
8496,0.99710363,0.0013153492,0.0015809801,NORMAL
8497,0.99710363,0.0013153492,0.0015809801,NORMAL
8498,0.99710363,0.0013153492,0.0015809801,NORMAL
8499,0.99710363,0.0013153492,0.0015809801,NORMAL
8500,0.99710363,0.0013153492,0.0015809801,NORMAL
8501,0.99710363,0.0013153492,0.0015809801,NORMAL
8502,0.9970749,0.0013283915,0.0015966558,NORMAL
8503,0.9970584,0.0013359289,0.0016057154,NORMAL
8504,0.9970622,0.0013341868,0.0016036213,NORMAL
8505,0.99710363,0.0013153492,0.0015809801,NORMAL
8506,0.99701816,0.0013541715,0.0016276427,NORMAL
8507,0.997078,0.0013269959,0.0015949789,NORMAL
8508,0.99709594,0.0013188432,0.0015851797,NORMAL
8509,0.9971013,0.0013163975,0.00158224,NORMAL
8510,0.997103,0.0013156637,0.001581358,NORMAL
8511,0.99710345,0.0013154435,0.0015810935,NORMAL
8512,0.9971036,0.0013153775,0.0015810141,NORMAL
8513,0.99710363,0.0013153577,0.0015809904,NORMAL
8514,0.9970541,0.0013378817,0.0016080622,NORMAL
8515,0.9970888,0.001322109,0.0015891048,NORMAL
8516,0.99705577,0.0013370771,0.0016070952,NORMAL
8517,0.9970459,0.0013415675,0.0016124924,NORMAL
8518,0.9970863,0.0013232147,0.0015904338,NORMAL
8519,0.99709845,0.0013177089,0.0015838163,NORMAL
8520,0.9971021,0.001316057,0.0015818309,NORMAL
8521,0.9970753,0.0013282252,0.0015964559,NORMAL
8522,0.9970951,0.001319212,0.0015856229,NORMAL
8523,0.99710363,0.0013153492,0.0015809801,NORMAL
8524,0.99710363,0.0013153492,0.0015809801,NORMAL
8525,0.99701554,0.0013553835,0.0016290987,NORMAL
8526,0.9970485,0.0013404018,0.0016110914,NORMAL
8527,0.9970871,0.001322865,0.0015900135,NORMAL
8528,0.997062,0.001334271,0.0016037227,NORMAL
8529,0.9970912,0.0013210258,0.0015878029,NORMAL
8530,0.9970565,0.0013367521,0.0016067047,NORMAL
8531,0.9970616,0.0013344337,0.0016039182,NORMAL
8532,0.99710363,0.0013153492,0.0015809801,NORMAL
8533,0.9970749,0.0013283915,0.0015966558,NORMAL
8534,0.997095,0.001319262,0.0015856829,NORMAL
8535,0.99710107,0.0013165231,0.001582391,NORMAL
8536,0.9970174,0.0013545237,0.001628066,NORMAL
8537,0.9965226,0.0015792315,0.0018981519,NORMAL
8538,0.9969293,0.0013945139,0.0016761317,NORMAL
8539,0.9970226,0.0013521409,0.0016252013,NORMAL
8540,0.9970794,0.0013263867,0.0015942465,NORMAL
8541,0.9970222,0.001352327,0.0016254254,NORMAL
8542,0.99707925,0.0013264426,0.0015943137,NORMAL
8543,0.9970963,0.0013186772,0.0015849802,NORMAL
8544,0.9970513,0.0013391054,0.0016095332,NORMAL
8545,0.9969983,0.0013631564,0.001638441,NORMAL
8546,0.99707204,0.0013296914,0.0015982185,NORMAL
8547,0.99709415,0.0013196518,0.0015861517,NORMAL
8548,0.99710083,0.0013166401,0.0015825316,NORMAL
8549,0.9971028,0.0013157364,0.0015814456,NORMAL
8550,0.99710363,0.0013153492,0.0015809801,NORMAL
8551,0.99710363,0.0013153492,0.0015809801,NORMAL
8552,0.99710363,0.0013153492,0.0015809801,NORMAL
8553,0.99710363,0.0013153492,0.0015809801,NORMAL
8554,0.9970749,0.0013283915,0.0015966558,NORMAL
8555,0.997095,0.001319262,0.0015856829,NORMAL
8556,0.99710107,0.0013165231,0.001582391,NORMAL
8557,0.99710286,0.0013157014,0.0015814034,NORMAL
8558,0.9971034,0.0013154548,0.0015811071,NORMAL
8559,0.99710363,0.0013153492,0.0015809801,NORMAL
8560,0.99710363,0.0013153492,0.0015809801,NORMAL
8561,0.99710363,0.0013153492,0.0015809801,NORMAL
8562,0.99710363,0.0013153492,0.0015809801,NORMAL
8563,0.99710363,0.0013153492,0.0015809801,NORMAL
8564,0.99710363,0.0013153492,0.0015809801,NORMAL
8565,0.99710363,0.0013153492,0.0015809801,NORMAL
8566,0.99710363,0.0013153492,0.0015809801,NORMAL
8567,0.99710363,0.0013153492,0.0015809801,NORMAL
8568,0.99706835,0.0013917984,0.001539827,NORMAL
8569,0.9970423,0.0014179137,0.0015397867,NORMAL
8570,0.9970727,0.0013875465,0.0015398335,NORMAL
8571,0.9970112,0.0014357141,0.0015531767,NORMAL
8572,0.9969455,0.0014547695,0.0015997849,NORMAL
8573,0.9969326,0.0014833026,0.0015841108,NORMAL
8574,0.99696934,0.0014776802,0.0015530221,NORMAL
8575,0.996906,0.0014778859,0.001616097,NORMAL
8576,0.9970075,0.001416977,0.0015755424,NORMAL
8577,0.9970439,0.0014162749,0.0015397893,NORMAL
8578,0.9969275,0.0014810974,0.0015913303,NORMAL
8579,0.99703825,0.0014065016,0.0015552966,NORMAL
8580,0.99705935,0.0013962094,0.0015444679,NORMAL
8581,0.99700713,0.0014383129,0.0015545669,NORMAL
8582,0.99704456,0.0013936422,0.001561767,NORMAL
8583,0.99707335,0.0013802651,0.0015464276,NORMAL
8584,0.99691725,0.0014686803,0.0016140859,NORMAL
8585,0.99698853,0.0014319718,0.0015795771,NORMAL
8586,0.99710363,0.0013153492,0.0015809801,NORMAL
8587,0.99710363,0.0013153492,0.0015809801,NORMAL
8588,0.99710363,0.0013153492,0.0015809801,NORMAL
8589,0.99710363,0.0013153492,0.0015809801,NORMAL
8590,0.99710363,0.0013153492,0.0015809801,NORMAL
8591,0.99710363,0.0013153492,0.0015809801,NORMAL
8592,0.99710363,0.0013153492,0.0015809801,NORMAL
8593,0.99710363,0.0013153492,0.0015809801,NORMAL
8594,0.99710363,0.0013153492,0.0015809801,NORMAL
8595,0.99710363,0.0013153492,0.0015809801,NORMAL
8596,0.99710363,0.0013153492,0.0015809801,NORMAL
8597,0.99710363,0.0013153492,0.0015809801,NORMAL
8598,0.99710363,0.0013153492,0.0015809801,NORMAL
8599,0.99710363,0.0013153492,0.0015809801,NORMAL
8600,0.99710363,0.0013153492,0.0015809801,NORMAL
8601,0.99710363,0.0013153492,0.0015809801,NORMAL
8602,0.99710363,0.0013153492,0.0015809801,NORMAL
8603,0.99710363,0.0013153492,0.0015809801,NORMAL
8604,0.9970049,0.0014323739,0.0015627051,NORMAL
8605,0.9970349,0.001418425,0.0015466681,NORMAL
8606,0.9970226,0.0014355811,0.0015418243,NORMAL
8607,0.99705243,0.0014071207,0.0015404228,NORMAL
8608,0.9970614,0.0013985826,0.0015400024,NORMAL
8609,0.9969753,0.0014688782,0.0015558214,NORMAL
8610,0.99703825,0.0014171099,0.0015446219,NORMAL
8611,0.99704564,0.0014130967,0.0015412443,NORMAL
8612,0.99702585,0.0014339827,0.0015401971,NORMAL
8613,0.99706525,0.0013949234,0.0015398222,NORMAL
8614,0.99706525,0.0013949234,0.0015398222,NORMAL
8615,0.99706525,0.0013949234,0.0015398222,NORMAL
8616,0.99699277,0.0014337085,0.0015735786,NORMAL
8617,0.9969721,0.0014646852,0.0015632765,NORMAL
8618,0.99691373,0.0015098911,0.0015763863,NORMAL
8619,0.99697447,0.0014748378,0.0015507214,NORMAL
8620,0.9969666,0.0014770239,0.0015564194,NORMAL
8621,0.9970356,0.0014195535,0.0015448013,NORMAL
8622,0.99708563,0.001374532,0.0015398536,NORMAL
8623,0.9970783,0.0013819045,0.0015398422,NORMAL
8624,0.99689746,0.0014686815,0.0016338538,NORMAL
8625,0.996817,0.0015284314,0.0016545751,NORMAL
8626,0.9970051,0.0014207019,0.0015742701,NORMAL
8627,0.9970257,0.0014113057,0.0015629763,NORMAL
8628,0.99691796,0.0014630032,0.0016190751,NORMAL
8629,0.99696493,0.0014586729,0.0015763638,NORMAL
8630,0.99701357,0.0014206135,0.0015657669,NORMAL
8631,0.99708563,0.001374532,0.0015398536,NORMAL
8632,0.9969059,0.0014887655,0.0016053751,NORMAL
8633,0.99692637,0.0014625632,0.001611071,NORMAL
8634,0.99690104,0.0014654835,0.0016335248,NORMAL
8635,0.9967693,0.0015574429,0.0016733261,NORMAL
8636,0.99693656,0.0014676484,0.0015958949,NORMAL
8637,0.99694216,0.0014878627,0.0015699511,NORMAL
8638,0.9970006,0.0014199454,0.0015794046,NORMAL
8639,0.9970243,0.0014089951,0.0015666791,NORMAL
8640,0.99706525,0.0013949234,0.0015398222,NORMAL
8641,0.99706525,0.0013949234,0.0015398222,NORMAL
8642,0.99698585,0.0014609771,0.0015531372,NORMAL
8643,0.99697006,0.0014728657,0.0015571441,NORMAL
8644,0.9969742,0.0014648954,0.001561005,NORMAL
8645,0.9970044,0.0014495223,0.0015461254,NORMAL
8646,0.99704695,0.0014113031,0.0015417131,NORMAL
8647,0.9970066,0.0014530916,0.0015403074,NORMAL
8648,0.99704766,0.0014123739,0.0015399677,NORMAL
8649,0.9970546,0.001405613,0.0015398057,NORMAL
8650,0.997062,0.0013981303,0.0015398172,NORMAL
8651,0.9969928,0.0014540118,0.0015531481,NORMAL
8652,0.9970361,0.0014201327,0.0015438085,NORMAL
8653,0.9970442,0.0014147527,0.001540999,NORMAL
8654,0.9969875,0.0014589984,0.0015535026,NORMAL
8655,0.99704194,0.0014141459,0.0015439263,NORMAL
8656,0.9970583,0.0014006902,0.0015410534,NORMAL
8657,0.99703926,0.0014205812,0.0015401547,NORMAL
8658,0.99719465,0.0012540987,0.0015512838,NORMAL
8659,0.99709785,0.0013513329,0.0015508422,NORMAL
8660,0.9971266,0.0013007247,0.0015727427,NORMAL
8661,0.9971956,0.0012617968,0.0015426126,NORMAL
8662,0.99713033,0.0013214314,0.0015482376,NORMAL
8663,0.9971043,0.0013457657,0.0015499151,NORMAL
8664,0.99622786,0.0019712772,0.0018008735,NORMAL
8665,0.9969143,0.0014746117,0.001611034,NORMAL
8666,0.997146,0.0012998394,0.0015541215,NORMAL
8667,0.9971577,0.0013127637,0.0015295962,NORMAL
8668,0.99721086,0.0012594917,0.0015296778,NORMAL
8669,0.99716735,0.0013030625,0.001529611,NORMAL
8670,0.99722195,0.0012483746,0.0015296945,NORMAL
8671,0.99665415,0.001624154,0.0017217355,NORMAL
8672,0.9970414,0.0013565044,0.0016020718,NORMAL
8673,0.997176,0.0012726139,0.0015514204,NORMAL
8674,0.99680245,0.0015483877,0.001649198,NORMAL
8675,0.99711245,0.0013219721,0.0015655707,NORMAL
8676,0.9970222,0.001352327,0.0016254254,NORMAL
8677,0.9969845,0.0013694617,0.0016460198,NORMAL
8678,0.9970679,0.0013315829,0.001600492,NORMAL
8679,0.9970583,0.001335992,0.0016057912,NORMAL
8680,0.99705535,0.0013373147,0.0016073808,NORMAL
8681,0.99703217,0.0013478233,0.001620012,NORMAL
8682,0.99704754,0.0013408641,0.0016116471,NORMAL
8683,0.99704343,0.0013427036,0.0016138579,NORMAL
8684,0.9970286,0.00134944,0.0016219551,NORMAL
8685,0.9970612,0.0013346123,0.0016041325,NORMAL
8686,0.99709094,0.0013211281,0.0015879258,NORMAL
8687,0.9970998,0.0013170829,0.0015830639,NORMAL
8688,0.9971025,0.0013158694,0.0015816053,NORMAL
8689,0.99710333,0.0013155052,0.0015811677,NORMAL
8690,0.9971036,0.001315396,0.0015810364,NORMAL
8691,0.99710363,0.0013153632,0.001580997,NORMAL
8692,0.99710363,0.0013153534,0.0015809853,NORMAL
8693,0.99704665,0.0013412349,0.0016120933,NORMAL
8694,0.99710363,0.0013153492,0.0015809801,NORMAL
8695,0.99710363,0.0013153492,0.0015809801,NORMAL
8696,0.99707395,0.0013288334,0.0015971868,NORMAL
8697,0.99709475,0.0013193944,0.0015858421,NORMAL
8698,0.99710095,0.0013165628,0.0015824387,NORMAL
8699,0.99710286,0.0013157133,0.0015814177,NORMAL
8700,0.9970179,0.0013542809,0.001627774,NORMAL
8701,0.99703944,0.0013445202,0.0016160422,NORMAL
8702,0.9970844,0.0013241005,0.0015914987,NORMAL
8703,0.99698156,0.0013708097,0.0016476408,NORMAL
8704,0.997067,0.0013319873,0.0016009784,NORMAL
8705,0.99704254,0.0013430985,0.0016143327,NORMAL
8706,0.99708533,0.001323674,0.0015909859,NORMAL
8707,0.99709815,0.0013178466,0.0015839819,NORMAL
8708,0.997102,0.0013160985,0.0015818807,NORMAL
8709,0.99710315,0.001315574,0.0015812503,NORMAL
8710,0.99710345,0.0013154167,0.0015810612,NORMAL
8711,0.9971036,0.0013153695,0.0015810045,NORMAL
8712,0.996851,0.0014454833,0.0017034644,NORMAL
8713,0.99712706,0.0012911009,0.0015818507,NORMAL
8714,0.9972017,0.0012529929,0.001545354,NORMAL
8715,0.9972322,0.0012333537,0.0015344175,NORMAL
8716,0.9964435,0.0017781358,0.0017783503,NORMAL
8717,0.9969137,0.0014673951,0.0016189727,NORMAL
8718,0.99711925,0.0013094768,0.0015712429,NORMAL
8719,0.9972075,0.0012502989,0.0015421842,NORMAL
8720,0.9968438,0.0015097152,0.0016464812,NORMAL
8721,0.9971969,0.0012734008,0.0015296564,NORMAL
8722,0.99721503,0.0012552941,0.001529684,NORMAL
8723,0.9972281,0.0012422508,0.0015297041,NORMAL
8724,0.9972402,0.0012301311,0.0015297225,NORMAL
8725,0.99720836,0.0012469084,0.0015448154,NORMAL
8726,0.99719876,0.0012519417,0.0015493432,NORMAL
8727,0.9972042,0.0012451289,0.0015507145,NORMAL
8728,0.9972058,0.0012430851,0.0015511259,NORMAL
8729,0.9972335,0.0012303814,0.0015361491,NORMAL
8730,0.99698347,0.0013699308,0.0016465836,NORMAL
8731,0.99657476,0.0015555834,0.0018697286,NORMAL
8732,0.9969065,0.001404911,0.0016886286,NORMAL
8733,0.9970445,0.0013422178,0.0016132747,NORMAL
8734,0.9970859,0.0013234098,0.0015906685,NORMAL
8735,0.9970983,0.0013177674,0.0015838866,NORMAL
8736,0.99706733,0.0013318474,0.0016008095,NORMAL
8737,0.99703574,0.0013461831,0.0016180406,NORMAL
8738,0.9970546,0.0013376417,0.001607774,NORMAL
8739,0.99703205,0.0013478603,0.001620056,NORMAL
8740,0.9970252,0.001350987,0.0016238146,NORMAL
8741,0.9970801,0.0013260406,0.0015938305,NORMAL
8742,0.99709654,0.0013185566,0.0015848352,NORMAL
8743,0.99710155,0.0013163114,0.0015821366,NORMAL
8744,0.9970646,0.0013331294,0.001602351,NORMAL
8745,0.9970919,0.0013206833,0.0015873914,NORMAL
8746,0.9970105,0.0013576297,0.0016317985,NORMAL
8747,0.9970256,0.0013507912,0.0016235787,NORMAL
8748,0.99710363,0.0013153492,0.0015809801,NORMAL
8749,0.99710363,0.0013153492,0.0015809801,NORMAL
8750,0.99710363,0.0013153492,0.0015809801,NORMAL
8751,0.99710363,0.0013153492,0.0015809801,NORMAL
8752,0.99710363,0.0013153492,0.0015809801,NORMAL
8753,0.99710363,0.0013153492,0.0015809801,NORMAL
8754,0.99710363,0.0013153492,0.0015809801,NORMAL
8755,0.99710363,0.0013153492,0.0015809801,NORMAL
8756,0.9970652,0.0013328408,0.001602004,NORMAL
8757,0.99710363,0.0013153492,0.0015809801,NORMAL
8758,0.99710363,0.0013153492,0.0015809801,NORMAL
8759,0.99710363,0.0013153492,0.0015809801,NORMAL
8760,0.99701816,0.0013541715,0.0016276427,NORMAL
8761,0.997078,0.0013269959,0.0015949789,NORMAL
8762,0.99709594,0.0013188432,0.0015851797,NORMAL
8763,0.9970629,0.001333889,0.0016032639,NORMAL
8764,0.9970914,0.0013209111,0.0015876653,NORMAL
8765,0.9971,0.0013170178,0.0015829857,NORMAL
8766,0.9972453,0.0012249369,0.0015297305,NORMAL
8767,0.9972453,0.0012249369,0.0015297305,NORMAL
8768,0.9969693,0.0013793195,0.0016513442,NORMAL
8769,0.9970848,0.0013490771,0.0015660955,NORMAL
8770,0.99679613,0.0015502041,0.0016536363,NORMAL
8771,0.99703395,0.0013844578,0.0015815811,NORMAL
8772,0.99716246,0.0012922735,0.001545256,NORMAL
8773,0.9972123,0.0012533447,0.0015343756,NORMAL
8774,0.9967602,0.0015958077,0.0016439945,NORMAL
8775,0.9965664,0.0017425776,0.001690974,NORMAL
8776,0.9970159,0.0014060019,0.0015780642,NORMAL
8777,0.9971765,0.0012792564,0.0015442306,NORMAL
8778,0.99694866,0.0013956153,0.0016556942,NORMAL
8779,0.9966811,0.0016384888,0.00168039,NORMAL
8780,0.99707603,0.0013490026,0.0015749283,NORMAL
8781,0.99679345,0.0015501818,0.0016562862,NORMAL
8782,0.9971098,0.0013225104,0.0015676972,NORMAL
8783,0.9967726,0.0015484071,0.0016789426,NORMAL
8784,0.99705124,0.0013391593,0.0016095979,NORMAL
8785,0.99705124,0.0013391593,0.001609598,NORMAL
8786,0.99708796,0.0013224923,0.0015895655,NORMAL
8787,0.99705595,0.0013370083,0.001607013,NORMAL
8788,0.9970408,0.0013439048,0.0016153023,NORMAL
8789,0.9970848,0.0013239159,0.0015912768,NORMAL
8790,0.99709797,0.0013179192,0.0015840691,NORMAL
8791,0.9970449,0.0013420046,0.0016130185,NORMAL
8792,0.99704933,0.0013400129,0.0016106241,NORMAL
8793,0.99710363,0.0013153492,0.0015809801,NORMAL
8794,0.99710363,0.0013153492,0.0015809801,NORMAL
8795,0.9970749,0.0013283915,0.0015966558,NORMAL
8796,0.997095,0.001319262,0.0015856829,NORMAL
8797,0.99710107,0.0013165231,0.001582391,NORMAL
8798,0.9970459,0.0013415858,0.0016125151,NORMAL
8799,0.9970863,0.0013232202,0.0015904406,NORMAL
8800,0.9970697,0.0013307529,0.0015994939,NORMAL
8801,0.99709344,0.0013199704,0.0015865343,NORMAL
8802,0.99710363,0.0013153492,0.0015809801,NORMAL
8803,0.99710363,0.0013153492,0.0015809801,NORMAL
8804,0.99707574,0.0013280129,0.0015962007,NORMAL
8805,0.9970952,0.0013191483,0.0015855463,NORMAL
8806,0.9971011,0.001316489,0.00158235,NORMAL
8807,0.99710286,0.0013156912,0.0015813911,NORMAL
8808,0.9971034,0.0013154518,0.0015811034,NORMAL
8809,0.9971036,0.00131538,0.0015810172,NORMAL
8810,0.99710363,0.0013153584,0.0015809912,NORMAL
8811,0.99710363,0.0013153492,0.0015809801,NORMAL
8812,0.99710363,0.0013153492,0.0015809801,NORMAL
8813,0.99710363,0.0013153492,0.0015809801,NORMAL
8814,0.99710363,0.0013153492,0.0015809801,NORMAL
8815,0.99710363,0.0013153492,0.0015809801,NORMAL
8816,0.99661076,0.0015392089,0.0018500475,NORMAL
8817,0.99695575,0.0013825072,0.0016617004,NORMAL
8818,0.9970593,0.0013354965,0.0016051962,NORMAL
8819,0.99709034,0.0013213934,0.0015882449,NORMAL
8820,0.9972453,0.0012249369,0.0015297305,NORMAL
8821,0.9972453,0.0012249369,0.0015297305,NORMAL
8822,0.9972453,0.0012249369,0.0015297305,NORMAL
8823,0.99714524,0.0013103734,0.001544373,NORMAL
8824,0.9971993,0.0012666179,0.0015340988,NORMAL
8825,0.9972155,0.0012534913,0.0015310165,NORMAL
8826,0.9972286,0.0012412722,0.0015301045,NORMAL
8827,0.99721247,0.0012577112,0.0015298,NORMAL
8828,0.9971419,0.0013136689,0.001544404,NORMAL
8829,0.99711514,0.0013342205,0.0015506682,NORMAL
8830,0.9972063,0.001257722,0.0015360117,NORMAL
8831,0.9968388,0.0014689125,0.0016922259,NORMAL
8832,0.9970654,0.0013363553,0.0015981754,NORMAL
8833,0.99710023,0.001334861,0.0015649203,NORMAL
8834,0.9971903,0.0012693744,0.0015402699,NORMAL
8835,0.99720645,0.0012607337,0.001532858,NORMAL
8836,0.9972179,0.0012514939,0.0015306446,NORMAL
8837,0.9972151,0.0012549247,0.001529971,NORMAL
8838,0.9972453,0.0012249369,0.0015297305,NORMAL
8839,0.9972453,0.0012249369,0.0015297305,NORMAL
8840,0.9972259,0.0012444173,0.0015297008,NORMAL
8841,0.99713457,0.0013056842,0.0015597052,NORMAL
8842,0.9972121,0.0012491611,0.0015387229,NORMAL
8843,0.99680847,0.0015461522,0.0016453806,NORMAL
8844,0.9971143,0.0013213016,0.0015644255,NORMAL
8845,0.99720603,0.0012538463,0.001540139,NORMAL
8846,0.9972335,0.0012336097,0.001532853,NORMAL
8847,0.9972453,0.0012249369,0.0015297305,NORMAL
8848,0.9972453,0.0012249369,0.0015297305,NORMAL
8849,0.9972358,0.0012345023,0.001529716,NORMAL
8850,0.99724245,0.0012278066,0.0015297261,NORMAL
8851,0.99676925,0.0015881462,0.0016425996,NORMAL
8852,0.9971025,0.0013338997,0.0015635912,NORMAL
8853,0.99681234,0.0015347954,0.0016529034,NORMAL
8854,0.9970745,0.0013588793,0.0015666196,NORMAL
8855,0.99716413,0.0012951792,0.0015407513,NORMAL
8856,0.9969848,0.0014563573,0.0015588951,NORMAL
8857,0.9970554,0.0013990796,0.001545566,NORMAL
8858,0.9970571,0.0014014487,0.0015415372,NORMAL
8859,0.99694175,0.0014775313,0.001580776,NORMAL
8860,0.99704254,0.0014054318,0.0015521303,NORMAL
8861,0.9970465,0.0014100516,0.001543496,NORMAL
8862,0.99701834,0.001425833,0.0015558756,NORMAL
8863,0.9970655,0.0013899223,0.0015446602,NORMAL
8864,0.9970722,0.0013865216,0.0015412841,NORMAL
8865,0.99699557,0.0014396653,0.0015647507,NORMAL
8866,0.9967933,0.0015320515,0.001674608,NORMAL
8867,0.9968324,0.0015330662,0.0016345915,NORMAL
8868,0.99697655,0.0014552083,0.0015682238,NORMAL
8869,0.9970412,0.0014104225,0.0015483467,NORMAL
8870,0.99705803,0.0013995732,0.0015423795,NORMAL
8871,0.99701774,0.0014417424,0.0015405193,NORMAL
8872,0.9969947,0.0014519729,0.0015533824,NORMAL
8873,0.997051,0.0014051368,0.0015439008,NORMAL
8874,0.9972453,0.0012249369,0.0015297305,NORMAL
8875,0.9971388,0.0013168172,0.001544363,NORMAL
8876,0.99673814,0.0016148494,0.0016469907,NORMAL
8877,0.9970932,0.0013419107,0.0015649085,NORMAL
8878,0.99719965,0.001260029,0.0015402839,NORMAL
8879,0.9972316,0.0012354646,0.0015328964,NORMAL
8880,0.9972412,0.0012280953,0.0015306802,NORMAL
8881,0.9970584,0.001366568,0.0015750647,NORMAL
8882,0.9971893,0.0012674263,0.0015433307,NORMAL
8883,0.99698,0.0014259134,0.0015940866,NORMAL
8884,0.9966183,0.0017036315,0.0016781407,NORMAL
8885,0.9970431,0.0013826687,0.001574232,NORMAL
8886,0.99687064,0.0014764962,0.0016528538,NORMAL
8887,0.9971329,0.0013004048,0.0015666675,NORMAL
8888,0.9972116,0.0012475773,0.0015408115,NORMAL
8889,0.99675286,0.0015844975,0.0016626501,NORMAL
8890,0.9970976,0.0013328051,0.0015696064,NORMAL
8891,0.9969371,0.0014278216,0.0016350878,NORMAL
8892,0.99710363,0.0013153492,0.0015809801,NORMAL
8893,0.99710363,0.0013153492,0.0015809801,NORMAL
8894,0.99706894,0.0013311219,0.0015999376,NORMAL
8895,0.9970498,0.001339781,0.0016103451,NORMAL
8896,0.9970596,0.0013353424,0.0016050102,NORMAL
8897,0.9970474,0.0013408633,0.0016116465,NORMAL
8898,0.9970298,0.0013488878,0.0016212917,NORMAL
8899,0.9970528,0.001338453,0.0016087493,NORMAL
8900,0.9970605,0.001334944,0.0016045314,NORMAL
8901,0.99710363,0.0013153492,0.0015809801,NORMAL
8902,0.99710363,0.0013153492,0.0015809801,NORMAL
8903,0.99710363,0.0013153492,0.0015809801,NORMAL
8904,0.99710363,0.0013153492,0.0015809801,NORMAL
8905,0.99710363,0.0013153492,0.0015809801,NORMAL
8906,0.99706894,0.0013311219,0.0015999376,NORMAL
8907,0.9970932,0.0013200811,0.0015866674,NORMAL
8908,0.99707174,0.001329811,0.001598362,NORMAL
8909,0.99706614,0.0013323515,0.0016014153,NORMAL
8910,0.9972337,0.0012366609,0.0015297127,NORMAL
8911,0.99724185,0.001228454,0.0015297252,NORMAL
8912,0.99723613,0.0012341988,0.0015297164,NORMAL
8913,0.9972344,0.0012359222,0.0015297137,NORMAL
8914,0.9972011,0.0012692173,0.0015296626,NORMAL
8915,0.99692047,0.0014282356,0.0016512631,NORMAL
8916,0.9970567,0.001362425,0.0015808466,NORMAL
8917,0.9970976,0.0013426819,0.0015597217,NORMAL
8918,0.99698985,0.001377555,0.0016325796,NORMAL
8919,0.9972023,0.0012680821,0.0015296645,NORMAL
8920,0.9971168,0.001338846,0.0015443291,NORMAL
8921,0.9968686,0.0014757463,0.0016556176,NORMAL
8922,0.9971323,0.0013001797,0.0015674967,NORMAL
8923,0.99721146,0.0012475097,0.0015410603,NORMAL
8924,0.9972352,0.0012317088,0.0015331294,NORMAL
8925,0.99652344,0.0017296576,0.0017468964,NORMAL
8926,0.9970206,0.0013845599,0.0015948678,NORMAL
8927,0.99713635,0.0012992371,0.0015643495,NORMAL
8928,0.9965203,0.0017654363,0.0017142621,NORMAL
8929,0.99700207,0.0014128594,0.0015850506,NORMAL
8930,0.99713236,0.0013214172,0.0015462651,NORMAL
8931,0.9971843,0.0012659716,0.0015497911,NORMAL
8932,0.9966269,0.0017083571,0.0016647615,NORMAL
8933,0.9970516,0.0013781697,0.0015702273,NORMAL
8934,0.99660486,0.0017072842,0.0016878895,NORMAL
8935,0.9969621,0.0014461396,0.0015918345,NORMAL
8936,0.9971446,0.0013071157,0.0015483375,NORMAL
8937,0.99657273,0.0017363032,0.0016909846,NORMAL
8938,0.99704355,0.0013783468,0.0015781068,NORMAL
8939,0.99718475,0.0012709599,0.0015442433,NORMAL
8940,0.996837,0.0015159135,0.001647099,NORMAL
8941,0.99657536,0.0017306316,0.0016940444,NORMAL
8942,0.99695116,0.0014547575,0.0015940221,NORMAL
8943,0.9971185,0.0013325806,0.0015489588,NORMAL
8944,0.9970721,0.0013624949,0.001565435,NORMAL
8945,0.99708843,0.0013411075,0.0015704255,NORMAL
8946,0.9970137,0.0014251356,0.0015611928,NORMAL
8947,0.996961,0.0014768442,0.0015621785,NORMAL
8948,0.99692786,0.0014740579,0.0015980878,NORMAL
8949,0.99694467,0.0014847175,0.0015706168,NORMAL
8950,0.99700516,0.0014457895,0.0015490237,NORMAL
8951,0.99701965,0.0014217419,0.0015586236,NORMAL
8952,0.9970155,0.0014241175,0.0015604221,NORMAL
8953,0.9970503,0.0014036817,0.0015460021,NORMAL
8954,0.99694586,0.00147206,0.0015821252,NORMAL
8955,0.99708563,0.001374532,0.0015398536,NORMAL
8956,0.9970516,0.0014086481,0.001539801,NORMAL
8957,0.9969457,0.0014849402,0.0015693565,NORMAL
8958,0.99702936,0.0014219284,0.0015486825,NORMAL
8959,0.99705446,0.0014030249,0.0015424802,NORMAL
8960,0.99703467,0.0014247536,0.0015405773,NORMAL
8961,0.99695927,0.0014847696,0.0015559811,NORMAL
8962,0.9969913,0.0014480925,0.0015606879,NORMAL
8963,0.9970356,0.0014183569,0.0015460703,NORMAL
8964,0.9970606,0.0013744975,0.0015648528,NORMAL
8965,0.9969895,0.0014471959,0.0015632991,NORMAL
8966,0.99688685,0.0014940379,0.0016191386,NORMAL
8967,0.99651027,0.0016880855,0.0018016832,NORMAL
8968,0.99689555,0.0014685739,0.0016359019,NORMAL
8969,0.99695414,0.0014598066,0.0015860781,NORMAL
8970,0.9969171,0.0014609627,0.0016218887,NORMAL
8971,0.9969566,0.0014476913,0.0015956638,NORMAL
8972,0.99700505,0.0014223125,0.0015726157,NORMAL
8973,0.9970606,0.0013744975,0.0015648528,NORMAL
8974,0.9969226,0.0014390363,0.0016383296,NORMAL
8975,0.9969825,0.0014321264,0.001585396,NORMAL
8976,0.99690247,0.001499125,0.0015984259,NORMAL
8977,0.99672806,0.0015591215,0.0017128793,NORMAL
8978,0.9969365,0.0014557416,0.0016077803,NORMAL
8979,0.9968562,0.0015155338,0.0016283081,NORMAL
8980,0.99681634,0.0015089073,0.0016747321,NORMAL
8981,0.9968995,0.0014686058,0.0016318782,NORMAL
8982,0.99710363,0.0013153492,0.0015809801,NORMAL
8983,0.9970551,0.001337407,0.0016074924,NORMAL
8984,0.9970891,0.0013219665,0.0015889339,NORMAL
8985,0.9970993,0.0013173344,0.0015833662,NORMAL
8986,0.9970522,0.0013387026,0.001609049,NORMAL
8987,0.99705946,0.0013353976,0.0016050765,NORMAL
8988,0.9970904,0.0013213637,0.0015882091,NORMAL
8989,0.99709964,0.0013171536,0.0015831488,NORMAL
8990,0.99704546,0.001341775,0.0016127424,NORMAL
8991,0.99697125,0.0013754916,0.0016532672,NORMAL
8992,0.99702924,0.0013491646,0.0016216238,NORMAL
8993,0.9970813,0.0013254939,0.0015931732,NORMAL
8994,0.9970969,0.0013183926,0.001584638,NORMAL
8995,0.9971016,0.0013162622,0.0015820775,NORMAL
8996,0.99710304,0.001315623,0.0015813094,NORMAL
8997,0.99710345,0.0013154314,0.0015810789,NORMAL
8998,0.9970466,0.0013412583,0.0016121214,NORMAL
8999,0.99704987,0.001339789,0.001610355,NORMAL
9000,0.9972228,0.001247534,0.001529696,NORMAL
9001,0.9967901,0.0015672635,0.001642636,NORMAL
9002,0.99710876,0.0013276349,0.0015636021,NORMAL
9003,0.99720436,0.0012557463,0.0015398919,NORMAL
9004,0.99713296,0.0013196162,0.0015474213,NORMAL
9005,0.9972116,0.0012533407,0.0015350378,NORMAL
9006,0.996909,0.0014190368,0.0016719956,NORMAL
9007,0.99705327,0.0013596654,0.0015870663,NORMAL
9008,0.99674153,0.0015985892,0.001659851,NORMAL
9009,0.99668795,0.0016208936,0.00169118,NORMAL
9010,0.9970781,0.001343724,0.0015781653,NORMAL
9011,0.9971951,0.001260573,0.0015442609,NORMAL
9012,0.997082,0.0013539823,0.0015640589,NORMAL
9013,0.9971848,0.0012751108,0.0015400115,NORMAL
9014,0.9972272,0.0012399891,0.0015328147,NORMAL
9015,0.9972399,0.0012294526,0.0015306557,NORMAL
9016,0.9972437,0.0012262916,0.001530008,NORMAL
9017,0.9972353,0.0012349087,0.0015297992,NORMAL
9018,0.99710363,0.0013153492,0.0015809801,NORMAL
9019,0.99710363,0.0013153492,0.0015809801,NORMAL
9020,0.99707395,0.0013288334,0.0015971868,NORMAL
9021,0.99709475,0.0013193944,0.0015858421,NORMAL
9022,0.99710095,0.0013165628,0.0015824387,NORMAL
9023,0.99710286,0.0013157133,0.0015814177,NORMAL
9024,0.9971034,0.0013154584,0.0015811115,NORMAL
9025,0.9971036,0.001315382,0.0015810195,NORMAL
9026,0.99710363,0.001315359,0.0015809919,NORMAL
9027,0.99710363,0.0013153492,0.0015809801,NORMAL
9028,0.99707395,0.0013288334,0.0015971868,NORMAL
9029,0.99709475,0.0013193944,0.0015858421,NORMAL
9030,0.99710095,0.0013165628,0.0015824387,NORMAL
9031,0.99710286,0.0013157133,0.0015814177,NORMAL
9032,0.9966517,0.0015206181,0.0018277019,NORMAL
9033,0.99696803,0.0013769299,0.0016549967,NORMAL
9034,0.99700594,0.0013597079,0.0016342967,NORMAL
9035,0.99707437,0.0013286568,0.0015969751,NORMAL
9036,0.99710363,0.0013153492,0.0015809801,NORMAL
9037,0.99710363,0.0013153492,0.0015809801,NORMAL
9038,0.99704665,0.0013412336,0.0016120918,NORMAL
9039,0.9970865,0.0013231145,0.0015903136,NORMAL
9040,0.9970985,0.0013176788,0.0015837802,NORMAL
9041,0.99710214,0.0013160481,0.0015818202,NORMAL
9042,0.9971032,0.0013155589,0.0015812322,NORMAL
9043,0.99706686,0.0013320792,0.0016010883,NORMAL
9044,0.9970926,0.0013203681,0.0015870125,NORMAL
9045,0.99710363,0.0013153492,0.0015809801,NORMAL
9046,0.99710363,0.0013153492,0.0015809801,NORMAL
9047,0.997067,0.0013320163,0.0016010127,NORMAL
9048,0.9970926,0.0013203493,0.0015869898,NORMAL
9049,0.99710035,0.0013168493,0.0015827831,NORMAL
9050,0.9971026,0.0013157992,0.001581521,NORMAL
9051,0.9970746,0.0013285265,0.0015968181,NORMAL
9052,0.9970949,0.0013193025,0.0015857315,NORMAL
9053,0.9970441,0.0013424197,0.0016135172,NORMAL
9054,0.99710363,0.0013153492,0.0015809801,NORMAL
9055,0.99710363,0.0013153492,0.0015809801,NORMAL
9056,0.99710363,0.0013153492,0.0015809801,NORMAL
9057,0.99710363,0.0013153492,0.0015809801,NORMAL
9058,0.99710363,0.0013153492,0.0015809801,NORMAL
9059,0.99692094,0.0013983258,0.0016807137,NORMAL
9060,0.99704885,0.0013402422,0.0016109003,NORMAL
9061,0.99708724,0.001322817,0.0015899562,NORMAL
9062,0.9970987,0.0013175895,0.001583673,NORMAL
9063,0.99710363,0.0013153492,0.0015809801,NORMAL
9064,0.9970652,0.0013328408,0.001602004,NORMAL
9065,0.9970921,0.0013205967,0.0015872873,NORMAL
9066,0.9971002,0.0013169234,0.0015828722,NORMAL
9067,0.9971026,0.0013158214,0.0015815478,NORMAL
9068,0.99710333,0.0013154909,0.0015811505,NORMAL
9069,0.9971036,0.0013153917,0.0015810312,NORMAL
9070,0.99710363,0.0013153619,0.0015809955,NORMAL
9071,0.9970551,0.0013374109,0.001607497,NORMAL
9072,0.99697363,0.0014675155,0.0015588776,NORMAL
9073,0.9970407,0.0014137757,0.0015455433,NORMAL
9074,0.9970722,0.0013863051,0.0015415605,NORMAL
9075,0.9968705,0.0015009383,0.0016285706,NORMAL
9076,0.996856,0.0015053143,0.0016387282,NORMAL
9077,0.99699926,0.0014137425,0.0015870153,NORMAL
9078,0.9969684,0.0014642875,0.0015672988,NORMAL
9079,0.9970187,0.0014157082,0.0015655642,NORMAL
9080,0.99700034,0.0014522024,0.0015474661,NORMAL
9081,0.9970578,0.0014024641,0.0015398107,NORMAL
9082,0.99697196,0.0014366729,0.0015914018,NORMAL
9083,0.9970372,0.0014075162,0.0015552959,NORMAL
9084,0.99696827,0.0014744898,0.0015571793,NORMAL
9085,0.9970001,0.0014399418,0.0015599888,NORMAL
9086,0.9969546,0.0014479161,0.0015974552,NORMAL
9087,0.9968307,0.0015367549,0.0016325613,NORMAL
9088,0.99695885,0.0014586214,0.0015826034,NORMAL
9089,0.99696195,0.001472159,0.001565984,NORMAL
9090,0.99712807,0.0013167595,0.0015551868,NORMAL
9091,0.9969114,0.0014296758,0.0016589423,NORMAL
9092,0.9971374,0.0012941275,0.0015684823,NORMAL
9093,0.9971969,0.0012617442,0.0015413315,NORMAL
9094,0.9968616,0.001438318,0.0017001113,NORMAL
9095,0.99712247,0.0012967202,0.001580833,NORMAL
9096,0.99664193,0.0015387778,0.0018193104,NORMAL
9097,0.9970566,0.0013268582,0.0016165928,NORMAL
9098,0.996192,0.0018361224,0.0019719116,NORMAL
9099,0.99679345,0.0014791369,0.0017274524,NORMAL
9100,0.9969972,0.0013842351,0.0016186523,NORMAL
9101,0.9971632,0.0012804953,0.0015563952,NORMAL
9102,0.9969334,0.001407272,0.0016593244,NORMAL
9103,0.99706185,0.0013288872,0.0016092821,NORMAL
9104,0.9971903,0.001256122,0.001553596,NORMAL
9105,0.9968387,0.0015114621,0.0016499048,NORMAL
9106,0.9968382,0.0014744431,0.001687381,NORMAL
9107,0.99711543,0.0013075578,0.0015770139,NORMAL
9108,0.99710363,0.0013153492,0.0015809801,NORMAL
9109,0.99704665,0.0013412336,0.0016120918,NORMAL
9110,0.9970865,0.0013231145,0.0015903136,NORMAL
9111,0.9970058,0.0013597785,0.0016343811,NORMAL
9112,0.9970743,0.001328678,0.0015970005,NORMAL
9113,0.99709487,0.0013193479,0.0015857862,NORMAL
9114,0.997101,0.0013165488,0.001582422,NORMAL
9115,0.99706817,0.0013314818,0.00160037,NORMAL
9116,0.9970299,0.0013488417,0.001621236,NORMAL
9117,0.9970638,0.0013334402,0.0016027238,NORMAL
9118,0.99706376,0.0013334402,0.0016027238,NORMAL
9119,0.9970112,0.001357312,0.0016314164,NORMAL
9120,0.9970759,0.001327938,0.001596111,NORMAL
9121,0.99709535,0.0013191259,0.0015855194,NORMAL
9122,0.9971012,0.0013164822,0.001582342,NORMAL
9123,0.9971029,0.0013156892,0.0015813886,NORMAL
9124,0.99710345,0.0013154512,0.0015811027,NORMAL
9125,0.9971036,0.0013153799,0.0015810169,NORMAL
9126,0.9971359,0.0013134237,0.0015507004,NORMAL
9127,0.99682236,0.0015286526,0.0016490362,NORMAL
9128,0.99666953,0.0016520029,0.0016784373,NORMAL
9129,0.99698716,0.0014237962,0.0015890079,NORMAL
9130,0.996719,0.001620546,0.0016604288,NORMAL
9131,0.9970874,0.0013436197,0.00156894,NORMAL
9132,0.9971111,0.001332738,0.0015561564,NORMAL
9133,0.9971969,0.001265484,0.0015376458,NORMAL
9134,0.99678195,0.0015730524,0.0016450202,NORMAL
9135,0.99719465,0.0012540987,0.0015512838,NORMAL
9136,0.9972107,0.0012531658,0.0015361668,NORMAL
9137,0.99723494,0.0012334056,0.0015316614,NORMAL
9138,0.99714214,0.001312914,0.0015449522,NORMAL
9139,0.9972144,0.00125133,0.0015342969,NORMAL
9140,0.9971354,0.0013336017,0.0015309461,NORMAL
9141,0.99721235,0.0012575364,0.0015300951,NORMAL
9142,0.9972273,0.0012429236,0.0015298274,NORMAL
9143,0.99723995,0.0012303329,0.0015297595,NORMAL
9144,0.9969806,0.0013712393,0.0016481563,NORMAL
9145,0.99706674,0.0013321163,0.001601133,NORMAL
9146,0.9970926,0.0013203793,0.001587026,NORMAL
9147,0.99710035,0.0013168582,0.0015827939,NORMAL
9148,0.99704564,0.0013416864,0.0016126359,NORMAL
9149,0.9970862,0.0013232504,0.0015904768,NORMAL
9150,0.99704146,0.001343604,0.0016149408,NORMAL
9151,0.9970503,0.0013395983,0.0016101258,NORMAL
9152,0.9970876,0.0013226239,0.0015897239,NORMAL
9153,0.9970222,0.001352327,0.0016254254,NORMAL
9154,0.99707925,0.0013264426,0.0015943137,NORMAL
9155,0.99632406,0.001669378,0.0020065033,NORMAL
9156,0.9968698,0.0014215579,0.0017086371,NORMAL
9157,0.99649745,0.0015906648,0.0019118942,NORMAL
9158,0.9968288,0.0014401721,0.0017310098,NORMAL
9159,0.9969778,0.001372496,0.0016496668,NORMAL
9160,0.997038,0.0013451569,0.0016168067,NORMAL
9161,0.9970493,0.0013400642,0.0016106855,NORMAL
9162,0.9970897,0.0013596811,0.0015506286,NORMAL
9163,0.99673903,0.0016121193,0.0016488968,NORMAL
9164,0.99668205,0.0016394913,0.0016784591,NORMAL
9165,0.99707633,0.0013493032,0.0015743491,NORMAL
9166,0.9966885,0.001493977,0.0018174817,NORMAL
9167,0.99611175,0.0020070712,0.0018811602,NORMAL
9168,0.99681413,0.0015360757,0.0016498157,NORMAL
9169,0.99711597,0.0013182786,0.001565756,NORMAL
9170,0.9971415,0.0013180433,0.0015404385,NORMAL
9171,0.9972228,0.001247534,0.001529696,NORMAL
9172,0.99689037,0.0014192602,0.0016904133,NORMAL
9173,0.9970193,0.0013729,0.0016078958,NORMAL
9174,0.99715555,0.0012913465,0.0015531464,NORMAL
9175,0.9972106,0.0012526287,0.0015367435,NORMAL
9176,0.99623823,0.0018138535,0.0019479567,NORMAL
9177,0.9961102,0.001968868,0.0019209823,NORMAL
9178,0.9967852,0.0015377824,0.0016770666,NORMAL
9179,0.99710727,0.0013187906,0.0015739313,NORMAL
9180,0.9969632,0.001477961,0.0015588613,NORMAL
9181,0.99696326,0.001477961,0.0015588613,NORMAL
9182,0.99699855,0.0014409833,0.0015604934,NORMAL
9183,0.9970452,0.0014087413,0.0015460235,NORMAL
9184,0.99703676,0.0014216115,0.0015416478,NORMAL
9185,0.99689615,0.0014985756,0.001605307,NORMAL
9186,0.9970145,0.001426019,0.0015594676,NORMAL
9187,0.99697864,0.0014623783,0.0015590433,NORMAL
9188,0.99699306,0.0014614548,0.0015455171,NORMAL
9189,0.997044,0.0014161442,0.0015397894,NORMAL
9190,0.99705565,0.0013869915,0.0015573337,NORMAL
9191,0.997017,0.0014379679,0.0015450056,NORMAL
9192,0.99705076,0.0014078368,0.0015413772,NORMAL
9193,0.9970609,0.0013987974,0.0015402887,NORMAL
9194,0.99696726,0.0014665108,0.0015662619,NORMAL
9195,0.99703586,0.0014163996,0.001547754,NORMAL
9196,0.99700326,0.0014546205,0.0015421197,NORMAL
9197,0.99704665,0.0014128325,0.0015405114,NORMAL
9198,0.9967769,0.0014637836,0.0017593895,NORMAL
9199,0.9970056,0.0013598795,0.001634503,NORMAL
9200,0.99703956,0.001344481,0.0016159944,NORMAL
9201,0.9970844,0.0013240888,0.0015914844,NORMAL
9202,0.99706995,0.0013306348,0.001599352,NORMAL
9203,0.99709356,0.0013199348,0.0015864917,NORMAL
9204,0.9970727,0.0013293886,0.0015978542,NORMAL
9205,0.9970665,0.0013322247,0.001601263,NORMAL
9206,0.9970355,0.0013462963,0.0016181766,NORMAL
9207,0.99710363,0.0013153492,0.0015809801,NORMAL
9208,0.99710363,0.0013153492,0.0015809801,NORMAL
9209,0.99706894,0.0013311219,0.0015999376,NORMAL
9210,0.9970932,0.0013200811,0.0015866674,NORMAL
9211,0.9971005,0.0013167688,0.0015826863,NORMAL
9212,0.997068,0.0013315477,0.0016004494,NORMAL
9213,0.99706507,0.0013328724,0.0016020415,NORMAL
9214,0.9970536,0.0013380977,0.0016083225,NORMAL
9215,0.9970887,0.0013221737,0.0015891829,NORMAL
9216,0.9969919,0.0014683544,0.0015397089,NORMAL
9217,0.99696076,0.001452375,0.0015867839,NORMAL
9218,0.9969785,0.0014676788,0.0015538251,NORMAL
9219,0.9969306,0.0014671092,0.0016023654,NORMAL
9220,0.99690104,0.0014869149,0.0016121127,NORMAL
9221,0.99703026,0.0014082469,0.0015615313,NORMAL
9222,0.99706906,0.0013846465,0.001546357,NORMAL
9223,0.9970807,0.0013775664,0.0015418046,NORMAL
9224,0.997015,0.0014285271,0.0015564151,NORMAL
9225,0.99682885,0.0015377227,0.0016334556,NORMAL
9226,0.9968889,0.0015085897,0.0016025091,NORMAL
9227,0.9969847,0.001440582,0.0015746693,NORMAL
9228,0.9970366,0.0014131556,0.0015502694,NORMAL
9229,0.9970592,0.0013978067,0.0015429604,NORMAL
9230,0.99706566,0.0013936008,0.001540767,NORMAL
9231,0.9969575,0.0014729183,0.0015696583,NORMAL
9232,0.9970472,0.001404048,0.001548795,NORMAL
9233,0.9970322,0.0014092195,0.001558555,NORMAL
9234,0.99658775,0.0017211766,0.0016910101,NORMAL
9235,0.99700713,0.0014147935,0.0015780516,NORMAL
9236,0.9971739,0.0012818939,0.0015442268,NORMAL
9237,0.997105,0.0013313763,0.0015636745,NORMAL
9238,0.9971117,0.0013485323,0.0015397734,NORMAL
9239,0.99720526,0.0012620155,0.0015327433,NORMAL
9240,0.9967952,0.0015612149,0.0016435678,NORMAL
9241,0.99697804,0.0014434677,0.0015785274,NORMAL
9242,0.9967571,0.0015855792,0.0016573538,NORMAL
9243,0.9972453,0.0012249369,0.0015297305,NORMAL
9244,0.9972453,0.0012249369,0.0015297305,NORMAL
9245,0.9967701,0.0015872854,0.001642601,NORMAL
9246,0.9965751,0.0017321655,0.0016927291,NORMAL
9247,0.9970055,0.0014008186,0.0015937121,NORMAL
9248,0.9971734,0.0012777015,0.001548925,NORMAL
9249,0.997208,0.0012565842,0.0015354647,NORMAL
9250,0.9972341,0.001234431,0.0015314508,NORMAL
9251,0.997242,0.0012277851,0.0015302466,NORMAL
9252,0.9970745,0.0013530313,0.0015725312,NORMAL
9253,0.9968511,0.0014628421,0.0016861018,NORMAL
9254,0.99702746,0.0013812683,0.0015912852,NORMAL
9255,0.9967531,0.0015857843,0.0016611493,NORMAL
9256,0.99649113,0.0017937726,0.0017151239,NORMAL
9257,0.9966266,0.0016502,0.0017232391,NORMAL
9258,0.9965084,0.0017747099,0.0017168799,NORMAL
9259,0.9970243,0.0013898688,0.0015858753,NORMAL
9260,0.9966079,0.0015713404,0.0018208141,NORMAL
9261,0.996576,0.0016407256,0.0017832962,NORMAL
9262,0.9968827,0.0014815779,0.0016356942,NORMAL
9263,0.9962755,0.0018915023,0.0018329666,NORMAL
9264,0.99692863,0.0014506793,0.0016206619,NORMAL
9265,0.99676013,0.0015698293,0.0016700246,NORMAL
9266,0.9968212,0.0015394106,0.0016393459,NORMAL
9267,0.99681103,0.0014879243,0.0017010365,NORMAL
9268,0.997115,0.0013038331,0.0015811223,NORMAL
9269,0.9972062,0.0012486058,0.001545148,NORMAL
9270,0.9972453,0.0012249369,0.0015297305,NORMAL
9271,0.99685514,0.0015021067,0.0016427452,NORMAL
9272,0.9969797,0.0014420545,0.001578202,NORMAL
9273,0.99713993,0.0013158448,0.0015442326,NORMAL
9274,0.9972137,0.0012522093,0.0015340811,NORMAL
9275,0.99723583,0.0012331186,0.0015310356,NORMAL
9276,0.99724245,0.0012273914,0.001530122,NORMAL
9277,0.9972445,0.0012256732,0.001529848,NORMAL
9278,0.9972451,0.0012251579,0.0015297657,NORMAL
9279,0.9966355,0.001673434,0.0016910911,NORMAL
9280,0.9970624,0.001359486,0.0015781387,NORMAL
9281,0.9971905,0.0012653016,0.001544253,NORMAL
9282,0.99722886,0.0012370463,0.0015340872,NORMAL
9283,0.99710584,0.0013335156,0.0015606083,NORMAL
9284,0.9967814,0.0015502893,0.001668294,NORMAL
9285,0.9971062,0.0013225427,0.0015712995,NORMAL
9286,0.9972036,0.0012542186,0.0015422011,NORMAL
9287,0.9971263,0.0013256018,0.0015481041,NORMAL
9288,0.9966355,0.001673434,0.0016910911,NORMAL
9289,0.99705285,0.0013690514,0.0015781241,NORMAL
9290,0.99712384,0.0013012146,0.0015749583,NORMAL
9291,0.9972007,0.001256027,0.0015432864,NORMAL
9292,0.99723196,0.001234264,0.0015337972,NORMAL
9293,0.9965127,0.0017090711,0.001778295,NORMAL
9294,0.99702555,0.0013701771,0.0016042998,NORMAL
9295,0.9971794,0.001268509,0.0015521012,NORMAL
9296,0.9967874,0.0015631629,0.0016493751,NORMAL
9297,0.996412,0.001647019,0.001940969,NORMAL
9298,0.99699533,0.0013515615,0.001653102,NORMAL
9299,0.9963984,0.001787643,0.0018140047,NORMAL
9300,0.9969913,0.0013937487,0.0016150128,NORMAL
9301,0.9971609,0.0012837872,0.0015553026,NORMAL
9302,0.9971434,0.0013045328,0.001552081,NORMAL
9303,0.9971232,0.0013404792,0.0015362953,NORMAL
9304,0.9972005,0.0012678064,0.0015316874,NORMAL
9305,0.99723184,0.0012377978,0.0015303176,NORMAL
9306,0.9972337,0.0012366609,0.0015297127,NORMAL
9307,0.99724185,0.001228454,0.0015297252,NORMAL
9308,0.9971666,0.0013038175,0.0015296098,NORMAL
9309,0.9972217,0.0012486011,0.0015296943,NORMAL
9310,0.99723005,0.001240243,0.0015297071,NORMAL
9311,0.9971541,0.0013163048,0.0015295906,NORMAL
9312,0.99721795,0.0012523473,0.0015296885,NORMAL
9313,0.9972371,0.00123316,0.0015297178,NORMAL
9314,0.9963631,0.0018357027,0.0018011376,NORMAL
9315,0.9971302,0.0013186536,0.0015511834,NORMAL
9316,0.9969348,0.0014074345,0.00165778,NORMAL
9317,0.99715215,0.0012796862,0.0015681454,NORMAL
9318,0.9971514,0.0012707426,0.001577947,NORMAL
9319,0.9967443,0.0015812349,0.001674547,NORMAL
9320,0.99663293,0.0016809669,0.0016860683,NORMAL
9321,0.99703443,0.0013738365,0.001591732,NORMAL
9322,0.9970625,0.0013592729,0.0015782914,NORMAL
9323,0.9971139,0.0013271784,0.0015589776,NORMAL
9324,0.99696654,0.0014746502,0.0015588666,NORMAL
9325,0.99703074,0.001423718,0.001545528,NORMAL
9326,0.9970692,0.0013892878,0.0015415559,NORMAL
9327,0.996953,0.0014435253,0.0016034578,NORMAL
9328,0.9970338,0.0014073164,0.0015589162,NORMAL
9329,0.99693835,0.0014636872,0.0015979828,NORMAL
9330,0.9970103,0.00143241,0.0015572445,NORMAL
9331,0.99701834,0.0014366563,0.0015450018,NORMAL
9332,0.9970296,0.0014140084,0.0015563582,NORMAL
9333,0.99705887,0.0014014014,0.0015398123,NORMAL
9334,0.9969328,0.0014508778,0.0016163397,NORMAL
9335,0.9970162,0.0014210138,0.0015627631,NORMAL
9336,0.99676985,0.0015585711,0.0016715867,NORMAL
9337,0.9968864,0.0014938234,0.0016198402,NORMAL
9338,0.9970145,0.0014216681,0.0015638322,NORMAL
9339,0.9970195,0.0014334338,0.0015469781,NORMAL
9340,0.9969089,0.0014768135,0.001614264,NORMAL
9341,0.99702054,0.001417303,0.0015621581,NORMAL
9342,0.99710363,0.0013153492,0.0015809801,NORMAL
9343,0.99710363,0.0013153492,0.0015809801,NORMAL
9344,0.99710363,0.0013153492,0.0015809801,NORMAL
9345,0.99710363,0.0013153492,0.0015809801,NORMAL
9346,0.99710363,0.0013153492,0.0015809801,NORMAL
9347,0.99710363,0.0013153492,0.0015809801,NORMAL
9348,0.99710363,0.0013153492,0.0015809801,NORMAL
9349,0.99710363,0.0013153492,0.0015809801,NORMAL
9350,0.99710363,0.0013153492,0.0015809801,NORMAL
9351,0.99710363,0.0013153492,0.0015809801,NORMAL
9352,0.99710363,0.0013153492,0.0015809801,NORMAL
9353,0.99710363,0.0013153492,0.0015809801,NORMAL
9354,0.99710363,0.0013153492,0.0015809801,NORMAL
9355,0.99710363,0.0013153492,0.0015809801,NORMAL
9356,0.99710363,0.0013153492,0.0015809801,NORMAL
9357,0.99710363,0.0013153492,0.0015809801,NORMAL
9358,0.99710363,0.0013153492,0.0015809801,NORMAL
9359,0.99710363,0.0013153492,0.0015809801,NORMAL
9360,0.99710363,0.0013153492,0.0015809801,NORMAL
9361,0.99710363,0.0013153492,0.0015809801,NORMAL
9362,0.99710363,0.0013153492,0.0015809801,NORMAL
9363,0.99710363,0.0013153492,0.0015809801,NORMAL
9364,0.99710363,0.0013153492,0.0015809801,NORMAL
9365,0.99710363,0.0013153492,0.0015809801,NORMAL
9366,0.99710363,0.0013153492,0.0015809801,NORMAL
9367,0.99710363,0.0013153492,0.0015809801,NORMAL
9368,0.99710363,0.0013153492,0.0015809801,NORMAL
9369,0.99710363,0.0013153492,0.0015809801,NORMAL
9370,0.99710363,0.0013153492,0.0015809801,NORMAL
9371,0.99710363,0.0013153492,0.0015809801,NORMAL
9372,0.99710363,0.0013153492,0.0015809801,NORMAL
9373,0.9970551,0.001337407,0.0016074924,NORMAL
9374,0.9970891,0.0013219665,0.0015889339,NORMAL
9375,0.9970993,0.0013173344,0.0015833662,NORMAL
9376,0.9971023,0.0013159448,0.001581696,NORMAL
9377,0.9971032,0.001315528,0.0015811949,NORMAL
9378,0.99710363,0.0013153492,0.0015809801,NORMAL
9379,0.99707574,0.0013280129,0.0015962007,NORMAL
9380,0.9970952,0.0013191483,0.0015855463,NORMAL
9381,0.9971011,0.001316489,0.00158235,NORMAL
9382,0.99710286,0.0013156912,0.0015813911,NORMAL
9383,0.9971034,0.0013154518,0.0015811034,NORMAL
9384,0.9971036,0.00131538,0.0015810172,NORMAL
9385,0.99710363,0.0013153584,0.0015809912,NORMAL
9386,0.99710363,0.001315352,0.0015809834,NORMAL
9387,0.99710363,0.0013153492,0.0015809801,NORMAL
9388,0.99710363,0.0013153492,0.0015809801,NORMAL
9389,0.99707574,0.0013280129,0.0015962007,NORMAL
9390,0.9970952,0.0013191483,0.0015855463,NORMAL
9391,0.9971011,0.001316489,0.00158235,NORMAL
9392,0.99710286,0.0013156912,0.0015813911,NORMAL
9393,0.9970755,0.0013281155,0.001596324,NORMAL
9394,0.9970952,0.0013191791,0.0015855833,NORMAL
9395,0.9971011,0.0013164982,0.0015823611,NORMAL
9396,0.9970483,0.0014118687,0.001539796,NORMAL
9397,0.99696577,0.0014607041,0.0015735357,NORMAL
9398,0.99702054,0.0014295122,0.0015499133,NORMAL
9399,0.9969372,0.0014639391,0.0015988786,NORMAL
9400,0.9970268,0.0014156281,0.0015575391,NORMAL
9401,0.99703467,0.0014202225,0.0015451078,NORMAL
9402,0.99705607,0.0014025131,0.0015414079,NORMAL
9403,0.99706244,0.0013972004,0.0015402979,NORMAL
9404,0.99705696,0.0014030893,0.0015399533,NORMAL
9405,0.99706525,0.0013949234,0.0015398222,NORMAL
9406,0.99706525,0.0013949234,0.0015398222,NORMAL
9407,0.99700785,0.0014523997,0.0015397336,NORMAL
9408,0.9969656,0.0014797212,0.0015546824,NORMAL
9409,0.9970088,0.0014470022,0.0015442391,NORMAL
9410,0.9970483,0.0014105471,0.0015411472,NORMAL
9411,0.9969888,0.0014577367,0.0015535471,NORMAL
9412,0.99699694,0.0014591914,0.0015438695,NORMAL
9413,0.9970373,0.0014216866,0.0015410248,NORMAL
9414,0.99710363,0.0013153492,0.0015809801,NORMAL
9415,0.99710363,0.0013153492,0.0015809801,NORMAL
9416,0.99710363,0.0013153492,0.0015809801,NORMAL
9417,0.99710363,0.0013153492,0.0015809801,NORMAL
9418,0.99707574,0.0013280129,0.0015962007,NORMAL
9419,0.9970952,0.0013191483,0.0015855463,NORMAL
9420,0.9971011,0.001316489,0.00158235,NORMAL
9421,0.99710286,0.0013156912,0.0015813911,NORMAL
9422,0.9971034,0.0013154518,0.0015811034,NORMAL
9423,0.99705124,0.0013391593,0.0016095979,NORMAL
9424,0.99708796,0.0013224923,0.0015895655,NORMAL
9425,0.9970989,0.0013174921,0.0015835557,NORMAL
9426,0.99710226,0.0013159921,0.0015817528,NORMAL
9427,0.9971032,0.001315542,0.0015812119,NORMAL
9428,0.9970756,0.0013280708,0.0015962702,NORMAL
9429,0.9970665,0.001332208,0.0016012428,NORMAL
9430,0.9970925,0.0013204069,0.0015870589,NORMAL
9431,0.9971003,0.0013168665,0.0015828038,NORMAL
9432,0.99710363,0.0013153492,0.0015809801,NORMAL
9433,0.99710363,0.0013153492,0.0015809801,NORMAL
9434,0.99710363,0.0013153492,0.0015809801,NORMAL
9435,0.99710363,0.0013153492,0.0015809801,NORMAL
9436,0.997067,0.0013320163,0.0016010127,NORMAL
9437,0.997056,0.0013370165,0.0016070224,NORMAL
9438,0.9970894,0.0013218494,0.0015887928,NORMAL
9439,0.9970994,0.0013172993,0.0015833239,NORMAL
9440,0.9971024,0.0013159342,0.0015816833,NORMAL
9441,0.99710363,0.0013153492,0.0015809801,NORMAL
9442,0.99710363,0.0013153492,0.0015809801,NORMAL
9443,0.99704665,0.0013412336,0.0016120918,NORMAL
9444,0.99704313,0.0013428144,0.0016139913,NORMAL
9445,0.99702847,0.0013494731,0.0016219951,NORMAL
9446,0.9970811,0.0013255863,0.0015932847,NORMAL
9447,0.9970969,0.0013184204,0.0015846714,NORMAL
9448,0.9970737,0.0013289342,0.0015973081,NORMAL
9449,0.9970659,0.001332467,0.0016015542,NORMAL
9450,0.9971233,0.0013259932,0.0015506808,NORMAL
9451,0.9969327,0.0014096363,0.0016576293,NORMAL
9452,0.9968194,0.0014679587,0.0017126093,NORMAL
9453,0.99703264,0.0013681137,0.0015992603,NORMAL
9454,0.99718153,0.00126789,0.0015505895,NORMAL
9455,0.997218,0.0012460296,0.0015359757,NORMAL
9456,0.99723715,0.0012312648,0.001531604,NORMAL
9457,0.99724287,0.0012268353,0.0015302924,NORMAL
9458,0.9971385,0.0012949088,0.0015665278,NORMAL
9459,0.9968919,0.0014449244,0.0016631905,NORMAL
9460,0.9971311,0.0012991399,0.0015697561,NORMAL
9461,0.9972111,0.0012471979,0.0015417382,NORMAL
9462,0.9972079,0.0012437059,0.001548433,NORMAL
9463,0.9969098,0.0014333035,0.0016568725,NORMAL
9464,0.9970244,0.0013777061,0.0015978325,NORMAL
9465,0.99707484,0.0013226846,0.0016024524,NORMAL
9466,0.99675906,0.0015515501,0.001689364,NORMAL
9467,0.99671626,0.001568241,0.0017155273,NORMAL
9468,0.99706477,0.0013954417,0.0015398214,NORMAL
9469,0.99696136,0.0014473277,0.0015913844,NORMAL
9470,0.9969307,0.0014624723,0.0016068541,NORMAL
9471,0.9970271,0.0014130005,0.0015599352,NORMAL
9472,0.9970489,0.001405223,0.0015458486,NORMAL
9473,0.99703395,0.0014244819,0.0015415894,NORMAL
9474,0.99702203,0.0014227047,0.0015553153,NORMAL
9475,0.99695873,0.0014683392,0.0015729641,NORMAL
9476,0.99697274,0.0014600575,0.0015671962,NORMAL
9477,0.99708563,0.001374532,0.0015398536,NORMAL
9478,0.9970857,0.001374532,0.0015398536,NORMAL
9479,0.9970783,0.0013819045,0.0015398422,NORMAL
9480,0.99705386,0.0013888059,0.0015573307,NORMAL
9481,0.9969102,0.0014931876,0.0015965598,NORMAL
9482,0.9970256,0.0014175011,0.001556854,NORMAL
9483,0.99705553,0.0013995093,0.001544935,NORMAL
9484,0.99706924,0.0013893977,0.0015413666,NORMAL
9485,0.9970101,0.0014362695,0.0015536365,NORMAL
9486,0.9969304,0.0014921809,0.0015773985,NORMAL
9487,0.99702156,0.0014098026,0.0015686165,NORMAL
9488,0.99705905,0.0013924857,0.001548471,NORMAL
9489,0.9970155,0.0014246539,0.0015598683,NORMAL
9490,0.99704516,0.001409121,0.001545828,NORMAL
9491,0.9968583,0.0015054726,0.0016362967,NORMAL
9492,0.9969735,0.00144033,0.0015862446,NORMAL
9493,0.99702543,0.0014208119,0.0015537299,NORMAL
9494,0.99690986,0.0014902866,0.001599886,NORMAL
9495,0.9968677,0.0015188453,0.0016134031,NORMAL
9496,0.99701285,0.0014251985,0.001561907,NORMAL
9497,0.9970564,0.0013971045,0.0015464582,NORMAL
9498,0.99707687,0.0013813038,0.001541835,NORMAL
9499,0.99696934,0.0014342646,0.0015963891,NORMAL
9500,0.99695647,0.0014496951,0.0015937551,NORMAL
9501,0.99704695,0.001397081,0.0015560241,NORMAL
9502,0.9970667,0.0013886691,0.0015446934,NORMAL
9503,0.9970459,0.0014128892,0.001541253,NORMAL
9504,0.9965256,0.0015527576,0.0019216879,NORMAL
9505,0.99675333,0.0014776656,0.0017689314,NORMAL
9506,0.99666023,0.0016253123,0.0017144252,NORMAL
9507,0.9970621,0.0013528184,0.0015851271,NORMAL
9508,0.9969052,0.0014268501,0.0016679475,NORMAL
9509,0.9966043,0.0016954081,0.0017003135,NORMAL
9510,0.9967679,0.001529627,0.0017025035,NORMAL
9511,0.99704117,0.0013773579,0.0015814691,NORMAL
9512,0.9971763,0.0012784322,0.0015452403,NORMAL
9513,0.9972343,0.0012360355,0.0015297136,NORMAL
9514,0.9969337,0.0014150061,0.001651284,NORMAL
9515,0.9971084,0.0013056695,0.0015859157,NORMAL
9516,0.99683505,0.0014514957,0.0017134866,NORMAL
9517,0.9971049,0.0013103256,0.0015848307,NORMAL
9518,0.997195,0.0012587602,0.0015462481,NORMAL
9519,0.9971784,0.0012672291,0.0015543916,NORMAL
9520,0.996917,0.0014243643,0.0016586875,NORMAL
9521,0.9971391,0.0012925342,0.0015684059,NORMAL
9522,0.996838,0.0014585779,0.0017034421,NORMAL
9523,0.99704975,0.0013684917,0.0015817315,NORMAL
9524,0.99671024,0.0015198175,0.0017700124,NORMAL
9525,0.99707705,0.00132117,0.0016018033,NORMAL
9526,0.99680233,0.0015084192,0.0016892429,NORMAL
9527,0.9970391,0.0013834441,0.0015774717,NORMAL
9528,0.9968575,0.0014548433,0.0016876137,NORMAL
9529,0.9970939,0.0013138782,0.0015921835,NORMAL
9530,0.99687225,0.0014347923,0.0016929834,NORMAL
9531,0.9972343,0.0012360355,0.0015297136,NORMAL
9532,0.9969568,0.0013918151,0.0016513235,NORMAL
9533,0.9971237,0.0012949698,0.0015812963,NORMAL
9534,0.99680835,0.001533393,0.0016581975,NORMAL
9535,0.9970982,0.0013335238,0.0015682462,NORMAL
9536,0.9966196,0.0015648921,0.0018155053,NORMAL
9537,0.996958,0.0014118832,0.0016301062,NORMAL
9538,0.9966553,0.0015104952,0.0018342134,NORMAL
9539,0.9967923,0.0014649869,0.001742689,NORMAL
9540,0.99710363,0.0013153492,0.0015809801,NORMAL
9541,0.9966178,0.001535984,0.0018461714,NORMAL
9542,0.9969579,0.0013815396,0.0016605376,NORMAL
9543,0.99705994,0.0013352063,0.0016048474,NORMAL
9544,0.9970905,0.0013213063,0.0015881403,NORMAL
9545,0.9970567,0.0013366526,0.0016065855,NORMAL
9546,0.9970529,0.0013384073,0.0016086942,NORMAL
9547,0.99708843,0.0013222666,0.0015892943,NORMAL
9548,0.99709904,0.0013174245,0.0015834743,NORMAL
9549,0.99710363,0.0013153492,0.0015809801,NORMAL
9550,0.9970749,0.0013283915,0.0015966558,NORMAL
9551,0.997095,0.001319262,0.0015856829,NORMAL
9552,0.99710107,0.0013165231,0.001582391,NORMAL
9553,0.99710286,0.0013157014,0.0015814034,NORMAL
9554,0.9971034,0.0013154548,0.0015811071,NORMAL
9555,0.9971036,0.0013153809,0.0015810182,NORMAL
9556,0.99710363,0.0013153588,0.0015809915,NORMAL
9557,0.99710363,0.001315352,0.0015809835,NORMAL
9558,0.99710363,0.0013153492,0.0015809801,NORMAL
9559,0.9970749,0.0013283915,0.0015966558,NORMAL
9560,0.997095,0.001319262,0.0015856829,NORMAL
9561,0.9970441,0.0013424074,0.0016135026,NORMAL
9562,0.9970858,0.0013234667,0.0015907369,NORMAL
9563,0.9970983,0.0013177844,0.0015839072,NORMAL
9564,0.997102,0.0013160798,0.0015818583,NORMAL
9565,0.99710315,0.0013155683,0.0015812436,NORMAL
9566,0.99710345,0.0013154149,0.0015810592,NORMAL
9567,0.99710363,0.0013153492,0.0015809801,NORMAL
9568,0.9970551,0.001337407,0.0016074924,NORMAL
9569,0.9970891,0.0013219665,0.0015889339,NORMAL
9570,0.9970993,0.0013173344,0.0015833662,NORMAL
9571,0.9971023,0.0013159448,0.001581696,NORMAL
9572,0.9971032,0.001315528,0.0015811949,NORMAL
9573,0.9971035,0.0013154028,0.0015810446,NORMAL
9574,0.9971036,0.0013153653,0.0015809995,NORMAL
9575,0.99707574,0.0013280177,0.0015962066,NORMAL
9576,0.99706525,0.0013949234,0.0015398222,NORMAL
9577,0.99688894,0.0014829857,0.0016280834,NORMAL
9578,0.99689925,0.0014794066,0.0016213367,NORMAL
9579,0.9969529,0.0014668577,0.0015802628,NORMAL
9580,0.9970459,0.0014022298,0.0015519763,NORMAL
9581,0.99702895,0.0014276963,0.0015434213,NORMAL
9582,0.9970511,0.0013904572,0.0015584233,NORMAL
9583,0.9969944,0.0014443179,0.0015613822,NORMAL
9584,0.99697256,0.001467868,0.0015596177,NORMAL
9585,0.9970694,0.0013907445,0.0015398286,NORMAL
9586,0.99698526,0.001461653,0.001553136,NORMAL
9587,0.99687576,0.0015149018,0.0016093598,NORMAL
9588,0.9969749,0.0014645242,0.0015606318,NORMAL
9589,0.9970307,0.0014232864,0.0015460536,NORMAL
9590,0.9970474,0.001410915,0.0015416801,NORMAL
9591,0.9970599,0.0013997209,0.0015403796,NORMAL
9592,0.9969792,0.0014674845,0.0015532965,NORMAL
9593,0.9970279,0.001428209,0.0015438467,NORMAL
9594,0.9968502,0.0015124019,0.0016374491,NORMAL
9595,0.997015,0.001415893,0.0015691323,NORMAL
9596,0.9970383,0.001413076,0.0015485969,NORMAL
9597,0.9969858,0.0014584954,0.001555782,NORMAL
9598,0.9969992,0.0014402103,0.0015606282,NORMAL
9599,0.99701643,0.0014200022,0.001563545,NORMAL
9600,0.9970506,0.001402447,0.001546939,NORMAL
9601,0.99706084,0.0013971805,0.0015419573,NORMAL
9602,0.99700654,0.0014530768,0.0015403741,NORMAL
9603,0.9970482,0.0014120316,0.0015397958,NORMAL
9604,0.99702495,0.0014191847,0.0015558434,NORMAL
9605,0.99706745,0.0013879278,0.0015446505,NORMAL
9606,0.99704343,0.0014153675,0.001541236,NORMAL
9607,0.99702823,0.0014315436,0.0015401993,NORMAL
9608,0.9970119,0.0014321248,0.0015559534,NORMAL
9609,0.996927,0.0014998913,0.00157311,NORMAL
9610,0.99688256,0.0014766546,0.0016408068,NORMAL
9611,0.9969628,0.001451078,0.0015861272,NORMAL
9612,0.99703443,0.0014258347,0.0015397746,NORMAL
9613,0.99702215,0.0014231105,0.0015547709,NORMAL
9614,0.9968608,0.0015055457,0.0016336825,NORMAL
9615,0.9970182,0.0014138361,0.0015680023,NORMAL
9616,0.99692994,0.0014922387,0.0015778078,NORMAL
9617,0.9970031,0.0014306832,0.0015662,NORMAL
9618,0.9970488,0.0014034639,0.0015477389,NORMAL
9619,0.9969743,0.0014524865,0.0015732447,NORMAL
9620,0.9962224,0.0018303305,0.0019473212,NORMAL
9621,0.99704343,0.0013917637,0.0015648259,NORMAL
9622,0.9969773,0.0014594169,0.00156328,NORMAL
9623,0.99704576,0.00140737,0.0015468701,NORMAL
9624,0.9968342,0.0015413922,0.0016244423,NORMAL
9625,0.9968467,0.0015164877,0.0016368846,NORMAL
9626,0.9968294,0.0015294197,0.0016411903,NORMAL
9627,0.99687797,0.0014868364,0.001635242,NORMAL
9628,0.9969815,0.001434056,0.0015844891,NORMAL
9629,0.9970423,0.0014044757,0.0015532256,NORMAL
9630,0.9970546,0.001405613,0.0015398057,NORMAL
9631,0.9970297,0.0014130516,0.001557293,NORMAL
9632,0.9969701,0.0014714836,0.0015583705,NORMAL
9633,0.99699134,0.0014633154,0.0015453165,NORMAL
9634,0.9970431,0.001415441,0.0015414704,NORMAL
9635,0.9970437,0.0014160248,0.0015402936,NORMAL
9636,0.99705875,0.0014012539,0.0015399635,NORMAL
9637,0.9970633,0.0013968225,0.0015398646,NORMAL
9638,0.99699324,0.0014536193,0.0015531624,NORMAL
9639,0.9970477,0.001412447,0.0015397951,NORMAL
9640,0.9970424,0.0014001561,0.0015573131,NORMAL
9641,0.9970584,0.0013964932,0.0015450695,NORMAL
9642,0.99706316,0.0013953943,0.0015413964,NORMAL
9643,0.996981,0.0014653929,0.0015536027,NORMAL
9644,0.9970325,0.001423547,0.0015439448,NORMAL
9645,0.99704355,0.0014153722,0.0015410407,NORMAL
9646,0.99702525,0.0014346654,0.001540136,NORMAL
9647,0.9970342,0.0014259337,0.0015398869,NORMAL
9648,0.99710363,0.0013153492,0.0015809801,NORMAL
9649,0.99710363,0.0013153492,0.0015809801,NORMAL
9650,0.99710363,0.0013153492,0.0015809801,NORMAL
9651,0.99710363,0.0013153492,0.0015809801,NORMAL
9652,0.99710363,0.0013153492,0.0015809801,NORMAL
9653,0.99710363,0.0013153492,0.0015809801,NORMAL
9654,0.99710363,0.0013153492,0.0015809801,NORMAL
9655,0.99710363,0.0013153492,0.0015809801,NORMAL
9656,0.99710363,0.0013153492,0.0015809801,NORMAL
9657,0.99710363,0.0013153492,0.0015809801,NORMAL
9658,0.99710363,0.0013153492,0.0015809801,NORMAL
9659,0.99707395,0.0013288334,0.0015971868,NORMAL
9660,0.99709475,0.0013193944,0.0015858421,NORMAL
9661,0.99710095,0.0013165628,0.0015824387,NORMAL
9662,0.9970741,0.0013287556,0.0015970934,NORMAL
9663,0.99709475,0.0013193712,0.0015858142,NORMAL
9664,0.99710095,0.0013165558,0.0015824303,NORMAL
9665,0.99710286,0.0013157112,0.0015814152,NORMAL
9666,0.997038,0.0014221915,0.0015397801,NORMAL
9667,0.9970571,0.0014031038,0.0015398095,NORMAL
9668,0.9970293,0.0014309848,0.0015397667,NORMAL
9669,0.9970045,0.0014396404,0.0015558115,NORMAL
9670,0.9970135,0.0014419458,0.0015445673,NORMAL
9671,0.9970044,0.0014544541,0.0015411756,NORMAL
9672,0.99701345,0.00144639,0.0015401766,NORMAL
9673,0.9970497,0.0014103634,0.0015399285,NORMAL
9674,0.99706054,0.0013995554,0.0015398541,NORMAL
9675,0.99692947,0.0014779109,0.0015925919,NORMAL
9676,0.9969531,0.0014779458,0.0015689805,NORMAL
9677,0.99703157,0.0014198301,0.0015485696,NORMAL
9678,0.997013,0.0014286106,0.0015584645,NORMAL
9679,0.99704957,0.0014050296,0.0015454148,NORMAL
9680,0.99698913,0.0014560815,0.0015548274,NORMAL
9681,0.9970002,0.0014394862,0.0015603418,NORMAL
9682,0.99704576,0.0014082922,0.001545978,NORMAL
9683,0.99698,0.0014649876,0.0015549839,NORMAL
9684,0.99710363,0.0013153492,0.0015809801,NORMAL
9685,0.99710363,0.0013153492,0.0015809801,NORMAL
9686,0.99710363,0.0013153492,0.0015809801,NORMAL
9687,0.99710363,0.0013153492,0.0015809801,NORMAL
9688,0.99710363,0.0013153492,0.0015809801,NORMAL
9689,0.99710363,0.0013153492,0.0015809801,NORMAL
9690,0.9970749,0.0013283915,0.0015966558,NORMAL
9691,0.997095,0.001319262,0.0015856829,NORMAL
9692,0.99710107,0.0013165231,0.001582391,NORMAL
9693,0.99710363,0.0013153492,0.0015809801,NORMAL
9694,0.99710363,0.0013153492,0.0015809801,NORMAL
9695,0.99710363,0.0013153492,0.0015809801,NORMAL
9696,0.99710363,0.0013153492,0.0015809801,NORMAL
9697,0.99710363,0.0013153492,0.0015809801,NORMAL
9698,0.99710363,0.0013153492,0.0015809801,NORMAL
9699,0.99710363,0.0013153492,0.0015809801,NORMAL
9700,0.99710363,0.0013153492,0.0015809801,NORMAL
9701,0.99710363,0.0013153492,0.0015809801,NORMAL
9702,0.9972198,0.0012504562,0.0015296915,NORMAL
9703,0.9972377,0.0012325927,0.0015297187,NORMAL
9704,0.99724305,0.0012272337,0.0015297269,NORMAL
9705,0.9971721,0.0012982544,0.0015296182,NORMAL
9706,0.9970945,0.0013042389,0.0016012639,NORMAL
9707,0.99692404,0.00140311,0.0016728042,NORMAL
9708,0.9969667,0.0013594124,0.001673838,NORMAL
9709,0.99671286,0.0016012308,0.0016858779,NORMAL
9710,0.9970856,0.0013378251,0.0015765748,NORMAL
9711,0.9972453,0.0012249369,0.0015297305,NORMAL
9712,0.9971926,0.001277704,0.0015296497,NORMAL
9713,0.99722135,0.0012489738,0.0015296938,NORMAL
9714,0.9971615,0.0012940888,0.0015443984,NORMAL
9715,0.9971436,0.0013076232,0.0015488097,NORMAL
9716,0.99706876,0.0013801926,0.0015510385,NORMAL
9717,0.9971924,0.0012715136,0.0015361229,NORMAL
9718,0.9972029,0.0012507123,0.001546388,NORMAL
9719,0.99723256,0.0012326696,0.0015347278,NORMAL
9720,0.99703836,0.0014218407,0.0015397806,NORMAL
9721,0.99705195,0.0014082771,0.0015398017,NORMAL
9722,0.997006,0.0014413868,0.0015525831,NORMAL
9723,0.99696815,0.001454399,0.001577396,NORMAL
9724,0.9969501,0.001467767,0.0015821417,NORMAL
9725,0.99704504,0.0014025025,0.00155254,NORMAL
9726,0.9970735,0.0013829232,0.0015436595,NORMAL
9727,0.9970746,0.0013844218,0.0015409839,NORMAL
9728,0.99685663,0.0015206255,0.0016226997,NORMAL
9729,0.9970169,0.0014219431,0.0015611978,NORMAL
9730,0.9970577,0.0013961277,0.0015462454,NORMAL
9731,0.9970325,0.0014257717,0.0015417021,NORMAL
9732,0.9970462,0.0014134332,0.0015403719,NORMAL
9733,0.9970332,0.001426945,0.0015399463,NORMAL
9734,0.99697936,0.0014674601,0.0015531792,NORMAL
9735,0.99705374,0.0014024104,0.0015438513,NORMAL
9736,0.9970761,0.0013828955,0.001541053,NORMAL
9737,0.99702084,0.0014229503,0.001556201,NORMAL
9738,0.9972453,0.0012249369,0.0015297305,NORMAL
9739,0.9972312,0.0012390604,0.001529709,NORMAL
9740,0.99696505,0.0013835565,0.0016513377,NORMAL
9741,0.9970547,0.0013644032,0.0015808451,NORMAL
9742,0.9967649,0.0014887563,0.0017463395,NORMAL
9743,0.997093,0.0013122895,0.0015947007,NORMAL
9744,0.99710846,0.0013276413,0.0015638779,NORMAL
9745,0.9971961,0.001263955,0.0015399622,NORMAL
9746,0.9972305,0.0012366424,0.0015328,NORMAL
9747,0.9966624,0.0016464842,0.0016911366,NORMAL
9748,0.9967944,0.0015057836,0.001699766,NORMAL
9749,0.99711,0.0013091909,0.0015807411,NORMAL
9750,0.9972047,0.0012502131,0.0015450337,NORMAL
9751,0.9972254,0.0012402887,0.0015343097,NORMAL
9752,0.9972233,0.0012455925,0.0015310798,NORMAL
9753,0.99714696,0.0013082167,0.0015447908,NORMAL
9754,0.9972158,0.0012499208,0.0015342486,NORMAL
9755,0.99682844,0.0015275152,0.0016440703,NORMAL
9756,0.99710363,0.0013153492,0.0015809801,NORMAL
9757,0.99710363,0.0013153492,0.0015809801,NORMAL
9758,0.9970652,0.0013328408,0.001602004,NORMAL
9759,0.9970921,0.0013205967,0.0015872873,NORMAL
9760,0.9971002,0.0013169234,0.0015828722,NORMAL
9761,0.9971026,0.0013158214,0.0015815478,NORMAL
9762,0.99710333,0.0013154909,0.0015811505,NORMAL
9763,0.99707484,0.0013284341,0.0015967069,NORMAL
9764,0.997095,0.0013192747,0.0015856982,NORMAL
9765,0.9970638,0.0013334402,0.0016027238,NORMAL
9766,0.99709165,0.0013207765,0.0015875032,NORMAL
9767,0.9970499,0.0013397352,0.0016102901,NORMAL
9768,0.9970374,0.0013454228,0.0016171262,NORMAL
9769,0.9970838,0.0013243713,0.001591824,NORMAL
9770,0.9970977,0.0013180559,0.0015842333,NORMAL
9771,0.99710184,0.0013161612,0.001581956,NORMAL
9772,0.99706465,0.0013330843,0.0016022968,NORMAL
9773,0.99709195,0.0013206698,0.0015873752,NORMAL
9774,0.99710363,0.0013153492,0.0015809801,NORMAL
9775,0.99710363,0.0013153492,0.0015809801,NORMAL
9776,0.99710363,0.0013153492,0.0015809801,NORMAL
9777,0.99710363,0.0013153492,0.0015809801,NORMAL
9778,0.9970268,0.0013502255,0.0016228997,NORMAL
9779,0.9970236,0.0013516966,0.0016246677,NORMAL
9780,0.9970796,0.0013262534,0.0015940864,NORMAL
9781,0.9970964,0.0013186205,0.001584912,NORMAL
9782,0.9971015,0.0013163306,0.0015821597,NORMAL
9783,0.99710363,0.0013153492,0.0015809801,NORMAL
9784,0.99703586,0.00134613,0.0016179766,NORMAL
9785,0.9970833,0.0013245834,0.0015920791,NORMAL
9786,0.99704057,0.001344004,0.0016154215,NORMAL
9787,0.99708474,0.0013239456,0.0015913126,NORMAL
9788,0.99709797,0.0013179281,0.0015840798,NORMAL
9789,0.9971019,0.001316123,0.0015819101,NORMAL
9790,0.9969541,0.0013832697,0.0016626169,NORMAL
9791,0.99697304,0.0013746445,0.0016522497,NORMAL
9792,0.9969181,0.0014684516,0.0016134846,NORMAL
9793,0.9969539,0.0014692761,0.0015768316,NORMAL
9794,0.99701023,0.0014237944,0.0015659072,NORMAL
9795,0.9969747,0.0014465626,0.0015787141,NORMAL
9796,0.99655056,0.0016402612,0.0018092187,NORMAL
9797,0.9967568,0.0015316622,0.0017116178,NORMAL
9798,0.9966526,0.0016006664,0.0017467807,NORMAL
9799,0.99686086,0.0014974325,0.0016417352,NORMAL
9800,0.99676806,0.001549846,0.0016821099,NORMAL
9801,0.9965591,0.0016329482,0.0018079968,NORMAL
9802,0.9967344,0.0015798102,0.0016857958,NORMAL
9803,0.99693835,0.0014619482,0.0015996553,NORMAL
9804,0.9970056,0.001421596,0.0015727542,NORMAL
9805,0.99700916,0.0014411272,0.0015496429,NORMAL
9806,0.996943,0.0014614051,0.0015955966,NORMAL
9807,0.9969294,0.0014980914,0.0015724833,NORMAL
9808,0.9966867,0.0015882294,0.0017250625,NORMAL
9809,0.99678624,0.0015528747,0.0016609377,NORMAL
9810,0.9970626,0.001333981,0.0016033739,NORMAL
9811,0.9970634,0.0013336025,0.0016029188,NORMAL
9812,0.99706364,0.0013334888,0.0016027824,NORMAL
9813,0.99709165,0.0013207911,0.0015875208,NORMAL
9814,0.99710006,0.0013169817,0.0015829423,NORMAL
9815,0.99706787,0.0013316117,0.0016005263,NORMAL
9816,0.9970929,0.001320228,0.001586844,NORMAL
9817,0.99703735,0.0013454655,0.0016171782,NORMAL
9818,0.9970838,0.0013243841,0.0015918396,NORMAL
9819,0.99710363,0.0013153492,0.0015809801,NORMAL
9820,0.99703974,0.0013443866,0.0016158815,NORMAL
9821,0.99705577,0.0013371027,0.0016071262,NORMAL
9822,0.99708927,0.0013218753,0.001588824,NORMAL
9823,0.9970189,0.0013538426,0.0016272464,NORMAL
9824,0.9970782,0.0013268972,0.00159486,NORMAL
9825,0.997096,0.0013188137,0.0015851441,NORMAL
9826,0.9970734,0.0013290523,0.0015974499,NORMAL
9827,0.9970946,0.0013194601,0.001585921,NORMAL
9828,0.99706525,0.0013949234,0.0015398222,NORMAL
9829,0.9970075,0.0014527601,0.001539733,NORMAL
9830,0.99696386,0.0014829673,0.0015531031,NORMAL
9831,0.9969634,0.0014794628,0.0015571339,NORMAL
9832,0.9970224,0.0014325518,0.0015449966,NORMAL
9833,0.996973,0.0014722656,0.0015546895,NORMAL
9834,0.9969661,0.0014762523,0.0015576098,NORMAL
9835,0.9970355,0.0014193221,0.0015451584,NORMAL
9836,0.99704444,0.0014141047,0.0015414048,NORMAL
9837,0.99706525,0.0013949234,0.0015398222,NORMAL
9838,0.99686533,0.0015225373,0.0016121806,NORMAL
9839,0.9970052,0.0014332077,0.0015615297,NORMAL
9840,0.9969628,0.0014775305,0.0015596414,NORMAL
9841,0.99702704,0.0014271883,0.0015457564,NORMAL
9842,0.99702024,0.0014382101,0.0015415507,NORMAL
9843,0.9970342,0.001407885,0.0015578398,NORMAL
9844,0.9969845,0.0014569381,0.0015585549,NORMAL
9845,0.9969957,0.0014589519,0.001545372,NORMAL
9846,0.9968749,0.0014192419,0.0017058536,NORMAL
9847,0.99700534,0.0013600012,0.0016346488,NORMAL
9848,0.99704623,0.0013414085,0.0016123013,NORMAL
9849,0.9970864,0.001323167,0.0015903765,NORMAL
9850,0.99709845,0.0013176946,0.001583799,NORMAL
9851,0.9971021,0.0013160529,0.0015818258,NORMAL
9852,0.9971032,0.0013155603,0.0015812338,NORMAL
9853,0.9971035,0.0013154126,0.0015810563,NORMAL
9854,0.9971036,0.0013153682,0.001581003,NORMAL
9855,0.99710363,0.0013153492,0.0015809801,NORMAL
9856,0.99710363,0.0013153492,0.0015809801,NORMAL
9857,0.99710363,0.0013153492,0.0015809801,NORMAL
9858,0.99710363,0.0013153492,0.0015809801,NORMAL
9859,0.99710363,0.0013153492,0.0015809801,NORMAL
9860,0.99710363,0.0013153492,0.0015809801,NORMAL
9861,0.99710363,0.0013153492,0.0015809801,NORMAL
9862,0.99710363,0.0013153492,0.0015809801,NORMAL
9863,0.99710363,0.0013153492,0.0015809801,NORMAL
9864,0.996926,0.001484729,0.0015892644,NORMAL
9865,0.99702567,0.0014196776,0.0015546582,NORMAL
9866,0.996982,0.0014604758,0.0015576005,NORMAL
9867,0.9970546,0.0014003152,0.0015451777,NORMAL
9868,0.9969979,0.0014473554,0.0015547677,NORMAL
9869,0.99699974,0.0014221866,0.0015781055,NORMAL
9870,0.99698144,0.0014539168,0.001564646,NORMAL
9871,0.99703085,0.0014218767,0.0015472551,NORMAL
9872,0.99706924,0.0013887354,0.001542074,NORMAL
9873,0.9968635,0.0014666958,0.0016698197,NORMAL
9874,0.99695945,0.0014279888,0.0016126211,NORMAL
9875,0.99703646,0.0014019178,0.0015616664,NORMAL
9876,0.9969875,0.0014528305,0.0015597065,NORMAL
9877,0.99705625,0.0013980216,0.0015458094,NORMAL
9878,0.99701726,0.0014073865,0.001575418,NORMAL
9879,0.99698174,0.0014544711,0.0015638319,NORMAL
9880,0.9970126,0.0014243465,0.001563066,NORMAL
9881,0.9967611,0.001536688,0.0017022714,NORMAL
9882,0.9971359,0.0013134237,0.0015507004,NORMAL
9883,0.99717,0.0012793211,0.0015507365,NORMAL
9884,0.99721456,0.001249459,0.0015360198,NORMAL
9885,0.9972266,0.0012418588,0.0015316027,NORMAL
9886,0.9972397,0.0012300136,0.0015302921,NORMAL
9887,0.99724364,0.0012264599,0.001529899,NORMAL
9888,0.99723667,0.0012336005,0.0015297686,NORMAL
9889,0.99722326,0.0012470164,0.0015297122,NORMAL
9890,0.9972387,0.0012315607,0.001529725,NORMAL
9891,0.9972453,0.0012249369,0.0015297305,NORMAL
9892,0.99723715,0.0012331437,0.001529718,NORMAL
9893,0.99722874,0.0012415225,0.0015297052,NORMAL
9894,0.9972322,0.0012381193,0.0015297104,NORMAL
9895,0.9968215,0.0015357767,0.0016426888,NORMAL
9896,0.9970827,0.001338602,0.0015787053,NORMAL
9897,0.9971556,0.0013000212,0.0015443602,NORMAL
9898,0.9972184,0.0012474622,0.0015341194,NORMAL
9899,0.99715185,0.0013024339,0.0015457125,NORMAL
9900,0.9969632,0.001477961,0.0015588613,NORMAL
9901,0.9970231,0.001431352,0.0015455161,NORMAL
9902,0.99700266,0.0014397505,0.0015575363,NORMAL
9903,0.99694353,0.0014743899,0.0015820626,NORMAL
9904,0.9970287,0.0014187633,0.0015524942,NORMAL
9905,0.997047,0.0014093913,0.0015436125,NORMAL
9906,0.9970066,0.001452518,0.0015408772,NORMAL
9907,0.99700546,0.0014384171,0.0015561567,NORMAL
9908,0.9969523,0.0014660627,0.0015816613,NORMAL
9909,0.99686617,0.0015175848,0.0016162543,NORMAL
9910,0.9970055,0.0014317218,0.0015627518,NORMAL
9911,0.99698913,0.0014643199,0.0015466111,NORMAL
9912,0.9970002,0.0014419577,0.0015578768,NORMAL
9913,0.99705267,0.0014021322,0.0015452491,NORMAL
9914,0.9969821,0.0014631397,0.0015547653,NORMAL
9915,0.9970043,0.0014365368,0.0015592646,NORMAL
9916,0.99697554,0.0014655336,0.0015589823,NORMAL
9917,0.99705267,0.0014018326,0.0015455922,NORMAL
9918,0.99721754,0.001252766,0.001529688,NORMAL
9919,0.99723697,0.0012332856,0.0015297177,NORMAL
9920,0.9972156,0.0012395321,0.0015448269,NORMAL
9921,0.9969822,0.0013423667,0.0016754419,NORMAL
9922,0.99640745,0.0017502732,0.0018423197,NORMAL
9923,0.99687505,0.00147189,0.0016531025,NORMAL
9924,0.9970962,0.0013224435,0.0015814638,NORMAL
9925,0.9967253,0.0016165373,0.0016581209,NORMAL
9926,0.9970893,0.0013424171,0.0015682476,NORMAL
9927,0.9972453,0.0012249369,0.0015297305,NORMAL
9928,0.9972453,0.0012249369,0.0015297305,NORMAL
9929,0.9968184,0.0015388848,0.0016426829,NORMAL
9930,0.9971173,0.0013191213,0.0015636162,NORMAL
9931,0.9966557,0.0016753053,0.0016689932,NORMAL
9932,0.9970684,0.0013600474,0.0015715093,NORMAL
9933,0.99719226,0.00126547,0.0015422641,NORMAL
9934,0.9971517,0.0013149224,0.0015333714,NORMAL
9935,0.99721724,0.0012519326,0.0015308227,NORMAL
9936,0.99684864,0.0015379227,0.0016133722,NORMAL
9937,0.99693024,0.0014673604,0.0016024084,NORMAL
9938,0.9969771,0.0014482897,0.0015746077,NORMAL
9939,0.9970112,0.001422492,0.0015662988,NORMAL
9940,0.99700373,0.0014147277,0.0015815648,NORMAL
9941,0.99705374,0.0013939631,0.0015523555,NORMAL
9942,0.9970761,0.0013803614,0.0015436042,NORMAL
9943,0.99699414,0.001448955,0.0015569245,NORMAL
9944,0.9970582,0.001396859,0.0015449749,NORMAL
9945,0.99704117,0.0014190054,0.0015397851,NORMAL
9946,0.99705803,0.001402148,0.001539811,NORMAL
9947,0.9970598,0.0013827927,0.0015573403,NORMAL
9948,0.997036,0.0014028429,0.0015611185,NORMAL
9949,0.99695265,0.001449548,0.0015977735,NORMAL
9950,0.9969404,0.001450798,0.0016087906,NORMAL
9951,0.9969634,0.0014471342,0.0015895393,NORMAL
9952,0.9970042,0.0014410736,0.0015546903,NORMAL
9953,0.9970294,0.001408744,0.0015617816,NORMAL
9954,0.9969632,0.001477961,0.0015588613,NORMAL
9955,0.99702716,0.0014273175,0.0015455224,NORMAL
9956,0.9970538,0.0014046417,0.0015415322,NORMAL
9957,0.99697816,0.001468167,0.0015536435,NORMAL
9958,0.9970193,0.0014367386,0.001543938,NORMAL
9959,0.99700606,0.0014528921,0.0015409868,NORMAL
9960,0.9970062,0.0014536604,0.0015401078,NORMAL
9961,0.99695873,0.0014854015,0.001555853,NORMAL
9962,0.9970135,0.001441909,0.0015446008,NORMAL
9963,0.99693847,0.001499005,0.001562601,NORMAL
9964,0.9969436,0.0014964761,0.0015599641,NORMAL
9965,0.9969493,0.0014914429,0.0015591797,NORMAL
9966,0.99701893,0.0014353965,0.0015456117,NORMAL
9967,0.99705136,0.0014070653,0.001541559,NORMAL
9968,0.99698967,0.0014566922,0.0015536707,NORMAL
9969,0.9969759,0.0014641883,0.0015599565,NORMAL
9970,0.99703115,0.0014230189,0.0015458511,NORMAL
9971,0.99704015,0.0014182981,0.0015416078,NORMAL
9972,0.99708563,0.001374532,0.0015398536,NORMAL
9973,0.99684083,0.0015138203,0.0016452523,NORMAL
9974,0.996763,0.0015382176,0.0016987863,NORMAL
9975,0.99680865,0.0015316517,0.0016597678,NORMAL
9976,0.9968734,0.0014921618,0.0016344395,NORMAL
9977,0.9969166,0.0014635822,0.0016197904,NORMAL
9978,0.9969466,0.0014584989,0.0015948791,NORMAL
9979,0.996874,0.0014974289,0.0016286126,NORMAL
9980,0.9968054,0.0015178911,0.0016766633,NORMAL
9981,0.9968411,0.0014891444,0.0016697822,NORMAL
9982,0.9968754,0.0014734578,0.0016511381,NORMAL
9983,0.9965795,0.0016328963,0.001787625,NORMAL
9984,0.9969338,0.0014520413,0.001614185,NORMAL
9985,0.99704015,0.0013977848,0.001562153,NORMAL
9986,0.99694145,0.0014605254,0.0015980637,NORMAL
9987,0.9968844,0.0015040222,0.0016116406,NORMAL
9988,0.9969361,0.0014620812,0.001601881,NORMAL
9989,0.9970408,0.0014007968,0.0015584618,NORMAL
9990,0.9972453,0.0012249369,0.0015297305,NORMAL
9991,0.99723715,0.0012331437,0.001529718,NORMAL
9992,0.99709433,0.0013613655,0.0015442937,NORMAL
9993,0.9971194,0.0013314672,0.0015491166,NORMAL
9994,0.99718034,0.0012689866,0.0015506465,NORMAL
9995,0.9971936,0.0012524822,0.0015539025,NORMAL
9996,0.9968029,0.0015471485,0.0016499346,NORMAL
9997,0.99702144,0.0013980989,0.001580448,NORMAL
9998,0.99717,0.0012850922,0.0015449333,NORMAL
9999,0.9972453,0.0012249369,0.0015297305,NORMAL
10000,0.9969693,0.0013793195,0.0016513442,NORMAL
10001,0.9966873,0.0016336001,0.0016790851,NORMAL
10002,0.9970697,0.0013557426,0.0015745244,NORMAL
10003,0.9971926,0.0012641787,0.0015431687,NORMAL
10004,0.99666613,0.0016710619,0.001662838,NORMAL
10005,0.9969171,0.001461315,0.0016215178,NORMAL
10006,0.9970273,0.0013855164,0.0015872272,NORMAL
10007,0.9971123,0.0013408699,0.0015468758,NORMAL
10008,0.9972453,0.0012249369,0.0015297305,NORMAL
10009,0.99714524,0.0013103734,0.001544373,NORMAL
10010,0.9972153,0.0012505678,0.0015341232,NORMAL
10011,0.9968172,0.0015387355,0.0016440139,NORMAL
10012,0.9970403,0.0013810173,0.0015786944,NORMAL
10013,0.9967936,0.0015489308,0.0016574344,NORMAL
10014,0.99710983,0.0013221351,0.0015680416,NORMAL
10015,0.9971769,0.0012819701,0.0015411812,NORMAL
10016,0.9967496,0.0016043953,0.0016460362,NORMAL
10017,0.996851,0.0014454833,0.0017034644,NORMAL
10018,0.99711883,0.0012993076,0.0015818381,NORMAL
10019,0.9972074,0.0012472481,0.0015453628,NORMAL
10020,0.997234,0.0012316303,0.0015344202,NORMAL
10021,0.996815,0.0015408929,0.0016440898,NORMAL
10022,0.9970896,0.0013315261,0.001578778,NORMAL
10023,0.9971905,0.0012651205,0.0015444322,NORMAL
10024,0.9971762,0.0012897591,0.0015340602,NORMAL
10025,0.99722457,0.0012443836,0.0015310294,NORMAL
10026,0.997124,0.0013253229,0.001550682,NORMAL
10027,0.9969238,0.0014186014,0.001657614,NORMAL
10028,0.9971411,0.0012908052,0.0015680838,NORMAL
10029,0.99719805,0.0012607474,0.001541212,NORMAL
10030,0.9971546,0.0012976208,0.0015478538,NORMAL
10031,0.99694204,0.0014011245,0.0016567812,NORMAL
10032,0.9971466,0.0012855622,0.0015678339,NORMAL
10033,0.997208,0.0012508935,0.0015411498,NORMAL
10034,0.99694896,0.0013962726,0.0016547544,NORMAL
10035,0.9965256,0.0015527576,0.0019216879,NORMAL
10036,0.99668634,0.00152276,0.0017908488,NORMAL
10037,0.9970699,0.0013220528,0.0016080542,NORMAL
10038,0.99678516,0.0015237317,0.0016910922,NORMAL
10039,0.9970915,0.0013303934,0.0015781149,NORMAL
10040,0.9971755,0.0012803043,0.0015442095,NORMAL
10041,0.99721664,0.0012493161,0.0015340624,NORMAL
10042,0.9967912,0.0015399982,0.0016688288,NORMAL
10043,0.99663866,0.0016114116,0.0017499387,NORMAL
10044,0.9970312,0.0014290361,0.0015397697,NORMAL
10045,0.99704015,0.0014201032,0.0015397833,NORMAL
10046,0.9970503,0.0014099601,0.0015397989,NORMAL
10047,0.9970186,0.0014256497,0.0015558333,NORMAL
10048,0.99703634,0.0014190874,0.0015446024,NORMAL
10049,0.9969721,0.0014732943,0.0015545633,NORMAL
10050,0.9970373,0.0014184347,0.0015442445,NORMAL
10051,0.99705684,0.0014019768,0.0015411489,NORMAL
10052,0.9970553,0.0014045222,0.0015402087,NORMAL
10053,0.99706525,0.0013949234,0.0015398222,NORMAL
10054,0.9970414,0.0014188024,0.0015397855,NORMAL
10055,0.99700814,0.0014359857,0.0015558171,NORMAL
10056,0.99704814,0.0014072421,0.0015446206,NORMAL
10057,0.9970452,0.0014135651,0.0015412386,NORMAL
10058,0.997017,0.0014267312,0.0015562652,NORMAL
10059,0.9970433,0.0014119486,0.0015447435,NORMAL
10060,0.99700546,0.0014532852,0.0015412165,NORMAL
10061,0.9970473,0.001412432,0.0015402405,NORMAL
10062,0.9972343,0.0012360355,0.0015297136,NORMAL
10063,0.9971334,0.0013222449,0.0015443546,NORMAL
10064,0.99683005,0.001491409,0.0016785407,NORMAL
10065,0.99669546,0.0015751632,0.0017292977,NORMAL
10066,0.99698925,0.0014065034,0.0016042569,NORMAL
10067,0.99716854,0.0012794068,0.0015520884,NORMAL
10068,0.99721456,0.0012490469,0.0015364261,NORMAL
10069,0.99687517,0.0014306887,0.0016941788,NORMAL
10070,0.99676853,0.0015089246,0.0017225565,NORMAL
10071,0.99660826,0.001640767,0.0017509985,NORMAL
10072,0.99698836,0.0014005598,0.0016111508,NORMAL
10073,0.9971234,0.001307381,0.0015692293,NORMAL
10074,0.9970068,0.0013577252,0.0016354473,NORMAL
10075,0.99715793,0.0012805914,0.0015614214,NORMAL
10076,0.99721134,0.0012494023,0.0015392259,NORMAL
10077,0.99622536,0.0019261054,0.0018485188,NORMAL
10078,0.9969127,0.0014470898,0.0016401068,NORMAL
10079,0.99712354,0.0013136035,0.0015628097,NORMAL
10080,0.99710363,0.0013153492,0.0015809801,NORMAL
10081,0.99710363,0.0013153492,0.0015809801,NORMAL
10082,0.99710363,0.0013153492,0.0015809801,NORMAL
10083,0.99710363,0.0013153492,0.0015809801,NORMAL
10084,0.99710363,0.0013153492,0.0015809801,NORMAL
10085,0.99710363,0.0013153492,0.0015809801,NORMAL
10086,0.99665195,0.0015205089,0.0018275706,NORMAL
10087,0.99696815,0.0013768971,0.0016549573,NORMAL
10088,0.99701446,0.0013558714,0.0016296855,NORMAL
10089,0.99710363,0.0013153492,0.0015809801,NORMAL
10090,0.99710363,0.0013153492,0.0015809801,NORMAL
10091,0.99710363,0.0013153492,0.0015809801,NORMAL
10092,0.9970749,0.0013283915,0.0015966558,NORMAL
10093,0.99706626,0.0013323042,0.0016013585,NORMAL
10094,0.9970637,0.001333478,0.0016027694,NORMAL
10095,0.99709165,0.0013207878,0.0015875169,NORMAL
10096,0.99710006,0.0013169808,0.0015829412,NORMAL
10097,0.99710256,0.0013158387,0.0015815685,NORMAL
10098,0.9970638,0.0013334402,0.0016027238,NORMAL
10099,0.99709165,0.0013207765,0.0015875032,NORMAL
10100,0.99710006,0.0013169774,0.0015829371,NORMAL
10101,0.99710256,0.0013158377,0.0015815672,NORMAL
10102,0.9970666,0.0013321629,0.0016011888,NORMAL
10103,0.99709255,0.0013203933,0.0015870427,NORMAL
10104,0.99710035,0.0013168624,0.0015827989,NORMAL
10105,0.9971026,0.0013158032,0.0015815258,NORMAL
10106,0.9970667,0.0013321524,0.0016011763,NORMAL
10107,0.9970638,0.0013334402,0.0016027238,NORMAL
10108,0.99709165,0.0013207765,0.0015875032,NORMAL
10109,0.99710006,0.0013169774,0.0015829371,NORMAL
10110,0.9963303,0.0016665384,0.0020030902,NORMAL
10111,0.99601835,0.0018082579,0.0021734294,NORMAL
10112,0.99671304,0.0014927813,0.0017942437,NORMAL
10113,0.9969498,0.0013852459,0.0016649917,NORMAL
10114,0.9970575,0.0013363182,0.0016061836,NORMAL
10115,0.9970898,0.0013216399,0.0015885412,NORMAL
10116,0.9970546,0.001405613,0.0015398057,NORMAL
10117,0.9969999,0.0014443009,0.001555804,NORMAL
10118,0.99702317,0.0014322794,0.0015445821,NORMAL
10119,0.9970411,0.0014176475,0.0015412323,NORMAL
10120,0.9969866,0.0014598669,0.0015535727,NORMAL
10121,0.9969842,0.0014558746,0.0015599416,NORMAL
10122,0.9970409,0.0014132088,0.001545858,NORMAL
10123,0.997043,0.0014153551,0.0015416099,NORMAL
10124,0.99704707,0.0014125702,0.0015403407,NORMAL
10125,0.99706525,0.0013949234,0.0015398222,NORMAL
10126,0.99705034,0.0014098694,0.0015397992,NORMAL
10127,0.99696577,0.0014574984,0.001576754,NORMAL
10128,0.9970354,0.001413696,0.0015509017,NORMAL
10129,0.99704397,0.0014128217,0.001543127,NORMAL
10130,0.9970134,0.0014458133,0.0015407434,NORMAL
10131,0.9970497,0.0014101904,0.0015400986,NORMAL
10132,0.99706054,0.0013995036,0.0015399051,NORMAL
10133,0.99701846,0.0014417215,0.0015397769,NORMAL
10134,0.9969351,0.0014513338,0.0016135122,NORMAL
10135,0.9966855,0.0015839481,0.0017305476,NORMAL
10136,0.9968159,0.0015147959,0.0016693466,NORMAL
10137,0.996812,0.0015371449,0.0016509152,NORMAL
10138,0.99698603,0.0014232917,0.0015906715,NORMAL
10139,0.9969504,0.0014429211,0.00160666,NORMAL
10140,0.99696213,0.0014647089,0.0015732052,NORMAL
10141,0.99693054,0.0014681078,0.0016013995,NORMAL
10142,0.99693376,0.0014563659,0.0016098784,NORMAL
10143,0.9969013,0.0014614582,0.0016372362,NORMAL
10144,0.9966284,0.0016178734,0.0017536487,NORMAL
10145,0.99687785,0.0015048122,0.0016173213,NORMAL
10146,0.9969399,0.0014836988,0.0015764029,NORMAL
10147,0.99704194,0.0014072821,0.0015508183,NORMAL
10148,0.99678123,0.001547484,0.0016713359,NORMAL
10149,0.99697685,0.0014263934,0.0015967977,NORMAL
10150,0.9968904,0.001480399,0.0016292005,NORMAL
10151,0.99675524,0.0015727566,0.0016720104,NORMAL
10152,0.99710363,0.0013153492,0.0015809801,NORMAL
10153,0.99704665,0.0013412336,0.0016120918,NORMAL
10154,0.9970865,0.0013231145,0.0015903136,NORMAL
10155,0.9970415,0.0013435632,0.0016148918,NORMAL
10156,0.997028,0.0013496978,0.0016222653,NORMAL
10157,0.9970809,0.0013256539,0.0015933657,NORMAL
10158,0.99709684,0.0013184407,0.0015846958,NORMAL
10159,0.9971016,0.0013162766,0.0015820948,NORMAL
10160,0.997038,0.0013451868,0.0016168433,NORMAL
10161,0.99710363,0.0013153492,0.0015809801,NORMAL
10162,0.99710363,0.0013153492,0.0015809801,NORMAL
10163,0.99706894,0.0013311219,0.0015999376,NORMAL
10164,0.9970653,0.0013327447,0.001601888,NORMAL
10165,0.9970921,0.0013205679,0.0015872525,NORMAL
10166,0.9971002,0.0013169148,0.0015828619,NORMAL
10167,0.99704564,0.0013417033,0.0016126563,NORMAL
10168,0.9970862,0.0013232555,0.001590483,NORMAL
10169,0.99709845,0.0013177211,0.001583831,NORMAL
10170,0.99710363,0.0013153492,0.0015809801,NORMAL
10171,0.99707574,0.0013280129,0.0015962007,NORMAL
10172,0.99664354,0.001524308,0.0018321368,NORMAL
10173,0.99696565,0.0013780368,0.0016563272,NORMAL
10174,0.9970622,0.0013341554,0.0016035843,NORMAL
10175,0.9970912,0.0013209911,0.0015877613,NORMAL
10176,0.9970999,0.0013170418,0.0015830145,NORMAL
10177,0.9971025,0.001315857,0.0015815904,NORMAL
10178,0.99710333,0.0013155015,0.0015811631,NORMAL
10179,0.99710363,0.0013153492,0.0015809801,NORMAL
10180,0.99707574,0.0013280129,0.0015962007,NORMAL
10181,0.99703825,0.0013450327,0.001616658,NORMAL
10182,0.997084,0.0013242543,0.0015916835,NORMAL
10183,0.99709773,0.0013180207,0.0015841911,NORMAL
10184,0.9971019,0.0013161507,0.0015819434,NORMAL
10185,0.9971031,0.0013155896,0.0015812691,NORMAL
10186,0.99710345,0.0013154213,0.0015810668,NORMAL
10187,0.9971036,0.0013153709,0.0015810061,NORMAL
10188,0.9972343,0.0012360355,0.0015297136,NORMAL
10189,0.9972342,0.0012360355,0.0015297136,NORMAL
10190,0.997242,0.0012282665,0.0015297254,NORMAL
10191,0.9970685,0.0013871929,0.0015442537,NORMAL
10192,0.99719226,0.0012736137,0.0015340874,NORMAL
10193,0.9971795,0.0012744126,0.0015461023,NORMAL
10194,0.997106,0.0013294457,0.0015646026,NORMAL
10195,0.9972035,0.0012562895,0.001540192,NORMAL
10196,0.997098,0.0013545175,0.0015474574,NORMAL
10197,0.9966979,0.0015753943,0.00172674,NORMAL
10198,0.9970811,0.0013300742,0.0015888333,NORMAL
10199,0.9970912,0.0013313814,0.001577445,NORMAL
10200,0.9970617,0.0013642631,0.0015739774,NORMAL
10201,0.9971464,0.0012908925,0.001562723,NORMAL
10202,0.99712455,0.0013212222,0.0015542845,NORMAL
10203,0.9971175,0.001345486,0.0015369564,NORMAL
10204,0.99719286,0.0012752252,0.0015318767,NORMAL
10205,0.9969444,0.001403572,0.0016519725,NORMAL
10206,0.99710363,0.0013153492,0.0015809801,NORMAL
10207,0.99710363,0.0013153492,0.0015809801,NORMAL
10208,0.99710363,0.0013153492,0.0015809801,NORMAL
10209,0.9970551,0.001337407,0.0016074924,NORMAL
10210,0.9970891,0.0013219665,0.0015889339,NORMAL
10211,0.9970993,0.0013173344,0.0015833662,NORMAL
10212,0.9971023,0.0013159448,0.001581696,NORMAL
10213,0.9971032,0.001315528,0.0015811949,NORMAL
10214,0.9971035,0.0013154028,0.0015810446,NORMAL
10215,0.99710363,0.0013153492,0.0015809801,NORMAL
10216,0.99710363,0.0013153492,0.0015809801,NORMAL
10217,0.99710363,0.0013153492,0.0015809801,NORMAL
10218,0.99710363,0.0013153492,0.0015809801,NORMAL
10219,0.99710363,0.0013153492,0.0015809801,NORMAL
10220,0.99710363,0.0013153492,0.0015809801,NORMAL
10221,0.99710363,0.0013153492,0.0015809801,NORMAL
10222,0.99710363,0.0013153492,0.0015809801,NORMAL
10223,0.99710363,0.0013153492,0.0015809801,NORMAL
10224,0.99710363,0.0013153492,0.0015809801,NORMAL
10225,0.9970749,0.0013283915,0.0015966558,NORMAL
10226,0.9970603,0.0013350346,0.0016046403,NORMAL
10227,0.99703366,0.0013471392,0.0016191899,NORMAL
10228,0.99708265,0.0013248862,0.0015924431,NORMAL
10229,0.9970404,0.0013440948,0.0016155307,NORMAL
10230,0.9970847,0.0013239728,0.0015913453,NORMAL
10231,0.99709797,0.0013179363,0.0015840897,NORMAL
10232,0.9966091,0.0015399851,0.0018509803,NORMAL
10233,0.99710363,0.0013153492,0.0015809801,NORMAL
10234,0.99661076,0.0015392089,0.0018500475,NORMAL
10235,0.99695575,0.0013825072,0.0016617004,NORMAL
10236,0.9970593,0.0013354965,0.0016051962,NORMAL
10237,0.99709034,0.0013213934,0.0015882449,NORMAL
10238,0.99709964,0.0013171625,0.0015831596,NORMAL
10239,0.9970737,0.0013289355,0.0015973096,NORMAL
10240,0.99709463,0.0013194251,0.001585879,NORMAL
10241,0.99710095,0.001316572,0.0015824498,NORMAL
10242,0.9970626,0.001333981,0.0016033739,NORMAL
10243,0.9970913,0.0013209388,0.0015876982,NORMAL
10244,0.99707204,0.0013296898,0.0015982161,NORMAL
10245,0.9970654,0.0013326937,0.0016018266,NORMAL
10246,0.9970575,0.0013363253,0.0016061915,NORMAL
10247,0.9970464,0.001341342,0.0016122212,NORMAL
10248,0.99708647,0.0013231471,0.0015903525,NORMAL
10249,0.99709845,0.0013176886,0.0015837918,NORMAL
10250,0.9971021,0.001316051,0.0015818237,NORMAL
10251,0.9970222,0.001352327,0.0016254254,NORMAL
10252,0.9970223,0.001352327,0.0016254254,NORMAL
10253,0.99707925,0.0013264426,0.0015943137,NORMAL
10254,0.9970963,0.0013186772,0.0015849802,NORMAL
10255,0.9971014,0.0013163476,0.0015821801,NORMAL
10256,0.997103,0.0013156488,0.0015813401,NORMAL
10257,0.9966106,0.0015392988,0.0018501554,NORMAL
10258,0.99695575,0.0013825342,0.0016617328,NORMAL
10259,0.9970593,0.0013355047,0.0016052059,NORMAL
10260,0.9972453,0.0012249369,0.0015297305,NORMAL
10261,0.9968078,0.0015494935,0.001642665,NORMAL
10262,0.99711406,0.0013223039,0.0015636107,NORMAL
10263,0.99709475,0.0013476021,0.0015576686,NORMAL
10264,0.9971341,0.0012911174,0.0015748041,NORMAL
10265,0.99693596,0.0013991735,0.0016648662,NORMAL
10266,0.99714434,0.0012854147,0.0015702588,NORMAL
10267,0.99720687,0.0012512871,0.0015418765,NORMAL
10268,0.99691725,0.0014058615,0.0016769513,NORMAL
10269,0.99711514,0.0013342205,0.0015506682,NORMAL
10270,0.9967794,0.0015716699,0.0016489641,NORMAL
10271,0.99710554,0.0013289568,0.0015655006,NORMAL
10272,0.9969274,0.0014105254,0.0016620753,NORMAL
10273,0.9971305,0.0013000938,0.0015694043,NORMAL
10274,0.9972031,0.001255253,0.0015416208,NORMAL
10275,0.99690676,0.0014163861,0.0016768584,NORMAL
10276,0.99674326,0.0015698179,0.0016868662,NORMAL
10277,0.99707234,0.0013508669,0.0015768369,NORMAL
10278,0.99710363,0.0013153492,0.0015809801,NORMAL
10279,0.99710363,0.0013153492,0.0015809801,NORMAL
10280,0.99707574,0.0013280129,0.0015962007,NORMAL
10281,0.9970952,0.0013191483,0.0015855463,NORMAL
10282,0.9971011,0.001316489,0.00158235,NORMAL
10283,0.99710286,0.0013156912,0.0015813911,NORMAL
10284,0.99704456,0.0013421683,0.0016132152,NORMAL
10285,0.9970859,0.001323395,0.0015906506,NORMAL
10286,0.9970983,0.001317763,0.0015838813,NORMAL
10287,0.9970487,0.0013403371,0.0016110142,NORMAL
10288,0.99704874,0.0013403371,0.0016110142,NORMAL
10289,0.9970302,0.00134873,0.001621102,NORMAL
10290,0.99708164,0.0013253634,0.0015930167,NORMAL
10291,0.997097,0.0013183535,0.0015845911,NORMAL
10292,0.99710166,0.0013162505,0.0015820634,NORMAL
10293,0.99701756,0.001354442,0.0016279677,NORMAL
10294,0.9970778,0.001327077,0.0015950764,NORMAL
10295,0.99706715,0.0013319099,0.0016008847,NORMAL
10296,0.9965203,0.0017654363,0.0017142621,NORMAL
10297,0.9970278,0.0013870867,0.00158509,NORMAL
10298,0.9971801,0.0012735819,0.0015463383,NORMAL
10299,0.9971848,0.0012805152,0.0015346501,NORMAL
10300,0.9972272,0.0012416104,0.0015312063,NORMAL
10301,0.997016,0.0013295002,0.0016545078,NORMAL
10302,0.99707,0.0013481863,0.0015817962,NORMAL
10303,0.9971786,0.0012760352,0.0015453286,NORMAL
10304,0.9971163,0.0013345873,0.0015490386,NORMAL
10305,0.9971233,0.0013259932,0.0015506808,NORMAL
10306,0.9967012,0.0016336034,0.0016651877,NORMAL
10307,0.9970821,0.0013475369,0.0015703676,NORMAL
10308,0.9971964,0.0012617169,0.0015419216,NORMAL
10309,0.99717796,0.001288738,0.001533307,NORMAL
10310,0.9971626,0.0012765737,0.0015608367,NORMAL
10311,0.9967612,0.0015704896,0.0016682985,NORMAL
10312,0.9971001,0.0013286027,0.0015713009,NORMAL
10313,0.9972018,0.0012560367,0.0015422016,NORMAL
10314,0.99723166,0.0012386016,0.0015297097,NORMAL
10315,0.99724126,0.0012290364,0.0015297242,NORMAL
10316,0.9972217,0.0012486323,0.0015296943,NORMAL
10317,0.9971471,0.0013085441,0.0015443759,NORMAL
10318,0.9970963,0.0013396852,0.0015640846,NORMAL
10319,0.9971734,0.001271452,0.0015551369,NORMAL
10320,0.99722373,0.0012388915,0.0015373523,NORMAL
10321,0.9972117,0.0012412139,0.0015471173,NORMAL
10322,0.99723524,0.0012298201,0.0015349465,NORMAL
10323,0.9972337,0.0012366609,0.0015297127,NORMAL
10324,0.99724185,0.001228454,0.0015297252,NORMAL
10325,0.9972443,0.0012259921,0.0015297289,NORMAL
10326,0.99723685,0.0012334603,0.0015297176,NORMAL
10327,0.9972428,0.0012274939,0.0015297265,NORMAL
10328,0.9972446,0.001225704,0.0015297292,NORMAL
10329,0.9972451,0.0012251671,0.00152973,NORMAL
10330,0.99724525,0.001225006,0.0015297304,NORMAL
10331,0.9972453,0.0012249576,0.0015297304,NORMAL
10332,0.9969549,0.0014473486,0.001597693,NORMAL
10333,0.9968811,0.00148891,0.00162998,NORMAL
10334,0.99698615,0.0014469983,0.0015668329,NORMAL
10335,0.9970415,0.0014105459,0.0015479254,NORMAL
10336,0.99705815,0.0013996102,0.0015422532,NORMAL
10337,0.99694705,0.0014754415,0.0015774566,NORMAL
10338,0.9970225,0.0014263948,0.0015511012,NORMAL
10339,0.9970286,0.0014282437,0.0015431691,NORMAL
10340,0.997012,0.0014311348,0.0015568443,NORMAL
10341,0.9969522,0.0014633955,0.0015843908,NORMAL
10342,0.9969599,0.0014735913,0.0015665202,NORMAL
10343,0.9970021,0.001450067,0.0015477829,NORMAL
10344,0.9970463,0.0014114665,0.0015422103,NORMAL
10345,0.9969882,0.0014580126,0.0015538661,NORMAL
10346,0.9968281,0.001541367,0.0016305516,NORMAL
10347,0.99697655,0.001438832,0.0015845401,NORMAL
10348,0.9969021,0.0015151367,0.0015827449,NORMAL
10349,0.9968205,0.0015374506,0.0016420676,NORMAL
10350,0.9972343,0.0012360355,0.0015297136,NORMAL
10351,0.9969568,0.0013918151,0.0016513235,NORMAL
10352,0.997151,0.0012827694,0.0015661966,NORMAL
10353,0.99707186,0.0013729047,0.0015552426,NORMAL
10354,0.99717724,0.0012853773,0.0015373597,NORMAL
10355,0.9971483,0.0013050098,0.0015466982,NORMAL
10356,0.9972067,0.0012585241,0.0015348062,NORMAL
10357,0.99723375,0.0012350131,0.0015312532,NORMAL
10358,0.99691594,0.0014103141,0.0016737481,NORMAL
10359,0.9972337,0.0012366609,0.0015297127,NORMAL
10360,0.9972303,0.0012399144,0.0015297077,NORMAL
10361,0.9968033,0.0015539868,0.0016426581,NORMAL
10362,0.997105,0.0013314208,0.001563597,NORMAL
10363,0.99635124,0.0016819225,0.0019668792,NORMAL
10364,0.9961427,0.0019249353,0.0019323735,NORMAL
10365,0.9968107,0.0014856603,0.0017036725,NORMAL
10366,0.9963305,0.001840387,0.0018291522,NORMAL
10367,0.9969709,0.001409572,0.0016195569,NORMAL
10368,0.9970751,0.0013850641,0.0015398373,NORMAL
10369,0.99693775,0.001450101,0.0016121417,NORMAL
10370,0.9966457,0.0015945493,0.0017597595,NORMAL
10371,0.99663347,0.001591552,0.0017750048,NORMAL
10372,0.99694264,0.0014470106,0.0016103876,NORMAL
10373,0.9970041,0.0014221589,0.001573807,NORMAL
10374,0.9970417,0.0014083725,0.0015500096,NORMAL
10375,0.99699175,0.0014418908,0.001566293,NORMAL
10376,0.9970501,0.0014021122,0.001547774,NORMAL
10377,0.9968677,0.0015188453,0.0016134031,NORMAL
10378,0.99697554,0.001462587,0.0015618494,NORMAL
10379,0.9970453,0.001408321,0.0015464409,NORMAL
10380,0.99700296,0.0014419465,0.0015551589,NORMAL
10381,0.9970609,0.0013947564,0.0015444452,NORMAL
10382,0.99699676,0.0014471676,0.0015561198,NORMAL
10383,0.99679613,0.0015318379,0.001672023,NORMAL
10384,0.9969479,0.0014576095,0.001594441,NORMAL
10385,0.9970023,0.0014108694,0.0015867515,NORMAL
10386,0.99677366,0.0014989016,0.001727418,NORMAL
10387,0.9967904,0.0015108293,0.0016988104,NORMAL
10388,0.9970577,0.0013468597,0.0015955172,NORMAL
10389,0.9968091,0.0014979322,0.0016929333,NORMAL
10390,0.99661064,0.00153631,0.0018530615,NORMAL
10391,0.9969307,0.001427997,0.0016413347,NORMAL
10392,0.99702233,0.0013845852,0.0015931579,NORMAL
10393,0.9971416,0.0012946221,0.0015638438,NORMAL
10394,0.9967966,0.0015032862,0.0017001454,NORMAL
10395,0.99636084,0.0016912291,0.0019479223,NORMAL
10396,0.9965447,0.0016399166,0.0018153379,NORMAL
10397,0.996931,0.0014537785,0.001615253,NORMAL
10398,0.9967259,0.0015585156,0.0017155551,NORMAL
10399,0.99669147,0.0015624897,0.001746083,NORMAL
10400,0.9969796,0.0014111624,0.0016092795,NORMAL
10401,0.9971579,0.0012885735,0.0015535834,NORMAL
10402,0.99694306,0.0013984104,0.0016585,NORMAL
10403,0.9970697,0.0013472491,0.0015830274,NORMAL
10404,0.99705195,0.001408215,0.0015398017,NORMAL
10405,0.997052,0.0014081663,0.0015398018,NORMAL
10406,0.9966463,0.0015994884,0.0017542497,NORMAL
10407,0.99693507,0.0014608274,0.0016041435,NORMAL
10408,0.99691963,0.0014697316,0.0016106765,NORMAL
10409,0.9969737,0.0014478276,0.00157853,NORMAL
10410,0.9967377,0.0015352665,0.0017269443,NORMAL
10411,0.99689794,0.0014928351,0.0016092899,NORMAL
10412,0.99701726,0.0014221094,0.0015606659,NORMAL
10413,0.9970606,0.0013744975,0.0015648528,NORMAL
10414,0.9970546,0.0013980997,0.001547317,NORMAL
10415,0.99706423,0.0013936888,0.001542074,NORMAL
10416,0.99707925,0.0013802791,0.0015405198,NORMAL
10417,0.9969187,0.0014898144,0.0015915178,NORMAL
10418,0.997006,0.0014211789,0.0015728334,NORMAL
10419,0.9970617,0.001388526,0.0015497475,NORMAL
10420,0.9970549,0.0014023082,0.0015427854,NORMAL
10421,0.9970764,0.0013828649,0.0015407332,NORMAL
10422,0.99706525,0.0013949234,0.0015398222,NORMAL
10423,0.99706525,0.0013949234,0.0015398222,NORMAL
10424,0.9970199,0.0014403474,0.0015397521,NORMAL
10425,0.9970442,0.0014160334,0.0015397896,NORMAL
10426,0.9970515,0.0014087391,0.0015398009,NORMAL
10427,0.9970157,0.0014444921,0.0015397457,NORMAL
10428,0.9970504,0.001409794,0.0015397993,NORMAL
10429,0.997015,0.0014452608,0.0015397447,NORMAL
10430,0.99701667,0.001443632,0.0015397472,NORMAL
10431,0.99706525,0.0013949234,0.0015398222,NORMAL
10432,0.9970578,0.0014024063,0.0015398107,NORMAL
10433,0.99705553,0.001404651,0.0015398072,NORMAL
10434,0.9970623,0.0013978417,0.0015398177,NORMAL
10435,0.99702305,0.0014371454,0.001539757,NORMAL
10436,0.99702835,0.0014318662,0.0015397653,NORMAL
10437,0.9970348,0.0014254404,0.0015397752,NORMAL
10438,0.9970561,0.0014040786,0.001539808,NORMAL
10439,0.9970625,0.00139767,0.0015398179,NORMAL
10440,0.9969869,0.0014503673,0.0015626769,NORMAL
10441,0.9970417,0.0014115566,0.0015466786,NORMAL
10442,0.9970169,0.0014412599,0.0015418152,NORMAL
10443,0.99705076,0.0014088243,0.0015404201,NORMAL
10444,0.9970609,0.0013990937,0.0015400015,NORMAL
10445,0.9969925,0.0014543007,0.0015532034,NORMAL
10446,0.99703616,0.0014200525,0.0015438253,NORMAL
10447,0.9970565,0.0014024621,0.0015410231,NORMAL
10448,0.9970204,0.0014234004,0.0015562004,NORMAL
10449,0.9970439,0.0014162749,0.0015397893,NORMAL
10450,0.99705887,0.0014013288,0.0015398123,NORMAL
10451,0.9969139,0.0015036084,0.0015825104,NORMAL
10452,0.9970124,0.0014350116,0.0015526172,NORMAL
10453,0.9970494,0.00140695,0.0015436606,NORMAL
10454,0.9970407,0.0014183735,0.001540943,NORMAL
10455,0.9969733,0.0014706288,0.00155611,NORMAL
10456,0.99702615,0.0014291523,0.0015446907,NORMAL
10457,0.997036,0.0014051676,0.0015587818,NORMAL
10458,0.99710363,0.0013153492,0.0015809801,NORMAL
10459,0.99710363,0.0013153492,0.0015809801,NORMAL
10460,0.99710363,0.0013153492,0.0015809801,NORMAL
10461,0.99710363,0.0013153492,0.0015809801,NORMAL
10462,0.99710363,0.0013153492,0.0015809801,NORMAL
10463,0.99710363,0.0013153492,0.0015809801,NORMAL
10464,0.99710363,0.0013153492,0.0015809801,NORMAL
10465,0.99710363,0.0013153492,0.0015809801,NORMAL
10466,0.99710363,0.0013153492,0.0015809801,NORMAL
10467,0.99710363,0.0013153492,0.0015809801,NORMAL
10468,0.99710363,0.0013153492,0.0015809801,NORMAL
10469,0.99710363,0.0013153492,0.0015809801,NORMAL
10470,0.99710363,0.0013153492,0.0015809801,NORMAL
10471,0.99710363,0.0013153492,0.0015809801,NORMAL
10472,0.99710363,0.0013153492,0.0015809801,NORMAL
10473,0.99710363,0.0013153492,0.0015809801,NORMAL
10474,0.99710363,0.0013153492,0.0015809801,NORMAL
10475,0.99710363,0.0013153492,0.0015809801,NORMAL
10476,0.9966581,0.0016507828,0.0016911294,NORMAL
10477,0.99704194,0.0013647813,0.0015932503,NORMAL
10478,0.9966974,0.001640908,0.001661637,NORMAL
10479,0.9970809,0.0013497283,0.0015693024,NORMAL
10480,0.99718785,0.001270581,0.0015415896,NORMAL
10481,0.99675286,0.0016009787,0.0016461586,NORMAL
10482,0.9969802,0.0014405781,0.0015792744,NORMAL
10483,0.9970892,0.00135157,0.0015592725,NORMAL
10484,0.99707913,0.0013676533,0.0015531885,NORMAL
10485,0.9972108,0.0012594743,0.0015296777,NORMAL
10486,0.9972192,0.001251116,0.0015296906,NORMAL
10487,0.9972375,0.0012327906,0.0015297185,NORMAL
10488,0.9968776,0.0014547484,0.0016676645,NORMAL
10489,0.99713504,0.0012938804,0.0015711107,NORMAL
10490,0.9971707,0.0012720333,0.0015572223,NORMAL
10491,0.99711645,0.0013309462,0.0015526104,NORMAL
10492,0.9972067,0.0012567397,0.0015365945,NORMAL
10493,0.9972256,0.0012426845,0.0015317772,NORMAL
10494,0.99722517,0.0012451133,0.0015296997,NORMAL
10495,0.99683124,0.001526073,0.0016427055,NORMAL
10496,0.9971211,0.0013152778,0.001563623,NORMAL
10497,0.9971985,0.0012616045,0.0015398837,NORMAL
10498,0.9971117,0.0013256032,0.0015627369,NORMAL
10499,0.9971286,0.0013170775,0.0015543113,NORMAL
10500,0.9972103,0.0012525792,0.0015371047,NORMAL
10501,0.9972154,0.0012527099,0.0015319131,NORMAL
10502,0.9968462,0.0015104385,0.0016433999,NORMAL
10503,0.9972065,0.0012422092,0.0015513021,NORMAL
10504,0.9972337,0.0012301186,0.0015362019,NORMAL
10505,0.99718916,0.0012792584,0.001531591,NORMAL
10506,0.9971373,0.0013177319,0.001544945,NORMAL
10507,0.99713635,0.0013147162,0.0015489737,NORMAL
10508,0.9972031,0.001261436,0.0015354889,NORMAL
10509,0.9972212,0.0012473469,0.0015314405,NORMAL
10510,0.99714696,0.0013081585,0.0015448998,NORMAL
10511,0.9972158,0.0012499033,0.0015342813,NORMAL
10512,0.99697065,0.0014896179,0.0015396761,NORMAL
10513,0.99676,0.0015552234,0.0016848015,NORMAL
10514,0.99698067,0.0014359485,0.0015833268,NORMAL
10515,0.9969048,0.0014739909,0.0016212377,NORMAL
10516,0.9969983,0.0014374858,0.0015642177,NORMAL
10517,0.99686027,0.0014985962,0.0016411443,NORMAL
10518,0.99697393,0.0014383207,0.0015876986,NORMAL
10519,0.9969455,0.0014854437,0.0015690563,NORMAL
10520,0.9970017,0.0014336382,0.0015646333,NORMAL
10521,0.996914,0.0015054452,0.0015805,NORMAL
10522,0.9969838,0.0014492285,0.001566985,NORMAL
10523,0.997022,0.001430057,0.0015479419,NORMAL
10524,0.99705225,0.0014054636,0.0015422581,NORMAL
10525,0.9968362,0.0015408202,0.0016230587,NORMAL
10526,0.99677825,0.0015467599,0.0016749701,NORMAL
10527,0.99692476,0.0014788695,0.0015963656,NORMAL
10528,0.996959,0.0014709217,0.0015701241,NORMAL
10529,0.99698573,0.0014493582,0.0015649224,NORMAL
10530,0.99710363,0.0013153492,0.0015809801,NORMAL
10531,0.99701816,0.0013541715,0.0016276427,NORMAL
10532,0.997078,0.0013269959,0.0015949789,NORMAL
10533,0.99703896,0.0013447276,0.0016162914,NORMAL
10534,0.99708426,0.0013241627,0.0015915735,NORMAL
10535,0.99706316,0.0013337659,0.0016031156,NORMAL
10536,0.99709153,0.0013208742,0.0015876207,NORMAL
10537,0.9971,0.0013170068,0.0015829722,NORMAL
10538,0.9970146,0.0013558136,0.0016296161,NORMAL
10539,0.9970638,0.0013334402,0.0016027238,NORMAL
10540,0.99709165,0.0013207765,0.0015875032,NORMAL
10541,0.99698466,0.0013693903,0.0016459341,NORMAL
10542,0.99701095,0.001357446,0.001631578,NORMAL
10543,0.9970758,0.0013279782,0.0015961595,NORMAL
10544,0.9970953,0.0013191379,0.001585534,NORMAL
10545,0.99704415,0.0013423702,0.0016134579,NORMAL
10546,0.9970858,0.0013234555,0.0015907234,NORMAL
10547,0.9970983,0.0013177812,0.0015839031,NORMAL
10548,0.99710363,0.0013153492,0.0015809801,NORMAL
10549,0.99710363,0.0013153492,0.0015809801,NORMAL
10550,0.99704665,0.0013412336,0.0016120918,NORMAL
10551,0.9970865,0.0013231145,0.0015903136,NORMAL
10552,0.99705,0.0013397366,0.0016102925,NORMAL
10553,0.99708754,0.0013226655,0.0015897738,NORMAL
10554,0.9970988,0.0013175441,0.0015836182,NORMAL
10555,0.9971022,0.0013160077,0.0015817715,NORMAL
10556,0.9971032,0.0013155468,0.0015812175,NORMAL
10557,0.9970638,0.0013334402,0.0016027238,NORMAL
10558,0.99703467,0.0013466609,0.0016186149,NORMAL
10559,0.99708295,0.0013247427,0.0015922706,NORMAL
10560,0.99709743,0.0013181672,0.0015843672,NORMAL
10561,0.9970671,0.0013319673,0.0016009538,NORMAL
10562,0.99706477,0.0013329983,0.0016021929,NORMAL
10563,0.997092,0.0013206439,0.001587344,NORMAL
10564,0.9971001,0.0013169376,0.0015828894,NORMAL
10565,0.9970679,0.0013315985,0.0016005103,NORMAL
10566,0.9970541,0.0013378817,0.0016080622,NORMAL
10567,0.9970888,0.001322109,0.0015891048,NORMAL
10568,0.99709916,0.0013173772,0.0015834175,NORMAL
10569,0.9970676,0.0013317303,0.0016006688,NORMAL
10570,0.99709284,0.0013202636,0.0015868867,NORMAL
10571,0.9971004,0.0013168235,0.0015827521,NORMAL
10572,0.99701655,0.0013549146,0.001628535,NORMAL
10573,0.9969905,0.0013667425,0.0016427515,NORMAL
10574,0.99697495,0.0013737864,0.0016512177,NORMAL
10575,0.99710363,0.0013153492,0.0015809801,NORMAL
10576,0.99710363,0.0013153492,0.0015809801,NORMAL
10577,0.99702525,0.0013509714,0.0016237955,NORMAL
10578,0.9970231,0.0013519203,0.0016249364,NORMAL
10579,0.9970225,0.0013522049,0.0016252786,NORMAL
10580,0.9970793,0.0013264059,0.0015942696,NORMAL
10581,0.9970684,0.0013313299,0.0016001876,NORMAL
10582,0.9970004,0.0013622431,0.0016373433,NORMAL
10583,0.9970727,0.0013294173,0.0015978891,NORMAL
10584,0.99721754,0.001252766,0.001529688,NORMAL
10585,0.99722886,0.0012414923,0.0015297052,NORMAL
10586,0.9972327,0.0012376725,0.0015297111,NORMAL
10587,0.9967377,0.0014582321,0.0018040948,NORMAL
10588,0.996817,0.0014493079,0.0017336535,NORMAL
10589,0.9971168,0.0012922483,0.0015909073,NORMAL
10590,0.99719906,0.0012528993,0.0015480717,NORMAL
10591,0.99683094,0.0015207719,0.0016482301,NORMAL
10592,0.99704695,0.0013511034,0.0016019597,NORMAL
10593,0.9966042,0.0017047431,0.001691038,NORMAL
10594,0.9970448,0.0013770856,0.0015781103,NORMAL
10595,0.99634993,0.0018118726,0.0018382379,NORMAL
10596,0.996969,0.0014087866,0.0016222709,NORMAL
10597,0.9971547,0.0012878608,0.0015574808,NORMAL
10598,0.99714404,0.0012812301,0.0015747349,NORMAL
10599,0.9964305,0.0017790579,0.0017904709,NORMAL
10600,0.9970009,0.0013911732,0.0016079526,NORMAL
10601,0.9964099,0.0017895877,0.0018004784,NORMAL
10602,0.99710363,0.0013153492,0.0015809801,NORMAL
10603,0.99710363,0.0013153492,0.0015809801,NORMAL
10604,0.9970551,0.001337407,0.0016074924,NORMAL
10605,0.99698216,0.001370527,0.0016473009,NORMAL
10606,0.99701023,0.0013577869,0.001631988,NORMAL
10607,0.9970469,0.0013411229,0.0016119581,NORMAL
10608,0.99708664,0.0013230813,0.0015902736,NORMAL
10609,0.9970552,0.0013373687,0.0016074459,NORMAL
10610,0.9965962,0.0015458148,0.0018579873,NORMAL
10611,0.99710363,0.0013153492,0.0015809801,NORMAL
10612,0.99710363,0.0013153492,0.0015809801,NORMAL
10613,0.99710363,0.0013153492,0.0015809801,NORMAL
10614,0.99710363,0.0013153492,0.0015809801,NORMAL
10615,0.99710363,0.0013153492,0.0015809801,NORMAL
10616,0.99710363,0.0013153492,0.0015809801,NORMAL
10617,0.99710363,0.0013153492,0.0015809801,NORMAL
10618,0.99710363,0.0013153492,0.0015809801,NORMAL
10619,0.99698037,0.0013713205,0.0016482547,NORMAL
10620,0.99708563,0.001374532,0.0015398536,NORMAL
10621,0.99701667,0.0014435438,0.0015397472,NORMAL
10622,0.99703836,0.001421776,0.0015397808,NORMAL
10623,0.99695885,0.0014497688,0.001591381,NORMAL
10624,0.9970281,0.0014166555,0.0015552818,NORMAL
10625,0.99696445,0.0014548574,0.0015806895,NORMAL
10626,0.99695563,0.0014773312,0.0015669742,NORMAL
10627,0.99704665,0.0014053718,0.0015479898,NORMAL
10628,0.9970666,0.0013911565,0.001542283,NORMAL
10629,0.9968034,0.0015536059,0.001643005,NORMAL
10630,0.99697185,0.0014399176,0.0015882803,NORMAL
10631,0.99702936,0.001416361,0.0015543473,NORMAL
10632,0.9970614,0.0013944532,0.0015441903,NORMAL
10633,0.9970367,0.0014221821,0.0015410903,NORMAL
10634,0.99705666,0.001403101,0.0015402026,NORMAL
10635,0.9969145,0.0014772401,0.001608279,NORMAL
10636,0.99698377,0.0014384357,0.0015778288,NORMAL
10637,0.9970281,0.0014207023,0.0015512046,NORMAL
10638,0.99706525,0.0013949234,0.0015398222,NORMAL
10639,0.99697286,0.0014740711,0.0015531168,NORMAL
10640,0.99700403,0.001452275,0.0015437589,NORMAL
10641,0.9970346,0.0014243954,0.0015409843,NORMAL
10642,0.9968746,0.001519691,0.001605688,NORMAL
10643,0.99702233,0.0014180797,0.001559604,NORMAL
10644,0.9970449,0.0014093531,0.0015457452,NORMAL
10645,0.9970517,0.001406735,0.0015415875,NORMAL
10646,0.9970489,0.0014107334,0.0015403328,NORMAL
10647,0.9970174,0.0014429339,0.0015397483,NORMAL
10648,0.9969664,0.0014804483,0.001553107,NORMAL
10649,0.9970499,0.0014063069,0.0015438297,NORMAL
10650,0.9969782,0.0014658932,0.0015559113,NORMAL
10651,0.99700564,0.0014498216,0.0015445972,NORMAL
10652,0.9970079,0.0014509863,0.0015411937,NORMAL
10653,0.9970211,0.0014387309,0.001540192,NORMAL
10654,0.99705195,0.0014080657,0.0015399331,NORMAL
10655,0.9970159,0.0014442902,0.0015397854,NORMAL
10656,0.996851,0.0014454833,0.0017034644,NORMAL
10657,0.99712706,0.0012911009,0.0015818507,NORMAL
10658,0.9972003,0.0012543515,0.0015453519,NORMAL
10659,0.99721205,0.0012535382,0.0015343868,NORMAL
10660,0.9972272,0.001241724,0.0015311149,NORMAL
10661,0.9972133,0.0012417755,0.0015448856,NORMAL
10662,0.99674314,0.001587827,0.0016689899,NORMAL
10663,0.9970832,0.0013452643,0.0015714909,NORMAL
10664,0.99718255,0.0012751586,0.001542237,NORMAL
10665,0.9972453,0.0012249369,0.0015297305,NORMAL
10666,0.99683726,0.00152002,0.0016427148,NORMAL
10667,0.9971229,0.0013134618,0.0015636258,NORMAL
10668,0.9968184,0.001528664,0.0016529138,NORMAL
10669,0.99710953,0.001323824,0.0015666736,NORMAL
10670,0.9963626,0.0018494432,0.0017879438,NORMAL
10671,0.99698055,0.0014122888,0.0016071944,NORMAL
10672,0.99708927,0.0013430832,0.0015676486,NORMAL
10673,0.99674964,0.0015963321,0.0016540211,NORMAL
10674,0.99710363,0.0013153492,0.0015809801,NORMAL
10675,0.99710363,0.0013153492,0.0015809801,NORMAL
10676,0.99710363,0.0013153492,0.0015809801,NORMAL
10677,0.9963314,0.0016660499,0.0020025033,NORMAL
10678,0.99687195,0.0014205594,0.0017074371,NORMAL
10679,0.99703413,0.0013469122,0.0016189172,NORMAL
10680,0.9970828,0.0013248181,0.0015923613,NORMAL
10681,0.9970974,0.0013181899,0.0015843945,NORMAL
10682,0.99705327,0.0013382593,0.0016085168,NORMAL
10683,0.99710363,0.0013153492,0.0015809801,NORMAL
10684,0.99710363,0.0013153492,0.0015809801,NORMAL
10685,0.99710363,0.0013153492,0.0015809801,NORMAL
10686,0.99710363,0.0013153492,0.0015809801,NORMAL
10687,0.99710363,0.0013153492,0.0015809801,NORMAL
10688,0.99710363,0.0013153492,0.0015809801,NORMAL
10689,0.99710363,0.0013153492,0.0015809801,NORMAL
10690,0.99707574,0.0013280129,0.0015962007,NORMAL
10691,0.9970952,0.0013191483,0.0015855463,NORMAL
10692,0.9969848,0.0014563573,0.0015588951,NORMAL
10693,0.997048,0.001406452,0.0015455546,NORMAL
10694,0.99700373,0.0014413858,0.001554893,NORMAL
10695,0.9969182,0.0014858856,0.0015958658,NORMAL
10696,0.99701625,0.0014270885,0.0015566277,NORMAL
10697,0.99705744,0.0013976714,0.0015448744,NORMAL
10698,0.99697185,0.001435235,0.0015929209,NORMAL
10699,0.996896,0.0014572577,0.00164675,NORMAL
10700,0.99699223,0.0014230195,0.0015847192,NORMAL
10701,0.9968028,0.0015542422,0.0016430039,NORMAL
10702,0.9969435,0.001485854,0.0015707102,NORMAL
10703,0.99694854,0.0014874189,0.0015639791,NORMAL
10704,0.9969077,0.0014729402,0.0016193972,NORMAL
10705,0.9970249,0.0014114269,0.0015637053,NORMAL
10706,0.99705577,0.0013972882,0.0015469912,NORMAL
10707,0.9967359,0.0015667456,0.0016973815,NORMAL
10708,0.9969807,0.0014321961,0.001587112,NORMAL
10709,0.99703956,0.001406468,0.0015540086,NORMAL
10710,0.9970694,0.0013907445,0.0015398286,NORMAL
10711,0.9969317,0.0015000993,0.0015682526,NORMAL
10712,0.99698913,0.0014476248,0.0015633107,NORMAL
10713,0.996886,0.0014762053,0.0016378416,NORMAL
10714,0.99693424,0.0014560056,0.0016097375,NORMAL
10715,0.9969324,0.0014783295,0.0015892908,NORMAL
10716,0.9970254,0.0014199453,0.0015546627,NORMAL
10717,0.99704176,0.0014139472,0.0015442565,NORMAL
10718,0.99705076,0.0014081133,0.001541141,NORMAL
10719,0.99683607,0.0015208512,0.0016430588,NORMAL
10720,0.9969512,0.0014442354,0.0016045929,NORMAL
10721,0.9969995,0.0014412603,0.0015592047,NORMAL
10722,0.9970455,0.0014088245,0.0015456369,NORMAL
10723,0.9970478,0.001410611,0.0015415488,NORMAL
10724,0.99706,0.0013996297,0.0015403401,NORMAL
10725,0.9968281,0.0015454278,0.001626458,NORMAL
10726,0.9969702,0.0014640025,0.0015657761,NORMAL
10727,0.9970436,0.0014087457,0.0015476189,NORMAL
10728,0.99688524,0.0015012827,0.0016134315,NORMAL
10729,0.99702555,0.0014125572,0.0015619269,NORMAL
10730,0.9970099,0.0014308881,0.001559239,NORMAL
10731,0.99701816,0.0014361999,0.0015456001,NORMAL
10732,0.99696004,0.0014467936,0.0015931386,NORMAL
10733,0.9970032,0.0014409715,0.00155577,NORMAL
10734,0.9970434,0.0013944397,0.001562128,NORMAL
10735,0.997073,0.0013805043,0.0015465359,NORMAL
10736,0.997046,0.0013971629,0.0015568185,NORMAL
10737,0.99708563,0.001374532,0.0015398536,NORMAL
10738,0.99706817,0.0013745079,0.0015573531,NORMAL
10739,0.996997,0.0014446075,0.0015584126,NORMAL
10740,0.9970143,0.0014403156,0.0015453523,NORMAL
10741,0.9970467,0.001394243,0.0015590027,NORMAL
10742,0.9970033,0.001437723,0.0015589274,NORMAL
10743,0.99706095,0.0013934893,0.0015455757,NORMAL
10744,0.9970783,0.0013802192,0.0015415702,NORMAL
10745,0.99707174,0.0013879258,0.0015403506,NORMAL
10746,0.9970396,0.0013955362,0.00156482,NORMAL
10747,0.99705434,0.0013808091,0.0015648429,NORMAL
10748,0.9969897,0.0014469747,0.0015632994,NORMAL
10749,0.997021,0.0014171039,0.0015618475,NORMAL
10750,0.9970441,0.0014095168,0.0015464176,NORMAL
10751,0.99690104,0.0014849043,0.0016140707,NORMAL
10752,0.9970007,0.0014197058,0.0015795993,NORMAL
10753,0.99698955,0.0014453619,0.0015651064,NORMAL
10754,0.9968697,0.0014881644,0.0016421276,NORMAL
10755,0.99708563,0.001374532,0.0015398536,NORMAL
10756,0.99695647,0.001466468,0.0015771097,NORMAL
10757,0.9970348,0.0014141992,0.0015510118,NORMAL
10758,0.99697554,0.0014225682,0.0016018685,NORMAL
10759,0.99693227,0.0014576726,0.0016099949,NORMAL
10760,0.99702215,0.00139945,0.0015783955,NORMAL
10761,0.9970592,0.0013893798,0.0015514047,NORMAL
10762,0.996999,0.0014416937,0.0015592803,NORMAL
10763,0.9970597,0.0013946806,0.0015456816,NORMAL
10764,0.9954862,0.0020177898,0.002495946,NORMAL
10765,0.9962876,0.0017799106,0.0019325422,NORMAL
10766,0.9968515,0.0014833094,0.0016652064,NORMAL
10767,0.9970623,0.0013515623,0.001586084,NORMAL
10768,0.9970375,0.0013859469,0.0015765445,NORMAL
10769,0.9971558,0.0012853305,0.0015588749,NORMAL
10770,0.9971913,0.0012551456,0.001553574,NORMAL
10771,0.9972291,0.0012339995,0.0015368835,NORMAL
10772,0.99668086,0.0016582612,0.0016609587,NORMAL
10773,0.9953614,0.0021641634,0.0024744424,NORMAL
10774,0.99668014,0.0015067048,0.001813144,NORMAL
10775,0.9970616,0.0013235908,0.0016147329,NORMAL
10776,0.99717045,0.00127431,0.001555201,NORMAL
10777,0.9972087,0.0012538724,0.0015373501,NORMAL
10778,0.99723434,0.0012336175,0.0015320163,NORMAL
10779,0.99724203,0.0012275411,0.0015304162,NORMAL
10780,0.9972172,0.0012378087,0.0015450364,NORMAL
10781,0.9971304,0.0013206789,0.0015489548,NORMAL
10782,0.9972453,0.0012249369,0.0015297305,NORMAL
10783,0.99682105,0.0015361968,0.0016426875,NORMAL
10784,0.9970265,0.0014099785,0.0015634773,NORMAL
10785,0.9971797,0.0012804493,0.0015398546,NORMAL
10786,0.9972175,0.0012497974,0.0015327552,NORMAL
10787,0.9972288,0.0012406018,0.0015306254,NORMAL
10788,0.99722624,0.0012437599,0.0015299774,NORMAL
10789,0.9972396,0.0012305838,0.0015298045,NORMAL
10790,0.99719095,0.001279398,0.001529672,NORMAL
10791,0.9966581,0.0016507828,0.0016911294,NORMAL
10792,0.99679315,0.0015070732,0.0016997638,NORMAL
10793,0.99710965,0.0013095778,0.0015807404,NORMAL
10794,0.99720466,0.0012503292,0.0015450334,NORMAL
10795,0.99714196,0.0013090532,0.0015489777,NORMAL
10796,0.9971289,0.0013209112,0.0015501699,NORMAL
10797,0.9968202,0.001530899,0.001648877,NORMAL
10798,0.99711776,0.0013167255,0.0015654744,NORMAL
10799,0.9971716,0.0012728868,0.001555541,NORMAL
10800,0.9972453,0.0012249369,0.0015297305,NORMAL
10801,0.9972338,0.0012363972,0.001529713,NORMAL
10802,0.9971653,0.0012903158,0.0015444042,NORMAL
10803,0.9968312,0.0015217203,0.0016471474,NORMAL
10804,0.99711156,0.0013235372,0.0015649409,NORMAL
10805,0.9972052,0.001254517,0.0015402936,NORMAL
10806,0.9967581,0.0015961594,0.0016457699,NORMAL
10807,0.997008,0.0014128023,0.0015791986,NORMAL
10808,0.99717414,0.0012812965,0.0015445709,NORMAL
10809,0.9971527,0.0013176978,0.0015295885,NORMAL
10810,0.9971766,0.00129375,0.0015296252,NORMAL
10811,0.99710524,0.0013503695,0.0015443645,NORMAL
10812,0.9972033,0.0012625668,0.0015341206,NORMAL
10813,0.99718,0.0012889929,0.0015309667,NORMAL
10814,0.99722576,0.0012441537,0.0015301013,NORMAL
10815,0.9972395,0.0012307019,0.0015298417,NORMAL
10816,0.9972436,0.0012266664,0.0015297638,NORMAL
10817,0.99724483,0.0012254558,0.0015297404,NORMAL
10818,0.99702567,0.001390838,0.0015834562,NORMAL
10819,0.9970534,0.0013936978,0.0015529124,NORMAL
10820,0.9970341,0.0014061144,0.0015597902,NORMAL
10821,0.996981,0.0014327089,0.0015863259,NORMAL
10822,0.9970095,0.0014367461,0.0015537263,NORMAL
10823,0.9969623,0.0014382512,0.0015994502,NORMAL
10824,0.9970005,0.0014268354,0.0015726736,NORMAL
10825,0.996914,0.0013900216,0.001695961,NORMAL
10826,0.9970342,0.001379179,0.0015866859,NORMAL
10827,0.99706835,0.0013917984,0.001539827,NORMAL
10828,0.9970356,0.0014245668,0.0015397765,NORMAL
10829,0.9970593,0.0014008912,0.001539813,NORMAL
10830,0.9970296,0.0014156274,0.0015547824,NORMAL
10831,0.99705744,0.0013982094,0.0015443148,NORMAL
10832,0.99693537,0.0014553342,0.0016093388,NORMAL
10833,0.99639773,0.001714887,0.0018873396,NORMAL
10834,0.99664456,0.0015986343,0.0017567596,NORMAL
10835,0.99695337,0.0014417627,0.0016049254,NORMAL
10836,0.9970094,0.0013581269,0.0016323966,NORMAL
10837,0.9970754,0.0013281825,0.001596405,NORMAL
10838,0.99709517,0.0013191992,0.0015856076,NORMAL
10839,0.9970664,0.001332277,0.0016013258,NORMAL
10840,0.9970925,0.0013204275,0.0015870838,NORMAL
10841,0.99707156,0.001329915,0.0015984869,NORMAL
10842,0.99709404,0.001319719,0.0015862321,NORMAL
10843,0.9971008,0.0013166602,0.0015825557,NORMAL
10844,0.99710274,0.0013157425,0.0015814528,NORMAL
10845,0.99710363,0.0013153492,0.0015809801,NORMAL
10846,0.99710363,0.0013153492,0.0015809801,NORMAL
10847,0.99710363,0.0013153492,0.0015809801,NORMAL
10848,0.99704665,0.0013412336,0.0016120918,NORMAL
10849,0.9970865,0.0013231145,0.0015903136,NORMAL
10850,0.9970985,0.0013176788,0.0015837802,NORMAL
10851,0.99707425,0.0013287117,0.0015970408,NORMAL
10852,0.99700934,0.0013581803,0.0016324609,NORMAL
10853,0.9970753,0.0013281986,0.0015964244,NORMAL
10854,0.9972337,0.0012366609,0.0015297127,NORMAL
10855,0.99724185,0.001228454,0.0015297252,NORMAL
10856,0.99717635,0.0012793428,0.0015444042,NORMAL
10857,0.9972246,0.0012412587,0.0015341325,NORMAL
10858,0.99723136,0.0012376024,0.0015310394,NORMAL
10859,0.9968659,0.0014660193,0.0016680437,NORMAL
10860,0.99664986,0.0016441933,0.0017059561,NORMAL
10861,0.9969471,0.0014403799,0.0016125587,NORMAL
10862,0.9971559,0.0012895698,0.0015545789,NORMAL
10863,0.9972337,0.0012366609,0.0015297127,NORMAL
10864,0.99724185,0.001228454,0.0015297252,NORMAL
10865,0.99680054,0.0015148455,0.0016846205,NORMAL
10866,0.99707687,0.0013318788,0.0015912855,NORMAL
10867,0.99719477,0.0012570195,0.0015481969,NORMAL
10868,0.99710155,0.001333292,0.0015652166,NORMAL
10869,0.9967439,0.001538187,0.0017178908,NORMAL
10870,0.99699616,0.001376488,0.0016272705,NORMAL
10871,0.99717057,0.0012704022,0.0015589924,NORMAL
10872,0.9970004,0.0014598148,0.0015397221,NORMAL
10873,0.99700356,0.0014406061,0.0015558102,NORMAL
10874,0.9969499,0.0014895254,0.0015605511,NORMAL
10875,0.9969971,0.0014569113,0.0015459892,NORMAL
10876,0.9970448,0.0014135197,0.0015416723,NORMAL
10877,0.9970105,0.0014341822,0.001555317,NORMAL
10878,0.9968579,0.0015083665,0.0016338471,NORMAL
10879,0.9968466,0.0014944278,0.0016590025,NORMAL
10880,0.9970139,0.0014105007,0.0015755983,NORMAL
10881,0.9970477,0.001412447,0.0015397951,NORMAL
10882,0.99697125,0.0014730375,0.0015557592,NORMAL
10883,0.99703705,0.0014183577,0.0015446033,NORMAL
10884,0.9970233,0.001435561,0.0015412048,NORMAL
10885,0.9969927,0.0014333045,0.0015740131,NORMAL
10886,0.99703604,0.0014139205,0.0015500679,NORMAL
10887,0.9968009,0.001573751,0.0016253513,NORMAL
10888,0.9967216,0.0015856386,0.0016927652,NORMAL
10889,0.9969765,0.001437864,0.0015857271,NORMAL
10890,0.9972453,0.0012249369,0.0015297305,NORMAL
10891,0.9968184,0.0015388848,0.0016426829,NORMAL
10892,0.9970871,0.001349323,0.00156357,NORMAL
10893,0.9971591,0.0012859658,0.0015549643,NORMAL
10894,0.9970999,0.0013329117,0.0015672612,NORMAL
10895,0.99711055,0.0013338279,0.0015556461,NORMAL
10896,0.9972049,0.0012576042,0.0015375051,NORMAL
10897,0.9970754,0.001304941,0.0016197353,NORMAL
10898,0.99719435,0.0012489381,0.0015567319,NORMAL
10899,0.9964713,0.0017903122,0.001738417,NORMAL
10900,0.9969859,0.00140664,0.0016074367,NORMAL
10901,0.9965929,0.0017080263,0.0016990658,NORMAL
10902,0.99704957,0.0013698637,0.001580531,NORMAL
10903,0.9971866,0.001268415,0.0015449706,NORMAL
10904,0.99720824,0.0012574607,0.0015342728,NORMAL
10905,0.9965769,0.0016752469,0.0017477607,NORMAL
10906,0.9970023,0.0013878681,0.0016098545,NORMAL
10907,0.9971724,0.0012738162,0.0015537677,NORMAL
10908,0.9970541,0.0013378817,0.0016080622,NORMAL
10909,0.9970888,0.001322109,0.0015891048,NORMAL
10910,0.99707127,0.0013300409,0.0015986381,NORMAL
10911,0.9970939,0.0013197567,0.0015862775,NORMAL
10912,0.9971007,0.0013166715,0.0015825693,NORMAL
10913,0.99710274,0.0013157459,0.0015814569,NORMAL
10914,0.99710333,0.0013154682,0.0015811231,NORMAL
10915,0.99698186,0.0013706428,0.0016474396,NORMAL
10916,0.9970671,0.0013319373,0.0016009179,NORMAL
10917,0.9970626,0.001333981,0.0016033739,NORMAL
10918,0.9970913,0.0013209388,0.0015876982,NORMAL
10919,0.99709994,0.0013170261,0.0015829955,NORMAL
10920,0.9971025,0.0013158523,0.0015815848,NORMAL
10921,0.99710333,0.0013155001,0.0015811615,NORMAL
10922,0.9971036,0.0013153945,0.0015810345,NORMAL
10923,0.99707574,0.0013280264,0.001596217,NORMAL
10924,0.9966024,0.0015430121,0.0018546185,NORMAL
10925,0.99695325,0.001383648,0.0016630717,NORMAL
10926,0.99710363,0.0013153492,0.0015809801,NORMAL
10927,0.99707574,0.0013280129,0.0015962007,NORMAL
10928,0.99705684,0.0013366399,0.0016065702,NORMAL
10929,0.9970896,0.0013217364,0.0015886571,NORMAL
10930,0.9970139,0.0013560877,0.0016299458,NORMAL
10931,0.99707675,0.0013275708,0.0015956699,NORMAL
10932,0.9970185,0.0013540396,0.0016274835,NORMAL
10933,0.997028,0.0013497141,0.0016222842,NORMAL
10934,0.9970809,0.0013256588,0.0015933714,NORMAL
10935,0.99710363,0.0013153492,0.0015809801,NORMAL
10936,0.99704665,0.0013412336,0.0016120918,NORMAL
10937,0.99700105,0.0013619369,0.0016369761,NORMAL
10938,0.99699897,0.0013628879,0.0016381191,NORMAL
10939,0.9970722,0.0013296108,0.0015981218,NORMAL
10940,0.9970942,0.0013196277,0.0015861227,NORMAL
10941,0.99710083,0.0013166328,0.0015825229,NORMAL
10942,0.9971028,0.0013157343,0.001581443,NORMAL
10943,0.99633116,0.0016661655,0.002002642,NORMAL
10944,0.9969591,0.0014783524,0.0015626332,NORMAL
10945,0.9969423,0.0014594393,0.0015982485,NORMAL
10946,0.99687785,0.0014965131,0.001625689,NORMAL
10947,0.99702334,0.0014111263,0.0015656042,NORMAL
10948,0.9970549,0.0013975968,0.0015475601,NORMAL
10949,0.9970764,0.0013814515,0.0015421655,NORMAL
10950,0.99698085,0.0014416615,0.0015774756,NORMAL
10951,0.99667853,0.0015028575,0.0018186519,NORMAL
10952,0.9969635,0.0014130296,0.0016234932,NORMAL
10953,0.9968635,0.0015039553,0.0016326348,NORMAL
10954,0.99673533,0.0015659833,0.0016986642,NORMAL
10955,0.9969487,0.001446217,0.0016049738,NORMAL
10956,0.996871,0.0014843482,0.0016445847,NORMAL
10957,0.99702126,0.0014074768,0.001571273,NORMAL
10958,0.99684834,0.00151213,0.001639517,NORMAL
10959,0.99697256,0.001441644,0.0015857716,NORMAL
10960,0.9966401,0.0015934715,0.0017664424,NORMAL
10961,0.996952,0.0014402139,0.0016078302,NORMAL
10962,0.99706894,0.0013912286,0.0015398279,NORMAL
10963,0.9968859,0.0014848871,0.001629218,NORMAL
10964,0.9970257,0.0014076385,0.0015666629,NORMAL
10965,0.997008,0.001444162,0.0015478043,NORMAL
10966,0.9970381,0.00140686,0.0015550547,NORMAL
10967,0.99699473,0.0014203925,0.0015849252,NORMAL
10968,0.99696374,0.0014539206,0.0015823544,NORMAL
10969,0.9968784,0.001478094,0.0016435548,NORMAL
10970,0.99702346,0.0014056007,0.001570964,NORMAL
10971,0.99706525,0.0013949234,0.0015398222,NORMAL
10972,0.99705374,0.0014064407,0.0015398044,NORMAL
10973,0.9969329,0.0014757813,0.0015913387,NORMAL
10974,0.9969345,0.001458668,0.0016068602,NORMAL
10975,0.9968711,0.0015174825,0.0016114132,NORMAL
10976,0.9970139,0.0014247897,0.00156131,NORMAL
10977,0.99703753,0.0014161498,0.0015462495,NORMAL
10978,0.99661183,0.0016176361,0.0017705414,NORMAL
10979,0.99694353,0.0014474632,0.00160906,NORMAL
10980,0.9970932,0.0013561946,0.001550634,NORMAL
10981,0.99719965,0.0012643142,0.0015360016,NORMAL
10982,0.99714625,0.0013074896,0.0015462771,NORMAL
10983,0.9972156,0.0012497028,0.0015346945,NORMAL
10984,0.9966436,0.0016961267,0.0016602451,NORMAL
10985,0.9970293,0.0013867072,0.0015839722,NORMAL
10986,0.99708045,0.0013589044,0.0015606454,NORMAL
10987,0.99719584,0.0012651272,0.001539005,NORMAL
10988,0.99723047,0.001236994,0.0015325128,NORMAL
10989,0.9966355,0.001673434,0.0016910911,NORMAL
10990,0.99678636,0.0015138686,0.0016997524,NORMAL
10991,0.9970935,0.0013257399,0.0015807155,NORMAL
10992,0.99676675,0.0015589609,0.0016743073,NORMAL
10993,0.99702513,0.0013870848,0.0015877824,NORMAL
10994,0.9970035,0.0014348384,0.0015616708,NORMAL
10995,0.9963247,0.0018644978,0.0018107845,NORMAL
10996,0.996878,0.0014933038,0.001628703,NORMAL
10997,0.99713516,0.001305447,0.0015594222,NORMAL
10998,0.99710363,0.0013153492,0.0015809801,NORMAL
10999,0.99710363,0.0013153492,0.0015809801,NORMAL
11000,0.99710363,0.0013153492,0.0015809801,NORMAL
11001,0.9970749,0.0013283915,0.0015966558,NORMAL
11002,0.9970603,0.0013350346,0.0016046403,NORMAL
11003,0.99703366,0.0013471392,0.0016191899,NORMAL
11004,0.9968865,0.0014139672,0.0016995136,NORMAL
11005,0.9970038,0.0013607073,0.0016354977,NORMAL
11006,0.99707365,0.0013289567,0.0015973353,NORMAL
11007,0.99700075,0.0013620985,0.0016371702,NORMAL
11008,0.9970728,0.001329374,0.0015978371,NORMAL
11009,0.9970944,0.0013195567,0.0015860372,NORMAL
11010,0.9969611,0.0013800559,0.0016587535,NORMAL
11011,0.9969662,0.0013777803,0.0016560182,NORMAL
11012,0.99696136,0.0013800262,0.0016587181,NORMAL
11013,0.9969023,0.0014068304,0.0016909356,NORMAL
11014,0.99700856,0.0013585663,0.0016329242,NORMAL
11015,0.9970751,0.0013283144,0.0015965634,NORMAL
11016,0.99722517,0.0012451133,0.0015296997,NORMAL
11017,0.9972121,0.0012430805,0.0015448214,NORMAL
11018,0.99723536,0.00123038,0.0015342578,NORMAL
11019,0.99718964,0.0012793369,0.0015310078,NORMAL
11020,0.9968461,0.0014858869,0.0016680214,NORMAL
11021,0.9970901,0.0013236352,0.001586305,NORMAL
11022,0.99684733,0.001443586,0.0017091592,NORMAL
11023,0.9964123,0.0016078615,0.0019798498,NORMAL
11024,0.99699545,0.0013398143,0.0016647662,NORMAL
11025,0.99581546,0.002276202,0.0019083567,NORMAL
11026,0.99671626,0.0016257529,0.0016579608,NORMAL
11027,0.99708664,0.0013451817,0.0015681996,NORMAL
11028,0.9967439,0.0016019639,0.001654178,NORMAL
11029,0.99705946,0.0013584583,0.001582152,NORMAL
11030,0.99668044,0.0016445303,0.0016750062,NORMAL
11031,0.9970404,0.0013712281,0.0015884005,NORMAL
11032,0.9971567,0.0012809149,0.0015624317,NORMAL
11033,0.9972187,0.0012417303,0.0015395408,NORMAL
11034,0.99710363,0.0013153492,0.0015809801,NORMAL
11035,0.99710363,0.0013153492,0.0015809801,NORMAL
11036,0.99702317,0.0013518847,0.0016248933,NORMAL
11037,0.9970135,0.0013562542,0.0016301456,NORMAL
11038,0.9970281,0.0013496786,0.0016222422,NORMAL
11039,0.997081,0.001325648,0.0015933587,NORMAL
11040,0.9969755,0.0013735683,0.0016509563,NORMAL
11041,0.9969797,0.0013716373,0.0016486356,NORMAL
11042,0.9970665,0.0013322356,0.0016012768,NORMAL
11043,0.99710363,0.0013153492,0.0015809801,NORMAL
11044,0.997067,0.0013320163,0.0016010127,NORMAL
11045,0.9962795,0.0016896493,0.002030869,NORMAL
11046,0.9968564,0.0014276393,0.0017159468,NORMAL
11047,0.9970294,0.0013490362,0.0016214701,NORMAL
11048,0.9970814,0.0013254553,0.0015931271,NORMAL
11049,0.9970186,0.0013540032,0.0016274396,NORMAL
11050,0.99695486,0.0013829167,0.0016621925,NORMAL
11051,0.997059,0.0013356195,0.0016053438,NORMAL
11052,0.99708563,0.001374532,0.0015398536,NORMAL
11053,0.99706817,0.0013745079,0.0015573531,NORMAL
11054,0.99688804,0.0014716943,0.0016402921,NORMAL
11055,0.9970143,0.0014157672,0.0015699666,NORMAL
11056,0.9970108,0.0014227894,0.0015663307,NORMAL
11057,0.9970457,0.0013889851,0.0015652962,NORMAL
11058,0.99675703,0.0015400134,0.0017029158,NORMAL
11059,0.99673784,0.0015460756,0.0017160852,NORMAL
11060,0.9969813,0.001425995,0.0015927231,NORMAL
11061,0.9970221,0.0014130669,0.0015647924,NORMAL
11062,0.9970335,0.0014192086,0.0015472841,NORMAL
11063,0.9970626,0.0013953075,0.0015420713,NORMAL
11064,0.9969964,0.0014482089,0.0015554063,NORMAL
11065,0.99703014,0.0014079595,0.0015620012,NORMAL
11066,0.99699414,0.0014419436,0.0015639074,NORMAL
11067,0.9966435,0.0015950231,0.0017615084,NORMAL
11068,0.9967975,0.001505194,0.0016973263,NORMAL
11069,0.99699926,0.0014137307,0.0015870954,NORMAL
11070,0.99698216,0.0014567147,0.0015611434,NORMAL
11071,0.9970546,0.0013991868,0.0015462405,NORMAL
11072,0.99706894,0.0013893009,0.0015417583,NORMAL
11073,0.9969728,0.0014583181,0.001568897,NORMAL
11074,0.99680257,0.001521567,0.0016758797,NORMAL
11075,0.996856,0.0014910519,0.0016529544,NORMAL
11076,0.9969572,0.0014352957,0.0016075615,NORMAL
11077,0.9970153,0.0014070107,0.001577643,NORMAL
11078,0.9970646,0.0013842756,0.0015511904,NORMAL
11079,0.99701345,0.0014218052,0.0015647789,NORMAL
11080,0.99698997,0.0014453253,0.0015647418,NORMAL
11081,0.99704486,0.0014078565,0.0015473014,NORMAL
11082,0.99700284,0.0014418071,0.001555417,NORMAL
11083,0.99705344,0.001402087,0.0015445112,NORMAL
11084,0.9969846,0.0014607909,0.0015545475,NORMAL
11085,0.99691725,0.0014850195,0.0015977675,NORMAL
11086,0.9970033,0.0014219278,0.0015747049,NORMAL
11087,0.99706095,0.0013887507,0.001550309,NORMAL
11088,0.9972337,0.0012366609,0.0015297127,NORMAL
11089,0.9971503,0.0013201176,0.0015295849,NORMAL
11090,0.9972168,0.0012534912,0.0015296867,NORMAL
11091,0.9971224,0.0013332748,0.0015443205,NORMAL
11092,0.9970472,0.0013888335,0.0015640564,NORMAL
11093,0.9971744,0.0012855661,0.0015400108,NORMAL
11094,0.99673575,0.0016022206,0.0016620198,NORMAL
11095,0.9970653,0.0013502126,0.0015845175,NORMAL
11096,0.9971913,0.0012625196,0.0015461666,NORMAL
11097,0.99661946,0.0016894431,0.001691064,NORMAL
11098,0.99705756,0.0013642889,0.0015781305,NORMAL
11099,0.997189,0.0012667425,0.0015442504,NORMAL
11100,0.9967532,0.0015998271,0.0016469569,NORMAL
11101,0.9969976,0.0014228404,0.0015795409,NORMAL
11102,0.9971628,0.0012925147,0.0015446611,NORMAL
11103,0.9972206,0.0012452103,0.0015342096,NORMAL
11104,0.9971467,0.0013075175,0.0015457305,NORMAL
11105,0.99721575,0.0012497111,0.0015345304,NORMAL
11106,0.9972453,0.0012249369,0.0015297305,NORMAL
11107,0.9968028,0.0015545341,0.0016426565,NORMAL
11108,0.9969886,0.0014332068,0.0015782136,NORMAL
11109,0.9971428,0.0013129774,0.0015442364,NORMAL
11110,0.9971784,0.0012728483,0.001548807,NORMAL
11111,0.9970964,0.0012966171,0.0016070206,NORMAL
11112,0.9963937,0.0018262252,0.0017800739,NORMAL
11113,0.9968703,0.0014949895,0.001634794,NORMAL
11114,0.9971328,0.0013059527,0.0015612496,NORMAL
11115,0.9972453,0.0012249369,0.0015297305,NORMAL
11116,0.9972453,0.0012249369,0.0015297305,NORMAL
11117,0.9965861,0.0016337682,0.0017801162,NORMAL
11118,0.99704754,0.0013475863,0.0016048462,NORMAL
11119,0.9971588,0.0012738223,0.0015673654,NORMAL
11120,0.9971145,0.0013145058,0.0015710046,NORMAL
11121,0.99657035,0.0017416351,0.0016880295,NORMAL
11122,0.9969517,0.001456445,0.0015918765,NORMAL
11123,0.99683905,0.0014359079,0.0017251067,NORMAL
11124,0.9964295,0.0018564329,0.0017141058,NORMAL
11125,0.9969596,0.0014553706,0.0015849804,NORMAL
11126,0.9971242,0.0013144803,0.0015613928,NORMAL
11127,0.997056,0.0013748222,0.0015691371,NORMAL
11128,0.99715304,0.0012903158,0.0015566398,NORMAL
11129,0.9970981,0.0013342167,0.0015677637,NORMAL
11130,0.99720114,0.0012577209,0.0015411405,NORMAL
11131,0.99639374,0.0016568495,0.0019494519,NORMAL
11132,0.99698985,0.0013545107,0.0016556468,NORMAL
11133,0.99668795,0.0016208936,0.00169118,NORMAL
11134,0.9970781,0.001343724,0.0015781653,NORMAL
11135,0.99718106,0.0012746966,0.0015442393,NORMAL
11136,0.99685675,0.0014712785,0.0016719943,NORMAL
11137,0.9971287,0.0012988395,0.0015724096,NORMAL
11138,0.99709475,0.0013480734,0.0015571526,NORMAL
11139,0.99687254,0.0014177547,0.00170967,NORMAL
11140,0.9964673,0.001637028,0.0018956345,NORMAL
11141,0.9970119,0.0013485642,0.0016395017,NORMAL
11142,0.9971143,0.0013350557,0.0015506669,NORMAL
11143,0.99717885,0.0012700632,0.0015511116,NORMAL
11144,0.9969183,0.00140712,0.0016745662,NORMAL
11145,0.9971391,0.0012877986,0.0015731687,NORMAL
11146,0.99710476,0.0013377739,0.0015573911,NORMAL
11147,0.997103,0.0013443382,0.001552671,NORMAL
11148,0.99714994,0.0013135243,0.0015365318,NORMAL
11149,0.99650306,0.0015688429,0.0019280615,NORMAL
11150,0.9970226,0.0013281087,0.0016492298,NORMAL
11151,0.99700373,0.0013924331,0.0016037754,NORMAL
11152,0.9967476,0.0015454704,0.0017068681,NORMAL
11153,0.9967797,0.0014990369,0.0017212771,NORMAL
11154,0.9971056,0.0013071669,0.0015871944,NORMAL
11155,0.99680275,0.0015123829,0.0016848462,NORMAL
11156,0.99670184,0.0015840937,0.0017141242,NORMAL
11157,0.9969961,0.0014189826,0.0015849166,NORMAL
11158,0.9970335,0.0013902867,0.0015762192,NORMAL
11159,0.9971818,0.0012745418,0.0015436771,NORMAL
11160,0.9972453,0.0012249369,0.0015297305,NORMAL
11161,0.99717927,0.0012543178,0.0015664226,NORMAL
11162,0.9969495,0.0013881337,0.0016623519,NORMAL
11163,0.9971566,0.001273896,0.001569517,NORMAL
11164,0.9972187,0.0012396246,0.0015416665,NORMAL
11165,0.9972373,0.0012293432,0.0015333112,NORMAL
11166,0.9962391,0.0019403333,0.0018205215,NORMAL
11167,0.99683857,0.001514459,0.0016469515,NORMAL
11168,0.9971233,0.0013117936,0.0015648968,NORMAL
11169,0.99718684,0.0012834866,0.0015296409,NORMAL
11170,0.9972278,0.0012425019,0.0015297036,NORMAL
11171,0.99722064,0.0012496868,0.0015296927,NORMAL
11172,0.9971613,0.0012943026,0.001544398,NORMAL
11173,0.99720407,0.0012617967,0.0015341062,NORMAL
11174,0.99722517,0.0012437638,0.0015310314,NORMAL
11175,0.99639124,0.0018071753,0.0018015926,NORMAL
11176,0.99689794,0.0014761069,0.0016259454,NORMAL
11177,0.9971411,0.0013002879,0.001558595,NORMAL
11178,0.9972343,0.0012360355,0.0015297136,NORMAL
11179,0.9967028,0.0016383356,0.001658843,NORMAL
11180,0.9966444,0.0016742235,0.0016813976,NORMAL
11181,0.9969739,0.0014362214,0.0015898868,NORMAL
11182,0.9971639,0.0012883223,0.0015477773,NORMAL
11183,0.9970567,0.0013589088,0.0015843372,NORMAL
11184,0.9963988,0.0017834518,0.0018176964,NORMAL
11185,0.9962405,0.0017263703,0.0020330765,NORMAL
11186,0.9969439,0.0013753669,0.0016807343,NORMAL
11187,0.99708086,0.0013684814,0.0015506148,NORMAL
11188,0.99643385,0.0017827802,0.0017832771,NORMAL
11189,0.9969747,0.0014043804,0.0016208948,NORMAL
11190,0.9967553,0.001574621,0.0016700628,NORMAL
11191,0.9970465,0.0013619873,0.001591536,NORMAL
11192,0.997077,0.0013600304,0.0015629013,NORMAL
11193,0.9968545,0.0014961375,0.0016494099,NORMAL
11194,0.9962517,0.0017086931,0.002039623,NORMAL
11195,0.9969472,0.0013700638,0.0016826983,NORMAL
11196,0.9972453,0.0012249369,0.0015297305,NORMAL
11197,0.9972453,0.0012249369,0.0015297305,NORMAL
11198,0.9972453,0.0012249369,0.0015297305,NORMAL
11199,0.99723715,0.0012331437,0.001529718,NORMAL
11200,0.99715173,0.0013038975,0.0015443831,NORMAL
11201,0.99721724,0.0012486251,0.0015341262,NORMAL
11202,0.9972369,0.0012320434,0.0015310491,NORMAL
11203,0.9967487,0.0014467866,0.0018045149,NORMAL
11204,0.9970963,0.0012914918,0.0016121657,NORMAL
11205,0.99717003,0.0013003184,0.001529615,NORMAL
11206,0.9971461,0.0013094922,0.0015443747,NORMAL
11207,0.99721557,0.0012503035,0.0015341237,NORMAL
11208,0.99721694,0.0012520272,0.0015310188,NORMAL
11209,0.9971602,0.0012950047,0.0015447959,NORMAL
11210,0.9972083,0.0012574175,0.0015342326,NORMAL
11211,0.9972342,0.0012346811,0.001531081,NORMAL
11212,0.9972148,0.0012399508,0.0015452359,NORMAL
11213,0.99723613,0.001229441,0.0015343821,NORMAL
11214,0.99704224,0.0013432294,0.0016144906,NORMAL
11215,0.9966335,0.001528873,0.0018376238,NORMAL
11216,0.9969626,0.0013794063,0.0016579733,NORMAL
11217,0.9970614,0.0013345664,0.0016040781,NORMAL
11218,0.99704754,0.0013408143,0.0016115872,NORMAL
11219,0.9970581,0.001336031,0.001605838,NORMAL
11220,0.99688494,0.0014146708,0.0017003593,NORMAL
11221,0.99690056,0.0014076062,0.0016918681,NORMAL
11222,0.9970427,0.0013430263,0.0016142465,NORMAL
11223,0.9964096,0.0016305419,0.001959825,NORMAL
11224,0.99636686,0.0016499683,0.001983174,NORMAL
11225,0.9968826,0.0014157349,0.0017016383,NORMAL
11226,0.9970026,0.0013612376,0.001636135,NORMAL
11227,0.99701023,0.0013577684,0.0016319655,NORMAL
11228,0.9970469,0.0013411173,0.0016119515,NORMAL
11229,0.9970236,0.0013517323,0.0016247104,NORMAL
11230,0.9969941,0.0013651083,0.0016407879,NORMAL
11231,0.9970708,0.001330277,0.0015989225,NORMAL
11232,0.9972343,0.0012360355,0.0015297136,NORMAL
11233,0.99679184,0.0015406938,0.0016675161,NORMAL
11234,0.9971093,0.001319664,0.0015710662,NORMAL
11235,0.99692845,0.0014077375,0.0016637449,NORMAL
11236,0.9971503,0.0012797771,0.0015699348,NORMAL
11237,0.9971974,0.0012608693,0.001541762,NORMAL
11238,0.99673676,0.0014982687,0.0017649977,NORMAL
11239,0.9963453,0.0016869586,0.0019677312,NORMAL
11240,0.9969753,0.0013635434,0.0016611307,NORMAL
11241,0.9972453,0.0012249369,0.0015297305,NORMAL
11242,0.99723715,0.0012331437,0.001529718,NORMAL
11243,0.99619967,0.0018546004,0.0019457499,NORMAL
11244,0.9966465,0.0015773847,0.0017761344,NORMAL
11245,0.99706566,0.0013306712,0.0016036516,NORMAL
11246,0.9966876,0.0014861317,0.001826277,NORMAL
11247,0.9967521,0.0014856496,0.0017622552,NORMAL
11248,0.9970708,0.0013149531,0.0016142277,NORMAL
11249,0.997193,0.0012519418,0.0015550796,NORMAL
11250,0.9972115,0.0012588375,0.0015296787,NORMAL
11251,0.997227,0.0012433139,0.0015297025,NORMAL
11252,0.9971487,0.0013069486,0.0015443783,NORMAL
11253,0.9971927,0.0012732709,0.0015340886,NORMAL
11254,0.9969444,0.0014029858,0.0016526361,NORMAL
11255,0.9971551,0.0012783515,0.0015666021,NORMAL
11256,0.99682474,0.0014492741,0.0017259612,NORMAL
11257,0.9971192,0.0012922381,0.0015885998,NORMAL
11258,0.9972075,0.0012451273,0.0015473913,NORMAL
11259,0.9970745,0.0013530313,0.0015725312,NORMAL
11260,0.99646544,0.0017447013,0.0017899153,NORMAL
11261,0.9970036,0.0013886353,0.0016077741,NORMAL
11262,0.99702084,0.001380983,0.0015982467,NORMAL
11263,0.99684024,0.0014545133,0.0017053444,NORMAL
11264,0.9968387,0.0014573585,0.0017040127,NORMAL
11265,0.99712336,0.0012946634,0.0015820151,NORMAL
11266,0.99708915,0.0013355209,0.0015753764,NORMAL
11267,0.99719846,0.0012581121,0.0015434242,NORMAL
11268,0.99692947,0.0014779109,0.0015925919,NORMAL
11269,0.997017,0.0014273024,0.0015556415,NORMAL
11270,0.9970433,0.0014121198,0.0015445565,NORMAL
11271,0.99694324,0.0014859816,0.0015707832,NORMAL
11272,0.9969926,0.0014433895,0.00156407,NORMAL
11273,0.996928,0.0014953625,0.0015766373,NORMAL
11274,0.9970166,0.0014325379,0.0015508551,NORMAL
11275,0.99679923,0.0014733305,0.001727424,NORMAL
11276,0.99699974,0.0014041716,0.0015961247,NORMAL
11277,0.9970174,0.0014429339,0.0015397483,NORMAL
11278,0.99700093,0.0014432252,0.0015558059,NORMAL
11279,0.99704593,0.001409414,0.0015446173,NORMAL
11280,0.99701726,0.0014254858,0.0015572788,NORMAL
11281,0.9969945,0.0014470959,0.0015584102,NORMAL
11282,0.9969726,0.0014687014,0.0015587261,NORMAL
11283,0.9970374,0.0014170568,0.0015454934,NORMAL
11284,0.9968401,0.0015116031,0.0016483065,NORMAL
11285,0.997012,0.0014156534,0.0015723894,NORMAL
11286,0.9965881,0.0016970157,0.0017149216,NORMAL
11287,0.99695706,0.0014430592,0.0015999442,NORMAL
11288,0.9967208,0.0016155279,0.001663728,NORMAL
11289,0.9969388,0.0014767019,0.0015844959,NORMAL
11290,0.99713755,0.0013162843,0.001546136,NORMAL
11291,0.99682283,0.0015295108,0.0016476668,NORMAL
11292,0.9971104,0.0013245158,0.0015650989,NORMAL
11293,0.99708533,0.0013444766,0.0015703015,NORMAL
11294,0.99719733,0.0012607989,0.0015419017,NORMAL
11295,0.99661946,0.0016894431,0.001691064,NORMAL
11296,0.9969664,0.0014407873,0.0015927869,NORMAL
11297,0.99707055,0.0013661906,0.0015633038,NORMAL
11298,0.99718475,0.0012755198,0.00153979,NORMAL
11299,0.9971714,0.0012958947,0.001532663,NORMAL
11300,0.99722314,0.0012462243,0.0015306103,NORMAL
11301,0.99723864,0.0012313231,0.0015299944,NORMAL
11302,0.9972161,0.0012389434,0.0015449099,NORMAL
11303,0.99723655,0.0012291388,0.0015342843,NORMAL
11304,0.99710363,0.0013153492,0.0015809801,NORMAL
11305,0.99710363,0.0013153492,0.0015809801,NORMAL
11306,0.9970749,0.0013283915,0.0015966558,NORMAL
11307,0.997095,0.001319262,0.0015856829,NORMAL
11308,0.9966494,0.0015216827,0.0018289814,NORMAL
11309,0.99689054,0.0014121255,0.0016973,NORMAL
11310,0.9970118,0.0013570457,0.0016310967,NORMAL
11311,0.9970041,0.0013605827,0.0016353482,NORMAL
11312,0.99707377,0.0013289193,0.0015972906,NORMAL
11313,0.99710363,0.0013153492,0.0015809801,NORMAL
11314,0.99710363,0.0013153492,0.0015809801,NORMAL
11315,0.99707574,0.0013280129,0.0015962007,NORMAL
11316,0.9970952,0.0013191483,0.0015855463,NORMAL
11317,0.9971011,0.001316489,0.00158235,NORMAL
11318,0.99710286,0.0013156912,0.0015813911,NORMAL
11319,0.99703836,0.0013450112,0.0016166322,NORMAL
11320,0.9966607,0.0015165017,0.0018227549,NORMAL
11321,0.9969708,0.001375695,0.0016535125,NORMAL
11322,0.99706525,0.0013949234,0.0015398222,NORMAL
11323,0.9969986,0.0014456578,0.001555802,NORMAL
11324,0.99703777,0.0014176265,0.0015446045,NORMAL
11325,0.99704206,0.0014166804,0.0015412339,NORMAL
11326,0.997046,0.001413717,0.0015402266,NORMAL
11327,0.99705946,0.0014005615,0.0015399435,NORMAL
11328,0.99701357,0.0014305135,0.0015558645,NORMAL
11329,0.99675614,0.001470867,0.0017729888,NORMAL
11330,0.9969868,0.0014034326,0.0016097941,NORMAL
11331,0.99706525,0.0013949234,0.0015398222,NORMAL
11332,0.9970383,0.0014219121,0.0015397806,NORMAL
11333,0.99696565,0.001463393,0.0015709881,NORMAL
11334,0.99698913,0.0014617592,0.0015491006,NORMAL
11335,0.99703497,0.0014224569,0.0015425942,NORMAL
11336,0.99694073,0.0014890828,0.0015701945,NORMAL
11337,0.9970279,0.0014231713,0.0015489338,NORMAL
11338,0.9966779,0.0015269807,0.0017951345,NORMAL
11339,0.9969633,0.0014202666,0.0016164379,NORMAL
11340,0.99699926,0.0014209974,0.001579786,NORMAL
11341,0.9970355,0.0013999105,0.0015646492,NORMAL
11342,0.9970592,0.0013934943,0.0015472748,NORMAL
11343,0.99698985,0.0014402389,0.0015699891,NORMAL
11344,0.99694264,0.0014788895,0.0015784375,NORMAL
11345,0.9970307,0.0014179257,0.0015514102,NORMAL
11346,0.99695426,0.0014655073,0.0015802286,NORMAL
11347,0.99679697,0.0015237238,0.0016792791,NORMAL
11348,0.996999,0.0014192895,0.0015816812,NORMAL
11349,0.99706525,0.0013949234,0.0015398222,NORMAL
11350,0.9969861,0.0014428538,0.0015710202,NORMAL
11351,0.9969815,0.0014354923,0.0015829578,NORMAL
11352,0.9968611,0.0015205734,0.0016182842,NORMAL
11353,0.9969102,0.0014953947,0.001594396,NORMAL
11354,0.99702096,0.0014228773,0.0015561976,NORMAL
11355,0.99697256,0.0014693632,0.0015580498,NORMAL
11356,0.99691784,0.0014101781,0.0016720095,NORMAL
11357,0.9970353,0.0013852259,0.0015795004,NORMAL
11358,0.99720734,0.0012417975,0.0015507872,NORMAL
11359,0.99719906,0.001250117,0.0015507743,NORMAL
11360,0.997188,0.0012562028,0.0015557627,NORMAL
11361,0.9972199,0.0012425234,0.0015375277,NORMAL
11362,0.99695253,0.0013937616,0.0016536678,NORMAL
11363,0.9971497,0.0012833533,0.0015668999,NORMAL
11364,0.99544513,0.0023763562,0.0021785519,NORMAL
11365,0.99585533,0.002004027,0.0021406508,NORMAL
11366,0.9968283,0.001458664,0.0017130065,NORMAL
11367,0.9965507,0.0017583589,0.0016909472,NORMAL
11368,0.9969283,0.0014789419,0.0015927247,NORMAL
11369,0.99714243,0.0013089074,0.0015486169,NORMAL
11370,0.9972067,0.001257897,0.0015353847,NORMAL
11371,0.9971903,0.0012631924,0.0015465016,NORMAL
11372,0.9967085,0.0016271522,0.0016642918,NORMAL
11373,0.9969152,0.0014208094,0.0016640208,NORMAL
11374,0.99702936,0.0013860419,0.0015846338,NORMAL
11375,0.9971806,0.0012732684,0.0015462015,NORMAL
11376,0.9970477,0.001412447,0.0015397951,NORMAL
11377,0.9970485,0.0014116977,0.0015397962,NORMAL
11378,0.9969635,0.0014703809,0.0015661141,NORMAL
11379,0.9969633,0.0014756869,0.0015610373,NORMAL
11380,0.9970149,0.0014389945,0.0015461561,NORMAL
11381,0.9968687,0.0015240707,0.0016072396,NORMAL
11382,0.99690336,0.0014996859,0.0015969735,NORMAL
11383,0.9969106,0.0014809103,0.0016085263,NORMAL
11384,0.9970331,0.0014064455,0.0015604554,NORMAL
11385,0.9970137,0.0014251356,0.0015611928,NORMAL
11386,0.9970423,0.0014114699,0.0015462218,NORMAL
11387,0.9970461,0.0014121538,0.001541723,NORMAL
11388,0.99705946,0.0014000925,0.0015403924,NORMAL
11389,0.9970486,0.0014114202,0.0015399702,NORMAL
11390,0.9970071,0.0014531267,0.0015397845,NORMAL
11391,0.9966279,0.0016345299,0.0017374873,NORMAL
11392,0.99682796,0.0015213636,0.0016506804,NORMAL
11393,0.9970083,0.0014185815,0.0015731016,NORMAL
11394,0.9966355,0.001673434,0.0016910911,NORMAL
11395,0.9970624,0.001359486,0.0015781387,NORMAL
11396,0.9967824,0.0015603848,0.0016572373,NORMAL
11397,0.99710643,0.0013255712,0.0015679825,NORMAL
11398,0.99720365,0.0012551273,0.001541206,NORMAL
11399,0.9967576,0.0015963425,0.0016460436,NORMAL
11400,0.99709904,0.0013363586,0.0015646245,NORMAL
11401,0.99657464,0.0015370743,0.0018882608,NORMAL
11402,0.9970175,0.0013303806,0.0016520293,NORMAL
11403,0.9969957,0.0014538171,0.0015504824,NORMAL
11404,0.99717045,0.001293601,0.001535956,NORMAL
11405,0.9972229,0.0012455361,0.0015315982,NORMAL
11406,0.9971976,0.0012721014,0.001530228,NORMAL
11407,0.997231,0.0012390863,0.0015298796,NORMAL
11408,0.99681413,0.0015431297,0.0016427276,NORMAL
11409,0.9970888,0.0013324853,0.0015787298,NORMAL
11410,0.9971323,0.0012865823,0.0015811224,NORMAL
11411,0.99721146,0.0012434305,0.001545148,NORMAL
11412,0.99703205,0.0013478603,0.001620056,NORMAL
11413,0.9970822,0.0013251025,0.0015927029,NORMAL
11414,0.99689853,0.0014084799,0.0016929178,NORMAL
11415,0.9970421,0.0013432885,0.0016145614,NORMAL
11416,0.9970852,0.001323731,0.0015910545,NORMAL
11417,0.9970981,0.0013178638,0.0015840024,NORMAL
11418,0.9970165,0.0013549259,0.0016285493,NORMAL
11419,0.99684715,0.001395397,0.0017573986,NORMAL
11420,0.9970267,0.0013393635,0.0016339057,NORMAL
11421,0.99703205,0.0013478603,0.001620056,NORMAL
11422,0.9970822,0.0013251025,0.0015927029,NORMAL
11423,0.9970402,0.0013441596,0.0016156086,NORMAL
11424,0.9970846,0.0013239924,0.0015913687,NORMAL
11425,0.9969816,0.0013708156,0.0016476471,NORMAL
11426,0.99706703,0.0013319892,0.0016009803,NORMAL
11427,0.9961694,0.0017396464,0.0020909628,NORMAL
11428,0.9963305,0.0016664981,0.0020030423,NORMAL
11429,0.9968717,0.0014206939,0.0017075988,NORMAL
11430,0.9970638,0.0013334402,0.0016027238,NORMAL
11431,0.99709165,0.0013207765,0.0015875032,NORMAL
11432,0.99710006,0.0013169774,0.0015829371,NORMAL
11433,0.99710256,0.0013158377,0.0015815672,NORMAL
11434,0.99710333,0.0013154958,0.0015811563,NORMAL
11435,0.9971036,0.0013153933,0.001581033,NORMAL
11436,0.99706894,0.0013311352,0.0015999534,NORMAL
11437,0.9969716,0.001375343,0.0016530887,NORMAL
11438,0.997064,0.0013333473,0.0016026127,NORMAL
11439,0.99710363,0.0013153492,0.0015809801,NORMAL
11440,0.99710363,0.0013153492,0.0015809801,NORMAL
11441,0.99706024,0.0013350492,0.0016046579,NORMAL
11442,0.9970906,0.0013212592,0.0015880835,NORMAL
11443,0.99709976,0.0013171223,0.0015831111,NORMAL
11444,0.9971025,0.0013158811,0.0015816195,NORMAL
11445,0.99707544,0.0013281724,0.0015963926,NORMAL
11446,0.99709517,0.0013191962,0.0015856039,NORMAL
11447,0.99710107,0.0013165033,0.0015823672,NORMAL
11448,0.9970107,0.0014494976,0.001539738,NORMAL
11449,0.99696946,0.0014773493,0.001553112,NORMAL
11450,0.99702907,0.0014271339,0.0015437976,NORMAL
11451,0.996975,0.0014706402,0.0015543298,NORMAL
11452,0.9969362,0.001479111,0.0015846444,NORMAL
11453,0.9970213,0.0014254581,0.0015532608,NORMAL
11454,0.9967553,0.0015454356,0.0016993149,NORMAL
11455,0.99664617,0.0015767857,0.0017771113,NORMAL
11456,0.99695385,0.0014352081,0.0016110309,NORMAL
11457,0.9970137,0.0014251356,0.0015611928,NORMAL
11458,0.9969784,0.0014621133,0.0015595608,NORMAL
11459,0.9970461,0.0014081788,0.0015457544,NORMAL
11460,0.9970468,0.0014116252,0.0015415823,NORMAL
11461,0.99705464,0.0014050358,0.0015403423,NORMAL
11462,0.9970112,0.0014489049,0.0015398996,NORMAL
11463,0.99684286,0.0015270051,0.0016301009,NORMAL
11464,0.9968325,0.0015177203,0.0016498106,NORMAL
11465,0.99700975,0.0014174886,0.0015728406,NORMAL
11466,0.9972133,0.0012570306,0.0015296815,NORMAL
11467,0.99716806,0.0013023242,0.001529612,NORMAL
11468,0.9972222,0.0012481532,0.0015296949,NORMAL
11469,0.99707943,0.0013447084,0.0015758707,NORMAL
11470,0.9971956,0.0012608684,0.0015435725,NORMAL
11471,0.9972304,0.0012357164,0.001533883,NORMAL
11472,0.9969999,0.0013353284,0.0016647987,NORMAL
11473,0.99628264,0.001709902,0.0020074681,NORMAL
11474,0.9969565,0.0013704265,0.0016730517,NORMAL
11475,0.9970522,0.0013753152,0.0015724961,NORMAL
11476,0.9970873,0.0013554869,0.0015572027,NORMAL
11477,0.996949,0.0014195582,0.0016313917,NORMAL
11478,0.9970499,0.0013752037,0.0015748614,NORMAL
11479,0.9971013,0.0013407564,0.001557935,NORMAL
11480,0.99711096,0.0013361813,0.0015528481,NORMAL
11481,0.99669755,0.0016366098,0.001665838,NORMAL
11482,0.997081,0.0013484388,0.0015705627,NORMAL
11483,0.997196,0.0012619875,0.0015419801,NORMAL
11484,0.9969632,0.001477961,0.0015588613,NORMAL
11485,0.99696326,0.001477961,0.0015588613,NORMAL
11486,0.99703467,0.0014198347,0.0015455339,NORMAL
11487,0.9970486,0.0014098795,0.0015415242,NORMAL
11488,0.99704534,0.0014143563,0.0015403097,NORMAL
11489,0.9970592,0.0014007533,0.0015399684,NORMAL
11490,0.99701023,0.0014499266,0.001539784,NORMAL
11491,0.99694264,0.0014659826,0.0015913694,NORMAL
11492,0.9970428,0.0014019673,0.0015553084,NORMAL
11493,0.9970546,0.001405613,0.0015398057,NORMAL
11494,0.997062,0.0013981303,0.0015398172,NORMAL
11495,0.9969928,0.0014540118,0.0015531481,NORMAL
11496,0.9969641,0.0014787036,0.001557135,NORMAL
11497,0.9969927,0.0014462727,0.001561034,NORMAL
11498,0.9969721,0.0014684545,0.0015595132,NORMAL
11499,0.9970175,0.0014368249,0.0015456988,NORMAL
11500,0.9967849,0.001474107,0.001740901,NORMAL
11501,0.99699545,0.0014044045,0.0016001678,NORMAL
11502,0.9969693,0.0014727443,0.0015580341,NORMAL
11503,0.99685025,0.0014960704,0.0016536498,NORMAL
11504,0.9968625,0.0015120128,0.0016254771,NORMAL
11505,0.99697685,0.0014416089,0.0015815597,NORMAL
11506,0.9970199,0.0014277712,0.0015523143,NORMAL
11507,0.99701536,0.001423595,0.0015610394,NORMAL
11508,0.9969265,0.0014738606,0.001599715,NORMAL
11509,0.99688125,0.0014841676,0.0016345519,NORMAL
11510,0.99702436,0.0014074227,0.0015682632,NORMAL
11511,0.9968887,0.0015292652,0.0015820047,NORMAL
11512,0.9970044,0.0014431651,0.0015524647,NORMAL
11513,0.9969872,0.0014517333,0.0015610476,NORMAL
11514,0.9970142,0.001423525,0.0015622308,NORMAL
11515,0.99704474,0.0014087823,0.0015465367,NORMAL
11516,0.9969561,0.0014505507,0.0015934003,NORMAL
11517,0.9968307,0.0015050513,0.0016642332,NORMAL
11518,0.9965074,0.0016478841,0.0018446452,NORMAL
11519,0.9969122,0.0014565377,0.0016312911,NORMAL
